player_id,full_name,position,nfl_team,active,status,injury_status,practice_participation,depth_chart_position,depth_chart_order,league_1389740418316374016,league_1370453762442797056,league_1370218620990263296,league_1366076769534251008,league_1359546418284494848,free_agent_leagues,rostered_leagues,my_leagues,my_start_leagues,opponent_leagues,multi_league_free_agent,rostered_somewhere_free_somewhere
8110,Jake Ferguson,TE,DAL,True,Active,,,TE,1,START,OWNED,START,START,PREDRAFT,0,4,3,3,0,False,False
11566,Jayden Daniels,QB,WAS,True,Active,,,QB,1,BENCH,OWNED,OWNED,START,PREDRAFT,0,4,2,1,0,False,False
6770,Joe Burrow,QB,CIN,True,Active,,,QB,1,OWNED,START,START,OPP,PREDRAFT,0,4,2,2,1,False,False
6790,D'Andre Swift,RB,CHI,True,Active,Questionable,,RB,1,OWNED,OWNED,START,START,PREDRAFT,0,4,2,2,0,False,False
12519,Luther Burden,WR,CHI,True,Active,Questionable,,RWR,2,OWNED,OWNED,START,START,PREDRAFT,0,4,2,2,0,False,False
12526,Tetairoa McMillan,WR,CAR,True,Active,,,LWR,1,START,OWNED,OWNED,START,PREDRAFT,0,4,2,2,0,False,False
12497,Tory Horton,WR,SEA,True,Active,Questionable,,RWR,4,FA,BENCH,TAXI,OWNED,PREDRAFT,1,3,2,0,0,False,True
12544,LeQuint Allen,RB,JAX,True,Active,Questionable,,RB,3,FA,FA,TAXI,BENCH,PREDRAFT,2,2,2,0,0,True,True
13353,Chris Brazzell,WR,CAR,True,Inactive,IR,,,10,FA,FA,TAXI,TAXI,PREDRAFT,2,2,2,0,0,True,True
3294,Dak Prescott,QB,DAL,True,Active,,,QB,1,OWNED,OWNED,OWNED,START,PREDRAFT,0,4,1,1,0,False,False
6797,Justin Herbert,QB,LAC,True,Active,,,QB,1,START,OWNED,OWNED,OWNED,PREDRAFT,0,4,1,1,0,False,False
4199,Aaron Jones,RB,MIN,True,Active,,,RB,1,OWNED,START,OWNED,OPP,PREDRAFT,0,4,1,1,1,False,False
12527,Ashton Jeanty,RB,LV,True,Active,Questionable,,RB,1,START,OWNED,OWNED,OWNED,PREDRAFT,0,4,1,1,0,False,False
11584,Bucky Irving,RB,TB,True,Active,,,RB,1,OWNED,OWNED,START,OWNED,PREDRAFT,0,4,1,1,0,False,False
9224,Chase Brown,RB,CIN,True,Active,,,RB,1,OWNED,OWNED,START,OWNED,PREDRAFT,0,4,1,1,0,False,False
7594,Chuba Hubbard,RB,CAR,True,Active,Questionable,,RB,1,OWNED,OWNED,OWNED,BENCH,PREDRAFT,0,4,1,0,0,False,False
9226,De'Von Achane,RB,MIA,True,Active,,,RB,1,OPP,OWNED,OWNED,START,PREDRAFT,0,4,1,1,1,False,False
12533,Jacory Croskey-Merritt,RB,WAS,True,Active,Questionable,,RB,1,BENCH,OWNED,OWNED,OWNED,PREDRAFT,0,4,1,0,0,False,False
6813,Jonathan Taylor,RB,IND,True,Active,,,RB,1,OWNED,START,OPP,OWNED,PREDRAFT,0,4,1,1,1,False,False
11583,Jonathon Brooks,RB,CAR,True,Active,Questionable,,RB,2,OWNED,OWNED,OWNED,BENCH,PREDRAFT,0,4,1,0,0,False,False
8151,Kenneth Walker,RB,KC,True,Active,,,RB,1,START,OWNED,OWNED,OWNED,PREDRAFT,0,4,1,1,0,False,False
12507,Omarion Hampton,RB,LAC,True,Active,,,RB,1,OWNED,OWNED,START,OWNED,PREDRAFT,0,4,1,1,0,False,False
12512,Quinshon Judkins,RB,CLE,True,Active,,,RB,1,START,OWNED,OWNED,OWNED,PREDRAFT,0,4,1,1,0,False,False
7543,Travis Etienne,RB,NO,True,Active,,,RB,1,START,OWNED,OWNED,OWNED,PREDRAFT,0,4,1,1,0,False,False
9484,Tucker Kraft,TE,GB,True,Active,Questionable,,TE,1,OWNED,START,OWNED,OWNED,PREDRAFT,0,4,1,1,0,False,False
8142,Alec Pierce,WR,IND,True,Active,,,LWR,1,BENCH,OWNED,OWNED,OPP,PREDRAFT,0,4,1,0,1,False,False
7547,Amon-Ra St. Brown,WR,DET,True,Active,,,SWR,1,OWNED,OWNED,OWNED,START,PREDRAFT,0,4,1,1,0,False,False
5045,Courtland Sutton,WR,DEN,True,Active,,,LWR,2,OWNED,OWNED,BENCH,OWNED,PREDRAFT,0,4,1,0,0,False,False
5872,Deebo Samuel,WR,SF,True,Active,,,RWR,2,BENCH,OWNED,OWNED,OWNED,PREDRAFT,0,4,1,0,0,False,False
12514,Emeka Egbuka,WR,TB,True,Active,Questionable,,LWR,1,OWNED,OWNED,START,OWNED,PREDRAFT,0,4,1,1,0,False,False
8146,Garrett Wilson,WR,NYJ,True,Active,,,LWR,1,OWNED,OWNED,OWNED,BENCH,PREDRAFT,0,4,1,0,0,False,False
7564,Ja'Marr Chase,WR,CIN,True,Active,Questionable,,LWR,1,START,OWNED,OWNED,OPP,PREDRAFT,0,4,1,1,1,False,False
10222,Jayden Reed,WR,GB,True,Active,,,SWR,2,OWNED,OWNED,OWNED,BENCH,PREDRAFT,0,4,1,0,0,False,False
9500,Josh Downs,WR,IND,True,Active,Questionable,,SWR,2,OWNED,OWNED,BENCH,OWNED,PREDRAFT,0,4,1,0,0,False,False
13298,KC Concepcion,WR,CLE,True,Active,,,SWR,2,BENCH,OWNED,OWNED,OWNED,PREDRAFT,0,4,1,0,0,False,False
11632,Malik Nabers,WR,NYG,True,Active,Questionable,,LWR,1,OWNED,START,OWNED,OWNED,PREDRAFT,0,4,1,1,0,False,False
11628,Marvin Harrison,WR,ARI,True,Active,,,LWR,1,OWNED,START,OWNED,OWNED,PREDRAFT,0,4,1,1,0,False,False
2216,Mike Evans,WR,SF,True,Active,Questionable,,LWR,1,OWNED,OWNED,OWNED,BENCH,PREDRAFT,0,4,1,0,0,False,False
9487,Parker Washington,WR,JAX,True,Active,,,SWR,1,OWNED,OWNED,START,OWNED,PREDRAFT,0,4,1,1,0,False,False
9997,Zay Flowers,WR,BAL,True,Active,Questionable,,SWR,1,OWNED,OWNED,OPP,START,PREDRAFT,0,4,1,1,1,False,False
1373,Geno Smith,QB,NYJ,True,Active,,,QB,1,FA,OWNED,START,OPP,PREDRAFT,1,3,1,1,1,False,True
6768,Tua Tagovailoa,QB,ATL,True,Active,,,QB,1,FA,BENCH,OWNED,OWNED,PREDRAFT,1,3,1,0,0,False,True
4035,Alvin Kamara,RB,NO,True,Active,Questionable,,RB,4,FA,OWNED,BENCH,OWNED,PREDRAFT,1,3,1,0,0,False,True
10219,Chris Rodriguez,RB,JAX,True,Active,,,RB,2,FA,OWNED,OWNED,BENCH,PREDRAFT,1,3,1,0,0,False,True
11435,Emanuel Wilson,RB,SEA,True,Active,Questionable,,RB,3,FA,OWNED,BENCH,OWNED,PREDRAFT,1,3,1,0,0,False,True
13337,Emmett Johnson,RB,KC,True,Active,,,RB,2,FA,OWNED,OWNED,TAXI,PREDRAFT,1,3,1,0,0,False,True
8205,Isiah Pacheco,RB,DET,True,Inactive,IR,,RB,4,FA,OWNED,BENCH,OWNED,PREDRAFT,1,3,1,0,0,False,True
11237,Jacob Saylors,RB,DET,True,Active,,,RB,3,FA,START,OWNED,OWNED,PREDRAFT,1,3,1,1,0,False,True
8800,Malik Davis,RB,DAL,True,Active,,,RB,2,FA,BENCH,OWNED,OWNED,PREDRAFT,1,3,1,0,0,False,True
9225,Tank Bigsby,RB,PHI,True,Active,,,RB,2,FA,BENCH,OWNED,OWNED,PREDRAFT,1,3,1,0,0,False,True
12474,Woody Marks,RB,HOU,True,Active,,,RB,2,FA,OWNED,OWNED,BENCH,PREDRAFT,1,3,1,0,0,False,True
9753,Zach Charbonnet,RB,SEA,True,Active,PUP,,RB,4,FA,IR,OWNED,OWNED,PREDRAFT,1,3,1,0,0,False,True
11603,AJ Barner,TE,SEA,True,Active,,,TE,1,FA,OWNED,BENCH,OWNED,PREDRAFT,1,3,1,0,0,False,True
5001,Dalton Schultz,TE,HOU,True,Active,,,TE,1,FA,OWNED,BENCH,OWNED,PREDRAFT,1,3,1,0,0,False,True
2505,Darren Waller,TE,CAR,True,Active,,,TE,1,FA,OWNED,OWNED,BENCH,PREDRAFT,1,3,1,0,0,False,True
7600,Pat Freiermuth,TE,PIT,True,Active,,,TE,1,FA,OWNED,OWNED,BENCH,PREDRAFT,1,3,1,0,0,False,True
4950,Christian Kirk,WR,SF,True,Inactive,IR,,SWR,7,FA,OWNED,IR,OWNED,PREDRAFT,1,3,1,0,0,False,True
11834,Devaughn Vele,WR,NO,True,Active,,,SWR,2,FA,OWNED,BENCH,OWNED,PREDRAFT,1,3,1,0,0,False,True
11610,Malik Washington,WR,MIA,True,Active,,,SWR,1,FA,OWNED,OWNED,BENCH,PREDRAFT,1,3,1,0,0,False,True
13276,Omar Cooper,WR,NYJ,True,Active,,,SWR,3,FA,OWNED,TAXI,OWNED,PREDRAFT,1,3,1,0,0,False,True
12492,Pat Bryant,WR,DEN,True,Active,,,SWR,3,FA,OWNED,OWNED,BENCH,PREDRAFT,1,3,1,0,0,False,True
7571,Rashod Bateman,WR,BAL,True,Active,,,LWR,2,FA,OWNED,OWNED,BENCH,PREDRAFT,1,3,1,0,0,False,True
11533,Brandon Aubrey,K,DAL,True,Active,,,K,1,START,OWNED,FA,FA,PREDRAFT,2,2,1,1,0,True,True
8259,Cameron Dicker,K,LAC,True,Active,Questionable,,K,1,OWNED,START,FA,FA,PREDRAFT,2,2,1,1,0,True,True
13272,Carson Beck,QB,ARI,True,Active,,,QB,3,FA,FA,OWNED,TAXI,PREDRAFT,2,2,1,0,0,True,True
4017,Deshaun Watson,QB,CLE,True,Active,,,QB,1,FA,FA,OWNED,BENCH,PREDRAFT,2,2,1,0,0,True,True
2306,Jameis Winston,QB,NYG,True,Active,,,QB,2,FA,FA,BENCH,OWNED,PREDRAFT,2,2,1,0,0,True,True
1166,Kirk Cousins,QB,LV,True,Active,,,QB,1,FA,FA,BENCH,OWNED,PREDRAFT,2,2,1,0,0,True,True
7527,Mac Jones,QB,SF,True,Active,,,QB,2,FA,FA,OWNED,BENCH,PREDRAFT,2,2,1,0,0,True,True
9757,Kendre Miller,RB,NO,True,Active,Questionable,,RB,2,FA,OWNED,BENCH,FA,PREDRAFT,2,2,1,0,0,True,True
10235,Roschon Johnson,RB,CHI,True,Active,,,RB,3,FA,FA,OWNED,BENCH,PREDRAFT,2,2,1,0,0,True,True
6826,Cole Kmet,TE,CHI,True,Active,,,TE,2,FA,FA,BENCH,OWNED,PREDRAFT,2,2,1,0,0,True,True
13421,Eli Raridon,TE,NE,True,Active,,,TE,2,FA,FA,OWNED,TAXI,PREDRAFT,2,2,1,0,0,True,True
13349,Eli Stowers,TE,PHI,True,Active,Questionable,,TE,2,FA,FA,OWNED,TAXI,PREDRAFT,2,2,1,0,0,True,True
8172,Greg Dulcich,TE,MIA,True,Active,,,TE,1,FA,BENCH,OWNED,FA,PREDRAFT,2,2,1,0,0,True,True
13282,Jack Endries,TE,CIN,True,Active,,,TE,4,FA,FA,OWNED,TAXI,PREDRAFT,2,2,1,0,0,True,True
13533,Barion Brown,WR,NO,True,Active,,,SWR,4,FA,BENCH,OWNED,FA,PREDRAFT,2,2,1,0,0,True,True
9502,Tank Dell,WR,HOU,True,Inactive,IR,,SWR,5,FA,FA,IR,OWNED,PREDRAFT,2,2,1,0,0,True,True
PHI,Philadelphia Eagles,DEF,PHI,True,,,,,,START,FA,FA,FA,PREDRAFT,3,1,1,1,0,True,True
12494,Kyle McCord,QB,MIA,True,Active,,,QB,3,FA,FA,BENCH,FA,PREDRAFT,3,1,1,0,0,True,True
5995,Justice Hill,RB,BAL,True,Active,,,RB,2,FA,FA,BENCH,FA,PREDRAFT,3,1,1,0,0,True,True
13342,John Michael Gyllenborg,TE,KC,True,Inactive,IR,,TE,5,FA,FA,TAXI,FA,PREDRAFT,3,1,1,0,0,True,True
9481,Luke Musgrave,TE,GB,True,Active,PUP,,TE,4,FA,FA,IR,FA,PREDRAFT,3,1,1,0,0,True,True
13075,Myles Price,WR,MIN,True,Active,,,SWR,6,FA,START,FA,FA,PREDRAFT,3,1,1,1,0,True,True
4892,Baker Mayfield,QB,TB,True,Active,,,QB,1,OWNED,OWNED,OWNED,OWNED,PREDRAFT,0,4,0,0,0,False,False
11563,Bo Nix,QB,DEN,True,Active,,,QB,1,OWNED,OWNED,OWNED,OWNED,PREDRAFT,0,4,0,0,0,False,False
8183,Brock Purdy,QB,SF,True,Active,,,QB,1,OWNED,OWNED,OWNED,OWNED,PREDRAFT,0,4,0,0,0,False,False
11560,Caleb Williams,QB,CHI,True,Active,,,QB,1,OWNED,OWNED,OWNED,OWNED,PREDRAFT,0,4,0,0,0,False,False
11564,Drake Maye,QB,NE,True,Active,,,QB,1,OWNED,OWNED,OWNED,OWNED,PREDRAFT,0,4,0,0,0,False,False
6904,Jalen Hurts,QB,PHI,True,Active,,,QB,1,OPP,OWNED,OWNED,OWNED,PREDRAFT,0,4,0,0,1,False,False
3163,Jared Goff,QB,DET,True,Active,,,QB,1,OWNED,OWNED,OPP,OWNED,PREDRAFT,0,4,0,0,1,False,False
12508,Jaxson Dart,QB,NYG,True,Active,,,QB,1,OPP,OWNED,OWNED,OWNED,PREDRAFT,0,4,0,0,1,False,False
6804,Jordan Love,QB,GB,True,Active,,,QB,1,OWNED,OWNED,OWNED,OWNED,PREDRAFT,0,4,0,0,0,False,False
4984,Josh Allen,QB,BUF,True,Active,,,QB,1,OWNED,OWNED,OWNED,OWNED,PREDRAFT,0,4,0,0,0,False,False
4881,Lamar Jackson,QB,BAL,True,Active,,,QB,1,OWNED,OWNED,OPP,OWNED,PREDRAFT,0,4,0,0,1,False,False
421,Matthew Stafford,QB,LAR,True,Active,,,QB,1,OWNED,OWNED,OWNED,OWNED,PREDRAFT,0,4,0,0,0,False,False
4046,Patrick Mahomes,QB,KC,True,Active,Questionable,,QB,1,OWNED,OWNED,OWNED,OWNED,PREDRAFT,0,4,0,0,0,False,False
7523,Trevor Lawrence,QB,JAX,True,Active,,,QB,1,OWNED,OWNED,OWNED,OPP,PREDRAFT,0,4,0,0,1,False,False
12490,Bhayshul Tuten,RB,JAX,True,Active,Questionable,,RB,1,OWNED,OWNED,OWNED,OWNED,PREDRAFT,0,4,0,0,0,False,False
9509,Bijan Robinson,RB,ATL,True,Active,,,RB,1,OWNED,OWNED,OWNED,OWNED,PREDRAFT,0,4,0,0,0,False,False
11586,Blake Corum,RB,LAR,True,Active,,,RB,2,OWNED,OWNED,OWNED,OWNED,PREDRAFT,0,4,0,0,0,False,False
8155,Breece Hall,RB,NYJ,True,Active,Questionable,,RB,1,OWNED,OWNED,OWNED,OPP,PREDRAFT,0,4,0,0,1,False,False
12481,Cam Skattebo,RB,NYG,True,Active,,,RB,1,OPP,OWNED,OWNED,OPP,PREDRAFT,0,4,0,0,2,False,False
4034,Christian McCaffrey,RB,SF,True,Active,Questionable,,RB,1,OWNED,OWNED,OPP,OWNED,PREDRAFT,0,4,0,0,1,False,False
5892,David Montgomery,RB,HOU,True,Active,,,RB,1,OWNED,OWNED,OWNED,OWNED,PREDRAFT,0,4,0,0,0,False,False
3198,Derrick Henry,RB,BAL,True,Active,,,RB,1,OWNED,OWNED,OWNED,OPP,PREDRAFT,0,4,0,0,1,False,False
6806,J.K. Dobbins,RB,DEN,True,Active,,,RB,1,OWNED,OWNED,OWNED,OPP,PREDRAFT,0,4,0,0,1,False,False
13286,Jadarian Price,RB,SEA,True,Active,,,RB,1,OWNED,OWNED,OWNED,OWNED,PREDRAFT,0,4,0,0,0,False,False
9221,Jahmyr Gibbs,RB,DET,True,Active,,,RB,1,OWNED,OWNED,OWNED,OWNED,PREDRAFT,0,4,0,0,0,False,False
8138,James Cook,RB,BUF,True,Active,,,RB,1,OWNED,OWNED,OWNED,OWNED,PREDRAFT,0,4,0,0,0,False,False
7588,Javonte Williams,RB,DAL,True,Active,,,RB,1,OWNED,OWNED,OWNED,OWNED,PREDRAFT,0,4,0,0,0,False,False
8228,Jaylen Warren,RB,PIT,True,Active,,,RB,2,OWNED,OWNED,OWNED,OWNED,PREDRAFT,0,4,0,0,0,False,False
13287,Jeremiyah Love,RB,ARI,True,Active,Questionable,,RB,1,OWNED,OWNED,OWNED,OWNED,PREDRAFT,0,4,0,0,0,False,False
8408,Jordan Mason,RB,MIN,True,Active,,,RB,2,OWNED,OWNED,OPP,OWNED,PREDRAFT,0,4,0,0,1,False,False
5850,Josh Jacobs,RB,GB,True,Active,NA,,RB,4,OWNED,OWNED,OWNED,OWNED,PREDRAFT,0,4,0,0,0,False,False
7567,Kenny Gainwell,RB,TB,True,Active,,,RB,2,OWNED,OWNED,OWNED,OWNED,PREDRAFT,0,4,0,0,0,False,False
12534,Kyle Monangai,RB,CHI,True,Active,Questionable,,RB,2,OWNED,OWNED,OWNED,OWNED,PREDRAFT,0,4,0,0,0,False,False
8150,Kyren Williams,RB,LAR,True,Active,,,RB,1,OWNED,OWNED,OWNED,OWNED,PREDRAFT,0,4,0,0,0,False,False
11581,MarShawn Lloyd,RB,GB,True,Active,,,RB,1,OWNED,OWNED,OWNED,OWNED,PREDRAFT,0,4,0,0,0,False,False
12489,RJ Harvey,RB,DEN,True,Active,,,RB,2,OWNED,OWNED,OWNED,OWNED,PREDRAFT,0,4,0,0,0,False,False
8136,Rachaad White,RB,WAS,True,Active,Questionable,,RB,2,OWNED,OWNED,OWNED,OWNED,PREDRAFT,0,4,0,0,0,False,False
7611,Rhamondre Stevenson,RB,NE,True,Active,,,RB,1,OWNED,OWNED,OWNED,OWNED,PREDRAFT,0,4,0,0,0,False,False
7021,Rico Dowdle,RB,PIT,True,Active,,,RB,1,OPP,OWNED,OPP,OWNED,PREDRAFT,0,4,0,0,2,False,False
4866,Saquon Barkley,RB,PHI,True,Active,,,RB,1,OWNED,OWNED,OWNED,OWNED,PREDRAFT,0,4,0,0,0,False,False
5967,Tony Pollard,RB,TEN,True,Active,,,RB,1,OWNED,OWNED,OWNED,OWNED,PREDRAFT,0,4,0,0,0,False,False
12529,TreVeyon Henderson,RB,NE,True,Active,Questionable,,RB,2,OWNED,OWNED,OWNED,OWNED,PREDRAFT,0,4,0,0,0,False,False
11604,Brock Bowers,TE,LV,True,Active,,,TE,1,OWNED,OWNED,OWNED,OWNED,PREDRAFT,0,4,0,0,0,False,False
12517,Colston Loveland,TE,CHI,True,Active,,,TE,1,OWNED,OWNED,OWNED,OWNED,PREDRAFT,0,4,0,0,0,False,False
5022,Dallas Goedert,TE,PHI,True,Active,,,TE,1,OPP,OWNED,OWNED,OPP,PREDRAFT,0,4,0,0,2,False,False
10236,Dalton Kincaid,TE,BUF,True,Active,,,TE,1,OWNED,OWNED,OWNED,OWNED,PREDRAFT,0,4,0,0,0,False,False
4217,George Kittle,TE,SF,True,Active,Questionable,,TE,1,OWNED,OWNED,OWNED,OPP,PREDRAFT,0,4,0,0,1,False,False
12506,Harold Fannin,TE,CLE,True,Active,,,TE,1,OWNED,OWNED,OWNED,OWNED,PREDRAFT,0,4,0,0,0,False,False
3214,Hunter Henry,TE,NE,True,Active,,,TE,1,OWNED,OWNED,OWNED,OWNED,PREDRAFT,0,4,0,0,0,False,False
8131,Isaiah Likely,TE,NYG,True,Active,,,TE,1,OWNED,OWNED,OWNED,OWNED,PREDRAFT,0,4,0,0,0,False,False
7553,Kyle Pitts,TE,ATL,True,Active,,,TE,1,OPP,OWNED,OWNED,OWNED,PREDRAFT,0,4,0,0,1,False,False
5012,Mark Andrews,TE,BAL,True,Active,,,TE,1,OWNED,OWNED,OPP,OWNED,PREDRAFT,0,4,0,0,1,False,False
10859,Sam LaPorta,TE,DET,True,Active,Questionable,,TE,1,OWNED,OWNED,OWNED,OWNED,PREDRAFT,0,4,0,0,0,False,False
1466,Travis Kelce,TE,KC,True,Active,,,TE,1,OWNED,OWNED,OWNED,OWNED,PREDRAFT,0,4,0,0,0,False,False
8130,Trey McBride,TE,ARI,True,Active,,,TE,1,OWNED,OWNED,OPP,OWNED,PREDRAFT,0,4,0,0,1,False,False
12518,Tyler Warren,TE,IND,True,Active,Questionable,,TE,1,OWNED,OWNED,OWNED,OWNED,PREDRAFT,0,4,0,0,0,False,False
5859,A.J. Brown,WR,NE,True,Active,,,LWR,1,OWNED,OWNED,OWNED,OWNED,PREDRAFT,0,4,0,0,0,False,False
11631,Brian Thomas,WR,JAX,True,Active,,,LWR,2,OWNED,OWNED,OWNED,OWNED,PREDRAFT,0,4,0,0,0,False,False
13279,Carnell Tate,WR,TEN,True,Active,Questionable,,LWR,1,OWNED,OWNED,OWNED,OWNED,PREDRAFT,0,4,0,0,0,False,False
6786,CeeDee Lamb,WR,DAL,True,Active,,,LWR,1,OWNED,OWNED,OWNED,OWNED,PREDRAFT,0,4,0,0,0,False,False
4037,Chris Godwin,WR,TB,True,Active,,,SWR,2,OWNED,OWNED,OWNED,OWNED,PREDRAFT,0,4,0,0,0,False,False
8144,Chris Olave,WR,NO,True,Active,,,LWR,1,OWNED,OWNED,OWNED,OWNED,PREDRAFT,0,4,0,0,0,False,False
8167,Christian Watson,WR,GB,True,Active,,,LWR,1,OPP,OWNED,OWNED,OWNED,PREDRAFT,0,4,0,0,1,False,False
4983,DJ Moore,WR,BUF,True,Active,,,LWR,1,OWNED,OWNED,OWNED,OWNED,PREDRAFT,0,4,0,0,0,False,False
5846,DK Metcalf,WR,PIT,True,Active,Questionable,,LWR,1,OWNED,OWNED,OWNED,OWNED,PREDRAFT,0,4,0,0,0,False,False
2133,Davante Adams,WR,LAR,True,Active,,,RWR,2,OWNED,OWNED,OWNED,OWNED,PREDRAFT,0,4,0,0,0,False,False
7525,DeVonta Smith,WR,PHI,True,Active,,,LWR,1,OWNED,OWNED,OWNED,OWNED,PREDRAFT,0,4,0,0,0,False,False
8112,Drake London,WR,ATL,True,Active,,,LWR,1,OPP,OWNED,OWNED,OPP,PREDRAFT,0,4,0,0,2,False,False
8137,George Pickens,WR,DAL,True,Active,,,RWR,2,OWNED,OWNED,OWNED,OWNED,PREDRAFT,0,4,0,0,0,False,False
5947,Jakobi Meyers,WR,JAX,True,Active,Questionable,,RWR,3,OWNED,OWNED,OWNED,OWNED,PREDRAFT,0,4,0,0,0,False,False
11646,Jalen Coker,WR,CAR,True,Active,,,SWR,2,OWNED,OWNED,OWNED,OPP,PREDRAFT,0,4,0,0,1,False,False
8148,Jameson Williams,WR,DET,True,Active,,,RWR,2,OWNED,OWNED,OWNED,OWNED,PREDRAFT,0,4,0,0,0,False,False
9488,Jaxon Smith-Njigba,WR,SEA,True,Active,,,LWR,1,OWNED,OWNED,OWNED,OWNED,PREDRAFT,0,4,0,0,0,False,False
7526,Jaylen Waddle,WR,DEN,True,Active,,,RWR,1,OPP,OWNED,OWNED,OWNED,PREDRAFT,0,4,0,0,1,False,False
9756,Jordan Addison,WR,MIN,True,Active,,,RWR,2,OWNED,OWNED,OPP,OWNED,PREDRAFT,0,4,0,0,1,False,False
13281,Jordyn Tyson,WR,NO,True,Inactive,IR,,RWR,10,OWNED,OWNED,OWNED,OWNED,PREDRAFT,0,4,0,0,0,False,False
6794,Justin Jefferson,WR,MIN,True,Active,,,LWR,1,OWNED,OWNED,OWNED,OWNED,PREDRAFT,0,4,0,0,0,False,False
8134,Khalil Shakir,WR,BUF,True,Active,Questionable,,SWR,2,OWNED,OWNED,OWNED,OWNED,PREDRAFT,0,4,0,0,0,False,False
11635,Ladd McConkey,WR,LAC,True,Active,,,SWR,1,OWNED,OWNED,OWNED,OWNED,PREDRAFT,0,4,0,0,0,False,False
13294,Makai Lemon,WR,PHI,True,Active,,,SWR,3,OWNED,OWNED,OWNED,OWNED,PREDRAFT,0,4,0,0,0,False,False
12501,Matthew Golden,WR,GB,True,Active,,,RWR,3,OWNED,OWNED,OWNED,OWNED,PREDRAFT,0,4,0,0,0,False,False
6819,Michael Pittman,WR,PIT,True,Active,Questionable,,RWR,2,OWNED,OWNED,OWNED,OWNED,PREDRAFT,0,4,0,0,0,False,False
10232,Michael Wilson,WR,ARI,True,Active,,,RWR,2,OWNED,OWNED,OPP,OWNED,PREDRAFT,0,4,0,0,1,False,False
7569,Nico Collins,WR,HOU,True,Active,,,LWR,1,OWNED,OWNED,OWNED,OWNED,PREDRAFT,0,4,0,0,0,False,False
9493,Puka Nacua,WR,LAR,True,Active,Questionable,,LWR,1,OWNED,OWNED,OWNED,OWNED,PREDRAFT,0,4,0,0,0,False,False
9754,Quentin Johnston,WR,LAC,True,Active,,,LWR,2,OWNED,OWNED,OWNED,OPP,PREDRAFT,0,4,0,0,1,False,False
10229,Rashee Rice,WR,KC,True,Active,,,SWR,1,OPP,OWNED,OWNED,OPP,PREDRAFT,0,4,0,0,2,False,False
11620,Rome Odunze,WR,CHI,True,Active,Questionable,,LWR,1,OWNED,OWNED,OPP,OWNED,PREDRAFT,0,4,0,0,1,False,False
8121,Romeo Doubs,WR,NE,True,Active,,,RWR,2,OWNED,OWNED,OWNED,OWNED,PREDRAFT,0,4,0,0,0,False,False
2449,Stefon Diggs,WR,WAS,True,Active,,,RWR,2,OPP,OWNED,OWNED,OWNED,PREDRAFT,0,4,0,0,1,False,False
6801,Tee Higgins,WR,CIN,True,Active,Questionable,,RWR,2,OWNED,OWNED,OWNED,OWNED,PREDRAFT,0,4,0,0,0,False,False
5927,Terry McLaurin,WR,WAS,True,Active,,,LWR,1,OWNED,OWNED,OWNED,OWNED,PREDRAFT,0,4,0,0,0,False,False
10213,Tre Tucker,WR,LV,True,Active,,,RWR,1,OPP,OWNED,OWNED,OWNED,PREDRAFT,0,4,0,0,1,False,False
8126,Wan'Dale Robinson,WR,TEN,True,Active,Questionable,,SWR,2,OWNED,OWNED,OWNED,OWNED,PREDRAFT,0,4,0,0,0,False,False
96,Aaron Rodgers,QB,PIT,True,Active,,,QB,1,FA,OWNED,OWNED,OWNED,PREDRAFT,1,3,0,0,0,False,True
9228,Bryce Young,QB,CAR,True,Active,,,QB,1,FA,OWNED,OWNED,OWNED,PREDRAFT,1,3,0,0,0,False,True
9758,C.J. Stroud,QB,HOU,True,Active,,,QB,1,FA,OWNED,OWNED,OWNED,PREDRAFT,1,3,0,0,0,False,True
12522,Cam Ward,QB,TEN,True,Active,,,QB,1,FA,OWNED,OWNED,OWNED,PREDRAFT,1,3,0,0,0,False,True
5870,Daniel Jones,QB,IND,True,Active,,,QB,1,FA,OWNED,OWNED,OPP,PREDRAFT,1,3,0,0,1,False,True
13269,Fernando Mendoza,QB,LV,True,Active,,,QB,2,FA,OWNED,OWNED,OWNED,PREDRAFT,1,3,0,0,0,False,True
3257,Jacoby Brissett,QB,ARI,True,Active,,,QB,1,FA,OWNED,OWNED,OWNED,PREDRAFT,1,3,0,0,0,False,True
5849,Kyler Murray,QB,MIN,True,Active,,,QB,1,FA,OWNED,OWNED,OWNED,PREDRAFT,1,3,0,0,0,False,True
8161,Malik Willis,QB,MIA,True,Active,,,QB,1,FA,OWNED,OWNED,OWNED,PREDRAFT,1,3,0,0,0,False,True
4943,Sam Darnold,QB,SEA,True,Active,,,QB,1,FA,OWNED,OWNED,OWNED,PREDRAFT,1,3,0,0,0,False,True
12545,Tyler Shough,QB,NO,True,Active,,,QB,1,FA,OWNED,OWNED,OWNED,PREDRAFT,1,3,0,0,0,False,True
11576,Braelon Allen,RB,NYJ,True,Active,,,RB,2,FA,OWNED,OWNED,OWNED,PREDRAFT,1,3,0,0,0,False,True
12455,Brashard Smith,RB,KC,True,Active,,,RB,3,FA,OWNED,OWNED,OWNED,PREDRAFT,1,3,0,0,0,False,True
8154,Brian Robinson,RB,ATL,True,Active,,,RB,2,FA,OWNED,OWNED,OWNED,PREDRAFT,1,3,0,0,0,False,True
11370,Chris Brooks,RB,GB,True,Active,,,RB,2,FA,OWNED,OWNED,OWNED,PREDRAFT,1,3,0,0,0,False,True
13347,Demond Claiborne,RB,MIN,True,Active,,,RB,3,FA,OWNED,OWNED,OWNED,PREDRAFT,1,3,0,0,0,False,True
12476,Devin Neal,RB,,True,Inactive,Questionable,,,,FA,OWNED,OWNED,OWNED,PREDRAFT,1,3,0,0,0,False,True
12469,Dylan Sampson,RB,CLE,True,Active,,,RB,2,FA,OWNED,OWNED,OWNED,PREDRAFT,1,3,0,0,0,False,True
12457,Jaydon Blue,RB,PHI,True,Active,,,,,FA,OWNED,OWNED,OWNED,PREDRAFT,1,3,0,0,0,False,True
11643,Jaylen Wright,RB,MIA,True,Active,,,RB,2,FA,OWNED,OWNED,OWNED,PREDRAFT,1,3,0,0,0,False,True
13345,Jonah Coleman,RB,DEN,True,Active,,,RB,3,FA,OWNED,OWNED,OWNED,PREDRAFT,1,3,0,0,0,False,True
12467,Jordan James,RB,SF,True,Active,,,RB,4,FA,OWNED,OWNED,OWNED,PREDRAFT,1,3,0,0,0,False,True
12504,Kaleb Johnson,RB,GB,True,Active,,,RB,3,FA,OWNED,OWNED,OWNED,PREDRAFT,1,3,0,0,0,False,True
13405,Kaytron Allen,RB,WAS,True,Active,,,RB,3,FA,OWNED,OWNED,OWNED,PREDRAFT,1,3,0,0,0,False,True
9511,Keaton Mitchell,RB,LAC,True,Active,Questionable,,RB,2,FA,OWNED,OWNED,OWNED,PREDRAFT,1,3,0,0,0,False,True
13305,Mike Washington,RB,LV,True,Active,,,RB,2,FA,OWNED,OWNED,OWNED,PREDRAFT,1,3,0,0,0,False,True
7528,Najee Harris,RB,NYG,True,Active,,,RB,3,FA,OWNED,OPP,OWNED,PREDRAFT,1,3,0,0,1,False,True
13288,Nicholas Singleton,RB,TEN,True,Active,,,RB,3,FA,OWNED,OWNED,OPP,PREDRAFT,1,3,0,0,1,False,True
11575,Ray Davis,RB,BUF,True,Active,,,RB,3,FA,OWNED,OWNED,OWNED,PREDRAFT,1,3,0,0,0,False,True
9508,Tyjae Spears,RB,TEN,True,Active,,,RB,2,FA,OWNED,OWNED,OWNED,PREDRAFT,1,3,0,0,0,False,True
8132,Tyler Allgeier,RB,ARI,True,Active,,,RB,2,FA,OWNED,OWNED,OWNED,PREDRAFT,1,3,0,0,0,False,True
11655,Tyrone Tracy,RB,NYG,True,Active,Questionable,,RB,2,FA,OWNED,OWNED,OWNED,PREDRAFT,1,3,0,0,0,False,True
9480,Brenton Strange,TE,JAX,True,Active,,,TE,1,FA,OWNED,OWNED,OWNED,PREDRAFT,1,3,0,0,0,False,True
8111,Cade Otton,TE,TB,True,Active,,,TE,1,FA,OWNED,OWNED,OWNED,PREDRAFT,1,3,0,0,0,False,True
8210,Chig Okonkwo,TE,WAS,True,Active,,,TE,1,FA,OWNED,OWNED,OWNED,PREDRAFT,1,3,0,0,0,False,True
4033,David Njoku,TE,LAC,True,Active,,,TE,2,FA,OWNED,OWNED,OWNED,PREDRAFT,1,3,0,0,0,False,True
12502,Gunnar Helm,TE,TEN,True,Active,,,TE,1,FA,OWNED,OWNED,OWNED,PREDRAFT,1,3,0,0,0,False,True
8698,Jake Tonges,TE,SF,True,Active,,,TE,2,FA,OWNED,OWNED,OWNED,PREDRAFT,1,3,0,0,0,False,True
7002,Juwan Johnson,TE,NO,True,Active,,,TE,1,FA,OWNED,OWNED,OWNED,PREDRAFT,1,3,0,0,0,False,True
13330,Kenyon Sadiq,TE,NYJ,True,Active,Questionable,,TE,2,FA,OWNED,OWNED,OWNED,PREDRAFT,1,3,0,0,0,False,True
12498,Mason Taylor,TE,NYJ,True,Active,,,TE,1,FA,OWNED,OWNED,OWNED,PREDRAFT,1,3,0,0,0,False,True
12493,Oronde Gadsden,TE,LAC,True,Active,,,TE,1,FA,OWNED,OWNED,OPP,PREDRAFT,1,3,0,0,1,False,True
5844,T.J. Hockenson,TE,MIN,True,Active,,,TE,1,FA,OWNED,OWNED,OWNED,PREDRAFT,1,3,0,0,0,False,True
12487,Terrance Ferguson,TE,LAR,True,Active,Questionable,,TE,2,FA,OWNED,OWNED,OWNED,PREDRAFT,1,3,0,0,0,False,True
11625,Adonai Mitchell,WR,NYJ,True,Active,,,RWR,2,FA,OWNED,OWNED,OWNED,PREDRAFT,1,3,0,0,0,False,True
13301,Antonio Williams,WR,WAS,True,Active,,,SWR,3,FA,OWNED,OWNED,OWNED,PREDRAFT,1,3,0,0,0,False,True
13296,Caleb Douglas,WR,MIA,True,Active,,,RWR,3,FA,OWNED,OWNED,OWNED,PREDRAFT,1,3,0,0,0,False,True
12540,Chimere Dike,WR,TEN,True,Active,,,SWR,4,FA,OWNED,OWNED,OWNED,PREDRAFT,1,3,0,0,0,False,True
13311,Chris Bell,WR,MIA,True,Active,,,LWR,4,FA,OWNED,OWNED,OPP,PREDRAFT,1,3,0,0,1,False,True
4039,Cooper Kupp,WR,SEA,True,Active,,,SWR,3,FA,OWNED,OWNED,OWNED,PREDRAFT,1,3,0,0,0,False,True
13413,Cyrus Allen,WR,KC,True,Active,,,SWR,4,FA,OWNED,OWNED,OWNED,PREDRAFT,1,3,0,0,0,False,True
13417,De'Zhaun Stribling,WR,SF,True,Active,Questionable,,LWR,3,FA,OWNED,OWNED,OWNED,PREDRAFT,1,3,0,0,0,False,True
13346,Denzel Boston,WR,CLE,True,Active,,,LWR,3,FA,OWNED,OWNED,OWNED,PREDRAFT,1,3,0,0,0,False,True
9486,Dontayvion Wicks,WR,PHI,True,Active,,,RWR,2,FA,OWNED,OWNED,OPP,PREDRAFT,1,3,0,0,1,False,True
13274,Germie Bernard,WR,PIT,True,Active,,,SWR,3,FA,OWNED,OPP,OWNED,PREDRAFT,1,3,0,0,1,False,True
12535,Isaac TeSlaa,WR,DET,True,Active,,,LWR,3,FA,OWNED,OWNED,OWNED,PREDRAFT,1,3,0,0,0,False,True
13293,Ja'Kobi Lane,WR,BAL,True,Active,,,RWR,3,FA,OWNED,OWNED,OWNED,PREDRAFT,1,3,0,0,0,False,True
11618,Jalen McMillan,WR,TB,True,Active,Questionable,,RWR,3,FA,OWNED,OWNED,OPP,PREDRAFT,1,3,0,0,1,False,True
8180,Jalen Nailor,WR,LV,True,Active,,,SWR,2,FA,OWNED,OWNED,OWNED,PREDRAFT,1,3,0,0,0,False,True
7049,Jauan Jennings,WR,MIN,True,Active,,,SWR,3,FA,OWNED,OWNED,OWNED,PREDRAFT,1,3,0,0,0,False,True
12484,Jayden Higgins,WR,HOU,True,Inactive,IR,,,9,FA,OWNED,OWNED,OWNED,PREDRAFT,1,3,0,0,0,False,True
12536,Jaylin Noel,WR,HOU,True,Active,Questionable,,SWR,3,FA,OWNED,OWNED,OWNED,PREDRAFT,1,3,0,0,0,False,True
6783,Jerry Jeudy,WR,CLE,True,Active,,,RWR,1,FA,OWNED,OWNED,OWNED,PREDRAFT,1,3,0,0,0,False,True
9504,Kayshon Boutte,WR,HOU,True,Active,,,RWR,2,FA,OWNED,OWNED,OWNED,PREDRAFT,1,3,0,0,0,False,True
1479,Keenan Allen,WR,IND,True,Active,,,RWR,3,FA,OWNED,OWNED,OWNED,PREDRAFT,1,3,0,0,0,False,True
11637,Keon Coleman,WR,BUF,True,Active,Questionable,,LWR,3,FA,OWNED,OWNED,OWNED,PREDRAFT,1,3,0,0,0,False,True
12547,Kyle Williams,WR,NE,True,Active,,,SWR,5,FA,OWNED,OPP,OWNED,PREDRAFT,1,3,0,0,1,False,True
13285,Malachi Fields,WR,NYG,True,Active,,,LWR,4,FA,OWNED,OWNED,OWNED,PREDRAFT,1,3,0,0,0,False,True
9494,Marvin Mims,WR,DEN,True,Active,Questionable,,SWR,4,FA,OWNED,OWNED,OWNED,PREDRAFT,1,3,0,0,0,False,True
8676,Rashid Shaheed,WR,SEA,True,Active,,,RWR,2,FA,OWNED,OWNED,OWNED,PREDRAFT,1,3,0,0,0,False,True
11783,Ryan Flournoy,WR,DAL,True,Active,,,SWR,3,FA,OWNED,OWNED,OWNED,PREDRAFT,1,3,0,0,0,False,True
13317,Ted Hurst,WR,TB,True,Active,,,LWR,4,FA,OWNED,OWNED,OPP,PREDRAFT,1,3,0,0,1,False,True
12509,Tre' Harris,WR,LAC,True,Active,Questionable,,RWR,3,FA,OWNED,OPP,OPP,PREDRAFT,1,3,0,0,2,False,True
11627,Troy Franklin,WR,DEN,True,Active,,,SWR,5,FA,OWNED,OPP,OWNED,PREDRAFT,1,3,0,0,1,False,True
3321,Tyreek Hill,WR,,True,Active,Questionable,,,,FA,OWNED,OWNED,OWNED,PREDRAFT,1,3,0,0,0,False,True
11624,Xavier Worthy,WR,KC,True,Active,,,RWR,2,FA,OWNED,OWNED,OWNED,PREDRAFT,1,3,0,0,0,False,True
13320,Zachariah Branch,WR,ATL,True,Active,,,SWR,3,FA,OWNED,OWNED,OWNED,PREDRAFT,1,3,0,0,0,False,True
12530,Travis Hunter,DB,JAX,True,Active,,,SWR,4,FA,FA,OWNED,OWNED,PREDRAFT,2,2,0,0,0,True,True
12713,Andy Borregales,K,NE,True,Active,,,K,1,OWNED,OWNED,FA,FA,PREDRAFT,2,2,0,0,0,True,True
11786,Cam Little,K,JAX,True,Active,,,K,1,OPP,OWNED,FA,FA,PREDRAFT,2,2,0,0,1,True,True
1945,Chris Boswell,K,PIT,True,Active,,,K,1,OWNED,OWNED,FA,FA,PREDRAFT,2,2,0,0,0,True,True
12015,Harrison Mevis,K,LAR,True,Active,,,K,1,OWNED,OWNED,FA,FA,PREDRAFT,2,2,0,0,0,True,True
11539,Jake Bates,K,DET,True,Active,,,K,1,OWNED,OWNED,FA,FA,PREDRAFT,2,2,0,0,0,True,True
2747,Jason Myers,K,SEA,True,Active,,,K,1,OWNED,OWNED,FA,FA,PREDRAFT,2,2,0,0,0,True,True
3451,Ka'imi Fairbairn,K,HOU,True,Active,,,K,1,OWNED,OWNED,FA,FA,PREDRAFT,2,2,0,0,0,True,True
11792,Will Reichard,K,MIN,True,Active,,,K,1,OWNED,OWNED,FA,FA,PREDRAFT,2,2,0,0,0,True,True
9229,Anthony Richardson,QB,IND,True,Active,,,QB,3,FA,FA,OWNED,OWNED,PREDRAFT,2,2,0,0,0,True,True
13303,Cade Klubnik,QB,NYJ,True,Active,,,QB,2,FA,FA,OWNED,OWNED,PREDRAFT,2,2,0,0,0,True,True
13289,Drew Allar,QB,PIT,True,Active,,,QB,4,FA,FA,OWNED,OWNED,PREDRAFT,2,2,0,0,0,True,True
13404,Garrett Nussmeier,QB,KC,True,Active,,,QB,3,FA,FA,OPP,OWNED,PREDRAFT,2,2,0,0,1,True,True
11565,J.J. McCarthy,QB,MIN,True,Active,,,QB,2,FA,FA,OPP,OWNED,PREDRAFT,2,2,0,0,1,True,True
12510,Jalen Milroe,QB,SEA,True,Active,,,QB,3,FA,FA,OWNED,OWNED,PREDRAFT,2,2,0,0,0,True,True
13425,Jalon Daniels,QB,TB,True,Active,,,QB,3,FA,FA,OWNED,OWNED,PREDRAFT,2,2,0,0,0,True,True
7591,Justin Fields,QB,KC,True,Active,,,QB,2,FA,FA,OWNED,OWNED,PREDRAFT,2,2,0,0,0,True,True
2307,Marcus Mariota,QB,WAS,True,Active,Questionable,,QB,2,FA,FA,OWNED,OWNED,PREDRAFT,2,2,0,0,0,True,True
11559,Michael Penix,QB,ATL,True,Active,Questionable,,QB,2,FA,FA,OWNED,OWNED,PREDRAFT,2,2,0,0,0,True,True
12500,Quinn Ewers,QB,JAX,True,Active,,,QB,4,FA,FA,OWNED,OWNED,PREDRAFT,2,2,0,0,0,True,True
12524,Shedeur Sanders,QB,CLE,True,Active,,,QB,2,FA,FA,OWNED,OWNED,PREDRAFT,2,2,0,0,0,True,True
13275,Ty Simpson,QB,LAR,True,Active,,,QB,3,FA,FA,OWNED,OWNED,PREDRAFT,2,2,0,0,0,True,True
12511,Will Howard,QB,PIT,True,Active,,,QB,3,FA,FA,OWNED,OWNED,PREDRAFT,2,2,0,0,0,True,True
13302,Adam Randall,RB,BAL,True,Inactive,IR,,RB,5,FA,FA,OWNED,OPP,PREDRAFT,2,2,0,0,1,True,True
12471,DJ Giddens,RB,IND,True,Active,,,RB,3,FA,FA,OWNED,OPP,PREDRAFT,2,2,0,0,1,True,True
13423,Eli Heidenreich,RB,PIT,True,Active,,,RB,4,FA,FA,OWNED,OWNED,PREDRAFT,2,2,0,0,0,True,True
12048,George Holani,RB,SEA,True,Active,,,RB,2,FA,FA,OWNED,OPP,PREDRAFT,2,2,0,0,1,True,True
13348,J'Mari Taylor,RB,JAX,True,Active,,,,,FA,FA,OPP,OWNED,PREDRAFT,2,2,0,0,1,True,True
4137,James Conner,RB,ARI,True,Inactive,IR,,RB,4,FA,OWNED,OWNED,FA,PREDRAFT,2,2,0,0,0,True,True
11569,Jarquez Hunter,RB,,True,Active,,,,,FA,OWNED,OWNED,FA,PREDRAFT,2,2,0,0,0,True,True
4018,Joe Mixon,RB,,True,Active,Questionable,,,,FA,OWNED,OWNED,FA,PREDRAFT,2,2,0,0,0,True,True
13414,Kaelon Black,RB,SF,True,Active,,,RB,2,FA,FA,OWNED,OWNED,PREDRAFT,2,2,0,0,0,True,True
11647,Kimani Vidal,RB,LAC,True,Active,,,RB,3,FA,OWNED,OPP,FA,PREDRAFT,2,2,0,0,1,True,True
12495,Ollie Gordon,RB,MIA,True,Active,Questionable,,RB,3,FA,FA,OWNED,OWNED,PREDRAFT,2,2,0,0,0,True,True
9506,Sean Tucker,RB,TB,True,Active,Questionable,,RB,3,FA,OWNED,OPP,FA,PREDRAFT,2,2,0,0,1,True,True
11589,Trey Benson,RB,ARI,True,Inactive,IR,,RB,6,FA,FA,OWNED,OWNED,PREDRAFT,2,2,0,0,0,True,True
11596,Ben Sinnott,TE,WAS,True,Active,Questionable,,TE,2,FA,FA,OWNED,OWNED,PREDRAFT,2,2,0,0,0,True,True
6865,Colby Parkinson,TE,LAR,True,Active,,,TE,1,FA,FA,OWNED,OWNED,PREDRAFT,2,2,0,0,0,True,True
9479,Darnell Washington,TE,PIT,True,Active,,,TE,2,FA,FA,OWNED,OWNED,PREDRAFT,2,2,0,0,0,True,True
12521,Elijah Arroyo,TE,SEA,True,Active,,,TE,2,FA,FA,OWNED,OWNED,PREDRAFT,2,2,0,0,0,True,True
4066,Evan Engram,TE,DEN,True,Active,,,TE,1,FA,FA,OWNED,OWNED,PREDRAFT,2,2,0,0,0,True,True
11600,Ja'Tavion Sanders,TE,CAR,True,Active,,,TE,3,FA,FA,OWNED,OWNED,PREDRAFT,2,2,0,0,0,True,True
13324,Matt Hibner,TE,BAL,True,Active,,,TE,3,FA,FA,OWNED,OWNED,PREDRAFT,2,2,0,0,0,True,True
13278,Max Klare,TE,LAR,True,Active,,,TE,5,FA,FA,OWNED,OPP,PREDRAFT,2,2,0,0,1,True,True
9482,Michael Mayer,TE,LV,True,Active,,,TE,2,FA,FA,OWNED,OWNED,PREDRAFT,2,2,0,0,0,True,True
4993,Mike Gesicki,TE,CIN,True,Active,,,TE,1,FA,OWNED,OWNED,FA,PREDRAFT,2,2,0,0,0,True,True
7828,Noah Gray,TE,KC,True,Active,,,TE,2,FA,FA,OWNED,OWNED,PREDRAFT,2,2,0,0,0,True,True
13319,Oscar Delp,TE,NO,True,Active,Questionable,,TE,3,FA,FA,OWNED,OWNED,PREDRAFT,2,2,0,0,0,True,True
11597,Theo Johnson,TE,NYG,True,Active,Questionable,,TE,2,FA,FA,OPP,OWNED,PREDRAFT,2,2,0,0,1,True,True
13434,Will Kacmarek,TE,MIA,True,Active,Questionable,,TE,2,FA,FA,OWNED,OWNED,PREDRAFT,2,2,0,0,0,True,True
6803,Brandon Aiyuk,WR,SF,True,Active,DNR,,,9,FA,FA,OWNED,OWNED,PREDRAFT,2,2,0,0,0,True,True
13380,Brenen Thompson,WR,LAC,True,Active,Questionable,,RWR,4,FA,FA,OPP,OWNED,PREDRAFT,2,2,0,0,1,True,True
13420,Bryce Lance,WR,NO,True,Active,,,RWR,3,FA,FA,OWNED,OWNED,PREDRAFT,2,2,0,0,0,True,True
4981,Calvin Ridley,WR,TEN,True,Active,,,RWR,3,FA,OWNED,OWNED,FA,PREDRAFT,2,2,0,0,0,True,True
13336,Dane Key,WR,DEN,True,Active,,,,,FA,FA,OWNED,OWNED,PREDRAFT,2,2,0,0,0,True,True
7090,Darnell Mooney,WR,NYG,True,Active,,,SWR,3,FA,OWNED,OWNED,FA,PREDRAFT,2,2,0,0,0,True,True
9501,DeMario Douglas,WR,NE,True,Active,,,SWR,3,FA,FA,OWNED,OWNED,PREDRAFT,2,2,0,0,0,True,True
13333,Deion Burks,WR,IND,True,Active,,,SWR,10,FA,FA,OPP,OWNED,PREDRAFT,2,2,0,0,1,True,True
12541,Dont'e Thornton,WR,LV,True,Inactive,IR,,LWR,10,FA,FA,OWNED,OWNED,PREDRAFT,2,2,0,0,0,True,True
12499,Elic Ayomanor,WR,TEN,True,Active,,,LWR,5,FA,FA,OWNED,OWNED,PREDRAFT,2,2,0,0,0,True,True
13268,Elijah Sarratt,WR,BAL,True,Active,,,LWR,5,FA,FA,OWNED,OWNED,PREDRAFT,2,2,0,0,0,True,True
12503,Isaiah Bond,WR,CLE,True,Active,Questionable,,SWR,4,FA,FA,OWNED,OWNED,PREDRAFT,2,2,0,0,0,True,True
12483,Jack Bech,WR,LV,True,Active,,,LWR,3,FA,FA,OWNED,OWNED,PREDRAFT,2,2,0,0,0,True,True
8119,Jahan Dotson,WR,ATL,True,Active,,,RWR,2,FA,OWNED,OWNED,FA,PREDRAFT,2,2,0,0,0,True,True
12505,Jalen Royals,WR,KC,True,Active,,,LWR,5,FA,FA,OWNED,OWNED,PREDRAFT,2,2,0,0,0,True,True
13338,Kevin Coleman,WR,MIA,True,Active,,,SWR,5,FA,FA,OWNED,OWNED,PREDRAFT,2,2,0,0,0,True,True
13329,Malik Benson,WR,LV,True,Active,,,RWR,4,FA,FA,OWNED,OWNED,PREDRAFT,2,2,0,0,0,True,True
11638,Ricky Pearsall,WR,SF,True,Inactive,IR,,,10,FA,FA,OPP,OWNED,PREDRAFT,2,2,0,0,1,True,True
13402,Skyler Bell,WR,BUF,True,Active,,,SWR,5,FA,FA,OWNED,OWNED,PREDRAFT,2,2,0,0,0,True,True
12485,Tez Johnson,WR,TB,True,Active,,,RWR,5,FA,FA,OWNED,OWNED,PREDRAFT,2,2,0,0,0,True,True
10218,Xavier Hutchinson,WR,HOU,True,Active,,,LWR,4,FA,OWNED,OWNED,FA,PREDRAFT,2,2,0,0,0,True,True
11626,Xavier Legette,WR,CAR,True,Active,Questionable,,RWR,3,FA,FA,OWNED,OPP,PREDRAFT,2,2,0,0,1,True,True
BAL,Baltimore Ravens,DEF,BAL,True,,,,,,OWNED,FA,FA,FA,PREDRAFT,3,1,0,0,0,True,True
CLE,Cleveland Browns,DEF,CLE,True,,,,,,OWNED,FA,FA,FA,PREDRAFT,3,1,0,0,0,True,True
DEN,Denver Broncos,DEF,DEN,True,,,,,,OPP,FA,FA,FA,PREDRAFT,3,1,0,0,1,True,True
HOU,Houston Texans,DEF,HOU,True,,,,,,OWNED,FA,FA,FA,PREDRAFT,3,1,0,0,0,True,True
LAC,Los Angeles Chargers,DEF,LAC,True,,,,,,OWNED,FA,FA,FA,PREDRAFT,3,1,0,0,0,True,True
LAR,Los Angeles Rams,DEF,LAR,True,,,,,,OWNED,FA,FA,FA,PREDRAFT,3,1,0,0,0,True,True
MIN,Minnesota Vikings,DEF,MIN,True,,,,,,OWNED,FA,FA,FA,PREDRAFT,3,1,0,0,0,True,True
NE,New England Patriots,DEF,NE,True,,,,,,OWNED,FA,FA,FA,PREDRAFT,3,1,0,0,0,True,True
SEA,Seattle Seahawks,DEF,SEA,True,,,,,,OWNED,FA,FA,FA,PREDRAFT,3,1,0,0,0,True,True
2020,Cairo Santos,K,CHI,True,Active,,,K,1,FA,OWNED,FA,FA,PREDRAFT,3,1,0,0,0,True,True
6650,Chase McLaughlin,K,TB,True,Active,,,K,1,FA,OWNED,FA,FA,PREDRAFT,3,1,0,0,0,True,True
5189,Eddy Pineiro,K,SF,True,Active,,,K,1,FA,OWNED,FA,FA,PREDRAFT,3,1,0,0,0,True,True
7839,Evan McPherson,K,CIN,True,Active,,,K,1,FA,OWNED,FA,FA,PREDRAFT,3,1,0,0,0,True,True
4227,Harrison Butker,K,KC,True,Active,,,K,1,FA,OWNED,FA,FA,PREDRAFT,3,1,0,0,0,True,True
4195,Jake Elliott,K,PHI,True,Active,,,K,1,FA,OWNED,FA,FA,PREDRAFT,3,1,0,0,0,True,True
7042,Tyler Bass,K,BUF,True,Active,,,K,1,FA,OWNED,FA,FA,PREDRAFT,3,1,0,0,0,True,True
12711,Tyler Loop,K,BAL,True,Active,,,K,1,FA,OWNED,FA,FA,PREDRAFT,3,1,0,0,0,True,True
3678,Wil Lutz,K,DEN,True,Active,,,K,1,FA,OWNED,FA,FA,PREDRAFT,3,1,0,0,0,True,True
13335,Cole Payton,QB,PHI,True,Active,,,QB,4,FA,FA,OWNED,FA,PREDRAFT,3,1,0,0,0,True,True
7585,Davis Mills,QB,HOU,True,Active,,,QB,2,FA,FA,OWNED,FA,PREDRAFT,3,1,0,0,0,True,True
13350,Joe Fagnano,QB,BAL,True,Active,,,QB,4,FA,FA,OPP,FA,PREDRAFT,3,1,0,0,1,True,True
19,Joe Flacco,QB,CIN,True,Active,,,QB,2,FA,FA,OWNED,FA,PREDRAFT,3,1,0,0,0,True,True
11557,Joe Milton,QB,DAL,True,Active,,,,,FA,FA,OWNED,FA,PREDRAFT,3,1,0,0,0,True,True
13314,Luke Altmyer,QB,DET,True,Active,,,,,FA,FA,OWNED,FA,PREDRAFT,3,1,0,0,0,True,True
12470,Riley Leonard,QB,IND,True,Active,,,QB,2,FA,FA,FA,OWNED,PREDRAFT,3,1,0,0,0,True,True
10857,Stetson Bennett,QB,LAR,True,Active,,,QB,2,FA,FA,OWNED,FA,PREDRAFT,3,1,0,0,0,True,True
9230,Tanner McKee,QB,PHI,True,Active,,,QB,3,FA,FA,OWNED,FA,PREDRAFT,3,1,0,0,0,True,True
13306,Taylen Green,QB,CLE,True,Active,,,QB,4,FA,FA,OWNED,FA,PREDRAFT,3,1,0,0,0,True,True
11256,Tyson Bagent,QB,CHI,True,Active,,,QB,3,FA,FA,OWNED,FA,PREDRAFT,3,1,0,0,0,True,True
11579,Audric Estime,RB,NO,True,Active,,,RB,3,FA,OWNED,FA,FA,PREDRAFT,3,1,0,0,0,True,True
13277,CJ Donaldson,RB,NO,True,Active,,,,,FA,FA,OWNED,FA,PREDRAFT,3,1,0,0,0,True,True
3488,D.J. Foster,RB,,True,Inactive,,,,,FA,OWNED,FA,FA,PREDRAFT,3,1,0,0,0,True,True
11199,Emari Demercado,RB,DAL,True,Active,,,RB,3,FA,FA,OWNED,FA,PREDRAFT,3,1,0,0,0,True,True
11571,Isaiah Davis,RB,NYJ,True,Active,Questionable,,RB,3,FA,FA,OWNED,FA,PREDRAFT,3,1,0,0,0,True,True
13403,Jam Miller,RB,,True,Active,Questionable,,,,FA,FA,FA,OWNED,PREDRAFT,3,1,0,0,0,True,True
12150,Jarveon Howard,RB,,True,Inactive,,,,,FA,OWNED,FA,FA,PREDRAFT,3,1,0,0,0,True,True
13300,Le'Veon Moss,RB,,True,Active,NA,,,,FA,FA,OWNED,FA,PREDRAFT,3,1,0,0,0,True,True
13964,Myles Montgomery,RB,,True,Active,IR,,,,FA,FA,OWNED,FA,PREDRAFT,3,1,0,0,0,True,True
13418,Robert Henry,RB,WAS,True,Active,,,,,FA,FA,OWNED,FA,PREDRAFT,3,1,0,0,0,True,True
13424,Seth McGowan,RB,IND,True,Active,,,RB,2,FA,FA,OWNED,FA,PREDRAFT,3,1,0,0,0,True,True
12543,Tahj Brooks,RB,CIN,True,Active,,,RB,3,FA,FA,OWNED,FA,PREDRAFT,3,1,0,0,0,True,True
12531,Trevor Etienne,RB,CAR,True,Active,IR,,RB,4,FA,FA,OWNED,FA,PREDRAFT,3,1,0,0,0,True,True
6039,Ty Johnson,RB,BUF,True,Active,Questionable,,RB,2,FA,FA,OWNED,FA,PREDRAFT,3,1,0,0,0,True,True
13308,Bauer Sharp,TE,TB,True,Active,,,TE,5,FA,FA,OPP,FA,PREDRAFT,3,1,0,0,1,True,True
8127,Charlie Kolar,TE,LAC,True,Active,,,TE,3,FA,FA,OWNED,FA,PREDRAFT,3,1,0,0,0,True,True
13355,DJ Rogers,TE,DAL,True,Inactive,IR,,TE,6,FA,FA,OWNED,FA,PREDRAFT,3,1,0,0,0,True,True
11592,Erick All,TE,CIN,True,Active,,,TE,2,FA,FA,OWNED,FA,PREDRAFT,3,1,0,0,0,True,True
13422,Jaren Kanak,TE,TEN,True,Inactive,IR,,TE,6,FA,FA,OPP,FA,PREDRAFT,3,1,0,0,1,True,True
13273,Josh Cuevas,TE,BAL,True,Active,,,TE,4,FA,FA,OWNED,FA,PREDRAFT,3,1,0,0,0,True,True
13400,Justin Joly,TE,MIA,True,Active,,,TE,7,FA,FA,OWNED,FA,PREDRAFT,3,1,0,0,0,True,True
13307,Marlin Klein,TE,HOU,True,Active,,,TE,3,FA,FA,OWNED,FA,PREDRAFT,3,1,0,0,0,True,True
13401,Michael Trigg,TE,DAL,True,Active,,,,,FA,FA,OWNED,FA,PREDRAFT,3,1,0,0,0,True,True
13299,Nate Boerkircher,TE,JAX,True,Active,,,TE,2,FA,FA,OWNED,FA,PREDRAFT,3,1,0,0,0,True,True
13322,Sam Roush,TE,CHI,True,Active,,,TE,3,FA,FA,OWNED,FA,PREDRAFT,3,1,0,0,0,True,True
13408,Tanner Koziol,TE,JAX,True,Active,,,TE,3,FA,FA,OWNED,FA,PREDRAFT,3,1,0,0,0,True,True
13309,Aaron Anderson,WR,,True,Inactive,Questionable,,,,FA,FA,OWNED,FA,PREDRAFT,3,1,0,0,0,True,True
10226,Andrei Iosivas,WR,CIN,True,Active,,,SWR,3,FA,FA,OWNED,FA,PREDRAFT,3,1,0,0,0,True,True
13270,CJ Daniels,WR,LAR,True,Active,,,RWR,9,FA,FA,OWNED,FA,PREDRAFT,3,1,0,0,0,True,True
10444,Cedric Tillman,WR,NO,True,Active,,,,,FA,FA,OWNED,FA,PREDRAFT,3,1,0,0,0,True,True
13477,Colbie Young,WR,CIN,True,Active,,,LWR,4,FA,FA,FA,OWNED,PREDRAFT,3,1,0,0,0,True,True
6149,Darius Slayton,WR,NYG,True,Active,,,RWR,2,FA,FA,OWNED,FA,PREDRAFT,3,1,0,0,0,True,True
10234,Derius Davis,WR,LAC,True,Active,,,SWR,5,FA,OWNED,FA,FA,PREDRAFT,3,1,0,0,0,True,True
13316,Eric Rivers,WR,TB,True,Active,,,,,FA,FA,OWNED,FA,PREDRAFT,3,1,0,0,0,True,True
11616,Jacob Cowing,WR,SF,True,Active,Questionable,,SWR,5,FA,OWNED,FA,FA,PREDRAFT,3,1,0,0,0,True,True
8117,Jalen Tolbert,WR,MIA,True,Active,,,LWR,2,FA,FA,OWNED,FA,PREDRAFT,3,1,0,0,0,True,True
13392,Jeff Caldwell,WR,KC,True,Inactive,IR,,,8,FA,FA,OWNED,FA,PREDRAFT,3,1,0,0,0,True,True
13394,Josh Cameron,WR,JAX,True,Active,,,RWR,5,FA,FA,OWNED,FA,PREDRAFT,3,1,0,0,0,True,True
7670,Joshua Palmer,WR,BUF,True,Active,,,RWR,4,FA,FA,OWNED,FA,PREDRAFT,3,1,0,0,0,True,True
8917,KaVontae Turpin,WR,DAL,True,Active,,,SWR,4,FA,OWNED,FA,FA,PREDRAFT,3,1,0,0,0,True,True
11617,Malachi Corley,WR,CLE,True,Active,,,SWR,5,FA,OWNED,FA,FA,PREDRAFT,3,1,0,0,0,True,True
5848,Marquise Brown,WR,PHI,True,Active,,,SWR,4,FA,FA,OWNED,FA,PREDRAFT,3,1,0,0,0,True,True
8188,Tyquan Thornton,WR,KC,True,Active,,,LWR,3,FA,FA,OWNED,FA,PREDRAFT,3,1,0,0,0,True,True
11168,Xavier Smith,WR,LAR,True,Active,,,SWR,6,FA,OWNED,FA,FA,PREDRAFT,3,1,0,0,0,True,True
13411,Zavion Thomas,WR,CHI,True,Active,,,SWR,4,FA,FA,OWNED,FA,PREDRAFT,3,1,0,0,0,True,True
1674,A.J. Bouye,CB,CAR,True,Active,,,,,FA,FA,FA,FA,PREDRAFT,4,0,0,0,0,True,False
6876,A.J. Green,CB,MIA,True,Active,,,,,FA,FA,FA,FA,PREDRAFT,4,0,0,0,0,True,False
6836,A.J. Terrell,CB,ATL,True,Active,,,RCB,1,FA,FA,FA,FA,PREDRAFT,4,0,0,0,0,True,False
11935,A.J. Woods,CB,,True,Active,,,,,FA,FA,FA,FA,PREDRAFT,4,0,0,0,0,True,False
7892,AJ Parker,CB,,True,Active,,,,,FA,FA,FA,FA,PREDRAFT,4,0,0,0,0,True,False
4498,Aarion Penton,CB,,True,Active,,,,,FA,FA,FA,FA,PREDRAFT,4,0,0,0,0,True,False
1982,Aaron Colvin,CB,,True,Active,,,,,FA,FA,FA,FA,PREDRAFT,4,0,0,0,0,True,False
7668,Aaron Robinson,CB,,True,Active,,,,,FA,FA,FA,FA,PREDRAFT,4,0,0,0,0,True,False
8877,Abu Daramy-Swaray,CB,,True,Active,,,,,FA,FA,FA,FA,PREDRAFT,4,0,0,0,0,True,False
4124,Ahkello Witherspoon,CB,,True,Active,NA,,,,FA,FA,FA,FA,PREDRAFT,4,0,0,0,0,True,False
2548,Akeem King,CB,,True,Active,,,,,FA,FA,FA,FA,PREDRAFT,4,0,0,0,0,True,False
6695,Alex Brown,CB,,True,Active,,,,,FA,FA,FA,FA,PREDRAFT,4,0,0,0,0,True,False
12094,Alex Johnson,CB,LAR,True,Inactive,IR,,DB,,FA,FA,FA,FA,PREDRAFT,4,0,0,0,0,True,False
6266,Alexander Myres,CB,,True,Active,,,,,FA,FA,FA,FA,PREDRAFT,4,0,0,0,0,True,False
8788,Allan George,CB,,True,Active,,,,,FA,FA,FA,FA,PREDRAFT,4,0,0,0,0,True,False
8695,Allie Green,CB,,True,Active,,,,,FA,FA,FA,FA,PREDRAFT,4,0,0,0,0,True,False
4561,Alvin Hill,CB,,True,Active,,,,,FA,FA,FA,FA,PREDRAFT,4,0,0,0,0,True,False
5888,Amani Oruwariye,CB,,True,Active,,,,,FA,FA,FA,FA,PREDRAFT,4,0,0,0,0,True,False
5686,Amari Coleman,CB,,True,Active,,,,,FA,FA,FA,FA,PREDRAFT,4,0,0,0,0,True,False
7294,Amari Henderson,CB,MIN,True,Active,,,,,FA,FA,FA,FA,PREDRAFT,4,0,0,0,0,True,False
7686,Ambry Thomas,CB,,True,Active,,,,,FA,FA,FA,FA,PREDRAFT,4,0,0,0,0,True,False
11127,Amechi Uzodinma,CB,,True,Inactive,,,,,FA,FA,FA,FA,PREDRAFT,4,0,0,0,0,True,False
11006,Ameer Speed,CB,DAL,True,Active,,,NB,2,FA,FA,FA,FA,PREDRAFT,4,0,0,0,0,True,False
6896,Amik Robertson,CB,WAS,True,Active,,,NB,1,FA,FA,FA,FA,PREDRAFT,4,0,0,0,0,True,False
13565,Andre Fuller,CB,SEA,True,Active,,,,,FA,FA,FA,FA,PREDRAFT,4,0,0,0,0,True,False
11534,Andrew Whitaker,CB,,True,Active,,,,,FA,FA,FA,FA,PREDRAFT,4,0,0,0,0,True,False
5301,Anthony Averett,CB,,True,Active,,,,,FA,FA,FA,FA,PREDRAFT,4,0,0,0,0,True,False
3345,Anthony Brown,CB,,True,Inactive,,,,,FA,FA,FA,FA,PREDRAFT,4,0,0,0,0,True,False
6645,Anthony Chesley,CB,,True,Active,,,,,FA,FA,FA,FA,PREDRAFT,4,0,0,0,0,True,False
4444,Anthony Cioffi,CB,,True,Active,,,,,FA,FA,FA,FA,PREDRAFT,4,0,0,0,0,True,False
11455,Anthony Kendall,CB,BUF,True,Active,,,,,FA,FA,FA,FA,PREDRAFT,4,0,0,0,0,True,False
12213,Anthony Sao,CB,,True,Active,,,,,FA,FA,FA,FA,PREDRAFT,4,0,0,0,0,True,False
11316,Anthony Witherstone,CB,,True,Inactive,,,,,FA,FA,FA,FA,PREDRAFT,4,0,0,0,0,True,False
4845,Antonio Crawford,CB,,True,Active,,,,,FA,FA,FA,FA,PREDRAFT,4,0,0,0,0,True,False
3838,Antonio Hamilton,CB,,True,Active,,,,,FA,FA,FA,FA,PREDRAFT,4,0,0,0,0,True,False
7986,Antonio Phillips,CB,,True,Active,,,,,FA,FA,FA,FA,PREDRAFT,4,0,0,0,0,True,False
5694,Antwuan Davis,CB,,True,Inactive,NA,,,,FA,FA,FA,FA,PREDRAFT,4,0,0,0,0,True,False
180,Aqib Talib,CB,,True,Injured Reserve,,,,,FA,FA,FA,FA,PREDRAFT,4,0,0,0,0,True,False
11220,Arquon Bush,CB,,True,Active,,,,,FA,FA,FA,FA,PREDRAFT,4,0,0,0,0,True,False
11440,Art Green,CB,,True,Active,Questionable,,,,FA,FA,FA,FA,PREDRAFT,4,0,0,0,0,True,False
4503,Arthur Maulet,CB,,True,Active,,,,,FA,FA,FA,FA,PREDRAFT,4,0,0,0,0,True,False
7655,Asante Samuel,CB,PIT,True,Active,,,RCB,2,FA,FA,FA,FA,PREDRAFT,4,0,0,0,0,True,False
4492,Ashton Lampkin,CB,,True,Active,,,,,FA,FA,FA,FA,PREDRAFT,4,0,0,0,0,True,False
13635,Avery Smith,CB,SEA,True,Active,,,NB,2,FA,FA,FA,FA,PREDRAFT,4,0,0,0,0,True,False
5361,Avonte Maddox,CB,DET,True,Active,,,FS,2,FA,FA,FA,FA,PREDRAFT,4,0,0,0,0,True,False
12914,Aydan White,CB,,True,Active,,,,,FA,FA,FA,FA,PREDRAFT,4,0,0,0,0,True,False
11460,Azizi Hearn,CB,,True,Active,,,,,FA,FA,FA,FA,PREDRAFT,4,0,0,0,0,True,False
5421,B.J. Clay,CB,,True,Active,,,,,FA,FA,FA,FA,PREDRAFT,4,0,0,0,0,True,False
1488,B.W. Webb,CB,,True,Active,,,,,FA,FA,FA,FA,PREDRAFT,4,0,0,0,0,True,False
12864,BJ Adams,CB,,True,Active,,,,,FA,FA,FA,FA,PREDRAFT,4,0,0,0,0,True,False
12875,BJ Mayes,CB,,True,Active,,,,,FA,FA,FA,FA,PREDRAFT,4,0,0,0,0,True,False
2091,Bashaud Breeland,CB,ARI,True,Active,,,,,FA,FA,FA,FA,PREDRAFT,4,0,0,0,0,True,False
11860,Beanie Bishop,CB,CHI,True,Active,Sus,,DB,,FA,FA,FA,FA,PREDRAFT,4,0,0,0,0,True,False
7399,Bejour Wilson,CB,,True,Active,,,,,FA,FA,FA,FA,PREDRAFT,4,0,0,0,0,True,False
8645,Benjie Franklin,CB,,True,Active,,,,,FA,FA,FA,FA,PREDRAFT,4,0,0,0,0,True,False
3872,Bennett Okotcha,CB,,True,Active,,,,,FA,FA,FA,FA,PREDRAFT,4,0,0,0,0,True,False
12714,Bilhal Kone,CB,BAL,True,Inactive,IR,,RCB,3,FA,FA,FA,FA,PREDRAFT,4,0,0,0,0,True,False
1423,Blidi Wreh-Wilson,CB,TB,True,Active,,,,,FA,FA,FA,FA,PREDRAFT,4,0,0,0,0,True,False
2448,Bobby McCain,CB,,True,Active,,,,,FA,FA,FA,FA,PREDRAFT,4,0,0,0,0,True,False
7147,Bopete Keyes,CB,,True,Inactive,,,,,FA,FA,FA,FA,PREDRAFT,4,0,0,0,0,True,False
4672,Brad Watson,CB,,True,Active,,,,,FA,FA,FA,FA,PREDRAFT,4,0,0,0,0,True,False
6255,Bradford Lemmons,CB,,True,Active,,,,,FA,FA,FA,FA,PREDRAFT,4,0,0,0,0,True,False
2008,Bradley Roby,CB,,True,Active,,,,,FA,FA,FA,FA,PREDRAFT,4,0,0,0,0,True,False
4049,Bradley Sylve,CB,,True,Active,,,,,FA,FA,FA,FA,PREDRAFT,4,0,0,0,0,True,False
7796,Brandin Echols,CB,PIT,True,Active,Questionable,,NB,2,FA,FA,FA,FA,PREDRAFT,4,0,0,0,0,True,False
105,Brandon Carr,CB,,True,Active,,,,,FA,FA,FA,FA,PREDRAFT,4,0,0,0,0,True,False
12977,Brandon Crossley,CB,,True,Active,,,,,FA,FA,FA,FA,PREDRAFT,4,0,0,0,0,True,False
5416,Brandon Facyson,CB,,True,Inactive,,,,,FA,FA,FA,FA,PREDRAFT,4,0,0,0,0,True,False
6244,Brandon Rusnak,CB,,True,Active,,,,,FA,FA,FA,FA,PREDRAFT,4,0,0,0,0,True,False
8574,Brandon Sebastian,CB,,True,Active,,,,,FA,FA,FA,FA,PREDRAFT,4,0,0,0,0,True,False
4671,Brandon Stewart,CB,,True,Active,,,,,FA,FA,FA,FA,PREDRAFT,4,0,0,0,0,True,False
1696,Brandon Williams,CB,,True,Active,,,,,FA,FA,FA,FA,PREDRAFT,4,0,0,0,0,True,False
4439,Breon Borders,CB,,True,Active,,,,,FA,FA,FA,FA,PREDRAFT,4,0,0,0,0,True,False
4215,Brian Allen,CB,,True,Active,,,,,FA,FA,FA,FA,PREDRAFT,4,0,0,0,0,True,False
6101,Brian Peavy,CB,,True,Active,,,,,FA,FA,FA,FA,PREDRAFT,4,0,0,0,0,True,False
3669,Brian Poole,CB,IND,True,Active,,,,,FA,FA,FA,FA,PREDRAFT,4,0,0,0,0,True,False
3474,Briean Boddy-Calhoun,CB,TEN,True,Active,,,,,FA,FA,FA,FA,PREDRAFT,4,0,0,0,0,True,False
12857,Bruce Harmon,CB,,True,Active,Questionable,,,,FA,FA,FA,FA,PREDRAFT,4,0,0,0,0,True,False
7953,Bryan Mills,CB,MIN,True,Active,,,,,FA,FA,FA,FA,PREDRAFT,4,0,0,0,0,True,False
2860,Bryce Callahan,CB,,True,Active,,,,,FA,FA,FA,FA,PREDRAFT,4,0,0,0,0,True,False
5795,Bryce Canady,CB,,True,Inactive,NA,,,,FA,FA,FA,FA,PREDRAFT,4,0,0,0,0,True,False
8845,Bryce Cosby,CB,,True,Active,,,,,FA,FA,FA,FA,PREDRAFT,4,0,0,0,0,True,False
6833,Bryce Hall,CB,HOU,True,Active,,,,,FA,FA,FA,FA,PREDRAFT,4,0,0,0,0,True,False
4717,Bryce Jones,CB,,True,Active,,,,,FA,FA,FA,FA,PREDRAFT,4,0,0,0,0,True,False
7907,Bryce Thompson,CB,,True,Active,,,,,FA,FA,FA,FA,PREDRAFT,4,0,0,0,0,True,False
8565,Bryce Watts,CB,,True,Active,,,,,FA,FA,FA,FA,PREDRAFT,4,0,0,0,0,True,False
2332,Byron Jones,CB,,True,Active,,,,,FA,FA,FA,FA,PREDRAFT,4,0,0,0,0,True,False
5864,Byron Murphy,CB,MIN,True,Active,,,NB,1,FA,FA,FA,FA,PREDRAFT,4,0,0,0,0,True,False
11083,C.J. Coldon,CB,,True,Active,,,,,FA,FA,FA,FA,PREDRAFT,4,0,0,0,0,True,False
2869,C.J. Goodwin,CB,,True,Active,,,,,FA,FA,FA,FA,PREDRAFT,4,0,0,0,0,True,False
6791,C.J. Henderson,CB,ATL,True,Active,,,LCB,3,FA,FA,FA,FA,PREDRAFT,4,0,0,0,0,True,False
2666,C.J. Roberts,CB,,True,Active,,,,,FA,FA,FA,FA,PREDRAFT,4,0,0,0,0,True,False
8740,Caesar Dancy-Williams,CB,,True,Active,,,,,FA,FA,FA,FA,PREDRAFT,4,0,0,0,0,True,False
11269,Caleb Biggers,CB,,True,Active,,,,,FA,FA,FA,FA,PREDRAFT,4,0,0,0,0,True,False
7632,Caleb Farley,CB,,True,Active,,,,,FA,FA,FA,FA,PREDRAFT,4,0,0,0,0,True,False
12109,Caleb Nelson,CB,,True,Active,,,,,FA,FA,FA,FA,PREDRAFT,4,0,0,0,0,True,False
13858,Caleb Offord,CB,,True,Active,,,,,FA,FA,FA,FA,PREDRAFT,4,0,0,0,0,True,False
11503,Cam Brown,CB,,True,Active,,,,,FA,FA,FA,FA,PREDRAFT,4,0,0,0,0,True,False
11749,Cam Hart,CB,LAC,True,Active,,,RCB,1,FA,FA,FA,FA,PREDRAFT,4,0,0,0,0,True,False
6314,Cam Lewis,CB,CHI,True,Active,,,FS,2,FA,FA,FA,FA,PREDRAFT,4,0,0,0,0,True,False
13853,Cam Miller,CB,,True,Active,,,,,FA,FA,FA,FA,PREDRAFT,4,0,0,0,0,True,False
6871,Cameron Dantzler,CB,,True,Active,,,,,FA,FA,FA,FA,PREDRAFT,4,0,0,0,0,True,False
7965,Cameron Kinley,CB,,True,Active,,,,,FA,FA,FA,FA,PREDRAFT,4,0,0,0,0,True,False
11156,Cameron McCutcheon,CB,,True,Inactive,,,,,FA,FA,FA,FA,PREDRAFT,4,0,0,0,0,True,False
4138,Cameron Sutton,CB,,True,Active,,,,,FA,FA,FA,FA,PREDRAFT,4,0,0,0,0,True,False
12845,Car'lin Vigers,CB,PIT,True,Active,,,,,FA,FA,FA,FA,PREDRAFT,4,0,0,0,0,True,False
8895,Carlins Platel,CB,,True,Inactive,,,,,FA,FA,FA,FA,PREDRAFT,4,0,0,0,0,True,False
5054,Carlton Davis,CB,NE,True,Active,,,LCB,1,FA,FA,FA,FA,PREDRAFT,4,0,0,0,0,True,False
11985,Carlton Johnson,CB,,True,Active,,,,,FA,FA,FA,FA,PREDRAFT,4,0,0,0,0,True,False
1175,Casey Hayward,CB,,True,Active,,,,,FA,FA,FA,FA,PREDRAFT,4,0,0,0,0,True,False
13720,Ceyair Wright,CB,,True,Active,,,,,FA,FA,FA,FA,PREDRAFT,4,0,0,0,0,True,False
13514,Chandler Rivers,CB,BAL,True,Active,,,RCB,2,FA,FA,FA,FA,PREDRAFT,4,0,0,0,0,True,False
5181,Chandon Sullivan,CB,,True,Active,,,,,FA,FA,FA,FA,PREDRAFT,4,0,0,0,0,True,False
13828,Channing Canada,CB,NE,True,Active,,,RCB,2,FA,FA,FA,FA,PREDRAFT,4,0,0,0,0,True,False
4567,Channing Stribling,CB,,True,Active,,,,,FA,FA,FA,FA,PREDRAFT,4,0,0,0,0,True,False
13513,Charles Demmings,CB,MIN,True,Active,,,LCB,2,FA,FA,FA,FA,PREDRAFT,4,0,0,0,0,True,False
12137,Charles Woods,CB,NE,True,Active,,,NB,2,FA,FA,FA,FA,PREDRAFT,4,0,0,0,0,True,False
5493,Charvarius Ward,CB,IND,True,Active,Questionable,,LCB,1,FA,FA,FA,FA,PREDRAFT,4,0,0,0,0,True,False
12441,Chase Williams,CB,,True,Active,,,,,FA,FA,FA,FA,PREDRAFT,4,0,0,0,0,True,False
4107,Chidobe Awuzie,CB,BAL,True,Active,,,RCB,1,FA,FA,FA,FA,PREDRAFT,4,0,0,0,0,True,False
11938,Chigozie Anusiem,CB,LV,True,Inactive,IR,,DB,,FA,FA,FA,FA,PREDRAFT,4,0,0,0,0,True,False
5350,Chris Campbell,CB,,True,Active,,,,,FA,FA,FA,FA,PREDRAFT,4,0,0,0,0,True,False
5105,Chris Campbell,CB,,True,Active,,,,,FA,FA,FA,FA,PREDRAFT,4,0,0,0,0,True,False
869,Chris Harris,CB,,True,Active,,,,,FA,FA,FA,FA,PREDRAFT,4,0,0,0,0,True,False
5815,Chris Jones,CB,,True,Active,,,,,FA,FA,FA,FA,PREDRAFT,4,0,0,0,0,True,False
5508,Chris Lammons,CB,,True,Active,Questionable,,,,FA,FA,FA,FA,PREDRAFT,4,0,0,0,0,True,False
11968,Chris McDonald,CB,,True,Active,,,,,FA,FA,FA,FA,PREDRAFT,4,0,0,0,0,True,False
12183,Chris Roland-Wallace,CB,KC,True,Active,,,NB,1,FA,FA,FA,FA,PREDRAFT,4,0,0,0,0,True,False
6243,Chris Westry,CB,,True,Active,,,,,FA,FA,FA,FA,PREDRAFT,4,0,0,0,0,True,False
7755,Chris Wilcox,CB,,True,Active,,,,,FA,FA,FA,FA,PREDRAFT,4,0,0,0,0,True,False
7151,Chris Williamson,CB,,True,Active,,,,,FA,FA,FA,FA,PREDRAFT,4,0,0,0,0,True,False
5783,Christian Boutte,CB,,True,Active,,,,,FA,FA,FA,FA,PREDRAFT,4,0,0,0,0,True,False
8516,Christian Holmes,CB,,True,Active,,,,,FA,FA,FA,FA,PREDRAFT,4,0,0,0,0,True,False
13055,Clarence Lewis,CB,,True,Active,,,,,FA,FA,FA,FA,PREDRAFT,4,0,0,0,0,True,False
10954,Clark Phillips,CB,CHI,True,Active,,,RCB,2,FA,FA,FA,FA,PREDRAFT,4,0,0,0,0,True,False
12423,Clay Fields,CB,,True,Active,,,,,FA,FA,FA,FA,PREDRAFT,4,0,0,0,0,True,False
3641,Cleveland Wallace,CB,,True,Active,,,,,FA,FA,FA,FA,PREDRAFT,4,0,0,0,0,True,False
5998,Clifton Duck,CB,,True,Active,,,,,FA,FA,FA,FA,PREDRAFT,4,0,0,0,0,True,False
13738,Colby Humphrey,CB,,True,Active,,,,,FA,FA,FA,FA,PREDRAFT,4,0,0,0,0,True,False
11331,Colby Richardson,CB,,True,Active,,,,,FA,FA,FA,FA,PREDRAFT,4,0,0,0,0,True,False
11285,Cole Coleman,CB,,True,Active,,,,,FA,FA,FA,FA,PREDRAFT,4,0,0,0,0,True,False
4359,Cole Luke,CB,,True,Active,,,,,FA,FA,FA,FA,PREDRAFT,4,0,0,0,0,True,False
13769,Collin Wright,CB,HOU,True,Active,,,RCB,3,FA,FA,FA,FA,PREDRAFT,4,0,0,0,0,True,False
4134,Cordrea Tankersley,CB,,True,Active,,,,,FA,FA,FA,FA,PREDRAFT,4,0,0,0,0,True,False
6283,Corey Ballentine,CB,,True,Active,,,,,FA,FA,FA,FA,PREDRAFT,4,0,0,0,0,True,False
11406,Corey Mayfield,CB,,True,Active,,,,,FA,FA,FA,FA,PREDRAFT,4,0,0,0,0,True,False
8012,Corey Straughter,CB,,True,Active,,,,,FA,FA,FA,FA,PREDRAFT,4,0,0,0,0,True,False
12957,Corey Thornton,CB,CAR,True,Active,,,,,FA,FA,FA,FA,PREDRAFT,4,0,0,0,0,True,False
4192,Corn Elder,CB,,True,Active,,,,,FA,FA,FA,FA,PREDRAFT,4,0,0,0,0,True,False
11037,Cory Trice,CB,,True,Active,Questionable,,,,FA,FA,FA,FA,PREDRAFT,4,0,0,0,0,True,False
1095,Coty Sensabaugh,CB,,True,Active,,,,,FA,FA,FA,FA,PREDRAFT,4,0,0,0,0,True,False
5583,Craig James,CB,,True,Active,,,,,FA,FA,FA,FA,PREDRAFT,4,0,0,0,0,True,False
5451,Curtis Mikell,CB,,True,Active,,,,,FA,FA,FA,FA,PREDRAFT,4,0,0,0,0,True,False
3229,Cyrus Jones,CB,,True,Active,,,,,FA,FA,FA,FA,PREDRAFT,4,0,0,0,0,True,False
6683,D'Andre Payne,CB,,True,Active,,,,,FA,FA,FA,FA,PREDRAFT,4,0,0,0,0,True,False
11507,D'Angelo Mandell,CB,,True,Active,,,,,FA,FA,FA,FA,PREDRAFT,4,0,0,0,0,True,False
13903,D'Arco Perkins-McAllister,CB,KC,True,Active,,,,,FA,FA,FA,FA,PREDRAFT,4,0,0,0,0,True,False
5579,D'Montre Wade,CB,,True,Active,,,,,FA,FA,FA,FA,PREDRAFT,4,0,0,0,0,True,False
11173,D'Shawn Jamison,CB,ARI,True,Active,,,,,FA,FA,FA,FA,PREDRAFT,4,0,0,0,0,True,False
1472,D.J. Hayden,CB,WAS,True,Active,,,,,FA,FA,FA,FA,PREDRAFT,4,0,0,0,0,True,False
12257,D.J. Miller,CB,,True,Active,,,,,FA,FA,FA,FA,PREDRAFT,4,0,0,0,0,True,False
5372,D.J. Reed,CB,DET,True,Active,Questionable,,RCB,1,FA,FA,FA,FA,PREDRAFT,4,0,0,0,0,True,False
11162,D.J. Stirgus,CB,,True,Active,,,,,FA,FA,FA,FA,PREDRAFT,4,0,0,0,0,True,False
3334,D.J. White,CB,,True,Active,,,,,FA,FA,FA,FA,PREDRAFT,4,0,0,0,0,True,False
8011,DJ Daniel,CB,NE,True,Active,,,,,FA,FA,FA,FA,PREDRAFT,4,0,0,0,0,True,False
11032,DJ Ivey,CB,CIN,True,Active,,,RCB,2,FA,FA,FA,FA,PREDRAFT,4,0,0,0,0,True,False
11801,DJ James,CB,,True,Active,Questionable,,,,FA,FA,FA,FA,PREDRAFT,4,0,0,0,0,True,False
13616,Da'Veawn Armstead,CB,MIN,True,Active,,,,,FA,FA,FA,FA,PREDRAFT,4,0,0,0,0,True,False
4637,DaShaun Amos,CB,,True,Inactive,,,,,FA,FA,FA,FA,PREDRAFT,4,0,0,0,0,True,False
11781,Daequan Hardy,CB,PIT,True,Inactive,IR,,DB,,FA,FA,FA,FA,PREDRAFT,4,0,0,0,0,True,False
6630,Dakari Monroe,CB,,True,Active,,,,,FA,FA,FA,FA,PREDRAFT,4,0,0,0,0,True,False
8833,Dallis Flowers,CB,CHI,True,Inactive,IR,,DB,,FA,FA,FA,FA,PREDRAFT,4,0,0,0,0,True,False
13027,Dalys Beanum,CB,,True,Active,Questionable,,,,FA,FA,FA,FA,PREDRAFT,4,0,0,0,0,True,False
2335,Damarious Randall,CB,,True,Active,,,,,FA,FA,FA,FA,PREDRAFT,4,0,0,0,0,True,False
6840,Damon Arnette,CB,,True,Active,,,,,FA,FA,FA,FA,PREDRAFT,4,0,0,0,0,True,False
6969,Dane Jackson,CB,,True,Active,NA,,,,FA,FA,FA,FA,PREDRAFT,4,0,0,0,0,True,False
3586,Daniel Davie,CB,,True,Active,,,,,FA,FA,FA,FA,PREDRAFT,4,0,0,0,0,True,False
4743,Daniel Gray,CB,,True,Active,,,,,FA,FA,FA,FA,PREDRAFT,4,0,0,0,0,True,False
5388,Danny Johnson,CB,,True,Active,,,,,FA,FA,FA,FA,PREDRAFT,4,0,0,0,0,True,False
4691,Dante Blackmon,CB,,True,Active,,,,,FA,FA,FA,FA,PREDRAFT,4,0,0,0,0,True,False
5526,Darious Williams,CB,,True,Active,NA,,,,FA,FA,FA,FA,PREDRAFT,4,0,0,0,0,True,False
5079,Darius Phillips,CB,,True,Inactive,,,,,FA,FA,FA,FA,PREDRAFT,4,0,0,0,0,True,False
1518,Darius Slay,CB,,True,Active,NA,,,,FA,FA,FA,FA,PREDRAFT,4,0,0,0,0,True,False
3591,Darius White,CB,,True,Active,,,,,FA,FA,FA,FA,PREDRAFT,4,0,0,0,0,True,False
6180,Darius Williams,CB,,True,Active,,,,,FA,FA,FA,FA,PREDRAFT,4,0,0,0,0,True,False
6882,Darnay Holmes,CB,ATL,True,Active,,,,,FA,FA,FA,FA,PREDRAFT,4,0,0,0,0,True,False
1887,Darqueze Dennard,CB,,True,Active,,,,,FA,FA,FA,FA,PREDRAFT,4,0,0,0,0,True,False
8666,Darrell Baker,CB,MIA,True,Active,PUP,,LCB,2,FA,FA,FA,FA,PREDRAFT,4,0,0,0,0,True,False
10978,Darrell Luter,CB,LV,True,Active,,,NB,3,FA,FA,FA,FA,PREDRAFT,4,0,0,0,0,True,False
7730,Darren Hall,CB,ATL,True,Inactive,IR,,DB,,FA,FA,FA,FA,PREDRAFT,4,0,0,0,0,True,False
11442,Darrious Gaines,CB,,True,Active,,,,,FA,FA,FA,FA,PREDRAFT,4,0,0,0,0,True,False
2546,Darryl Roberts,CB,,True,Active,,,,,FA,FA,FA,FA,PREDRAFT,4,0,0,0,0,True,False
3246,Daryl Worley,CB,,True,Active,,,,,FA,FA,FA,FA,PREDRAFT,4,0,0,0,0,True,False
13637,Dashawn Jones,CB,,True,Active,,,,,FA,FA,FA,FA,PREDRAFT,4,0,0,0,0,True,False
6042,Davante Davis,CB,,True,Active,,,,,FA,FA,FA,FA,PREDRAFT,4,0,0,0,0,True,False
5914,David Long,CB,NO,True,Inactive,IR,,DB,,FA,FA,FA,FA,PREDRAFT,4,0,0,0,0,True,False
6678,David Simmons,CB,,True,Active,,,,,FA,FA,FA,FA,PREDRAFT,4,0,0,0,0,True,False
8730,David Vereen,CB,,True,Active,,,,,FA,FA,FA,FA,PREDRAFT,4,0,0,0,0,True,False
13454,Davison Igbinosun,CB,BUF,True,Active,,,RCB,2,FA,FA,FA,FA,PREDRAFT,4,0,0,0,0,True,False
5078,Davontae Harris,CB,,True,Active,,,,,FA,FA,FA,FA,PREDRAFT,4,0,0,0,0,True,False
13470,Daylen Everette,CB,PIT,True,Active,,,LCB,2,FA,FA,FA,FA,PREDRAFT,4,0,0,0,0,True,False
13742,De'Shawn Rucker,CB,,True,Inactive,Questionable,,,,FA,FA,FA,FA,PREDRAFT,4,0,0,0,0,True,False
3022,De'Vante Bausby,CB,,True,Active,,,,,FA,FA,FA,FA,PREDRAFT,4,0,0,0,0,True,False
8588,De'Vante Cross,CB,,True,Active,,,,,FA,FA,FA,FA,PREDRAFT,4,0,0,0,0,True,False
5852,DeAndre Baker,CB,,True,Active,,,,,FA,FA,FA,FA,PREDRAFT,4,0,0,0,0,True,False
13753,DeCarlos Nicholson,CB,,True,Active,,,,,FA,FA,FA,FA,PREDRAFT,4,0,0,0,0,True,False
7423,DeMarkus Acy,CB,,True,Active,,,,,FA,FA,FA,FA,PREDRAFT,4,0,0,0,0,True,False
12008,DeShawn Gaddie,CB,,True,Active,,,,,FA,FA,FA,FA,PREDRAFT,4,0,0,0,0,True,False
4294,Deante Burton,CB,,True,Active,,,,,FA,FA,FA,FA,PREDRAFT,4,0,0,0,0,True,False
11772,Deantre Prince,CB,CHI,True,Active,,,,,FA,FA,FA,FA,PREDRAFT,4,0,0,0,0,True,False
7033,Debione Renfro,CB,,True,Inactive,,,,,FA,FA,FA,FA,PREDRAFT,4,0,0,0,0,True,False
11738,Decamerion Richardson,CB,NO,True,Active,,,LCB,2,FA,FA,FA,FA,PREDRAFT,4,0,0,0,0,True,False
5658,Dee Delaney,CB,,True,Active,,,,,FA,FA,FA,FA,PREDRAFT,4,0,0,0,0,True,False
4772,Dejaun Butler,CB,,True,Active,,,,,FA,FA,FA,FA,PREDRAFT,4,0,0,0,0,True,False
8779,Delonte Hood,CB,,True,Active,,,,,FA,FA,FA,FA,PREDRAFT,4,0,0,0,0,True,False
12657,Denzel Burke,CB,ARI,True,Active,,,RCB,1,FA,FA,FA,FA,PREDRAFT,4,0,0,0,0,True,False
4964,Denzel Ward,CB,CLE,True,Active,,,LCB,1,FA,FA,FA,FA,PREDRAFT,4,0,0,0,0,True,False
11425,Derrek Pitts,CB,,True,Active,,,,,FA,FA,FA,FA,PREDRAFT,4,0,0,0,0,True,False
6054,Derrick Baity,CB,,True,Active,,,,,FA,FA,FA,FA,PREDRAFT,4,0,0,0,0,True,False
13216,Derrick Canteen,CB,,True,Active,,,,,FA,FA,FA,FA,PREDRAFT,4,0,0,0,0,True,False
11310,Derrick Langford,CB,,True,Active,,,,,FA,FA,FA,FA,PREDRAFT,4,0,0,0,0,True,False
1545,Desmond Trufant,CB,,True,Active,,,,,FA,FA,FA,FA,PREDRAFT,4,0,0,0,0,True,False
8920,Devin Jones,CB,,True,Active,,,,,FA,FA,FA,FA,PREDRAFT,4,0,0,0,0,True,False
13496,Devin Moore,CB,DAL,True,Active,IR,,LCB,3,FA,FA,FA,FA,PREDRAFT,4,0,0,0,0,True,False
8596,Devin Taylor,CB,,True,Active,,,,,FA,FA,FA,FA,PREDRAFT,4,0,0,0,0,True,False
13654,Devon Marshall,CB,,True,Inactive,Questionable,,,,FA,FA,FA,FA,PREDRAFT,4,0,0,0,0,True,False
2169,Devonta Glover-Wright,CB,,True,Inactive,,,LCB,3,FA,FA,FA,FA,PREDRAFT,4,0,0,0,0,True,False
13977,Devonta Smith,CB,CAR,True,Active,,,,,FA,FA,FA,FA,PREDRAFT,4,0,0,0,0,True,False
3662,Devonte Johnson,CB,,True,Active,,,,,FA,FA,FA,FA,PREDRAFT,4,0,0,0,0,True,False
11132,Divaad Wilson,CB,,True,Inactive,Questionable,,,,FA,FA,FA,FA,PREDRAFT,4,0,0,0,0,True,False
13544,Domani Jackson,CB,GB,True,Active,,,,,FA,FA,FA,FA,PREDRAFT,4,0,0,0,0,True,False
11750,Dominique Hampton,CB,,True,Inactive,Questionable,,,,FA,FA,FA,FA,PREDRAFT,4,0,0,0,0,True,False
8097,Dominique Martin,CB,,True,Active,,,,,FA,FA,FA,FA,PREDRAFT,4,0,0,0,0,True,False
95,Dominique Rodgers-Cromartie,CB,,True,Active,,,,,FA,FA,FA,FA,PREDRAFT,4,0,0,0,0,True,False
12178,Don Callis,CB,,True,Active,,,,,FA,FA,FA,FA,PREDRAFT,4,0,0,0,0,True,False
8872,Don Gardner,CB,,True,Active,,,,,FA,FA,FA,FA,PREDRAFT,4,0,0,0,0,True,False
2710,Donald Celiscar,CB,,True,Active,,,,,FA,FA,FA,FA,PREDRAFT,4,0,0,0,0,True,False
6034,Donnie Lewis,CB,DEN,True,Inactive,,,,,FA,FA,FA,FA,PREDRAFT,4,0,0,0,0,True,False
5492,Donovan Olumba,CB,,True,Active,,,,,FA,FA,FA,FA,PREDRAFT,4,0,0,0,0,True,False
2258,Dontae Johnson,CB,,True,Inactive,,,,,FA,FA,FA,FA,PREDRAFT,4,0,0,0,0,True,False
12885,Dontae Manning,CB,,True,Active,IR,,DB,,FA,FA,FA,FA,PREDRAFT,4,0,0,0,0,True,False
3765,Donte Deayon,CB,,True,Active,,,,,FA,FA,FA,FA,PREDRAFT,4,0,0,0,0,True,False
5051,Donte Jackson,CB,LAC,True,Active,,,LCB,2,FA,FA,FA,FA,PREDRAFT,4,0,0,0,0,True,False
12734,Donte Kent,CB,PIT,True,Active,PUP,,DB,,FA,FA,FA,FA,PREDRAFT,4,0,0,0,0,True,False
7333,Donte Vaughn,CB,,True,Active,,,,,FA,FA,FA,FA,PREDRAFT,4,0,0,0,0,True,False
4586,Dontrell Nelson,CB,,True,Active,,,,,FA,FA,FA,FA,PREDRAFT,4,0,0,0,0,True,False
12687,Dorian Strong,CB,BUF,True,Inactive,PUP,,DB,,FA,FA,FA,FA,PREDRAFT,4,0,0,0,0,True,False
1068,Dre Kirkpatrick,CB,,True,Active,,,,,FA,FA,FA,FA,PREDRAFT,4,0,0,0,0,True,False
2960,DreQuan Hoskey,CB,,True,Active,,,,,FA,FA,FA,FA,PREDRAFT,4,0,0,0,0,True,False
13811,Drey Norwood,CB,,True,Active,Questionable,,,,FA,FA,FA,FA,PREDRAFT,4,0,0,0,0,True,False
5028,Duke Dawson,CB,,True,Active,,,,,FA,FA,FA,FA,PREDRAFT,4,0,0,0,0,True,False
3735,Duke Thomas,CB,,True,Active,,,,,FA,FA,FA,FA,PREDRAFT,4,0,0,0,0,True,False
8742,Duron Lowe,CB,,True,Active,,,,,FA,FA,FA,FA,PREDRAFT,4,0,0,0,0,True,False
4429,Dwayne Thomas,CB,,True,Active,,,,,FA,FA,FA,FA,PREDRAFT,4,0,0,0,0,True,False
6332,Dylan Mabin,CB,,True,Active,,,,,FA,FA,FA,FA,PREDRAFT,4,0,0,0,0,True,False
12081,Dyshawn Gales,CB,,True,Active,,,,,FA,FA,FA,FA,PREDRAFT,4,0,0,0,0,True,False
12286,Eddie Heckard,CB,,True,Active,,,,,FA,FA,FA,FA,PREDRAFT,4,0,0,0,0,True,False
11448,Ekow Boye-Doe,CB,,True,Active,,,,,FA,FA,FA,FA,PREDRAFT,4,0,0,0,0,True,False
3189,Eli Apple,CB,,True,Active,,,,,FA,FA,FA,FA,PREDRAFT,4,0,0,0,0,True,False
11278,Eli Ricks,CB,,True,Active,,,,,FA,FA,FA,FA,PREDRAFT,4,0,0,0,0,True,False
3604,Elie Bouka,CB,,True,Active,,,,,FA,FA,FA,FA,PREDRAFT,4,0,0,0,0,True,False
5518,Elijah Battle,CB,,True,Active,,,,,FA,FA,FA,FA,PREDRAFT,4,0,0,0,0,True,False
13845,Elijah Culp,CB,,True,Active,,,,,FA,FA,FA,FA,PREDRAFT,4,0,0,0,0,True,False
8856,Elijah Hamilton,CB,,True,Active,,,,,FA,FA,FA,FA,PREDRAFT,4,0,0,0,0,True,False
8896,Elijah Jones,CB,,True,Active,,,,,FA,FA,FA,FA,PREDRAFT,4,0,0,0,0,True,False
4844,Elijah Mitchell,CB,,True,Active,,,,,FA,FA,FA,FA,PREDRAFT,4,0,0,0,0,True,False
7682,Elijah Molden,CB,LAC,True,Active,,,FS,1,FA,FA,FA,FA,PREDRAFT,4,0,0,0,0,True,False
10882,Emmanuel Forbes,CB,LAR,True,Active,,,RCB,2,FA,FA,FA,FA,PREDRAFT,4,0,0,0,0,True,False
5436,Emmanuel Moseley,CB,,True,Active,Questionable,,,,FA,FA,FA,FA,PREDRAFT,4,0,0,0,0,True,False
8030,Emmanuel Rugamba,CB,,True,Active,,,,,FA,FA,FA,FA,PREDRAFT,4,0,0,0,0,True,False
13478,Ephesians Prysock,CB,SF,True,Active,Questionable,,RCB,2,FA,FA,FA,FA,PREDRAFT,4,0,0,0,0,True,False
11479,Eric Garror,CB,,True,Active,,,,,FA,FA,FA,FA,PREDRAFT,4,0,0,0,0,True,False
3571,Eric Rawls,CB,,True,Active,,,,,FA,FA,FA,FA,PREDRAFT,4,0,0,0,0,True,False
7628,Eric Stokes,CB,LV,True,Active,,,LCB,1,FA,FA,FA,FA,PREDRAFT,4,0,0,0,0,True,False
6925,Essang Bassey,CB,,True,Active,,,,,FA,FA,FA,FA,PREDRAFT,4,0,0,0,0,True,False
11391,Ethan Bonner,CB,MIA,True,Active,,,,,FA,FA,FA,FA,PREDRAFT,4,0,0,0,0,True,False
4633,Ezra Robinson,CB,,True,Active,,,,,FA,FA,FA,FA,PREDRAFT,4,0,0,0,0,True,False
4126,Fabian Moreau,CB,WAS,True,Active,,,RCB,2,FA,FA,FA,FA,PREDRAFT,4,0,0,0,0,True,False
8521,Faion Hicks,CB,,True,Active,,,,,FA,FA,FA,FA,PREDRAFT,4,0,0,0,0,True,False
12846,Fentrell Cypress,CB,,True,Active,Questionable,,,,FA,FA,FA,FA,PREDRAFT,4,0,0,0,0,True,False
13675,Fred Davis,CB,WAS,True,Active,,,,,FA,FA,FA,FA,PREDRAFT,4,0,0,0,0,True,False
11973,Gabe Jeudy-Lally,CB,,True,Active,,,,,FA,FA,FA,FA,PREDRAFT,4,0,0,0,0,True,False
4057,Gareon Conley,CB,,True,Active,,,,,FA,FA,FA,FA,PREDRAFT,4,0,0,0,0,True,False
13135,Garnett Hollis,CB,,True,Active,,,,,FA,FA,FA,FA,PREDRAFT,4,0,0,0,0,True,False
7433,Gavin Heslop,CB,,True,Active,,,,,FA,FA,FA,FA,PREDRAFT,4,0,0,0,0,True,False
13109,Gavin Holmes,CB,,True,Active,,,,,FA,FA,FA,FA,PREDRAFT,4,0,0,0,0,True,False
13019,Greedy Vance,CB,LV,True,Active,,,,,FA,FA,FA,FA,PREDRAFT,4,0,0,0,0,True,False
6123,Greedy Williams,CB,,True,Active,,,,,FA,FA,FA,FA,PREDRAFT,4,0,0,0,0,True,False
4476,Greg Mabin,CB,,True,Active,,,,,FA,FA,FA,FA,PREDRAFT,4,0,0,0,0,True,False
7630,Greg Newsome,CB,NYG,True,Active,Questionable,,RCB,1,FA,FA,FA,FA,PREDRAFT,4,0,0,0,0,True,False
5368,Greg Stroman,CB,,True,Active,,,,,FA,FA,FA,FA,PREDRAFT,4,0,0,0,0,True,False
8503,Gregory Junior,CB,,True,Active,,,,,FA,FA,FA,FA,PREDRAFT,4,0,0,0,0,True,False
7306,Hakeem Bailey,CB,,True,Active,,,,,FA,FA,FA,FA,PREDRAFT,4,0,0,0,0,True,False
5909,Hamp Cheevers,CB,,True,Active,,,,,FA,FA,FA,FA,PREDRAFT,4,0,0,0,0,True,False
6961,Harrison Hand,CB,,True,Active,,,,,FA,FA,FA,FA,PREDRAFT,4,0,0,0,0,True,False
6640,Herb Miller,CB,,True,Active,,,,,FA,FA,FA,FA,PREDRAFT,4,0,0,0,0,True,False
13508,Hezekiah Masses,CB,LV,True,Active,,,LCB,2,FA,FA,FA,FA,PREDRAFT,4,0,0,0,0,True,False
5214,Holton Hill,CB,,True,Active,,,,,FA,FA,FA,FA,PREDRAFT,4,0,0,0,0,True,False
4410,Horace Richardson,CB,,True,Active,,,,,FA,FA,FA,FA,PREDRAFT,4,0,0,0,0,True,False
4161,Howard Wilson,CB,,True,Active,,,,,FA,FA,FA,FA,PREDRAFT,4,0,0,0,0,True,False
3434,Ian Wells,CB,,True,Active,,,,,FA,FA,FA,FA,PREDRAFT,4,0,0,0,0,True,False
7680,Ifeatu Melifonwu,CB,TB,True,Active,,,,,FA,FA,FA,FA,PREDRAFT,4,0,0,0,0,True,False
7207,Ike Brown,CB,,True,Active,,,,,FA,FA,FA,FA,PREDRAFT,4,0,0,0,0,True,False
6023,Iman Marshall,CB,,True,Active,,,,,FA,FA,FA,FA,PREDRAFT,4,0,0,0,0,True,False
2812,Imoan Claiborne,CB,,True,Active,,,,,FA,FA,FA,FA,PREDRAFT,4,0,0,0,0,True,False
12331,Irshaad Davis,CB,,True,Active,,,,,FA,FA,FA,FA,PREDRAFT,4,0,0,0,0,True,False
5048,Isaac Yiadom,CB,WAS,True,Active,,,,,FA,FA,FA,FA,PREDRAFT,4,0,0,0,0,True,False
11033,Isaiah Bolden,CB,,True,Active,,,,,FA,FA,FA,FA,PREDRAFT,4,0,0,0,0,True,False
5951,Isaiah Johnson,CB,,True,Active,,,,,FA,FA,FA,FA,PREDRAFT,4,0,0,0,0,True,False
5044,Isaiah Oliver,CB,,True,Active,,,,,FA,FA,FA,FA,PREDRAFT,4,0,0,0,0,True,False
7133,Isaiah Rodgers,CB,MIN,True,Active,,,RCB,1,FA,FA,FA,FA,PREDRAFT,4,0,0,0,0,True,False
7242,Isiah Swann,CB,,True,Active,,,,,FA,FA,FA,FA,PREDRAFT,4,0,0,0,0,True,False
4560,J.D. Harmon,CB,,True,Active,,,,,FA,FA,FA,FA,PREDRAFT,4,0,0,0,0,True,False
4495,J.R. Nelson,CB,,True,Inactive,,,,,FA,FA,FA,FA,PREDRAFT,4,0,0,0,0,True,False
12768,JB Brown,CB,,True,Active,,,,,FA,FA,FA,FA,PREDRAFT,4,0,0,0,0,True,False
8901,Ja'Marcus Ingram,CB,HOU,True,Inactive,IR,,LCB,3,FA,FA,FA,FA,PREDRAFT,4,0,0,0,0,True,False
8752,Ja'Quan McMillian,CB,DEN,True,Active,,,NB,1,FA,FA,FA,FA,PREDRAFT,4,0,0,0,0,True,False
13186,JaTravis Broughton,CB,,True,Active,,,,,FA,FA,FA,FA,PREDRAFT,4,0,0,0,0,True,False
12916,Jabbar Muhammad,CB,JAX,True,Active,,,,,FA,FA,FA,FA,PREDRAFT,4,0,0,0,0,True,False
7169,Jace Whittaker,CB,,True,Active,,,,,FA,FA,FA,FA,PREDRAFT,4,0,0,0,0,True,False
5758,Jackson Porter,CB,,True,Active,,,,,FA,FA,FA,FA,PREDRAFT,4,0,0,0,0,True,False
12806,Jacobe Covington,CB,,True,Active,,,,,FA,FA,FA,FA,PREDRAFT,4,0,0,0,0,True,False
12432,Jacobi Francis,CB,,True,Active,,,,,FA,FA,FA,FA,PREDRAFT,4,0,0,0,0,True,False
12771,Jaden Robinson,CB,,True,Active,Questionable,,,,FA,FA,FA,FA,PREDRAFT,4,0,0,0,0,True,False
13500,Jadon Canady,CB,KC,True,Active,,,NB,2,FA,FA,FA,FA,PREDRAFT,4,0,0,0,0,True,False
14052,Jai'Onte' McMillan,CB,,True,Active,,,,,FA,FA,FA,FA,PREDRAFT,4,0,0,0,0,True,False
4979,Jaire Alexander,CB,,True,Active,,,,,FA,FA,FA,FA,PREDRAFT,4,0,0,0,0,True,False
12763,Jakob Robinson,CB,SF,True,Active,,,,,FA,FA,FA,FA,PREDRAFT,4,0,0,0,0,True,False
5222,Jalen Davis,CB,CIN,True,Active,,,NB,1,FA,FA,FA,FA,PREDRAFT,4,0,0,0,0,True,False
7305,Jalen Julius,CB,,True,Active,,,,,FA,FA,FA,FA,PREDRAFT,4,0,0,0,0,True,False
13059,Jalen Kimber,CB,,True,Active,,,,,FA,FA,FA,FA,PREDRAFT,4,0,0,0,0,True,False
13679,Jalen McMurray,CB,TEN,True,Active,,,,,FA,FA,FA,FA,PREDRAFT,4,0,0,0,0,True,False
3388,Jalen Mills,CB,,True,Active,,,,,FA,FA,FA,FA,PREDRAFT,4,0,0,0,0,True,False
3160,Jalen Ramsey,CB,PIT,True,Active,Questionable,,NB,1,FA,FA,FA,FA,PREDRAFT,4,0,0,0,0,True,False
6232,Jalin Burrell,CB,,True,Active,,,,,FA,FA,FA,FA,PREDRAFT,4,0,0,0,0,True,False
13511,Jalon Kilgore,CB,BUF,True,Active,,,SS,2,FA,FA,FA,FA,PREDRAFT,4,0,0,0,0,True,False
4658,Jamal Perry,CB,,True,Active,,,,,FA,FA,FA,FA,PREDRAFT,4,0,0,0,0,True,False
5899,Jamal Peters,CB,,True,Active,,,,,FA,FA,FA,FA,PREDRAFT,4,0,0,0,0,True,False
1359,Jamar Taylor,CB,,True,Active,,,,,FA,FA,FA,FA,PREDRAFT,4,0,0,0,0,True,False
5946,Jamel Dean,CB,PIT,True,Active,,,RCB,1,FA,FA,FA,FA,PREDRAFT,4,0,0,0,0,True,False
3231,James Bradberry,CB,,True,Active,,,,,FA,FA,FA,FA,PREDRAFT,4,0,0,0,0,True,False
11221,James Campbell,CB,,True,Active,,,,,FA,FA,FA,FA,PREDRAFT,4,0,0,0,0,True,False
7419,James Pierre,CB,MIN,True,Active,,,LCB,1,FA,FA,FA,FA,PREDRAFT,4,0,0,0,0,True,False
7250,Jameson Houston,CB,,True,Active,,,,,FA,FA,FA,FA,PREDRAFT,4,0,0,0,0,True,False
1203,Janoris Jenkins,CB,,True,Active,,,,,FA,FA,FA,FA,PREDRAFT,4,0,0,0,0,True,False
4789,Jarell Carter,CB,,True,Active,,,,,FA,FA,FA,FA,PREDRAFT,4,0,0,0,0,True,False
12056,Jarius Monroe,CB,,True,Active,,,,,FA,FA,FA,FA,PREDRAFT,4,0,0,0,0,True,False
7170,Jarren Williams,CB,,True,Active,,,,,FA,FA,FA,FA,PREDRAFT,4,0,0,0,0,True,False
11001,Jarrick Bernard-Converse,CB,NYG,True,Inactive,IR,,DB,,FA,FA,FA,FA,PREDRAFT,4,0,0,0,0,True,False
12417,Jason Maitre,CB,,True,Active,Questionable,,,,FA,FA,FA,FA,PREDRAFT,4,0,0,0,0,True,False
12675,Jason Marshall,CB,MIA,True,Active,,,LCB,1,FA,FA,FA,FA,PREDRAFT,4,0,0,0,0,True,False
7816,Jason Pinnock,CB,NYG,True,Active,,,SS,2,FA,FA,FA,FA,PREDRAFT,4,0,0,0,0,True,False
2055,Jason Verrett,CB,,True,Active,,,,,FA,FA,FA,FA,PREDRAFT,4,0,0,0,0,True,False
6974,Javaris Davis,CB,,True,Active,,,,,FA,FA,FA,FA,PREDRAFT,4,0,0,0,0,True,False
7392,Javelin Guidry,CB,,True,Active,,,,,FA,FA,FA,FA,PREDRAFT,4,0,0,0,0,True,False
3886,Javien Elliott,CB,,True,Active,,,,,FA,FA,FA,FA,PREDRAFT,4,0,0,0,0,True,False
6620,Javien Hamilton,CB,,True,Inactive,,,,,FA,FA,FA,FA,PREDRAFT,4,0,0,0,0,True,False
2814,Jay Hughes,CB,,True,Active,,,,,FA,FA,FA,FA,PREDRAFT,4,0,0,0,0,True,False
7642,Jaycee Horn,CB,CAR,True,Active,,,RCB,1,FA,FA,FA,FA,PREDRAFT,4,0,0,0,0,True,False
12196,Jayden Price,CB,NO,True,Active,,,NB,2,FA,FA,FA,FA,PREDRAFT,4,0,0,0,0,True,False
12626,Jaylin Smith,CB,HOU,True,Active,,,RCB,2,FA,FA,FA,FA,PREDRAFT,4,0,0,0,0,True,False
11085,Jaylin Williams,CB,,True,Active,,,,,FA,FA,FA,FA,PREDRAFT,4,0,0,0,0,True,False
13707,Jaylon Guilbeau,CB,,True,Active,,,,,FA,FA,FA,FA,PREDRAFT,4,0,0,0,0,True,False
8702,Jaylon Jones,CB,,True,Inactive,Questionable,,,,FA,FA,FA,FA,PREDRAFT,4,0,0,0,0,True,False
6349,Jayson Stanley,CB,,True,Inactive,,,,,FA,FA,FA,FA,PREDRAFT,4,0,0,0,0,True,False
7924,Jaytlin Askew,CB,,True,Active,,,,,FA,FA,FA,FA,PREDRAFT,4,0,0,0,0,True,False
13892,Jeadyn Lukus,CB,,True,Active,,,,,FA,FA,FA,FA,PREDRAFT,4,0,0,0,0,True,False
6842,Jeff Gladney,CB,,True,Active,,,,,FA,FA,FA,FA,PREDRAFT,4,0,0,0,0,True,False
7198,Jeff Hector,CB,,True,Active,,,,,FA,FA,FA,FA,PREDRAFT,4,0,0,0,0,True,False
6785,Jeff Okudah,CB,,True,Active,Questionable,,,,FA,FA,FA,FA,PREDRAFT,4,0,0,0,0,True,False
13641,Jeremiah McClendon,CB,,True,Active,,,,,FA,FA,FA,FA,PREDRAFT,4,0,0,0,0,True,False
13203,Jeremiah Walker,CB,,True,Active,,,,,FA,FA,FA,FA,PREDRAFT,4,0,0,0,0,True,False
4702,Jeremy Boykins,CB,,True,Active,,,,,FA,FA,FA,FA,PREDRAFT,4,0,0,0,0,True,False
2616,Jeremy Crayton,CB,,True,Active,,,,,FA,FA,FA,FA,PREDRAFT,4,0,0,0,0,True,False
11404,Jeremy Lucien,CB,,True,Active,,,,,FA,FA,FA,FA,PREDRAFT,4,0,0,0,0,True,False
5326,Jermaine Kelly,CB,,True,Active,,,,,FA,FA,FA,FA,PREDRAFT,4,0,0,0,0,True,False
6614,Jermaine Ponder,CB,,True,Active,,,,,FA,FA,FA,FA,PREDRAFT,4,0,0,0,0,True,False
13062,Jermari Harris,CB,,True,Active,,,,,FA,FA,FA,FA,PREDRAFT,4,0,0,0,0,True,False
7889,Jerry Jacobs,CB,,True,Active,,,,,FA,FA,FA,FA,PREDRAFT,4,0,0,0,0,True,False
13634,Jerry Wilson,CB,,True,Active,,,,,FA,FA,FA,FA,PREDRAFT,4,0,0,0,0,True,False
6499,Jhavonte Dean,CB,,True,Active,,,,,FA,FA,FA,FA,PREDRAFT,4,0,0,0,0,True,False
6070,Jimmy Moreland,CB,,True,Inactive,,,,,FA,FA,FA,FA,PREDRAFT,4,0,0,0,0,True,False
3879,Jimmy Pruitt,CB,,True,Active,,,,,FA,FA,FA,FA,PREDRAFT,4,0,0,0,0,True,False
825,Jimmy Smith,CB,,True,Active,,,,,FA,FA,FA,FA,PREDRAFT,4,0,0,0,0,True,False
531,Joe Haden,CB,,True,Active,,,,,FA,FA,FA,FA,PREDRAFT,4,0,0,0,0,True,False
2973,Joe Rankin,CB,,True,Active,,,,,FA,FA,FA,FA,PREDRAFT,4,0,0,0,0,True,False
6127,Joejuan Williams,CB,,True,Active,,,,,FA,FA,FA,FA,PREDRAFT,4,0,0,0,0,True,False
7331,John Brannon,CB,,True,Active,,,,,FA,FA,FA,FA,PREDRAFT,4,0,0,0,0,True,False
4705,John Green,CB,,True,Active,,,,,FA,FA,FA,FA,PREDRAFT,4,0,0,0,0,True,False
13015,John Humphrey,CB,,True,Active,,,,,FA,FA,FA,FA,PREDRAFT,4,0,0,0,0,True,False
7052,John Reid,CB,,True,Active,,,,,FA,FA,FA,FA,PREDRAFT,4,0,0,0,0,True,False
3638,John Tidwell,CB,,True,Active,,,,,FA,FA,FA,FA,PREDRAFT,4,0,0,0,0,True,False
172,Johnathan Joseph,CB,,True,Injured Reserve,,,,,FA,FA,FA,FA,PREDRAFT,4,0,0,0,0,True,False
1076,Johnson Bademosi,CB,,True,Active,,,,,FA,FA,FA,FA,PREDRAFT,4,0,0,0,0,True,False
4478,Jonathan Moxey,CB,,True,Active,,,,,FA,FA,FA,FA,PREDRAFT,4,0,0,0,0,True,False
13938,Jordan Dunbar,CB,,True,Active,,,,,FA,FA,FA,FA,PREDRAFT,4,0,0,0,0,True,False
11153,Jordan Jones,CB,,True,Active,,,,,FA,FA,FA,FA,PREDRAFT,4,0,0,0,0,True,False
12821,Jordan Oladokun,CB,,True,Active,,,,,FA,FA,FA,FA,PREDRAFT,4,0,0,0,0,True,False
11466,Jordan Perryman,CB,,True,Inactive,,,,,FA,FA,FA,FA,PREDRAFT,4,0,0,0,0,True,False
12980,Jordan Polk,CB,,True,Active,,,,,FA,FA,FA,FA,PREDRAFT,4,0,0,0,0,True,False
11527,Jordan Swann,CB,,True,Inactive,,,,,FA,FA,FA,FA,PREDRAFT,4,0,0,0,0,True,False
12994,Jordan Taylor,CB,,True,Active,,,,,FA,FA,FA,FA,PREDRAFT,4,0,0,0,0,True,False
5653,Jordan Thomas,CB,,True,Active,,,,,FA,FA,FA,FA,PREDRAFT,4,0,0,0,0,True,False
14070,Jordan Washington,CB,,True,Active,,,,,FA,FA,FA,FA,PREDRAFT,4,0,0,0,0,True,False
6182,Jordan Wyatt,CB,,True,Active,,,,,FA,FA,FA,FA,PREDRAFT,4,0,0,0,0,True,False
8714,Josh Blackwell,CB,CHI,True,Active,,,NB,2,FA,FA,FA,FA,PREDRAFT,4,0,0,0,0,True,False
11535,Josh Butler,CB,,True,Active,,,,,FA,FA,FA,FA,PREDRAFT,4,0,0,0,0,True,False
12092,Josh DeBerry,CB,,True,Active,,,,,FA,FA,FA,FA,PREDRAFT,4,0,0,0,0,True,False
8587,Josh Drayden,CB,,True,Active,,,,,FA,FA,FA,FA,PREDRAFT,4,0,0,0,0,True,False
10999,Josh Hayes,CB,TB,True,Active,IR,,RCB,2,FA,FA,FA,FA,PREDRAFT,4,0,0,0,0,True,False
11764,Josh Newton,CB,CIN,True,Active,,,NB,2,FA,FA,FA,FA,PREDRAFT,4,0,0,0,0,True,False
1182,Josh Norman,CB,,True,Active,,,,,FA,FA,FA,FA,PREDRAFT,4,0,0,0,0,True,False
5738,Josh Okonye,CB,,True,Active,,,,,FA,FA,FA,FA,PREDRAFT,4,0,0,0,0,True,False
1254,Josh Robinson,CB,,True,Active,,,,,FA,FA,FA,FA,PREDRAFT,4,0,0,0,0,True,False
4601,Josh Thornton,CB,,True,Active,,,,,FA,FA,FA,FA,PREDRAFT,4,0,0,0,0,True,False
13067,Joshua Pickett,CB,,True,Active,,,,,FA,FA,FA,FA,PREDRAFT,4,0,0,0,0,True,False
6624,Joshua Simmons,CB,,True,Active,,,,,FA,FA,FA,FA,PREDRAFT,4,0,0,0,0,True,False
8470,Joshua Williams,CB,TEN,True,Active,IR,,LCB,2,FA,FA,FA,FA,PREDRAFT,4,0,0,0,0,True,False
6935,Josiah Scott,CB,,True,Active,,,,,FA,FA,FA,FA,PREDRAFT,4,0,0,0,0,True,False
4129,Jourdan Lewis,CB,JAX,True,Active,,,NB,1,FA,FA,FA,FA,PREDRAFT,4,0,0,0,0,True,False
5764,Juante Baldwin,CB,,True,Active,,,,,FA,FA,FA,FA,PREDRAFT,4,0,0,0,0,True,False
3580,Julian Whigham,CB,,True,Active,,,,,FA,FA,FA,FA,PREDRAFT,4,0,0,0,0,True,False
8797,Junior Faulk,CB,,True,Active,,,,,FA,FA,FA,FA,PREDRAFT,4,0,0,0,0,True,False
2572,Justin Coleman,CB,,True,Active,,,,,FA,FA,FA,FA,PREDRAFT,4,0,0,0,0,True,False
4611,Justin Hardee,CB,,True,Active,Questionable,,,,FA,FA,FA,FA,PREDRAFT,4,0,0,0,0,True,False
5905,Justin Layne,CB,,True,Inactive,,,,,FA,FA,FA,FA,PREDRAFT,4,0,0,0,0,True,False
12625,Justin Walley,CB,IND,True,Active,,,NB,1,FA,FA,FA,FA,PREDRAFT,4,0,0,0,0,True,False
1913,K'Waun Williams,CB,,True,Active,,,,,FA,FA,FA,FA,PREDRAFT,4,0,0,0,0,True,False
6619,Kabion Ento,CB,,True,Active,,,,,FA,FA,FA,FA,PREDRAFT,4,0,0,0,0,True,False
8857,Kader Kohou,CB,KC,True,Active,,,,,FA,FA,FA,FA,PREDRAFT,4,0,0,0,0,True,False
11489,Kahlef Hailassie,CB,MIN,True,Active,,,,,FA,FA,FA,FA,PREDRAFT,4,0,0,0,0,True,False
12952,Kahzir Brown,CB,,True,Active,,,,,FA,FA,FA,FA,PREDRAFT,4,0,0,0,0,True,False
12123,Kaleb Ford-Dement,CB,,True,Active,,,,,FA,FA,FA,FA,PREDRAFT,4,0,0,0,0,True,False
11134,Kaleb Hayes,CB,,True,Active,,,,,FA,FA,FA,FA,PREDRAFT,4,0,0,0,0,True,False
11830,Kalen King,CB,ARI,True,Active,,,,,FA,FA,FA,FA,PREDRAFT,4,0,0,0,0,True,False
12298,Kalon Gervin,CB,,True,Active,,,,,FA,FA,FA,FA,PREDRAFT,4,0,0,0,0,True,False
13236,Kam Alexander,CB,,True,Active,,,,,FA,FA,FA,FA,PREDRAFT,4,0,0,0,0,True,False
7767,Kary Vincent,CB,,True,Active,,,,,FA,FA,FA,FA,PREDRAFT,4,0,0,0,0,True,False
1459,Kayvon Webster,CB,,True,Active,,,,,FA,FA,FA,FA,PREDRAFT,4,0,0,0,0,True,False
12949,Keenan Garber,CB,,True,Active,,,,,FA,FA,FA,FA,PREDRAFT,4,0,0,0,0,True,False
11424,Keenan Isaac,CB,,True,Active,,,,,FA,FA,FA,FA,PREDRAFT,4,0,0,0,0,True,False
6333,Keisean Nixon,CB,GB,True,Active,,,LCB,1,FA,FA,FA,FA,PREDRAFT,4,0,0,0,0,True,False
3565,Keith Baxter,CB,,True,Active,,,,,FA,FA,FA,FA,PREDRAFT,4,0,0,0,0,True,False
7824,Keith Taylor,CB,,True,Inactive,Questionable,,,,FA,FA,FA,FA,PREDRAFT,4,0,0,0,0,True,False
7658,Kelvin Joseph,CB,,True,Active,,,,,FA,FA,FA,FA,PREDRAFT,4,0,0,0,0,True,False
6254,Kemon Hall,CB,,True,Inactive,Questionable,,,,FA,FA,FA,FA,PREDRAFT,4,0,0,0,0,True,False
3426,Ken Crawley,CB,,True,Active,,,,,FA,FA,FA,FA,PREDRAFT,4,0,0,0,0,True,False
6405,Ken Webster,CB,NYJ,True,Inactive,,,,,FA,FA,FA,FA,PREDRAFT,4,0,0,0,0,True,False
13070,Kendall Bohler,CB,,True,Active,,,,,FA,FA,FA,FA,PREDRAFT,4,0,0,0,0,True,False
3252,Kendall Fuller,CB,,True,Active,,,,,FA,FA,FA,FA,PREDRAFT,4,0,0,0,0,True,False
12000,Keni-H Lovely,CB,,True,Active,,,,,FA,FA,FA,FA,PREDRAFT,4,0,0,0,0,True,False
13965,Kenneth Harris,CB,IND,True,Active,,,,,FA,FA,FA,FA,PREDRAFT,4,0,0,0,0,True,False
2840,Kenneth Penny,CB,,True,Active,,,,,FA,FA,FA,FA,PREDRAFT,4,0,0,0,0,True,False
4427,Kenny Moore,CB,,True,Active,,,,,FA,FA,FA,FA,PREDRAFT,4,0,0,0,0,True,False
1968,Keon Lyn,CB,,True,Active,,,,,FA,FA,FA,FA,PREDRAFT,4,0,0,0,0,True,False
12346,Keonte Lusk,CB,,True,Active,,,,,FA,FA,FA,FA,PREDRAFT,4,0,0,0,0,True,False
2321,Kevin Johnson,CB,,True,Injured Reserve,,,,,FA,FA,FA,FA,PREDRAFT,4,0,0,0,0,True,False
4079,Kevin King,CB,,True,Active,Questionable,,,,FA,FA,FA,FA,PREDRAFT,4,0,0,0,0,True,False
3527,Kevin Peterson,CB,ARI,True,Active,,,,,FA,FA,FA,FA,PREDRAFT,4,0,0,0,0,True,False
2841,Kevin Short,CB,,True,Active,,,,,FA,FA,FA,FA,PREDRAFT,4,0,0,0,0,True,False
5629,Kevin Toliver,CB,,True,Active,,,,,FA,FA,FA,FA,PREDRAFT,4,0,0,0,0,True,False
2626,Kevin White,CB,,True,Active,,,,,FA,FA,FA,FA,PREDRAFT,4,0,0,0,0,True,False
3374,Kevon Seymour,CB,,True,Active,,,,,FA,FA,FA,FA,PREDRAFT,4,0,0,0,0,True,False
13172,Keyon Martin,CB,BAL,True,Active,,,NB,2,FA,FA,FA,FA,PREDRAFT,4,0,0,0,0,True,False
7200,Khalil Dorsey,CB,DET,True,Active,,,RCB,3,FA,FA,FA,FA,PREDRAFT,4,0,0,0,0,True,False
8031,Kiondre Thomas,CB,,True,Active,,,,,FA,FA,FA,FA,PREDRAFT,4,0,0,0,0,True,False
7292,Kobe Williams,CB,,True,Active,,,,,FA,FA,FA,FA,PREDRAFT,4,0,0,0,0,True,False
12716,Korie Black,CB,NYG,True,Active,IR,,LCB,3,FA,FA,FA,FA,PREDRAFT,4,0,0,0,0,True,False
5921,Kris Boyd,CB,,True,Active,Questionable,,,,FA,FA,FA,FA,PREDRAFT,4,0,0,0,0,True,False
6829,Kristian Fulton,CB,KC,True,Active,,,LCB,2,FA,FA,FA,FA,PREDRAFT,4,0,0,0,0,True,False
2108,Kyle Fuller,CB,,True,Inactive,,,,,FA,FA,FA,FA,PREDRAFT,4,0,0,0,0,True,False
6328,Kyron Brown,CB,,True,Active,,,,,FA,FA,FA,FA,PREDRAFT,4,0,0,0,0,True,False
10976,Kyu Blu Kelly,CB,,True,Active,Questionable,,,,FA,FA,FA,FA,PREDRAFT,4,0,0,0,0,True,False
7117,L'Jarius Sneed,CB,KC,True,Active,Questionable,,LCB,1,FA,FA,FA,FA,PREDRAFT,4,0,0,0,0,True,False
11477,LJ Davis,CB,,True,Active,,,,,FA,FA,FA,FA,PREDRAFT,4,0,0,0,0,True,False
13103,LaMareon James,CB,,True,Active,,,,,FA,FA,FA,FA,PREDRAFT,4,0,0,0,0,True,False
6994,Lamar Jackson,CB,,True,Active,,,,,FA,FA,FA,FA,PREDRAFT,4,0,0,0,0,True,False
11219,Lance Boykin,CB,,True,Active,,,,,FA,FA,FA,FA,PREDRAFT,4,0,0,0,0,True,False
4391,Larry Hope,CB,,True,Active,,,,,FA,FA,FA,FA,PREDRAFT,4,0,0,0,0,True,False
3538,Larry Scott,CB,,True,Active,,,,,FA,FA,FA,FA,PREDRAFT,4,0,0,0,0,True,False
5447,Lashard Durr,CB,,True,Inactive,NA,,,,FA,FA,FA,FA,PREDRAFT,4,0,0,0,0,True,False
6863,Lavert Hill,CB,,True,Active,,,,,FA,FA,FA,FA,PREDRAFT,4,0,0,0,0,True,False
7910,Lawrence Woods,CB,,True,Active,,,,,FA,FA,FA,FA,PREDRAFT,4,0,0,0,0,True,False
3313,LeShaun Sims,CB,,True,Inactive,,,,,FA,FA,FA,FA,PREDRAFT,4,0,0,0,0,True,False
12040,Leon Jones,CB,,True,Active,,,,,FA,FA,FA,FA,PREDRAFT,4,0,0,0,0,True,False
10868,Leonard Johnson,CB,,True,Active,,,,,FA,FA,FA,FA,PREDRAFT,4,0,0,0,0,True,False
5153,Levi Wallace,CB,,True,Inactive,,,,,FA,FA,FA,FA,PREDRAFT,4,0,0,0,0,True,False
7350,Levonta Taylor,CB,,True,Active,,,,,FA,FA,FA,FA,PREDRAFT,4,0,0,0,0,True,False
3437,Lloyd Carrington,CB,,True,Active,,,,,FA,FA,FA,FA,PREDRAFT,4,0,0,0,0,True,False
7736,Lorenzo Burns,CB,,True,Active,,,,,FA,FA,FA,FA,PREDRAFT,4,0,0,0,0,True,False
7293,Luq Barcoo,CB,,True,Active,,,,,FA,FA,FA,FA,PREDRAFT,4,0,0,0,0,True,False
7895,Mac McCain,CB,,True,Active,,,,,FA,FA,FA,FA,PREDRAFT,4,0,0,0,0,True,False
12678,Mac McWilliams,CB,PHI,True,Active,,,LCB,3,FA,FA,FA,FA,PREDRAFT,4,0,0,0,0,True,False
3224,Mackensie Alexander,CB,,True,Inactive,,,,,FA,FA,FA,FA,PREDRAFT,4,0,0,0,0,True,False
7312,Madre Harper,CB,,True,Active,,,,,FA,FA,FA,FA,PREDRAFT,4,0,0,0,0,True,False
1834,Malcolm Butler,CB,,True,Inactive,,,,,FA,FA,FA,FA,PREDRAFT,4,0,0,0,0,True,False
13974,Malcolm DeWalt,CB,ATL,True,Active,,,NB,2,FA,FA,FA,FA,PREDRAFT,4,0,0,0,0,True,False
4822,Malik Foreman,CB,,True,Active,,,,,FA,FA,FA,FA,PREDRAFT,4,0,0,0,0,True,False
13489,Malik Muhammad,CB,CHI,True,Active,,,LCB,2,FA,FA,FA,FA,PREDRAFT,4,0,0,0,0,True,False
5596,Malik Reaves,CB,,True,Active,,,,,FA,FA,FA,FA,PREDRAFT,4,0,0,0,0,True,False
8842,Malkelm Morrison,CB,,True,Injured Reserve,,,,,FA,FA,FA,FA,PREDRAFT,4,0,0,0,0,True,False
4751,Manny Abad,CB,,True,Active,,,,,FA,FA,FA,FA,PREDRAFT,4,0,0,0,0,True,False
2659,Manny Asprilla,CB,,True,Active,,,,,FA,FA,FA,FA,PREDRAFT,4,0,0,0,0,True,False
7708,Marco Wilson,CB,,True,Active,,,,,FA,FA,FA,FA,PREDRAFT,4,0,0,0,0,True,False
13611,Marcus Allen,CB,MIN,True,Inactive,,,DB,,FA,FA,FA,FA,PREDRAFT,4,0,0,0,0,True,False
2323,Marcus Peters,CB,,True,Active,,,,,FA,FA,FA,FA,PREDRAFT,4,0,0,0,0,True,False
4543,Marcus Sayles,CB,,True,Active,,,,,FA,FA,FA,FA,PREDRAFT,4,0,0,0,0,True,False
784,Marcus Sherels,CB,,True,Active,,,,,FA,FA,FA,FA,PREDRAFT,4,0,0,0,0,True,False
3881,Mariel Cooper,CB,,True,Active,,,,,FA,FA,FA,FA,PREDRAFT,4,0,0,0,0,True,False
5968,Mark Fields,CB,SF,True,Active,,,,,FA,FA,FA,FA,PREDRAFT,4,0,0,0,0,True,False
8084,Mark Gilbert,CB,,True,Inactive,,,,,FA,FA,FA,FA,PREDRAFT,4,0,0,0,0,True,False
11333,Mark Milton,CB,,True,Active,,,,,FA,FA,FA,FA,PREDRAFT,4,0,0,0,0,True,False
5730,Mark Myers,CB,,True,Inactive,,,,,FA,FA,FA,FA,PREDRAFT,4,0,0,0,0,True,False
4071,Marlon Humphrey,CB,BAL,True,Active,,,NB,1,FA,FA,FA,FA,PREDRAFT,4,0,0,0,0,True,False
14045,Marlon Jones,CB,GB,True,Inactive,IR,,,,FA,FA,FA,FA,PREDRAFT,4,0,0,0,0,True,False
4237,Marquez White,CB,,True,Active,,,,,FA,FA,FA,FA,PREDRAFT,4,0,0,0,0,True,False
4059,Marshon Lattimore,CB,,True,Active,Questionable,,,,FA,FA,FA,FA,PREDRAFT,4,0,0,0,0,True,False
6143,Marvell Tell,CB,,True,Inactive,,,,,FA,FA,FA,FA,PREDRAFT,4,0,0,0,0,True,False
8661,Matt Hankins,CB,,True,Active,,,,,FA,FA,FA,FA,PREDRAFT,4,0,0,0,0,True,False
13848,Matthew McDoom,CB,,True,Active,,,,,FA,FA,FA,FA,PREDRAFT,4,0,0,0,0,True,False
3364,Maurice Canady,CB,,True,Active,,,,,FA,FA,FA,FA,PREDRAFT,4,0,0,0,0,True,False
13200,Max Hurleman,CB,PIT,True,Active,,,,,FA,FA,FA,FA,PREDRAFT,4,0,0,0,0,True,False
10918,Mekhi Blackmon,CB,CLE,True,Active,,,LCB,2,FA,FA,FA,FA,PREDRAFT,4,0,0,0,0,True,False
11275,Mekhi Garner,CB,,True,Active,,,,,FA,FA,FA,FA,PREDRAFT,4,0,0,0,0,True,False
14066,Mekhi Rodgers,CB,,True,Active,,,,,FA,FA,FA,FA,PREDRAFT,4,0,0,0,0,True,False
12992,Mello Dotson,CB,,True,Active,,,,,FA,FA,FA,FA,PREDRAFT,4,0,0,0,0,True,False
5832,Mercy Maston,CB,,True,Active,,,,,FA,FA,FA,FA,PREDRAFT,4,0,0,0,0,True,False
11794,Micah Abraham,CB,,True,Active,,,,,FA,FA,FA,FA,PREDRAFT,4,0,0,0,0,True,False
12730,Micah Robinson,CB,TEN,True,Active,,,RCB,2,FA,FA,FA,FA,PREDRAFT,4,0,0,0,0,True,False
7835,Michael Carter,CB,PHI,True,Active,,,SS,2,FA,FA,FA,FA,PREDRAFT,4,0,0,0,0,True,False
13751,Michael Coats,CB,CLE,True,Active,,,,,FA,FA,FA,FA,PREDRAFT,4,0,0,0,0,True,False
4915,Michael Coe,CB,DAL,True,Active,,,,,FA,FA,FA,FA,PREDRAFT,4,0,0,0,0,True,False
4661,Michael Davis,CB,,True,Active,,,,,FA,FA,FA,FA,PREDRAFT,4,0,0,0,0,True,False
7405,Michael Jacquet,CB,,True,Active,,,,,FA,FA,FA,FA,PREDRAFT,4,0,0,0,0,True,False
5634,Michael Joseph,CB,,True,Inactive,,,,,FA,FA,FA,FA,PREDRAFT,4,0,0,0,0,True,False
6983,Michael Ojemudia,CB,,True,Active,,,,,FA,FA,FA,FA,PREDRAFT,4,0,0,0,0,True,False
3546,Mike Hilton,CB,,True,Active,Questionable,,,,FA,FA,FA,FA,PREDRAFT,4,0,0,0,0,True,False
4982,Mike Hughes,CB,ATL,True,Active,,,LCB,1,FA,FA,FA,FA,PREDRAFT,4,0,0,0,0,True,False
6025,Mike Jackson,CB,CAR,True,Active,,,LCB,1,FA,FA,FA,FA,PREDRAFT,4,0,0,0,0,True,False
5713,Mike Jones,CB,,True,Active,,,,,FA,FA,FA,FA,PREDRAFT,4,0,0,0,0,True,False
12960,Mike Reid,CB,NO,True,Active,,,SS,3,FA,FA,FA,FA,PREDRAFT,4,0,0,0,0,True,False
12116,Mikey Victor,CB,,True,Active,,,,,FA,FA,FA,FA,PREDRAFT,4,0,0,0,0,True,False
12182,Miles Battle,CB,,True,Active,,,,,FA,FA,FA,FA,PREDRAFT,4,0,0,0,0,True,False
1779,Mitchell White,CB,,True,Active,,,,,FA,FA,FA,FA,PREDRAFT,4,0,0,0,0,True,False
11317,Montrae Braswell,CB,,True,Active,,,,,FA,FA,FA,FA,PREDRAFT,4,0,0,0,0,True,False
1145,Morris Claiborne,CB,,True,Active,,,,,FA,FA,FA,FA,PREDRAFT,4,0,0,0,0,True,False
13874,Mory Bamba,CB,NYJ,True,Active,,,,,FA,FA,FA,FA,PREDRAFT,4,0,0,0,0,True,False
2799,Mylan Hicks,CB,,True,Active,,,,,FA,FA,FA,FA,PREDRAFT,4,0,0,0,0,True,False
11515,Myles Brooks,CB,,True,Active,,,,,FA,FA,FA,FA,PREDRAFT,4,0,0,0,0,True,False
12236,Myles Jones,CB,,True,Active,,,,,FA,FA,FA,FA,PREDRAFT,4,0,0,0,0,True,False
11076,NaJee Thompson,CB,,True,Active,,,,,FA,FA,FA,FA,PREDRAFT,4,0,0,0,0,True,False
7687,Nahshon Wright,CB,NYJ,True,Active,Questionable,,LCB,1,FA,FA,FA,FA,PREDRAFT,4,0,0,0,0,True,False
4688,Najee Murray,CB,,True,Active,,,,,FA,FA,FA,FA,PREDRAFT,4,0,0,0,0,True,False
13953,Nate Evans,CB,,True,Active,,,,,FA,FA,FA,FA,PREDRAFT,4,0,0,0,0,True,False
4202,Nate Hairston,CB,,True,Active,,,,,FA,FA,FA,FA,PREDRAFT,4,0,0,0,0,True,False
7823,Nate Hobbs,CB,SF,True,Inactive,IR,,NB,2,FA,FA,FA,FA,PREDRAFT,4,0,0,0,0,True,False
11656,Nate Wiggins,CB,BAL,True,Active,,,LCB,1,FA,FA,FA,FA,PREDRAFT,4,0,0,0,0,True,False
11481,Natrone Brooks,CB,,True,Active,,,,,FA,FA,FA,FA,PREDRAFT,4,0,0,0,0,True,False
11753,Nehemiah Pritchett,CB,SEA,True,Active,,,LCB,2,FA,FA,FA,FA,PREDRAFT,4,0,0,0,0,True,False
11547,Nehemiah Shelton,CB,,True,Active,,,,,FA,FA,FA,FA,PREDRAFT,4,0,0,0,0,True,False
1283,Neiko Thorpe,CB,,True,Active,,,,,FA,FA,FA,FA,PREDRAFT,4,0,0,0,0,True,False
7365,Nevelle Clarke,CB,,True,Active,,,,,FA,FA,FA,FA,PREDRAFT,4,0,0,0,0,True,False
2122,Nevin Lawson,CB,,True,Active,,,,,FA,FA,FA,FA,PREDRAFT,4,0,0,0,0,True,False
11029,Nic Jones,CB,NYG,True,Active,,,NB,3,FA,FA,FA,FA,PREDRAFT,4,0,0,0,0,True,False
8880,Nick Grant,CB,,True,Active,,,,,FA,FA,FA,FA,PREDRAFT,4,0,0,0,0,True,False
7974,Nick McCloud,CB,,True,Active,,,,,FA,FA,FA,FA,PREDRAFT,4,0,0,0,0,True,False
5382,Nick Nelson,CB,,True,Active,,,,,FA,FA,FA,FA,PREDRAFT,4,0,0,0,0,True,False
11160,Nick Whiteside,CB,DET,True,Active,,,,,FA,FA,FA,FA,PREDRAFT,4,0,0,0,0,True,False
1672,Nickell Robey-Coleman,CB,,True,Active,,,,,FA,FA,FA,FA,PREDRAFT,4,0,0,0,0,True,False
4648,Nigel Tribune,CB,,True,Active,,,,,FA,FA,FA,FA,PREDRAFT,4,0,0,0,0,True,False
6258,Nik Needham,CB,,True,Active,,,,,FA,FA,FA,FA,PREDRAFT,4,0,0,0,0,True,False
6817,Noah Igbinoghene,CB,CLE,True,Active,,,RCB,2,FA,FA,FA,FA,PREDRAFT,4,0,0,0,0,True,False
12622,Nohl Williams,CB,KC,True,Active,,,FS,2,FA,FA,FA,FA,PREDRAFT,4,0,0,0,0,True,False
6431,Nydair Rouse,CB,,True,Active,,,,,FA,FA,FA,FA,PREDRAFT,4,0,0,0,0,True,False
13887,Nyzier Fourqurean,CB,LAR,True,Active,,,,,FA,FA,FA,FA,PREDRAFT,4,0,0,0,0,True,False
13159,O'Donnell Fortune,CB,,True,Active,,,,,FA,FA,FA,FA,PREDRAFT,4,0,0,0,0,True,False
7976,Olaijah Griffin,CB,,True,Active,,,,,FA,FA,FA,FA,PREDRAFT,4,0,0,0,0,True,False
12232,Omar Brown,CB,,True,Inactive,Questionable,,,,FA,FA,FA,FA,PREDRAFT,4,0,0,0,0,True,False
266,Orlando Scandrick,CB,,True,Active,,,,,FA,FA,FA,FA,PREDRAFT,4,0,0,0,0,True,False
2383,P.J. Williams,CB,,True,Active,,,,,FA,FA,FA,FA,PREDRAFT,4,0,0,0,0,True,False
7449,Parnell Motley,CB,,True,Active,,,,,FA,FA,FA,FA,PREDRAFT,4,0,0,0,0,True,False
5091,Parry Nickerson,CB,,True,Active,,,,,FA,FA,FA,FA,PREDRAFT,4,0,0,0,0,True,False
7641,Pat Surtain,CB,DEN,True,Active,,,RCB,1,FA,FA,FA,FA,PREDRAFT,4,0,0,0,0,True,False
972,Patrick Peterson,CB,,True,Active,,,,,FA,FA,FA,FA,PREDRAFT,4,0,0,0,0,True,False
617,Patrick Robinson,CB,,True,Injured Reserve,,,,,FA,FA,FA,FA,PREDRAFT,4,0,0,0,0,True,False
7669,Paulson Adebo,CB,NYG,True,Active,Questionable,,LCB,1,FA,FA,FA,FA,PREDRAFT,4,0,0,0,0,True,False
2017,Phillip Gaines,CB,,True,Active,,,,,FA,FA,FA,FA,PREDRAFT,4,0,0,0,0,True,False
6344,Picasso Nelson,CB,,True,Active,,,,,FA,FA,FA,FA,PREDRAFT,4,0,0,0,0,True,False
1902,Pierre Desir,CB,,True,Active,,,,,FA,FA,FA,FA,PREDRAFT,4,0,0,0,0,True,False
13653,Preston Hodge,CB,,True,Active,,,,,FA,FA,FA,FA,PREDRAFT,4,0,0,0,0,True,False
11198,Quavian White,CB,,True,Active,,,,,FA,FA,FA,FA,PREDRAFT,4,0,0,0,0,True,False
5188,Quenton Meeks,CB,,True,Active,,,,,FA,FA,FA,FA,PREDRAFT,4,0,0,0,0,True,False
5604,Quincy Redmon,CB,,True,Inactive,,,,,FA,FA,FA,FA,PREDRAFT,4,0,0,0,0,True,False
12638,Quincy Riley,CB,NO,True,Active,Questionable,,RCB,1,FA,FA,FA,FA,PREDRAFT,4,0,0,0,0,True,False
4088,Quincy Wilson,CB,,True,Active,,,,,FA,FA,FA,FA,PREDRAFT,4,0,0,0,0,True,False
2645,Quinton Dunbar,CB,,True,Active,,,,,FA,FA,FA,FA,PREDRAFT,4,0,0,0,0,True,False
11662,Quinyon Mitchell,CB,PHI,True,Active,,,LCB,1,FA,FA,FA,FA,PREDRAFT,4,0,0,0,0,True,False
2997,Qumain Black,CB,,True,Active,,,,,FA,FA,FA,FA,PREDRAFT,4,0,0,0,0,True,False
11755,Qwan'tez Stiggers,CB,NYJ,True,Active,Questionable,,RCB,2,FA,FA,FA,FA,PREDRAFT,4,0,0,0,0,True,False
8612,Qwuantrezz Knight,CB,,True,Active,,,,,FA,FA,FA,FA,PREDRAFT,4,0,0,0,0,True,False
12890,R.J. Delancy,CB,,True,Active,,,,,FA,FA,FA,FA,PREDRAFT,4,0,0,0,0,True,False
7786,Rachad Wildgoose,CB,,True,Active,,,,,FA,FA,FA,FA,PREDRAFT,4,0,0,0,0,True,False
8608,Raleigh Texada,CB,,True,Active,,,,,FA,FA,FA,FA,PREDRAFT,4,0,0,0,0,True,False
3724,Randall Jette,CB,,True,Active,,,,,FA,FA,FA,FA,PREDRAFT,4,0,0,0,0,True,False
5433,Ranthony Texada,CB,,True,Inactive,NA,,,,FA,FA,FA,FA,PREDRAFT,4,0,0,0,0,True,False
1991,Rashaad Reynolds,CB,,True,Active,,,,,FA,FA,FA,FA,PREDRAFT,4,0,0,0,0,True,False
1633,Rashaan Melvin,CB,,True,Active,,,,,FA,FA,FA,FA,PREDRAFT,4,0,0,0,0,True,False
6014,Rashad Fenton,CB,,True,Active,,,,,FA,FA,FA,FA,PREDRAFT,4,0,0,0,0,True,False
6226,Rashard Causey,CB,,True,Active,,,,,FA,FA,FA,FA,PREDRAFT,4,0,0,0,0,True,False
5635,Rashard Fant,CB,,True,Active,,,,,FA,FA,FA,FA,PREDRAFT,4,0,0,0,0,True,False
3293,Rashard Robinson,CB,,True,Inactive,,,,,FA,FA,FA,FA,PREDRAFT,4,0,0,0,0,True,False
4136,Rasul Douglas,CB,WAS,True,Active,,,LCB,2,FA,FA,FA,FA,PREDRAFT,4,0,0,0,0,True,False
2888,Raymon Taylor,CB,,True,Active,,,,,FA,FA,FA,FA,PREDRAFT,4,0,0,0,0,True,False
11879,Rayshad Williams,CB,,True,Active,,,,,FA,FA,FA,FA,PREDRAFT,4,0,0,0,0,True,False
12037,Reddy Steward,CB,DAL,True,Active,,,,,FA,FA,FA,FA,PREDRAFT,4,0,0,0,0,True,False
4471,Reese Fleming,CB,,True,Inactive,,,,,FA,FA,FA,FA,PREDRAFT,4,0,0,0,0,True,False
4840,Reese Fleming,CB,,True,Inactive,,,,,FA,FA,FA,FA,PREDRAFT,4,0,0,0,0,True,False
11325,Reese Taylor,CB,MIA,True,Active,,,NB,3,FA,FA,FA,FA,PREDRAFT,4,0,0,0,0,True,False
5554,Reggie Hall,CB,,True,Active,,,,,FA,FA,FA,FA,PREDRAFT,4,0,0,0,0,True,False
7114,Reggie Robinson,CB,,True,Active,,,,,FA,FA,FA,FA,PREDRAFT,4,0,0,0,0,True,False
11330,Rejzohn Wright,CB,NO,True,Inactive,IR,,DB,,FA,FA,FA,FA,PREDRAFT,4,0,0,0,0,True,False
14077,Ricardo Hallman,CB,,True,Active,,,,,FA,FA,FA,FA,PREDRAFT,4,0,0,0,0,True,False
996,Richard Sherman,CB,,True,Active,,,,,FA,FA,FA,FA,PREDRAFT,4,0,0,0,0,True,False
11899,Rico Payton,CB,NYG,True,Inactive,IR,,DB,,FA,FA,FA,FA,PREDRAFT,4,0,0,0,0,True,False
13265,Rob Carter,CB,IND,True,Active,,,,,FA,FA,FA,FA,PREDRAFT,4,0,0,0,0,True,False
1540,Robert Alford,CB,,True,Active,,,,,FA,FA,FA,FA,PREDRAFT,4,0,0,0,0,True,False
5448,Robert Jackson,CB,,True,Active,,,,,FA,FA,FA,FA,PREDRAFT,4,0,0,0,0,True,False
11948,Robert Javier,CB,,True,Active,,,,,FA,FA,FA,FA,PREDRAFT,4,0,0,0,0,True,False
12847,Robert McDaniel,CB,,True,Active,,,,,FA,FA,FA,FA,PREDRAFT,4,0,0,0,0,True,False
6128,Rock Ya-Sin,CB,DET,True,Active,,,RCB,2,FA,FA,FA,FA,PREDRAFT,4,0,0,0,0,True,False
11950,Rod Gattison,CB,,True,Active,,,,,FA,FA,FA,FA,PREDRAFT,4,0,0,0,0,True,False
7795,Rodarius Williams,CB,,True,Active,,,,,FA,FA,FA,FA,PREDRAFT,4,0,0,0,0,True,False
6256,Rodney Randle,CB,,True,Active,,,,,FA,FA,FA,FA,PREDRAFT,4,0,0,0,0,True,False
13633,Rodney Shelley,CB,LAC,True,Active,,,NB,2,FA,FA,FA,FA,PREDRAFT,4,0,0,0,0,True,False
12796,Roman Parodie,CB,TB,True,Active,,,,,FA,FA,FA,FA,PREDRAFT,4,0,0,0,0,True,False
2355,Ronald Darby,CB,,True,Active,,,,,FA,FA,FA,FA,PREDRAFT,4,0,0,0,0,True,False
3613,Ronald Zamort,CB,,True,Inactive,,,,,FA,FA,FA,FA,PREDRAFT,4,0,0,0,0,True,False
1809,Ross Cockrell,CB,,True,Active,,,,,FA,FA,FA,FA,PREDRAFT,4,0,0,0,0,True,False
5679,Ryan Carter,CB,,True,Active,,,,,FA,FA,FA,FA,PREDRAFT,4,0,0,0,0,True,False
12243,Ryan Cooper,CB,,True,Active,,,,,FA,FA,FA,FA,PREDRAFT,4,0,0,0,0,True,False
4529,Ryan Lewis,CB,,True,Inactive,,,,,FA,FA,FA,FA,PREDRAFT,4,0,0,0,0,True,False
5672,Ryan McKinley,CB,,True,Active,,,,,FA,FA,FA,FA,PREDRAFT,4,0,0,0,0,True,False
6073,Ryan Pulley,CB,,True,Active,,,,,FA,FA,FA,FA,PREDRAFT,4,0,0,0,0,True,False
4746,Ryan Reid,CB,,True,Active,,,,,FA,FA,FA,FA,PREDRAFT,4,0,0,0,0,True,False
3559,Ryan Smith,CB,,True,Active,,,,,FA,FA,FA,FA,PREDRAFT,4,0,0,0,0,True,False
2150,Ryan White,CB,,True,Active,,,,,FA,FA,FA,FA,PREDRAFT,4,0,0,0,0,True,False
12537,Ryan-DUP Cooper-DUP,CB,,True,Active,,,,,FA,FA,FA,FA,PREDRAFT,4,0,0,0,0,True,False
6138,Saivion Smith,CB,,True,Active,,,,,FA,FA,FA,FA,PREDRAFT,4,0,0,0,0,True,False
5766,Sam Beal,CB,,True,Active,,,,,FA,FA,FA,FA,PREDRAFT,4,0,0,0,0,True,False
3854,Sam Brown,CB,,True,Active,,,,,FA,FA,FA,FA,PREDRAFT,4,0,0,0,0,True,False
8844,Sam Webb,CB,,True,Injured Reserve,,,,,FA,FA,FA,FA,PREDRAFT,4,0,0,0,0,True,False
8478,Samuel Womack,CB,NYJ,True,Active,,,,,FA,FA,FA,FA,PREDRAFT,4,0,0,0,0,True,False
14059,Sean Fresch,CB,DEN,True,Active,,,,,FA,FA,FA,FA,PREDRAFT,4,0,0,0,0,True,False
6060,Sean Murphy-Bunting,CB,TB,True,Active,,,,,FA,FA,FA,FA,PREDRAFT,4,0,0,0,0,True,False
467,Sean Smith,CB,,True,Active,,,,,FA,FA,FA,FA,PREDRAFT,4,0,0,0,0,True,False
8639,Shabari Davis,CB,,True,Active,,,,,FA,FA,FA,FA,PREDRAFT,4,0,0,0,0,True,False
6579,Shakial Taylor,CB,,True,Active,,,,,FA,FA,FA,FA,PREDRAFT,4,0,0,0,0,True,False
7898,Shakur Brown,CB,,True,Active,,,,,FA,FA,FA,FA,PREDRAFT,4,0,0,0,0,True,False
4140,Shaquill Griffin,CB,,True,Active,,,,,FA,FA,FA,FA,PREDRAFT,4,0,0,0,0,True,False
1923,Shaquille Richardson,CB,,True,Active,,,,,FA,FA,FA,FA,PREDRAFT,4,0,0,0,0,True,False
8047,Shaun Crawford,CB,,True,Active,,,,,FA,FA,FA,FA,PREDRAFT,4,0,0,0,0,True,False
8791,Shaun Jolly,CB,,True,Active,,,,,FA,FA,FA,FA,PREDRAFT,4,0,0,0,0,True,False
7830,Shaun Wade,CB,,True,Active,Questionable,,,,FA,FA,FA,FA,PREDRAFT,4,0,0,0,0,True,False
12234,Shemar Bartholomew,CB,TEN,True,Active,,,,,FA,FA,FA,FA,PREDRAFT,4,0,0,0,0,True,False
7813,Shemar Jean-Charles,CB,,True,Inactive,Questionable,,,,FA,FA,FA,FA,PREDRAFT,4,0,0,0,0,True,False
12006,Sheridan Jones,CB,,True,Active,,,,,FA,FA,FA,FA,PREDRAFT,4,0,0,0,0,True,False
12358,Shon Stephens,CB,,True,Active,,,,,FA,FA,FA,FA,PREDRAFT,4,0,0,0,0,True,False
12052,Shyheim Battle,CB,,True,Active,,,,,FA,FA,FA,FA,PREDRAFT,4,0,0,0,0,True,False
4083,Sidney Jones,CB,,True,Active,,,,,FA,FA,FA,FA,PREDRAFT,4,0,0,0,0,True,False
5082,Simeon Thomas,CB,,True,Inactive,,,,,FA,FA,FA,FA,PREDRAFT,4,0,0,0,0,True,False
5098,Siran Neal,CB,SF,True,Active,,,FS,2,FA,FA,FA,FA,PREDRAFT,4,0,0,0,0,True,False
4532,Sojourn Shelton,CB,,True,Inactive,,,,,FA,FA,FA,FA,PREDRAFT,4,0,0,0,0,True,False
6916,Stanford Samuels,CB,,True,Active,,,,,FA,FA,FA,FA,PREDRAFT,4,0,0,0,0,True,False
7137,Stantley Thomas-Oliver,CB,,True,Active,,,,,FA,FA,FA,FA,PREDRAFT,4,0,0,0,0,True,False
11343,Starling Thomas,CB,ARI,True,Active,,,,,FA,FA,FA,FA,PREDRAFT,4,0,0,0,0,True,False
5595,Step Durham,CB,,True,Active,,,,,FA,FA,FA,FA,PREDRAFT,4,0,0,0,0,True,False
6299,Stephen Denmark,CB,,True,Active,,,,,FA,FA,FA,FA,PREDRAFT,4,0,0,0,0,True,False
13765,Stephen Hall,CB,,True,Active,,,,,FA,FA,FA,FA,PREDRAFT,4,0,0,0,0,True,False
1043,Stephon Gilmore,CB,,True,Active,,,,,FA,FA,FA,FA,PREDRAFT,4,0,0,0,0,True,False
11487,Steven Gilmore,CB,,True,Active,,,,,FA,FA,FA,FA,PREDRAFT,4,0,0,0,0,True,False
11100,Steven Jones,CB,,True,Active,,,,,FA,FA,FA,FA,PREDRAFT,4,0,0,0,0,True,False
2403,Steven Nelson,CB,,True,Active,,,,,FA,FA,FA,FA,PREDRAFT,4,0,0,0,0,True,False
12147,Storm Duck,CB,MIA,True,Active,PUP,,RCB,2,FA,FA,FA,FA,PREDRAFT,4,0,0,0,0,True,False
2029,T.J. Carrie,CB,,True,Active,,,,,FA,FA,FA,FA,PREDRAFT,4,0,0,0,0,True,False
13556,TJ Hall,CB,NO,True,Active,,,,,FA,FA,FA,FA,PREDRAFT,4,0,0,0,0,True,False
13201,TJ Moore,CB,,True,Active,,,,,FA,FA,FA,FA,PREDRAFT,4,0,0,0,0,True,False
7994,TJ Morrison,CB,,True,Inactive,,,,,FA,FA,FA,FA,PREDRAFT,4,0,0,0,0,True,False
13097,TaMuarion Wilson,CB,,True,Active,,,,,FA,FA,FA,FA,PREDRAFT,4,0,0,0,0,True,False
13469,Tacario Davis,CB,CIN,True,Active,,,LCB,2,FA,FA,FA,FA,PREDRAFT,4,0,0,0,0,True,False
6310,Tae Hayes,CB,,True,Active,,,,,FA,FA,FA,FA,PREDRAFT,4,0,0,0,0,True,False
2648,Tajh Hasson,CB,,True,Active,,,,,FA,FA,FA,FA,PREDRAFT,4,0,0,0,0,True,False
5341,Taron Johnson,CB,LV,True,Active,,,NB,1,FA,FA,FA,FA,PREDRAFT,4,0,0,0,0,True,False
5435,Tarvarus McFadden,CB,,True,Inactive,,,,,FA,FA,FA,FA,PREDRAFT,4,0,0,0,0,True,False
3266,Tavon Young,CB,,True,Inactive,,,,,FA,FA,FA,FA,PREDRAFT,4,0,0,0,0,True,False
7780,Tay Gowan,CB,,True,Active,,,,,FA,FA,FA,FA,PREDRAFT,4,0,0,0,0,True,False
4306,Taylor Reynolds,CB,,True,Active,,,,,FA,FA,FA,FA,PREDRAFT,4,0,0,0,0,True,False
12380,Te'Cory Couch,CB,BUF,True,Active,,,,,FA,FA,FA,FA,PREDRAFT,4,0,0,0,0,True,False
6497,Tenny Adewusi,CB,,True,Active,,,,,FA,FA,FA,FA,PREDRAFT,4,0,0,0,0,True,False
6639,Terrell Bonds,CB,,True,Active,,,,,FA,FA,FA,FA,PREDRAFT,4,0,0,0,0,True,False
3533,Terrell Chestnut,CB,,True,Active,,,,,FA,FA,FA,FA,PREDRAFT,4,0,0,0,0,True,False
6642,Terrence Alexander,CB,,True,Active,,,,,FA,FA,FA,FA,PREDRAFT,4,0,0,0,0,True,False
5827,Tevaughn Campbell,CB,,True,Active,,,,,FA,FA,FA,FA,PREDRAFT,4,0,0,0,0,True,False
4714,Tevin Homer,CB,,True,Active,,,,,FA,FA,FA,FA,PREDRAFT,4,0,0,0,0,True,False
2988,Tevin Mitchel,CB,,True,Active,,,,,FA,FA,FA,FA,PREDRAFT,4,0,0,0,0,True,False
13868,Thaddeus Dixon,CB,NYG,True,Inactive,IR,,DB,,FA,FA,FA,FA,PREDRAFT,4,0,0,0,0,True,False
11125,Tiawan Mullen,CB,,True,Active,,,,,FA,FA,FA,FA,PREDRAFT,4,0,0,0,0,True,False
6286,Tim Harris,CB,,True,Active,,,,,FA,FA,FA,FA,PREDRAFT,4,0,0,0,0,True,False
11142,Timarcus Davis,CB,,True,Active,,,,,FA,FA,FA,FA,PREDRAFT,4,0,0,0,0,True,False
7374,Tino Ellis,CB,,True,Inactive,,,,,FA,FA,FA,FA,PREDRAFT,4,0,0,0,0,True,False
3841,Tony McRae,CB,,True,Inactive,,,,,FA,FA,FA,FA,PREDRAFT,4,0,0,0,0,True,False
13569,Toriano Pride,CB,CLE,True,Active,,,NB,2,FA,FA,FA,FA,PREDRAFT,4,0,0,0,0,True,False
4395,Torry McTyer,CB,,True,Active,,,,,FA,FA,FA,FA,PREDRAFT,4,0,0,0,0,True,False
2316,Trae Waynes,CB,CIN,True,Active,,,,,FA,FA,FA,FA,PREDRAFT,4,0,0,0,0,True,False
7017,Trajan Bandy,CB,,True,Active,,,,,FA,FA,FA,FA,PREDRAFT,4,0,0,0,0,True,False
633,Tramaine Brock,CB,,True,Active,,,,,FA,FA,FA,FA,PREDRAFT,4,0,0,0,0,True,False
146,Tramon Williams,CB,,True,Injured Reserve,,,,,FA,FA,FA,FA,PREDRAFT,4,0,0,0,0,True,False
12272,Travis Blackshear,CB,,True,Active,,,,,FA,FA,FA,FA,PREDRAFT,4,0,0,0,0,True,False
2727,Travis Manning,CB,,True,Active,,,,,FA,FA,FA,FA,PREDRAFT,4,0,0,0,0,True,False
7284,Travis Reed,CB,,True,Inactive,,,,,FA,FA,FA,FA,PREDRAFT,4,0,0,0,0,True,False
8777,Travon Fuller,CB,,True,Active,,,,,FA,FA,FA,FA,PREDRAFT,4,0,0,0,0,True,False
5853,Trayvon Mullen,CB,,True,Active,,,,,FA,FA,FA,FA,PREDRAFT,4,0,0,0,0,True,False
8925,Tre Avery,CB,,True,Active,,,,,FA,FA,FA,FA,PREDRAFT,4,0,0,0,0,True,False
7707,Tre Brown,CB,NYJ,True,Inactive,IR,,RCB,3,FA,FA,FA,FA,PREDRAFT,4,0,0,0,0,True,False
5379,Tre Flowers,CB,,True,Active,,,,,FA,FA,FA,FA,PREDRAFT,4,0,0,0,0,True,False
10993,Tre Hawkins,CB,,True,Active,,,,,FA,FA,FA,FA,PREDRAFT,4,0,0,0,0,True,False
5479,Tre Herndon,CB,,True,Active,,,,,FA,FA,FA,FA,PREDRAFT,4,0,0,0,0,True,False
3813,Tre Roberson,CB,,True,Active,,,,,FA,FA,FA,FA,PREDRAFT,4,0,0,0,0,True,False
8537,Tre Swilling,CB,,True,Active,,,,,FA,FA,FA,FA,PREDRAFT,4,0,0,0,0,True,False
10995,Tre Tomlinson,CB,,True,Active,,,,,FA,FA,FA,FA,PREDRAFT,4,0,0,0,0,True,False
4072,Tre'Davious White,CB,,True,Active,,,,,FA,FA,FA,FA,PREDRAFT,4,0,0,0,0,True,False
6809,Trevon Diggs,CB,SEA,True,Active,,,,,FA,FA,FA,FA,PREDRAFT,4,0,0,0,0,True,False
5400,Trevon Mathis,CB,,True,Active,,,,,FA,FA,FA,FA,PREDRAFT,4,0,0,0,0,True,False
3438,Trevor Williams,CB,,True,Inactive,,,,,FA,FA,FA,FA,PREDRAFT,4,0,0,0,0,True,False
5471,Trey Johnson,CB,,True,Active,,,,,FA,FA,FA,FA,PREDRAFT,4,0,0,0,0,True,False
11944,Trey Vaval,CB,,True,Active,,,,,FA,FA,FA,FA,PREDRAFT,4,0,0,0,0,True,False
7912,Trill Williams,CB,,True,Active,,,,,FA,FA,FA,FA,PREDRAFT,4,0,0,0,0,True,False
2826,Troy Hill,CB,,True,Active,,,,,FA,FA,FA,FA,PREDRAFT,4,0,0,0,0,True,False
6856,Troy Pride,CB,,True,Active,,,,,FA,FA,FA,FA,PREDRAFT,4,0,0,0,0,True,False
1204,Trumaine Johnson,CB,,True,Active,,,,,FA,FA,FA,FA,PREDRAFT,4,0,0,0,0,True,False
2473,Tye Smith,CB,,True,Active,,,,,FA,FA,FA,FA,PREDRAFT,4,0,0,0,0,True,False
11287,Tyler Richardson,CB,,True,Active,,,,,FA,FA,FA,FA,PREDRAFT,4,0,0,0,0,True,False
11147,Tyon Davis,CB,,True,Active,,,,,FA,FA,FA,FA,PREDRAFT,4,0,0,0,0,True,False
4842,Tyquwan Glass,CB,,True,Active,,,,,FA,FA,FA,FA,PREDRAFT,4,0,0,0,0,True,False
13613,Tyreek Chappell,CB,MIN,True,Inactive,IR,,DB,,FA,FA,FA,FA,PREDRAFT,4,0,0,0,0,True,False
11993,Tyrek Funderburk,CB,,True,Inactive,Questionable,,,,FA,FA,FA,FA,PREDRAFT,4,0,0,0,0,True,False
8936,Tyrell Ford,CB,,True,Active,,,,,FA,FA,FA,FA,PREDRAFT,4,0,0,0,0,True,False
5707,Tyrin Holloway,CB,,True,Active,,,,,FA,FA,FA,FA,PREDRAFT,4,0,0,0,0,True,False
10897,Tyrique Stevenson,CB,CHI,True,Active,Questionable,,LCB,1,FA,FA,FA,FA,PREDRAFT,4,0,0,0,0,True,False
12932,Tyron Herring,CB,,True,Active,Questionable,,,,FA,FA,FA,FA,PREDRAFT,4,0,0,0,0,True,False
7667,Tyson Campbell,CB,CLE,True,Active,,,RCB,1,FA,FA,FA,FA,PREDRAFT,4,0,0,0,0,True,False
13235,Tyson Russell,CB,,True,Active,,,,,FA,FA,FA,FA,PREDRAFT,4,0,0,0,0,True,False
12631,Upton Stout,CB,SF,True,Active,Questionable,,NB,1,FA,FA,FA,FA,PREDRAFT,4,0,0,0,0,True,False
3480,V'Angelo Bentley,CB,,True,Active,,,,,FA,FA,FA,FA,PREDRAFT,4,0,0,0,0,True,False
3739,Vernon Harris,CB,,True,Active,,,,,FA,FA,FA,FA,PREDRAFT,4,0,0,0,0,True,False
3903,Warren Gatewood,CB,,True,Active,,,,,FA,FA,FA,FA,PREDRAFT,4,0,0,0,0,True,False
13485,Will Lee,CB,CAR,True,Active,,,LCB,2,FA,FA,FA,FA,PREDRAFT,4,0,0,0,0,True,False
7270,Will Sunderland,CB,,True,Active,,,,,FA,FA,FA,FA,PREDRAFT,4,0,0,0,0,True,False
11363,William Hooper,CB,,True,Active,,,,,FA,FA,FA,FA,PREDRAFT,4,0,0,0,0,True,False
3184,William Jackson,CB,,True,Inactive,,,,,FA,FA,FA,FA,PREDRAFT,4,0,0,0,0,True,False
4740,William Likely,CB,,True,Active,,,,,FA,FA,FA,FA,PREDRAFT,4,0,0,0,0,True,False
12014,Willie Drew,CB,,True,Active,,,,,FA,FA,FA,FA,PREDRAFT,4,0,0,0,0,True,False
12439,Willie Roberts,CB,,True,Active,,,,,FA,FA,FA,FA,PREDRAFT,4,0,0,0,0,True,False
3751,Winston Rose,CB,,True,Active,,,,,FA,FA,FA,FA,PREDRAFT,4,0,0,0,0,True,False
13263,Wyett Ekeler,CB,,True,Active,,,,,FA,FA,FA,FA,PREDRAFT,4,0,0,0,0,True,False
1536,Xavier Rhodes,CB,,True,Active,,,,,FA,FA,FA,FA,PREDRAFT,4,0,0,0,0,True,False
4458,Zach Franklin,CB,,True,Inactive,IR,,,,FA,FA,FA,FA,PREDRAFT,4,0,0,0,0,True,False
12662,Zah Frazier,CB,,True,Active,,,,,FA,FA,FA,FA,PREDRAFT,4,0,0,0,0,True,False
11888,Zamari Walton,CB,,True,Active,,,,,FA,FA,FA,FA,PREDRAFT,4,0,0,0,0,True,False
7168,Zane Lewis,CB,,True,Active,,,,,FA,FA,FA,FA,PREDRAFT,4,0,0,0,0,True,False
7717,Zech McPhearson,CB,LAR,True,Inactive,IR,,DB,,FA,FA,FA,FA,PREDRAFT,4,0,0,0,0,True,False
12942,Zemaiah Vaughn,CB,MIN,True,Active,,,RCB,2,FA,FA,FA,FA,PREDRAFT,4,0,0,0,0,True,False
13033,Zy Alexander,CB,,True,Active,,,,,FA,FA,FA,FA,PREDRAFT,4,0,0,0,0,True,False
5662,A.J. Moore,DB,,True,Active,,,,,FA,FA,FA,FA,PREDRAFT,4,0,0,0,0,True,False
8719,A.J. Thomas,DB,,True,Active,,,,,FA,FA,FA,FA,PREDRAFT,4,0,0,0,0,True,False
11121,AJ Finley,DB,SEA,True,Active,,,,,FA,FA,FA,FA,PREDRAFT,4,0,0,0,0,True,False
13384,AJ Haulcy,DB,IND,True,Active,Questionable,,SS,1,FA,FA,FA,FA,PREDRAFT,4,0,0,0,0,True,False
13740,Aamaris Brown,DB,DET,True,Active,,,,,FA,FA,FA,FA,PREDRAFT,4,0,0,0,0,True,False
11289,Aaron Maddox,DB,,True,Active,,,,,FA,FA,FA,FA,PREDRAFT,4,0,0,0,0,True,False
8080,Aashari Crosswell,DB,,True,Active,,,,,FA,FA,FA,FA,PREDRAFT,4,0,0,0,0,True,False
4078,Adoree' Jackson,DB,,True,Active,,,,,FA,FA,FA,FA,PREDRAFT,4,0,0,0,0,True,False
2445,Adrian Amos,DB,,True,Active,,,,,FA,FA,FA,FA,PREDRAFT,4,0,0,0,0,True,False
4277,Adrian Colbert,DB,,True,Active,,,,,FA,FA,FA,FA,PREDRAFT,4,0,0,0,0,True,False
11484,Adrian Frye,DB,,True,Active,,,,,FA,FA,FA,FA,PREDRAFT,4,0,0,0,0,True,False
2287,Adrian Phillips,DB,,True,Active,,,,,FA,FA,FA,FA,PREDRAFT,4,0,0,0,0,True,False
13983,Ahmari Harvey,DB,,True,Active,,,,,FA,FA,FA,FA,PREDRAFT,4,0,0,0,0,True,False
13247,Ajani Carter,DB,,True,Active,,,,,FA,FA,FA,FA,PREDRAFT,4,0,0,0,0,True,False
6729,Ajene Harris,DB,,True,Active,,,,,FA,FA,FA,FA,PREDRAFT,4,0,0,0,0,True,False
8389,Akayleb Evans,DB,CAR,True,Active,Questionable,,RCB,2,FA,FA,FA,FA,PREDRAFT,4,0,0,0,0,True,False
11871,Akeem Dent,DB,,True,Active,,,,,FA,FA,FA,FA,PREDRAFT,4,0,0,0,0,True,False
12241,Al Blades,DB,,True,Active,,,,,FA,FA,FA,FA,PREDRAFT,4,0,0,0,0,True,False
13881,Al'zillion Hamilton,DB,,True,Active,,,,,FA,FA,FA,FA,PREDRAFT,4,0,0,0,0,True,False
11027,Alex Austin,DB,,True,Active,,,,,FA,FA,FA,FA,PREDRAFT,4,0,0,0,0,True,False
11290,Alex Cook,DB,,True,Active,,,,,FA,FA,FA,FA,PREDRAFT,4,0,0,0,0,True,False
12002,Alfahiym Walcott,DB,,True,Active,,,,,FA,FA,FA,FA,PREDRAFT,4,0,0,0,0,True,False
12855,Alijah Clark,DB,DAL,True,Active,,,SS,3,FA,FA,FA,FA,PREDRAFT,4,0,0,0,0,True,False
6104,Alijah Holder,DB,,True,Active,,,,,FA,FA,FA,FA,PREDRAFT,4,0,0,0,0,True,False
13049,Alijah Huzzie,DB,HOU,True,Active,,,,,FA,FA,FA,FA,PREDRAFT,4,0,0,0,0,True,False
7069,Alohi Gilman,DB,KC,True,Active,Questionable,,FS,1,FA,FA,FA,FA,PREDRAFT,4,0,0,0,0,True,False
8333,Alontae Taylor,DB,TEN,True,Active,,,LCB,1,FA,FA,FA,FA,PREDRAFT,4,0,0,0,0,True,False
5908,Amani Hooker,DB,TEN,True,Active,,,SS,1,FA,FA,FA,FA,PREDRAFT,4,0,0,0,0,True,False
8701,Amari Carter,DB,,True,Active,,,,,FA,FA,FA,FA,PREDRAFT,4,0,0,0,0,True,False
5674,Andre Chachere,DB,,True,Active,,,,,FA,FA,FA,FA,PREDRAFT,4,0,0,0,0,True,False
7698,Andre Cisco,DB,NYJ,True,Active,,,FS,1,FA,FA,FA,FA,PREDRAFT,4,0,0,0,0,True,False
12102,Andre' Sam,DB,,True,Active,IR,,DB,,FA,FA,FA,FA,PREDRAFT,4,0,0,0,0,True,False
3764,Andrew Adams,DB,,True,Active,,,,,FA,FA,FA,FA,PREDRAFT,4,0,0,0,0,True,False
8300,Andrew Booth,DB,,True,Active,,,,,FA,FA,FA,FA,PREDRAFT,4,0,0,0,0,True,False
12401,Andrew Hayes,DB,,True,Active,,,,,FA,FA,FA,FA,PREDRAFT,4,0,0,0,0,True,False
12604,Andrew Mukuba,DB,PHI,True,Active,,,FS,1,FA,FA,FA,FA,PREDRAFT,4,0,0,0,0,True,False
770,Andrew Sendejo,DB,,True,Active,,,,,FA,FA,FA,FA,PREDRAFT,4,0,0,0,0,True,False
6641,Andrew Soroh,DB,,True,Active,,,,,FA,FA,FA,FA,PREDRAFT,4,0,0,0,0,True,False
6416,Andrew Wingard,DB,ARI,True,Active,,,FS,1,FA,FA,FA,FA,PREDRAFT,4,0,0,0,0,True,False
12377,Anthony Averett,DB,,True,Active,,,,,FA,FA,FA,FA,PREDRAFT,4,0,0,0,0,True,False
11321,Anthony Cook,DB,,True,Active,,,,,FA,FA,FA,FA,PREDRAFT,4,0,0,0,0,True,False
2719,Anthony Harris,DB,,True,Active,,,,,FA,FA,FA,FA,PREDRAFT,4,0,0,0,0,True,False
11036,Anthony Johnson,DB,,True,Active,,,,,FA,FA,FA,FA,PREDRAFT,4,0,0,0,0,True,False
11112,Anthony Johnson,DB,,True,Active,,,,,FA,FA,FA,FA,PREDRAFT,4,0,0,0,0,True,False
1298,Anthony Levine,DB,BAL,True,Active,,,,,FA,FA,FA,FA,PREDRAFT,4,0,0,0,0,True,False
5687,Anthony Sherrils,DB,,True,Active,,,,,FA,FA,FA,FA,PREDRAFT,4,0,0,0,0,True,False
6917,Antoine Brooks,DB,,True,Active,,,,,FA,FA,FA,FA,PREDRAFT,4,0,0,0,0,True,False
6888,Antoine Winfield,DB,TB,True,Active,,,FS,1,FA,FA,FA,FA,PREDRAFT,4,0,0,0,0,True,False
10974,Antonio Johnson,DB,JAX,True,Active,,,SS,1,FA,FA,FA,FA,PREDRAFT,4,0,0,0,0,True,False
7970,Ar'Darius Washington,DB,NYG,True,Active,,,NB,2,FA,FA,FA,FA,PREDRAFT,4,0,0,0,0,True,False
11476,Armani Marsh,DB,,True,Active,,,,,FA,FA,FA,FA,PREDRAFT,4,0,0,0,0,True,False
5329,Armani Watts,DB,,True,Inactive,,,,,FA,FA,FA,FA,PREDRAFT,4,0,0,0,0,True,False
5578,Arrion Springs,DB,,True,Active,,,,,FA,FA,FA,FA,PREDRAFT,4,0,0,0,0,True,False
3192,Artie Burns,DB,,True,Active,Questionable,,,,FA,FA,FA,FA,PREDRAFT,4,0,0,0,0,True,False
6855,Ashtyn Davis,DB,SF,True,Active,,,SS,3,FA,FA,FA,FA,PREDRAFT,4,0,0,0,0,True,False
7959,Augie Contressa,DB,TB,True,Active,,,,,FA,FA,FA,FA,PREDRAFT,4,0,0,0,0,True,False
13786,Austin Brown,DB,,True,Active,,,,,FA,FA,FA,FA,PREDRAFT,4,0,0,0,0,True,False
11177,Avery Young,DB,,True,Active,,,,,FA,FA,FA,FA,PREDRAFT,4,0,0,0,0,True,False
13389,Avieon Terrell,DB,ATL,True,Active,,,LCB,2,FA,FA,FA,FA,PREDRAFT,4,0,0,0,0,True,False
13959,Ayden Garnes,DB,TB,True,Active,,,LCB,2,FA,FA,FA,FA,PREDRAFT,4,0,0,0,0,True,False
8919,Ayo Oyelola,DB,,True,Active,,,,,FA,FA,FA,FA,PREDRAFT,4,0,0,0,0,True,False
12601,Azareye'h Thomas,DB,NYJ,True,Active,,,LCB,2,FA,FA,FA,FA,PREDRAFT,4,0,0,0,0,True,False
11951,Beau Brade,DB,,True,Active,,,,,FA,FA,FA,FA,PREDRAFT,4,0,0,0,0,True,False
7939,Ben DeLuca,DB,,True,Active,,,,,FA,FA,FA,FA,PREDRAFT,4,0,0,0,0,True,False
11933,Ben Nikkel,DB,,True,Active,,,,,FA,FA,FA,FA,PREDRAFT,4,0,0,0,0,True,False
12576,Benjamin Morrison,DB,TB,True,Active,,,RCB,1,FA,FA,FA,FA,PREDRAFT,4,0,0,0,0,True,False
7671,Benjamin St-Juste,DB,GB,True,Active,,,RCB,2,FA,FA,FA,FA,PREDRAFT,4,0,0,0,0,True,False
2083,Bennett Jackson,DB,,True,Active,,,,,FA,FA,FA,FA,PREDRAFT,4,0,0,0,0,True,False
11398,Bennett Williams,DB,,True,Inactive,,,,,FA,FA,FA,FA,PREDRAFT,4,0,0,0,0,True,False
11206,Benny Sapp,DB,,True,Active,,,,,FA,FA,FA,FA,PREDRAFT,4,0,0,0,0,True,False
12647,Billy Bowman,DB,ATL,True,Active,Questionable,,NB,1,FA,FA,FA,FA,PREDRAFT,4,0,0,0,0,True,False
13680,Bishop Fitzgerald,DB,PIT,True,Active,,,,,FA,FA,FA,FA,PREDRAFT,4,0,0,0,0,True,False
14060,Blake Cotton,DB,,True,Inactive,Questionable,,,,FA,FA,FA,FA,PREDRAFT,4,0,0,0,0,True,False
3352,Blake Countess,DB,,True,Active,,,,,FA,FA,FA,FA,PREDRAFT,4,0,0,0,0,True,False
5933,Bless Austin,DB,,True,Active,,,,,FA,FA,FA,FA,PREDRAFT,4,0,0,0,0,True,False
7259,Bobby Price,DB,,True,Active,,,,,FA,FA,FA,FA,PREDRAFT,4,0,0,0,0,True,False
8782,Bookie Radley-Hiles,DB,,True,Active,,,,,FA,FA,FA,FA,PREDRAFT,4,0,0,0,0,True,False
8664,Brad Hawkins,DB,,True,Active,,,,,FA,FA,FA,FA,PREDRAFT,4,0,0,0,0,True,False
1617,Bradley McDougald,DB,JAX,True,Active,,,,,FA,FA,FA,FA,PREDRAFT,4,0,0,0,0,True,False
7784,Brady Breeze,DB,,True,Inactive,,,,,FA,FA,FA,FA,PREDRAFT,4,0,0,0,0,True,False
11356,Bralen Trahan,DB,,True,Active,,,,,FA,FA,FA,FA,PREDRAFT,4,0,0,0,0,True,False
13083,Bralyn Lux,DB,CIN,True,Active,,,,,FA,FA,FA,FA,PREDRAFT,4,0,0,0,0,True,False
12290,Brandon Bishop,DB,,True,Active,,,,,FA,FA,FA,FA,PREDRAFT,4,0,0,0,0,True,False
13369,Brandon Cisse,DB,GB,True,Active,,,LCB,2,FA,FA,FA,FA,PREDRAFT,4,0,0,0,0,True,False
12269,Brandon Codrington,DB,SF,True,Active,,,,,FA,FA,FA,FA,PREDRAFT,4,0,0,0,0,True,False
11031,Brandon Hill,DB,,True,Active,,,,,FA,FA,FA,FA,PREDRAFT,4,0,0,0,0,True,False
12877,Brandon Johnson,DB,,True,Inactive,,,,,FA,FA,FA,FA,PREDRAFT,4,0,0,0,0,True,False
6911,Brandon Jones,DB,DEN,True,Active,,,FS,1,FA,FA,FA,FA,PREDRAFT,4,0,0,0,0,True,False
11339,Brandon Joseph,DB,,True,Active,,,,,FA,FA,FA,FA,PREDRAFT,4,0,0,0,0,True,False
7685,Brandon Stephens,DB,NYJ,True,Active,,,RCB,1,FA,FA,FA,FA,PREDRAFT,4,0,0,0,0,True,False
4230,Brandon Wilson,DB,,True,Active,,,,,FA,FA,FA,FA,PREDRAFT,4,0,0,0,0,True,False
8726,Brenden Schooler,DB,NE,True,Active,PUP,,SS,3,FA,FA,FA,FA,PREDRAFT,4,0,0,0,0,True,False
13393,Brent Austin,DB,DEN,True,Active,,,,,FA,FA,FA,FA,PREDRAFT,4,0,0,0,0,True,False
10905,Brian Branch,DB,DET,True,Active,PUP,,SS,1,FA,FA,FA,FA,PREDRAFT,4,0,0,0,0,True,False
6929,Brian Cole,DB,,True,Active,,,,,FA,FA,FA,FA,PREDRAFT,4,0,0,0,0,True,False
8078,Brontae Harris,DB,,True,Active,,,,,FA,FA,FA,FA,PREDRAFT,4,0,0,0,0,True,False
8294,Bryan Cook,DB,CIN,True,Active,,,FS,1,FA,FA,FA,FA,PREDRAFT,4,0,0,0,0,True,False
13857,Bryce Phillips,DB,MIN,True,Active,,,,,FA,FA,FA,FA,PREDRAFT,4,0,0,0,0,True,False
12369,Bryce Sheppert,DB,,True,Active,,,,,FA,FA,FA,FA,PREDRAFT,4,0,0,0,0,True,False
5644,Bryon Fields,DB,,True,Active,,,,,FA,FA,FA,FA,PREDRAFT,4,0,0,0,0,True,False
8345,Bubba Bolden,DB,,True,Active,,,,,FA,FA,FA,FA,PREDRAFT,4,0,0,0,0,True,False
13452,Bud Clark,DB,SEA,True,Inactive,IR,,DB,,FA,FA,FA,FA,PREDRAFT,4,0,0,0,0,True,False
4081,Budda Baker,DB,ARI,True,Active,,,SS,1,FA,FA,FA,FA,PREDRAFT,4,0,0,0,0,True,False
837,Buster Skrine,DB,,True,Active,,,,,FA,FA,FA,FA,PREDRAFT,4,0,0,0,0,True,False
5893,C.J. Gardner-Johnson,DB,BUF,True,Active,,,SS,1,FA,FA,FA,FA,PREDRAFT,4,0,0,0,0,True,False
6724,C.J. Moore,DB,DET,True,Active,,,,,FA,FA,FA,FA,PREDRAFT,4,0,0,0,0,True,False
7837,Caden Sterns,DB,,True,Active,,,,,FA,FA,FA,FA,PREDRAFT,4,0,0,0,0,True,False
11769,Caelen Carson,DB,DAL,True,Active,,,LCB,2,FA,FA,FA,FA,PREDRAFT,4,0,0,0,0,True,False
13376,Caleb Downs,DB,DAL,True,Active,,,NB,1,FA,FA,FA,FA,PREDRAFT,4,0,0,0,0,True,False
12632,Caleb Ransaw,DB,JAX,True,Active,,,SS,2,FA,FA,FA,FA,PREDRAFT,4,0,0,0,0,True,False
11710,Calen Bullock,DB,HOU,True,Active,,,SS,1,FA,FA,FA,FA,PREDRAFT,4,0,0,0,0,True,False
12394,Cam Allen,DB,,True,Active,,,,,FA,FA,FA,FA,PREDRAFT,4,0,0,0,0,True,False
7715,Cam Bynum,DB,IND,True,Active,,,FS,1,FA,FA,FA,FA,PREDRAFT,4,0,0,0,0,True,False
12230,Cam Lampkin,DB,LAR,True,Active,,,,,FA,FA,FA,FA,PREDRAFT,4,0,0,0,0,True,False
10900,Cam Smith,DB,,True,Active,,,,,FA,FA,FA,FA,PREDRAFT,4,0,0,0,0,True,False
8341,Cam Taylor-Britt,DB,IND,True,Active,Sus,,RCB,2,FA,FA,FA,FA,PREDRAFT,4,0,0,0,0,True,False
12912,Cam'Ron Silmon-Craig,DB,JAX,True,Active,,,,,FA,FA,FA,FA,PREDRAFT,4,0,0,0,0,True,False
10988,Cameron Mitchell,DB,IND,True,Inactive,IR,,DB,,FA,FA,FA,FA,PREDRAFT,4,0,0,0,0,True,False
11042,Carrington Valentine,DB,GB,True,Active,Questionable,,RCB,1,FA,FA,FA,FA,PREDRAFT,4,0,0,0,0,True,False
8815,Cedric Boswell,DB,,True,Active,,,,,FA,FA,FA,FA,PREDRAFT,4,0,0,0,0,True,False
10949,Chamarri Conner,DB,KC,True,Active,,,SS,1,FA,FA,FA,FA,PREDRAFT,4,0,0,0,0,True,False
3714,Charles Washington,DB,,True,Active,,,,,FA,FA,FA,FA,PREDRAFT,4,0,0,0,0,True,False
8264,Chase Lucas,DB,,True,Active,Questionable,,,,FA,FA,FA,FA,PREDRAFT,4,0,0,0,0,True,False
11771,Chau Smith-Wade,DB,CAR,True,Active,,,NB,1,FA,FA,FA,FA,PREDRAFT,4,0,0,0,0,True,False
12157,Chelen Garnes,DB,,True,Active,,,,,FA,FA,FA,FA,PREDRAFT,4,0,0,0,0,True,False
1442,Chris Banjo,DB,,True,Inactive,,,,,FA,FA,FA,FA,PREDRAFT,4,0,0,0,0,True,False
7138,Chris Claybrooks,DB,,True,Active,,,,,FA,FA,FA,FA,PREDRAFT,4,0,0,0,0,True,False
5449,Chris Cooper,DB,,True,Active,,,,,FA,FA,FA,FA,PREDRAFT,4,0,0,0,0,True,False
3865,Chris Edwards,DB,,True,Inactive,,,,,FA,FA,FA,FA,PREDRAFT,4,0,0,0,0,True,False
7150,Chris Jackson,DB,,True,Active,,,,,FA,FA,FA,FA,PREDRAFT,4,0,0,0,0,True,False
6087,Chris Johnson,DB,,True,Active,,,,,FA,FA,FA,FA,PREDRAFT,4,0,0,0,0,True,False
13370,Chris Johnson,DB,MIA,True,Active,,,NB,1,FA,FA,FA,FA,PREDRAFT,4,0,0,0,0,True,False
7432,Chris Miller,DB,,True,Active,,,,,FA,FA,FA,FA,PREDRAFT,4,0,0,0,0,True,False
3589,Chris Milton,DB,MIA,True,Active,,,,,FA,FA,FA,FA,PREDRAFT,4,0,0,0,0,True,False
8548,Chris Moore,DB,,True,Active,,,,,FA,FA,FA,FA,PREDRAFT,4,0,0,0,0,True,False
6615,Chris Rayford,DB,,True,Active,,,,,FA,FA,FA,FA,PREDRAFT,4,0,0,0,0,True,False
10967,Chris Smith,DB,,True,Active,Questionable,,,,FA,FA,FA,FA,PREDRAFT,4,0,0,0,0,True,False
8352,Chris Steele,DB,,True,Active,,,,,FA,FA,FA,FA,PREDRAFT,4,0,0,0,0,True,False
7385,Christian Angulo,DB,,True,Active,,,,,FA,FA,FA,FA,PREDRAFT,4,0,0,0,0,True,False
8487,Christian Benford,DB,BUF,True,Active,,,LCB,1,FA,FA,FA,FA,PREDRAFT,4,0,0,0,0,True,False
11018,Christian Braswell,DB,JAX,True,Active,,,LCB,2,FA,FA,FA,FA,PREDRAFT,4,0,0,0,0,True,False
10881,Christian Gonzalez,DB,NE,True,Active,,,RCB,1,FA,FA,FA,FA,PREDRAFT,4,0,0,0,0,True,False
11427,Christian Izien,DB,DET,True,Active,,,SS,2,FA,FA,FA,FA,PREDRAFT,4,0,0,0,0,True,False
8515,Christian Matthew,DB,,True,Active,,,,,FA,FA,FA,FA,PREDRAFT,4,0,0,0,0,True,False
11205,Christian Morgan,DB,,True,Active,,,,,FA,FA,FA,FA,PREDRAFT,4,0,0,0,0,True,False
7882,Christian Uphoff,DB,,True,Active,,,,,FA,FA,FA,FA,PREDRAFT,4,0,0,0,0,True,False
11252,Christian Young,DB,,True,Active,,,,,FA,FA,FA,FA,PREDRAFT,4,0,0,0,0,True,False
11916,Christopher Edmonds,DB,,True,Active,,,,,FA,FA,FA,FA,PREDRAFT,4,0,0,0,0,True,False
4224,Chuck Clark,DB,DET,True,Active,,,FS,3,FA,FA,FA,FA,PREDRAFT,4,0,0,0,0,True,False
5740,Chucky Williams,DB,,True,Active,,,,,FA,FA,FA,FA,PREDRAFT,4,0,0,0,0,True,False
3400,Clayton Fejedelem,DB,,True,Active,,,,,FA,FA,FA,FA,PREDRAFT,4,0,0,0,0,True,False
2414,Clayton Geathers,DB,,True,Active,,,,,FA,FA,FA,FA,PREDRAFT,4,0,0,0,0,True,False
12017,Clayton Isbell,DB,,True,Active,,,,,FA,FA,FA,FA,PREDRAFT,4,0,0,0,0,True,False
11482,Clifford Chattman,DB,,True,Active,,,,,FA,FA,FA,FA,PREDRAFT,4,0,0,0,0,True,False
12603,Cobee Bryant,DB,,True,Active,,,,,FA,FA,FA,FA,PREDRAFT,4,0,0,0,0,True,False
8381,Cobie Durant,DB,DAL,True,Active,,,RCB,1,FA,FA,FA,FA,PREDRAFT,4,0,0,0,0,True,False
8293,Coby Bryant,DB,CHI,True,Inactive,IR,,FS,1,FA,FA,FA,FA,PREDRAFT,4,0,0,0,0,True,False
1565,Cody Davis,DB,,True,Active,,,,,FA,FA,FA,FA,PREDRAFT,4,0,0,0,0,True,False
11682,Cole Bishop,DB,BUF,True,Active,,,FS,1,FA,FA,FA,FA,PREDRAFT,4,0,0,0,0,True,False
13561,Cole Wisniewski,DB,PHI,True,Active,,,,,FA,FA,FA,FA,PREDRAFT,4,0,0,0,0,True,False
11144,Collin Duncan,DB,,True,Active,,,,,FA,FA,FA,FA,PREDRAFT,4,0,0,0,0,True,False
13367,Colton Hood,DB,NYG,True,Active,Questionable,,RCB,2,FA,FA,FA,FA,PREDRAFT,4,0,0,0,0,True,False
11678,Cooper DeJean,DB,PHI,True,Active,Questionable,,NB,1,FA,FA,FA,FA,PREDRAFT,4,0,0,0,0,True,False
8310,Cor'Dale Flott,DB,TEN,True,Active,,,RCB,1,FA,FA,FA,FA,PREDRAFT,4,0,0,0,0,True,False
5344,Cornell Armstrong,DB,,True,Inactive,Questionable,,,,FA,FA,FA,FA,PREDRAFT,4,0,0,0,0,True,False
8753,Cortez Davis,DB,,True,Active,,,,,FA,FA,FA,FA,PREDRAFT,4,0,0,0,0,True,False
12654,Craig Woodson,DB,NE,True,Active,,,SS,1,FA,FA,FA,FA,PREDRAFT,4,0,0,0,0,True,False
3416,Cre'Von LeBlanc,DB,,True,Inactive,,,,,FA,FA,FA,FA,PREDRAFT,4,0,0,0,0,True,False
2983,Curtis Riley,DB,,True,Inactive,,,,,FA,FA,FA,FA,PREDRAFT,4,0,0,0,0,True,False
7887,D'Angelo Amos,DB,DET,True,Active,,,,,FA,FA,FA,FA,PREDRAFT,4,0,0,0,0,True,False
13386,D'Angelo Ponds,DB,NYJ,True,Active,Questionable,,NB,1,FA,FA,FA,FA,PREDRAFT,4,0,0,0,0,True,False
6476,D'Angelo Ross,DB,CLE,True,Active,,,,,FA,FA,FA,FA,PREDRAFT,4,0,0,0,0,True,False
8795,D'Anthony Bell,DB,,True,Active,,,,,FA,FA,FA,FA,PREDRAFT,4,0,0,0,0,True,False
1429,D.J. Swearinger,DB,IND,True,Active,,,,,FA,FA,FA,FA,PREDRAFT,4,0,0,0,0,True,False
13241,D.K. Kaufman,DB,,True,Active,,,,,FA,FA,FA,FA,PREDRAFT,4,0,0,0,0,True,False
10894,DJ Turner,DB,CIN,True,Active,,,RCB,1,FA,FA,FA,FA,PREDRAFT,4,0,0,0,0,True,False
14016,DQ Smith,DB,,True,Active,,,,,FA,FA,FA,FA,PREDRAFT,4,0,0,0,0,True,False
8378,DaMarcus Fields,DB,,True,Active,,,,,FA,FA,FA,FA,PREDRAFT,4,0,0,0,0,True,False
8476,DaRon Bland,DB,DAL,True,Active,,,LCB,1,FA,FA,FA,FA,PREDRAFT,4,0,0,0,0,True,False
11744,Dadrion Taylor-Demerson,DB,ARI,True,Active,Questionable,,FS,2,FA,FA,FA,FA,PREDRAFT,4,0,0,0,0,True,False
11831,Daijahn Anthony,DB,,True,Active,,,,,FA,FA,FA,FA,PREDRAFT,4,0,0,0,0,True,False
5736,Dallin Leavitt,DB,,True,Active,,,,,FA,FA,FA,FA,PREDRAFT,4,0,0,0,0,True,False
13523,Dalton Johnson,DB,LV,True,Active,,,SS,2,FA,FA,FA,FA,PREDRAFT,4,0,0,0,0,True,False
7787,Damar Hamlin,DB,BUF,True,Active,,,SS,3,FA,FA,FA,FA,PREDRAFT,4,0,0,0,0,True,False
8361,Damarion Williams,DB,,True,Inactive,Questionable,,,,FA,FA,FA,FA,PREDRAFT,4,0,0,0,0,True,False
8386,Damarri Mathis,DB,CLE,True,Inactive,IR,,DB,,FA,FA,FA,FA,PREDRAFT,4,0,0,0,0,True,False
4188,Damontae Kazee,DB,,True,Active,,,,,FA,FA,FA,FA,PREDRAFT,4,0,0,0,0,True,False
8737,Dan Isom,DB,,True,Active,,,,,FA,FA,FA,FA,PREDRAFT,4,0,0,0,0,True,False
12731,Dan Jackson,DB,,True,Active,,,,,FA,FA,FA,FA,PREDRAFT,4,0,0,0,0,True,False
8395,Dane Belton,DB,NYJ,True,Active,,,SS,2,FA,FA,FA,FA,PREDRAFT,4,0,0,0,0,True,False
5369,Dane Cruikshank,DB,,True,Active,,,,,FA,FA,FA,FA,PREDRAFT,4,0,0,0,0,True,False
10975,Daniel Scott,DB,IND,True,Active,,,,,FA,FA,FA,FA,PREDRAFT,4,0,0,0,0,True,False
2022,Daniel Sorensen,DB,,True,Active,,,,,FA,FA,FA,FA,PREDRAFT,4,0,0,0,0,True,False
7053,Daniel Thomas,DB,CLE,True,Active,,,SS,3,FA,FA,FA,FA,PREDRAFT,4,0,0,0,0,True,False
12673,Dante Trader,DB,MIA,True,Active,,,SS,1,FA,FA,FA,FA,PREDRAFT,4,0,0,0,0,True,False
3240,Darian Thompson,DB,DAL,True,Active,,,,,FA,FA,FA,FA,PREDRAFT,4,0,0,0,0,True,False
12584,Darien Porter,DB,LV,True,Active,,,RCB,1,FA,FA,FA,FA,PREDRAFT,4,0,0,0,0,True,False
11449,Darius Joiner,DB,,True,Active,,,,,FA,FA,FA,FA,PREDRAFT,4,0,0,0,0,True,False
10990,Darius Rush,DB,WAS,True,Active,,,,,FA,FA,FA,FA,PREDRAFT,4,0,0,0,0,True,False
6210,Darnell Savage,DB,,True,Active,,,,,FA,FA,FA,FA,PREDRAFT,4,0,0,0,0,True,False
8764,Darren Evans,DB,,True,Active,,,,,FA,FA,FA,FA,PREDRAFT,4,0,0,0,0,True,False
7827,Darrick Forrest,DB,SF,True,Inactive,IR,,DB,,FA,FA,FA,FA,PREDRAFT,4,0,0,0,0,True,False
12767,Daryl Porter,DB,,True,Active,,,,,FA,FA,FA,FA,PREDRAFT,4,0,0,0,0,True,False
13057,Davion Ross,DB,,True,Active,,,,,FA,FA,FA,FA,PREDRAFT,4,0,0,0,0,True,False
8286,Dax Hill,DB,CIN,True,Active,Questionable,,LCB,1,FA,FA,FA,FA,PREDRAFT,4,0,0,0,0,True,False
7348,Dayan Lake,DB,LAR,True,Active,,,,,FA,FA,FA,FA,PREDRAFT,4,0,0,0,0,True,False
13724,Daylan Carnell,DB,,True,Active,,,,,FA,FA,FA,FA,PREDRAFT,4,0,0,0,0,True,False
3341,DeAndre Houston-Carson,DB,,True,Active,,,,,FA,FA,FA,FA,PREDRAFT,4,0,0,0,0,True,False
11979,DeAngelo Hardy,DB,,True,Active,,,,,FA,FA,FA,FA,PREDRAFT,4,0,0,0,0,True,False
6733,DeJuan Neal,DB,,True,Active,,,,,FA,FA,FA,FA,PREDRAFT,4,0,0,0,0,True,False
11050,DeMarcco Hellams,DB,ATL,True,Active,,,SS,2,FA,FA,FA,FA,PREDRAFT,4,0,0,0,0,True,False
5071,DeShon Elliott,DB,PIT,True,Active,IR,,SS,1,FA,FA,FA,FA,PREDRAFT,4,0,0,0,0,True,False
13794,DeShon Singleton,DB,KC,True,Active,,,,,FA,FA,FA,FA,PREDRAFT,4,0,0,0,0,True,False
12920,Dean Clark,DB,,True,Active,,,,,FA,FA,FA,FA,PREDRAFT,4,0,0,0,0,True,False
2679,Dean Marlowe,DB,,True,Active,,,,,FA,FA,FA,FA,PREDRAFT,4,0,0,0,0,True,False
8519,Deane Leonard,DB,LAC,True,Active,,,RCB,2,FA,FA,FA,FA,PREDRAFT,4,0,0,0,0,True,False
8104,Dee Alford,DB,BUF,True,Active,,,NB,1,FA,FA,FA,FA,PREDRAFT,4,0,0,0,0,True,False
4619,Dee Virgin,DB,,True,Active,,,,,FA,FA,FA,FA,PREDRAFT,4,0,0,0,0,True,False
12050,Dee Williams,DB,,True,Active,,,,,FA,FA,FA,FA,PREDRAFT,4,0,0,0,0,True,False
6672,Deion Harris,DB,,True,Active,,,,,FA,FA,FA,FA,PREDRAFT,4,0,0,0,0,True,False
5866,Deionte Thompson,DB,,True,Active,,,,,FA,FA,FA,FA,PREDRAFT,4,0,0,0,0,True,False
4141,Delano Hill,DB,,True,Active,,,,,FA,FA,FA,FA,PREDRAFT,4,0,0,0,0,True,False
8282,Delarrin Turner-Yell,DB,,True,Active,Questionable,,,,FA,FA,FA,FA,PREDRAFT,4,0,0,0,0,True,False
12115,Dell Pettus,DB,NE,True,Active,,,SS,2,FA,FA,FA,FA,PREDRAFT,4,0,0,0,0,True,False
7189,Delrick Abrams,DB,,True,Active,,,,,FA,FA,FA,FA,PREDRAFT,4,0,0,0,0,True,False
12011,Demani Richardson,DB,,True,Active,,,,,FA,FA,FA,FA,PREDRAFT,4,0,0,0,0,True,False
8556,Denzel Williams,DB,,True,Active,,,,,FA,FA,FA,FA,PREDRAFT,4,0,0,0,0,True,False
7819,Deommodore Lenoir,DB,SF,True,Active,,,RCB,1,FA,FA,FA,FA,PREDRAFT,4,0,0,0,0,True,False
3284,Deon Bush,DB,,True,Active,Questionable,,,,FA,FA,FA,FA,PREDRAFT,4,0,0,0,0,True,False
10878,Deonte Banks,DB,NYG,True,Active,,,DB,,FA,FA,FA,FA,PREDRAFT,4,0,0,0,0,True,False
12424,Derek Slywka,DB,,True,Active,,,,,FA,FA,FA,FA,PREDRAFT,4,0,0,0,0,True,False
8308,Derek Stingley,DB,HOU,True,Active,,,LCB,1,FA,FA,FA,FA,PREDRAFT,4,0,0,0,0,True,False
8271,Derion Kendrick,DB,DAL,True,Active,,,,,FA,FA,FA,FA,PREDRAFT,4,0,0,0,0,True,False
6184,Derrek Thomas,DB,,True,Active,,,,,FA,FA,FA,FA,PREDRAFT,4,0,0,0,0,True,False
4971,Derwin James,DB,LAC,True,Active,,,NB,1,FA,FA,FA,FA,PREDRAFT,4,0,0,0,0,True,False
13841,Deshawn McCuin,DB,,True,Active,,,,,FA,FA,FA,FA,PREDRAFT,4,0,0,0,0,True,False
2643,Deshazor Everett,DB,WAS,True,Active,,,,,FA,FA,FA,FA,PREDRAFT,4,0,0,0,0,True,False
13021,Desmond Igbinosun,DB,,True,Active,,,,,FA,FA,FA,FA,PREDRAFT,4,0,0,0,0,True,False
4216,Desmond King,DB,,True,Active,,,,,FA,FA,FA,FA,PREDRAFT,4,0,0,0,0,True,False
8049,Deuce Wallace,DB,,True,Active,,,,,FA,FA,FA,FA,PREDRAFT,4,0,0,0,0,True,False
13723,Devan Boykin,DB,,True,Active,,,,,FA,FA,FA,FA,PREDRAFT,4,0,0,0,0,True,False
13627,Devin Grant,DB,,True,Active,,,,,FA,FA,FA,FA,PREDRAFT,4,0,0,0,0,True,False
8724,Devin Hafford,DB,,True,Active,,,,,FA,FA,FA,FA,PREDRAFT,4,0,0,0,0,True,False
13896,Devin Lafayette,DB,LV,True,Active,,,,,FA,FA,FA,FA,PREDRAFT,4,0,0,0,0,True,False
518,Devin McCourty,DB,,True,Active,,,,,FA,FA,FA,FA,PREDRAFT,4,0,0,0,0,True,False
13649,Devin Neal,DB,,True,Active,,,,,FA,FA,FA,FA,PREDRAFT,4,0,0,0,0,True,False
13717,Devin Pringle,DB,,True,Active,,,,,FA,FA,FA,FA,PREDRAFT,4,0,0,0,0,True,False
12294,Devlin Kirklin,DB,,True,Active,,,,,FA,FA,FA,FA,PREDRAFT,4,0,0,0,0,True,False
8004,Devon Key,DB,DEN,True,Active,,,FS,2,FA,FA,FA,FA,PREDRAFT,4,0,0,0,0,True,False
10891,Devon Witherspoon,DB,SEA,True,Active,,,LCB,1,FA,FA,FA,FA,PREDRAFT,4,0,0,0,0,True,False
14084,Devyn Bobby,DB,,True,Active,,,,,FA,FA,FA,FA,PREDRAFT,4,0,0,0,0,True,False
13914,Devyn Perkins,DB,,True,Active,,,,,FA,FA,FA,FA,PREDRAFT,4,0,0,0,0,True,False
8003,Dicaprio Bootle,DB,,True,Inactive,Questionable,,,,FA,FA,FA,FA,PREDRAFT,4,0,0,0,0,True,False
13371,Dillon Thieneman,DB,CHI,True,Active,,,SS,1,FA,FA,FA,FA,PREDRAFT,4,0,0,0,0,True,False
7843,Dionte Ruffin,DB,,True,Active,,,,,FA,FA,FA,FA,PREDRAFT,4,0,0,0,0,True,False
12785,Dom Jones,DB,,True,Active,Questionable,,,,FA,FA,FA,FA,PREDRAFT,4,0,0,0,0,True,False
11967,Don Chapman,DB,,True,Active,,,,,FA,FA,FA,FA,PREDRAFT,4,0,0,0,0,True,False
12899,Doneiko Slaughter,DB,PIT,True,Active,,,,,FA,FA,FA,FA,PREDRAFT,4,0,0,0,0,True,False
12783,Donovan McMillon,DB,CLE,True,Active,,,,,FA,FA,FA,FA,PREDRAFT,4,0,0,0,0,True,False
7896,Donovan Stiner,DB,,True,Active,,,,,FA,FA,FA,FA,PREDRAFT,4,0,0,0,0,True,False
6291,Donovan Wilson,DB,,True,Active,,,,,FA,FA,FA,FA,PREDRAFT,4,0,0,0,0,True,False
3643,Doug Middleton,DB,SF,True,Active,,,,,FA,FA,FA,FA,PREDRAFT,4,0,0,0,0,True,False
8558,Drew Hartlaub,DB,,True,Active,,,,,FA,FA,FA,FA,PREDRAFT,4,0,0,0,0,True,False
11700,Dru Phillips,DB,NYG,True,Active,Questionable,,NB,1,FA,FA,FA,FA,PREDRAFT,4,0,0,0,0,True,False
13876,Duce Chestnut,DB,,True,Active,,,,,FA,FA,FA,FA,PREDRAFT,4,0,0,0,0,True,False
6289,Duke Shelley,DB,,True,Active,,,,,FA,FA,FA,FA,PREDRAFT,4,0,0,0,0,True,False
1366,Duron Harmon,DB,,True,Active,,,,,FA,FA,FA,FA,PREDRAFT,4,0,0,0,0,True,False
7748,Dwayne Johnson,DB,NYG,True,Inactive,,,,,FA,FA,FA,FA,PREDRAFT,4,0,0,0,0,True,False
11905,Dwight McGlothern,DB,MIN,True,Inactive,Questionable,,,,FA,FA,FA,FA,PREDRAFT,4,0,0,0,0,True,False
4158,Eddie Jackson,DB,,True,Active,,,,,FA,FA,FA,FA,PREDRAFT,4,0,0,0,0,True,False
7252,Elijah Benton,DB,,True,Active,,,,,FA,FA,FA,FA,PREDRAFT,4,0,0,0,0,True,False
5534,Elijah Campbell,DB,NYG,True,Active,,,FS,2,FA,FA,FA,FA,PREDRAFT,4,0,0,0,0,True,False
8509,Elijah Hicks,DB,CHI,True,Active,Questionable,,SS,2,FA,FA,FA,FA,PREDRAFT,4,0,0,0,0,True,False
11717,Elijah Jones,DB,NYG,True,Active,,,,,FA,FA,FA,FA,PREDRAFT,4,0,0,0,0,True,False
7406,Elijah Riley,DB,,True,Active,,,,,FA,FA,FA,FA,PREDRAFT,4,0,0,0,0,True,False
13028,Elliott Davison,DB,NE,True,Active,,,,,FA,FA,FA,FA,PREDRAFT,4,0,0,0,0,True,False
12087,Emany Johnson,DB,,True,Active,,,,,FA,FA,FA,FA,PREDRAFT,4,0,0,0,0,True,False
13360,Emmanuel McNeil-Warren,DB,CLE,True,Active,,,FS,2,FA,FA,FA,FA,PREDRAFT,4,0,0,0,0,True,False
11689,Ennis Rakestraw,DB,DET,True,Active,Questionable,,NB,2,FA,FA,FA,FA,PREDRAFT,4,0,0,0,0,True,False
7908,Eric Burrell,DB,,True,Active,,,,,FA,FA,FA,FA,PREDRAFT,4,0,0,0,0,True,False
14073,Eric Butler,DB,,True,Inactive,Questionable,,,,FA,FA,FA,FA,PREDRAFT,4,0,0,0,0,True,False
3268,Eric Murray,DB,JAX,True,Active,,,FS,1,FA,FA,FA,FA,PREDRAFT,4,0,0,0,0,True,False
12840,Eric Rogers,DB,,True,Active,,,,,FA,FA,FA,FA,PREDRAFT,4,0,0,0,0,True,False
2352,Eric Rowe,DB,,True,Active,,,,,FA,FA,FA,FA,PREDRAFT,4,0,0,0,0,True,False
11020,Eric Scott,DB,,True,Active,,,,,FA,FA,FA,FA,PREDRAFT,4,0,0,0,0,True,False
11019,Erick Hallett,DB,TEN,True,Active,,,,,FA,FA,FA,FA,PREDRAFT,4,0,0,0,0,True,False
3144,Erik Harris,DB,,True,Active,,,,,FA,FA,FA,FA,PREDRAFT,4,0,0,0,0,True,False
12861,Ethan Robinson,DB,,True,Inactive,Questionable,,,,FA,FA,FA,FA,PREDRAFT,4,0,0,0,0,True,False
13106,Evan Slocum,DB,,True,Active,,,,,FA,FA,FA,FA,PREDRAFT,4,0,0,0,0,True,False
11739,Evan Williams,DB,GB,True,Active,,,FS,1,FA,FA,FA,FA,PREDRAFT,4,0,0,0,0,True,False
8586,Ferrod Gardner,DB,,True,Active,,,,,FA,FA,FA,FA,PREDRAFT,4,0,0,0,0,True,False
10932,Garrett Williams,DB,ARI,True,Active,,,NB,1,FA,FA,FA,FA,PREDRAFT,4,0,0,0,0,True,False
11296,Gemon Green,DB,,True,Active,,,,,FA,FA,FA,FA,PREDRAFT,4,0,0,0,0,True,False
13399,Genesis Smith,DB,LAC,True,Active,,,SS,2,FA,FA,FA,FA,PREDRAFT,4,0,0,0,0,True,False
6923,Geno Stone,DB,BUF,True,Active,,,,,FA,FA,FA,FA,PREDRAFT,4,0,0,0,0,True,False
1066,George Iloka,DB,,True,Inactive,,,,,FA,FA,FA,FA,PREDRAFT,4,0,0,0,0,True,False
5445,George Odum,DB,HOU,True,Active,,,,,FA,FA,FA,FA,PREDRAFT,4,0,0,0,0,True,False
11026,Gervarrius Owens,DB,,True,Active,Questionable,,,,FA,FA,FA,FA,PREDRAFT,4,0,0,0,0,True,False
12805,Glendon Miller,DB,,True,Active,,,,,FA,FA,FA,FA,PREDRAFT,4,0,0,0,0,True,False
6799,Grant Delpit,DB,CLE,True,Active,,,SS,1,FA,FA,FA,FA,PREDRAFT,4,0,0,0,0,True,False
5647,Grant Haley,DB,,True,Inactive,,,,,FA,FA,FA,FA,PREDRAFT,4,0,0,0,0,True,False
7051,Grayland Arnold,DB,,True,Inactive,,,,,FA,FA,FA,FA,PREDRAFT,4,0,0,0,0,True,False
2135,Ha Ha Clinton-Dix,DB,DEN,True,Active,,,,,FA,FA,FA,FA,PREDRAFT,4,0,0,0,0,True,False
1213,Harrison Smith,DB,,True,Active,,,,,FA,FA,FA,FA,PREDRAFT,4,0,0,0,0,True,False
5229,Henre' Toliver,DB,,True,Inactive,,,,,FA,FA,FA,FA,PREDRAFT,4,0,0,0,0,True,False
7271,Henry Black,DB,,True,Active,,,,,FA,FA,FA,FA,PREDRAFT,4,0,0,0,0,True,False
12989,Hudson Clark,DB,,True,Active,,,,,FA,FA,FA,FA,PREDRAFT,4,0,0,0,0,True,False
12723,Hunter Wohler,DB,IND,True,Active,,,SS,2,FA,FA,FA,FA,PREDRAFT,4,0,0,0,0,True,False
13999,Ian Conerly-Goodly,DB,,True,Active,,,,,FA,FA,FA,FA,PREDRAFT,4,0,0,0,0,True,False
12934,Ian Kennelly,DB,,True,Active,,,,,FA,FA,FA,FA,PREDRAFT,4,0,0,0,0,True,False
2420,Ibraheim Campbell,DB,,True,Active,,,,,FA,FA,FA,FA,PREDRAFT,4,0,0,0,0,True,False
7520,Innis Gaines,DB,,True,Active,,,,,FA,FA,FA,FA,PREDRAFT,4,0,0,0,0,True,False
12958,Isaac Gifford,DB,,True,Active,,,,,FA,FA,FA,FA,PREDRAFT,4,0,0,0,0,True,False
8350,Isaac Taylor-Stuart,DB,,True,Active,,,,,FA,FA,FA,FA,PREDRAFT,4,0,0,0,0,True,False
8044,Isaiah Dunn,DB,,True,Inactive,Questionable,,,,FA,FA,FA,FA,PREDRAFT,4,0,0,0,0,True,False
12124,Isaiah Johnson,DB,,True,Active,Questionable,,,,FA,FA,FA,FA,PREDRAFT,4,0,0,0,0,True,False
6707,Isaiah Langley,DB,,True,Active,,,,,FA,FA,FA,FA,PREDRAFT,4,0,0,0,0,True,False
11323,Isaiah Norman,DB,,True,Active,,,,,FA,FA,FA,FA,PREDRAFT,4,0,0,0,0,True,False
13722,Isaiah Nwokobia,DB,,True,Active,,,,,FA,FA,FA,FA,PREDRAFT,4,0,0,0,0,True,False
8838,Isaiah Pola-Mao,DB,LV,True,Active,,,FS,1,FA,FA,FA,FA,PREDRAFT,4,0,0,0,0,True,False
6781,Isaiah Simmons,DB,CAR,True,Active,,,,,FA,FA,FA,FA,PREDRAFT,4,0,0,0,0,True,False
13131,Isas Waxter,DB,,True,Active,,,,,FA,FA,FA,FA,PREDRAFT,4,0,0,0,0,True,False
7776,Israel Mukuamu,DB,,True,Inactive,Questionable,,,,FA,FA,FA,FA,PREDRAFT,4,0,0,0,0,True,False
5193,J.C. Jackson,DB,,True,Active,,,,,FA,FA,FA,FA,PREDRAFT,4,0,0,0,0,True,False
7046,J.R. Reed,DB,,True,Active,,,,,FA,FA,FA,FA,PREDRAFT,4,0,0,0,0,True,False
5452,J.T. Gray,DB,,True,Active,,,,,FA,FA,FA,FA,PREDRAFT,4,0,0,0,0,True,False
6429,J.T. Hassell,DB,,True,Active,,,,,FA,FA,FA,FA,PREDRAFT,4,0,0,0,0,True,False
7621,J.T. Ibe,DB,CAR,True,Active,,,,,FA,FA,FA,FA,PREDRAFT,4,0,0,0,0,True,False
13132,JJ Roberts,DB,TB,True,Active,,,,,FA,FA,FA,FA,PREDRAFT,4,0,0,0,0,True,False
11011,JL Skinner,DB,DEN,True,Active,,,SS,2,FA,FA,FA,FA,PREDRAFT,4,0,0,0,0,True,False
7749,JR Pace,DB,,True,Active,,,,,FA,FA,FA,FA,PREDRAFT,4,0,0,0,0,True,False
8313,JT Woods,DB,,True,Active,,,,,FA,FA,FA,FA,PREDRAFT,4,0,0,0,0,True,False
11882,Ja'Quan Sheppard,DB,,True,Active,,,,,FA,FA,FA,FA,PREDRAFT,4,0,0,0,0,True,False
13960,Ja'Qurious Conley,DB,,True,Active,,,,,FA,FA,FA,FA,PREDRAFT,4,0,0,0,0,True,False
8481,Ja'Sir Taylor,DB,CIN,True,Active,IR,,DB,,FA,FA,FA,FA,PREDRAFT,4,0,0,0,0,True,False
4056,Jabrill Peppers,DB,,True,Active,,,,,FA,FA,FA,FA,PREDRAFT,4,0,0,0,0,True,False
13098,Jack Henderson,DB,,True,Active,,,,,FA,FA,FA,FA,PREDRAFT,4,0,0,0,0,True,False
8261,Jack Jones,DB,SF,True,Active,,,LCB,2,FA,FA,FA,FA,PREDRAFT,4,0,0,0,0,True,False
8668,Jack Koerner,DB,,True,Active,,,,,FA,FA,FA,FA,PREDRAFT,4,0,0,0,0,True,False
12605,Jacob Parrish,DB,TB,True,Active,,,NB,1,FA,FA,FA,FA,PREDRAFT,4,0,0,0,0,True,False
13618,Jacob Thomas,DB,MIN,True,Active,Questionable,,,,FA,FA,FA,FA,PREDRAFT,4,0,0,0,0,True,False
8546,Jacobi Francis,DB,,True,Active,,,,,FA,FA,FA,FA,PREDRAFT,4,0,0,0,0,True,False
11837,Jaden Davis,DB,,True,Inactive,,,,,FA,FA,FA,FA,PREDRAFT,4,0,0,0,0,True,False
11728,Jaden Hicks,DB,KC,True,Active,,,SS,2,FA,FA,FA,FA,PREDRAFT,4,0,0,0,0,True,False
14012,Jahari Rogers,DB,,True,Active,,,,,FA,FA,FA,FA,PREDRAFT,4,0,0,0,0,True,False
12557,Jahdae Barron,DB,DEN,True,Active,,,LCB,2,FA,FA,FA,FA,PREDRAFT,4,0,0,0,0,True,False
1620,Jahleel Addae,DB,,True,Active,,,,,FA,FA,FA,FA,PREDRAFT,4,0,0,0,0,True,False
13851,Jahquez Robinson,DB,BAL,True,Inactive,IR,,,,FA,FA,FA,FA,PREDRAFT,4,0,0,0,0,True,False
8735,Jairon McVea,DB,,True,Active,,,,,FA,FA,FA,FA,PREDRAFT,4,0,0,0,0,True,False
13462,Jakobe Thomas,DB,MIN,True,Active,Questionable,,SS,2,FA,FA,FA,FA,PREDRAFT,4,0,0,0,0,True,False
10963,Jakorian Bennett,DB,PHI,True,Active,IR,,LCB,2,FA,FA,FA,FA,PREDRAFT,4,0,0,0,0,True,False
6631,Jalen Allison,DB,,True,Active,,,,,FA,FA,FA,FA,PREDRAFT,4,0,0,0,0,True,False
6902,Jalen Elliott,DB,,True,Active,,,,,FA,FA,FA,FA,PREDRAFT,4,0,0,0,0,True,False
11025,Jalen Graham,DB,SF,True,Active,,,,,FA,FA,FA,FA,PREDRAFT,4,0,0,0,0,True,False
6521,Jalen Harvey,DB,,True,Active,,,,,FA,FA,FA,FA,PREDRAFT,4,0,0,0,0,True,False
13474,Jalen Huskey,DB,JAX,True,Active,,,FS,2,FA,FA,FA,FA,PREDRAFT,4,0,0,0,0,True,False
8314,Jalen Pitre,DB,HOU,True,Active,,,NB,1,FA,FA,FA,FA,PREDRAFT,4,0,0,0,0,True,False
13655,Jalen Stroman,DB,SF,True,Active,,,,,FA,FA,FA,FA,PREDRAFT,4,0,0,0,0,True,False
6711,Jalen Thompson,DB,DAL,True,Active,,,SS,1,FA,FA,FA,FA,PREDRAFT,4,0,0,0,0,True,False
8276,Jalyn Armour-Davis,DB,,True,Active,Questionable,,,,FA,FA,FA,FA,PREDRAFT,4,0,0,0,0,True,False
11865,Jalyn Phillips,DB,,True,Active,,,,,FA,FA,FA,FA,PREDRAFT,4,0,0,0,0,True,False
4689,Jamal Carter,DB,,True,Inactive,,,,,FA,FA,FA,FA,PREDRAFT,4,0,0,0,0,True,False
7826,Jamar Johnson,DB,,True,Active,,,,,FA,FA,FA,FA,PREDRAFT,4,0,0,0,0,True,False
7762,James Wiggins,DB,,True,Active,,,,,FA,FA,FA,FA,PREDRAFT,4,0,0,0,0,True,False
11847,James Williams,DB,TEN,True,Active,,,ROLB,1,FA,FA,FA,FA,PREDRAFT,4,0,0,0,0,True,False
10986,Jammie Robinson,DB,ATL,True,Active,,,,,FA,FA,FA,FA,PREDRAFT,4,0,0,0,0,True,False
11364,Jaquan Amos,DB,,True,Active,,,,,FA,FA,FA,FA,PREDRAFT,4,0,0,0,0,True,False
8323,Jaquan Brisker,DB,PIT,True,Active,Questionable,,FS,1,FA,FA,FA,FA,PREDRAFT,4,0,0,0,0,True,False
5930,Jaquan Johnson,DB,,True,Active,,,,,FA,FA,FA,FA,PREDRAFT,4,0,0,0,0,True,False
7384,Jaquarius Landrews,DB,,True,Inactive,,,,,FA,FA,FA,FA,PREDRAFT,4,0,0,0,0,True,False
2351,Jaquiski Tartt,DB,,True,Active,,,,,FA,FA,FA,FA,PREDRAFT,4,0,0,0,0,True,False
7027,Jared Mayden,DB,,True,Active,,,,,FA,FA,FA,FA,PREDRAFT,4,0,0,0,0,True,False
14065,Jarod Washington,DB,,True,Active,,,,,FA,FA,FA,FA,PREDRAFT,4,0,0,0,0,True,False
11725,Jarrian Jones,DB,JAX,True,Active,,,NB,2,FA,FA,FA,FA,PREDRAFT,4,0,0,0,0,True,False
3550,Jarrod Wilson,DB,,True,Active,,,,,FA,FA,FA,FA,PREDRAFT,4,0,0,0,0,True,False
11766,Jarvis Brownlee,DB,NYJ,True,Active,,,NB,2,FA,FA,FA,FA,PREDRAFT,4,0,0,0,0,True,False
368,Jason McCourty,DB,,True,Active,,,,,FA,FA,FA,FA,PREDRAFT,4,0,0,0,0,True,False
11040,Jason Taylor,DB,,True,Active,,,,,FA,FA,FA,FA,PREDRAFT,4,0,0,0,0,True,False
11686,Javon Bullard,DB,GB,True,Active,,,NB,1,FA,FA,FA,FA,PREDRAFT,4,0,0,0,0,True,False
7453,Javon Hagan,DB,,True,Active,,,,,FA,FA,FA,FA,PREDRAFT,4,0,0,0,0,True,False
6636,Jay Liggins,DB,,True,Active,,,,,FA,FA,FA,FA,PREDRAFT,4,0,0,0,0,True,False
10939,Jay Ward,DB,MIN,True,Active,,,FS,1,FA,FA,FA,FA,PREDRAFT,4,0,0,0,0,True,False
13253,JayVian Farr,DB,,True,Active,,,,,FA,FA,FA,FA,PREDRAFT,4,0,0,0,0,True,False
11462,Jaydon Grant,DB,,True,Active,,,,,FA,FA,FA,FA,PREDRAFT,4,0,0,0,0,True,False
12813,Jaylen Jones,DB,,True,Active,,,,,FA,FA,FA,FA,PREDRAFT,4,0,0,0,0,True,False
11822,Jaylen Key,DB,,True,Active,,,,,FA,FA,FA,FA,PREDRAFT,4,0,0,0,0,True,False
12345,Jaylen Mahoney,DB,,True,Active,,,,,FA,FA,FA,FA,PREDRAFT,4,0,0,0,0,True,False
12142,Jaylen McCollough,DB,LAR,True,Active,,,SS,2,FA,FA,FA,FA,PREDRAFT,4,0,0,0,0,True,False
12710,Jaylen Reed,DB,NE,True,Active,,,FS,2,FA,FA,FA,FA,PREDRAFT,4,0,0,0,0,True,False
8373,Jaylen Watson,DB,LAR,True,Active,,,LCB,1,FA,FA,FA,FA,PREDRAFT,4,0,0,0,0,True,False
11775,Jaylin Simpson,DB,MIA,True,Active,,,,,FA,FA,FA,FA,PREDRAFT,4,0,0,0,0,True,False
11777,Jaylon Carlies,DB,IND,True,Active,,,LOLB,2,FA,FA,FA,FA,PREDRAFT,4,0,0,0,0,True,False
6839,Jaylon Johnson,DB,CHI,True,Active,Questionable,,RCB,1,FA,FA,FA,FA,PREDRAFT,4,0,0,0,0,True,False
11052,Jaylon Jones,DB,IND,True,Active,,,LCB,2,FA,FA,FA,FA,PREDRAFT,4,0,0,0,0,True,False
8048,Jaylon McClain-Sapp,DB,,True,Inactive,,,,,FA,FA,FA,FA,PREDRAFT,4,0,0,0,0,True,False
3399,Jayron Kearse,DB,,True,Active,,,,,FA,FA,FA,FA,PREDRAFT,4,0,0,0,0,True,False
1700,Jeff Heath,DB,,True,Active,,,,,FA,FA,FA,FA,PREDRAFT,4,0,0,0,0,True,False
7016,Jeremy Chinn,DB,LV,True,Active,,,SS,1,FA,FA,FA,FA,PREDRAFT,4,0,0,0,0,True,False
5792,Jeremy Reaves,DB,WAS,True,Active,,,FS,1,FA,FA,FA,FA,PREDRAFT,4,0,0,0,0,True,False
8326,Jermaine Waller,DB,,True,Injured Reserve,,,,,FA,FA,FA,FA,PREDRAFT,4,0,0,0,0,True,False
13368,Jermod McCoy,DB,LV,True,Active,,,RCB,2,FA,FA,FA,FA,PREDRAFT,4,0,0,0,0,True,False
10997,Jerrick Reed,DB,TEN,True,Active,,,,,FA,FA,FA,FA,PREDRAFT,4,0,0,0,0,True,False
13168,Jerrin Thompson,DB,,True,Active,,,,,FA,FA,FA,FA,PREDRAFT,4,0,0,0,0,True,False
8768,Jesse Bramble,DB,,True,Active,,,,,FA,FA,FA,FA,PREDRAFT,4,0,0,0,0,True,False
5017,Jessie Bates,DB,ATL,True,Active,,,SS,1,FA,FA,FA,FA,PREDRAFT,4,0,0,0,0,True,False
7666,Jevon Holland,DB,NYG,True,Active,,,FS,1,FA,FA,FA,FA,PREDRAFT,4,0,0,0,0,True,False
10936,Ji'Ayir Brown,DB,SF,True,Active,,,FS,1,FA,FA,FA,FA,PREDRAFT,4,0,0,0,0,True,False
2267,Jimmie Ward,DB,,True,Active,Questionable,,,,FA,FA,FA,FA,PREDRAFT,4,0,0,0,0,True,False
6582,Jocquez Kalili,DB,,True,Active,,,,,FA,FA,FA,FA,PREDRAFT,4,0,0,0,0,True,False
8683,Joey Blount,DB,ARI,True,Inactive,IR,,DB,,FA,FA,FA,FA,PREDRAFT,4,0,0,0,0,True,False
10913,Joey Porter,DB,PIT,True,Active,,,LCB,1,FA,FA,FA,FA,PREDRAFT,4,0,0,0,0,True,False
6329,John Battle,DB,,True,Inactive,,,,,FA,FA,FA,FA,PREDRAFT,4,0,0,0,0,True,False
4133,John Johnson,DB,,True,Active,,,,,FA,FA,FA,FA,PREDRAFT,4,0,0,0,0,True,False
12317,John Pupel,DB,,True,Active,,,,,FA,FA,FA,FA,PREDRAFT,4,0,0,0,0,True,False
12872,John Saunders,DB,,True,Active,,,,,FA,FA,FA,FA,PREDRAFT,4,0,0,0,0,True,False
5860,Johnathan Abram,DB,,True,Active,,,,,FA,FA,FA,FA,PREDRAFT,4,0,0,0,0,True,False
12931,Johnathan Baldwin,DB,GB,True,Inactive,IR,,,,FA,FA,FA,FA,PREDRAFT,4,0,0,0,0,True,False
13107,Johnathan Edwards,DB,IND,True,Active,,,NB,2,FA,FA,FA,FA,PREDRAFT,4,0,0,0,0,True,False
6623,Jomon Dotson,DB,,True,Inactive,,,,,FA,FA,FA,FA,PREDRAFT,4,0,0,0,0,True,False
8722,Jon Alexander,DB,,True,Active,,,,,FA,FA,FA,FA,PREDRAFT,4,0,0,0,0,True,False
12619,Jonas Sanker,DB,NO,True,Active,,,NB,1,FA,FA,FA,FA,PREDRAFT,4,0,0,0,0,True,False
3415,Jonathan Jones,DB,PHI,True,Active,Questionable,,NB,2,FA,FA,FA,FA,PREDRAFT,4,0,0,0,0,True,False
5520,Jonathan Owens,DB,IND,True,Active,,,FS,2,FA,FA,FA,FA,PREDRAFT,4,0,0,0,0,True,False
11250,Jonathan Sutherland,DB,,True,Active,,,,,FA,FA,FA,FA,PREDRAFT,4,0,0,0,0,True,False
10927,Jordan Battle,DB,CIN,True,Active,,,SS,1,FA,FA,FA,FA,PREDRAFT,4,0,0,0,0,True,False
6030,Jordan Brown,DB,,True,Active,,,,,FA,FA,FA,FA,PREDRAFT,4,0,0,0,0,True,False
12923,Jordan Clark,DB,NYJ,True,Active,,,,,FA,FA,FA,FA,PREDRAFT,4,0,0,0,0,True,False
12388,Jordan Colbert,DB,,True,Active,Questionable,,,,FA,FA,FA,FA,PREDRAFT,4,0,0,0,0,True,False
6968,Jordan Fuller,DB,,True,Active,,,,,FA,FA,FA,FA,PREDRAFT,4,0,0,0,0,True,False
12661,Jordan Hancock,DB,BUF,True,Active,,,NB,2,FA,FA,FA,FA,PREDRAFT,4,0,0,0,0,True,False
6749,Jordan Holland,DB,,True,Active,,,,,FA,FA,FA,FA,PREDRAFT,4,0,0,0,0,True,False
10985,Jordan Howden,DB,NO,True,Active,,,SS,2,FA,FA,FA,FA,PREDRAFT,4,0,0,0,0,True,False
3360,Jordan Lucas,DB,,True,Inactive,,,,,FA,FA,FA,FA,PREDRAFT,4,0,0,0,0,True,False
6009,Jordan Miller,DB,,True,Active,,,,,FA,FA,FA,FA,PREDRAFT,4,0,0,0,0,True,False
8875,Jordan Mosley,DB,,True,Active,,,,,FA,FA,FA,FA,PREDRAFT,4,0,0,0,0,True,False
1343,Jordan Poyer,DB,,True,Active,Questionable,,,,FA,FA,FA,FA,PREDRAFT,4,0,0,0,0,True,False
2369,Jordan Richards,DB,BAL,True,Active,,,,,FA,FA,FA,FA,PREDRAFT,4,0,0,0,0,True,False
12251,Jordan Toles,DB,,True,Active,,,,,FA,FA,FA,FA,PREDRAFT,4,0,0,0,0,True,False
5375,Jordan Whitehead,DB,,True,Active,,,,,FA,FA,FA,FA,PREDRAFT,4,0,0,0,0,True,False
13112,Jordan Wright,DB,,True,Active,,,,,FA,FA,FA,FA,PREDRAFT,4,0,0,0,0,True,False
8043,Jordyn Peters,DB,,True,Active,,,,,FA,FA,FA,FA,PREDRAFT,4,0,0,0,0,True,False
5498,Joseph Putu,DB,,True,Active,,,,,FA,FA,FA,FA,PREDRAFT,4,0,0,0,0,True,False
5029,Josh Jackson,DB,,True,Active,,,,,FA,FA,FA,FA,PREDRAFT,4,0,0,0,0,True,False
8275,Josh Jobe,DB,SEA,True,Active,,,RCB,1,FA,FA,FA,FA,PREDRAFT,4,0,0,0,0,True,False
4109,Josh Jones,DB,,True,Inactive,,,,,FA,FA,FA,FA,PREDRAFT,4,0,0,0,0,True,False
12979,Josh Minkins,DB,,True,Inactive,Questionable,,,,FA,FA,FA,FA,PREDRAFT,4,0,0,0,0,True,False
7199,Josh Nurse,DB,,True,Inactive,,,,,FA,FA,FA,FA,PREDRAFT,4,0,0,0,0,True,False
12225,Josh Proctor,DB,,True,Active,,,,,FA,FA,FA,FA,PREDRAFT,4,0,0,0,0,True,False
7208,Josh Thomas,DB,,True,Active,,,,,FA,FA,FA,FA,PREDRAFT,4,0,0,0,0,True,False
8379,Josh Thompson,DB,,True,Active,,,,,FA,FA,FA,FA,PREDRAFT,4,0,0,0,0,True,False
8681,Josh Turner,DB,,True,Active,,,,,FA,FA,FA,FA,PREDRAFT,4,0,0,0,0,True,False
8862,Josh Valentine-Turner,DB,,True,Active,,,,,FA,FA,FA,FA,PREDRAFT,4,0,0,0,0,True,False
12132,Josh Wallace,DB,LAR,True,Active,,,NB,2,FA,FA,FA,FA,PREDRAFT,4,0,0,0,0,True,False
5671,Joshua Kalu,DB,,True,Active,,,,,FA,FA,FA,FA,PREDRAFT,4,0,0,0,0,True,False
6901,Joshua Metellus,DB,MIN,True,Active,,,SS,1,FA,FA,FA,FA,PREDRAFT,4,0,0,0,0,True,False
7805,Joshuah Bledsoe,DB,,True,Active,,,,,FA,FA,FA,FA,PREDRAFT,4,0,0,0,0,True,False
7914,Jovan Grant,DB,,True,Active,,,,,FA,FA,FA,FA,PREDRAFT,4,0,0,0,0,True,False
7251,Jovante Moffatt,DB,,True,Inactive,,,,,FA,FA,FA,FA,PREDRAFT,4,0,0,0,0,True,False
10906,JuJu Brents,DB,MIA,True,Active,,,RCB,1,FA,FA,FA,FA,PREDRAFT,4,0,0,0,0,True,False
7347,JuJu Hughes,DB,,True,Active,,,,,FA,FA,FA,FA,PREDRAFT,4,0,0,0,0,True,False
6145,Juan Thornhill,DB,,True,Active,,,,,FA,FA,FA,FA,PREDRAFT,4,0,0,0,0,True,False
8397,Juanyeh Thomas,DB,,True,Active,,,,,FA,FA,FA,FA,PREDRAFT,4,0,0,0,0,True,False
7044,Julian Blackmon,DB,NO,True,Active,,,FS,1,FA,FA,FA,FA,PREDRAFT,4,0,0,0,0,True,False
5876,Julian Love,DB,SEA,True,Active,,,SS,1,FA,FA,FA,FA,PREDRAFT,4,0,0,0,0,True,False
13396,Julian Neal,DB,SEA,True,Active,Questionable,,RCB,2,FA,FA,FA,FA,PREDRAFT,4,0,0,0,0,True,False
12089,Julius Wood,DB,MIA,True,Active,,,SS,2,FA,FA,FA,FA,PREDRAFT,4,0,0,0,0,True,False
1216,Justin Bethel,DB,,True,Active,,,,,FA,FA,FA,FA,PREDRAFT,4,0,0,0,0,True,False
11268,Justin Broiles,DB,,True,Active,,,,,FA,FA,FA,FA,PREDRAFT,4,0,0,0,0,True,False
5036,Justin Reid,DB,NO,True,Active,,,SS,1,FA,FA,FA,FA,PREDRAFT,4,0,0,0,0,True,False
3262,Justin Simmons,DB,,True,Active,,,,,FA,FA,FA,FA,PREDRAFT,4,0,0,0,0,True,False
3279,Juston Burris,DB,,True,Active,,,,,FA,FA,FA,FA,PREDRAFT,4,0,0,0,0,True,False
13969,Jy Gilmore,DB,,True,Active,,,,,FA,FA,FA,FA,PREDRAFT,4,0,0,0,0,True,False
6947,K'Von Wallace,DB,BAL,True,Active,,,,,FA,FA,FA,FA,PREDRAFT,4,0,0,0,0,True,False
13713,KC Eziomume,DB,,True,Active,Questionable,,,,FA,FA,FA,FA,PREDRAFT,4,0,0,0,0,True,False
8093,KJ Sails,DB,,True,Active,,,,,FA,FA,FA,FA,PREDRAFT,4,0,0,0,0,True,False
6222,Ka'dar Hollman,DB,,True,Active,,,,,FA,FA,FA,FA,PREDRAFT,4,0,0,0,0,True,False
11429,Kaevon Merriweather,DB,JAX,True,Active,,,,,FA,FA,FA,FA,PREDRAFT,4,0,0,0,0,True,False
4564,Kai Nacua,DB,,True,Active,,,,,FA,FA,FA,FA,PREDRAFT,4,0,0,0,0,True,False
8296,Kaiir Elam,DB,LAC,True,Active,,,,,FA,FA,FA,FA,PREDRAFT,4,0,0,0,0,True,False
8312,Kalon Barnes,DB,,True,Active,,,,,FA,FA,FA,FA,PREDRAFT,4,0,0,0,0,True,False
7136,Kam Curl,DB,LAR,True,Active,,,SS,1,FA,FA,FA,FA,PREDRAFT,4,0,0,0,0,True,False
12322,Kam Pedescleaux,DB,,True,Active,,,,,FA,FA,FA,FA,PREDRAFT,4,0,0,0,0,True,False
11787,Kamal Hadden,DB,GB,True,Active,,,NB,2,FA,FA,FA,FA,PREDRAFT,4,0,0,0,0,True,False
11685,Kamari Lassiter,DB,HOU,True,Active,,,RCB,1,FA,FA,FA,FA,PREDRAFT,4,0,0,0,0,True,False
13406,Kamari Ramsey,DB,HOU,True,Active,,,NB,2,FA,FA,FA,FA,PREDRAFT,4,0,0,0,0,True,False
11726,Kamren Kinchens,DB,LAR,True,Active,,,FS,1,FA,FA,FA,FA,PREDRAFT,4,0,0,0,0,True,False
13694,Kani Walker,DB,BUF,True,Active,,,,,FA,FA,FA,FA,PREDRAFT,4,0,0,0,0,True,False
13823,Kapena Gushiken,DB,IND,True,Active,,,LCB,3,FA,FA,FA,FA,PREDRAFT,4,0,0,0,0,True,False
544,Kareem Jackson,DB,,True,Active,,,,,FA,FA,FA,FA,PREDRAFT,4,0,0,0,0,True,False
6682,Kareem Orr,DB,LAR,True,Active,,,,,FA,FA,FA,FA,PREDRAFT,4,0,0,0,0,True,False
3191,Karl Joseph,DB,,True,Inactive,,,,,FA,FA,FA,FA,PREDRAFT,4,0,0,0,0,True,False
13510,Karon Prunty,DB,NE,True,Active,,,LCB,2,FA,FA,FA,FA,PREDRAFT,4,0,0,0,0,True,False
3367,Kavon Frazier,DB,LV,True,Active,,,,,FA,FA,FA,FA,PREDRAFT,4,0,0,0,0,True,False
11971,Keaton Ellis,DB,,True,Active,,,,,FA,FA,FA,FA,PREDRAFT,4,0,0,0,0,True,False
11459,Kedrick Whitehead,DB,,True,Active,,,,,FA,FA,FA,FA,PREDRAFT,4,0,0,0,0,True,False
11014,Kei'Trel Clark,DB,ARI,True,Active,,,LCB,2,FA,FA,FA,FA,PREDRAFT,4,0,0,0,0,True,False
3243,KeiVarae Russell,DB,,True,Active,,,,,FA,FA,FA,FA,PREDRAFT,4,0,0,0,0,True,False
11395,Keidron Smith,DB,,True,Active,,,,,FA,FA,FA,FA,PREDRAFT,4,0,0,0,0,True,False
5317,Keion Crossen,DB,,True,Active,,,,,FA,FA,FA,FA,PREDRAFT,4,0,0,0,0,True,False
13382,Keionte Scott,DB,TB,True,Active,,,NB,2,FA,FA,FA,FA,PREDRAFT,4,0,0,0,0,True,False
13397,Keith Abney,DB,DET,True,Active,,,LCB,1,FA,FA,FA,FA,PREDRAFT,4,0,0,0,0,True,False
7375,Keith Washington,DB,,True,Inactive,,,,,FA,FA,FA,FA,PREDRAFT,4,0,0,0,0,True,False
8627,Kekaula Kaniho,DB,,True,Active,,,,,FA,FA,FA,FA,PREDRAFT,4,0,0,0,0,True,False
13997,Kekoura Tarnue,DB,,True,Active,,,,,FA,FA,FA,FA,PREDRAFT,4,0,0,0,0,True,False
10962,Kelee Ringo,DB,PHI,True,Active,,,RCB,2,FA,FA,FA,FA,PREDRAFT,4,0,0,0,0,True,False
7434,Kemah Siverand,DB,,True,Inactive,,,,,FA,FA,FA,FA,PREDRAFT,4,0,0,0,0,True,False
12987,Kendall Paul,DB,,True,Active,,,,,FA,FA,FA,FA,PREDRAFT,4,0,0,0,0,True,False
6140,Kendall Sheffield,DB,,True,Active,Questionable,,,,FA,FA,FA,FA,PREDRAFT,4,0,0,0,0,True,False
11161,Kendall Smith,DB,,True,Active,,,,,FA,FA,FA,FA,PREDRAFT,4,0,0,0,0,True,False
11022,Kendall Williamson,DB,LAC,True,Active,,,FS,3,FA,FA,FA,FA,PREDRAFT,4,0,0,0,0,True,False
12338,Kendarin Ray,DB,,True,Active,,,,,FA,FA,FA,FA,PREDRAFT,4,0,0,0,0,True,False
11185,Kendell Brooks,DB,,True,Active,IR,,DB,,FA,FA,FA,FA,PREDRAFT,4,0,0,0,0,True,False
8879,Kenneth George,DB,,True,Active,,,,,FA,FA,FA,FA,PREDRAFT,4,0,0,0,0,True,False
12139,Kenny Logan,DB,,True,Active,,,,,FA,FA,FA,FA,PREDRAFT,4,0,0,0,0,True,False
7119,Kenny Robinson,DB,,True,Active,,,,,FA,FA,FA,FA,PREDRAFT,4,0,0,0,0,True,False
13156,Keondre Jackson,DB,BAL,True,Active,,,SS,2,FA,FA,FA,FA,PREDRAFT,4,0,0,0,0,True,False
8348,Kerby Joseph,DB,DET,True,Active,PUP,,FS,1,FA,FA,FA,FA,PREDRAFT,4,0,0,0,0,True,False
3233,Kevin Byard,DB,NE,True,Active,,,FS,1,FA,FA,FA,FA,PREDRAFT,4,0,0,0,0,True,False
12819,Kevin Knowles,DB,TB,True,Active,,,LDE,3,FA,FA,FA,FA,PREDRAFT,4,0,0,0,0,True,False
7332,Kevin McGill,DB,,True,Active,,,,,FA,FA,FA,FA,PREDRAFT,4,0,0,0,0,True,False
12588,Kevin Winston,DB,TEN,True,Active,,,FS,1,FA,FA,FA,FA,PREDRAFT,4,0,0,0,0,True,False
13220,Keydrain Calligan,DB,,True,Active,,,,,FA,FA,FA,FA,PREDRAFT,4,0,0,0,0,True,False
6152,Khari Willis,DB,,True,Active,,,,,FA,FA,FA,FA,PREDRAFT,4,0,0,0,0,True,False
11741,Khyree Jackson,DB,,True,Inactive,,,,,FA,FA,FA,FA,PREDRAFT,4,0,0,0,0,True,False
6928,Kindle Vildor,DB,NE,True,Active,,,,,FA,FA,FA,FA,PREDRAFT,4,0,0,0,0,True,False
12736,Kitan Crawford,DB,ARI,True,Active,,,SS,2,FA,FA,FA,FA,PREDRAFT,4,0,0,0,0,True,False
11763,Kitan Oladapo,DB,GB,True,Active,,,SS,2,FA,FA,FA,FA,PREDRAFT,4,0,0,0,0,True,False
12726,Kobee Minor,DB,,True,Active,,,,,FA,FA,FA,FA,PREDRAFT,4,0,0,0,0,True,False
8335,Kolby Harvell-Peel,DB,,True,Active,,,,,FA,FA,FA,FA,PREDRAFT,4,0,0,0,0,True,False
11675,Kool-Aid McKinstry,DB,NO,True,Active,,,LCB,1,FA,FA,FA,FA,PREDRAFT,4,0,0,0,0,True,False
11765,Kris Abrams-Draine,DB,DEN,True,Active,,,RCB,2,FA,FA,FA,FA,PREDRAFT,4,0,0,0,0,True,False
6872,Kyle Dugger,DB,CIN,True,Active,,,SS,2,FA,FA,FA,FA,PREDRAFT,4,0,0,0,0,True,False
8339,Kyle Hamilton,DB,BAL,True,Active,,,SS,1,FA,FA,FA,FA,PREDRAFT,4,0,0,0,0,True,False
8365,Kyler Gordon,DB,CHI,True,Active,PUP,,NB,1,FA,FA,FA,FA,PREDRAFT,4,0,0,0,0,True,False
8873,Kyler McMichael,DB,,True,Active,,,,,FA,FA,FA,FA,PREDRAFT,4,0,0,0,0,True,False
8808,La'Kendrick Van Zandt,DB,,True,Active,,,,,FA,FA,FA,FA,PREDRAFT,4,0,0,0,0,True,False
6684,LaDarius Wiley,DB,,True,Active,,,,,FA,FA,FA,FA,PREDRAFT,4,0,0,0,0,True,False
13184,Ladarius Tennison,DB,,True,Active,,,,,FA,FA,FA,FA,PREDRAFT,4,0,0,0,0,True,False
3761,Lafayette Pitts,DB,,True,Active,,,,,FA,FA,FA,FA,PREDRAFT,4,0,0,0,0,True,False
2230,Lamarcus Joyner,DB,,True,Inactive,,,,,FA,FA,FA,FA,PREDRAFT,4,0,0,0,0,True,False
7894,Lamont Wade,DB,,True,Active,,,,,FA,FA,FA,FA,PREDRAFT,4,0,0,0,0,True,False
12064,Lance Robinson,DB,,True,Active,,,,,FA,FA,FA,FA,PREDRAFT,4,0,0,0,0,True,False
2338,Landon Collins,DB,,True,Active,,,,,FA,FA,FA,FA,PREDRAFT,4,0,0,0,0,True,False
13727,Lardarius Webb,DB,BAL,True,Active,,,,,FA,FA,FA,FA,PREDRAFT,4,0,0,0,0,True,False
11246,Larry Brooks,DB,,True,Active,,,,,FA,FA,FA,FA,PREDRAFT,4,0,0,0,0,True,False
14033,Larry Worth,DB,,True,Active,,,,,FA,FA,FA,FA,PREDRAFT,4,0,0,0,0,True,False
11473,Latavious Brini,DB,,True,Active,,,,,FA,FA,FA,FA,PREDRAFT,4,0,0,0,0,True,False
12611,Lathan Ransom,DB,CAR,True,Active,,,FS,2,FA,FA,FA,FA,PREDRAFT,4,0,0,0,0,True,False
13594,Latrell McCutchin,DB,,True,Active,,,,,FA,FA,FA,FA,PREDRAFT,4,0,0,0,0,True,False
11904,Lawrence Johnson,DB,,True,Active,,,,,FA,FA,FA,FA,PREDRAFT,4,0,0,0,0,True,False
7967,Lawrence White,DB,,True,Active,,,,,FA,FA,FA,FA,PREDRAFT,4,0,0,0,0,True,False
8317,Leon O'Neal,DB,,True,Active,,,,,FA,FA,FA,FA,PREDRAFT,4,0,0,0,0,True,False
8268,Lewis Cine,DB,,True,Inactive,,,,,FA,FA,FA,FA,PREDRAFT,4,0,0,0,0,True,False
5474,Linden Stephens,DB,,True,Active,,,,,FA,FA,FA,FA,PREDRAFT,4,0,0,0,0,True,False
1367,Logan Ryan,DB,,True,Active,,,,,FA,FA,FA,FA,PREDRAFT,4,0,0,0,0,True,False
5883,Lonnie Johnson,DB,,True,Active,Questionable,,,,FA,FA,FA,FA,PREDRAFT,4,0,0,0,0,True,False
12161,Loren Strickland,DB,,True,Inactive,Questionable,,,,FA,FA,FA,FA,PREDRAFT,4,0,0,0,0,True,False
13509,Lorenzo Styles,DB,NO,True,Inactive,IR,,FS,2,FA,FA,FA,FA,PREDRAFT,4,0,0,0,0,True,False
13817,Louis Moore,DB,,True,Active,,,,,FA,FA,FA,FA,PREDRAFT,4,0,0,0,0,True,False
7478,Luther Kirk,DB,,True,Active,,,,,FA,FA,FA,FA,PREDRAFT,4,0,0,0,0,True,False
5055,M.J. Stewart,DB,HOU,True,Active,PUP,,FS,2,FA,FA,FA,FA,PREDRAFT,4,0,0,0,0,True,False
11825,MJ Devonshire,DB,,True,Active,,,,,FA,FA,FA,FA,PREDRAFT,4,0,0,0,0,True,False
11264,Macon Clark,DB,,True,Active,,,,,FA,FA,FA,FA,PREDRAFT,4,0,0,0,0,True,False
12748,Major Burns,DB,,True,Active,,,,,FA,FA,FA,FA,PREDRAFT,4,0,0,0,0,True,False
13171,Major Williams,DB,,True,Active,,,,,FA,FA,FA,FA,PREDRAFT,4,0,0,0,0,True,False
12894,Makari Paige,DB,,True,Active,,,,,FA,FA,FA,FA,PREDRAFT,4,0,0,0,0,True,False
12639,Malachi Moore,DB,NYJ,True,Active,,,FS,2,FA,FA,FA,FA,PREDRAFT,4,0,0,0,0,True,False
12567,Malaki Starks,DB,BAL,True,Active,,,FS,1,FA,FA,FA,FA,PREDRAFT,4,0,0,0,0,True,False
7386,Malcolm Elmore,DB,,True,Active,,,,,FA,FA,FA,FA,PREDRAFT,4,0,0,0,0,True,False
12999,Malik Dixon-Williams,DB,,True,Active,,,,,FA,FA,FA,FA,PREDRAFT,4,0,0,0,0,True,False
6324,Malik Gant,DB,,True,Active,,,,,FA,FA,FA,FA,PREDRAFT,4,0,0,0,0,True,False
4074,Malik Hooker,DB,DAL,True,Active,,,FS,1,FA,FA,FA,FA,PREDRAFT,4,0,0,0,0,True,False
11731,Malik Mustapha,DB,SF,True,Active,Questionable,,SS,1,FA,FA,FA,FA,PREDRAFT,4,0,0,0,0,True,False
13854,Malik Spencer,DB,,True,Inactive,Questionable,,,,FA,FA,FA,FA,PREDRAFT,4,0,0,0,0,True,False
12895,Malik Verdon,DB,ATL,True,Inactive,IR,,LB,,FA,FA,FA,FA,PREDRAFT,4,0,0,0,0,True,False
7513,Manny Patterson,DB,,True,Active,,,,,FA,FA,FA,FA,PREDRAFT,4,0,0,0,0,True,False
13385,Mansoor Delane,DB,KC,True,Active,,,RCB,1,FA,FA,FA,FA,PREDRAFT,4,0,0,0,0,True,False
13692,Marc Stampley,DB,,True,Active,,,,,FA,FA,FA,FA,PREDRAFT,4,0,0,0,0,True,False
7269,Marc-Antoine Dequoy,DB,,True,Active,,,,,FA,FA,FA,FA,PREDRAFT,4,0,0,0,0,True,False
8837,Marcel Dabo,DB,,True,Active,,,,,FA,FA,FA,FA,PREDRAFT,4,0,0,0,0,True,False
11809,Marcellas Dial,DB,MIA,True,Active,,,NB,2,FA,FA,FA,FA,PREDRAFT,4,0,0,0,0,True,False
11965,Marcus Banks,DB,,True,Inactive,Questionable,,,,FA,FA,FA,FA,PREDRAFT,4,0,0,0,0,True,False
5417,Marcus Edmond,DB,,True,Active,,,,,FA,FA,FA,FA,PREDRAFT,4,0,0,0,0,True,False
6284,Marcus Epps,DB,PHI,True,Active,,,SS,1,FA,FA,FA,FA,PREDRAFT,4,0,0,0,0,True,False
893,Marcus Gilchrist,DB,,True,Active,,,,,FA,FA,FA,FA,PREDRAFT,4,0,0,0,0,True,False
12712,Marcus Harris,DB,TEN,True,Active,,,NB,1,FA,FA,FA,FA,PREDRAFT,4,0,0,0,0,True,False
8359,Marcus Jones,DB,NE,True,Active,,,NB,1,FA,FA,FA,FA,PREDRAFT,4,0,0,0,0,True,False
4093,Marcus Maye,DB,,True,Active,,,,,FA,FA,FA,FA,PREDRAFT,4,0,0,0,0,True,False
7745,Marcus Murphy,DB,,True,Active,,,,,FA,FA,FA,FA,PREDRAFT,4,0,0,0,0,True,False
4091,Marcus Williams,DB,,True,Active,,,,,FA,FA,FA,FA,PREDRAFT,4,0,0,0,0,True,False
8298,Mario Goodrich,DB,,True,Active,,,,,FA,FA,FA,FA,PREDRAFT,4,0,0,0,0,True,False
12125,Mark Perry,DB,,True,Active,,,,,FA,FA,FA,FA,PREDRAFT,4,0,0,0,0,True,False
7763,Mark Webb,DB,,True,Active,,,,,FA,FA,FA,FA,PREDRAFT,4,0,0,0,0,True,False
8399,Markquese Bell,DB,DAL,True,Active,,,SS,2,FA,FA,FA,FA,PREDRAFT,4,0,0,0,0,True,False
13917,Marlen Sewell,DB,CHI,True,Active,,,,,FA,FA,FA,FA,PREDRAFT,4,0,0,0,0,True,False
7999,Marlon Character,DB,,True,Active,,,,,FA,FA,FA,FA,PREDRAFT,4,0,0,0,0,True,False
12668,Marques Sigle,DB,SF,True,Active,,,SS,2,FA,FA,FA,FA,PREDRAFT,4,0,0,0,0,True,False
6577,Marquez Sanford,DB,,True,Active,,,,,FA,FA,FA,FA,PREDRAFT,4,0,0,0,0,True,False
3323,Marqui Christian,DB,,True,Active,,,,,FA,FA,FA,FA,PREDRAFT,4,0,0,0,0,True,False
11313,Marquis Waters,DB,,True,Active,,,,,FA,FA,FA,FA,PREDRAFT,4,0,0,0,0,True,False
12376,Marquis Wilson,DB,,True,Active,,,,,FA,FA,FA,FA,PREDRAFT,4,0,0,0,0,True,False
5982,Marquise Blair,DB,,True,Active,,,,,FA,FA,FA,FA,PREDRAFT,4,0,0,0,0,True,False
13040,Marquise Robinson,DB,,True,Active,,,,,FA,FA,FA,FA,PREDRAFT,4,0,0,0,0,True,False
10926,Marte Mapu,DB,HOU,True,Inactive,Questionable,,,,FA,FA,FA,FA,PREDRAFT,4,0,0,0,0,True,False
11326,Martez Manuel,DB,,True,Active,,,,,FA,FA,FA,FA,PREDRAFT,4,0,0,0,0,True,False
8390,Martin Emerson,DB,NO,True,Active,,,RCB,2,FA,FA,FA,FA,PREDRAFT,4,0,0,0,0,True,False
11458,Matthew Jackson,DB,,True,Active,,,,,FA,FA,FA,FA,PREDRAFT,4,0,0,0,0,True,False
3605,Matthias Farley,DB,,True,Active,,,,,FA,FA,FA,FA,PREDRAFT,4,0,0,0,0,True,False
4400,Maurice Smith,DB,,True,Active,,,,,FA,FA,FA,FA,PREDRAFT,4,0,0,0,0,True,False
11693,Max Melton,DB,ARI,True,Active,,,RCB,2,FA,FA,FA,FA,PREDRAFT,4,0,0,0,0,True,False
12876,Maxen Hook,DB,SEA,True,Active,,,,,FA,FA,FA,FA,PREDRAFT,4,0,0,0,0,True,False
13877,Maximus Pulley,DB,PHI,True,Active,,,,,FA,FA,FA,FA,PREDRAFT,4,0,0,0,0,True,False
12596,Maxwell Hairston,DB,BUF,True,Active,,,RCB,1,FA,FA,FA,FA,PREDRAFT,4,0,0,0,0,True,False
6714,Mazzi Wilkins,DB,BAL,True,Active,,,,,FA,FA,FA,FA,PREDRAFT,4,0,0,0,0,True,False
13118,Melvin Smith,DB,TEN,True,Active,,,LCB,3,FA,FA,FA,FA,PREDRAFT,4,0,0,0,0,True,False
1525,Micah Hyde,DB,,True,Active,,,,,FA,FA,FA,FA,PREDRAFT,4,0,0,0,0,True,False
13564,Michael Dansby,DB,SEA,True,Active,,,,,FA,FA,FA,FA,PREDRAFT,4,0,0,0,0,True,False
12059,Michael Dowell,DB,,True,Active,,,,,FA,FA,FA,FA,PREDRAFT,4,0,0,0,0,True,False
8541,Michael Griffin,DB,,True,Active,,,,,FA,FA,FA,FA,PREDRAFT,4,0,0,0,0,True,False
1703,Michael J. Thomas,DB,,True,Active,,,,,FA,FA,FA,FA,PREDRAFT,4,0,0,0,0,True,False
13517,Michael Taaffe,DB,MIA,True,Active,,,FS,2,FA,FA,FA,FA,PREDRAFT,4,0,0,0,0,True,False
11531,Michael Tutsie,DB,,True,Active,,,,,FA,FA,FA,FA,PREDRAFT,4,0,0,0,0,True,False
8532,Mike Brown,DB,NE,True,Active,,,,,FA,FA,FA,FA,PREDRAFT,4,0,0,0,0,True,False
5959,Mike Edwards,DB,,True,Active,,,,,FA,FA,FA,FA,PREDRAFT,4,0,0,0,0,True,False
5691,Mike Ford,DB,ATL,True,Active,,,RCB,2,FA,FA,FA,FA,PREDRAFT,4,0,0,0,0,True,False
11676,Mike Sainristil,DB,WAS,True,Active,,,RCB,1,FA,FA,FA,FA,PREDRAFT,4,0,0,0,0,True,False
12854,Mike Smith,DB,,True,Active,,,,,FA,FA,FA,FA,PREDRAFT,4,0,0,0,0,True,False
3272,Miles Killebrew,DB,TB,True,Active,,,FS,2,FA,FA,FA,FA,PREDRAFT,4,0,0,0,0,True,False
13578,Miles Scott,DB,DEN,True,Active,,,,,FA,FA,FA,FA,PREDRAFT,4,0,0,0,0,True,False
11896,Millard Bradford,DB,,True,Active,,,,,FA,FA,FA,FA,PREDRAFT,4,0,0,0,0,True,False
4963,Minkah Fitzpatrick,DB,NYJ,True,Active,,,SS,1,FA,FA,FA,FA,PREDRAFT,4,0,0,0,0,True,False
12943,Mishael Powell,DB,,True,Active,,,,,FA,FA,FA,FA,PREDRAFT,4,0,0,0,0,True,False
8305,Montaric Brown,DB,JAX,True,Active,,,LCB,1,FA,FA,FA,FA,PREDRAFT,4,0,0,0,0,True,False
6090,Montre Hartage,DB,,True,Active,,,,,FA,FA,FA,FA,PREDRAFT,4,0,0,0,0,True,False
12160,Morice Norris,DB,,True,Active,Questionable,,,,FA,FA,FA,FA,PREDRAFT,4,0,0,0,0,True,False
11235,Morrell Osling,DB,,True,Active,,,,,FA,FA,FA,FA,PREDRAFT,4,0,0,0,0,True,False
13863,Murvin Kenion,DB,GB,True,Active,,,,,FA,FA,FA,FA,PREDRAFT,4,0,0,0,0,True,False
6946,Myles Bryant,DB,CLE,True,Active,,,,,FA,FA,FA,FA,PREDRAFT,4,0,0,0,0,True,False
7366,Myles Dorn,DB,,True,Inactive,,,,,FA,FA,FA,FA,PREDRAFT,4,0,0,0,0,True,False
11836,Myles Harden,DB,CLE,True,Active,,,NB,1,FA,FA,FA,FA,PREDRAFT,4,0,0,0,0,True,False
7226,Myles Hartsfield,DB,,True,Active,,,,,FA,FA,FA,FA,PREDRAFT,4,0,0,0,0,True,False
12827,Myles Purchase,DB,,True,Active,,,,,FA,FA,FA,FA,PREDRAFT,4,0,0,0,0,True,False
13691,Myles Rowser,DB,,True,Active,,,,,FA,FA,FA,FA,PREDRAFT,4,0,0,0,0,True,False
12325,Nash Fouch,DB,,True,Active,,,,,FA,FA,FA,FA,PREDRAFT,4,0,0,0,0,True,False
5881,Nasir Adderley,DB,,True,Active,,,,,FA,FA,FA,FA,PREDRAFT,4,0,0,0,0,True,False
8708,Nasir Greer,DB,,True,Active,,,,,FA,FA,FA,FA,PREDRAFT,4,0,0,0,0,True,False
6634,Nate Brooks,DB,,True,Active,,,,,FA,FA,FA,FA,PREDRAFT,4,0,0,0,0,True,False
1035,Nate Ebner,DB,NYG,True,Inactive,,,,,FA,FA,FA,FA,PREDRAFT,4,0,0,0,0,True,False
5759,Nate Holley,DB,,True,Active,,,,,FA,FA,FA,FA,PREDRAFT,4,0,0,0,0,True,False
13007,Nate Valcarcel,DB,,True,Active,,,,,FA,FA,FA,FA,PREDRAFT,4,0,0,0,0,True,False
6354,Nathan Meadors,DB,,True,Inactive,,,,,FA,FA,FA,FA,PREDRAFT,4,0,0,0,0,True,False
5084,Natrell Jamerson,DB,LV,True,Active,,,,,FA,FA,FA,FA,PREDRAFT,4,0,0,0,0,True,False
8506,Nazeeh Johnson,DB,,True,Inactive,Questionable,,DB,,FA,FA,FA,FA,PREDRAFT,4,0,0,0,0,True,False
13814,Nick Andersen,DB,LAR,True,Active,,,,,FA,FA,FA,FA,PREDRAFT,4,0,0,0,0,True,False
8392,Nick Cross,DB,WAS,True,Active,,,SS,1,FA,FA,FA,FA,PREDRAFT,4,0,0,0,0,True,False
12597,Nick Emmanwori,DB,SEA,True,Active,Questionable,,NB,1,FA,FA,FA,FA,PREDRAFT,4,0,0,0,0,True,False
6301,Nick Scott,DB,CAR,True,Active,,,FS,1,FA,FA,FA,FA,PREDRAFT,4,0,0,0,0,True,False
11334,Nico Bolden,DB,,True,Active,,,,,FA,FA,FA,FA,PREDRAFT,4,0,0,0,0,True,False
6986,Nigel Warrior,DB,,True,Inactive,,,,,FA,FA,FA,FA,PREDRAFT,4,0,0,0,0,True,False
8882,Nijuel Hill,DB,,True,Active,,,,,FA,FA,FA,FA,PREDRAFT,4,0,0,0,0,True,False
12838,Nikko Reed,DB,LAC,True,Active,,,,,FA,FA,FA,FA,PREDRAFT,4,0,0,0,0,True,False
13605,Noah Avinger,DB,,True,Active,,,,,FA,FA,FA,FA,PREDRAFT,4,0,0,0,0,True,False
8871,Nolan Turner,DB,,True,Active,,,,,FA,FA,FA,FA,PREDRAFT,4,0,0,0,0,True,False
4120,Obi Melifonwu,DB,,True,Active,,,,,FA,FA,FA,FA,PREDRAFT,4,0,0,0,0,True,False
6419,P.J. Locke,DB,DAL,True,Active,,,FS,2,FA,FA,FA,FA,PREDRAFT,4,0,0,0,0,True,False
12058,PJ Jules,DB,CIN,True,Active,,,FS,2,FA,FA,FA,FA,PREDRAFT,4,0,0,0,0,True,False
7916,Paris Ford,DB,,True,Active,,,,,FA,FA,FA,FA,PREDRAFT,4,0,0,0,0,True,False
13986,Parker Robertson,DB,,True,Active,,,,,FA,FA,FA,FA,PREDRAFT,4,0,0,0,0,True,False
11797,Patrick McMorris,DB,,True,Active,,,,,FA,FA,FA,FA,PREDRAFT,4,0,0,0,0,True,False
13992,Paul Manning,DB,,True,Active,,,,,FA,FA,FA,FA,PREDRAFT,4,0,0,0,0,True,False
8394,Percy Butler,DB,WAS,True,Active,,,SS,2,FA,FA,FA,FA,PREDRAFT,4,0,0,0,0,True,False
14025,Peter Manuma,DB,,True,Active,,,,,FA,FA,FA,FA,PREDRAFT,4,0,0,0,0,True,False
11883,Phalen Sanford,DB,,True,Active,,,,,FA,FA,FA,FA,PREDRAFT,4,0,0,0,0,True,False
908,Prince Amukamara,DB,,True,Active,,,,,FA,FA,FA,FA,PREDRAFT,4,0,0,0,0,True,False
7408,Prince Smith,DB,,True,Active,,,,,FA,FA,FA,FA,PREDRAFT,4,0,0,0,0,True,False
10903,Quan Martin,DB,WAS,True,Active,,,FS,2,FA,FA,FA,FA,PREDRAFT,4,0,0,0,0,True,False
2501,Quandre Diggs,DB,,True,Active,,,,,FA,FA,FA,FA,PREDRAFT,4,0,0,0,0,True,False
8803,Quandre Mosely,DB,,True,Active,,,,,FA,FA,FA,FA,PREDRAFT,4,0,0,0,0,True,False
8330,Quentin Lake,DB,LAR,True,Active,,,NB,1,FA,FA,FA,FA,PREDRAFT,4,0,0,0,0,True,False
11150,Quindell Johnson,DB,,True,Active,,,,,FA,FA,FA,FA,PREDRAFT,4,0,0,0,0,True,False
12108,Quinton Newsome,DB,,True,Active,,,,,FA,FA,FA,FA,PREDRAFT,4,0,0,0,0,True,False
8393,Qwynnterrio Cole,DB,,True,Active,,,,,FA,FA,FA,FA,PREDRAFT,4,0,0,0,0,True,False
12694,RJ Mickens,DB,LAC,True,Active,,,SS,1,FA,FA,FA,FA,PREDRAFT,4,0,0,0,0,True,False
8578,Raheem Layne,DB,NYG,True,Active,,,,,FA,FA,FA,FA,PREDRAFT,4,0,0,0,0,True,False
14000,Randy Franklin,DB,,True,Active,,,,,FA,FA,FA,FA,PREDRAFT,4,0,0,0,0,True,False
5050,Rashaan Gaulden,DB,,True,Active,,,,,FA,FA,FA,FA,PREDRAFT,4,0,0,0,0,True,False
11164,Rashad Torrence,DB,,True,Active,,,,,FA,FA,FA,FA,PREDRAFT,4,0,0,0,0,True,False
11966,Rashad Wisdom,DB,TB,True,Active,,,,,FA,FA,FA,FA,PREDRAFT,4,0,0,0,0,True,False
5545,Raven Greene,DB,,True,Active,,,,,FA,FA,FA,FA,PREDRAFT,4,0,0,0,0,True,False
4180,Rayshawn Jenkins,DB,PIT,True,Active,,,SS,2,FA,FA,FA,FA,PREDRAFT,4,0,0,0,0,True,False
12702,Rayuan Lane,DB,JAX,True,Active,,,FS,3,FA,FA,FA,FA,PREDRAFT,4,0,0,0,0,True,False
8406,Reed Blankenship,DB,HOU,True,Active,,,FS,1,FA,FA,FA,FA,PREDRAFT,4,0,0,0,0,True,False
7171,Reggie Floyd,DB,,True,Active,,,,,FA,FA,FA,FA,PREDRAFT,4,0,0,0,0,True,False
11697,Renardo Green,DB,SF,True,Active,Questionable,,LCB,1,FA,FA,FA,FA,PREDRAFT,4,0,0,0,0,True,False
13157,Reuben Lowery,DB,,True,Active,NA,,,,FA,FA,FA,FA,PREDRAFT,4,0,0,0,0,True,False
2167,Ricardo Allen,DB,CIN,True,Active,,,,,FA,FA,FA,FA,PREDRAFT,4,0,0,0,0,True,False
7822,Richard LeCounte,DB,,True,Active,,,,,FA,FA,FA,FA,PREDRAFT,4,0,0,0,0,True,False
7662,Richie Grant,DB,,True,Active,,,,,FA,FA,FA,FA,PREDRAFT,4,0,0,0,0,True,False
10930,Riley Moss,DB,DEN,True,Active,Questionable,,LCB,1,FA,FA,FA,FA,PREDRAFT,4,0,0,0,0,True,False
8374,Riq Woolen,DB,PHI,True,Active,,,RCB,1,FA,FA,FA,FA,PREDRAFT,4,0,0,0,0,True,False
12047,Ro Torrence,DB,,True,Active,,,,,FA,FA,FA,FA,PREDRAFT,4,0,0,0,0,True,False
11869,Robert Kennedy,DB,,True,Active,,,,,FA,FA,FA,FA,PREDRAFT,4,0,0,0,0,True,False
12695,Robert Longerbeam,DB,PHI,True,Active,,,,,FA,FA,FA,FA,PREDRAFT,4,0,0,0,0,True,False
7712,Robert Rochell,DB,,True,Active,,,,,FA,FA,FA,FA,PREDRAFT,4,0,0,0,0,True,False
13576,Robert Spears-Jennings,DB,PIT,True,Active,,,FS,2,FA,FA,FA,FA,PREDRAFT,4,0,0,0,0,True,False
6257,Roderic Teamer,DB,,True,Active,,,,,FA,FA,FA,FA,PREDRAFT,4,0,0,0,0,True,False
7304,Rodney Clemons,DB,,True,Active,,,,,FA,FA,FA,FA,PREDRAFT,4,0,0,0,0,True,False
1205,Rodney McLeod,DB,,True,Active,,,,,FA,FA,FA,FA,PREDRAFT,4,0,0,0,0,True,False
8303,Roger McCreary,DB,DET,True,Active,,,NB,1,FA,FA,FA,FA,PREDRAFT,4,0,0,0,0,True,False
7187,Rojesterman Farris,DB,DEN,True,Active,,,,,FA,FA,FA,FA,PREDRAFT,4,0,0,0,0,True,False
3808,Rolan Milligan,DB,IND,True,Active,,,,,FA,FA,FA,FA,PREDRAFT,4,0,0,0,0,True,False
5025,Ronnie Harrison,DB,MIA,True,Active,Questionable,,ROLB,2,FA,FA,FA,FA,PREDRAFT,4,0,0,0,0,True,False
11352,Ronnie Hickman,DB,CLE,True,Active,,,FS,1,FA,FA,FA,FA,PREDRAFT,4,0,0,0,0,True,False
4223,Rudy Ford,DB,,True,Active,,,,,FA,FA,FA,FA,PREDRAFT,4,0,0,0,0,True,False
8510,Russ Yeast,DB,CIN,True,Active,,,,,FA,FA,FA,FA,PREDRAFT,4,0,0,0,0,True,False
11800,Ryan Watts,DB,,True,Active,,,,,FA,FA,FA,FA,PREDRAFT,4,0,0,0,0,True,False
7224,Sam Franklin,DB,BUF,True,Active,,,FS,2,FA,FA,FA,FA,PREDRAFT,4,0,0,0,0,True,False
12167,Sam Lockett,DB,,True,Active,,,,,FA,FA,FA,FA,PREDRAFT,4,0,0,0,0,True,False
11841,Sanoussi Kane,DB,,True,Inactive,Questionable,,,,FA,FA,FA,FA,PREDRAFT,4,0,0,0,0,True,False
6013,Saquan Hampton,DB,,True,Active,,,,,FA,FA,FA,FA,PREDRAFT,4,0,0,0,0,True,False
8290,Sauce Gardner,DB,IND,True,Active,Questionable,,RCB,1,FA,FA,FA,FA,PREDRAFT,4,0,0,0,0,True,False
5178,Sean Chandler,DB,,True,Active,,,,,FA,FA,FA,FA,PREDRAFT,4,0,0,0,0,True,False
3228,Sean Davis,DB,NE,True,Active,,,,,FA,FA,FA,FA,PREDRAFT,4,0,0,0,0,True,False
8640,Sean Mahone,DB,,True,Active,,,,,FA,FA,FA,FA,PREDRAFT,4,0,0,0,0,True,False
12955,Sebastian Castro,DB,PIT,True,Active,,,,,FA,FA,FA,FA,PREDRAFT,4,0,0,0,0,True,False
13084,Shaquan Loyal,DB,,True,Active,,,,,FA,FA,FA,FA,PREDRAFT,4,0,0,0,0,True,False
3667,Sharrod Neasman,DB,,True,Active,,,,,FA,FA,FA,FA,PREDRAFT,4,0,0,0,0,True,False
12559,Shavon Revel,DB,DAL,True,Active,,,RCB,2,FA,FA,FA,FA,PREDRAFT,4,0,0,0,0,True,False
7825,Shawn Davis,DB,,True,Inactive,,,,,FA,FA,FA,FA,PREDRAFT,4,0,0,0,0,True,False
12328,Shawn Preston,DB,,True,Active,,,,,FA,FA,FA,FA,PREDRAFT,4,0,0,0,0,True,False
1395,Shawn Williams,DB,,True,Active,,,,,FA,FA,FA,FA,PREDRAFT,4,0,0,0,0,True,False
5983,Sheldrick Redwine,DB,,True,Active,,,,,FA,FA,FA,FA,PREDRAFT,4,0,0,0,0,True,False
545,Sherrick McManis,DB,,True,Inactive,,,,,FA,FA,FA,FA,PREDRAFT,4,0,0,0,0,True,False
12745,Shilo Sanders,DB,,True,Active,,,,,FA,FA,FA,FA,PREDRAFT,4,0,0,0,0,True,False
6940,Shyheim Carter,DB,,True,Active,,,,,FA,FA,FA,FA,PREDRAFT,4,0,0,0,0,True,False
13737,Silas Walters,DB,TB,True,Active,,,,,FA,FA,FA,FA,PREDRAFT,4,0,0,0,0,True,False
8584,Skyler Thomas,DB,CHI,True,Active,,,,,FA,FA,FA,FA,PREDRAFT,4,0,0,0,0,True,False
8302,Smoke Monday,DB,,True,Active,,,,,FA,FA,FA,FA,PREDRAFT,4,0,0,0,0,True,False
8403,Sterling Weatherford,DB,,True,Active,,,,,FA,FA,FA,FA,PREDRAFT,4,0,0,0,0,True,False
5741,Steven Parker,DB,,True,Active,,,,,FA,FA,FA,FA,PREDRAFT,4,0,0,0,0,True,False
10919,Sydney Brown,DB,ATL,True,Active,,,FS,2,FA,FA,FA,FA,PREDRAFT,4,0,0,0,0,True,False
3227,T.J. Green,DB,HOU,True,Active,,,,,FA,FA,FA,FA,PREDRAFT,4,0,0,0,0,True,False
11730,T.J. Tampa,DB,BAL,True,Active,,,LCB,2,FA,FA,FA,FA,PREDRAFT,4,0,0,0,0,True,False
8748,TJ Carter,DB,,True,Active,,,,,FA,FA,FA,FA,PREDRAFT,4,0,0,0,0,True,False
8902,Tae Daley,DB,,True,Active,,,,,FA,FA,FA,FA,PREDRAFT,4,0,0,0,0,True,False
7811,Talanoa Hufanga,DB,DEN,True,Active,,,SS,1,FA,FA,FA,FA,PREDRAFT,4,0,0,0,0,True,False
14042,Tamon Lynum,DB,,True,Active,,,,,FA,FA,FA,FA,PREDRAFT,4,0,0,0,0,True,False
11151,Tanner Ingle,DB,LAR,True,Active,,,,,FA,FA,FA,FA,PREDRAFT,4,0,0,0,0,True,False
11353,Tanner McCalister,DB,KC,True,Active,,,,,FA,FA,FA,FA,PREDRAFT,4,0,0,0,0,True,False
13803,Tanner Wall,DB,,True,Active,,,,,FA,FA,FA,FA,PREDRAFT,4,0,0,0,0,True,False
11779,Tarheeb Still,DB,LAC,True,Active,,,LCB,1,FA,FA,FA,FA,PREDRAFT,4,0,0,0,0,True,False
8405,Tariq Carpenter,DB,,True,Active,,,,,FA,FA,FA,FA,PREDRAFT,4,0,0,0,0,True,False
8321,Tariq Castro-Fields,DB,,True,Inactive,Questionable,,,,FA,FA,FA,FA,PREDRAFT,4,0,0,0,0,True,False
7975,Tariq Thompson,DB,,True,Active,,,,,FA,FA,FA,FA,PREDRAFT,4,0,0,0,0,True,False
5040,Tarvarius Moore,DB,,True,Active,,,,,FA,FA,FA,FA,PREDRAFT,4,0,0,0,0,True,False
1079,Tashaun Gipson,DB,,True,Active,,,,,FA,FA,FA,FA,PREDRAFT,4,0,0,0,0,True,False
5519,Tavierre Thomas,DB,MIN,True,Active,,,,,FA,FA,FA,FA,PREDRAFT,4,0,0,0,0,True,False
1039,Tavon Wilson,DB,SF,True,Inactive,,,,,FA,FA,FA,FA,PREDRAFT,4,0,0,0,0,True,False
8615,Tayler Hawkins,DB,,True,Inactive,,,,,FA,FA,FA,FA,PREDRAFT,4,0,0,0,0,True,False
5882,Taylor Rapp,DB,,True,Active,,,,,FA,FA,FA,FA,PREDRAFT,4,0,0,0,0,True,False
4181,Tedric Thompson,DB,CLE,True,Active,,,,,FA,FA,FA,FA,PREDRAFT,4,0,0,0,0,True,False
4087,Teez Tabor,DB,,True,Active,,,,,FA,FA,FA,FA,PREDRAFT,4,0,0,0,0,True,False
10972,Terell Smith,DB,WAS,True,Active,,,,,FA,FA,FA,FA,PREDRAFT,4,0,0,0,0,True,False
2067,Terrance Mitchell,DB,,True,Active,,,,,FA,FA,FA,FA,PREDRAFT,4,0,0,0,0,True,False
7036,Terrell Burgess,DB,TEN,True,Active,,,FS,2,FA,FA,FA,FA,PREDRAFT,4,0,0,0,0,True,False
4974,Terrell Edmunds,DB,,True,Active,,,,,FA,FA,FA,FA,PREDRAFT,4,0,0,0,0,True,False
1864,Terrence Brooks,DB,,True,Active,,,,,FA,FA,FA,FA,PREDRAFT,4,0,0,0,0,True,False
11661,Terrion Arnold,DB,SEA,True,Active,NA,,LCB,3,FA,FA,FA,FA,PREDRAFT,4,0,0,0,0,True,False
8496,Theo Jackson,DB,MIN,True,Active,,,FS,2,FA,FA,FA,FA,PREDRAFT,4,0,0,0,0,True,False
7775,Thomas Graham,DB,,True,Active,,,,,FA,FA,FA,FA,PREDRAFT,4,0,0,0,0,True,False
11872,Thomas Harper,DB,DET,True,Active,,,SS,3,FA,FA,FA,FA,PREDRAFT,4,0,0,0,0,True,False
13138,Tommy McCormick,DB,,True,Active,,,,,FA,FA,FA,FA,PREDRAFT,4,0,0,0,0,True,False
8860,Tony Adams,DB,TEN,True,Active,,,SS,2,FA,FA,FA,FA,PREDRAFT,4,0,0,0,0,True,False
5424,Tony Brown,DB,,True,Active,,,,,FA,FA,FA,FA,PREDRAFT,4,0,0,0,0,True,False
13668,Tony Grimes,DB,,True,Active,,,,,FA,FA,FA,FA,PREDRAFT,4,0,0,0,0,True,False
1686,Tony Jefferson,DB,LAC,True,Active,,,FS,2,FA,FA,FA,FA,PREDRAFT,4,0,0,0,0,True,False
12450,Tra Fluellen,DB,,True,Active,,,,,FA,FA,FA,FA,PREDRAFT,4,0,0,0,0,True,False
5064,Tracy Walker,DB,,True,Active,Sus,,,,FA,FA,FA,FA,PREDRAFT,4,0,0,0,0,True,False
12032,Travian Blaylock,DB,,True,Active,,,,,FA,FA,FA,FA,PREDRAFT,4,0,0,0,0,True,False
5642,Trayvon Henderson,DB,,True,Active,,,,,FA,FA,FA,FA,PREDRAFT,4,0,0,0,0,True,False
2184,Tre Boston,DB,,True,Active,,,,,FA,FA,FA,FA,PREDRAFT,4,0,0,0,0,True,False
12055,Tre Jenkins,DB,,True,Active,,,,,FA,FA,FA,FA,PREDRAFT,4,0,0,0,0,True,False
7761,Tre Norwood,DB,,True,Active,,,,,FA,FA,FA,FA,PREDRAFT,4,0,0,0,0,True,False
8607,Tre Sterling,DB,,True,Active,,,,,FA,FA,FA,FA,PREDRAFT,4,0,0,0,0,True,False
11551,Tre Tarpley,DB,,True,Active,,,,,FA,FA,FA,FA,PREDRAFT,4,0,0,0,0,True,False
8886,Tre Webb,DB,,True,Active,,,,,FA,FA,FA,FA,PREDRAFT,4,0,0,0,0,True,False
7659,Tre'von Moehrig,DB,CAR,True,Active,,,SS,1,FA,FA,FA,FA,PREDRAFT,4,0,0,0,0,True,False
5328,Tremon Smith,DB,HOU,True,Active,,,LCB,2,FA,FA,FA,FA,PREDRAFT,4,0,0,0,0,True,False
8364,Trent McDuffie,DB,LAR,True,Active,,,RCB,1,FA,FA,FA,FA,PREDRAFT,4,0,0,0,0,True,False
8763,Trenton Thompson,DB,,True,Active,,,,,FA,FA,FA,FA,PREDRAFT,4,0,0,0,0,True,False
12962,Trevian Thomas,DB,,True,Active,,,,,FA,FA,FA,FA,PREDRAFT,4,0,0,0,0,True,False
8834,Trevor Denbow,DB,,True,Active,,,,,FA,FA,FA,FA,PREDRAFT,4,0,0,0,0,True,False
12595,Trey Amos,DB,WAS,True,Inactive,IR,,LCB,1,FA,FA,FA,FA,PREDRAFT,4,0,0,0,0,True,False
11309,Trey Dean,DB,GB,True,Inactive,IR,,DB,,FA,FA,FA,FA,PREDRAFT,4,0,0,0,0,True,False
5442,Trey Marshall,DB,,True,Active,,,,,FA,FA,FA,FA,PREDRAFT,4,0,0,0,0,True,False
12843,Trey Rucker,DB,,True,Active,,,,,FA,FA,FA,FA,PREDRAFT,4,0,0,0,0,True,False
11826,Trey Taylor,DB,,True,Active,,,,,FA,FA,FA,FA,PREDRAFT,4,0,0,0,0,True,False
12836,Trey Washington,DB,IND,True,Active,,,,,FA,FA,FA,FA,PREDRAFT,4,0,0,0,0,True,False
13398,Treydan Stukes,DB,LV,True,Active,,,NB,2,FA,FA,FA,FA,PREDRAFT,4,0,0,0,0,True,False
12717,Trikweze Bridges,DB,CIN,True,Active,,,,,FA,FA,FA,FA,PREDRAFT,4,0,0,0,0,True,False
8542,Tristin McCollum,DB,LV,True,Active,,,FS,2,FA,FA,FA,FA,PREDRAFT,4,0,0,0,0,True,False
5365,Troy Apke,DB,,True,Inactive,,,,,FA,FA,FA,FA,PREDRAFT,4,0,0,0,0,True,False
8065,Troy Warner,DB,,True,Active,,,,,FA,FA,FA,FA,PREDRAFT,4,0,0,0,0,True,False
13820,Tucker Large,DB,PHI,True,Active,PUP,,FS,2,FA,FA,FA,FA,PREDRAFT,4,0,0,0,0,True,False
11233,Ty Okada,DB,SEA,True,Active,,,FS,1,FA,FA,FA,FA,PREDRAFT,4,0,0,0,0,True,False
8377,Tycen Anderson,DB,DEN,True,Active,,,SS,3,FA,FA,FA,FA,PREDRAFT,4,0,0,0,0,True,False
11705,Tykee Smith,DB,TB,True,Active,,,SS,1,FA,FA,FA,FA,PREDRAFT,4,0,0,0,0,True,False
11120,Tyler Baker-Williams,DB,,True,Active,,,,,FA,FA,FA,FA,PREDRAFT,4,0,0,0,0,True,False
7942,Tyler Coyle,DB,,True,Active,,,,,FA,FA,FA,FA,PREDRAFT,4,0,0,0,0,True,False
7188,Tyler Hall,DB,,True,Active,,,,,FA,FA,FA,FA,PREDRAFT,4,0,0,0,0,True,False
6573,Tyler Horton,DB,,True,Active,,,,,FA,FA,FA,FA,PREDRAFT,4,0,0,0,0,True,False
11674,Tyler Nubin,DB,NYG,True,Active,,,SS,1,FA,FA,FA,FA,PREDRAFT,4,0,0,0,0,True,False
11934,Tyler Owens,DB,WAS,True,Active,,,NB,2,FA,FA,FA,FA,PREDRAFT,4,0,0,0,0,True,False
6668,Tyler Sigler,DB,,True,Active,,,,,FA,FA,FA,FA,PREDRAFT,4,0,0,0,0,True,False
1576,Tyrann Mathieu,DB,,True,Active,,,,,FA,FA,FA,FA,PREDRAFT,4,0,0,0,0,True,False
7701,Tyree Gillespie,DB,,True,Active,,,,,FA,FA,FA,FA,PREDRAFT,4,0,0,0,0,True,False
11365,Tyreque Jones,DB,,True,Active,,,,,FA,FA,FA,FA,PREDRAFT,4,0,0,0,0,True,False
7349,Tyrique McGhee,DB,,True,Active,,,,,FA,FA,FA,FA,PREDRAFT,4,0,0,0,0,True,False
13078,Tysheem Johnson,DB,,True,Active,,,,,FA,FA,FA,FA,PREDRAFT,4,0,0,0,0,True,False
6216,Ugo Amadi,DB,,True,Active,,,,,FA,FA,FA,FA,PREDRAFT,4,0,0,0,0,True,False
13567,VJ Payne,DB,NYJ,True,Active,IR,,SS,3,FA,FA,FA,FA,PREDRAFT,4,0,0,0,0,True,False
3194,Vernon Hargreaves,DB,,True,Active,,,,,FA,FA,FA,FA,PREDRAFT,4,0,0,0,0,True,False
7146,Vernon Scott,DB,,True,Active,,,,,FA,FA,FA,FA,PREDRAFT,4,0,0,0,0,True,False
8353,Verone McKinley,DB,,True,Active,,,,,FA,FA,FA,FA,PREDRAFT,4,0,0,0,0,True,False
8284,Vincent Gray,DB,,True,Active,,,,,FA,FA,FA,FA,PREDRAFT,4,0,0,0,0,True,False
13178,Virgil Lemons,DB,,True,Active,,,,,FA,FA,FA,FA,PREDRAFT,4,0,0,0,0,True,False
3230,Vonn Bell,DB,,True,Active,,,,,FA,FA,FA,FA,PREDRAFT,4,0,0,0,0,True,False
13095,Wande Owens,DB,,True,Active,,,,,FA,FA,FA,FA,PREDRAFT,4,0,0,0,0,True,False
13115,Will Brooks,DB,,True,Active,,,,,FA,FA,FA,FA,PREDRAFT,4,0,0,0,0,True,False
5920,Will Harris,DB,,True,Active,,,,,FA,FA,FA,FA,PREDRAFT,4,0,0,0,0,True,False
12565,Will Johnson,DB,ARI,True,Active,Questionable,,LCB,1,FA,FA,FA,FA,PREDRAFT,4,0,0,0,0,True,False
3373,Will Parks,DB,,True,Active,,,,,FA,FA,FA,FA,PREDRAFT,4,0,0,0,0,True,False
3237,Will Redmond,DB,,True,Active,,,,,FA,FA,FA,FA,PREDRAFT,4,0,0,0,0,True,False
13985,William Wright,DB,,True,Active,,,,,FA,FA,FA,FA,PREDRAFT,4,0,0,0,0,True,False
11880,Woo Governor,DB,,True,Active,,,,,FA,FA,FA,FA,PREDRAFT,4,0,0,0,0,True,False
13672,Wydett Williams,DB,ARI,True,Active,,,,,FA,FA,FA,FA,PREDRAFT,4,0,0,0,0,True,False
3215,Xavien Howard,DB,,True,Inactive,,,,,FA,FA,FA,FA,PREDRAFT,4,0,0,0,0,True,False
6285,Xavier Crawford,DB,,True,Active,,,,,FA,FA,FA,FA,PREDRAFT,4,0,0,0,0,True,False
11069,Xavier Henderson,DB,,True,Active,,,,,FA,FA,FA,FA,PREDRAFT,4,0,0,0,0,True,False
6788,Xavier McKinney,DB,GB,True,Active,,,SS,1,FA,FA,FA,FA,PREDRAFT,4,0,0,0,0,True,False
13793,Xavier Nwankpa,DB,KC,True,Active,,,,,FA,FA,FA,FA,PREDRAFT,4,0,0,0,0,True,False
12591,Xavier Watts,DB,ATL,True,Active,,,FS,1,FA,FA,FA,FA,PREDRAFT,4,0,0,0,0,True,False
14078,Xavier Williams,DB,TB,True,Inactive,IR,,,,FA,FA,FA,FA,PREDRAFT,4,0,0,0,0,True,False
4238,Xavier Woods,DB,CHI,True,Active,Questionable,,FS,3,FA,FA,FA,FA,PREDRAFT,4,0,0,0,0,True,False
8356,Yusuf Corker,DB,,True,Active,,,,,FA,FA,FA,FA,PREDRAFT,4,0,0,0,0,True,False
13522,Zakee Wheatley,DB,CAR,True,Active,,,SS,2,FA,FA,FA,FA,PREDRAFT,4,0,0,0,0,True,False
8000,Zayne Anderson,DB,MIA,True,Active,,,FS,1,FA,FA,FA,FA,PREDRAFT,4,0,0,0,0,True,False
13790,Zelmar Vedder,DB,,True,Active,,,,,FA,FA,FA,FA,PREDRAFT,4,0,0,0,0,True,False
12856,Zion Childress,DB,CAR,True,Active,,,,,FA,FA,FA,FA,PREDRAFT,4,0,0,0,0,True,False
12343,Zion Puckett,DB,,True,Active,,,,,FA,FA,FA,FA,PREDRAFT,4,0,0,0,0,True,False
13745,Zion Washington,DB,CLE,True,Active,,,,,FA,FA,FA,FA,PREDRAFT,4,0,0,0,0,True,False
8765,Zyon Gilbert,DB,,True,Active,,,,,FA,FA,FA,FA,PREDRAFT,4,0,0,0,0,True,False
8384,Zyon McCollum,DB,TB,True,Active,,,LCB,1,FA,FA,FA,FA,PREDRAFT,4,0,0,0,0,True,False
6802,A.J. Epenesa,DE,PHI,True,Active,,,ROLB,3,FA,FA,FA,FA,PREDRAFT,4,0,0,0,0,True,False
4732,A.J. Jefferson,DE,,True,Active,,,,,FA,FA,FA,FA,PREDRAFT,4,0,0,0,0,True,False
7519,Aaron Patrick,DE,,True,Active,,,,,FA,FA,FA,FA,PREDRAFT,4,0,0,0,0,True,False
5636,Abdullah Anderson,DE,,True,Active,,,,,FA,FA,FA,FA,PREDRAFT,4,0,0,0,0,True,False
3232,Adam Gotsis,DE,,True,Active,,,,,FA,FA,FA,FA,PREDRAFT,4,0,0,0,0,True,False
11465,Adam Plant,DE,,True,Active,,,,,FA,FA,FA,FA,PREDRAFT,4,0,0,0,0,True,False
5780,Adam Reth,DE,,True,Active,,,,,FA,FA,FA,FA,PREDRAFT,4,0,0,0,0,True,False
7167,Adam Shuler,DE,,True,Active,,,,,FA,FA,FA,FA,PREDRAFT,4,0,0,0,0,True,False
5336,Ade Aruna,DE,,True,Active,,,,,FA,FA,FA,FA,PREDRAFT,4,0,0,0,0,True,False
8821,Adedayo Odeleye,DE,DAL,True,Active,,,,,FA,FA,FA,FA,PREDRAFT,4,0,0,0,0,True,False
11722,Adisa Isaac,DE,BAL,True,Active,,,,,FA,FA,FA,FA,PREDRAFT,4,0,0,0,0,True,False
961,Adrian Clayborn,DE,,True,Active,,,,,FA,FA,FA,FA,PREDRAFT,4,0,0,0,0,True,False
12706,Ahmed Hassanein,DE,DET,True,Active,,,LDE,2,FA,FA,FA,FA,PREDRAFT,4,0,0,0,0,True,False
13686,Aidan Hubbard,DE,SEA,True,Active,,,,,FA,FA,FA,FA,PREDRAFT,4,0,0,0,0,True,False
4259,Al-Quadin Muhammad,DE,TB,True,Active,,,ROLB,2,FA,FA,FA,FA,PREDRAFT,4,0,0,0,0,True,False
5422,Albert Havili,DE,,True,Active,,,,,FA,FA,FA,FA,PREDRAFT,4,0,0,0,0,True,False
986,Aldon Smith,DE,,True,Active,,,,,FA,FA,FA,FA,PREDRAFT,4,0,0,0,0,True,False
5157,Alec James,DE,,True,Active,,,,,FA,FA,FA,FA,PREDRAFT,4,0,0,0,0,True,False
4594,Alex Barrett,DE,,True,Active,,,,,FA,FA,FA,FA,PREDRAFT,4,0,0,0,0,True,False
4735,Alex Jenkins,DE,,True,Inactive,,,,,FA,FA,FA,FA,PREDRAFT,4,0,0,0,0,True,False
3395,Alex McCalister,DE,,True,Inactive,,,,,FA,FA,FA,FA,PREDRAFT,4,0,0,0,0,True,False
1578,Alex Okafor,DE,,True,Active,,,,,FA,FA,FA,FA,PREDRAFT,4,0,0,0,0,True,False
2764,Alfy Hill,DE,,True,Active,,,,,FA,FA,FA,FA,PREDRAFT,4,0,0,0,0,True,False
11062,Ali Gaye,DE,HOU,True,Inactive,IR,,DL,,FA,FA,FA,FA,PREDRAFT,4,0,0,0,0,True,False
875,Allen Bailey,DE,,True,Active,,,,,FA,FA,FA,FA,PREDRAFT,4,0,0,0,0,True,False
6915,Alton Robinson,DE,,True,Active,,,,,FA,FA,FA,FA,PREDRAFT,4,0,0,0,0,True,False
6043,Amani Bledsoe,DE,,True,Active,,,,,FA,FA,FA,FA,PREDRAFT,4,0,0,0,0,True,False
8512,Andre Anthony,DE,,True,Active,,,,,FA,FA,FA,FA,PREDRAFT,4,0,0,0,0,True,False
11041,Andre Jones,DE,BUF,True,Active,,,,,FA,FA,FA,FA,PREDRAFT,4,0,0,0,0,True,False
6198,Andrew Ankrah,DE,,True,Active,,,,,FA,FA,FA,FA,PREDRAFT,4,0,0,0,0,True,False
12309,Andrew Chatfield,DE,,True,Active,,,,,FA,FA,FA,FA,PREDRAFT,4,0,0,0,0,True,False
5627,Andrew Trumbetti,DE,,True,Active,,,,,FA,FA,FA,FA,PREDRAFT,4,0,0,0,0,True,False
2405,Angelo Blackson,DE,,True,Active,,,,,FA,FA,FA,FA,PREDRAFT,4,0,0,0,0,True,False
6383,Anree Saint-Amour,DE,,True,Active,,,,,FA,FA,FA,FA,PREDRAFT,4,0,0,0,0,True,False
13901,Anthony Dunn,DE,,True,Active,,,,,FA,FA,FA,FA,PREDRAFT,4,0,0,0,0,True,False
12138,Anthony Goodlow,DE,CAR,True,Active,,,,,FA,FA,FA,FA,PREDRAFT,4,0,0,0,0,True,False
5506,Anthony Winbush,DE,,True,Active,,,,,FA,FA,FA,FA,PREDRAFT,4,0,0,0,0,True,False
3358,Anthony Zettel,DE,,True,Injured Reserve,,,,,FA,FA,FA,FA,PREDRAFT,4,0,0,0,0,True,False
12697,Antwaun Powell-Ryland,DE,,True,Active,,,,,FA,FA,FA,FA,PREDRAFT,4,0,0,0,0,True,False
5067,Arden Key,DE,IND,True,Active,,,LDE,1,FA,FA,FA,FA,PREDRAFT,4,0,0,0,0,True,False
2322,Arik Armstead,DE,JAX,True,Active,,,RDT,1,FA,FA,FA,FA,PREDRAFT,4,0,0,0,0,True,False
2680,Arthur Miley,DE,,True,Active,,,,,FA,FA,FA,FA,PREDRAFT,4,0,0,0,0,True,False
12623,Ashton Gillotte,DE,KC,True,Active,Questionable,,RDE,1,FA,FA,FA,FA,PREDRAFT,4,0,0,0,0,True,False
7183,Austin Edwards,DE,,True,Active,,,,,FA,FA,FA,FA,PREDRAFT,4,0,0,0,0,True,False
5495,Austin Larkin,DE,,True,Active,,,,,FA,FA,FA,FA,PREDRAFT,4,0,0,0,0,True,False
7461,Austrian Robinson,DE,,True,Active,,,,,FA,FA,FA,FA,PREDRAFT,4,0,0,0,0,True,False
4210,Avery Moss,DE,,True,Active,,,,,FA,FA,FA,FA,PREDRAFT,4,0,0,0,0,True,False
7254,Azur Kamara,DE,,True,Active,,,,,FA,FA,FA,FA,PREDRAFT,4,0,0,0,0,True,False
12910,B.J. Green,DE,JAX,True,Active,,,LDE,2,FA,FA,FA,FA,PREDRAFT,4,0,0,0,0,True,False
2858,B.J. Larsen,DE,,True,Active,,,,,FA,FA,FA,FA,PREDRAFT,4,0,0,0,0,True,False
10908,BJ Ojulari,DE,,True,Active,,,,,FA,FA,FA,FA,PREDRAFT,4,0,0,0,0,True,False
10971,BJ Thompson,DE,,True,Active,,,,,FA,FA,FA,FA,PREDRAFT,4,0,0,0,0,True,False
12644,Barryn Sorrell,DE,GB,True,Active,,,ROLB,2,FA,FA,FA,FA,PREDRAFT,4,0,0,0,0,True,False
5971,Ben Banogu,DE,,True,Active,,,,,FA,FA,FA,FA,PREDRAFT,4,0,0,0,0,True,False
1764,Benson Mayowa,DE,SEA,True,Active,,,,,FA,FA,FA,FA,PREDRAFT,4,0,0,0,0,True,False
8746,Benton Whitley,DE,,True,Active,,,,,FA,FA,FA,FA,PREDRAFT,4,0,0,0,0,True,False
8807,Big Kat Bryant,DE,,True,Active,,,,,FA,FA,FA,FA,PREDRAFT,4,0,0,0,0,True,False
5742,Blaine Woodson,DE,,True,Active,,,,,FA,FA,FA,FA,PREDRAFT,4,0,0,0,0,True,False
13164,Blake Mangelson,DE,,True,Active,,,,,FA,FA,FA,FA,PREDRAFT,4,0,0,0,0,True,False
11929,Bo Richter,DE,MIN,True,Active,,,ROLB,2,FA,FA,FA,FA,PREDRAFT,4,0,0,0,0,True,False
7646,Boogie Basham,DE,,True,Active,,,,,FA,FA,FA,FA,PREDRAFT,4,0,0,0,0,True,False
6827,Bradlee Anae,DE,,True,Inactive,,,,,FA,FA,FA,FA,PREDRAFT,4,0,0,0,0,True,False
12677,Bradyn Swinson,DE,PIT,True,Active,,,,,FA,FA,FA,FA,PREDRAFT,4,0,0,0,0,True,False
12030,Braiden McGregor,DE,NYJ,True,Active,,,ROLB,3,FA,FA,FA,FA,PREDRAFT,4,0,0,0,0,True,False
11721,Bralen Trice,DE,ATL,True,Active,,,,,FA,FA,FA,FA,PREDRAFT,4,0,0,0,0,True,False
3867,Branden Jackson,DE,,True,Inactive,,,,,FA,FA,FA,FA,PREDRAFT,4,0,0,0,0,True,False
11740,Brandon Dorlus,DE,ATL,True,Active,,,RDE,1,FA,FA,FA,FA,PREDRAFT,4,0,0,0,0,True,False
583,Brandon Graham,DE,,True,Active,,,,,FA,FA,FA,FA,PREDRAFT,4,0,0,0,0,True,False
8734,Brayden Thomas,DE,,True,Active,,,,,FA,FA,FA,FA,PREDRAFT,4,0,0,0,0,True,False
5037,Breeland Speaks,DE,,True,Active,,,,,FA,FA,FA,FA,PREDRAFT,4,0,0,0,0,True,False
11751,Brennan Jackson,DE,LV,True,Inactive,IR,,LB,,FA,FA,FA,FA,PREDRAFT,4,0,0,0,0,True,False
1881,Brent Urban,DE,,True,Active,,,,,FA,FA,FA,FA,PREDRAFT,4,0,0,0,0,True,False
5862,Brian Burns,DE,NYG,True,Active,,,LOLB,1,FA,FA,FA,FA,PREDRAFT,4,0,0,0,0,True,False
11463,Brock Martin,DE,,True,Active,,,,,FA,FA,FA,FA,PREDRAFT,4,0,0,0,0,True,False
5613,Bruce Hector,DE,,True,Active,,,,,FA,FA,FA,FA,PREDRAFT,4,0,0,0,0,True,False
4357,Bryan Cox,DE,,True,Active,,,,,FA,FA,FA,FA,PREDRAFT,4,0,0,0,0,True,False
13650,Bryan Thomas,DE,JAX,True,Active,,,,,FA,FA,FA,FA,PREDRAFT,4,0,0,0,0,True,False
7391,Bryce Huff,DE,,True,Active,,,,,FA,FA,FA,FA,PREDRAFT,4,0,0,0,0,True,False
5626,Bunmi Rotimi,DE,,True,Inactive,,,,,FA,FA,FA,FA,PREDRAFT,4,0,0,0,0,True,False
4713,C.J. Robbins,DE,,True,Active,,,,,FA,FA,FA,FA,PREDRAFT,4,0,0,0,0,True,False
13847,CJ Nunnally,DE,,True,Active,,,,,FA,FA,FA,FA,PREDRAFT,4,0,0,0,0,True,False
13936,Cade Denhoff,DE,,True,Active,,,,,FA,FA,FA,FA,PREDRAFT,4,0,0,0,0,True,False
125,Calais Campbell,DE,BAL,True,Active,,,LDE,2,FA,FA,FA,FA,PREDRAFT,4,0,0,0,0,True,False
4231,Caleb Brantley,DE,,True,Inactive,,,,,FA,FA,FA,FA,PREDRAFT,4,0,0,0,0,True,False
4405,Caleb Kidder,DE,,True,Active,,,,,FA,FA,FA,FA,PREDRAFT,4,0,0,0,0,True,False
11098,Caleb Murphy,DE,LAC,True,Active,,,,,FA,FA,FA,FA,PREDRAFT,4,0,0,0,0,True,False
7214,Calvin Taylor,DE,,True,Active,,,,,FA,FA,FA,FA,PREDRAFT,4,0,0,0,0,True,False
2662,Cameron Botticelli,DE,,True,Active,,,,,FA,FA,FA,FA,PREDRAFT,4,0,0,0,0,True,False
957,Cameron Jordan,DE,NO,True,Active,Questionable,,LOLB,2,FA,FA,FA,FA,PREDRAFT,4,0,0,0,0,True,False
4393,Cameron Malveaux,DE,,True,Active,,,,,FA,FA,FA,FA,PREDRAFT,4,0,0,0,0,True,False
2868,Cameron McLeod,DE,,True,Active,,,,,FA,FA,FA,FA,PREDRAFT,4,0,0,0,0,True,False
13840,Cameron Robertson,DE,ARI,True,Active,,,,,FA,FA,FA,FA,PREDRAFT,4,0,0,0,0,True,False
7727,Cameron Sample,DE,,True,Active,,,,,FA,FA,FA,FA,PREDRAFT,4,0,0,0,0,True,False
342,Cameron Wake,DE,,True,Active,,,,,FA,FA,FA,FA,PREDRAFT,4,0,0,0,0,True,False
5912,Carl Granderson,DE,NO,True,Active,,,LOLB,1,FA,FA,FA,FA,PREDRAFT,4,0,0,0,0,True,False
4148,Carl Lawson,DE,,True,Active,,,,,FA,FA,FA,FA,PREDRAFT,4,0,0,0,0,True,False
3234,Carl Nassib,DE,,True,Active,,,,,FA,FA,FA,FA,PREDRAFT,4,0,0,0,0,True,False
4166,Carlos Watkins,DE,,True,Active,,,,,FA,FA,FA,FA,PREDRAFT,4,0,0,0,0,True,False
3539,Carlos Wray,DE,,True,Active,,,,,FA,FA,FA,FA,PREDRAFT,4,0,0,0,0,True,False
4632,Carroll Phillips,DE,,True,Active,,,,,FA,FA,FA,FA,PREDRAFT,4,0,0,0,0,True,False
8718,Carson Taylor,DE,,True,Active,,,,,FA,FA,FA,FA,PREDRAFT,4,0,0,0,0,True,False
4315,Casey Sayles,DE,,True,Active,,,,,FA,FA,FA,FA,PREDRAFT,4,0,0,0,0,True,False
7030,Casey Toohill,DE,,True,Active,,,,,FA,FA,FA,FA,PREDRAFT,4,0,0,0,0,True,False
11785,Cedric Johnson,DE,CIN,True,Active,,,RDE,3,FA,FA,FA,FA,PREDRAFT,4,0,0,0,0,True,False
5019,Chad Thomas,DE,,True,Active,,,,,FA,FA,FA,FA,PREDRAFT,4,0,0,0,0,True,False
5934,Charles Omenihu,DE,WAS,True,Active,,,LDE,2,FA,FA,FA,FA,PREDRAFT,4,0,0,0,0,True,False
6133,Chase Winovich,DE,,True,Active,,,,,FA,FA,FA,FA,PREDRAFT,4,0,0,0,0,True,False
6782,Chase Young,DE,NO,True,Active,,,ROLB,1,FA,FA,FA,FA,PREDRAFT,4,0,0,0,0,True,False
7693,Chauncey Golston,DE,NYG,True,Active,,,LDE,2,FA,FA,FA,FA,PREDRAFT,4,0,0,0,0,True,False
12879,Chaz Chambliss,DE,MIN,True,Active,,,LOLB,2,FA,FA,FA,FA,PREDRAFT,4,0,0,0,0,True,False
11663,Chop Robinson,DE,MIA,True,Active,,,LDE,1,FA,FA,FA,FA,PREDRAFT,4,0,0,0,0,True,False
6265,Chris Nelson,DE,,True,Active,,,,,FA,FA,FA,FA,PREDRAFT,4,0,0,0,0,True,False
1994,Chris Smith,DE,,True,Active,,,,,FA,FA,FA,FA,PREDRAFT,4,0,0,0,0,True,False
4336,Christian Brown,DE,,True,Active,,,,,FA,FA,FA,FA,PREDRAFT,4,0,0,0,0,True,False
12445,Christian McCarroll,DE,,True,Active,,,,,FA,FA,FA,FA,PREDRAFT,4,0,0,0,0,True,False
6545,Chuck Harris,DE,,True,Active,,,,,FA,FA,FA,FA,PREDRAFT,4,0,0,0,0,True,False
11541,Chuck Wiley,DE,,True,Active,,,,,FA,FA,FA,FA,PREDRAFT,4,0,0,0,0,True,False
13895,Cian Slone,DE,LV,True,Active,,,,,FA,FA,FA,FA,PREDRAFT,4,0,0,0,0,True,False
3578,Claudell Louis,DE,,True,Active,,,,,FA,FA,FA,FA,PREDRAFT,4,0,0,0,0,True,False
5842,Clelin Ferrell,DE,MIA,True,Active,,,,,FA,FA,FA,FA,PREDRAFT,4,0,0,0,0,True,False
757,Clinton McDonald,DE,,True,Active,,,,,FA,FA,FA,FA,PREDRAFT,4,0,0,0,0,True,False
10952,Colby Wooden,DE,NO,True,Active,,,LDE,2,FA,FA,FA,FA,PREDRAFT,4,0,0,0,0,True,False
4886,Collin Bevins,DE,,True,Active,,,,,FA,FA,FA,FA,PREDRAFT,4,0,0,0,0,True,False
12669,Collin Oliver,DE,GB,True,Active,IR,,ROLB,3,FA,FA,FA,FA,PREDRAFT,4,0,0,0,0,True,False
5701,Connor Flagel,DE,,True,Active,,,,,FA,FA,FA,FA,PREDRAFT,4,0,0,0,0,True,False
13037,Connor O'Toole,DE,SEA,True,Active,,,ROLB,3,FA,FA,FA,FA,PREDRAFT,4,0,0,0,0,True,False
4432,Corey Vereen,DE,,True,Inactive,,,,,FA,FA,FA,FA,PREDRAFT,4,0,0,0,0,True,False
1582,Cornellius Carradine,DE,,True,Inactive,,,,,FA,FA,FA,FA,PREDRAFT,4,0,0,0,0,True,False
8829,Cullen Wick,DE,,True,Active,,,,,FA,FA,FA,FA,PREDRAFT,4,0,0,0,0,True,False
6854,Curtis Weaver,DE,,True,Active,,,,,FA,FA,FA,FA,PREDRAFT,4,0,0,0,0,True,False
3425,D.J. Pettway,DE,,True,Active,,,,,FA,FA,FA,FA,PREDRAFT,4,0,0,0,0,True,False
6868,DJ Wonnum,DE,DET,True,Active,,,RDE,1,FA,FA,FA,FA,PREDRAFT,4,0,0,0,0,True,False
5708,Da'Sean Downey,DE,,True,Active,,,,,FA,FA,FA,FA,PREDRAFT,4,0,0,0,0,True,False
8725,DaMarcus Mitchell,DE,,True,Active,,,,,FA,FA,FA,FA,PREDRAFT,4,0,0,0,0,True,False
4103,Daeshon Hall,DE,,True,Active,,,,,FA,FA,FA,FA,PREDRAFT,4,0,0,0,0,True,False
5173,Dalton Keene,DE,,True,Active,,,,,FA,FA,FA,FA,PREDRAFT,4,0,0,0,0,True,False
1494,Damontre Moore,DE,CAR,True,Active,,,,,FA,FA,FA,FA,PREDRAFT,4,0,0,0,0,True,False
2987,Dan Pettinato,DE,,True,Active,,,,,FA,FA,FA,FA,PREDRAFT,4,0,0,0,0,True,False
7383,Dana Levine,DE,,True,Active,,,,,FA,FA,FA,FA,PREDRAFT,4,0,0,0,0,True,False
13492,Dani Dennis-Sutton,DE,GB,True,Active,Questionable,,LOLB,3,FA,FA,FA,FA,PREDRAFT,4,0,0,0,0,True,False
8906,Daniel Joseph,DE,,True,Active,,,,,FA,FA,FA,FA,PREDRAFT,4,0,0,0,0,True,False
14072,Daniel Rickert,DE,LAR,True,Inactive,IR,,,,FA,FA,FA,FA,PREDRAFT,4,0,0,0,0,True,False
2393,Danielle Hunter,DE,HOU,True,Active,,,RDE,1,FA,FA,FA,FA,PREDRAFT,4,0,0,0,0,True,False
5788,Dante Sawyer,DE,,True,Inactive,NA,,,,FA,FA,FA,FA,PREDRAFT,4,0,0,0,0,True,False
6649,Dare Odeyingbo,DE,,True,Active,,,,,FA,FA,FA,FA,PREDRAFT,4,0,0,0,0,True,False
7987,Darius Hodge,DE,,True,Active,,,,,FA,FA,FA,FA,PREDRAFT,4,0,0,0,0,True,False
12390,Darius Hodges,DE,,True,Active,,,,,FA,FA,FA,FA,PREDRAFT,4,0,0,0,0,True,False
5186,Darius Jackson,DE,,True,Active,,,,,FA,FA,FA,FA,PREDRAFT,4,0,0,0,0,True,False
4715,Darnell Leslie,DE,,True,Active,,,,,FA,FA,FA,FA,PREDRAFT,4,0,0,0,0,True,False
6910,Darrell Taylor,DE,,True,Active,,,,,FA,FA,FA,FA,PREDRAFT,4,0,0,0,0,True,False
6051,Darryl Johnson,DE,,True,Inactive,,,,,FA,FA,FA,FA,PREDRAFT,4,0,0,0,0,True,False
8535,David Anenih,DE,,True,Active,,,,,FA,FA,FA,FA,PREDRAFT,4,0,0,0,0,True,False
3040,David Irving,DE,,True,Inactive,,,,,FA,FA,FA,FA,PREDRAFT,4,0,0,0,0,True,False
12379,David Ugwoegbu,DE,,True,Active,,,,,FA,FA,FA,FA,PREDRAFT,4,0,0,0,0,True,False
5793,Davond Dade,DE,,True,Active,,,,,FA,FA,FA,FA,PREDRAFT,4,0,0,0,0,True,False
4113,Dawuane Smoot,DE,,True,Active,,,,,FA,FA,FA,FA,PREDRAFT,4,0,0,0,0,True,False
7649,Dayo Odeyingbo,DE,CHI,True,Active,,,RDE,2,FA,FA,FA,FA,PREDRAFT,4,0,0,0,0,True,False
2064,DeMarcus Lawrence,DE,SEA,True,Active,,,LOLB,1,FA,FA,FA,FA,PREDRAFT,4,0,0,0,0,True,False
4086,DeMarcus Walker,DE,,True,Active,,,,,FA,FA,FA,FA,PREDRAFT,4,0,0,0,0,True,False
11984,DeVere Levelston,DE,,True,Active,,,,,FA,FA,FA,FA,PREDRAFT,4,0,0,0,0,True,False
3295,Dean Lowry,DE,,True,Active,,,,,FA,FA,FA,FA,PREDRAFT,4,0,0,0,0,True,False
8846,Deandre Johnson,DE,,True,Active,,,,,FA,FA,FA,FA,PREDRAFT,4,0,0,0,0,True,False
4174,Deatrich Wise,DE,WAS,True,Active,PUP,,LDE,3,FA,FA,FA,FA,PREDRAFT,4,0,0,0,0,True,False
2015,Dee Ford,DE,,True,Active,,,,,FA,FA,FA,FA,PREDRAFT,4,0,0,0,0,True,False
5200,Dee Liner,DE,,True,Active,,,,,FA,FA,FA,FA,PREDRAFT,4,0,0,0,0,True,False
3792,Demetrius Cherry,DE,,True,Active,,,,,FA,FA,FA,FA,PREDRAFT,4,0,0,0,0,True,False
5218,Demone Harris,DE,,True,Active,,,,,FA,FA,FA,FA,PREDRAFT,4,0,0,0,0,True,False
2027,Denico Autry,DE,,True,Active,,,,,FA,FA,FA,FA,PREDRAFT,4,0,0,0,0,True,False
3569,Denzell Perine,DE,,True,Active,,,,,FA,FA,FA,FA,PREDRAFT,4,0,0,0,0,True,False
4927,Deondre Barnett,DE,,True,Inactive,,,,,FA,FA,FA,FA,PREDRAFT,4,0,0,0,0,True,False
2891,Deontay Greenberry,DE,,True,Active,,,,,FA,FA,FA,FA,PREDRAFT,4,0,0,0,0,True,False
3713,Deonte Gibson,DE,,True,Active,,,,,FA,FA,FA,FA,PREDRAFT,4,0,0,0,0,True,False
4065,Derek Barnett,DE,CLE,True,Active,,,LDE,2,FA,FA,FA,FA,PREDRAFT,4,0,0,0,0,True,False
4117,Derek Rivers,DE,,True,Active,,,,,FA,FA,FA,FA,PREDRAFT,4,0,0,0,0,True,False
1128,Derek Wolfe,DE,,True,Active,,,,,FA,FA,FA,FA,PREDRAFT,4,0,0,0,0,True,False
10911,Derick Hall,DE,SEA,True,Active,,,ROLB,2,FA,FA,FA,FA,PREDRAFT,4,0,0,0,0,True,False
13458,Derrick Moore,DE,DET,True,Active,Questionable,,RDE,2,FA,FA,FA,FA,PREDRAFT,4,0,0,0,0,True,False
12310,Deshawn McCarthy,DE,,True,Active,,,,,FA,FA,FA,FA,PREDRAFT,4,0,0,0,0,True,False
11308,Deslin Alexandre,DE,,True,Active,,,,,FA,FA,FA,FA,PREDRAFT,4,0,0,0,0,True,False
13170,Desmond Evans,DE,,True,Active,,,,,FA,FA,FA,FA,PREDRAFT,4,0,0,0,0,True,False
12828,Desmond Little,DE,,True,Active,,,,,FA,FA,FA,FA,PREDRAFT,4,0,0,0,0,True,False
13689,Devean Deal,DE,,True,Active,,,,,FA,FA,FA,FA,PREDRAFT,4,0,0,0,0,True,False
6538,Dewayne Hendrix,DE,,True,Active,,,,,FA,FA,FA,FA,PREDRAFT,4,0,0,0,0,True,False
1356,Dion Jordan,DE,,True,Inactive,,,,,FA,FA,FA,FA,PREDRAFT,4,0,0,0,0,True,False
13076,Diwun Black,DE,,True,Active,,,,,FA,FA,FA,FA,PREDRAFT,4,0,0,0,0,True,False
2782,Dominique Davis,DE,,True,Active,,,,,FA,FA,FA,FA,PREDRAFT,4,0,0,0,0,True,False
5330,Dorance Armstrong,DE,WAS,True,Active,Sus,,LOLB,2,FA,FA,FA,FA,PREDRAFT,4,0,0,0,0,True,False
5865,Dre'Mont Jones,DE,NE,True,Active,,,LOLB,1,FA,FA,FA,FA,PREDRAFT,4,0,0,0,0,True,False
3839,Drew Iddings,DE,,True,Inactive,,,,,FA,FA,FA,FA,PREDRAFT,4,0,0,0,0,True,False
8911,Drew Jordan,DE,,True,Active,,,,,FA,FA,FA,FA,PREDRAFT,4,0,0,0,0,True,False
6345,Durrant Miles,DE,,True,Active,,,,,FA,FA,FA,FA,PREDRAFT,4,0,0,0,0,True,False
11509,Durrell Johnson,DE,,True,Active,,,,,FA,FA,FA,FA,PREDRAFT,4,0,0,0,0,True,False
7817,Earnest Brown,DE,,True,Active,,,,,FA,FA,FA,FA,PREDRAFT,4,0,0,0,0,True,False
3637,Eddie Yarbrough,DE,MIN,True,Active,,,,,FA,FA,FA,FA,PREDRAFT,4,0,0,0,0,True,False
2796,Efe Obada,DE,,True,Active,,,,,FA,FA,FA,FA,PREDRAFT,4,0,0,0,0,True,False
7738,Eli Howard,DE,,True,Active,,,,,FA,FA,FA,FA,PREDRAFT,4,0,0,0,0,True,False
7431,Eli Mencer,DE,,True,Inactive,,,,,FA,FA,FA,FA,PREDRAFT,4,0,0,0,0,True,False
12978,Elijah Ponder,DE,NE,True,Active,,,ROLB,2,FA,FA,FA,FA,PREDRAFT,4,0,0,0,0,True,False
3197,Emmanuel Ogbah,DE,KC,True,Active,,,,,FA,FA,FA,FA,PREDRAFT,4,0,0,0,0,True,False
7341,Eric Banks,DE,,True,Active,,,,,FA,FA,FA,FA,PREDRAFT,4,0,0,0,0,True,False
5825,Eric Cotton,DE,,True,Active,,,,,FA,FA,FA,FA,PREDRAFT,4,0,0,0,0,True,False
14035,Eric O'Neill,DE,DET,True,Active,,,LDE,3,FA,FA,FA,FA,PREDRAFT,4,0,0,0,0,True,False
13733,Ethan Burke,DE,BAL,True,Active,,,LOLB,3,FA,FA,FA,FA,PREDRAFT,4,0,0,0,0,True,False
12902,Ethan Downs,DE,KC,True,Inactive,IR,,LB,,FA,FA,FA,FA,PREDRAFT,4,0,0,0,0,True,False
4521,Evan Panfil,DE,,True,Inactive,,,,,FA,FA,FA,FA,PREDRAFT,4,0,0,0,0,True,False
5410,Evan Perrizo,DE,,True,Active,,,,,FA,FA,FA,FA,PREDRAFT,4,0,0,0,0,True,False
4645,Evan Schwan,DE,,True,Inactive,,,,,FA,FA,FA,FA,PREDRAFT,4,0,0,0,0,True,False
605,Everson Griffen,DE,,True,Active,,,,,FA,FA,FA,FA,PREDRAFT,4,0,0,0,0,True,False
1513,Ezekiel Ansah,DE,,True,Inactive,,,,,FA,FA,FA,FA,PREDRAFT,4,0,0,0,0,True,False
4442,Fadol Brown,DE,,True,Active,,,,,FA,FA,FA,FA,PREDRAFT,4,0,0,0,0,True,False
10872,Felix Anudike-Uzomah,DE,KC,True,Active,,,RDE,2,FA,FA,FA,FA,PREDRAFT,4,0,0,0,0,True,False
4512,Francis Kallon,DE,,True,Active,,,,,FA,FA,FA,FA,PREDRAFT,4,0,0,0,0,True,False
2368,Frank Clark,DE,,True,Active,,,,,FA,FA,FA,FA,PREDRAFT,4,0,0,0,0,True,False
5660,Frank Herron,DE,,True,Active,,,,,FA,FA,FA,FA,PREDRAFT,4,0,0,0,0,True,False
6657,Freedom Akinmoladun,DE,NYJ,True,Active,,,,,FA,FA,FA,FA,PREDRAFT,4,0,0,0,0,True,False
13457,Gabe Jacas,DE,NE,True,Active,,,LOLB,2,FA,FA,FA,FA,PREDRAFT,4,0,0,0,0,True,False
5606,Gaelin Elmore,DE,,True,Active,,,,,FA,FA,FA,FA,PREDRAFT,4,0,0,0,0,True,False
7255,Garrett Marino,DE,,True,Active,,,,,FA,FA,FA,FA,PREDRAFT,4,0,0,0,0,True,False
13518,George Gumbs,DE,IND,True,Active,,,RDE,3,FA,FA,FA,FA,PREDRAFT,4,0,0,0,0,True,False
11461,George Tarlas,DE,,True,Active,,,,,FA,FA,FA,FA,PREDRAFT,4,0,0,0,0,True,False
6272,Gerri Green,DE,,True,Active,,,,,FA,FA,FA,FA,PREDRAFT,4,0,0,0,0,True,False
3448,Giorgio Newberry,DE,,True,Active,,,,,FA,FA,FA,FA,PREDRAFT,4,0,0,0,0,True,False
6518,Greg Roberts,DE,,True,Active,,,,,FA,FA,FA,FA,PREDRAFT,4,0,0,0,0,True,False
7627,Greg Rousseau,DE,BUF,True,Active,,,LOLB,1,FA,FA,FA,FA,PREDRAFT,4,0,0,0,0,True,False
3848,Greg Townsend,DE,,True,Active,,,,,FA,FA,FA,FA,PREDRAFT,4,0,0,0,0,True,False
2120,Gregory Hickman,DE,,True,Active,,,,,FA,FA,FA,FA,PREDRAFT,4,0,0,0,0,True,False
7373,Gus Cumberlander,DE,,True,Active,,,,,FA,FA,FA,FA,PREDRAFT,4,0,0,0,0,True,False
11300,Guy Thomas,DE,,True,Active,,,,,FA,FA,FA,FA,PREDRAFT,4,0,0,0,0,True,False
11291,Habakkuk Baldonado,DE,,True,Active,,,,,FA,FA,FA,FA,PREDRAFT,4,0,0,0,0,True,False
7877,Hamilcar Rashed,DE,,True,Active,,,,,FA,FA,FA,FA,PREDRAFT,4,0,0,0,0,True,False
12758,Hayden Harris,DE,,True,Active,,,,,FA,FA,FA,FA,PREDRAFT,4,0,0,0,0,True,False
2398,Henry Anderson,DE,,True,Active,,,,,FA,FA,FA,FA,PREDRAFT,4,0,0,0,0,True,False
5572,Henry Mondeaux,DE,,True,Active,,,,,FA,FA,FA,FA,PREDRAFT,4,0,0,0,0,True,False
5212,Hercules Mata'afa,DE,,True,Active,,,,,FA,FA,FA,FA,PREDRAFT,4,0,0,0,0,True,False
14015,Hunter Peck,DE,,True,Active,,,,,FA,FA,FA,FA,PREDRAFT,4,0,0,0,0,True,False
3752,Ian Seau,DE,,True,Active,,,,,FA,FA,FA,FA,PREDRAFT,4,0,0,0,0,True,False
4256,Ifeadi Odenigbo,DE,,True,Active,,,,,FA,FA,FA,FA,PREDRAFT,4,0,0,0,0,True,False
6377,Immanuel Turner,DE,,True,Active,,,,,FA,FA,FA,FA,PREDRAFT,4,0,0,0,0,True,False
3825,Iosia Iosia,DE,,True,Active,,,,,FA,FA,FA,FA,PREDRAFT,4,0,0,0,0,True,False
4271,Isaac Rochell,DE,,True,Active,,,,,FA,FA,FA,FA,PREDRAFT,4,0,0,0,0,True,False
12128,Isaac Ukwu,DE,,True,Active,,,,,FA,FA,FA,FA,PREDRAFT,4,0,0,0,0,True,False
6033,Isaiah Buggs,DE,,True,Active,,,,,FA,FA,FA,FA,PREDRAFT,4,0,0,0,0,True,False
7833,Isaiahh Loudermilk,DE,,True,Active,,,,,FA,FA,FA,FA,PREDRAFT,4,0,0,0,0,True,False
4382,Izaah Lunsford,DE,,True,Active,,,,,FA,FA,FA,FA,PREDRAFT,4,0,0,0,0,True,False
856,J.J. Watt,DE,,True,Active,,,,,FA,FA,FA,FA,PREDRAFT,4,0,0,0,0,True,False
8091,J.T. Jones,DE,PIT,True,Active,,,,,FA,FA,FA,FA,PREDRAFT,4,0,0,0,0,True,False
12922,Ja'Markis Weston,DE,,True,Inactive,Questionable,,,,FA,FA,FA,FA,PREDRAFT,4,0,0,0,0,True,False
5607,Ja'Von Rolland-Jones,DE,,True,Active,,,,,FA,FA,FA,FA,PREDRAFT,4,0,0,0,0,True,False
7948,JaQuan Bailey,DE,,True,Active,,,,,FA,FA,FA,FA,PREDRAFT,4,0,0,0,0,True,False
836,Jabaal Sheard,DE,,True,Active,,,,,FA,FA,FA,FA,PREDRAFT,4,0,0,0,0,True,False
6897,Jabari Zuniga,DE,,True,Active,,,,,FA,FA,FA,FA,PREDRAFT,4,0,0,0,0,True,False
13678,Jack Pyburn,DE,KC,True,Active,,,LDE,3,FA,FA,FA,FA,PREDRAFT,4,0,0,0,0,True,False
13549,Jackie Marshall,DE,TEN,True,Active,,,LDT,3,FA,FA,FA,FA,PREDRAFT,4,0,0,0,0,True,False
5378,Jacob Martin,DE,TEN,True,Active,,,LDE,1,FA,FA,FA,FA,PREDRAFT,4,0,0,0,0,True,False
11412,Jacob Sykes,DE,PHI,True,Active,,,,,FA,FA,FA,FA,PREDRAFT,4,0,0,0,0,True,False
8590,Jacub Panasiuk,DE,,True,Active,,,,,FA,FA,FA,FA,PREDRAFT,4,0,0,0,0,True,False
1947,Jadeveon Clowney,DE,HOU,True,Active,Questionable,,RDE,3,FA,FA,FA,FA,PREDRAFT,4,0,0,0,0,True,False
12993,Jah Joyner,DE,,True,Active,,,,,FA,FA,FA,FA,PREDRAFT,4,0,0,0,0,True,False
13195,Jahfari Harvey,DE,,True,Active,,,,,FA,FA,FA,FA,PREDRAFT,4,0,0,0,0,True,False
3946,Jake Ceresna,DE,,True,Active,,,,,FA,FA,FA,FA,PREDRAFT,4,0,0,0,0,True,False
3954,Jake Metz,DE,,True,Active,,,,,FA,FA,FA,FA,PREDRAFT,4,0,0,0,0,True,False
5935,Jalen Jelks,DE,,True,Active,,,,,FA,FA,FA,FA,PREDRAFT,4,0,0,0,0,True,False
12708,Jalen McLeod,DE,JAX,True,Active,,,,,FA,FA,FA,FA,PREDRAFT,4,0,0,0,0,True,False
11328,Jalen Redmond,DE,MIN,True,Active,,,RDE,1,FA,FA,FA,FA,PREDRAFT,4,0,0,0,0,True,False
5622,Jalen Wilkerson,DE,,True,Active,,,,,FA,FA,FA,FA,PREDRAFT,4,0,0,0,0,True,False
5333,Jalyn Holmes,DE,TEN,True,Active,,,,,FA,FA,FA,FA,PREDRAFT,4,0,0,0,0,True,False
6339,Jamal Davis,DE,,True,Active,,,,,FA,FA,FA,FA,PREDRAFT,4,0,0,0,0,True,False
11091,James Nyamwaya,DE,,True,Active,,,,,FA,FA,FA,FA,PREDRAFT,4,0,0,0,0,True,False
7024,James Smith-Williams,DE,,True,Active,,,,,FA,FA,FA,FA,PREDRAFT,4,0,0,0,0,True,False
13006,Jamil Muhammad,DE,,True,Active,,,,,FA,FA,FA,FA,PREDRAFT,4,0,0,0,0,True,False
7710,Janarius Robinson,DE,,True,Active,,,,,FA,FA,FA,FA,PREDRAFT,4,0,0,0,0,True,False
13048,Jared Ivey,DE,ATL,True,Active,,,LOLB,3,FA,FA,FA,FA,PREDRAFT,4,0,0,0,0,True,False
6447,Jarrell Owens,DE,,True,Active,,,,,FA,FA,FA,FA,PREDRAFT,4,0,0,0,0,True,False
13031,Jasheen Davis,DE,,True,Active,,,,,FA,FA,FA,FA,PREDRAFT,4,0,0,0,0,True,False
6830,Jason Strowbridge,DE,,True,Active,,,,,FA,FA,FA,FA,PREDRAFT,4,0,0,0,0,True,False
11759,Javon Solomon,DE,BUF,True,Active,,,ROLB,3,FA,FA,FA,FA,PREDRAFT,4,0,0,0,0,True,False
6264,Jay Hayes,DE,,True,Active,,,,,FA,FA,FA,FA,PREDRAFT,4,0,0,0,0,True,False
12316,Jay Person,DE,,True,Active,,,,,FA,FA,FA,FA,PREDRAFT,4,0,0,0,0,True,False
11835,Jaylen Harrell,DE,TEN,True,Inactive,IR,,DL,,FA,FA,FA,FA,PREDRAFT,4,0,0,0,0,True,False
12202,Jaylon White-McClain,DE,,True,Active,,,,,FA,FA,FA,FA,PREDRAFT,4,0,0,0,0,True,False
13082,Jereme Robinson,DE,,True,Active,,,,,FA,FA,FA,FA,PREDRAFT,4,0,0,0,0,True,False
6262,Jeremiah Harris,DE,,True,Inactive,,,,,FA,FA,FA,FA,PREDRAFT,4,0,0,0,0,True,False
4240,Jeremiah Ledbetter,DE,,True,Active,,,,,FA,FA,FA,FA,PREDRAFT,4,0,0,0,0,True,False
4603,Jeremiah Valoaga,DE,,True,Active,,,,,FA,FA,FA,FA,PREDRAFT,4,0,0,0,0,True,False
550,Jerry Hughes,DE,,True,Active,,,,,FA,FA,FA,FA,PREDRAFT,4,0,0,0,0,True,False
3217,Jihad Ward,DE,,True,Active,,,,,FA,FA,FA,FA,PREDRAFT,4,0,0,0,0,True,False
3958,Jimmy Bean,DE,,True,Active,,,,,FA,FA,FA,FA,PREDRAFT,4,0,0,0,0,True,False
8866,JoJo Ozougwu,DE,,True,Active,,,,,FA,FA,FA,FA,PREDRAFT,4,0,0,0,0,True,False
5684,JoJo Wicker,DE,,True,Active,,,,,FA,FA,FA,FA,PREDRAFT,4,0,0,0,0,True,False
4397,Joby Saint Fleur,DE,,True,Active,,,,,FA,FA,FA,FA,PREDRAFT,4,0,0,0,0,True,False
11983,Joe Evans,DE,,True,Active,,,,,FA,FA,FA,FA,PREDRAFT,4,0,0,0,0,True,False
7325,Joe Gaziano,DE,,True,Active,,,,,FA,FA,FA,FA,PREDRAFT,4,0,0,0,0,True,False
5923,Joe Jackson,DE,,True,Active,,,,,FA,FA,FA,FA,PREDRAFT,4,0,0,0,0,True,False
5179,Joe Ostman,DE,,True,Active,,,,,FA,FA,FA,FA,PREDRAFT,4,0,0,0,0,True,False
3446,Joel Heath,DE,,True,Active,,,,,FA,FA,FA,FA,PREDRAFT,4,0,0,0,0,True,False
6116,John Cominsky,DE,,True,Active,,,,,FA,FA,FA,FA,PREDRAFT,4,0,0,0,0,True,False
7195,John Daka,DE,,True,Active,,,,,FA,FA,FA,FA,PREDRAFT,4,0,0,0,0,True,False
12122,John Morgan,DE,,True,Active,,,,,FA,FA,FA,FA,PREDRAFT,4,0,0,0,0,True,False
12770,Johnny Walker,DE,DEN,True,Active,,,,,FA,FA,FA,FA,PREDRAFT,4,0,0,0,0,True,False
11714,Jonah Elliss,DE,DEN,True,Active,,,LOLB,2,FA,FA,FA,FA,PREDRAFT,4,0,0,0,0,True,False
7344,Jonah Williams,DE,,True,Active,Questionable,,,,FA,FA,FA,FA,PREDRAFT,4,0,0,0,0,True,False
6660,Jonathan Bonner,DE,,True,Active,,,,,FA,FA,FA,FA,PREDRAFT,4,0,0,0,0,True,False
3241,Jonathan Bullard,DE,DAL,True,Active,Questionable,,LDE,2,FA,FA,FA,FA,PREDRAFT,4,0,0,0,0,True,False
6900,Jonathan Greenard,DE,PHI,True,Active,PUP,,LOLB,1,FA,FA,FA,FA,PREDRAFT,4,0,0,0,0,True,False
6760,Jonathan Kongbo,DE,,True,Active,,,,,FA,FA,FA,FA,PREDRAFT,4,0,0,0,0,True,False
5945,Jonathan Ledbetter,DE,,True,Active,,,,,FA,FA,FA,FA,PREDRAFT,4,0,0,0,0,True,False
3381,Jonathan Woodard,DE,,True,Active,,,,,FA,FA,FA,FA,PREDRAFT,4,0,0,0,0,True,False
5402,Jonathan Wynn,DE,,True,Active,,,,,FA,FA,FA,FA,PREDRAFT,4,0,0,0,0,True,False
5954,Jordan Brailford,DE,,True,Active,,,,,FA,FA,FA,FA,PREDRAFT,4,0,0,0,0,True,False
11228,Jordan Ferguson,DE,,True,Active,,,,,FA,FA,FA,FA,PREDRAFT,4,0,0,0,0,True,False
3251,Jordan Jenkins,DE,,True,Inactive,,,,,FA,FA,FA,FA,PREDRAFT,4,0,0,0,0,True,False
2357,Jordan Phillips,DE,,True,Active,Questionable,,,,FA,FA,FA,FA,PREDRAFT,4,0,0,0,0,True,False
7719,Jordan Smith,DE,,True,Active,,,,,FA,FA,FA,FA,PREDRAFT,4,0,0,0,0,True,False
12365,Jordan Strachan,DE,,True,Active,,,,,FA,FA,FA,FA,PREDRAFT,4,0,0,0,0,True,False
4105,Jordan Willis,DE,,True,Active,,,,,FA,FA,FA,FA,PREDRAFT,4,0,0,0,0,True,False
12621,Josaiah Stewart,DE,LAR,True,Active,,,LOLB,2,FA,FA,FA,FA,PREDRAFT,4,0,0,0,0,True,False
7678,Joseph Ossai,DE,NYJ,True,Active,Questionable,,ROLB,1,FA,FA,FA,FA,PREDRAFT,4,0,0,0,0,True,False
5840,Josh Hines-Allen,DE,JAX,True,Active,,,RDE,1,FA,FA,FA,FA,PREDRAFT,4,0,0,0,0,True,False
1920,Josh Mauro,DE,ARI,True,Active,,,,,FA,FA,FA,FA,PREDRAFT,4,0,0,0,0,True,False
4999,Josh Sweat,DE,ARI,True,Active,,,ROLB,1,FA,FA,FA,FA,PREDRAFT,4,0,0,0,0,True,False
7700,Joshua Kaindoh,DE,,True,Active,,,,,FA,FA,FA,FA,PREDRAFT,4,0,0,0,0,True,False
13824,Joshua Weru,DE,PHI,True,Active,,,,,FA,FA,FA,FA,PREDRAFT,4,0,0,0,0,True,False
8067,Jovan Swann,DE,,True,Active,,,,,FA,FA,FA,FA,PREDRAFT,4,0,0,0,0,True,False
11846,Jowon Briggs,DE,NYJ,True,Active,,,LDE,2,FA,FA,FA,FA,PREDRAFT,4,0,0,0,0,True,False
3772,Julien Obioha,DE,,True,Active,,,,,FA,FA,FA,FA,PREDRAFT,4,0,0,0,0,True,False
7850,Justus Reed,DE,,True,Active,,,,,FA,FA,FA,FA,PREDRAFT,4,0,0,0,0,True,False
10991,K.J. Henry,DE,,True,Active,Questionable,,,,FA,FA,FA,FA,PREDRAFT,4,0,0,0,0,True,False
7281,Kameron Cline,DE,,True,Active,,,,,FA,FA,FA,FA,PREDRAFT,4,0,0,0,0,True,False
4566,Karter Schult,DE,,True,Active,,,,,FA,FA,FA,FA,PREDRAFT,4,0,0,0,0,True,False
2199,Kasim Edebali,DE,,True,Inactive,,,,,FA,FA,FA,FA,PREDRAFT,4,0,0,0,0,True,False
8739,Keir Thomas,DE,LAR,True,Inactive,IR,,LB,,FA,FA,FA,FA,PREDRAFT,4,0,0,0,0,True,False
5058,Kemoko Turay,DE,,True,Inactive,,,,,FA,FA,FA,FA,PREDRAFT,4,0,0,0,0,True,False
5470,Kendal Vickers,DE,,True,Active,,,,,FA,FA,FA,FA,PREDRAFT,4,0,0,0,0,True,False
7282,Kendall Coleman,DE,,True,Active,,,,,FA,FA,FA,FA,PREDRAFT,4,0,0,0,0,True,False
7240,Kendall Futrell,DE,,True,Active,,,,,FA,FA,FA,FA,PREDRAFT,4,0,0,0,0,True,False
3186,Kenny Clark,DE,DAL,True,Active,,,NT,1,FA,FA,FA,FA,PREDRAFT,4,0,0,0,0,True,False
6874,Kenny Willekes,DE,,True,Active,,,,,FA,FA,FA,FA,PREDRAFT,4,0,0,0,0,True,False
1857,Kerry Hyder,DE,,True,Active,,,,,FA,FA,FA,FA,PREDRAFT,4,0,0,0,0,True,False
2089,Kerry Wynn,DE,,True,Active,,,,,FA,FA,FA,FA,PREDRAFT,4,0,0,0,0,True,False
6536,Kevin Strong,DE,,True,Active,,,,,FA,FA,FA,FA,PREDRAFT,4,0,0,0,0,True,False
6543,Kevin Wilkins,DE,,True,Inactive,,,,,FA,FA,FA,FA,PREDRAFT,4,0,0,0,0,True,False
13466,Keyron Crawford,DE,LV,True,Inactive,IR,,DL,,FA,FA,FA,FA,PREDRAFT,4,0,0,0,0,True,False
13562,Keyshawn James-Newby,DE,PHI,True,Active,,,,,FA,FA,FA,FA,PREDRAFT,4,0,0,0,0,True,False
11974,Khalid Duke,DE,,True,Active,,,,,FA,FA,FA,FA,PREDRAFT,4,0,0,0,0,True,False
6864,Khalid Kareem,DE,SF,True,Active,,,RDE,3,FA,FA,FA,FA,PREDRAFT,4,0,0,0,0,True,False
5771,Kiante Anderson,DE,,True,Active,,,,,FA,FA,FA,FA,PREDRAFT,4,0,0,0,0,True,False
6103,Kingsley Keke,DE,,True,Active,,,,,FA,FA,FA,FA,PREDRAFT,4,0,0,0,0,True,False
7633,Kwity Paye,DE,LV,True,Active,,,LOLB,1,FA,FA,FA,FA,PREDRAFT,4,0,0,0,0,True,False
12643,Kyle Kennard,DE,LAC,True,Inactive,Questionable,,,,FA,FA,FA,FA,PREDRAFT,4,0,0,0,0,True,False
8483,Kyron Johnson,DE,,True,Inactive,,,,,FA,FA,FA,FA,PREDRAFT,4,0,0,0,0,True,False
5861,L.J. Collier,DE,ARI,True,Active,,,LDE,2,FA,FA,FA,FA,PREDRAFT,4,0,0,0,0,True,False
13480,LT Overton,DE,DAL,True,Active,,,NT,2,FA,FA,FA,FA,PREDRAFT,4,0,0,0,0,True,False
3793,Lenny Jones,DE,,True,Active,,,,,FA,FA,FA,FA,PREDRAFT,4,0,0,0,0,True,False
2311,Leonard Williams,DE,SEA,True,Active,,,LDE,1,FA,FA,FA,FA,PREDRAFT,4,0,0,0,0,True,False
1453,Lerentee McCray,DE,,True,Active,,,,,FA,FA,FA,FA,PREDRAFT,4,0,0,0,0,True,False
2500,Leterrius Walton,DE,,True,Active,,,,,FA,FA,FA,FA,PREDRAFT,4,0,0,0,0,True,False
7661,Levi Onwuzurike,DE,DET,True,Active,,,LDT,2,FA,FA,FA,FA,PREDRAFT,4,0,0,0,0,True,False
13601,Logan Fano,DE,CLE,True,Active,,,,,FA,FA,FA,FA,PREDRAFT,4,0,0,0,0,True,False
11349,Lonnie Phelps,DE,,True,Active,,,,,FA,FA,FA,FA,PREDRAFT,4,0,0,0,0,True,False
12371,Luke Brubacher,DE,,True,Active,,,,,FA,FA,FA,FA,PREDRAFT,4,0,0,0,0,True,False
11215,MJ Anderson,DE,,True,Active,,,,,FA,FA,FA,FA,PREDRAFT,4,0,0,0,0,True,False
5504,Mackendy Cheridor,DE,,True,Active,,,,,FA,FA,FA,FA,PREDRAFT,4,0,0,0,0,True,False
14075,Malakai Williams,DE,,True,Active,,,,,FA,FA,FA,FA,PREDRAFT,4,0,0,0,0,True,False
7676,Malcolm Koonce,DE,LV,True,Active,,,ROLB,2,FA,FA,FA,FA,PREDRAFT,4,0,0,0,0,True,False
12430,Malik Fisher,DE,,True,Active,,,,,FA,FA,FA,FA,PREDRAFT,4,0,0,0,0,True,False
8001,Malik Herring,DE,MIA,True,Active,,,RDE,3,FA,FA,FA,FA,PREDRAFT,4,0,0,0,0,True,False
795,Marcell Dareus,DE,,True,Active,,,,,FA,FA,FA,FA,PREDRAFT,4,0,0,0,0,True,False
5225,Marcell Frazier,DE,,True,Active,,,,,FA,FA,FA,FA,PREDRAFT,4,0,0,0,0,True,False
4965,Marcus Davenport,DE,CHI,True,Active,,,,,FA,FA,FA,FA,PREDRAFT,4,0,0,0,0,True,False
7429,Marcus Webb,DE,,True,Inactive,,,,,FA,FA,FA,FA,PREDRAFT,4,0,0,0,0,True,False
1392,Margus Hunt,DE,,True,Active,,,,,FA,FA,FA,FA,PREDRAFT,4,0,0,0,0,True,False
922,Mario Addison,DE,,True,Active,,,,,FA,FA,FA,FA,PREDRAFT,4,0,0,0,0,True,False
2340,Mario Edwards,DE,HOU,True,Active,,,LDT,3,FA,FA,FA,FA,PREDRAFT,4,0,0,0,0,True,False
11432,Markees Watts,DE,,True,Active,NA,,,,FA,FA,FA,FA,PREDRAFT,4,0,0,0,0,True,False
2852,Markus Pierce-Brewster,DE,,True,Active,,,,,FA,FA,FA,FA,PREDRAFT,4,0,0,0,0,True,False
6838,Marlon Davidson,DE,,True,Active,,,,,FA,FA,FA,FA,PREDRAFT,4,0,0,0,0,True,False
5342,Marquis Haynes,DE,,True,Active,,,,,FA,FA,FA,FA,PREDRAFT,4,0,0,0,0,True,False
7754,Marquiss Spencer,DE,,True,Active,,,,,FA,FA,FA,FA,PREDRAFT,4,0,0,0,0,True,False
2526,Martin Ifedi,DE,,True,Active,,,,,FA,FA,FA,FA,PREDRAFT,4,0,0,0,0,True,False
13687,Marvin Jones,DE,SEA,True,Active,,,,,FA,FA,FA,FA,PREDRAFT,4,0,0,0,0,True,False
13598,Mason Reiger,DE,PHI,True,Active,,,,,FA,FA,FA,FA,PREDRAFT,4,0,0,0,0,True,False
5152,Mat Boesen,DE,,True,Active,,,,,FA,FA,FA,FA,PREDRAFT,4,0,0,0,0,True,False
5615,Matt Dickerson,DE,JAX,True,Active,,,RDT,3,FA,FA,FA,FA,PREDRAFT,4,0,0,0,0,True,False
8495,Matt Henningsen,DE,DEN,True,Inactive,IR,,DL,,FA,FA,FA,FA,PREDRAFT,4,0,0,0,0,True,False
7411,Matt Leo,DE,,True,Active,,,,,FA,FA,FA,FA,PREDRAFT,4,0,0,0,0,True,False
4609,Matthew Godin,DE,,True,Active,,,,,FA,FA,FA,FA,PREDRAFT,4,0,0,0,0,True,False
13566,Max Llewellyn,DE,MIA,True,Active,,,,,FA,FA,FA,FA,PREDRAFT,4,0,0,0,0,True,False
5991,Maxx Crosby,DE,LV,True,Active,,,ROLB,1,FA,FA,FA,FA,PREDRAFT,4,0,0,0,0,True,False
495,Michael Bennett,DE,,True,Injured Reserve,,,,,FA,FA,FA,FA,PREDRAFT,4,0,0,0,0,True,False
1197,Michael Brockers,DE,,True,Active,,,,,FA,FA,FA,FA,PREDRAFT,4,0,0,0,0,True,False
6304,Michael Dogbe,DE,,True,Active,,,,,FA,FA,FA,FA,PREDRAFT,4,0,0,0,0,True,False
13218,Michael Fletcher,DE,,True,Active,,,,,FA,FA,FA,FA,PREDRAFT,4,0,0,0,0,True,False
13643,Michael Heldman,DE,,True,Inactive,Questionable,,,,FA,FA,FA,FA,PREDRAFT,4,0,0,0,0,True,False
8805,Mika Tafua,DE,,True,Active,,,,,FA,FA,FA,FA,PREDRAFT,4,0,0,0,0,True,False
13596,Mikail Kamara,DE,SF,True,Inactive,IR,,DL,,FA,FA,FA,FA,PREDRAFT,4,0,0,0,0,True,False
6958,Mike Danna,DE,BUF,True,Active,,,LOLB,2,FA,FA,FA,FA,PREDRAFT,4,0,0,0,0,True,False
5623,Mike Love,DE,,True,Active,,,,,FA,FA,FA,FA,PREDRAFT,4,0,0,0,0,True,False
10982,Mike Morris,DE,SEA,True,Active,,,LDE,2,FA,FA,FA,FA,PREDRAFT,4,0,0,0,0,True,False
3483,Mike Rose,DE,,True,Active,,,,,FA,FA,FA,FA,PREDRAFT,4,0,0,0,0,True,False
4847,Mikey Bart,DE,,True,Active,,,,,FA,FA,FA,FA,PREDRAFT,4,0,0,0,0,True,False
3616,Mitchell Loewen,DE,,True,Active,,,,,FA,FA,FA,FA,PREDRAFT,4,0,0,0,0,True,False
13788,Mitchell Melton,DE,IND,True,Active,,,,,FA,FA,FA,FA,PREDRAFT,4,0,0,0,0,True,False
6124,Montez Sweat,DE,CHI,True,Active,,,LDE,1,FA,FA,FA,FA,PREDRAFT,4,0,0,0,0,True,False
3743,Morgan Fox,DE,,True,Active,,,,,FA,FA,FA,FA,PREDRAFT,4,0,0,0,0,True,False
11030,Moro Ojomo,DE,PHI,True,Active,,,LDE,1,FA,FA,FA,FA,PREDRAFT,4,0,0,0,0,True,False
4957,Moubarak Djeri,DE,,True,Active,,,,,FA,FA,FA,FA,PREDRAFT,4,0,0,0,0,True,False
5502,Mychealon Thomas,DE,,True,Active,,,,,FA,FA,FA,FA,PREDRAFT,4,0,0,0,0,True,False
3973,Myles Garrett,DE,LAR,True,Active,Questionable,,ROLB,1,FA,FA,FA,FA,PREDRAFT,4,0,0,0,0,True,False
5568,Myles Humphrey,DE,,True,Active,,,,,FA,FA,FA,FA,PREDRAFT,4,0,0,0,0,True,False
6312,Myquon Stout,DE,,True,Active,,,,,FA,FA,FA,FA,PREDRAFT,4,0,0,0,0,True,False
13589,Nadame Tucker,DE,,True,Active,,,,,FA,FA,FA,FA,PREDRAFT,4,0,0,0,0,True,False
11892,Nate Latu,DE,,True,Active,,,,,FA,FA,FA,FA,PREDRAFT,4,0,0,0,0,True,False
13254,Nate Matlack,DE,,True,Active,,,,,FA,FA,FA,FA,PREDRAFT,4,0,0,0,0,True,False
2356,Nate Orchard,DE,,True,Active,,,,,FA,FA,FA,FA,PREDRAFT,4,0,0,0,0,True,False
13951,Nathan Voorhis,DE,,True,Inactive,Questionable,,,,FA,FA,FA,FA,PREDRAFT,4,0,0,0,0,True,False
4659,Nelson Adams,DE,,True,Active,,,,,FA,FA,FA,FA,PREDRAFT,4,0,0,0,0,True,False
12025,Nelson Ceaser,DE,,True,Active,,,,,FA,FA,FA,FA,PREDRAFT,4,0,0,0,0,True,False
12261,Nelson Paul,DE,,True,Active,,,,,FA,FA,FA,FA,PREDRAFT,4,0,0,0,0,True,False
5816,Nick Bosa,DE,SF,True,Active,Questionable,,LDE,1,FA,FA,FA,FA,PREDRAFT,4,0,0,0,0,True,False
6861,Nick Coe,DE,,True,Active,,,,,FA,FA,FA,FA,PREDRAFT,4,0,0,0,0,True,False
5727,Nick Thurman,DE,,True,Active,,,,,FA,FA,FA,FA,PREDRAFT,4,0,0,0,0,True,False
1414,Nick Williams,DE,,True,Active,,,,,FA,FA,FA,FA,PREDRAFT,4,0,0,0,0,True,False
7381,Niko Lalos,DE,,True,Active,,,,,FA,FA,FA,FA,PREDRAFT,4,0,0,0,0,True,False
3195,Noah Spence,DE,,True,Active,,,,,FA,FA,FA,FA,PREDRAFT,4,0,0,0,0,True,False
13771,Nyjalik Kelly,DE,GB,True,Active,,,,,FA,FA,FA,FA,PREDRAFT,4,0,0,0,0,True,False
10996,Ochaun Mathis,DE,,True,Active,,,,,FA,FA,FA,FA,PREDRAFT,4,0,0,0,0,True,False
1259,Olivier Vernon,DE,,True,Active,,,,,FA,FA,FA,FA,PREDRAFT,4,0,0,0,0,True,False
7482,Oluwole Betiku,DE,,True,Active,,,,,FA,FA,FA,FA,PREDRAFT,4,0,0,0,0,True,False
4340,Ondre Pipkins,DE,,True,Active,,,,,FA,FA,FA,FA,PREDRAFT,4,0,0,0,0,True,False
12098,Ovie Oghoufo,DE,,True,Active,,,,,FA,FA,FA,FA,PREDRAFT,4,0,0,0,0,True,False
5522,Owen Obasuyi,DE,,True,Active,,,,,FA,FA,FA,FA,PREDRAFT,4,0,0,0,0,True,False
13096,Paris Shand,DE,,True,Active,,,,,FA,FA,FA,FA,PREDRAFT,4,0,0,0,0,True,False
13262,Paschal Ekeji,DE,NYJ,True,Active,,,,,FA,FA,FA,FA,PREDRAFT,4,0,0,0,0,True,False
5702,Pat Afriyie,DE,,True,Inactive,NA,,,,FA,FA,FA,FA,PREDRAFT,4,0,0,0,0,True,False
4241,Pat O'Connor,DE,,True,Active,,,,,FA,FA,FA,FA,PREDRAFT,4,0,0,0,0,True,False
4436,Patrick Gamble,DE,,True,Active,,,,,FA,FA,FA,FA,PREDRAFT,4,0,0,0,0,True,False
7674,Patrick Jones,DE,CAR,True,Active,,,ROLB,1,FA,FA,FA,FA,PREDRAFT,4,0,0,0,0,True,False
4440,Paul Boyette,DE,,True,Inactive,,,,,FA,FA,FA,FA,PREDRAFT,4,0,0,0,0,True,False
7629,Payton Turner,DE,DET,True,Inactive,IR,,DL,,FA,FA,FA,FA,PREDRAFT,4,0,0,0,0,True,False
4793,Peli Anau,DE,,True,Active,,,,,FA,FA,FA,FA,PREDRAFT,4,0,0,0,0,True,False
5996,Porter Gustin,DE,,True,Inactive,,,,,FA,FA,FA,FA,PREDRAFT,4,0,0,0,0,True,False
13573,Quintayvious Hutchins,DE,NE,True,Active,,,ROLB,3,FA,FA,FA,FA,PREDRAFT,4,0,0,0,0,True,False
11393,Randy Charlton,DE,,True,Active,,,,,FA,FA,FA,FA,PREDRAFT,4,0,0,0,0,True,False
2365,Randy Gregory,DE,,True,Active,,,,,FA,FA,FA,FA,PREDRAFT,4,0,0,0,0,True,False
5059,Rasheem Green,DE,,True,Active,,,,,FA,FA,FA,FA,PREDRAFT,4,0,0,0,0,True,False
2678,Ray Drew,DE,,True,Active,,,,,FA,FA,FA,FA,PREDRAFT,4,0,0,0,0,True,False
7930,Raymond Johnson,DE,,True,Active,,,,,FA,FA,FA,FA,PREDRAFT,4,0,0,0,0,True,False
5591,Robert McCray,DE,,True,Active,,,,,FA,FA,FA,FA,PREDRAFT,4,0,0,0,0,True,False
2421,Rodney Gunter,DE,,True,Injured Reserve,,,,,FA,FA,FA,FA,PREDRAFT,4,0,0,0,0,True,False
12299,Roje Stona,DE,,True,Active,,,,,FA,FA,FA,FA,PREDRAFT,4,0,0,0,0,True,False
8028,Romeo McKnight,DE,,True,Active,,,,,FA,FA,FA,FA,PREDRAFT,4,0,0,0,0,True,False
11884,Ron Stone,DE,,True,Active,,,,,FA,FA,FA,FA,PREDRAFT,4,0,0,0,0,True,False
3510,Ron Thompson,DE,,True,Inactive,,,,,FA,FA,FA,FA,PREDRAFT,4,0,0,0,0,True,False
3299,Ronald Blair,DE,NYJ,True,Active,,,,,FA,FA,FA,FA,PREDRAFT,4,0,0,0,0,True,False
6556,Ronald Ollie,DE,,True,Active,,,,,FA,FA,FA,FA,PREDRAFT,4,0,0,0,0,True,False
3526,Roy Robertson-Harris,DE,NYG,True,Inactive,IR,,DL,,FA,FA,FA,FA,PREDRAFT,4,0,0,0,0,True,False
4916,Royce LaFrance,DE,,True,Active,,,,,FA,FA,FA,FA,PREDRAFT,4,0,0,0,0,True,False
6400,Ryan Bee,DE,ARI,True,Active,,,,,FA,FA,FA,FA,PREDRAFT,4,0,0,0,0,True,False
3687,Ryan Brown,DE,,True,Active,,,,,FA,FA,FA,FA,PREDRAFT,4,0,0,0,0,True,False
917,Ryan Kerrigan,DE,,True,Active,,,,,FA,FA,FA,FA,PREDRAFT,4,0,0,0,0,True,False
8874,Ryder Anderson,DE,,True,Active,,,,,FA,FA,FA,FA,PREDRAFT,4,0,0,0,0,True,False
13860,Sabastian Harsh,DE,HOU,True,Active,,,LDE,2,FA,FA,FA,FA,PREDRAFT,4,0,0,0,0,True,False
3636,Sadat Sulleyman,DE,,True,Active,,,,,FA,FA,FA,FA,PREDRAFT,4,0,0,0,0,True,False
12628,Sai'vion Jones,DE,DEN,True,Active,,,RDE,2,FA,FA,FA,FA,PREDRAFT,4,0,0,0,0,True,False
5015,Sam Hubbard,DE,,True,Active,,,,,FA,FA,FA,FA,PREDRAFT,4,0,0,0,0,True,False
4407,Sam McCaskill,DE,,True,Active,,,,,FA,FA,FA,FA,PREDRAFT,4,0,0,0,0,True,False
2629,Sam Meredith,DE,,True,Active,,,,,FA,FA,FA,FA,PREDRAFT,4,0,0,0,0,True,False
8540,Sam Okuayinonu,DE,SF,True,Inactive,IR,,LDE,2,FA,FA,FA,FA,PREDRAFT,4,0,0,0,0,True,False
8492,Sam Roberts,DE,,True,Active,Questionable,,,,FA,FA,FA,FA,PREDRAFT,4,0,0,0,0,True,False
4170,Samson Ebukam,DE,ATL,True,Active,,,LOLB,2,FA,FA,FA,FA,PREDRAFT,4,0,0,0,0,True,False
11876,Savion Jackson,DE,,True,Active,,,,,FA,FA,FA,FA,PREDRAFT,4,0,0,0,0,True,False
8826,Scott Patchan,DE,,True,Active,,,,,FA,FA,FA,FA,PREDRAFT,4,0,0,0,0,True,False
7760,Shaka Toney,DE,,True,Inactive,,,,,FA,FA,FA,FA,PREDRAFT,4,0,0,0,0,True,False
4589,Shakir Soto,DE,,True,Active,,,,,FA,FA,FA,FA,PREDRAFT,4,0,0,0,0,True,False
6368,Shane Bowman,DE,,True,Inactive,,,,,FA,FA,FA,FA,PREDRAFT,4,0,0,0,0,True,False
3627,Shaneil Jenkins,DE,,True,Inactive,,,,,FA,FA,FA,FA,PREDRAFT,4,0,0,0,0,True,False
3182,Shaq Lawson,DE,,True,Active,,,,,FA,FA,FA,FA,PREDRAFT,4,0,0,0,0,True,False
12396,Shaun Peterson,DE,,True,Active,,,,,FA,FA,FA,FA,PREDRAFT,4,0,0,0,0,True,False
2033,Shelby Harris,DE,NYG,True,Active,,,LDE,1,FA,FA,FA,FA,PREDRAFT,4,0,0,0,0,True,False
12616,Shemar Turner,DE,CHI,True,Active,PUP,,RDE,3,FA,FA,FA,FA,PREDRAFT,4,0,0,0,0,True,False
5794,Simeyon Robinson,DE,,True,Active,,,,,FA,FA,FA,FA,PREDRAFT,4,0,0,0,0,True,False
11829,Solomon Byrd,DE,,True,Active,IR,,DL,,FA,FA,FA,FA,PREDRAFT,4,0,0,0,0,True,False
6608,Stacy Keely,DE,,True,Inactive,,,,,FA,FA,FA,FA,PREDRAFT,4,0,0,0,0,True,False
1925,Stephon Tuitt,DE,,True,Active,,,,,FA,FA,FA,FA,PREDRAFT,4,0,0,0,0,True,False
3421,Sterling Bailey,DE,,True,Active,,,,,FA,FA,FA,FA,PREDRAFT,4,0,0,0,0,True,False
2855,Steve Miller,DE,,True,Active,,,,,FA,FA,FA,FA,PREDRAFT,4,0,0,0,0,True,False
12024,Sunny Anderson,DE,,True,Active,,,,,FA,FA,FA,FA,PREDRAFT,4,0,0,0,0,True,False
7166,T.J. Carter,DE,,True,Active,,,,,FA,FA,FA,FA,PREDRAFT,4,0,0,0,0,True,False
4608,T.J. Daniel,DE,,True,Active,,,,,FA,FA,FA,FA,PREDRAFT,4,0,0,0,0,True,False
12550,T.J. Maguranyanga,DE,WAS,True,Inactive,Questionable,,,,FA,FA,FA,FA,PREDRAFT,4,0,0,0,0,True,False
13455,TJ Parker,DE,BUF,True,Active,,,LOLB,3,FA,FA,FA,FA,PREDRAFT,4,0,0,0,0,True,False
4073,Taco Charlton,DE,,True,Inactive,,,,,FA,FA,FA,FA,PREDRAFT,4,0,0,0,0,True,False
4069,Takk McKinley,DE,,True,Active,,,,,FA,FA,FA,FA,PREDRAFT,4,0,0,0,0,True,False
4114,Tanoh Kpassagnon,DE,TEN,True,Inactive,IR,,DL,,FA,FA,FA,FA,PREDRAFT,4,0,0,0,0,True,False
4112,Tarell Basham,DE,,True,Active,,,,,FA,FA,FA,FA,PREDRAFT,4,0,0,0,0,True,False
7802,Tarron Jackson,DE,,True,Active,,,,,FA,FA,FA,FA,PREDRAFT,4,0,0,0,0,True,False
4402,Tashawn Bower,DE,,True,Active,,,,,FA,FA,FA,FA,PREDRAFT,4,0,0,0,0,True,False
4975,Taven Bryan,DE,,True,Active,,,,,FA,FA,FA,FA,PREDRAFT,4,0,0,0,0,True,False
10944,Tavius Robinson,DE,BAL,True,Active,,,LOLB,1,FA,FA,FA,FA,PREDRAFT,4,0,0,0,0,True,False
12022,Taylor Upshaw,DE,,True,Active,,,,,FA,FA,FA,FA,PREDRAFT,4,0,0,0,0,True,False
7845,Thomas Schaffer,DE,,True,Inactive,,,,,FA,FA,FA,FA,PREDRAFT,4,0,0,0,0,True,False
6321,Tim Ward,DE,,True,Active,,,,,FA,FA,FA,FA,PREDRAFT,4,0,0,0,0,True,False
5446,Tomasi Laulile,DE,,True,Active,,,,,FA,FA,FA,FA,PREDRAFT,4,0,0,0,0,True,False
12375,Trajan Jeffcoat,DE,,True,Active,,,,,FA,FA,FA,FA,PREDRAFT,4,0,0,0,0,True,False
11875,Tre'Mon Morris-Brash,DE,,True,Active,,,,,FA,FA,FA,FA,PREDRAFT,4,0,0,0,0,True,False
2099,Trent Murphy,DE,,True,Inactive,,,,,FA,FA,FA,FA,PREDRAFT,4,0,0,0,0,True,False
4135,Trey Hendrickson,DE,BAL,True,Active,,,ROLB,1,FA,FA,FA,FA,PREDRAFT,4,0,0,0,0,True,False
11319,Truman Jones,DE,TEN,True,Active,,,RDE,2,FA,FA,FA,FA,PREDRAFT,4,0,0,0,0,True,False
14013,Tyce Westland,DE,,True,Active,,,,,FA,FA,FA,FA,PREDRAFT,4,0,0,0,0,True,False
12655,Tyler Baron,DE,NYJ,True,Active,PUP,,LOLB,3,FA,FA,FA,FA,PREDRAFT,4,0,0,0,0,True,False
8550,Tyler Johnson,DE,,True,Active,,,,,FA,FA,FA,FA,PREDRAFT,4,0,0,0,0,True,False
10941,Tyler Lacy,DE,DET,True,Active,,,RDE,3,FA,FA,FA,FA,PREDRAFT,4,0,0,0,0,True,False
5057,Tyquan Lewis,DE,,True,Active,,,,,FA,FA,FA,FA,PREDRAFT,4,0,0,0,0,True,False
13752,Tyreak Sapp,DE,CLE,True,Active,,,,,FA,FA,FA,FA,PREDRAFT,4,0,0,0,0,True,False
12053,Tyreek Johnson,DE,,True,Active,,,,,FA,FA,FA,FA,PREDRAFT,4,0,0,0,0,True,False
12683,Tyrion Ingram-Dawkins,DE,MIN,True,Active,,,LDE,2,FA,FA,FA,FA,PREDRAFT,4,0,0,0,0,True,False
1146,Tyrone Crawford,DE,,True,Injured Reserve,,,,,FA,FA,FA,FA,PREDRAFT,4,0,0,0,0,True,False
11512,Tyrus Wheat,DE,DAL,True,Active,,,LOLB,3,FA,FA,FA,FA,PREDRAFT,4,0,0,0,0,True,False
7356,Tyshun Render,DE,,True,Active,,,,,FA,FA,FA,FA,PREDRAFT,4,0,0,0,0,True,False
554,Tyson Alualu,DE,,True,Active,,,,,FA,FA,FA,FA,PREDRAFT,4,0,0,0,0,True,False
2313,Vic Beasley,DE,,True,Inactive,,,,,FA,FA,FA,FA,PREDRAFT,4,0,0,0,0,True,False
13795,Vincent Anthony,DE,SF,True,Active,,,,,FA,FA,FA,FA,PREDRAFT,4,0,0,0,0,True,False
1028,Vinny Curry,DE,,True,Active,,,,,FA,FA,FA,FA,PREDRAFT,4,0,0,0,0,True,False
161,Wes Horton,DE,,True,Injured Reserve,,,,,FA,FA,FA,FA,PREDRAFT,4,0,0,0,0,True,False
13493,Wesley Williams,DE,JAX,True,Active,,,RDE,2,FA,FA,FA,FA,PREDRAFT,4,0,0,0,0,True,False
4841,Whitney Richardson,DE,,True,Active,,,,,FA,FA,FA,FA,PREDRAFT,4,0,0,0,0,True,False
10883,Will McDonald,DE,NYJ,True,Active,,,ROLB,2,FA,FA,FA,FA,PREDRAFT,4,0,0,0,0,True,False
7764,William Bradley-King,DE,,True,Inactive,,,,,FA,FA,FA,FA,PREDRAFT,4,0,0,0,0,True,False
1558,William Gholston,DE,,True,Active,,,,,FA,FA,FA,FA,PREDRAFT,4,0,0,0,0,True,False
4652,Winston Craig,DE,,True,Active,,,,,FA,FA,FA,FA,PREDRAFT,4,0,0,0,0,True,False
7769,Wyatt Hubert,DE,,True,Active,,,,,FA,FA,FA,FA,PREDRAFT,4,0,0,0,0,True,False
5966,Wyatt Ray,DE,,True,Inactive,,,,,FA,FA,FA,FA,PREDRAFT,4,0,0,0,0,True,False
11767,Xavier Thomas,DE,,True,Inactive,Questionable,,,,FA,FA,FA,FA,PREDRAFT,4,0,0,0,0,True,False
3238,Yannick Ngakoue,DE,,True,Active,,,,,FA,FA,FA,FA,PREDRAFT,4,0,0,0,0,True,False
6812,Yetur Gross-Matos,DE,,True,Active,,,,,FA,FA,FA,FA,PREDRAFT,4,0,0,0,0,True,False
6346,Yurik Bethune,DE,,True,Active,,,,,FA,FA,FA,FA,PREDRAFT,4,0,0,0,0,True,False
5871,Zach Allen,DE,DEN,True,Active,,,RDE,1,FA,FA,FA,FA,PREDRAFT,4,0,0,0,0,True,False
13588,Zach Durfee,DE,JAX,True,Active,IR,,LDE,3,FA,FA,FA,FA,PREDRAFT,4,0,0,0,0,True,False
10934,Zach Harrison,DE,ATL,True,Active,,,,,FA,FA,FA,FA,PREDRAFT,4,0,0,0,0,True,False
1965,Zach Kerr,DE,,True,Active,,,,,FA,FA,FA,FA,PREDRAFT,4,0,0,0,0,True,False
8841,Zach VanValkenburg,DE,,True,Active,,,,,FA,FA,FA,FA,PREDRAFT,4,0,0,0,0,True,False
13460,Zion Young,DE,BAL,True,Active,,,LOLB,2,FA,FA,FA,FA,PREDRAFT,4,0,0,0,0,True,False
ARI,ARI,DEF,ARI,True,,,,,,FA,FA,FA,FA,PREDRAFT,4,0,0,0,0,True,False
ATL,ATL,DEF,ATL,True,,,,,,FA,FA,FA,FA,PREDRAFT,4,0,0,0,0,True,False
BUF,BUF,DEF,BUF,True,,,,,,FA,FA,FA,FA,PREDRAFT,4,0,0,0,0,True,False
CAR,CAR,DEF,CAR,True,,,,,,FA,FA,FA,FA,PREDRAFT,4,0,0,0,0,True,False
CHI,CHI,DEF,CHI,True,,,,,,FA,FA,FA,FA,PREDRAFT,4,0,0,0,0,True,False
CIN,CIN,DEF,CIN,True,,,,,,FA,FA,FA,FA,PREDRAFT,4,0,0,0,0,True,False
DAL,DAL,DEF,DAL,True,,,,,,FA,FA,FA,FA,PREDRAFT,4,0,0,0,0,True,False
DET,DET,DEF,DET,True,,,,,,FA,FA,FA,FA,PREDRAFT,4,0,0,0,0,True,False
GB,GB,DEF,GB,True,,,,,,FA,FA,FA,FA,PREDRAFT,4,0,0,0,0,True,False
IND,IND,DEF,IND,True,,,,,,FA,FA,FA,FA,PREDRAFT,4,0,0,0,0,True,False
JAX,JAX,DEF,JAX,True,,,,,,FA,FA,FA,FA,PREDRAFT,4,0,0,0,0,True,False
KC,KC,DEF,KC,True,,,,,,FA,FA,FA,FA,PREDRAFT,4,0,0,0,0,True,False
LV,LV,DEF,LV,True,,,,,,FA,FA,FA,FA,PREDRAFT,4,0,0,0,0,True,False
MIA,MIA,DEF,MIA,True,,,,,,FA,FA,FA,FA,PREDRAFT,4,0,0,0,0,True,False
NO,NO,DEF,NO,True,,,,,,FA,FA,FA,FA,PREDRAFT,4,0,0,0,0,True,False
NYG,NYG,DEF,NYG,True,,,,,,FA,FA,FA,FA,PREDRAFT,4,0,0,0,0,True,False
NYJ,NYJ,DEF,NYJ,True,,,,,,FA,FA,FA,FA,PREDRAFT,4,0,0,0,0,True,False
PIT,PIT,DEF,PIT,True,,,,,,FA,FA,FA,FA,PREDRAFT,4,0,0,0,0,True,False
SF,SF,DEF,SF,True,,,,,,FA,FA,FA,FA,PREDRAFT,4,0,0,0,0,True,False
TB,TB,DEF,TB,True,,,,,,FA,FA,FA,FA,PREDRAFT,4,0,0,0,0,True,False
TEN,TEN,DEF,TEN,True,,,,,,FA,FA,FA,FA,PREDRAFT,4,0,0,0,0,True,False
WAS,WAS,DEF,WAS,True,,,,,,FA,FA,FA,FA,PREDRAFT,4,0,0,0,0,True,False
12574,Abdul Carter,DL,NYG,True,Active,,,ROLB,1,FA,FA,FA,FA,PREDRAFT,4,0,0,0,0,True,False
10957,Adetomiwa Adebawore,DL,IND,True,Active,,,RDT,2,FA,FA,FA,FA,PREDRAFT,4,0,0,0,0,True,False
13383,Ahmad Moten,DL,,True,Active,,,,,FA,FA,FA,FA,PREDRAFT,4,0,0,0,0,True,False
8289,Aidan Hutchinson,DL,DET,True,Active,,,LDE,1,FA,FA,FA,FA,PREDRAFT,4,0,0,0,0,True,False
13864,Aidan Keanaaina,DL,,True,Inactive,Questionable,,,,FA,FA,FA,FA,PREDRAFT,4,0,0,0,0,True,False
13341,Akheem Mesidor,DL,LAC,True,Active,,,ROLB,2,FA,FA,FA,FA,PREDRAFT,4,0,0,0,0,True,False
8376,Alex Wright,DL,CLE,True,Inactive,IR,,DL,,FA,FA,FA,FA,PREDRAFT,4,0,0,0,0,True,False
12945,Alexander Williams,DL,,True,Active,,,,,FA,FA,FA,FA,PREDRAFT,4,0,0,0,0,True,False
12590,Alfred Collins,DL,SF,True,Active,,,LDT,1,FA,FA,FA,FA,PREDRAFT,4,0,0,0,0,True,False
8404,Ali Fayad,DL,,True,Active,,,,,FA,FA,FA,FA,PREDRAFT,4,0,0,0,0,True,False
8327,Amare Barno,DL,,True,Active,Questionable,,,,FA,FA,FA,FA,PREDRAFT,4,0,0,0,0,True,False
12221,Andre Carter,DL,,True,Active,,,,,FA,FA,FA,FA,PREDRAFT,4,0,0,0,0,True,False
13358,Anthony Lucas,DL,DET,True,Active,,,,,FA,FA,FA,FA,PREDRAFT,4,0,0,0,0,True,False
5603,Anthony Moten,DL,,True,Active,,,,,FA,FA,FA,FA,PREDRAFT,4,0,0,0,0,True,False
11362,Antonio Moultrie,DL,,True,Active,,,,,FA,FA,FA,FA,PREDRAFT,4,0,0,0,0,True,False
5219,Antonio Simmons,DL,,True,Active,,,,,FA,FA,FA,FA,PREDRAFT,4,0,0,0,0,True,False
8325,Arnold Ebiketie,DL,PHI,True,Active,,,ROLB,2,FA,FA,FA,FA,PREDRAFT,4,0,0,0,0,True,False
11760,Austin Booker,DL,CHI,True,Active,Questionable,,RDE,1,FA,FA,FA,FA,PREDRAFT,4,0,0,0,0,True,False
13926,Ben Barten,DL,,True,Active,,,,,FA,FA,FA,FA,PREDRAFT,4,0,0,0,0,True,False
13746,Bernard Gooden,DL,,True,Active,,,,,FA,FA,FA,FA,PREDRAFT,4,0,0,0,0,True,False
13008,Bill Norton,DL,LAR,True,Active,,,,,FA,FA,FA,FA,PREDRAFT,4,0,0,0,0,True,False
13532,Bobby Jamison-Travis,DL,NYG,True,Active,,,RDE,2,FA,FA,FA,FA,PREDRAFT,4,0,0,0,0,True,False
8343,Boye Mafe,DL,CIN,True,Active,,,RDE,1,FA,FA,FA,FA,PREDRAFT,4,0,0,0,0,True,False
11677,Braden Fiske,DL,LAR,True,Active,,,LDE,1,FA,FA,FA,FA,PREDRAFT,4,0,0,0,0,True,False
12106,Brandon Matterson,DL,,True,Active,,,,,FA,FA,FA,FA,PREDRAFT,4,0,0,0,0,True,False
12004,Branson Deen,DL,,True,Active,,,,,FA,FA,FA,FA,PREDRAFT,4,0,0,0,0,True,False
14074,Brien Taylor,DL,,True,Active,Questionable,,,,FA,FA,FA,FA,PREDRAFT,4,0,0,0,0,True,False
13134,Bryce Ganious,DL,,True,Active,,,,,FA,FA,FA,FA,PREDRAFT,4,0,0,0,0,True,False
13664,Bryson Eason,DL,KC,True,Active,,,RDT,3,FA,FA,FA,FA,PREDRAFT,4,0,0,0,0,True,False
11668,Byron Murphy,DL,SEA,True,Active,,,NT,1,FA,FA,FA,FA,PREDRAFT,4,0,0,0,0,True,False
10925,Byron Young,DL,PHI,True,Active,Questionable,,RDE,2,FA,FA,FA,FA,PREDRAFT,4,0,0,0,0,True,False
11240,C.J. Okoye,DL,NYG,True,Active,,,NT,2,FA,FA,FA,FA,PREDRAFT,4,0,0,0,0,True,False
12282,C.J. Ravenell,DL,,True,Active,Questionable,,,,FA,FA,FA,FA,PREDRAFT,4,0,0,0,0,True,False
13373,Caden Curry,DL,IND,True,Active,,,LDE,3,FA,FA,FA,FA,PREDRAFT,4,0,0,0,0,True,False
10879,Calijah Kancey,DL,TB,True,Active,,,LDE,1,FA,FA,FA,FA,PREDRAFT,4,0,0,0,0,True,False
14081,Cam Rice,DL,,True,Active,,,,,FA,FA,FA,FA,PREDRAFT,4,0,0,0,0,True,False
8383,Cameron Thomas,DL,ATL,True,Active,,,ROLB,1,FA,FA,FA,FA,PREDRAFT,4,0,0,0,0,True,False
12448,Camron Peterson,DL,,True,Active,,,,,FA,FA,FA,FA,PREDRAFT,4,0,0,0,0,True,False
12041,Carl Jones,DL,BAL,True,Active,,,,,FA,FA,FA,FA,PREDRAFT,4,0,0,0,0,True,False
529,Carlos Dunlap,DL,,True,Active,,,,,FA,FA,FA,FA,PREDRAFT,4,0,0,0,0,True,False
12096,Casey Rogers,DL,,True,Active,,,,,FA,FA,FA,FA,PREDRAFT,4,0,0,0,0,True,False
13364,Cashius Howell,DL,CIN,True,Active,,,LDE,2,FA,FA,FA,FA,PREDRAFT,4,0,0,0,0,True,False
12302,Chance Main,DL,,True,Active,,,,,FA,FA,FA,FA,PREDRAFT,4,0,0,0,0,True,False
11345,Chris Smith,DL,DET,True,Active,,,,,FA,FA,FA,FA,PREDRAFT,4,0,0,0,0,True,False
13387,Christen Miller,DL,NO,True,Active,,,NT,2,FA,FA,FA,FA,PREDRAFT,4,0,0,0,0,True,False
8288,Christopher Hinton,DL,,True,Active,,,,,FA,FA,FA,FA,PREDRAFT,4,0,0,0,0,True,False
5602,Claudy Mathieu,DL,,True,Active,,,,,FA,FA,FA,FA,PREDRAFT,4,0,0,0,0,True,False
11354,D'Anthony Jones,DL,,True,Active,,,,,FA,FA,FA,FA,PREDRAFT,4,0,0,0,0,True,False
8262,DJ Davidson,DL,,True,Active,NA,,,,FA,FA,FA,FA,PREDRAFT,4,0,0,0,0,True,False
12998,Da'Jon Terry,DL,,True,Active,,,,,FA,FA,FA,FA,PREDRAFT,4,0,0,0,0,True,False
11987,Daniel Grzesiak,DL,,True,Active,,,,,FA,FA,FA,FA,PREDRAFT,4,0,0,0,0,True,False
12900,Danny Striggow,DL,JAX,True,Active,,,RDE,3,FA,FA,FA,FA,PREDRAFT,4,0,0,0,0,True,False
13087,Dante Barnett,DL,,True,Active,,,,,FA,FA,FA,FA,PREDRAFT,4,0,0,0,0,True,False
12581,Darius Alexander,DL,NYG,True,Active,,,RDE,1,FA,FA,FA,FA,PREDRAFT,4,0,0,0,0,True,False
11658,Darius Robinson,DL,ARI,True,Active,,,RDE,1,FA,FA,FA,FA,PREDRAFT,4,0,0,0,0,True,False
11243,David Ebuka Agoha,DL,DEN,True,Active,,,,,FA,FA,FA,FA,PREDRAFT,4,0,0,0,0,True,False
8287,David Ojabo,DL,,True,Active,,,,,FA,FA,FA,FA,PREDRAFT,4,0,0,0,0,True,False
12229,David Olajiga,DL,BAL,True,Active,,,,,FA,FA,FA,FA,PREDRAFT,4,0,0,0,0,True,False
8372,DeAngelo Malone,DL,ATL,True,Active,PUP,,LB,,FA,FA,FA,FA,PREDRAFT,4,0,0,0,0,True,False
8319,DeMarvin Leal,DL,,True,Active,,,,,FA,FA,FA,FA,PREDRAFT,4,0,0,0,0,True,False
13229,Decarius Hawthorne,DL,,True,Active,,,,,FA,FA,FA,FA,PREDRAFT,4,0,0,0,0,True,False
13140,Demeco Roland,DL,,True,Active,,,,,FA,FA,FA,FA,PREDRAFT,4,0,0,0,0,True,False
12211,Denzel Daxon,DL,,True,Active,,,,,FA,FA,FA,FA,PREDRAFT,4,0,0,0,0,True,False
11038,Derek Parish,DL,,True,Active,,,,,FA,FA,FA,FA,PREDRAFT,4,0,0,0,0,True,False
12561,Derrick Harmon,DL,PIT,True,Active,,,LDE,1,FA,FA,FA,FA,PREDRAFT,4,0,0,0,0,True,False
13676,Deshawn McKnight,DL,TB,True,Inactive,IR,,DL,,FA,FA,FA,FA,PREDRAFT,4,0,0,0,0,True,False
12793,Desmond Watson,DL,,True,Active,,,,,FA,FA,FA,FA,PREDRAFT,4,0,0,0,0,True,False
12766,Devin Brandt-Epps,DL,,True,Active,,,,,FA,FA,FA,FA,PREDRAFT,4,0,0,0,0,True,False
12273,Devin Phillips,DL,,True,Active,,,,,FA,FA,FA,FA,PREDRAFT,4,0,0,0,0,True,False
11236,Devonnsha Maxwell,DL,,True,Active,,,,,FA,FA,FA,FA,PREDRAFT,4,0,0,0,0,True,False
12830,Devonta Davis,DL,,True,Active,,,,,FA,FA,FA,FA,PREDRAFT,4,0,0,0,0,True,False
8270,Devonte Wyatt,DL,GB,True,Active,,,RDE,1,FA,FA,FA,FA,PREDRAFT,4,0,0,0,0,True,False
13910,Dion Wilson,DL,,True,Active,,,,,FA,FA,FA,FA,PREDRAFT,4,0,0,0,0,True,False
7390,Domenique Davis,DL,,True,Active,,,,,FA,FA,FA,FA,PREDRAFT,4,0,0,0,0,True,False
13924,Dominic Bailey,DL,HOU,True,Active,,,,,FA,FA,FA,FA,PREDRAFT,4,0,0,0,0,True,False
8391,Dominique Robinson,DL,HOU,True,Active,Questionable,,RDE,2,FA,FA,FA,FA,PREDRAFT,4,0,0,0,0,True,False
12556,Donovan Ezeiruaku,DL,DAL,True,Active,,,ROLB,1,FA,FA,FA,FA,PREDRAFT,4,0,0,0,0,True,False
8351,Drake Jackson,DL,,True,Inactive,Questionable,,,,FA,FA,FA,FA,PREDRAFT,4,0,0,0,0,True,False
10958,Dylan Horton,DL,HOU,True,Inactive,IR,,DL,,FA,FA,FA,FA,PREDRAFT,4,0,0,0,0,True,False
13812,Eddie Walls,DL,LAR,True,Inactive,IR,,LB,,FA,FA,FA,FA,PREDRAFT,4,0,0,0,0,True,False
12919,Elijah Simmons,DL,TB,True,Active,,,NT,3,FA,FA,FA,FA,PREDRAFT,4,0,0,0,0,True,False
13196,Elijah Williams,DL,MIN,True,Active,,,RDE,2,FA,FA,FA,FA,PREDRAFT,4,0,0,0,0,True,False
12238,Eric Watts,DL,,True,Inactive,Questionable,,,,FA,FA,FA,FA,PREDRAFT,4,0,0,0,0,True,False
8342,Esezi Otomewo,DL,PIT,True,Active,,,,,FA,FA,FA,FA,PREDRAFT,4,0,0,0,0,True,False
13798,Ethan Hurkett,DL,,True,Active,,,,,FA,FA,FA,FA,PREDRAFT,4,0,0,0,0,True,False
11923,Evan Anderson,DL,,True,Active,,,,,FA,FA,FA,FA,PREDRAFT,4,0,0,0,0,True,False
11997,Eyabi Okie-Anoma,DL,,True,Active,,,,,FA,FA,FA,FA,PREDRAFT,4,0,0,0,0,True,False
8347,Eyioma Uwazurike,DL,DEN,True,Active,,,NT,2,FA,FA,FA,FA,PREDRAFT,4,0,0,0,0,True,False
12200,Fabien Lovett,DL,,True,Active,,,,,FA,FA,FA,FA,PREDRAFT,4,0,0,0,0,True,False
12609,Fadil Diggs,DL,NO,True,Active,,,,,FA,FA,FA,FA,PREDRAFT,4,0,0,0,0,True,False
12924,Fatorma Mulbah,DL,,True,Active,,,,,FA,FA,FA,FA,PREDRAFT,4,0,0,0,0,True,False
11908,Gabriel Murphy,DL,,True,Active,,,,,FA,FA,FA,FA,PREDRAFT,4,0,0,0,0,True,False
13548,Gabriel Rubio,DL,PIT,True,Active,,,LDE,2,FA,FA,FA,FA,PREDRAFT,4,0,0,0,0,True,False
8385,George Karlaftis,DL,KC,True,Active,,,LDE,1,FA,FA,FA,FA,PREDRAFT,4,0,0,0,0,True,False
10899,Gervon Dexter,DL,ATL,True,Active,,,NT,1,FA,FA,FA,FA,PREDRAFT,4,0,0,0,0,True,False
12146,Grayson Murphy,DL,,True,Active,,,,,FA,FA,FA,FA,PREDRAFT,4,0,0,0,0,True,False
8337,Haskell Garrett,DL,,True,Active,,,,,FA,FA,FA,FA,PREDRAFT,4,0,0,0,0,True,False
11227,Ifeanyi Maijeh,DL,,True,Active,,,,,FA,FA,FA,FA,PREDRAFT,4,0,0,0,0,True,False
11188,Ikenna Enechukwu,DL,,True,Active,,,,,FA,FA,FA,FA,PREDRAFT,4,0,0,0,0,True,False
12186,Isaiah Coe,DL,,True,Active,,,,,FA,FA,FA,FA,PREDRAFT,4,0,0,0,0,True,False
10909,Isaiah Foskey,DL,CIN,True,Active,,,,,FA,FA,FA,FA,PREDRAFT,4,0,0,0,0,True,False
11972,Isaiah Iton,DL,NE,True,Inactive,IR,,DL,,FA,FA,FA,FA,PREDRAFT,4,0,0,0,0,True,False
10943,Isaiah McGuire,DL,CLE,True,Active,,,LDE,1,FA,FA,FA,FA,PREDRAFT,4,0,0,0,0,True,False
13060,Isaiah Raikes,DL,,True,Active,,,,,FA,FA,FA,FA,PREDRAFT,4,0,0,0,0,True,False
8281,Isaiah Thomas,DL,,True,Active,,,,,FA,FA,FA,FA,PREDRAFT,4,0,0,0,0,True,False
13142,J.R. Singleton,DL,,True,Active,,,,,FA,FA,FA,FA,PREDRAFT,4,0,0,0,0,True,False
12594,JT Tuimoloau,DL,IND,True,Active,,,LDE,2,FA,FA,FA,FA,PREDRAFT,4,0,0,0,0,True,False
12593,Jack Sawyer,DL,PIT,True,Active,,,LOLB,2,FA,FA,FA,FA,PREDRAFT,4,0,0,0,0,True,False
11202,Jacob Slade,DL,,True,Active,Questionable,,,,FA,FA,FA,FA,PREDRAFT,4,0,0,0,0,True,False
13629,Jacobian Guillory,DL,,True,Active,,,,,FA,FA,FA,FA,PREDRAFT,4,0,0,0,0,True,False
13606,Jahmeer Carter,DL,,True,Active,,,,,FA,FA,FA,FA,PREDRAFT,4,0,0,0,0,True,False
13046,Jalan Gaines,DL,,True,Active,,,,,FA,FA,FA,FA,PREDRAFT,4,0,0,0,0,True,False
10888,Jalen Carter,DL,PHI,True,Active,,,RDE,1,FA,FA,FA,FA,PREDRAFT,4,0,0,0,0,True,False
11258,Jalen Harris,DL,,True,Active,,,,,FA,FA,FA,FA,PREDRAFT,4,0,0,0,0,True,False
13652,Jalen Hunt,DL,,True,Active,,,,,FA,FA,FA,FA,PREDRAFT,4,0,0,0,0,True,False
13886,Jalen Logan-Redding,DL,,True,Active,,,,,FA,FA,FA,FA,PREDRAFT,4,0,0,0,0,True,False
12568,Jalon Walker,DL,ATL,True,Inactive,IR,,LB,,FA,FA,FA,FA,PREDRAFT,4,0,0,0,0,True,False
11703,Jalyx Hunt,DL,PHI,True,Active,,,ROLB,1,FA,FA,FA,FA,PREDRAFT,4,0,0,0,0,True,False
11358,Jamal Woods,DL,,True,Active,,,,,FA,FA,FA,FA,PREDRAFT,4,0,0,0,0,True,False
12915,James Carpenter,DL,,True,Active,,,,,FA,FA,FA,FA,PREDRAFT,4,0,0,0,0,True,False
12585,James Pearce,DL,ATL,True,Active,Sus,,LOLB,1,FA,FA,FA,FA,PREDRAFT,4,0,0,0,0,True,False
12035,Jamree Kromah,DL,CHI,True,Active,,,LDE,3,FA,FA,FA,FA,PREDRAFT,4,0,0,0,0,True,False
11665,Jared Verse,DL,CLE,True,Active,,,RDE,1,FA,FA,FA,FA,PREDRAFT,4,0,0,0,0,True,False
11207,Jason Lewan,DL,,True,Active,,,,,FA,FA,FA,FA,PREDRAFT,4,0,0,0,0,True,False
11816,Javontae Jean-Baptiste,DL,WAS,True,Active,,,LOLB,3,FA,FA,FA,FA,PREDRAFT,4,0,0,0,0,True,False
8318,Jayden Peevy,DL,,True,Active,,,,,FA,FA,FA,FA,PREDRAFT,4,0,0,0,0,True,False
6397,Jaylen Johnson,DL,,True,Active,,,,,FA,FA,FA,FA,PREDRAFT,4,0,0,0,0,True,False
12078,Jaylon Allen,DL,,True,Active,,,,,FA,FA,FA,FA,PREDRAFT,4,0,0,0,0,True,False
13020,Jayson Jones,DL,TB,True,Active,,,,,FA,FA,FA,FA,PREDRAFT,4,0,0,0,0,True,False
13761,Jeffrey M'ba,DL,WAS,True,Active,,,,,FA,FA,FA,FA,PREDRAFT,4,0,0,0,0,True,False
11699,Jer'Zhan Newton,DL,WAS,True,Inactive,IR,,RDE,2,FA,FA,FA,FA,PREDRAFT,4,0,0,0,0,True,False
11271,Jeremiah Martin,DL,,True,Active,,,,,FA,FA,FA,FA,PREDRAFT,4,0,0,0,0,True,False
11119,Jerrod Clark,DL,,True,Active,,,,,FA,FA,FA,FA,PREDRAFT,4,0,0,0,0,True,False
8306,John Ridgeway,DL,NO,True,Active,Questionable,,RDE,2,FA,FA,FA,FA,PREDRAFT,4,0,0,0,0,True,False
11827,Jonah Laulu,DL,LV,True,Active,,,RDE,1,FA,FA,FA,FA,PREDRAFT,4,0,0,0,0,True,False
11253,Jonah Tavai,DL,,True,Active,,,,,FA,FA,FA,FA,PREDRAFT,4,0,0,0,0,True,False
8344,Jonathan Ford,DL,GB,True,Active,,,NT,3,FA,FA,FA,FA,PREDRAFT,4,0,0,0,0,True,False
7765,Jonathon Cooper,DL,DEN,True,Active,NA,,LOLB,1,FA,FA,FA,FA,PREDRAFT,4,0,0,0,0,True,False
12579,Jordan Burch,DL,ARI,True,Active,,,LOLB,3,FA,FA,FA,FA,PREDRAFT,4,0,0,0,0,True,False
8269,Jordan Davis,DL,PHI,True,Active,,,NT,1,FA,FA,FA,FA,PREDRAFT,4,0,0,0,0,True,False
8370,Jordan Jackson,DL,DEN,True,Active,,,LDE,3,FA,FA,FA,FA,PREDRAFT,4,0,0,0,0,True,False
12679,Jordan Phillips,DL,MIA,True,Active,,,LDT,2,FA,FA,FA,FA,PREDRAFT,4,0,0,0,0,True,False
13540,Jordan van den Berg,DL,CHI,True,Active,,,LDT,2,FA,FA,FA,FA,PREDRAFT,4,0,0,0,0,True,False
11035,Jordon Riley,DL,GB,True,Active,PUP,,NT,2,FA,FA,FA,FA,PREDRAFT,4,0,0,0,0,True,False
10998,Jose Ramirez,DL,NE,True,Active,,,,,FA,FA,FA,FA,PREDRAFT,4,0,0,0,0,True,False
14009,Josh Celiscar,DL,,True,Active,,,,,FA,FA,FA,FA,PREDRAFT,4,0,0,0,0,True,False
12802,Josh Fuga,DL,,True,Active,,,,,FA,FA,FA,FA,PREDRAFT,4,0,0,0,0,True,False
8358,Josh Paschal,DL,,True,Active,,,,,FA,FA,FA,FA,PREDRAFT,4,0,0,0,0,True,False
12587,Joshua Farmer,DL,NE,True,Active,,,LDE,2,FA,FA,FA,FA,PREDRAFT,4,0,0,0,0,True,False
13366,Joshua Josephs,DL,WAS,True,Active,,,ROLB,2,FA,FA,FA,FA,PREDRAFT,4,0,0,0,0,True,False
11072,Joshua Pryor,DL,,True,Active,,,,,FA,FA,FA,FA,PREDRAFT,4,0,0,0,0,True,False
11858,Julius Welschof,DL,PIT,True,Active,,,,,FA,FA,FA,FA,PREDRAFT,4,0,0,0,0,True,False
11241,Junior Aho,DL,,True,Active,,,,,FA,FA,FA,FA,PREDRAFT,4,0,0,0,0,True,False
6575,Justin Alexandre,DL,,True,Active,,,,,FA,FA,FA,FA,PREDRAFT,4,0,0,0,0,True,False
12209,Justin Blazek,DL,,True,Active,,,,,FA,FA,FA,FA,PREDRAFT,4,0,0,0,0,True,False
11743,Justin Eboigbe,DL,LAC,True,Active,,,LDE,2,FA,FA,FA,FA,PREDRAFT,4,0,0,0,0,True,False
878,Justin Houston,DL,,True,Active,,,,,FA,FA,FA,FA,PREDRAFT,4,0,0,0,0,True,False
11839,Justin Rogers,DL,,True,Active,,,,,FA,FA,FA,FA,PREDRAFT,4,0,0,0,0,True,False
13935,Kahlil Saunders,DL,,True,Active,,,,,FA,FA,FA,FA,PREDRAFT,4,0,0,0,0,True,False
8375,Kalia Davis,DL,CLE,True,Inactive,IR,,LDT,2,FA,FA,FA,FA,PREDRAFT,4,0,0,0,0,True,False
13374,Kayden McDonald,DL,HOU,True,Active,,,LDT,2,FA,FA,FA,FA,PREDRAFT,4,0,0,0,0,True,False
8355,Kayvon Thibodeaux,DL,NYG,True,Active,,,ROLB,2,FA,FA,FA,FA,PREDRAFT,4,0,0,0,0,True,False
10904,Keion White,DL,SF,True,Active,Questionable,,RDE,2,FA,FA,FA,FA,PREDRAFT,4,0,0,0,0,True,False
12937,Keith Cooper,DL,MIA,True,Active,,,RDE,2,FA,FA,FA,FA,PREDRAFT,4,0,0,0,0,True,False
12042,Keith Randolph,DL,,True,Active,Questionable,,,,FA,FA,FA,FA,PREDRAFT,4,0,0,0,0,True,False
12911,Keivie Rose,DL,JAX,True,Inactive,IR,,DL,,FA,FA,FA,FA,PREDRAFT,4,0,0,0,0,True,False
13395,Keldric Faulk,DL,TEN,True,Active,Questionable,,LDE,2,FA,FA,FA,FA,PREDRAFT,4,0,0,0,0,True,False
12564,Kenneth Grant,DL,MIA,True,Active,IR,,LDT,1,FA,FA,FA,FA,PREDRAFT,4,0,0,0,0,True,False
11244,Kenneth Odumegwu,DL,,True,Active,,,,,FA,FA,FA,FA,PREDRAFT,4,0,0,0,0,True,False
12447,Keonte Schad,DL,,True,Active,,,,,FA,FA,FA,FA,PREDRAFT,4,0,0,0,0,True,False
13819,Kevin Jobity,DL,PIT,True,Active,,,NT,3,FA,FA,FA,FA,PREDRAFT,4,0,0,0,0,True,False
6369,Khairi Clark,DL,,True,Active,,,,,FA,FA,FA,FA,PREDRAFT,4,0,0,0,0,True,False
13747,Khordae Sydnor,DL,CLE,True,Active,,,,,FA,FA,FA,FA,PREDRAFT,4,0,0,0,0,True,False
11796,Khristian Boyd,DL,NO,True,Active,,,NT,3,FA,FA,FA,FA,PREDRAFT,4,0,0,0,0,True,False
8382,Kingsley Enagbare,DL,NYJ,True,Active,,,LOLB,2,FA,FA,FA,FA,PREDRAFT,4,0,0,0,0,True,False
5205,Kingsley Opara,DL,,True,Active,,,,,FA,FA,FA,FA,PREDRAFT,4,0,0,0,0,True,False
13693,Kody Huisman,DL,,True,Active,,,,,FA,FA,FA,FA,PREDRAFT,4,0,0,0,0,True,False
11688,Kris Jenkins,DL,CIN,True,Active,,,LDT,3,FA,FA,FA,FA,PREDRAFT,4,0,0,0,0,True,False
11894,Kyler Baugh,DL,PIT,True,Active,,,,,FA,FA,FA,FA,PREDRAFT,4,0,0,0,0,True,False
12364,Kyon Barrs,DL,,True,Active,,,,,FA,FA,FA,FA,PREDRAFT,4,0,0,0,0,True,False
12724,Kyonte Hamilton,DL,,True,Inactive,IR,,DL,,FA,FA,FA,FA,PREDRAFT,4,0,0,0,0,True,False
8274,LaBryan Ray,DL,,True,Inactive,NA,,,,FA,FA,FA,FA,PREDRAFT,4,0,0,0,0,True,False
11519,LaTrell Bumphus,DL,,True,Inactive,,,,,FA,FA,FA,FA,PREDRAFT,4,0,0,0,0,True,False
11669,Laiatu Latu,DL,IND,True,Active,,,RDE,1,FA,FA,FA,FA,PREDRAFT,4,0,0,0,0,True,False
13144,Laki Tasi,DL,TEN,True,Active,,,,,FA,FA,FA,FA,PREDRAFT,4,0,0,0,0,True,False
12580,Landon Jackson,DL,BUF,True,Active,,,LDE,2,FA,FA,FA,FA,PREDRAFT,4,0,0,0,0,True,False
6463,Lawrence Marshall,DL,,True,Active,,,,,FA,FA,FA,FA,PREDRAFT,4,0,0,0,0,True,False
13362,Lee Hunter,DL,CAR,True,Active,,,RDE,2,FA,FA,FA,FA,PREDRAFT,4,0,0,0,0,True,False
12031,Leonard Taylor,DL,NE,True,Active,,,RDE,2,FA,FA,FA,FA,PREDRAFT,4,0,0,0,0,True,False
8360,Logan Hall,DL,HOU,True,Active,,,RDT,2,FA,FA,FA,FA,PREDRAFT,4,0,0,0,0,True,False
11811,Logan Lee,DL,PIT,True,Inactive,IR,,DL,,FA,FA,FA,FA,PREDRAFT,4,0,0,0,0,True,False
5441,Lowell Lotulelei,DL,,True,Active,,,,,FA,FA,FA,FA,PREDRAFT,4,0,0,0,0,True,False
10885,Lukas Van Ness,DL,GB,True,Active,,,LOLB,1,FA,FA,FA,FA,PREDRAFT,4,0,0,0,0,True,False
11642,Lwal Uguak,DL,,True,Active,,,,,FA,FA,FA,FA,PREDRAFT,4,0,0,0,0,True,False
13359,Malachi Lawrence,DL,DAL,True,Active,,,RDE,3,FA,FA,FA,FA,PREDRAFT,4,0,0,0,0,True,False
12326,Malik Langham,DL,,True,Active,,,,,FA,FA,FA,FA,PREDRAFT,4,0,0,0,0,True,False
11828,Marcus Harris,DL,KC,True,Active,,,,,FA,FA,FA,FA,PREDRAFT,4,0,0,0,0,True,False
12206,Mario Kendricks,DL,,True,Active,,,,,FA,FA,FA,FA,PREDRAFT,4,0,0,0,0,True,False
8357,Marquan McCall,DL,,True,Active,,,,,FA,FA,FA,FA,PREDRAFT,4,0,0,0,0,True,False
11694,Marshawn Kneeland,DL,,True,Active,,,,,FA,FA,FA,FA,PREDRAFT,4,0,0,0,0,True,False
12573,Mason Graham,DL,CLE,True,Active,,,RDT,1,FA,FA,FA,FA,PREDRAFT,4,0,0,0,0,True,False
13133,Mason Narcisse,DL,,True,Active,,,,,FA,FA,FA,FA,PREDRAFT,4,0,0,0,0,True,False
6604,Mathieu Betts,DL,,True,Active,,,,,FA,FA,FA,FA,PREDRAFT,4,0,0,0,0,True,False
8332,Matthew Butler,DL,,True,Active,,,,,FA,FA,FA,FA,PREDRAFT,4,0,0,0,0,True,False
12347,Mayan Ahanotu,DL,,True,Active,,,,,FA,FA,FA,FA,PREDRAFT,4,0,0,0,0,True,False
10877,Mazi Smith,DL,MIA,True,Active,,,,,FA,FA,FA,FA,PREDRAFT,4,0,0,0,0,True,False
11713,McKinnley Jackson,DL,,True,Active,,,,,FA,FA,FA,FA,PREDRAFT,4,0,0,0,0,True,False
8316,Micheal Clemons,DL,IND,True,Active,,,RDE,2,FA,FA,FA,FA,PREDRAFT,4,0,0,0,0,True,False
11868,Micheal Mason,DL,,True,Active,,,,,FA,FA,FA,FA,PREDRAFT,4,0,0,0,0,True,False
12571,Mike Green,DL,BAL,True,Active,,,ROLB,2,FA,FA,FA,FA,PREDRAFT,4,0,0,0,0,True,False
12405,Mike Thompson,DL,,True,Active,,,,,FA,FA,FA,FA,PREDRAFT,4,0,0,0,0,True,False
11754,Mohamed Kamara,DL,TB,True,Inactive,IR,,LB,,FA,FA,FA,FA,PREDRAFT,4,0,0,0,0,True,False
13622,Monkell Goodwine,DL,,True,Active,,,,,FA,FA,FA,FA,PREDRAFT,4,0,0,0,0,True,False
8291,Myjai Sanders,DL,,True,Active,,,,,FA,FA,FA,FA,PREDRAFT,4,0,0,0,0,True,False
12602,Mykel Williams,DL,SF,True,Active,PUP,,RDE,1,FA,FA,FA,FA,PREDRAFT,4,0,0,0,0,True,False
12195,Myles Murphy,DL,,True,Active,,,,,FA,FA,FA,FA,PREDRAFT,4,0,0,0,0,True,False
10875,Myles Murphy,DL,CIN,True,Active,Questionable,,LDE,1,FA,FA,FA,FA,PREDRAFT,4,0,0,0,0,True,False
8338,Myron Tagovailoa-Amosa,DL,,True,Inactive,,,,,FA,FA,FA,FA,PREDRAFT,4,0,0,0,0,True,False
7450,Nasir Player,DL,,True,Active,,,,,FA,FA,FA,FA,PREDRAFT,4,0,0,0,0,True,False
12155,Nate Lynn,DL,NYJ,True,Active,,,,,FA,FA,FA,FA,PREDRAFT,4,0,0,0,0,True,False
12927,Nazir Stackhouse,DL,TEN,True,Active,,,RDT,3,FA,FA,FA,FA,PREDRAFT,4,0,0,0,0,True,False
8307,Neil Farrell,DL,,True,Active,,,,,FA,FA,FA,FA,PREDRAFT,4,0,0,0,0,True,False
12562,Nic Scourton,DL,CAR,True,Inactive,IR,,LB,,FA,FA,FA,FA,PREDRAFT,4,0,0,0,0,True,False
11877,Noah Shannon,DL,,True,Active,,,,,FA,FA,FA,FA,PREDRAFT,4,0,0,0,0,True,False
11936,Norell Pollard,DL,,True,Active,,,,,FA,FA,FA,FA,PREDRAFT,4,0,0,0,0,True,False
14004,Nuer Gatkuoth,DL,,True,Active,,,,,FA,FA,FA,FA,PREDRAFT,4,0,0,0,0,True,False
12583,Oluwafemi Oladejo,DL,TEN,True,Active,,,RDE,3,FA,FA,FA,FA,PREDRAFT,4,0,0,0,0,True,False
8331,Otito Ogbonnia,DL,DAL,True,Active,,,LDE,1,FA,FA,FA,FA,PREDRAFT,4,0,0,0,0,True,False
11926,Owen Porter,DL,,True,Active,,,,,FA,FA,FA,FA,PREDRAFT,4,0,0,0,0,True,False
13223,Patrick Jenkins,DL,,True,Active,,,,,FA,FA,FA,FA,PREDRAFT,4,0,0,0,0,True,False
13883,Payton Zdroik,DL,,True,Active,,,,,FA,FA,FA,FA,PREDRAFT,4,0,0,0,0,True,False
8279,Perrion Winfrey,DL,,True,Active,,,,,FA,FA,FA,FA,PREDRAFT,4,0,0,0,0,True,False
13390,Peter Woods,DL,KC,True,Active,,,LDT,2,FA,FA,FA,FA,PREDRAFT,4,0,0,0,0,True,False
12172,Pheldarius Payne,DL,,True,Active,,,,,FA,FA,FA,FA,PREDRAFT,4,0,0,0,0,True,False
8273,Phidarian Mathis,DL,BUF,True,Active,Sus,,NT,3,FA,FA,FA,FA,PREDRAFT,4,0,0,0,0,True,False
13169,Philip Blidi,DL,,True,Active,,,,,FA,FA,FA,FA,PREDRAFT,4,0,0,0,0,True,False
12263,Philip Ossai,DL,,True,Active,,,,,FA,FA,FA,FA,PREDRAFT,4,0,0,0,0,True,False
13699,Prince Dorbah,DL,,True,Active,,,,,FA,FA,FA,FA,PREDRAFT,4,0,0,0,0,True,False
12610,Princely Umanmielen,DL,CAR,True,Active,,,LOLB,2,FA,FA,FA,FA,PREDRAFT,4,0,0,0,0,True,False
12307,Quentin Bivens,DL,,True,Active,,,,,FA,FA,FA,FA,PREDRAFT,4,0,0,0,0,True,False
13648,Quindarius Dunnigan,DL,,True,Active,,,,,FA,FA,FA,FA,PREDRAFT,4,0,0,0,0,True,False
13372,R Mason Thomas,DL,KC,True,Active,Questionable,,LDE,2,FA,FA,FA,FA,PREDRAFT,4,0,0,0,0,True,False
12023,Rason Williams,DL,,True,Active,,,,,FA,FA,FA,FA,PREDRAFT,4,0,0,0,0,True,False
12982,Remario-DUP Steppings-DUP,DL,,True,Active,,,,,FA,FA,FA,FA,PREDRAFT,4,0,0,0,0,True,False
13815,Rene Konga,DL,MIA,True,Inactive,IR,,DL,,FA,FA,FA,FA,PREDRAFT,4,0,0,0,0,True,False
6422,Ricky Walker,DL,,True,Inactive,,,,,FA,FA,FA,FA,PREDRAFT,4,0,0,0,0,True,False
13934,Rodney McGraw,DL,,True,Active,,,,,FA,FA,FA,FA,PREDRAFT,4,0,0,0,0,True,False
13340,Rueben Bain,DL,TB,True,Active,Questionable,,LOLB,1,FA,FA,FA,FA,PREDRAFT,4,0,0,0,0,True,False
12680,Rylie Mills,DL,SEA,True,Active,,,RDE,2,FA,FA,FA,FA,PREDRAFT,4,0,0,0,0,True,False
8368,Sam Williams,DL,CLE,True,Active,,,RDE,2,FA,FA,FA,FA,PREDRAFT,4,0,0,0,0,True,False
13993,Samuel Dankah,DL,,True,Active,,,,,FA,FA,FA,FA,PREDRAFT,4,0,0,0,0,True,False
13073,Sebastian Valdez,DL,SF,True,Active,,,,,FA,FA,FA,FA,PREDRAFT,4,0,0,0,0,True,False
12560,Shemar Stewart,DL,CIN,True,Active,Questionable,,RDE,2,FA,FA,FA,FA,PREDRAFT,4,0,0,0,0,True,False
10931,Siaki Ika,DL,,True,Active,,,,,FA,FA,FA,FA,PREDRAFT,4,0,0,0,0,True,False
13987,Smith Vilbert,DL,,True,Active,,,,,FA,FA,FA,FA,PREDRAFT,4,0,0,0,0,True,False
11181,Spencer Waege,DL,,True,Active,,,,,FA,FA,FA,FA,PREDRAFT,4,0,0,0,0,True,False
11691,T'Vondre Sweat,DL,NYJ,True,Active,,,NT,1,FA,FA,FA,FA,PREDRAFT,4,0,0,0,0,True,False
13660,T.J. Bollers,DL,JAX,True,Active,,,,,FA,FA,FA,FA,PREDRAFT,4,0,0,0,0,True,False
13036,T.J. Jackson,DL,,True,Active,,,,,FA,FA,FA,FA,PREDRAFT,4,0,0,0,0,True,False
12612,T.J. Sanders,DL,BUF,True,Active,,,LDE,1,FA,FA,FA,FA,PREDRAFT,4,0,0,0,0,True,False
11852,TJ Franklin,DL,,True,Active,,,,,FA,FA,FA,FA,PREDRAFT,4,0,0,0,0,True,False
11096,TK McLendon,DL,,True,Active,,,,,FA,FA,FA,FA,PREDRAFT,4,0,0,0,0,True,False
11930,Taki Taimani,DL,MIN,True,Inactive,IR,,DL,,FA,FA,FA,FA,PREDRAFT,4,0,0,0,0,True,False
13991,Tamatoa McDonough,DL,,True,Active,,,,,FA,FA,FA,FA,PREDRAFT,4,0,0,0,0,True,False
11497,Tautala Pesefea,DL,,True,Inactive,,,,,FA,FA,FA,FA,PREDRAFT,4,0,0,0,0,True,False
12801,TeRah Edwards,DL,CAR,True,Active,,,NT,3,FA,FA,FA,FA,PREDRAFT,4,0,0,0,0,True,False
11124,Terrance Lang,DL,,True,Active,,,,,FA,FA,FA,FA,PREDRAFT,4,0,0,0,0,True,False
13631,Terry Webb,DL,LAC,True,Active,,,,,FA,FA,FA,FA,PREDRAFT,4,0,0,0,0,True,False
5232,Tevin Lawson,DL,,True,Active,,,,,FA,FA,FA,FA,PREDRAFT,4,0,0,0,0,True,False
8380,Thomas Booker,DL,LV,True,Active,,,LDE,1,FA,FA,FA,FA,PREDRAFT,4,0,0,0,0,True,False
6734,Thomas Costigan,DL,,True,Active,,,,,FA,FA,FA,FA,PREDRAFT,4,0,0,0,0,True,False
12691,Tim Smith,DL,IND,True,Active,,,LDT,3,FA,FA,FA,FA,PREDRAFT,4,0,0,0,0,True,False
11853,Tomari Fox,DL,,True,Active,,,,,FA,FA,FA,FA,PREDRAFT,4,0,0,0,0,True,False
13137,Trace Ford,DL,NYG,True,Active,,,,,FA,FA,FA,FA,PREDRAFT,4,0,0,0,0,True,False
11953,Tramel Walthour,DL,,True,Active,,,,,FA,FA,FA,FA,PREDRAFT,4,0,0,0,0,True,False
11054,Travis Bell,DL,CLE,True,Inactive,IR,,DL,,FA,FA,FA,FA,PREDRAFT,4,0,0,0,0,True,False
8400,Travis Jones,DL,BAL,True,Active,,,NT,1,FA,FA,FA,FA,PREDRAFT,4,0,0,0,0,True,False
8265,Travon Walker,DL,JAX,True,Active,,,LDE,1,FA,FA,FA,FA,PREDRAFT,4,0,0,0,0,True,False
11976,Tre Colbert,DL,,True,Active,,,,,FA,FA,FA,FA,PREDRAFT,4,0,0,0,0,True,False
13182,Tre'vonn Rybka,DL,,True,Active,,,,,FA,FA,FA,FA,PREDRAFT,4,0,0,0,0,True,False
13016,Treven Ma'ae,DL,,True,Active,,,,,FA,FA,FA,FA,PREDRAFT,4,0,0,0,0,True,False
12136,Tuli Letuligasenoa,DL,,True,Active,,,,,FA,FA,FA,FA,PREDRAFT,4,0,0,0,0,True,False
10898,Tuli Tuipulotu,DL,LAC,True,Active,,,LOLB,1,FA,FA,FA,FA,PREDRAFT,4,0,0,0,0,True,False
12554,Tyleik Williams,DL,DET,True,Active,,,LDT,1,FA,FA,FA,FA,PREDRAFT,4,0,0,0,0,True,False
12608,Tyler Batty,DL,MIN,True,Inactive,IR,,LB,,FA,FA,FA,FA,PREDRAFT,4,0,0,0,0,True,False
11909,Tyler Manoa,DL,,True,Active,,,,,FA,FA,FA,FA,PREDRAFT,4,0,0,0,0,True,False
8315,Tyree Johnson,DL,,True,Active,,,,,FA,FA,FA,FA,PREDRAFT,4,0,0,0,0,True,False
8336,Tyreke Smith,DL,KC,True,Active,,,,,FA,FA,FA,FA,PREDRAFT,4,0,0,0,0,True,False
10942,Viliami Fehoko,DL,,True,Active,,,,,FA,FA,FA,FA,PREDRAFT,4,0,0,0,0,True,False
12552,Walter Nolen,DL,ARI,True,Active,,,LDE,1,FA,FA,FA,FA,PREDRAFT,4,0,0,0,0,True,False
12704,Warren Brinson,DL,GB,True,Active,Questionable,,LDE,2,FA,FA,FA,FA,PREDRAFT,4,0,0,0,0,True,False
13180,Warren Peeples,DL,,True,Active,,,,,FA,FA,FA,FA,PREDRAFT,4,0,0,0,0,True,False
13808,Wesley Bailey,DL,LAR,True,Active,,,LOLB,3,FA,FA,FA,FA,PREDRAFT,4,0,0,0,0,True,False
10892,Will Anderson,DL,HOU,True,Active,,,LDE,1,FA,FA,FA,FA,PREDRAFT,4,0,0,0,0,True,False
13044,Wy'Kevious Thomas,DL,,True,Active,,,,,FA,FA,FA,FA,PREDRAFT,4,0,0,0,0,True,False
14032,Xavier Holmes,DL,,True,Active,,,,,FA,FA,FA,FA,PREDRAFT,4,0,0,0,0,True,False
10921,Yaya Diaby,DL,TB,True,Active,,,ROLB,1,FA,FA,FA,FA,PREDRAFT,4,0,0,0,0,True,False
10924,Zacch Pickens,DL,,True,Active,,,,,FA,FA,FA,FA,PREDRAFT,4,0,0,0,0,True,False
8295,Zach Carter,DL,ARI,True,Inactive,IR,,LDE,3,FA,FA,FA,FA,PREDRAFT,4,0,0,0,0,True,False
11346,Zach Morton,DL,,True,Active,,,,,FA,FA,FA,FA,PREDRAFT,4,0,0,0,0,True,False
12720,Zeek Biggers,DL,MIA,True,Active,,,RDT,2,FA,FA,FA,FA,PREDRAFT,4,0,0,0,0,True,False
11798,Zion Logue,DL,,True,Active,,,,,FA,FA,FA,FA,PREDRAFT,4,0,0,0,0,True,False
13927,Zxavian Harris,DL,,True,Active,Questionable,,,,FA,FA,FA,FA,PREDRAFT,4,0,0,0,0,True,False
3218,A'Shawn Robinson,DT,TB,True,Active,,,RDE,1,FA,FA,FA,FA,PREDRAFT,4,0,0,0,0,True,False
7194,Aaron Crawford,DT,,True,Active,,,,,FA,FA,FA,FA,PREDRAFT,4,0,0,0,0,True,False
2227,Aaron Donald,DT,LAR,True,Active,,,NT,1,FA,FA,FA,FA,PREDRAFT,4,0,0,0,0,True,False
13732,Aaron Graves,DT,,True,Active,,,,,FA,FA,FA,FA,PREDRAFT,4,0,0,0,0,True,False
13706,Aaron Hall,DT,CAR,True,Active,,,LDE,2,FA,FA,FA,FA,PREDRAFT,4,0,0,0,0,True,False
1663,Abry Jones,DT,,True,Injured Reserve,,,,,FA,FA,FA,FA,PREDRAFT,4,0,0,0,0,True,False
4415,Adam Butler,DT,LV,True,Active,,,NT,1,FA,FA,FA,FA,PREDRAFT,4,0,0,0,0,True,False
13104,Adin Huntington,DT,CLE,True,Active,,,LDT,3,FA,FA,FA,FA,PREDRAFT,4,0,0,0,0,True,False
12696,Aeneas Peebles,DT,BAL,True,Active,Questionable,,RDE,2,FA,FA,FA,FA,PREDRAFT,4,0,0,0,0,True,False
4913,Aiulua Fanene,DT,GB,True,Active,,,,,FA,FA,FA,FA,PREDRAFT,4,0,0,0,0,True,False
1562,Akeem Spence,DT,,True,Active,,,,,FA,FA,FA,FA,PREDRAFT,4,0,0,0,0,True,False
8598,Akial Byers,DT,,True,Active,,,,,FA,FA,FA,FA,PREDRAFT,4,0,0,0,0,True,False
1186,Akiem Hicks,DT,,True,Active,,,,,FA,FA,FA,FA,PREDRAFT,4,0,0,0,0,True,False
754,Al Woods,DT,,True,Active,,,,,FA,FA,FA,FA,PREDRAFT,4,0,0,0,0,True,False
6026,Albert Huggins,DT,,True,Active,,,,,FA,FA,FA,FA,PREDRAFT,4,0,0,0,0,True,False
13476,Albert Regis,DT,JAX,True,Active,,,LDT,2,FA,FA,FA,FA,PREDRAFT,4,0,0,0,0,True,False
12425,Alex Gubner,DT,,True,Active,,,,,FA,FA,FA,FA,PREDRAFT,4,0,0,0,0,True,False
12873,Alex Huntley,DT,,True,Active,,,,,FA,FA,FA,FA,PREDRAFT,4,0,0,0,0,True,False
13899,Amari McNeill,DT,,True,Active,,,,,FA,FA,FA,FA,PREDRAFT,4,0,0,0,0,True,False
3207,Andrew Billings,DT,ARI,True,Active,,,NT,2,FA,FA,FA,FA,PREDRAFT,4,0,0,0,0,True,False
5077,Andrew Brown,DT,,True,Active,,,,,FA,FA,FA,FA,PREDRAFT,4,0,0,0,0,True,False
6366,Andrew Williams,DT,,True,Active,,,,,FA,FA,FA,FA,PREDRAFT,4,0,0,0,0,True,False
13869,Anquin Barnes,DT,,True,Active,,,,,FA,FA,FA,FA,PREDRAFT,4,0,0,0,0,True,False
13552,Anterio Thompson,DT,ATL,True,Active,PUP,,RDE,3,FA,FA,FA,FA,PREDRAFT,4,0,0,0,0,True,False
12991,Anthony Booker,DT,,True,Active,,,,,FA,FA,FA,FA,PREDRAFT,4,0,0,0,0,True,False
13224,Anthony Campbell,DT,GB,True,Active,,,RDE,3,FA,FA,FA,FA,PREDRAFT,4,0,0,0,0,True,False
11392,Anthony Montalvo,DT,,True,Active,,,,,FA,FA,FA,FA,PREDRAFT,4,0,0,0,0,True,False
6542,Anthony Rush,DT,,True,Active,,,,,FA,FA,FA,FA,PREDRAFT,4,0,0,0,0,True,False
8766,Antonio Valentino,DT,,True,Active,,,,,FA,FA,FA,FA,PREDRAFT,4,0,0,0,0,True,False
3479,Antwaun Woods,DT,,True,Inactive,,,,,FA,FA,FA,FA,PREDRAFT,4,0,0,0,0,True,False
11485,Antwuan Jackson,DT,,True,Active,,,,,FA,FA,FA,FA,PREDRAFT,4,0,0,0,0,True,False
6186,Armon Watts,DT,,True,Active,,,,,FA,FA,FA,FA,PREDRAFT,4,0,0,0,0,True,False
2728,Ashaad Mabry,DT,,True,Active,,,,,FA,FA,FA,FA,PREDRAFT,4,0,0,0,0,True,False
7866,Austin Faoliu,DT,,True,Active,,,,,FA,FA,FA,FA,PREDRAFT,4,0,0,0,0,True,False
3560,Austin Johnson,DT,,True,Active,,,,,FA,FA,FA,FA,PREDRAFT,4,0,0,0,0,True,False
7276,Auzoyah Alufohai,DT,,True,Active,,,,,FA,FA,FA,FA,PREDRAFT,4,0,0,0,0,True,False
3511,Aziz Shittu,DT,,True,Inactive,,,,,FA,FA,FA,FA,PREDRAFT,4,0,0,0,0,True,False
5020,B.J. Hill,DT,CIN,True,Active,,,LDT,2,FA,FA,FA,FA,PREDRAFT,4,0,0,0,0,True,False
8850,Ben Stille,DT,DET,True,Active,,,,,FA,FA,FA,FA,PREDRAFT,4,0,0,0,0,True,False
6999,Benito Jones,DT,,True,Active,,,,,FA,FA,FA,FA,PREDRAFT,4,0,0,0,0,True,False
7456,Benning Potoa'e,DT,,True,Active,,,,,FA,FA,FA,FA,PREDRAFT,4,0,0,0,0,True,False
5302,Bilal Nichols,DT,,True,Active,Questionable,,,,FA,FA,FA,FA,PREDRAFT,4,0,0,0,0,True,False
7369,Bill Murray,DT,LAR,True,Active,,,OL,,FA,FA,FA,FA,PREDRAFT,4,0,0,0,0,True,False
1086,Billy Winn,DT,,True,Inactive,,,,,FA,FA,FA,FA,PREDRAFT,4,0,0,0,0,True,False
7722,Bobby Brown,DT,CAR,True,Active,,,NT,1,FA,FA,FA,FA,PREDRAFT,4,0,0,0,0,True,False
6404,Boogie Roberts,DT,,True,Inactive,,,,,FA,FA,FA,FA,PREDRAFT,4,0,0,0,0,True,False
3785,Brandin Bryant,DT,,True,Active,,,,,FA,FA,FA,FA,PREDRAFT,4,0,0,0,0,True,False
13571,Brandon Cleveland,DT,LV,True,Active,,,,,FA,FA,FA,FA,PREDRAFT,4,0,0,0,0,True,False
11396,Brandon Pili,DT,SEA,True,Active,Questionable,,NT,2,FA,FA,FA,FA,PREDRAFT,4,0,0,0,0,True,False
1383,Brandon Williams,DT,,True,Active,,,,,FA,FA,FA,FA,PREDRAFT,4,0,0,0,0,True,False
7124,Bravvion Roy,DT,,True,Active,,,,,FA,FA,FA,FA,PREDRAFT,4,0,0,0,0,True,False
6602,Braxton Hoyett,DT,,True,Active,,,,,FA,FA,FA,FA,PREDRAFT,4,0,0,0,0,True,False
3728,Brian Price,DT,,True,Injured Reserve,,,,,FA,FA,FA,FA,PREDRAFT,4,0,0,0,0,True,False
7122,Broderick Washington,DT,BAL,True,Active,,,RDE,1,FA,FA,FA,FA,PREDRAFT,4,0,0,0,0,True,False
10928,Brodric Martin-Rhodes,DT,,True,Active,,,,,FA,FA,FA,FA,PREDRAFT,4,0,0,0,0,True,False
10874,Bryan Bresee,DT,NO,True,Inactive,IR,,DL,,FA,FA,FA,FA,PREDRAFT,4,0,0,0,0,True,False
6494,Bryan Mone,DT,,True,Active,,,,,FA,FA,FA,FA,PREDRAFT,4,0,0,0,0,True,False
8662,Bryce Rodgers,DT,,True,Active,,,,,FA,FA,FA,FA,PREDRAFT,4,0,0,0,0,True,False
6006,Byron Cowart,DT,WAS,True,Active,,,,,FA,FA,FA,FA,PREDRAFT,4,0,0,0,0,True,False
8898,C.J. Brewer,DT,,True,Active,,,,,FA,FA,FA,FA,PREDRAFT,4,0,0,0,0,True,False
12649,C.J. West,DT,SF,True,Active,,,LDT,2,FA,FA,FA,FA,PREDRAFT,4,0,0,0,0,True,False
8913,Caeveon Patton,DT,,True,Active,,,,,FA,FA,FA,FA,PREDRAFT,4,0,0,0,0,True,False
13445,Caleb Banks,DT,MIN,True,Active,,,LDE,1,FA,FA,FA,FA,PREDRAFT,4,0,0,0,0,True,False
11294,Caleb Sampson,DT,,True,Active,,,,,FA,FA,FA,FA,PREDRAFT,4,0,0,0,0,True,False
11549,Caleb Sanders,DT,,True,Active,,,,,FA,FA,FA,FA,PREDRAFT,4,0,0,0,0,True,False
11078,Calvin Avery,DT,,True,Active,,,,,FA,FA,FA,FA,PREDRAFT,4,0,0,0,0,True,False
13058,Cam Horsley,DT,ARI,True,Active,,,,,FA,FA,FA,FA,PREDRAFT,4,0,0,0,0,True,False
12682,Cam Jackson,DT,CAR,True,Active,,,NT,2,FA,FA,FA,FA,PREDRAFT,4,0,0,0,0,True,False
2740,Camaron Beard,DT,,True,Active,,,,,FA,FA,FA,FA,PREDRAFT,4,0,0,0,0,True,False
13784,Cameron Ball,DT,IND,True,Active,,,,,FA,FA,FA,FA,PREDRAFT,4,0,0,0,0,True,False
843,Cameron Heyward,DT,PIT,True,Active,,,RDE,1,FA,FA,FA,FA,PREDRAFT,4,0,0,0,0,True,False
10945,Cameron Young,DT,,True,Active,,,,,FA,FA,FA,FA,PREDRAFT,4,0,0,0,0,True,False
2126,Caraun Reid,DT,LAC,True,Active,,,,,FA,FA,FA,FA,PREDRAFT,4,0,0,0,0,True,False
2395,Carl Davis,DT,,True,Active,,,,,FA,FA,FA,FA,PREDRAFT,4,0,0,0,0,True,False
2791,Carlif Taylor,DT,,True,Active,,,,,FA,FA,FA,FA,PREDRAFT,4,0,0,0,0,True,False
13701,Carlos Allen,DT,ATL,True,Active,,,,,FA,FA,FA,FA,PREDRAFT,4,0,0,0,0,True,False
6995,Carlos Davis,DT,,True,Active,,,,,FA,FA,FA,FA,PREDRAFT,4,0,0,0,0,True,False
4837,Carlos Davis,DT,,True,Active,,,,,FA,FA,FA,FA,PREDRAFT,4,0,0,0,0,True,False
5628,Cavon Walker,DT,,True,Inactive,,,,,FA,FA,FA,FA,PREDRAFT,4,0,0,0,0,True,False
7491,Cedrick Lattimore,DT,,True,Active,,,,,FA,FA,FA,FA,PREDRAFT,4,0,0,0,0,True,False
4935,Charles Walker,DT,PHI,True,Active,,,,,FA,FA,FA,FA,PREDRAFT,4,0,0,0,0,True,False
3558,Chris Jones,DT,KC,True,Active,,,LDT,1,FA,FA,FA,FA,PREDRAFT,4,0,0,0,0,True,False
13468,Chris McClellan,DT,GB,True,Active,,,RDE,2,FA,FA,FA,FA,PREDRAFT,4,0,0,0,0,True,False
5696,Chris Okoye,DT,,True,Active,,,,,FA,FA,FA,FA,PREDRAFT,4,0,0,0,0,True,False
6174,Chris Slayton,DT,,True,Active,,,,,FA,FA,FA,FA,PREDRAFT,4,0,0,0,0,True,False
7283,Chris Williams,DT,CLE,True,Active,,,,,FA,FA,FA,FA,PREDRAFT,4,0,0,0,0,True,False
4101,Chris Wormley,DT,,True,Active,,,,,FA,FA,FA,FA,PREDRAFT,4,0,0,0,0,True,False
7664,Christian Barmore,DT,NE,True,Active,,,RDE,1,FA,FA,FA,FA,PREDRAFT,4,0,0,0,0,True,False
2517,Christian Covington,DT,LAC,True,Active,,,,,FA,FA,FA,FA,PREDRAFT,4,0,0,0,0,True,False
2511,Christian Ringo,DT,,True,Active,,,,,FA,FA,FA,FA,PREDRAFT,4,0,0,0,0,True,False
6120,Christian Wilkins,DT,,True,Active,Questionable,,,,FA,FA,FA,FA,PREDRAFT,4,0,0,0,0,True,False
13900,Cole Brevard,DT,KC,True,Active,,,,,FA,FA,FA,FA,PREDRAFT,4,0,0,0,0,True,False
3518,Connor Wujciak,DT,,True,Active,,,,,FA,FA,FA,FA,PREDRAFT,4,0,0,0,0,True,False
894,Corey Liuget,DT,,True,Inactive,,,,,FA,FA,FA,FA,PREDRAFT,4,0,0,0,0,True,False
608,Corey Peters,DT,,True,Active,,,,,FA,FA,FA,FA,PREDRAFT,4,0,0,0,0,True,False
6300,Cortez Broughton,DT,,True,Active,,,,,FA,FA,FA,FA,PREDRAFT,4,0,0,0,0,True,False
11338,Cory Durden,DT,NE,True,Active,,,NT,1,FA,FA,FA,FA,PREDRAFT,4,0,0,0,0,True,False
6599,Cory Thomas,DT,,True,Active,,,,,FA,FA,FA,FA,PREDRAFT,4,0,0,0,0,True,False
7495,Courtney Wallace,DT,,True,Active,,,,,FA,FA,FA,FA,PREDRAFT,4,0,0,0,0,True,False
13114,Coziah Izzard,DT,,True,Active,,,,,FA,FA,FA,FA,PREDRAFT,4,0,0,0,0,True,False
8490,Curtis Brooks,DT,,True,Active,,,,,FA,FA,FA,FA,PREDRAFT,4,0,0,0,0,True,False
4278,D.J. Jones,DT,DEN,True,Active,,,NT,1,FA,FA,FA,FA,PREDRAFT,4,0,0,0,0,True,False
11401,DJ Dale,DT,,True,Active,,,,,FA,FA,FA,FA,PREDRAFT,4,0,0,0,0,True,False
3322,DJ Reader,DT,NYG,True,Active,,,NT,1,FA,FA,FA,FA,PREDRAFT,4,0,0,0,0,True,False
13759,DJ Withers,DT,,True,Active,,,,,FA,FA,FA,FA,PREDRAFT,4,0,0,0,0,True,False
5351,Da'Shawn Hand,DT,ATL,True,Active,,,LDE,1,FA,FA,FA,FA,PREDRAFT,4,0,0,0,0,True,False
1932,DaQuan Jones,DT,,True,Active,,,,,FA,FA,FA,FA,PREDRAFT,4,0,0,0,0,True,False
6972,DaVon Hamilton,DT,JAX,True,Active,,,LDT,1,FA,FA,FA,FA,PREDRAFT,4,0,0,0,0,True,False
4092,Dalvin Tomlinson,DT,LAC,True,Active,,,NT,1,FA,FA,FA,FA,PREDRAFT,4,0,0,0,0,True,False
8545,Damion Daniels,DT,,True,Active,,,,,FA,FA,FA,FA,PREDRAFT,4,0,0,0,0,True,False
1334,Damion Square,DT,CIN,True,Active,,,,,FA,FA,FA,FA,PREDRAFT,4,0,0,0,0,True,False
1053,Damon Harrison,DT,,True,Injured Reserve,,,,,FA,FA,FA,FA,PREDRAFT,4,0,0,0,0,True,False
13902,Damon Payne,DT,,True,Active,,,,,FA,FA,FA,FA,PREDRAFT,4,0,0,0,0,True,False
13671,Damonic Williams,DT,ARI,True,Active,,,,,FA,FA,FA,FA,PREDRAFT,4,0,0,0,0,True,False
8054,Daniel Archibong,DT,,True,Active,,,,,FA,FA,FA,FA,PREDRAFT,4,0,0,0,0,True,False
5532,Daniel Ekuale,DT,,True,Active,Questionable,,,,FA,FA,FA,FA,PREDRAFT,4,0,0,0,0,True,False
1921,Daniel McCullers,DT,,True,Inactive,,,,,FA,FA,FA,FA,PREDRAFT,4,0,0,0,0,True,False
4617,Daniel Ross,DT,,True,Active,,,,,FA,FA,FA,FA,PREDRAFT,4,0,0,0,0,True,False
6423,Daniel Wise,DT,,True,Active,,,,,FA,FA,FA,FA,PREDRAFT,4,0,0,0,0,True,False
2317,Danny Shelton,DT,,True,Active,,,,,FA,FA,FA,FA,PREDRAFT,4,0,0,0,0,True,False
11015,Dante Stills,DT,ARI,True,Active,,,RDE,2,FA,FA,FA,FA,PREDRAFT,4,0,0,0,0,True,False
2504,Darius Kilgo,DT,,True,Active,,,,,FA,FA,FA,FA,PREDRAFT,4,0,0,0,0,True,False
2493,Darius Philon,DT,,True,Active,,,,,FA,FA,FA,FA,PREDRAFT,4,0,0,0,0,True,False
7991,Darius Stills,DT,,True,Active,,,,,FA,FA,FA,FA,PREDRAFT,4,0,0,0,0,True,False
4976,Daron Payne,DT,WAS,True,Active,,,RDE,1,FA,FA,FA,FA,PREDRAFT,4,0,0,0,0,True,False
13504,Darrell Jackson,DT,NYJ,True,Active,,,NT,2,FA,FA,FA,FA,PREDRAFT,4,0,0,0,0,True,False
6975,Darrion Daniels,DT,,True,Active,,,,,FA,FA,FA,FA,PREDRAFT,4,0,0,0,0,True,False
12409,Dashaun Mallory,DT,,True,Active,,,,,FA,FA,FA,FA,PREDRAFT,4,0,0,0,0,True,False
1526,Datone Jones,DT,,True,Active,,,,,FA,FA,FA,FA,PREDRAFT,4,0,0,0,0,True,False
7410,David Bada,DT,,True,Inactive,,,,,FA,FA,FA,FA,PREDRAFT,4,0,0,0,0,True,False
13829,David Blay,DT,,True,Active,,,,,FA,FA,FA,FA,PREDRAFT,4,0,0,0,0,True,False
3430,David Dean,DT,,True,Active,,,,,FA,FA,FA,FA,PREDRAFT,4,0,0,0,0,True,False
7362,David Moa,DT,,True,Active,,,,,FA,FA,FA,FA,PREDRAFT,4,0,0,0,0,True,False
3628,David Moala,DT,,True,Active,,,,,FA,FA,FA,FA,PREDRAFT,4,0,0,0,0,True,False
3281,David Onyemata,DT,NYJ,True,Active,,,LDE,1,FA,FA,FA,FA,PREDRAFT,4,0,0,0,0,True,False
7832,Daviyon Nixon,DT,,True,Active,,,,,FA,FA,FA,FA,PREDRAFT,4,0,0,0,0,True,False
4207,Davon Godchaux,DT,NO,True,Active,,,NT,1,FA,FA,FA,FA,PREDRAFT,4,0,0,0,0,True,False
6048,Daylon Mack,DT,,True,Inactive,,,,,FA,FA,FA,FA,PREDRAFT,4,0,0,0,0,True,False
12349,Daymond Williams,DT,,True,Active,,,,,FA,FA,FA,FA,PREDRAFT,4,0,0,0,0,True,False
3172,DeForest Buckner,DT,IND,True,Active,,,RDT,1,FA,FA,FA,FA,PREDRAFT,4,0,0,0,0,True,False
13519,DeMonte Capehart,DT,TB,True,Active,,,NT,2,FA,FA,FA,FA,PREDRAFT,4,0,0,0,0,True,False
5491,DeQuinton Osborne,DT,,True,Active,,,,,FA,FA,FA,FA,PREDRAFT,4,0,0,0,0,True,False
2827,DeShawn Williams,DT,,True,Active,,,,,FA,FA,FA,FA,PREDRAFT,4,0,0,0,0,True,False
11706,DeWayne Carter,DT,BUF,True,Active,,,NT,2,FA,FA,FA,FA,PREDRAFT,4,0,0,0,0,True,False
5042,Deadrin Senat,DT,,True,Active,,,,,FA,FA,FA,FA,PREDRAFT,4,0,0,0,0,True,False
3413,Delvon Simmons,DT,,True,Active,,,,,FA,FA,FA,FA,PREDRAFT,4,0,0,0,0,True,False
5953,Demarcus Christmas,DT,,True,Active,,,,,FA,FA,FA,FA,PREDRAFT,4,0,0,0,0,True,False
8816,Demetrius Taylor,DT,,True,Active,,,,,FA,FA,FA,FA,PREDRAFT,4,0,0,0,0,True,False
12652,Deone Walker,DT,BUF,True,Active,,,NT,1,FA,FA,FA,FA,PREDRAFT,4,0,0,0,0,True,False
6784,Derrick Brown,DT,CAR,True,Active,Questionable,,LDE,1,FA,FA,FA,FA,PREDRAFT,4,0,0,0,0,True,False
3064,Derrick Lott,DT,,True,Active,,,,,FA,FA,FA,FA,PREDRAFT,4,0,0,0,0,True,False
5035,Derrick Nnadi,DT,,True,Active,,,,,FA,FA,FA,FA,PREDRAFT,4,0,0,0,0,True,False
8653,Derrick Tangelo,DT,,True,Inactive,,,,,FA,FA,FA,FA,PREDRAFT,4,0,0,0,0,True,False
11021,Desjuan Johnson,DT,LAR,True,Active,,,ROLB,2,FA,FA,FA,FA,PREDRAFT,4,0,0,0,0,True,False
4501,Devaroe Lawrence,DT,,True,Active,,,,,FA,FA,FA,FA,PREDRAFT,4,0,0,0,0,True,False
3450,Devaunte Sigler,DT,,True,Active,,,,,FA,FA,FA,FA,PREDRAFT,4,0,0,0,0,True,False
13563,Deven Eastern,DT,SEA,True,Active,,,,,FA,FA,FA,FA,PREDRAFT,4,0,0,0,0,True,False
13126,Devonte O'Malley,DT,,True,Active,,,,,FA,FA,FA,FA,PREDRAFT,4,0,0,0,0,True,False
5847,Dexter Lawrence,DT,CIN,True,Active,,,RDT,1,FA,FA,FA,FA,PREDRAFT,4,0,0,0,0,True,False
6584,Deyon Sizer,DT,,True,Active,,,,,FA,FA,FA,FA,PREDRAFT,4,0,0,0,0,True,False
8738,Dion Novil,DT,,True,Active,,,,,FA,FA,FA,FA,PREDRAFT,4,0,0,0,0,True,False
236,Domata Peko,DT,,True,Inactive,,,,,FA,FA,FA,FA,PREDRAFT,4,0,0,0,0,True,False
13464,Domonique Orange,DT,MIN,True,Active,,,NT,2,FA,FA,FA,FA,PREDRAFT,4,0,0,0,0,True,False
12427,Dondrea Tillman,DT,DEN,True,Active,,,ROLB,2,FA,FA,FA,FA,PREDRAFT,4,0,0,0,0,True,False
8564,Donovan Jeter,DT,,True,Active,,,,,FA,FA,FA,FA,PREDRAFT,4,0,0,0,0,True,False
1131,Dontari Poe,DT,,True,Active,,,,,FA,FA,FA,FA,PREDRAFT,4,0,0,0,0,True,False
7289,Doug Costin,DT,,True,Active,,,,,FA,FA,FA,FA,PREDRAFT,4,0,0,0,0,True,False
5458,Du'Vonta Lampkin,DT,,True,Active,,,,,FA,FA,FA,FA,PREDRAFT,4,0,0,0,0,True,False
13206,Dvon J-Thomas,DT,,True,Active,,,,,FA,FA,FA,FA,PREDRAFT,4,0,0,0,0,True,False
546,Earl Mitchell,DT,,True,Active,,,,,FA,FA,FA,FA,PREDRAFT,4,0,0,0,0,True,False
5841,Ed Oliver,DT,BUF,True,Active,,,RDE,1,FA,FA,FA,FA,PREDRAFT,4,0,0,0,0,True,False
2344,Eddie Goldman,DT,,True,Active,,,,,FA,FA,FA,FA,PREDRAFT,4,0,0,0,0,True,False
4121,Eddie Vanderdoes,DT,SF,True,Active,,,,,FA,FA,FA,FA,PREDRAFT,4,0,0,0,0,True,False
5563,Eddy Wilson,DT,,True,Active,,,,,FA,FA,FA,FA,PREDRAFT,4,0,0,0,0,True,False
4604,Eli Ankou,DT,,True,Active,,,,,FA,FA,FA,FA,PREDRAFT,4,0,0,0,0,True,False
12903,Eli Mostaert,DT,,True,Active,,,,,FA,FA,FA,FA,PREDRAFT,4,0,0,0,0,True,False
12319,Elijah Chatman,DT,CLE,True,Inactive,IR,,DL,,FA,FA,FA,FA,PREDRAFT,4,0,0,0,0,True,False
8736,Elijah Garcia,DT,DAL,True,Active,,,,,FA,FA,FA,FA,PREDRAFT,4,0,0,0,0,True,False
4268,Elijah Qualls,DT,,True,Active,,,,,FA,FA,FA,FA,PREDRAFT,4,0,0,0,0,True,False
12671,Elijah Roberts,DT,TB,True,Active,,,RDE,2,FA,FA,FA,FA,PREDRAFT,4,0,0,0,0,True,False
2737,Eric Crume,DT,,True,Active,,,,,FA,FA,FA,FA,PREDRAFT,4,0,0,0,0,True,False
12752,Eric Gregory,DT,NE,True,Active,,,,,FA,FA,FA,FA,PREDRAFT,4,0,0,0,0,True,False
8473,Eric Johnson,DT,,True,Active,,,,,FA,FA,FA,FA,PREDRAFT,4,0,0,0,0,True,False
2237,Ethan Westbrooks,DT,NO,True,Active,,,,,FA,FA,FA,FA,PREDRAFT,4,0,0,0,0,True,False
6250,Eurndraus Bryant,DT,,True,Inactive,NA,,,,FA,FA,FA,FA,PREDRAFT,4,0,0,0,0,True,False
5484,Filipo Mokofisi,DT,,True,Active,,,,,FA,FA,FA,FA,PREDRAFT,4,0,0,0,0,True,False
1027,Fletcher Cox,DT,,True,Active,,,,,FA,FA,FA,FA,PREDRAFT,4,0,0,0,0,True,False
5090,Folorunso Fatukasi,DT,LV,True,Active,,,NT,2,FA,FA,FA,FA,PREDRAFT,4,0,0,0,0,True,False
7931,Forrest Merrill,DT,,True,Inactive,,,,,FA,FA,FA,FA,PREDRAFT,4,0,0,0,0,True,False
6325,Fredrick Jones,DT,,True,Active,,,,,FA,FA,FA,FA,PREDRAFT,4,0,0,0,0,True,False
12071,Gabe Hall,DT,PHI,True,Active,,,,,FA,FA,FA,FA,PREDRAFT,4,0,0,0,0,True,False
2418,Gabe Wright,DT,WAS,True,Active,,,,,FA,FA,FA,FA,PREDRAFT,4,0,0,0,0,True,False
12420,Gable Steveson,DT,,True,Active,,,,,FA,FA,FA,FA,PREDRAFT,4,0,0,0,0,True,False
4482,Gabriel Mass,DT,,True,Active,,,,,FA,FA,FA,FA,PREDRAFT,4,0,0,0,0,True,False
13807,Gary Smith,DT,LV,True,Active,,,,,FA,FA,FA,FA,PREDRAFT,4,0,0,0,0,True,False
528,Geno Atkins,DT,,True,Active,,,,,FA,FA,FA,FA,PREDRAFT,4,0,0,0,0,True,False
8063,George Silvanic,DT,,True,Active,,,,,FA,FA,FA,FA,PREDRAFT,4,0,0,0,0,True,False
3455,Gerald Dixon,DT,,True,Active,,,,,FA,FA,FA,FA,PREDRAFT,4,0,0,0,0,True,False
619,Gerald McCoy,DT,,True,Active,,,,,FA,FA,FA,FA,PREDRAFT,4,0,0,0,0,True,False
8793,Glen Logan,DT,,True,Active,,,,,FA,FA,FA,FA,PREDRAFT,4,0,0,0,0,True,False
13501,Gracen Halton,DT,SF,True,Active,Questionable,,RDT,2,FA,FA,FA,FA,PREDRAFT,4,0,0,0,0,True,False
2592,Grady Jarrett,DT,CHI,True,Active,,,RDT,1,FA,FA,FA,FA,PREDRAFT,4,0,0,0,0,True,False
5981,Greg Gaines,DT,BUF,True,Active,,,RDE,3,FA,FA,FA,FA,PREDRAFT,4,0,0,0,0,True,False
5184,Greg Gilmore,DT,,True,Active,,,,,FA,FA,FA,FA,PREDRAFT,4,0,0,0,0,True,False
3498,Greg Milhouse,DT,,True,Active,,,,,FA,FA,FA,FA,PREDRAFT,4,0,0,0,0,True,False
4168,Grover Stewart,DT,IND,True,Active,,,LDT,1,FA,FA,FA,FA,PREDRAFT,4,0,0,0,0,True,False
5049,Harrison Phillips,DT,NYJ,True,Active,,,RDE,1,FA,FA,FA,FA,PREDRAFT,4,0,0,0,0,True,False
3277,Hassan Ridgeway,DT,,True,Active,,,,,FA,FA,FA,FA,PREDRAFT,4,0,0,0,0,True,False
8609,Hauati Pututau,DT,,True,Active,,,,,FA,FA,FA,FA,PREDRAFT,4,0,0,0,0,True,False
7182,Hinwa Allieu,DT,,True,Inactive,,,,,FA,FA,FA,FA,PREDRAFT,4,0,0,0,0,True,False
12751,Howard Cross,DT,CIN,True,Active,,,,,FA,FA,FA,FA,PREDRAFT,4,0,0,0,0,True,False
6601,Isaiah Mack,DT,,True,Active,,,,,FA,FA,FA,FA,PREDRAFT,4,0,0,0,0,True,False
8646,Israel Antwine,DT,,True,Active,,,,,FA,FA,FA,FA,PREDRAFT,4,0,0,0,0,True,False
12689,JJ Pegues,DT,LV,True,Active,,,RDE,2,FA,FA,FA,FA,PREDRAFT,4,0,0,0,0,True,False
11980,Ja'Mion Franklin,DT,,True,Active,,,,,FA,FA,FA,FA,PREDRAFT,4,0,0,0,0,True,False
8762,Jabari Ellis,DT,,True,Active,,,,,FA,FA,FA,FA,PREDRAFT,4,0,0,0,0,True,False
1136,Jack Crawford,DT,,True,Active,,,,,FA,FA,FA,FA,PREDRAFT,4,0,0,0,0,True,False
7880,Jack Heflin,DT,NYJ,True,Active,,,,,FA,FA,FA,FA,PREDRAFT,4,0,0,0,0,True,False
11795,Jaden Crumedy,DT,GB,True,Active,,,,,FA,FA,FA,FA,PREDRAFT,4,0,0,0,0,True,False
13163,Jahvaree Ritzie,DT,MIN,True,Active,,,,,FA,FA,FA,FA,PREDRAFT,4,0,0,0,0,True,False
4173,Jaleel Johnson,DT,,True,Active,,,,,FA,FA,FA,FA,PREDRAFT,4,0,0,0,0,True,False
6510,Jalen Dalton,DT,,True,Active,,,,,FA,FA,FA,FA,PREDRAFT,4,0,0,0,0,True,False
12620,Jamaree Caldwell,DT,LAC,True,Active,,,LDE,1,FA,FA,FA,FA,PREDRAFT,4,0,0,0,0,True,False
12175,James Ester,DT,,True,Inactive,Questionable,,,,FA,FA,FA,FA,PREDRAFT,4,0,0,0,0,True,False
6858,James Lynch,DT,CHI,True,Active,,,RDT,3,FA,FA,FA,FA,PREDRAFT,4,0,0,0,0,True,False
13656,James Thompson,DT,SF,True,Active,,,RDT,3,FA,FA,FA,FA,PREDRAFT,4,0,0,0,0,True,False
1874,Jamie Meder,DT,,True,Active,,,,,FA,FA,FA,FA,PREDRAFT,4,0,0,0,0,True,False
10989,Jaquelin Roy,DT,,True,Active,,,,,FA,FA,FA,FA,PREDRAFT,4,0,0,0,0,True,False
7934,Jared Goldwire,DT,,True,Active,,,,,FA,FA,FA,FA,PREDRAFT,4,0,0,0,0,True,False
13094,Jared Harrison-Hunte,DT,ARI,True,Active,,,,,FA,FA,FA,FA,PREDRAFT,4,0,0,0,0,True,False
3220,Jarran Reed,DT,SEA,True,Active,,,RDE,1,FA,FA,FA,FA,PREDRAFT,4,0,0,0,0,True,False
8083,Jarrod Hewitt,DT,,True,Active,,,,,FA,FA,FA,FA,PREDRAFT,4,0,0,0,0,True,False
7145,Jashon Cornell,DT,,True,Active,,,,,FA,FA,FA,FA,PREDRAFT,4,0,0,0,0,True,False
3256,Javon Hargrave,DT,GB,True,Active,,,NT,1,FA,FA,FA,FA,PREDRAFT,4,0,0,0,0,True,False
6792,Javon Kinlaw,DT,WAS,True,Active,,,LDE,1,FA,FA,FA,FA,PREDRAFT,4,0,0,0,0,True,False
13872,Jaxson Moi,DT,,True,Active,,,,,FA,FA,FA,FA,PREDRAFT,4,0,0,0,0,True,False
12737,Jay Toia,DT,,True,Active,,,,,FA,FA,FA,FA,PREDRAFT,4,0,0,0,0,True,False
7731,Jay Tufele,DT,,True,Active,,,,,FA,FA,FA,FA,PREDRAFT,4,0,0,0,0,True,False
13638,Jay'Viar Suggs,DT,NO,True,Active,,,,,FA,FA,FA,FA,PREDRAFT,4,0,0,0,0,True,False
13711,Jayden Loving,DT,CHI,True,Active,,,LDT,3,FA,FA,FA,FA,PREDRAFT,4,0,0,0,0,True,False
7797,Jaylen Twyman,DT,,True,Active,,,,,FA,FA,FA,FA,PREDRAFT,4,0,0,0,0,True,False
8910,Jayln Holmes,DT,,True,Active,,,,,FA,FA,FA,FA,PREDRAFT,4,0,0,0,0,True,False
12440,Jaylon Hutchings,DT,,True,Active,Questionable,,,,FA,FA,FA,FA,PREDRAFT,4,0,0,0,0,True,False
11141,Jayson Ademilola,DT,,True,Active,,,,,FA,FA,FA,FA,PREDRAFT,4,0,0,0,0,True,False
6125,Jeffery Simmons,DT,TEN,True,Active,,,LDT,1,FA,FA,FA,FA,PREDRAFT,4,0,0,0,0,True,False
7248,Jeffery Whatley,DT,,True,Active,,,,,FA,FA,FA,FA,PREDRAFT,4,0,0,0,0,True,False
8914,Jeremiah Pharms,DT,NE,True,Active,,,,,FA,FA,FA,FA,PREDRAFT,4,0,0,0,0,True,False
4799,Jeremy Faulk,DT,,True,Active,,,,,FA,FA,FA,FA,PREDRAFT,4,0,0,0,0,True,False
4674,Jeremy Liggins,DT,,True,Active,,,,,FA,FA,FA,FA,PREDRAFT,4,0,0,0,0,True,False
7925,Jerome Johnson,DT,,True,Active,,,,,FA,FA,FA,FA,PREDRAFT,4,0,0,0,0,True,False
11488,Jerron Cage,DT,,True,Active,,,,,FA,FA,FA,FA,PREDRAFT,4,0,0,0,0,True,False
6129,Jerry Tillery,DT,IND,True,Active,,,LDT,2,FA,FA,FA,FA,PREDRAFT,4,0,0,0,0,True,False
12359,Jett Stanley,DT,,True,Active,,,,,FA,FA,FA,FA,PREDRAFT,4,0,0,0,0,True,False
4333,Jhaustin Thomas,DT,,True,Active,,,,,FA,FA,FA,FA,PREDRAFT,4,0,0,0,0,True,False
12823,Joe Evans,DT,,True,Active,,,,,FA,FA,FA,FA,PREDRAFT,4,0,0,0,0,True,False
4236,Joey Ivie,DT,,True,Active,,,,,FA,FA,FA,FA,PREDRAFT,4,0,0,0,0,True,False
5659,John Atkins,DT,,True,Active,,,,,FA,FA,FA,FA,PREDRAFT,4,0,0,0,0,True,False
5466,John Franklin-Myers,DT,TEN,True,Active,,,RDT,1,FA,FA,FA,FA,PREDRAFT,4,0,0,0,0,True,False
1553,John Jenkins,DT,BAL,True,Active,,,NT,2,FA,FA,FA,FA,PREDRAFT,4,0,0,0,0,True,False
1492,Johnathan Hankins,DT,,True,Active,Questionable,,,,FA,FA,FA,FA,PREDRAFT,4,0,0,0,0,True,False
12362,Johnny Hudson,DT,,True,Active,,,,,FA,FA,FA,FA,PREDRAFT,4,0,0,0,0,True,False
6442,Johnny Robinson,DT,,True,Active,,,,,FA,FA,FA,FA,PREDRAFT,4,0,0,0,0,True,False
5497,Jon Cunningham,DT,,True,Active,,,,,FA,FA,FA,FA,PREDRAFT,4,0,0,0,0,True,False
4032,Jonathan Allen,DT,CIN,True,Active,,,LDT,1,FA,FA,FA,FA,PREDRAFT,4,0,0,0,0,True,False
6467,Jonathan Harris,DT,,True,Active,,,,,FA,FA,FA,FA,PREDRAFT,4,0,0,0,0,True,False
7791,Jonathan Marshall,DT,,True,Active,,,,,FA,FA,FA,FA,PREDRAFT,4,0,0,0,0,True,False
4235,Jordan Carrell,DT,,True,Active,,,,,FA,FA,FA,FA,PREDRAFT,4,0,0,0,0,True,False
6841,Jordan Elliott,DT,TEN,True,Active,,,RDT,2,FA,FA,FA,FA,PREDRAFT,4,0,0,0,0,True,False
11736,Jordan Jefferson,DT,LAC,True,Active,,,,,FA,FA,FA,FA,PREDRAFT,4,0,0,0,0,True,False
12103,Jordan Miller,DT,MIA,True,Active,,,,,FA,FA,FA,FA,PREDRAFT,4,0,0,0,0,True,False
6440,Jordan Thompson,DT,,True,Active,,,,,FA,FA,FA,FA,PREDRAFT,4,0,0,0,0,True,False
8853,Jordan Williams,DT,,True,Active,,,,,FA,FA,FA,FA,PREDRAFT,4,0,0,0,0,True,False
7919,Jordon Scott,DT,,True,Active,,,,,FA,FA,FA,FA,PREDRAFT,4,0,0,0,0,True,False
7430,Josh Avery,DT,,True,Active,,,,,FA,FA,FA,FA,PREDRAFT,4,0,0,0,0,True,False
4638,Josh Banks,DT,,True,Active,,,,,FA,FA,FA,FA,PREDRAFT,4,0,0,0,0,True,False
8909,Josh Black,DT,,True,Active,,,,,FA,FA,FA,FA,PREDRAFT,4,0,0,0,0,True,False
5689,Josh Fatu,DT,,True,Active,,,,,FA,FA,FA,FA,PREDRAFT,4,0,0,0,0,True,False
4371,Josh Tupou,DT,NYG,True,Active,,,,,FA,FA,FA,FA,PREDRAFT,4,0,0,0,0,True,False
8037,Josiah Bronson,DT,,True,Active,,,,,FA,FA,FA,FA,PREDRAFT,4,0,0,0,0,True,False
7025,Josiah Coatney,DT,,True,Active,,,,,FA,FA,FA,FA,PREDRAFT,4,0,0,0,0,True,False
13955,Josiah Green,DT,,True,Active,,,,,FA,FA,FA,FA,PREDRAFT,4,0,0,0,0,True,False
11988,Judge Culpepper,DT,,True,Active,,,,,FA,FA,FA,FA,PREDRAFT,4,0,0,0,0,True,False
5373,Jullian Taylor,DT,,True,Active,,,,,FA,FA,FA,FA,PREDRAFT,4,0,0,0,0,True,False
13054,Junior Tafuna,DT,HOU,True,Active,,,,,FA,FA,FA,FA,PREDRAFT,4,0,0,0,0,True,False
846,Jurrell Casey,DT,,True,Injured Reserve,,,,,FA,FA,FA,FA,PREDRAFT,4,0,0,0,0,True,False
2031,Justin Ellis,DT,,True,Active,,,,,FA,FA,FA,FA,PREDRAFT,4,0,0,0,0,True,False
2859,Justin Hamilton,DT,,True,Active,,,,,FA,FA,FA,FA,PREDRAFT,4,0,0,0,0,True,False
5063,Justin Jones,DT,,True,Inactive,,,,,FA,FA,FA,FA,PREDRAFT,4,0,0,0,0,True,False
3473,Justin Zimmer,DT,,True,Active,,,,,FA,FA,FA,FA,PREDRAFT,4,0,0,0,0,True,False
11501,Justus Tavai,DT,,True,Active,,,,,FA,FA,FA,FA,PREDRAFT,4,0,0,0,0,True,False
5327,Kahlil McKenzie,DT,,True,Active,,,,,FA,FA,FA,FA,PREDRAFT,4,0,0,0,0,True,False
11403,Kaieem Caesar,DT,,True,Active,,,,,FA,FA,FA,FA,PREDRAFT,4,0,0,0,0,True,False
6708,Kalani Vakameilalo,DT,,True,Active,,,,,FA,FA,FA,FA,PREDRAFT,4,0,0,0,0,True,False
13503,Kaleb Proctor,DT,ARI,True,Inactive,IR,,DL,,FA,FA,FA,FA,PREDRAFT,4,0,0,0,0,True,False
6488,Kalil Morris,DT,,True,Active,,,,,FA,FA,FA,FA,PREDRAFT,4,0,0,0,0,True,False
11009,Karl Brooks,DT,GB,True,Active,,,LDE,1,FA,FA,FA,FA,PREDRAFT,4,0,0,0,0,True,False
1549,Kawann Short,DT,,True,Active,,,,,FA,FA,FA,FA,PREDRAFT,4,0,0,0,0,True,False
13642,Keeshawn Silver,DT,,True,Inactive,Questionable,,,,FA,FA,FA,FA,PREDRAFT,4,0,0,0,0,True,False
13757,Kelvin Gilliam,DT,,True,Active,IR,,DL,,FA,FA,FA,FA,PREDRAFT,4,0,0,0,0,True,False
2854,Kenneth Horsley,DT,,True,Active,,,,,FA,FA,FA,FA,PREDRAFT,4,0,0,0,0,True,False
6546,Kenny Bigelow,DT,,True,Inactive,NA,,,,FA,FA,FA,FA,PREDRAFT,4,0,0,0,0,True,False
8010,Kenny Randall,DT,,True,Active,,,,,FA,FA,FA,FA,PREDRAFT,4,0,0,0,0,True,False
5371,Kentavius Street,DT,CHI,True,Active,,,RDT,2,FA,FA,FA,FA,PREDRAFT,4,0,0,0,0,True,False
11002,Keondre Coburn,DT,,True,Active,,,,,FA,FA,FA,FA,PREDRAFT,4,0,0,0,0,True,False
14079,Keveion'ta Spears,DT,,True,Active,,,,,FA,FA,FA,FA,PREDRAFT,4,0,0,0,0,True,False
8614,Kevin Atkins,DT,,True,Active,,,,,FA,FA,FA,FA,PREDRAFT,4,0,0,0,0,True,False
6005,Kevin Givens,DT,HOU,True,Active,,,,,FA,FA,FA,FA,PREDRAFT,4,0,0,0,0,True,False
4695,Kevin Maurice,DT,,True,Active,,,,,FA,FA,FA,FA,PREDRAFT,4,0,0,0,0,True,False
6177,Khalen Saunders,DT,,True,Active,,,,,FA,FA,FA,FA,PREDRAFT,4,0,0,0,0,True,False
7125,Khalil Davis,DT,,True,Active,,,,,FA,FA,FA,FA,PREDRAFT,4,0,0,0,0,True,False
7756,Khyiris Tonga,DT,KC,True,Active,,,RDT,1,FA,FA,FA,FA,PREDRAFT,4,0,0,0,0,True,False
8776,Kingsley Jonathan,DT,NYJ,True,Inactive,IR,,DL,,FA,FA,FA,FA,PREDRAFT,4,0,0,0,0,True,False
7444,Kobe Smith,DT,,True,Active,,,,,FA,FA,FA,FA,PREDRAFT,4,0,0,0,0,True,False
10916,Kobie Turner,DT,LAR,True,Active,Questionable,,RDE,1,FA,FA,FA,FA,PREDRAFT,4,0,0,0,0,True,False
13069,Kristian Williams,DT,,True,Active,,,,,FA,FA,FA,FA,PREDRAFT,4,0,0,0,0,True,False
8547,Kurt Hinish,DT,,True,Active,Questionable,,,,FA,FA,FA,FA,PREDRAFT,4,0,0,0,0,True,False
3633,Kyle Peko,DT,,True,Active,,,,,FA,FA,FA,FA,PREDRAFT,4,0,0,0,0,True,False
6235,Kyle Phillips,DT,,True,Active,,,,,FA,FA,FA,FA,PREDRAFT,4,0,0,0,0,True,False
7231,LaCale London,DT,ATL,True,Active,,,LDE,2,FA,FA,FA,FA,PREDRAFT,4,0,0,0,0,True,False
8631,LaRon Stokes,DT,,True,Active,,,,,FA,FA,FA,FA,PREDRAFT,4,0,0,0,0,True,False
6887,Larrell Murchison,DT,LAR,True,Active,,,,,FA,FA,FA,FA,PREDRAFT,4,0,0,0,0,True,False
4106,Larry Ogunjobi,DT,,True,Active,,,,,FA,FA,FA,FA,PREDRAFT,4,0,0,0,0,True,False
3005,Lavon Hooks,DT,,True,Active,,,,,FA,FA,FA,FA,PREDRAFT,4,0,0,0,0,True,False
1288,Lawrence Guy,DT,,True,Active,,,,,FA,FA,FA,FA,PREDRAFT,4,0,0,0,0,True,False
1670,Lawrence Okoye,DT,,True,Active,,,,,FA,FA,FA,FA,PREDRAFT,4,0,0,0,0,True,False
7473,Lee Autry,DT,,True,Active,,,,,FA,FA,FA,FA,PREDRAFT,4,0,0,0,0,True,False
6948,Leki Fotu,DT,,True,Active,,,,,FA,FA,FA,FA,PREDRAFT,4,0,0,0,0,True,False
12387,Leonard Payne,DT,,True,Active,,,,,FA,FA,FA,FA,PREDRAFT,4,0,0,0,0,True,False
11314,Levi Bell,DT,,True,Active,,,,,FA,FA,FA,FA,PREDRAFT,4,0,0,0,0,True,False
11819,Levi Drake Rodriguez,DT,MIN,True,Active,,,NT,1,FA,FA,FA,FA,PREDRAFT,4,0,0,0,0,True,False
579,Linval Joseph,DT,,True,Active,,,,,FA,FA,FA,FA,PREDRAFT,4,0,0,0,0,True,False
5501,Lord Hyeamang,DT,,True,Active,,,,,FA,FA,FA,FA,PREDRAFT,4,0,0,0,0,True,False
8050,Lorenzo Neal,DT,,True,Active,,,,,FA,FA,FA,FA,PREDRAFT,4,0,0,0,0,True,False
11698,Maason Smith,DT,ATL,True,Active,,,NT,2,FA,FA,FA,FA,PREDRAFT,4,0,0,0,0,True,False
7018,Malcolm Roach,DT,DEN,True,Active,,,LDE,1,FA,FA,FA,FA,PREDRAFT,4,0,0,0,0,True,False
2337,Malcom Brown,DT,,True,Active,,,,,FA,FA,FA,FA,PREDRAFT,4,0,0,0,0,True,False
3236,Maliek Collins,DT,CLE,True,Active,,,LDT,1,FA,FA,FA,FA,PREDRAFT,4,0,0,0,0,True,False
1124,Malik Jackson,DT,CLE,True,Active,,,,,FA,FA,FA,FA,PREDRAFT,4,0,0,0,0,True,False
4095,Malik McDowell,DT,,True,Active,,,,,FA,FA,FA,FA,PREDRAFT,4,0,0,0,0,True,False
8625,Manny Jones,DT,,True,Active,,,,,FA,FA,FA,FA,PREDRAFT,4,0,0,0,0,True,False
7804,Marlon Tuipulotu,DT,,True,Active,,,,,FA,FA,FA,FA,PREDRAFT,4,0,0,0,0,True,False
4538,Marquavius Lewis,DT,,True,Inactive,,,,,FA,FA,FA,FA,PREDRAFT,4,0,0,0,0,True,False
6390,Marquise Copeland,DT,,True,Active,,,,,FA,FA,FA,FA,PREDRAFT,4,0,0,0,0,True,False
8029,Marvin Wilson,DT,,True,Active,,,,,FA,FA,FA,FA,PREDRAFT,4,0,0,0,0,True,False
8689,Matt Gotel,DT,,True,Active,,,,,FA,FA,FA,FA,PREDRAFT,4,0,0,0,0,True,False
3308,Matt Ioannidis,DT,,True,Active,,,,,FA,FA,FA,FA,PREDRAFT,4,0,0,0,0,True,False
5002,Maurice Hurst,DT,,True,Active,,,,,FA,FA,FA,FA,PREDRAFT,4,0,0,0,0,True,False
4808,Maurice Swain,DT,,True,Active,,,,,FA,FA,FA,FA,PREDRAFT,4,0,0,0,0,True,False
5426,McKay Murphy,DT,,True,Inactive,NA,,,,FA,FA,FA,FA,PREDRAFT,4,0,0,0,0,True,False
8832,McKinley Williams,DT,,True,Active,,,,,FA,FA,FA,FA,PREDRAFT,4,0,0,0,0,True,False
7111,McTelvin Agim,DT,,True,Active,,,,,FA,FA,FA,FA,PREDRAFT,4,0,0,0,0,True,False
11804,Mekhi Wingo,DT,DET,True,Active,Questionable,,LDT,3,FA,FA,FA,FA,PREDRAFT,4,0,0,0,0,True,False
8693,Micah Dew-Treadway,DT,,True,Active,,,,,FA,FA,FA,FA,PREDRAFT,4,0,0,0,0,True,False
2757,Micajah Reynolds,DT,,True,Active,,,,,FA,FA,FA,FA,PREDRAFT,4,0,0,0,0,True,False
7500,Michael Barnett,DT,,True,Active,,,,,FA,FA,FA,FA,PREDRAFT,4,0,0,0,0,True,False
7876,Michael Dwumfour,DT,,True,Active,,,,,FA,FA,FA,FA,PREDRAFT,4,0,0,0,0,True,False
7342,Michael Hoecht,DT,BUF,True,Active,Questionable,,ROLB,2,FA,FA,FA,FA,PREDRAFT,4,0,0,0,0,True,False
3681,Michael Pierce,DT,,True,Active,,,,,FA,FA,FA,FA,PREDRAFT,4,0,0,0,0,True,False
1174,Mike Daniels,DT,CIN,True,Active,,,,,FA,FA,FA,FA,PREDRAFT,4,0,0,0,0,True,False
8887,Mike Greene,DT,,True,Active,,,,,FA,FA,FA,FA,PREDRAFT,4,0,0,0,0,True,False
11692,Mike Hall,DT,CLE,True,Active,,,RDT,2,FA,FA,FA,FA,PREDRAFT,4,0,0,0,0,True,False
7310,Mike Panasiuk,DT,,True,Active,,,,,FA,FA,FA,FA,PREDRAFT,4,0,0,0,0,True,False
2143,Mike Pennel,DT,,True,Active,,,,,FA,FA,FA,FA,PREDRAFT,4,0,0,0,0,True,False
2978,Mike Thornton,DT,,True,Active,,,,,FA,FA,FA,FA,PREDRAFT,4,0,0,0,0,True,False
7696,Milton Williams,DT,NE,True,Active,,,LDE,1,FA,FA,FA,FA,PREDRAFT,4,0,0,0,0,True,False
4132,Montravius Adams,DT,,True,Active,,,,,FA,FA,FA,FA,PREDRAFT,4,0,0,0,0,True,False
7222,Myles Adams,DT,,True,Active,,,,,FA,FA,FA,FA,PREDRAFT,4,0,0,0,0,True,False
7853,Naquan Jones,DT,MIN,True,Active,Questionable,,,,FA,FA,FA,FA,PREDRAFT,4,0,0,0,0,True,False
13167,Nash Hutmacher,DT,,True,Active,,,,,FA,FA,FA,FA,PREDRAFT,4,0,0,0,0,True,False
5789,Nathan Bazata,DT,,True,Active,,,,,FA,FA,FA,FA,PREDRAFT,4,0,0,0,0,True,False
12411,Nathan Pickering,DT,,True,Active,,,,,FA,FA,FA,FA,PREDRAFT,4,0,0,0,0,True,False
5043,Nathan Shepherd,DT,NO,True,Active,,,RDE,1,FA,FA,FA,FA,PREDRAFT,4,0,0,0,0,True,False
594,Ndamukong Suh,DT,,True,Active,,,,,FA,FA,FA,FA,PREDRAFT,4,0,0,0,0,True,False
11043,Nesta Jade Silvera,DT,,True,Active,,,,,FA,FA,FA,FA,PREDRAFT,4,0,0,0,0,True,False
6825,Neville Gallimore,DT,CHI,True,Active,,,LDT,1,FA,FA,FA,FA,PREDRAFT,4,0,0,0,0,True,False
11517,Nicholas Williams,DT,,True,Injured Reserve,,,,,FA,FA,FA,FA,PREDRAFT,4,0,0,0,0,True,False
13527,Nick Barrett,DT,LAC,True,Active,,,NT,2,FA,FA,FA,FA,PREDRAFT,4,0,0,0,0,True,False
4932,Nick James,DT,,True,Active,,,,,FA,FA,FA,FA,PREDRAFT,4,0,0,0,0,True,False
4547,Nigel Williams,DT,,True,Active,,,,,FA,FA,FA,FA,PREDRAFT,4,0,0,0,0,True,False
5393,Niles Scott,DT,,True,Active,,,,,FA,FA,FA,FA,PREDRAFT,4,0,0,0,0,True,False
6818,Nnamdi Madubuike,DT,BAL,True,Active,Questionable,,LDE,1,FA,FA,FA,FA,PREDRAFT,4,0,0,0,0,True,False
8715,Noah Elliss,DT,,True,Active,,,,,FA,FA,FA,FA,PREDRAFT,4,0,0,0,0,True,False
4466,Noble Nwachukwu,DT,,True,Active,,,,,FA,FA,FA,FA,PREDRAFT,4,0,0,0,0,True,False
8767,Nolan Cockrill,DT,,True,Active,,,,,FA,FA,FA,FA,PREDRAFT,4,0,0,0,0,True,False
13729,Olasunkonmi Agunloye,DT,,True,Active,,,,,FA,FA,FA,FA,PREDRAFT,4,0,0,0,0,True,False
6716,Olive Sagapolu,DT,,True,Active,,,,,FA,FA,FA,FA,PREDRAFT,4,0,0,0,0,True,False
3000,Olsen Pierre,DT,,True,Active,,,,,FA,FA,FA,FA,PREDRAFT,4,0,0,0,0,True,False
12996,Omari Thomas,DT,,True,Active,,,,,FA,FA,FA,FA,PREDRAFT,4,0,0,0,0,True,False
12615,Omarr Norman-Lott,DT,KC,True,Active,PUP,,RDT,2,FA,FA,FA,FA,PREDRAFT,4,0,0,0,0,True,False
7695,Osa Odighizuwa,DT,SF,True,Active,,,RDT,1,FA,FA,FA,FA,PREDRAFT,4,0,0,0,0,True,False
8848,Owen Carney,DT,,True,Active,,,,,FA,FA,FA,FA,PREDRAFT,4,0,0,0,0,True,False
5066,P.J. Hall,DT,,True,Active,,,,,FA,FA,FA,FA,PREDRAFT,4,0,0,0,0,True,False
6273,P.J. Johnson,DT,LV,True,Active,,,,,FA,FA,FA,FA,PREDRAFT,4,0,0,0,0,True,False
5589,Parker Cothren,DT,,True,Active,,,,,FA,FA,FA,FA,PREDRAFT,4,0,0,0,0,True,False
13980,Parker Petersen,DT,CAR,True,Active,,,,,FA,FA,FA,FA,PREDRAFT,4,0,0,0,0,True,False
13181,Payton Page,DT,NYJ,True,Active,,,,,FA,FA,FA,FA,PREDRAFT,4,0,0,0,0,True,False
7772,Phil Hoskins,DT,,True,Active,,,,,FA,FA,FA,FA,PREDRAFT,4,0,0,0,0,True,False
5226,Poona Ford,DT,LAR,True,Active,,,NT,2,FA,FA,FA,FA,PREDRAFT,4,0,0,0,0,True,False
12010,Popo Aumavae,DT,,True,Active,,,,,FA,FA,FA,FA,PREDRAFT,4,0,0,0,0,True,False
8899,Prince Emili,DT,,True,Active,,,,,FA,FA,FA,FA,PREDRAFT,4,0,0,0,0,True,False
2872,Quayshawne Buckley,DT,,True,Active,,,,,FA,FA,FA,FA,PREDRAFT,4,0,0,0,0,True,False
6587,Quindarius Thagard,DT,,True,Active,,,,,FA,FA,FA,FA,PREDRAFT,4,0,0,0,0,True,False
6118,Quinnen Williams,DT,DAL,True,Active,,,RDE,1,FA,FA,FA,FA,PREDRAFT,4,0,0,0,0,True,False
7801,Quinton Bohanna,DT,,True,Active,,,,,FA,FA,FA,FA,PREDRAFT,4,0,0,0,0,True,False
3304,Quinton Jefferson,DT,,True,Active,,,,,FA,FA,FA,FA,PREDRAFT,4,0,0,0,0,True,False
5311,R.J. McIntosh,DT,,True,Active,,,,,FA,FA,FA,FA,PREDRAFT,4,0,0,0,0,True,False
6831,Raekwon Davis,DT,,True,Active,,,,,FA,FA,FA,FA,PREDRAFT,4,0,0,0,0,True,False
6933,Raequan Williams,DT,,True,Active,,,,,FA,FA,FA,FA,PREDRAFT,4,0,0,0,0,True,False
2993,Rakeem Nunez-Roches,DT,TB,True,Active,,,LDE,2,FA,FA,FA,FA,PREDRAFT,4,0,0,0,0,True,False
12452,Ralph Holley,DT,,True,Active,,,,,FA,FA,FA,FA,PREDRAFT,4,0,0,0,0,True,False
7004,Rashard Lawrence,DT,,True,Active,,,,,FA,FA,FA,FA,PREDRAFT,4,0,0,0,0,True,False
7031,Ray Lima,DT,,True,Active,,,,,FA,FA,FA,FA,PREDRAFT,4,0,0,0,0,True,False
6534,Ray Smith,DT,,True,Injured Reserve,,,,,FA,FA,FA,FA,PREDRAFT,4,0,0,0,0,True,False
11047,Raymond Vohasek,DT,,True,Active,,,,,FA,FA,FA,FA,PREDRAFT,4,0,0,0,0,True,False
8552,Rayshad Nichols,DT,,True,Active,,,,,FA,FA,FA,FA,PREDRAFT,4,0,0,0,0,True,False
13584,Rayshaun Benny,DT,BAL,True,Active,,,,,FA,FA,FA,FA,PREDRAFT,4,0,0,0,0,True,False
6251,Reggie Howard,DT,,True,Active,,,,,FA,FA,FA,FA,PREDRAFT,4,0,0,0,0,True,False
6157,Renell Wren,DT,,True,Active,,,,,FA,FA,FA,FA,PREDRAFT,4,0,0,0,0,True,False
4517,Ricky Ali'ifua,DT,,True,Active,,,,,FA,FA,FA,FA,PREDRAFT,4,0,0,0,0,True,False
12844,Ricky Barber,DT,WAS,True,Active,,,NT,2,FA,FA,FA,FA,PREDRAFT,4,0,0,0,0,True,False
3180,Robert Nkemdiche,DT,,True,Active,,,,,FA,FA,FA,FA,PREDRAFT,4,0,0,0,0,True,False
6893,Robert Windsor,DT,IND,True,Active,,,,,FA,FA,FA,FA,PREDRAFT,4,0,0,0,0,True,False
4939,Roderick Henderson,DT,TEN,True,Active,,,,,FA,FA,FA,FA,PREDRAFT,4,0,0,0,0,True,False
8794,Roderick Perry,DT,,True,Active,,,,,FA,FA,FA,FA,PREDRAFT,4,0,0,0,0,True,False
6367,Roderick Young,DT,,True,Active,,,,,FA,FA,FA,FA,PREDRAFT,4,0,0,0,0,True,False
12179,Rodney Mathews,DT,,True,Active,,,,,FA,FA,FA,FA,PREDRAFT,4,0,0,0,0,True,False
12378,Rondell Bothroyd,DT,,True,Active,,,,,FA,FA,FA,FA,PREDRAFT,4,0,0,0,0,True,False
6795,Ross Blacklock,DT,,True,Active,,,,,FA,FA,FA,FA,PREDRAFT,4,0,0,0,0,True,False
7799,Roy Lopez,DT,ARI,True,Active,,,NT,1,FA,FA,FA,FA,PREDRAFT,4,0,0,0,0,True,False
11695,Ruke Orhorhoro,DT,JAX,True,Active,,,RDT,2,FA,FA,FA,FA,PREDRAFT,4,0,0,0,0,True,False
4159,Ryan Glasgow,DT,,True,Injured Reserve,,,,,FA,FA,FA,FA,PREDRAFT,4,0,0,0,0,True,False
7181,Sailosi Latu,DT,,True,Inactive,,,,,FA,FA,FA,FA,PREDRAFT,4,0,0,0,0,True,False
7343,Sam Renner,DT,,True,Active,,,,,FA,FA,FA,FA,PREDRAFT,4,0,0,0,0,True,False
10994,Scott Matlock,DT,LAC,True,Inactive,IR,,RB,5,FA,FA,FA,FA,PREDRAFT,4,0,0,0,0,True,False
5073,Sebastian Joseph-Day,DT,PIT,True,Active,,,NT,2,FA,FA,FA,FA,PREDRAFT,4,0,0,0,0,True,False
11095,Shakel Brown,DT,,True,Active,,,,,FA,FA,FA,FA,PREDRAFT,4,0,0,0,0,True,False
2163,Shamar Stephen,DT,,True,Active,,,,,FA,FA,FA,FA,PREDRAFT,4,0,0,0,0,True,False
3265,Sheldon Day,DT,,True,Active,,,,,FA,FA,FA,FA,PREDRAFT,4,0,0,0,0,True,False
3188,Sheldon Rankins,DT,HOU,True,Active,,,LDT,1,FA,FA,FA,FA,PREDRAFT,4,0,0,0,0,True,False
1372,Sheldon Richardson,DT,,True,Active,,,,,FA,FA,FA,FA,PREDRAFT,4,0,0,0,0,True,False
6627,Shy Tuttle,DT,WAS,True,Active,,,RDE,3,FA,FA,FA,FA,PREDRAFT,4,0,0,0,0,True,False
12896,Simeon Barrow,DT,,True,Active,,,,,FA,FA,FA,FA,PREDRAFT,4,0,0,0,0,True,False
13547,Skyler Gill-Howard,DT,DET,True,Active,,,RDT,2,FA,FA,FA,FA,PREDRAFT,4,0,0,0,0,True,False
4058,Solomon Thomas,DT,TEN,True,Active,,,LDT,2,FA,FA,FA,FA,PREDRAFT,4,0,0,0,0,True,False
1474,Stacy McGee,DT,,True,Inactive,,,,,FA,FA,FA,FA,PREDRAFT,4,0,0,0,0,True,False
1548,Star Lotulelei,DT,BUF,True,Active,,,,,FA,FA,FA,FA,PREDRAFT,4,0,0,0,0,True,False
7389,Sterling Johnson,DT,,True,Active,,,,,FA,FA,FA,FA,PREDRAFT,4,0,0,0,0,True,False
6500,Sterling Shippy,DT,,True,Active,,,,,FA,FA,FA,FA,PREDRAFT,4,0,0,0,0,True,False
667,Steve McLendon,DT,,True,Active,,,,,FA,FA,FA,FA,PREDRAFT,4,0,0,0,0,True,False
5420,Steven Richardson,DT,,True,Active,,,,,FA,FA,FA,FA,PREDRAFT,4,0,0,0,0,True,False
1460,Sylvester Williams,DT,,True,Inactive,,,,,FA,FA,FA,FA,PREDRAFT,4,0,0,0,0,True,False
7818,T.J. Slaton,DT,CIN,True,Active,,,RDT,2,FA,FA,FA,FA,PREDRAFT,4,0,0,0,0,True,False
7327,T.J. Smith,DT,,True,Active,,,,,FA,FA,FA,FA,PREDRAFT,4,0,0,0,0,True,False
2614,T.Y. McGill,DT,,True,Active,,,,,FA,FA,FA,FA,PREDRAFT,4,0,0,0,0,True,False
7840,Ta'Quon Graham,DT,,True,Active,,,,,FA,FA,FA,FA,PREDRAFT,4,0,0,0,0,True,False
4251,Tanzel Smart,DT,,True,Active,,,,,FA,FA,FA,FA,PREDRAFT,4,0,0,0,0,True,False
8789,Tariqious Tisdale,DT,,True,Active,,,,,FA,FA,FA,FA,PREDRAFT,4,0,0,0,0,True,False
11480,Taron Vincent,DT,,True,Active,,,,,FA,FA,FA,FA,PREDRAFT,4,0,0,0,0,True,False
5191,Taylor Stallworth,DT,,True,Inactive,,,,,FA,FA,FA,FA,PREDRAFT,4,0,0,0,0,True,False
7443,Teair Tart,DT,LAC,True,Active,,,RDE,1,FA,FA,FA,FA,PREDRAFT,4,0,0,0,0,True,False
3647,Terrell Lathan,DT,,True,Active,,,,,FA,FA,FA,FA,PREDRAFT,4,0,0,0,0,True,False
953,Terrell McClain,DT,,True,Inactive,,,,,FA,FA,FA,FA,PREDRAFT,4,0,0,0,0,True,False
5925,Terry Beckner,DT,,True,Inactive,NA,,,,FA,FA,FA,FA,PREDRAFT,4,0,0,0,0,True,False
2681,Terry Redden,DT,,True,Active,,,,,FA,FA,FA,FA,PREDRAFT,4,0,0,0,0,True,False
7301,Tershawn Wharton,DT,CAR,True,Active,PUP,,RDE,1,FA,FA,FA,FA,PREDRAFT,4,0,0,0,0,True,False
3567,Theiren Cockran,DT,,True,Active,,,,,FA,FA,FA,FA,PREDRAFT,4,0,0,0,0,True,False
13243,Thor Griffith,DT,,True,Active,,,,,FA,FA,FA,FA,PREDRAFT,4,0,0,0,0,True,False
13558,Tim Keenan,DT,,True,Active,,,,,FA,FA,FA,FA,PREDRAFT,4,0,0,0,0,True,False
5366,Tim Settle,DT,WAS,True,Active,Questionable,,NT,1,FA,FA,FA,FA,PREDRAFT,4,0,0,0,0,True,False
8654,Timmy Horne,DT,TEN,True,Active,,,,,FA,FA,FA,FA,PREDRAFT,4,0,0,0,0,True,False
1872,Timmy Jernigan,DT,,True,Active,,,,,FA,FA,FA,FA,PREDRAFT,4,0,0,0,0,True,False
6382,Tito Odenigbo,DT,,True,Active,,,,,FA,FA,FA,FA,PREDRAFT,4,0,0,0,0,True,False
12739,Tommy Akingbesote,DT,,True,Active,,,,,FA,FA,FA,FA,PREDRAFT,4,0,0,0,0,True,False
13756,Tommy Dunn,DT,DAL,True,Active,,,,,FA,FA,FA,FA,PREDRAFT,4,0,0,0,0,True,False
7711,Tommy Togiai,DT,HOU,True,Active,,,RDT,1,FA,FA,FA,FA,PREDRAFT,4,0,0,0,0,True,False
12635,Tonka Hemingway,DT,LV,True,Active,,,LDE,2,FA,FA,FA,FA,PREDRAFT,4,0,0,0,0,True,False
5513,Tracy Sprinkle,DT,,True,Active,,,,,FA,FA,FA,FA,PREDRAFT,4,0,0,0,0,True,False
14048,Travis Shaw,DT,,True,Active,,,,,FA,FA,FA,FA,PREDRAFT,4,0,0,0,0,True,False
5533,Trenton Thompson,DT,,True,Active,,,,,FA,FA,FA,FA,PREDRAFT,4,0,0,0,0,True,False
3676,Trevon Coley,DT,,True,Active,,,,,FA,FA,FA,FA,PREDRAFT,4,0,0,0,0,True,False
8894,Trevon Mason,DT,,True,Active,,,,,FA,FA,FA,FA,PREDRAFT,4,0,0,0,0,True,False
7476,Trevon McSwain,DT,,True,Inactive,,,,,FA,FA,FA,FA,PREDRAFT,4,0,0,0,0,True,False
11405,Trey Botts,DT,,True,Active,,,,,FA,FA,FA,FA,PREDRAFT,4,0,0,0,0,True,False
7463,Trey Dishon,DT,,True,Inactive,,,,,FA,FA,FA,FA,PREDRAFT,4,0,0,0,0,True,False
4264,Treyvon Hester,DT,,True,Active,,,,,FA,FA,FA,FA,PREDRAFT,4,0,0,0,0,True,False
5989,Trysten Hill,DT,,True,Active,,,,,FA,FA,FA,FA,PREDRAFT,4,0,0,0,0,True,False
4629,Tueni Lupeamanu,DT,,True,Active,,,,,FA,FA,FA,FA,PREDRAFT,4,0,0,0,0,True,False
12676,Ty Hamilton,DT,LAR,True,Active,,,RDE,2,FA,FA,FA,FA,PREDRAFT,4,0,0,0,0,True,False
12651,Ty Robinson,DT,PHI,True,Active,,,NT,2,FA,FA,FA,FA,PREDRAFT,4,0,0,0,0,True,False
8529,Tyarise Stevenson,DT,,True,Active,,,,,FA,FA,FA,FA,PREDRAFT,4,0,0,0,0,True,False
2457,Tyeler Davison,DT,,True,Active,,,,,FA,FA,FA,FA,PREDRAFT,4,0,0,0,0,True,False
7477,Tyler Clark,DT,,True,Active,,,,,FA,FA,FA,FA,PREDRAFT,4,0,0,0,0,True,False
11799,Tyler Davis,DT,LAR,True,Active,,,LDE,2,FA,FA,FA,FA,PREDRAFT,4,0,0,0,0,True,False
5483,Tyler Lancaster,DT,,True,Active,,,,,FA,FA,FA,FA,PREDRAFT,4,0,0,0,0,True,False
13472,Tyler Onyedim,DT,DEN,True,Active,,,LDE,2,FA,FA,FA,FA,PREDRAFT,4,0,0,0,0,True,False
7718,Tyler Shelvin,DT,,True,Active,,,,,FA,FA,FA,FA,PREDRAFT,4,0,0,0,0,True,False
3941,Tylor Harris,DT,,True,Active,,,,,FA,FA,FA,FA,PREDRAFT,4,0,0,0,0,True,False
13575,Tyre West,DT,DET,True,Active,,,,,FA,FA,FA,FA,PREDRAFT,4,0,0,0,0,True,False
6391,Tyrell Thompson,DT,,True,Active,,,,,FA,FA,FA,FA,PREDRAFT,4,0,0,0,0,True,False
14043,Tywone Malone,DT,,True,Active,,,,,FA,FA,FA,FA,PREDRAFT,4,0,0,0,0,True,False
13560,Uar Bernard,DT,PHI,True,Active,,,,,FA,FA,FA,FA,PREDRAFT,4,0,0,0,0,True,False
12428,Ulumoo Ale,DT,,True,Active,,,,,FA,FA,FA,FA,PREDRAFT,4,0,0,0,0,True,False
13690,Uso Seumalo,DT,,True,Active,,,,,FA,FA,FA,FA,PREDRAFT,4,0,0,0,0,True,False
12618,Vernon Broughton,DT,NO,True,Active,,,LDE,1,FA,FA,FA,FA,PREDRAFT,4,0,0,0,0,True,False
3183,Vernon Butler,DT,,True,Inactive,,,,,FA,FA,FA,FA,PREDRAFT,4,0,0,0,0,True,False
4253,Vincent Taylor,DT,,True,Inactive,,,,,FA,FA,FA,FA,PREDRAFT,4,0,0,0,0,True,False
4969,Vita Vea,DT,TB,True,Active,,,NT,1,FA,FA,FA,FA,PREDRAFT,4,0,0,0,0,True,False
6335,Walter Palmore,DT,,True,Active,,,,,FA,FA,FA,FA,PREDRAFT,4,0,0,0,0,True,False
2622,Warren Herring,DT,,True,Active,,,,,FA,FA,FA,FA,PREDRAFT,4,0,0,0,0,True,False
12986,Wilfried Pene,DT,,True,Active,,,,,FA,FA,FA,FA,PREDRAFT,4,0,0,0,0,True,False
8629,Will Miles,DT,,True,Active,,,,,FA,FA,FA,FA,PREDRAFT,4,0,0,0,0,True,False
3292,Willie Henry,DT,,True,Active,,,,,FA,FA,FA,FA,PREDRAFT,4,0,0,0,0,True,False
8072,Willie Yarbary,DT,,True,Active,,,,,FA,FA,FA,FA,PREDRAFT,4,0,0,0,0,True,False
7267,Willington Previlon,DT,,True,Active,,,,,FA,FA,FA,FA,PREDRAFT,4,0,0,0,0,True,False
3763,Woodrow Hamilton,DT,NYG,True,Active,,,,,FA,FA,FA,FA,PREDRAFT,4,0,0,0,0,True,False
4568,Woody Baron,DT,,True,Active,,,,,FA,FA,FA,FA,PREDRAFT,4,0,0,0,0,True,False
7968,Xavier Kelly,DT,,True,Active,,,,,FA,FA,FA,FA,PREDRAFT,4,0,0,0,0,True,False
2668,Xavier Williams,DT,,True,Active,,,,,FA,FA,FA,FA,PREDRAFT,4,0,0,0,0,True,False
12665,Yahya Black,DT,PIT,True,Active,,,NT,1,FA,FA,FA,FA,PREDRAFT,4,0,0,0,0,True,False
7981,Zac Dawe,DT,,True,Active,,,,,FA,FA,FA,FA,PREDRAFT,4,0,0,0,0,True,False
5297,Zach Sieler,DT,MIA,True,Active,Questionable,,RDT,1,FA,FA,FA,FA,PREDRAFT,4,0,0,0,0,True,False
3938,Zamir Carlis,DT,,True,Active,,,,,FA,FA,FA,FA,PREDRAFT,4,0,0,0,0,True,False
13506,Zane Durant,DT,BUF,True,Inactive,IR,,RDE,2,FA,FA,FA,FA,PREDRAFT,4,0,0,0,0,True,False
5778,Zaycoven Henderson,DT,,True,Active,,,,,FA,FA,FA,FA,PREDRAFT,4,0,0,0,0,True,False
8036,Zeandae Johnson,DT,,True,Active,,,,,FA,FA,FA,FA,PREDRAFT,4,0,0,0,0,True,False
14057,Zion Wilson,DT,,True,Active,,,,,FA,FA,FA,FA,PREDRAFT,4,0,0,0,0,True,False
8025,Adam Prentice,FB,DEN,True,Active,,,,,FA,FA,FA,FA,PREDRAFT,4,0,0,0,0,True,False
6109,Alec Ingold,FB,LAC,True,Active,,,RB,4,FA,FA,FA,FA,PREDRAFT,4,0,0,0,0,True,False
4226,Alex Armah,FB,,True,Active,,,,,FA,FA,FA,FA,PREDRAFT,4,0,0,0,0,True,False
4673,Algernon Brown,FB,,True,Active,,,,,FA,FA,FA,FA,PREDRAFT,4,0,0,0,0,True,False
3572,Andrew Bonnet,FB,,True,Active,,,,,FA,FA,FA,FA,PREDRAFT,4,0,0,0,0,True,False
3332,Andy Janovich,FB,,True,Active,,,,,FA,FA,FA,FA,PREDRAFT,4,0,0,0,0,True,False
5238,Austin Ramesh,FB,,True,Active,,,,,FA,FA,FA,FA,PREDRAFT,4,0,0,0,0,True,False
7808,Ben Mason,FB,,True,Active,,,,,FA,FA,FA,FA,PREDRAFT,4,0,0,0,0,True,False
7315,Bobby Holly,FB,,True,Active,,,,,FA,FA,FA,FA,PREDRAFT,4,0,0,0,0,True,False
12983,Brock Lampe,FB,,True,Active,,,,,FA,FA,FA,FA,PREDRAFT,4,0,0,0,0,True,False
982,Bruce Miller,FB,,True,Inactive,,,,,FA,FA,FA,FA,PREDRAFT,4,0,0,0,0,True,False
3832,C.J. Ham,FB,,True,Active,NA,,,,FA,FA,FA,FA,PREDRAFT,4,0,0,0,0,True,False
6298,Chandler Cox,FB,,True,Inactive,,,,,FA,FA,FA,FA,PREDRAFT,4,0,0,0,0,True,False
3443,Chris Swain,FB,,True,Active,,,,,FA,FA,FA,FA,PREDRAFT,4,0,0,0,0,True,False
8934,Clint Ratkovich,FB,,True,Active,,,,,FA,FA,FA,FA,PREDRAFT,4,0,0,0,0,True,False
4437,Connor Harris,FB,,True,Active,,,,,FA,FA,FA,FA,PREDRAFT,4,0,0,0,0,True,False
3353,Dan Vitale,FB,,True,Injured Reserve,,,,,FA,FA,FA,FA,PREDRAFT,4,0,0,0,0,True,False
5240,Daniel Marx,FB,,True,Active,,,,,FA,FA,FA,FA,PREDRAFT,4,0,0,0,0,True,False
4365,Darrin Laufasa,FB,,True,Active,,,,,FA,FA,FA,FA,PREDRAFT,4,0,0,0,0,True,False
3354,Derek Watt,FB,,True,Active,,,,,FA,FA,FA,FA,PREDRAFT,4,0,0,0,0,True,False
5296,Elijah Wellman,FB,,True,Active,,,,,FA,FA,FA,FA,PREDRAFT,4,0,0,0,0,True,False
4557,Freddie Stevenson,FB,,True,Active,,,,,FA,FA,FA,FA,PREDRAFT,4,0,0,0,0,True,False
7318,Gabe Nabers,FB,,True,Active,,,,,FA,FA,FA,FA,PREDRAFT,4,0,0,0,0,True,False
6435,George Aston,FB,,True,Active,,,,,FA,FA,FA,FA,PREDRAFT,4,0,0,0,0,True,False
7216,Giovanni Ricci,FB,,True,Active,,,,,FA,FA,FA,FA,PREDRAFT,4,0,0,0,0,True,False
14071,Grant Finley,FB,NYG,True,Active,,,,,FA,FA,FA,FA,PREDRAFT,4,0,0,0,0,True,False
11209,Henry Pearson,FB,,True,Active,,,,,FA,FA,FA,FA,PREDRAFT,4,0,0,0,0,True,False
5586,Henry Poggi,FB,,True,Active,,,,,FA,FA,FA,FA,PREDRAFT,4,0,0,0,0,True,False
11510,Hunter Luepke,FB,DAL,True,Active,,,RB,4,FA,FA,FA,FA,PREDRAFT,4,0,0,0,0,True,False
11174,Jack Colletto,FB,,True,Active,,,,,FA,FA,FA,FA,PREDRAFT,4,0,0,0,0,True,False
13937,Jackson Acker,FB,,True,Active,,,,,FA,FA,FA,FA,PREDRAFT,4,0,0,0,0,True,False
7358,Jake Bargas,FB,,True,Active,,,,,FA,FA,FA,FA,PREDRAFT,4,0,0,0,0,True,False
6202,Jakob Johnson,FB,,True,Active,,,,,FA,FA,FA,FA,PREDRAFT,4,0,0,0,0,True,False
1303,James Develin,FB,,True,Injured Reserve,,,,,FA,FA,FA,FA,PREDRAFT,4,0,0,0,0,True,False
1308,Jamize Olawale,FB,,True,Inactive,,,,,FA,FA,FA,FA,PREDRAFT,4,0,0,0,0,True,False
5565,Jason Cabinda,FB,,True,Active,,,,,FA,FA,FA,FA,PREDRAFT,4,0,0,0,0,True,False
4731,Joe Bacci,FB,,True,Active,,,,,FA,FA,FA,FA,PREDRAFT,4,0,0,0,0,True,False
7980,John Raine,FB,,True,Active,,,,,FA,FA,FA,FA,PREDRAFT,4,0,0,0,0,True,False
5569,Johnny Stanton,FB,,True,Active,,,,,FA,FA,FA,FA,PREDRAFT,4,0,0,0,0,True,False
7264,Jordan Jones,FB,,True,Active,,,,,FA,FA,FA,FA,PREDRAFT,4,0,0,0,0,True,False
7420,Josh Hokit,FB,,True,Active,,,,,FA,FA,FA,FA,PREDRAFT,4,0,0,0,0,True,False
5566,Julian Allen,FB,,True,Inactive,,,,,FA,FA,FA,FA,PREDRAFT,4,0,0,0,0,True,False
2073,Keith Smith,FB,,True,Active,,,,,FA,FA,FA,FA,PREDRAFT,4,0,0,0,0,True,False
5560,Khalid Hill,FB,,True,Inactive,,,,,FA,FA,FA,FA,PREDRAFT,4,0,0,0,0,True,False
6379,Khari Blasingame,FB,,True,Active,,,,,FA,FA,FA,FA,PREDRAFT,4,0,0,0,0,True,False
3891,Kyle Coleman,FB,,True,Active,,,,,FA,FA,FA,FA,PREDRAFT,4,0,0,0,0,True,False
1379,Kyle Juszczyk,FB,SF,True,Active,Questionable,,RB,3,FA,FA,FA,FA,PREDRAFT,4,0,0,0,0,True,False
13213,Lucas Scott,FB,,True,Active,,,,,FA,FA,FA,FA,PREDRAFT,4,0,0,0,0,True,False
5145,Luke McNitt,FB,,True,Active,,,,,FA,FA,FA,FA,PREDRAFT,4,0,0,0,0,True,False
7258,Luke Sellers,FB,,True,Inactive,,,,,FA,FA,FA,FA,PREDRAFT,4,0,0,0,0,True,False
2496,Malcolm Johnson,FB,,True,Active,,,,,FA,FA,FA,FA,PREDRAFT,4,0,0,0,0,True,False
7868,Mason Stokke,FB,CAR,True,Active,,,,,FA,FA,FA,FA,PREDRAFT,4,0,0,0,0,True,False
2471,Michael Burton,FB,CLE,True,Active,,,RB,4,FA,FA,FA,FA,PREDRAFT,4,0,0,0,0,True,False
11088,Monte Pottebaum,FB,,True,Active,,,,,FA,FA,FA,FA,PREDRAFT,4,0,0,0,0,True,False
5116,Nick Bawden,FB,,True,Active,,,,,FA,FA,FA,FA,PREDRAFT,4,0,0,0,0,True,False
5355,Nick Sharga,FB,,True,Active,,,,,FA,FA,FA,FA,PREDRAFT,4,0,0,0,0,True,False
1305,Patrick DiMarco,FB,,True,Injured Reserve,,,,,FA,FA,FA,FA,PREDRAFT,4,0,0,0,0,True,False
4353,Patrick Ricard,FB,NYG,True,Active,,,RB,5,FA,FA,FA,FA,PREDRAFT,4,0,0,0,0,True,False
4350,Ricky Ortiz,FB,,True,Active,,,,,FA,FA,FA,FA,PREDRAFT,4,0,0,0,0,True,False
11260,Robert Burns,FB,CHI,True,Active,,,,,FA,FA,FA,FA,PREDRAFT,4,0,0,0,0,True,False
2174,Roosevelt Nix,FB,,True,Injured Reserve,,,,,FA,FA,FA,FA,PREDRAFT,4,0,0,0,0,True,False
2658,Ryan Mueller,FB,,True,Active,,,,,FA,FA,FA,FA,PREDRAFT,4,0,0,0,0,True,False
4250,Sam Rogers,FB,,True,Active,,,,,FA,FA,FA,FA,PREDRAFT,4,0,0,0,0,True,False
7055,Sewo Olonilua,FB,,True,Active,,,,,FA,FA,FA,FA,PREDRAFT,4,0,0,0,0,True,False
7212,Spencer Nigh,FB,,True,Active,,,,,FA,FA,FA,FA,PREDRAFT,4,0,0,0,0,True,False
6188,Sutton Smith,FB,,True,Active,,,,,FA,FA,FA,FA,PREDRAFT,4,0,0,0,0,True,False
14086,Terrelle Smith,FB,WAS,True,Active,,,,,FA,FA,FA,FA,PREDRAFT,4,0,0,0,0,True,False
7852,Tory Carter,FB,,True,Active,,,,,FA,FA,FA,FA,PREDRAFT,4,0,0,0,0,True,False
3670,Will Ratelle,FB,,True,Active,,,,,FA,FA,FA,FA,PREDRAFT,4,0,0,0,0,True,False
1693,Zach Line,FB,,True,Injured Reserve,,,,,FA,FA,FA,FA,PREDRAFT,4,0,0,0,0,True,False
11486,Zach Ojile,FB,,True,Active,,,,,FA,FA,FA,FA,PREDRAFT,4,0,0,0,0,True,False
6675,Abraham Wallace,FS,,True,Active,,,,,FA,FA,FA,FA,PREDRAFT,4,0,0,0,0,True,False
5739,Afolabi Laguda,FS,,True,Active,,,,,FA,FA,FA,FA,PREDRAFT,4,0,0,0,0,True,False
4473,Alex Gray,FS,,True,Active,,,,,FA,FA,FA,FA,PREDRAFT,4,0,0,0,0,True,False
88,Antoine Bethea,FS,,True,Injured Reserve,,,,,FA,FA,FA,FA,PREDRAFT,4,0,0,0,0,True,False
4849,Armagedon Draughn,FS,,True,Active,,,,,FA,FA,FA,FA,PREDRAFT,4,0,0,0,0,True,False
6309,Austin Exford,FS,,True,Active,,,,,FA,FA,FA,FA,PREDRAFT,4,0,0,0,0,True,False
1660,Brynden Trawick,FS,,True,Active,,,,,FA,FA,FA,FA,PREDRAFT,4,0,0,0,0,True,False
4631,Charlie Miller,FS,,True,Active,,,,,FA,FA,FA,FA,PREDRAFT,4,0,0,0,0,True,False
979,Colin Jones,FS,,True,Active,,,,,FA,FA,FA,FA,PREDRAFT,4,0,0,0,0,True,False
5999,D'Cota Dixon,FS,,True,Active,,,,,FA,FA,FA,FA,PREDRAFT,4,0,0,0,0,True,False
4580,Dante Barnett,FS,,True,Active,,,,,FA,FA,FA,FA,PREDRAFT,4,0,0,0,0,True,False
4745,Daquan Holmes,FS,,True,Active,,,,,FA,FA,FA,FA,PREDRAFT,4,0,0,0,0,True,False
625,Darian Stewart,FS,,True,Active,,,,,FA,FA,FA,FA,PREDRAFT,4,0,0,0,0,True,False
4423,David Jones,FS,,True,Active,,,,,FA,FA,FA,FA,PREDRAFT,4,0,0,0,0,True,False
4308,Deron Washington,FS,,True,Active,,,,,FA,FA,FA,FA,PREDRAFT,4,0,0,0,0,True,False
2739,Desmond Cooper,FS,,True,Active,,,,,FA,FA,FA,FA,PREDRAFT,4,0,0,0,0,True,False
4488,Devin Chappell,FS,,True,Active,,,,,FA,FA,FA,FA,PREDRAFT,4,0,0,0,0,True,False
5650,Dominick Sanders,FS,,True,Active,,,,,FA,FA,FA,FA,PREDRAFT,4,0,0,0,0,True,False
6512,Doyin Jibowu,FS,,True,Active,,,,,FA,FA,FA,FA,PREDRAFT,4,0,0,0,0,True,False
643,Earl Thomas,FS,,True,Active,,,,,FA,FA,FA,FA,PREDRAFT,4,0,0,0,0,True,False
5620,Elijaah Goins,FS,,True,Active,,,,,FA,FA,FA,FA,PREDRAFT,4,0,0,0,0,True,False
290,Eric Weddle,FS,LAR,True,Inactive,,,,,FA,FA,FA,FA,PREDRAFT,4,0,0,0,0,True,False
2538,Gerod Holliman,FS,,True,Active,,,,,FA,FA,FA,FA,PREDRAFT,4,0,0,0,0,True,False
4257,Jack Tocho,FS,,True,Active,,,,,FA,FA,FA,FA,PREDRAFT,4,0,0,0,0,True,False
2808,Jacob Hagen,FS,,True,Active,,,,,FA,FA,FA,FA,PREDRAFT,4,0,0,0,0,True,False
4640,Jadar Johnson,FS,,True,Active,,,,,FA,FA,FA,FA,PREDRAFT,4,0,0,0,0,True,False
5594,Jamar Summers,FS,,True,Active,,,,,FA,FA,FA,FA,PREDRAFT,4,0,0,0,0,True,False
3016,Jermaine Whitehead,FS,,True,Active,,,,,FA,FA,FA,FA,PREDRAFT,4,0,0,0,0,True,False
6654,JoJo Tillery,FS,,True,Active,,,,,FA,FA,FA,FA,PREDRAFT,4,0,0,0,0,True,False
5681,Johnathan Alston,FS,,True,Active,,,,,FA,FA,FA,FA,PREDRAFT,4,0,0,0,0,True,False
5992,Jonathan Crawford,FS,,True,Active,,,,,FA,FA,FA,FA,PREDRAFT,4,0,0,0,0,True,False
2625,Jonathon Mincy,FS,,True,Inactive,NA,,,,FA,FA,FA,FA,PREDRAFT,4,0,0,0,0,True,False
3411,Jordan Lomax,FS,,True,Active,,,,,FA,FA,FA,FA,PREDRAFT,4,0,0,0,0,True,False
4303,Jordan Moore,FS,,True,Inactive,,,,,FA,FA,FA,FA,PREDRAFT,4,0,0,0,0,True,False
4496,Jordan Sterns,FS,,True,Active,,,,,FA,FA,FA,FA,PREDRAFT,4,0,0,0,0,True,False
7492,Josh Norwood,FS,,True,Active,,,,,FA,FA,FA,FA,PREDRAFT,4,0,0,0,0,True,False
6756,Kahani Smith,FS,,True,Active,,,,,FA,FA,FA,FA,PREDRAFT,4,0,0,0,0,True,False
5489,Kameron Kelly,FS,,True,Active,,,,,FA,FA,FA,FA,PREDRAFT,4,0,0,0,0,True,False
1815,Kenny Ladler,FS,,True,Active,,,,,FA,FA,FA,FA,PREDRAFT,4,0,0,0,0,True,False
581,Kurt Coleman,FS,,True,Active,,,,,FA,FA,FA,FA,PREDRAFT,4,0,0,0,0,True,False
3925,Lee Hightower,FS,,True,Active,,,,,FA,FA,FA,FA,PREDRAFT,4,0,0,0,0,True,False
5897,Lukas Denis,FS,,True,Active,,,,,FA,FA,FA,FA,PREDRAFT,4,0,0,0,0,True,False
4700,Marcus McWilson,FS,,True,Active,,,,,FA,FA,FA,FA,PREDRAFT,4,0,0,0,0,True,False
6355,Micah Abernathy,FS,,True,Active,,,,,FA,FA,FA,FA,PREDRAFT,4,0,0,0,0,True,False
5535,Micah Hannemann,FS,,True,Active,,,,,FA,FA,FA,FA,PREDRAFT,4,0,0,0,0,True,False
74,Mike Adams,FS,,True,Injured Reserve,,,,,FA,FA,FA,FA,PREDRAFT,4,0,0,0,0,True,False
2759,Nick Perry,FS,,True,Active,,,,,FA,FA,FA,FA,PREDRAFT,4,0,0,0,0,True,False
5434,Quin Blanding,FS,,True,Inactive,,,,,FA,FA,FA,FA,PREDRAFT,4,0,0,0,0,True,False
4653,Randall Goforth,FS,,True,Active,,,,,FA,FA,FA,FA,PREDRAFT,4,0,0,0,0,True,False
714,Reshad Jones,FS,,True,Active,,,,,FA,FA,FA,FA,PREDRAFT,4,0,0,0,0,True,False
6574,Rob Rolle,FS,,True,Inactive,,,,,FA,FA,FA,FA,PREDRAFT,4,0,0,0,0,True,False
2610,Robert Smith,FS,,True,Active,,,,,FA,FA,FA,FA,PREDRAFT,4,0,0,0,0,True,False
1608,Rontez Miles,FS,,True,Active,,,,,FA,FA,FA,FA,PREDRAFT,4,0,0,0,0,True,False
6330,Santos Ramirez,FS,,True,Active,,,,,FA,FA,FA,FA,PREDRAFT,4,0,0,0,0,True,False
5394,Terrell Williams,FS,,True,Active,,,,,FA,FA,FA,FA,PREDRAFT,4,0,0,0,0,True,False
4310,Terrish Webb,FS,,True,Active,,,,,FA,FA,FA,FA,PREDRAFT,4,0,0,0,0,True,False
5215,Tray Matthews,FS,,True,Active,,,,,FA,FA,FA,FA,PREDRAFT,4,0,0,0,0,True,False
4698,Trey Robinson,FS,,True,Active,,,,,FA,FA,FA,FA,PREDRAFT,4,0,0,0,0,True,False
5712,Tyrice Beverette,FS,,True,Active,,,,,FA,FA,FA,FA,PREDRAFT,4,0,0,0,0,True,False
6189,Zedrick Woods,FS,,True,Active,,,,,FA,FA,FA,FA,PREDRAFT,4,0,0,0,0,True,False
6197,Durval Queiroz Neto,G,MIA,True,Active,,,,,FA,FA,FA,FA,PREDRAFT,4,0,0,0,0,True,False
5621,Mason Gentry,G,,True,Active,,,,,FA,FA,FA,FA,PREDRAFT,4,0,0,0,0,True,False
1659,Will Pericak,G,,True,Active,,,,,FA,FA,FA,FA,PREDRAFT,4,0,0,0,0,True,False
4859,Ahmad Thomas,ILB,,True,Active,,,,,FA,FA,FA,FA,PREDRAFT,4,0,0,0,0,True,False
5735,Airius Moore,ILB,,True,Active,,,,,FA,FA,FA,FA,PREDRAFT,4,0,0,0,0,True,False
5690,Al-Rasheed Benton,ILB,,True,Active,,,,,FA,FA,FA,FA,PREDRAFT,4,0,0,0,0,True,False
5172,Alvin Jones,ILB,,True,Inactive,,,,,FA,FA,FA,FA,PREDRAFT,4,0,0,0,0,True,False
2857,Andrew Hudson,ILB,,True,Active,,,,,FA,FA,FA,FA,PREDRAFT,4,0,0,0,0,True,False
5478,Andrew Motuapuaka,ILB,,True,Active,,,,,FA,FA,FA,FA,PREDRAFT,4,0,0,0,0,True,False
4686,Anthony Harrell,ILB,,True,Active,,,,,FA,FA,FA,FA,PREDRAFT,4,0,0,0,0,True,False
3414,Anthony Sarao,ILB,,True,Active,,,,,FA,FA,FA,FA,PREDRAFT,4,0,0,0,0,True,False
6099,B.J. Blunt,ILB,,True,Active,,,,,FA,FA,FA,FA,PREDRAFT,4,0,0,0,0,True,False
4356,Ben Boulware,ILB,,True,Active,,,,,FA,FA,FA,FA,PREDRAFT,4,0,0,0,0,True,False
2628,Boris Anyama,ILB,,True,Active,,,,,FA,FA,FA,FA,PREDRAFT,4,0,0,0,0,True,False
5543,C.J. Johnson,ILB,,True,Active,,,,,FA,FA,FA,FA,PREDRAFT,4,0,0,0,0,True,False
3677,Cavellis Luckett,ILB,,True,Active,,,,,FA,FA,FA,FA,PREDRAFT,4,0,0,0,0,True,False
2883,Chase Williams,ILB,CLE,True,Active,,,,,FA,FA,FA,FA,PREDRAFT,4,0,0,0,0,True,False
4380,Cody Heiman,ILB,,True,Active,,,,,FA,FA,FA,FA,PREDRAFT,4,0,0,0,0,True,False
5748,DeMarquis Gates,ILB,,True,Active,,,,,FA,FA,FA,FA,PREDRAFT,4,0,0,0,0,True,False
6533,Dedrick Young,ILB,,True,Active,,,,,FA,FA,FA,FA,PREDRAFT,4,0,0,0,0,True,False
5148,Dewey Jarvis,ILB,,True,Inactive,,,,,FA,FA,FA,FA,PREDRAFT,4,0,0,0,0,True,False
2762,Diaheem Watkins,ILB,,True,Active,,,,,FA,FA,FA,FA,PREDRAFT,4,0,0,0,0,True,False
3683,Don Cherry,ILB,,True,Active,,,,,FA,FA,FA,FA,PREDRAFT,4,0,0,0,0,True,False
4465,Donavin Newsom,ILB,,True,Active,,,,,FA,FA,FA,FA,PREDRAFT,4,0,0,0,0,True,False
6061,Drew Lewis,ILB,,True,Active,,,,,FA,FA,FA,FA,PREDRAFT,4,0,0,0,0,True,False
5632,Elijah Norris,ILB,,True,Active,,,,,FA,FA,FA,FA,PREDRAFT,4,0,0,0,0,True,False
5557,Emmanuel Beal,ILB,,True,Active,,,,,FA,FA,FA,FA,PREDRAFT,4,0,0,0,0,True,False
1622,Frank Beltre,ILB,,True,Active,,,,,FA,FA,FA,FA,PREDRAFT,4,0,0,0,0,True,False
3635,Frank Shannon,ILB,,True,Active,,,,,FA,FA,FA,FA,PREDRAFT,4,0,0,0,0,True,False
6079,Gary Johnson,ILB,,True,Active,,,,,FA,FA,FA,FA,PREDRAFT,4,0,0,0,0,True,False
5826,Jameer Thurman,ILB,,True,Active,,,,,FA,FA,FA,FA,PREDRAFT,4,0,0,0,0,True,False
4297,Jarnor Jones,ILB,,True,Active,,,,,FA,FA,FA,FA,PREDRAFT,4,0,0,0,0,True,False
6085,Jeff Allison,ILB,,True,Active,,,,,FA,FA,FA,FA,PREDRAFT,4,0,0,0,0,True,False
3618,Jeff Schoettmer,ILB,,True,Active,,,,,FA,FA,FA,FA,PREDRAFT,4,0,0,0,0,True,False
6046,Joe Dineen,ILB,,True,Inactive,NA,,,,FA,FA,FA,FA,PREDRAFT,4,0,0,0,0,True,False
4712,Johnny Ragin,ILB,,True,Active,,,,,FA,FA,FA,FA,PREDRAFT,4,0,0,0,0,True,False
6160,Josiah Tauaefa,ILB,,True,Active,,,,,FA,FA,FA,FA,PREDRAFT,4,0,0,0,0,True,False
5640,Junior Joseph,ILB,,True,Active,,,,,FA,FA,FA,FA,PREDRAFT,4,0,0,0,0,True,False
2708,Junior Sylvestre,ILB,,True,Active,,,,,FA,FA,FA,FA,PREDRAFT,4,0,0,0,0,True,False
5338,Keishawn Bierria,ILB,,True,Active,,,,,FA,FA,FA,FA,PREDRAFT,4,0,0,0,0,True,False
4513,Keith Kelsey,ILB,,True,Active,,,,,FA,FA,FA,FA,PREDRAFT,4,0,0,0,0,True,False
4565,Kenneth Olugbode,ILB,,True,Active,,,,,FA,FA,FA,FA,PREDRAFT,4,0,0,0,0,True,False
3316,Kentrell Brothers,ILB,,True,Active,,,,,FA,FA,FA,FA,PREDRAFT,4,0,0,0,0,True,False
2807,Keshaun Malone,ILB,,True,Active,,,,,FA,FA,FA,FA,PREDRAFT,4,0,0,0,0,True,False
4312,Kevin Davis,ILB,,True,Inactive,,,,,FA,FA,FA,FA,PREDRAFT,4,0,0,0,0,True,False
5676,Kyle Queiro,ILB,,True,Active,,,,,FA,FA,FA,FA,PREDRAFT,4,0,0,0,0,True,False
5544,Marcus Porter,ILB,,True,Active,,,,,FA,FA,FA,FA,PREDRAFT,4,0,0,0,0,True,False
4724,Matt Galambos,ILB,,True,Active,,,,,FA,FA,FA,FA,PREDRAFT,4,0,0,0,0,True,False
3820,Micah Awe,ILB,,True,Active,,,,,FA,FA,FA,FA,PREDRAFT,4,0,0,0,0,True,False
5542,Naashon Hughes,ILB,,True,Active,,,,,FA,FA,FA,FA,PREDRAFT,4,0,0,0,0,True,False
6444,Nate Harvey,ILB,,True,Active,,,,,FA,FA,FA,FA,PREDRAFT,4,0,0,0,0,True,False
4664,Nigel Harris,ILB,,True,Active,,,,,FA,FA,FA,FA,PREDRAFT,4,0,0,0,0,True,False
5633,Nyles Morgan,ILB,,True,Active,,,,,FA,FA,FA,FA,PREDRAFT,4,0,0,0,0,True,False
4624,P.J. Davis,ILB,,True,Active,,,,,FA,FA,FA,FA,PREDRAFT,4,0,0,0,0,True,False
5324,Parris Bennett,ILB,,True,Active,,,,,FA,FA,FA,FA,PREDRAFT,4,0,0,0,0,True,False
4477,Paul Magloire,ILB,,True,Inactive,,,,,FA,FA,FA,FA,PREDRAFT,4,0,0,0,0,True,False
5574,Raymond Davison,ILB,,True,Active,,,,,FA,FA,FA,FA,PREDRAFT,4,0,0,0,0,True,False
3829,Ryan Langford,ILB,,True,Active,,,,,FA,FA,FA,FA,PREDRAFT,4,0,0,0,0,True,False
4412,Shaan Washington,ILB,,True,Active,,,,,FA,FA,FA,FA,PREDRAFT,4,0,0,0,0,True,False
5746,Shaheed Salmon,ILB,,True,Active,,,,,FA,FA,FA,FA,PREDRAFT,4,0,0,0,0,True,False
3733,Shakeel Rashad,ILB,,True,Active,,,,,FA,FA,FA,FA,PREDRAFT,4,0,0,0,0,True,False
3535,Shaq Petteway,ILB,,True,Active,,,,,FA,FA,FA,FA,PREDRAFT,4,0,0,0,0,True,False
2734,Todd Thomas,ILB,,True,Active,,,,,FA,FA,FA,FA,PREDRAFT,4,0,0,0,0,True,False
5896,Tre Lamar,ILB,,True,Inactive,,,,,FA,FA,FA,FA,PREDRAFT,4,0,0,0,0,True,False
6571,Tre Watson,ILB,,True,Active,,,,,FA,FA,FA,FA,PREDRAFT,4,0,0,0,0,True,False
6347,Tre' Crawford,ILB,,True,Active,,,,,FA,FA,FA,FA,PREDRAFT,4,0,0,0,0,True,False
2552,Xzavier Dickson,ILB,,True,Active,,,,,FA,FA,FA,FA,PREDRAFT,4,0,0,0,0,True,False
120,Adam Vinatieri,K,,True,Injured Reserve,,,,,FA,FA,FA,FA,PREDRAFT,4,0,0,0,0,True,False
3827,Aldrick Rosas,K,,True,Active,,,,,FA,FA,FA,FA,PREDRAFT,4,0,0,0,0,True,False
12438,Alex Hale,K,,True,Active,,,,,FA,FA,FA,FA,PREDRAFT,4,0,0,0,0,True,False
7933,Alex Kessman,K,CAR,True,Active,,,,,FA,FA,FA,FA,PREDRAFT,4,0,0,0,0,True,False
12180,Alex McNulty,K,,True,Active,,,,,FA,FA,FA,FA,PREDRAFT,4,0,0,0,0,True,False
10858,Alex Quevedo,K,,True,Active,,,,,FA,FA,FA,FA,PREDRAFT,4,0,0,0,0,True,False
11008,Anders Carlson,K,,True,Active,,,,,FA,FA,FA,FA,PREDRAFT,4,0,0,0,0,True,False
11261,Andre Szmyt,K,CLE,True,Active,,,K,1,FA,FA,FA,FA,PREDRAFT,4,0,0,0,0,True,False
8775,Andrew Mevis,K,,True,Active,,,,,FA,FA,FA,FA,PREDRAFT,4,0,0,0,0,True,False
4555,Andy Phillips,K,,True,Active,,,,,FA,FA,FA,FA,PREDRAFT,4,0,0,0,0,True,False
7095,Austin MacGinnis,K,,True,Active,,,,,FA,FA,FA,FA,PREDRAFT,4,0,0,0,0,True,False
6219,Austin Seibert,K,,True,Active,,,,,FA,FA,FA,FA,PREDRAFT,4,0,0,0,0,True,False
11092,B.T. Potter,K,,True,Active,,,,,FA,FA,FA,FA,PREDRAFT,4,0,0,0,0,True,False
13066,Ben Sauls,K,,True,Active,Questionable,,,,FA,FA,FA,FA,PREDRAFT,4,0,0,0,0,True,False
11058,Blake Grupe,K,NYJ,True,Active,,,K,1,FA,FA,FA,FA,PREDRAFT,4,0,0,0,0,True,False
7855,Blake Haubeil,K,,True,Active,,,,,FA,FA,FA,FA,PREDRAFT,4,0,0,0,0,True,False
1433,Brandon McManus,K,,True,Active,,,,,FA,FA,FA,FA,PREDRAFT,4,0,0,0,0,True,False
11949,Brayden Narveson,K,,True,Active,,,,,FA,FA,FA,FA,PREDRAFT,4,0,0,0,0,True,False
4958,Brett Maher,K,,True,Active,,,,,FA,FA,FA,FA,PREDRAFT,4,0,0,0,0,True,False
8055,Brian Johnson,K,,True,Active,,,,,FA,FA,FA,FA,PREDRAFT,4,0,0,0,0,True,False
8258,Cade York,K,,True,Active,,,,,FA,FA,FA,FA,PREDRAFT,4,0,0,0,0,True,False
13149,Caden Davis,K,,True,Active,,,,,FA,FA,FA,FA,PREDRAFT,4,0,0,0,0,True,False
8536,Caleb Shudak,K,,True,Active,,,,,FA,FA,FA,FA,PREDRAFT,4,0,0,0,0,True,False
12112,Camden Lewis,K,,True,Active,,,,,FA,FA,FA,FA,PREDRAFT,4,0,0,0,0,True,False
10955,Chad Ryland,K,ARI,True,Active,,,K,1,FA,FA,FA,FA,PREDRAFT,4,0,0,0,0,True,False
11653,Charlie Smyth,K,NO,True,Active,,,,,FA,FA,FA,FA,PREDRAFT,4,0,0,0,0,True,False
6192,Chris Blewitt,K,,True,Active,,,,,FA,FA,FA,FA,PREDRAFT,4,0,0,0,0,True,False
13764,Chris Freeman,K,,True,Active,,,,,FA,FA,FA,FA,PREDRAFT,4,0,0,0,0,True,False
8042,Chris Naggar,K,,True,Active,,,,,FA,FA,FA,FA,PREDRAFT,4,0,0,0,0,True,False
11146,Christopher Dunn,K,,True,Active,,,,,FA,FA,FA,FA,PREDRAFT,4,0,0,0,0,True,False
6625,Clayton Hatfield,K,,True,Active,,,,,FA,FA,FA,FA,PREDRAFT,4,0,0,0,0,True,False
1974,Cody Parkey,K,,True,Active,,,,,FA,FA,FA,FA,PREDRAFT,4,0,0,0,0,True,False
6496,Cole Hedlund,K,,True,Active,,,,,FA,FA,FA,FA,PREDRAFT,4,0,0,0,0,True,False
6193,Cole Murphy,K,,True,Active,,,,,FA,FA,FA,FA,PREDRAFT,4,0,0,0,0,True,False
12404,Colton Theaker,K,,True,Active,,,,,FA,FA,FA,FA,PREDRAFT,4,0,0,0,0,True,False
2802,Corey Acosta,K,,True,Active,,,,,FA,FA,FA,FA,PREDRAFT,4,0,0,0,0,True,False
899,Dan Bailey,K,,True,Active,,,,,FA,FA,FA,FA,PREDRAFT,4,0,0,0,0,True,False
5095,Daniel Carlson,K,NO,True,Active,,,K,1,FA,FA,FA,FA,PREDRAFT,4,0,0,0,0,True,False
5247,David Marvin,K,,True,Active,,,,,FA,FA,FA,FA,PREDRAFT,4,0,0,0,0,True,False
3890,Devon Bell,K,,True,Active,,,,,FA,FA,FA,FA,PREDRAFT,4,0,0,0,0,True,False
13833,Dominic Zvada,K,NYG,True,Active,,,K,1,FA,FA,FA,FA,PREDRAFT,4,0,0,0,0,True,False
7314,Dominik Eberle,K,,True,Active,,,,,FA,FA,FA,FA,PREDRAFT,4,0,0,0,0,True,False
13968,Drew Stevens,K,WAS,True,Active,,,K,1,FA,FA,FA,FA,PREDRAFT,4,0,0,0,0,True,False
1348,Dustin Hopkins,K,,True,Active,,,,,FA,FA,FA,FA,PREDRAFT,4,0,0,0,0,True,False
6208,Elliott Fry,K,,True,Active,,,,,FA,FA,FA,FA,PREDRAFT,4,0,0,0,0,True,False
13842,Ethan Sanchez,K,,True,Active,,,,,FA,FA,FA,FA,PREDRAFT,4,0,0,0,0,True,False
8260,Gabe Brkic,K,,True,Active,,,,,FA,FA,FA,FA,PREDRAFT,4,0,0,0,0,True,False
13710,Gabriel Plascencia,K,,True,Active,,,,,FA,FA,FA,FA,PREDRAFT,4,0,0,0,0,True,False
503,Graham Gano,K,,True,Active,Questionable,,,,FA,FA,FA,FA,PREDRAFT,4,0,0,0,0,True,False
5272,Greg Joseph,K,,True,Active,,,,,FA,FA,FA,FA,PREDRAFT,4,0,0,0,0,True,False
1266,Greg Zuerlein,K,,True,Active,Questionable,,,,FA,FA,FA,FA,PREDRAFT,4,0,0,0,0,True,False
7071,JJ Molson,K,,True,Active,,,,,FA,FA,FA,FA,PREDRAFT,4,0,0,0,0,True,False
11077,Jack Podlesny,K,,True,Active,,,,,FA,FA,FA,FA,PREDRAFT,4,0,0,0,0,True,False
10937,Jake Moody,K,BAL,True,Active,,,,,FA,FA,FA,FA,PREDRAFT,4,0,0,0,0,True,False
8056,Jake Verity,K,,True,Active,,,,,FA,FA,FA,FA,PREDRAFT,4,0,0,0,0,True,False
8577,James McCourt,K,,True,Active,,,,,FA,FA,FA,FA,PREDRAFT,4,0,0,0,0,True,False
12156,James Turner,K,,True,Active,,,,,FA,FA,FA,FA,PREDRAFT,4,0,0,0,0,True,False
5119,Jason Sanders,K,NYJ,True,Active,,,,,FA,FA,FA,FA,PREDRAFT,4,0,0,0,0,True,False
6528,Joey Slye,K,TEN,True,Active,,,K,1,FA,FA,FA,FA,PREDRAFT,4,0,0,0,0,True,False
6621,John Baron,K,,True,Active,,,,,FA,FA,FA,FA,PREDRAFT,4,0,0,0,0,True,False
13211,John Hoyland,K,,True,Active,,,,,FA,FA,FA,FA,PREDRAFT,4,0,0,0,0,True,False
3574,John Lunsford,K,,True,Active,,,,,FA,FA,FA,FA,PREDRAFT,4,0,0,0,0,True,False
3805,Jon Brown,K,,True,Active,,,,,FA,FA,FA,FA,PREDRAFT,4,0,0,0,0,True,False
8812,Jonathan Garibay,K,,True,Active,,,,,FA,FA,FA,FA,PREDRAFT,4,0,0,0,0,True,False
12750,Jonathan Kim,K,,True,Active,,,,,FA,FA,FA,FA,PREDRAFT,4,0,0,0,0,True,False
7961,Jose Borregales,K,,True,Active,,,,,FA,FA,FA,FA,PREDRAFT,4,0,0,0,0,True,False
2671,Josh Lambo,K,,True,Active,,,,,FA,FA,FA,FA,PREDRAFT,4,0,0,0,0,True,False
11789,Joshua Karty,K,,True,Active,,,,,FA,FA,FA,FA,PREDRAFT,4,0,0,0,0,True,False
12385,Jude McAtamney,K,,True,Active,,,,,FA,FA,FA,FA,PREDRAFT,4,0,0,0,0,True,False
2911,Justin Manton,K,,True,Active,,,,,FA,FA,FA,FA,PREDRAFT,4,0,0,0,0,True,False
7121,Justin Rohrwasser,K,,True,Inactive,,,,,FA,FA,FA,FA,PREDRAFT,4,0,0,0,0,True,False
1264,Justin Tucker,K,,True,Active,,,,,FA,FA,FA,FA,PREDRAFT,4,0,0,0,0,True,False
5460,Kaare Vedvik,K,,True,Active,,,,,FA,FA,FA,FA,PREDRAFT,4,0,0,0,0,True,False
1287,Kai Forbath,K,,True,Inactive,,,,,FA,FA,FA,FA,PREDRAFT,4,0,0,0,0,True,False
13804,Kansei Matsuzawa,K,LV,True,Active,,,,,FA,FA,FA,FA,PREDRAFT,4,0,0,0,0,True,False
13813,Laith Marjan,K,,True,Active,,,,,FA,FA,FA,FA,PREDRAFT,4,0,0,0,0,True,False
12548,Lenny Krieg,K,GB,True,Active,,,,,FA,FA,FA,FA,PREDRAFT,4,0,0,0,0,True,False
7094,Lirim Hajrullahu,K,,True,Active,,,,,FA,FA,FA,FA,PREDRAFT,4,0,0,0,0,True,False
8932,Lucas Havrisik,K,,True,Active,,,,,FA,FA,FA,FA,PREDRAFT,4,0,0,0,0,True,False
13731,Luke Drzewiecki,K,,True,Active,,,,,FA,FA,FA,FA,PREDRAFT,4,0,0,0,0,True,False
12824,Maddux Trujillo,K,,True,Active,,,,,FA,FA,FA,FA,PREDRAFT,4,0,0,0,0,True,False
13237,Mark McNamee,K,,True,Active,,,,,FA,FA,FA,FA,PREDRAFT,4,0,0,0,0,True,False
3579,Marshall Morgan,K,,True,Active,,,,,FA,FA,FA,FA,PREDRAFT,4,0,0,0,0,True,False
59,Mason Crosby,K,,True,Active,,,,,FA,FA,FA,FA,PREDRAFT,4,0,0,0,0,True,False
13644,Mason Shipley,K,,True,Active,,,,,FA,FA,FA,FA,PREDRAFT,4,0,0,0,0,True,False
7617,Matt Ammendola,K,,True,Active,,,,,FA,FA,FA,FA,PREDRAFT,4,0,0,0,0,True,False
127,Matt Bryant,K,,True,Active,,,,,FA,FA,FA,FA,PREDRAFT,4,0,0,0,0,True,False
6083,Matt Gay,K,LV,True,Active,,,K,1,FA,FA,FA,FA,PREDRAFT,4,0,0,0,0,True,False
5386,Matt McCrane,K,,True,Active,,,,,FA,FA,FA,FA,PREDRAFT,4,0,0,0,0,True,False
17,Matt Prater,K,,True,Active,,,,,FA,FA,FA,FA,PREDRAFT,4,0,0,0,0,True,False
11532,Matthew Trickett,K,,True,Active,,,,,FA,FA,FA,FA,PREDRAFT,4,0,0,0,0,True,False
6268,Matthew Wright,K,,True,Active,,,,,FA,FA,FA,FA,PREDRAFT,4,0,0,0,0,True,False
5230,Michael Badgley,K,,True,Active,,,,,FA,FA,FA,FA,PREDRAFT,4,0,0,0,0,True,False
2819,Mike Meyer,K,,True,Active,,,,,FA,FA,FA,FA,PREDRAFT,4,0,0,0,0,True,False
658,Mike Nugent,K,,True,Inactive,,,,,FA,FA,FA,FA,PREDRAFT,4,0,0,0,0,True,False
650,Nick Folk,K,ATL,True,Active,,,K,1,FA,FA,FA,FA,PREDRAFT,4,0,0,0,0,True,False
8893,Nick Sciba,K,,True,Active,,,,,FA,FA,FA,FA,PREDRAFT,4,0,0,0,0,True,False
7201,Nick Vogel,K,,True,Active,,,,,FA,FA,FA,FA,PREDRAFT,4,0,0,0,0,True,False
12312,Noah Rauschenberg,K,,True,Active,,,,,FA,FA,FA,FA,PREDRAFT,4,0,0,0,0,True,False
8670,Parker Romo,K,,True,Active,,,,,FA,FA,FA,FA,PREDRAFT,4,0,0,0,0,True,False
8937,Parker White,K,,True,Active,,,,,FA,FA,FA,FA,PREDRAFT,4,0,0,0,0,True,False
13990,Paul Geelen,K,,True,Active,,,,,FA,FA,FA,FA,PREDRAFT,4,0,0,0,0,True,False
5838,Phillip Andersen,K,,True,Active,,,,,FA,FA,FA,FA,PREDRAFT,4,0,0,0,0,True,False
8040,Quinn Nordin,K,,True,Active,,,,,FA,FA,FA,FA,PREDRAFT,4,0,0,0,0,True,False
7105,Ramiz Ahmed,K,,True,Active,,,,,FA,FA,FA,FA,PREDRAFT,4,0,0,0,0,True,False
1099,Randy Bullock,K,,True,Active,,,,,FA,FA,FA,FA,PREDRAFT,4,0,0,0,0,True,False
5837,Redford Jones,K,,True,Active,,,,,FA,FA,FA,FA,PREDRAFT,4,0,0,0,0,True,False
7922,Riley Patterson,K,MIA,True,Active,,,K,1,FA,FA,FA,FA,PREDRAFT,4,0,0,0,0,True,False
49,Robbie Gould,K,,True,Active,,,,,FA,FA,FA,FA,PREDRAFT,4,0,0,0,0,True,False
7062,Rodrigo Blankenship,K,,True,Active,,,,,FA,FA,FA,FA,PREDRAFT,4,0,0,0,0,True,False
3460,Ross Martin,K,,True,Active,,,,,FA,FA,FA,FA,PREDRAFT,4,0,0,0,0,True,False
12791,Ryan Coe,K,,True,Active,,,,,FA,FA,FA,FA,PREDRAFT,4,0,0,0,0,True,False
12961,Ryan Fitzgerald,K,CAR,True,Active,,,K,1,FA,FA,FA,FA,PREDRAFT,4,0,0,0,0,True,False
5692,Ryan Santoso,K,,True,Active,,,,,FA,FA,FA,FA,PREDRAFT,4,0,0,0,0,True,False
391,Ryan Succop,K,,True,Active,,,,,FA,FA,FA,FA,PREDRAFT,4,0,0,0,0,True,False
3909,Sam Ficken,K,,True,Active,,,,,FA,FA,FA,FA,PREDRAFT,4,0,0,0,0,True,False
7152,Sam Sloman,K,,True,Active,,,,,FA,FA,FA,FA,PREDRAFT,4,0,0,0,0,True,False
7515,Sergio Castillo,K,,True,Active,,,,,FA,FA,FA,FA,PREDRAFT,4,0,0,0,0,True,False
12185,Spencer Shrader,K,IND,True,Active,,,K,1,FA,FA,FA,FA,PREDRAFT,4,0,0,0,0,True,False
110,Stephen Gostkowski,K,,True,Inactive,,,,,FA,FA,FA,FA,PREDRAFT,4,0,0,0,0,True,False
775,Stephen Hauschka,K,,True,Injured Reserve,,,,,FA,FA,FA,FA,PREDRAFT,4,0,0,0,0,True,False
11145,Tanner Brown,K,,True,Active,,,,,FA,FA,FA,FA,PREDRAFT,4,0,0,0,0,True,False
3467,Taylor Bertolet,K,,True,Inactive,,,,,FA,FA,FA,FA,PREDRAFT,4,0,0,0,0,True,False
7518,Taylor Russolino,K,,True,Active,,,,,FA,FA,FA,FA,PREDRAFT,4,0,0,0,0,True,False
5397,Trevor Moore,K,,True,Active,,,,,FA,FA,FA,FA,PREDRAFT,4,0,0,0,0,True,False
13545,Trey Smack,K,GB,True,Active,,,K,1,FA,FA,FA,FA,PREDRAFT,4,0,0,0,0,True,False
11457,Trey Wolff,K,,True,Active,,,,,FA,FA,FA,FA,PREDRAFT,4,0,0,0,0,True,False
5823,Tristan Vizcaino,K,,True,Active,,,,,FA,FA,FA,FA,PREDRAFT,4,0,0,0,0,True,False
7446,Tucker McCann,K,,True,Active,,,,,FA,FA,FA,FA,PREDRAFT,4,0,0,0,0,True,False
5251,Tyler Davis,K,,True,Active,,,,,FA,FA,FA,FA,PREDRAFT,4,0,0,0,0,True,False
12403,Valentino Ambrosio,K,,True,Active,,,,,FA,FA,FA,FA,PREDRAFT,4,0,0,0,0,True,False
12372,Vincent Blanchard,K,,True,Active,,,,,FA,FA,FA,FA,PREDRAFT,4,0,0,0,0,True,False
13838,Will Ferrin,K,,True,Active,,,,,FA,FA,FA,FA,PREDRAFT,4,0,0,0,0,True,False
4666,Younghoe Koo,K,,True,Active,,,,,FA,FA,FA,FA,PREDRAFT,4,0,0,0,0,True,False
4233,Zane Gonzalez,K,,True,Inactive,Questionable,,,,FA,FA,FA,FA,PREDRAFT,4,0,0,0,0,True,False
8320,A.Hansford Hansford,LB,,True,Active,,,,,FA,FA,FA,FA,PREDRAFT,4,0,0,0,0,True,False
1547,A.J. Klein,LB,,True,Active,,,,,FA,FA,FA,FA,PREDRAFT,4,0,0,0,0,True,False
6544,Aaron Adeoye,LB,,True,Active,,,,,FA,FA,FA,FA,PREDRAFT,4,0,0,0,0,True,False
12049,Aaron Beasley,LB,,True,Active,,,,,FA,FA,FA,FA,PREDRAFT,4,0,0,0,0,True,False
12330,Aaron Brule,LB,,True,Active,,,,,FA,FA,FA,FA,PREDRAFT,4,0,0,0,0,True,False
12060,Aaron Casey,LB,,True,Active,,,,,FA,FA,FA,FA,PREDRAFT,4,0,0,0,0,True,False
8032,Aaron Donkor,LB,,True,Active,,,,,FA,FA,FA,FA,PREDRAFT,4,0,0,0,0,True,False
2259,Aaron Lynch,LB,,True,Inactive,,,,,FA,FA,FA,FA,PREDRAFT,4,0,0,0,0,True,False
13148,Aaron Smith,LB,,True,Active,IR,,LB,,FA,FA,FA,FA,PREDRAFT,4,0,0,0,0,True,False
4687,Abner Logan,LB,,True,Active,,,,,FA,FA,FA,FA,PREDRAFT,4,0,0,0,0,True,False
11074,Abraham Beauplan,LB,,True,Active,,,,,FA,FA,FA,FA,PREDRAFT,4,0,0,0,0,True,False
11492,Ace Eley,LB,,True,Active,,,,,FA,FA,FA,FA,PREDRAFT,4,0,0,0,0,True,False
2190,Adarius Taylor,LB,,True,Active,,,,,FA,FA,FA,FA,PREDRAFT,4,0,0,0,0,True,False
7810,Ade Ogundeji,LB,,True,Active,,,,,FA,FA,FA,FA,PREDRAFT,4,0,0,0,0,True,False
6398,Ahmad Gooden,LB,,True,Active,,,,,FA,FA,FA,FA,PREDRAFT,4,0,0,0,0,True,False
13572,Aiden Fisher,LB,HOU,True,Active,,,MLB,3,FA,FA,FA,FA,PREDRAFT,4,0,0,0,0,True,False
6860,Akeem Davis-Gaither,LB,IND,True,Active,,,LOLB,1,FA,FA,FA,FA,PREDRAFT,4,0,0,0,0,True,False
7743,Alani Pututau,LB,,True,Inactive,,,,,FA,FA,FA,FA,PREDRAFT,4,0,0,0,0,True,False
1000,Albert McClellan,LB,,True,Active,,,,,FA,FA,FA,FA,PREDRAFT,4,0,0,0,0,True,False
13176,Ale Kaho,LB,WAS,True,Active,,,,,FA,FA,FA,FA,PREDRAFT,4,0,0,0,0,True,False
12104,Alec Mock,LB,,True,Active,,,,,FA,FA,FA,FA,PREDRAFT,4,0,0,0,0,True,False
1572,Alec Ogletree,LB,,True,Active,,,,,FA,FA,FA,FA,PREDRAFT,4,0,0,0,0,True,False
4118,Alex Anzalone,LB,TB,True,Active,,,RILB,1,FA,FA,FA,FA,PREDRAFT,4,0,0,0,0,True,False
7113,Alex Highsmith,LB,PIT,True,Active,,,ROLB,1,FA,FA,FA,FA,PREDRAFT,4,0,0,0,0,True,False
2617,Alex Singleton,LB,DEN,True,Active,,,RILB,1,FA,FA,FA,FA,PREDRAFT,4,0,0,0,0,True,False
8098,Alex Tchangam,LB,,True,Active,,,,,FA,FA,FA,FA,PREDRAFT,4,0,0,0,0,True,False
5822,Alexander Johnson,LB,,True,Active,,,,,FA,FA,FA,FA,PREDRAFT,4,0,0,0,0,True,False
13252,Alphonzo Tuputala,LB,,True,Active,,,,,FA,FA,FA,FA,PREDRAFT,4,0,0,0,0,True,False
11003,Amari Burney,LB,,True,Active,,,,,FA,FA,FA,FA,PREDRAFT,4,0,0,0,0,True,False
11855,Amari Gainer,LB,MIA,True,Active,,,,,FA,FA,FA,FA,PREDRAFT,4,0,0,0,0,True,False
7936,Amen Ogbongbemiga,LB,DET,True,Active,,,,,FA,FA,FA,FA,PREDRAFT,4,0,0,0,0,True,False
11084,Andre Carter,LB,LAC,True,Active,,,,,FA,FA,FA,FA,PREDRAFT,4,0,0,0,0,True,False
8024,Andre Mintze,LB,,True,Active,,,,,FA,FA,FA,FA,PREDRAFT,4,0,0,0,0,True,False
5340,Andre Smith,LB,,True,Active,,,,,FA,FA,FA,FA,PREDRAFT,4,0,0,0,0,True,False
6611,Andrew Dowell,LB,,True,Active,,,,,FA,FA,FA,FA,PREDRAFT,4,0,0,0,0,True,False
11122,Andrew Farmer,LB,SF,True,Inactive,IR,,DL,,FA,FA,FA,FA,PREDRAFT,4,0,0,0,0,True,False
14007,Andrew Jones,LB,,True,Active,,,,,FA,FA,FA,FA,PREDRAFT,4,0,0,0,0,True,False
12223,Andrew Parker,LB,,True,Active,,,,,FA,FA,FA,FA,PREDRAFT,4,0,0,0,0,True,False
6183,Andrew Van Ginkel,LB,MIN,True,Active,,,ROLB,1,FA,FA,FA,FA,PREDRAFT,4,0,0,0,0,True,False
8743,Andrzej Hughes-Murray,LB,,True,Active,,,,,FA,FA,FA,FA,PREDRAFT,4,0,0,0,0,True,False
6848,Anfernee Jennings,LB,NO,True,Active,,,ROLB,3,FA,FA,FA,FA,PREDRAFT,4,0,0,0,0,True,False
11108,Anfernee Orji,LB,,True,Active,,,,,FA,FA,FA,FA,PREDRAFT,4,0,0,0,0,True,False
2151,Anthony Barr,LB,,True,Active,,,,,FA,FA,FA,FA,PREDRAFT,4,0,0,0,0,True,False
8007,Anthony Butler,LB,,True,Inactive,,,,,FA,FA,FA,FA,PREDRAFT,4,0,0,0,0,True,False
2513,Anthony Chickillo,LB,,True,Injured Reserve,,,,,FA,FA,FA,FA,PREDRAFT,4,0,0,0,0,True,False
13365,Anthony Hill,LB,TEN,True,Active,,,LOLB,2,FA,FA,FA,FA,PREDRAFT,4,0,0,0,0,True,False
7857,Anthony Hines,LB,,True,Active,,,,,FA,FA,FA,FA,PREDRAFT,4,0,0,0,0,True,False
2062,Anthony Hitchens,LB,KC,True,Active,,,,,FA,FA,FA,FA,PREDRAFT,4,0,0,0,0,True,False
6003,Anthony Nelson,LB,TB,True,Active,,,LOLB,2,FA,FA,FA,FA,PREDRAFT,4,0,0,0,0,True,False
6651,Anthony Pittman,LB,,True,Active,,,,,FA,FA,FA,FA,PREDRAFT,4,0,0,0,0,True,False
4203,Anthony Walker,LB,,True,Active,,,,,FA,FA,FA,FA,PREDRAFT,4,0,0,0,0,True,False
11986,Antonio Grier,LB,,True,Active,,,,,FA,FA,FA,FA,PREDRAFT,4,0,0,0,0,True,False
13626,Arden Walker,LB,,True,Active,,,,,FA,FA,FA,FA,PREDRAFT,4,0,0,0,0,True,False
8569,Arron Mosby,LB,GB,True,Active,,,,,FA,FA,FA,FA,PREDRAFT,4,0,0,0,0,True,False
13377,Arvell Reese,LB,NYG,True,Active,,,LILB,1,FA,FA,FA,FA,PREDRAFT,4,0,0,0,0,True,False
7328,Asmar Bilal,LB,,True,Active,,,,,FA,FA,FA,FA,PREDRAFT,4,0,0,0,0,True,False
11059,Aubrey Miller,LB,,True,Active,,,,,FA,FA,FA,FA,PREDRAFT,4,0,0,0,0,True,False
11066,Austin Ajiake,LB,IND,True,Active,,,ROLB,1,FA,FA,FA,FA,PREDRAFT,4,0,0,0,0,True,False
5942,Austin Bryant,LB,,True,Inactive,,,,,FA,FA,FA,FA,PREDRAFT,4,0,0,0,0,True,False
4811,Austin Calitro,LB,,True,Active,,,,,FA,FA,FA,FA,PREDRAFT,4,0,0,0,0,True,False
4830,Austin Gearing,LB,,True,Active,,,,,FA,FA,FA,FA,PREDRAFT,4,0,0,0,0,True,False
12948,Austin Keys,LB,,True,Inactive,Questionable,,,,FA,FA,FA,FA,PREDRAFT,4,0,0,0,0,True,False
1940,Avery Williamson,LB,,True,Active,,,,,FA,FA,FA,FA,PREDRAFT,4,0,0,0,0,True,False
6485,Azeez Al-Shaair,LB,HOU,True,Active,,,MLB,1,FA,FA,FA,FA,PREDRAFT,4,0,0,0,0,True,False
7653,Azeez Ojulari,LB,LV,True,Active,,,,,FA,FA,FA,FA,PREDRAFT,4,0,0,0,0,True,False
4558,B.J. Bello,LB,,True,Active,,,,,FA,FA,FA,FA,PREDRAFT,4,0,0,0,0,True,False
3270,B.J. Goodson,LB,,True,Injured Reserve,,,,,FA,FA,FA,FA,PREDRAFT,4,0,0,0,0,True,False
12407,BJ Davis,LB,,True,Active,,,,,FA,FA,FA,FA,PREDRAFT,4,0,0,0,0,True,False
12956,Bam Martin-Scott,LB,CAR,True,Active,IR,,LILB,2,FA,FA,FA,FA,PREDRAFT,4,0,0,0,0,True,False
14024,Bangally Kamara,LB,MIN,True,Active,,,,,FA,FA,FA,FA,PREDRAFT,4,0,0,0,0,True,False
1405,Barkevious Mingo,LB,,True,Inactive,,,,,FA,FA,FA,FA,PREDRAFT,4,0,0,0,0,True,False
7681,Baron Browning,LB,ARI,True,Active,,,LOLB,2,FA,FA,FA,FA,PREDRAFT,4,0,0,0,0,True,False
12646,Barrett Carter,LB,CIN,True,Active,,,MLB,1,FA,FA,FA,FA,PREDRAFT,4,0,0,0,0,True,False
8059,Barrington Wade,LB,,True,Active,,,,,FA,FA,FA,FA,PREDRAFT,4,0,0,0,0,True,False
8299,Baylon Spector,LB,,True,Active,,,,,FA,FA,FA,FA,PREDRAFT,4,0,0,0,0,True,False
6098,Ben Burr-Kirven,LB,,True,Active,,,,,FA,FA,FA,FA,PREDRAFT,4,0,0,0,0,True,False
4172,Ben Gedeon,LB,,True,Inactive,,,,,FA,FA,FA,FA,PREDRAFT,4,0,0,0,0,True,False
5576,Ben Niemann,LB,,True,Active,,,,,FA,FA,FA,FA,PREDRAFT,4,0,0,0,0,True,False
11273,Ben VanSumeren,LB,KC,True,Active,,,,,FA,FA,FA,FA,PREDRAFT,4,0,0,0,0,True,False
2348,Benardrick McKinney,LB,,True,Active,,,,,FA,FA,FA,FA,PREDRAFT,4,0,0,0,0,True,False
12400,Billy Shaeffer,LB,,True,Active,,,,,FA,FA,FA,FA,PREDRAFT,4,0,0,0,0,True,False
6217,Blake Cashman,LB,MIN,True,Active,,,RILB,1,FA,FA,FA,FA,PREDRAFT,4,0,0,0,0,True,False
8100,Blake Gallagher,LB,,True,Active,,,,,FA,FA,FA,FA,PREDRAFT,4,0,0,0,0,True,False
7364,Blake Lynch,LB,,True,Active,,,,,FA,FA,FA,FA,PREDRAFT,4,0,0,0,0,True,False
3291,Blake Martinez,LB,,True,Active,,,,,FA,FA,FA,FA,PREDRAFT,4,0,0,0,0,True,False
12253,Bo Bauer,LB,,True,Active,,,,,FA,FA,FA,FA,PREDRAFT,4,0,0,0,0,True,False
5944,Bobby Okereke,LB,CAR,True,Active,,,LILB,3,FA,FA,FA,FA,PREDRAFT,4,0,0,0,0,True,False
1233,Bobby Wagner,LB,,True,Active,,,,,FA,FA,FA,FA,PREDRAFT,4,0,0,0,0,True,False
4967,Bradley Chubb,LB,BUF,True,Active,,,ROLB,1,FA,FA,FA,FA,PREDRAFT,4,0,0,0,0,True,False
4761,Brady Sheldon,LB,,True,Active,,,,,FA,FA,FA,FA,PREDRAFT,4,0,0,0,0,True,False
11428,Brandon Bouyer-Randle,LB,,True,Inactive,,,,,FA,FA,FA,FA,PREDRAFT,4,0,0,0,0,True,False
1657,Brandon Copeland,LB,,True,Active,,,,,FA,FA,FA,FA,PREDRAFT,4,0,0,0,0,True,False
12808,Brandon George,LB,,True,Active,,,,,FA,FA,FA,FA,PREDRAFT,4,0,0,0,0,True,False
2724,Brandon King,LB,,True,Active,,,,,FA,FA,FA,FA,PREDRAFT,4,0,0,0,0,True,False
1118,Brandon Marshall,LB,,True,Active,,,,,FA,FA,FA,FA,PREDRAFT,4,0,0,0,0,True,False
8324,Brandon Smith,LB,,True,Active,,,,,FA,FA,FA,FA,PREDRAFT,4,0,0,0,0,True,False
7484,Brandon Wellington,LB,,True,Active,,,,,FA,FA,FA,FA,PREDRAFT,4,0,0,0,0,True,False
12917,Branson Combs,LB,JAX,True,Active,,,ROLB,2,FA,FA,FA,FA,PREDRAFT,4,0,0,0,0,True,False
8046,Brendon White,LB,NYJ,True,Active,,,,,FA,FA,FA,FA,PREDRAFT,4,0,0,0,0,True,False
3734,Brennan Scarlett,LB,,True,Active,,,,,FA,FA,FA,FA,PREDRAFT,4,0,0,0,0,True,False
11193,Brenton Cox,LB,GB,True,Active,,,LOLB,2,FA,FA,FA,FA,PREDRAFT,4,0,0,0,0,True,False
5582,Brett Taylor,LB,,True,Active,,,,,FA,FA,FA,FA,PREDRAFT,4,0,0,0,0,True,False
11118,Brevin Allen,LB,,True,Active,,,,,FA,FA,FA,FA,PREDRAFT,4,0,0,0,0,True,False
8283,Brian Asamoah,LB,,True,Active,Questionable,,,,FA,FA,FA,FA,PREDRAFT,4,0,0,0,0,True,False
12088,Brock Mogensen,LB,,True,Active,,,,,FA,FA,FA,FA,PREDRAFT,4,0,0,0,0,True,False
855,Brooks Reed,LB,,True,Inactive,,,,,FA,FA,FA,FA,PREDRAFT,4,0,0,0,0,True,False
1242,Bruce Irvin,LB,,True,Active,,,,,FA,FA,FA,FA,PREDRAFT,4,0,0,0,0,True,False
7490,Bryan London,LB,,True,Active,,,,,FA,FA,FA,FA,PREDRAFT,4,0,0,0,0,True,False
7303,Bryan Wright,LB,,True,Active,,,,,FA,FA,FA,FA,PREDRAFT,4,0,0,0,0,True,False
13481,Bryce Boettcher,LB,IND,True,Active,,,MLB,2,FA,FA,FA,FA,PREDRAFT,4,0,0,0,0,True,False
12199,Bryce Gallagher,LB,,True,Active,,,,,FA,FA,FA,FA,PREDRAFT,4,0,0,0,0,True,False
2523,Bryce Hager,LB,,True,Inactive,,,,,FA,FA,FA,FA,PREDRAFT,4,0,0,0,0,True,False
12207,Bryce Houston,LB,,True,Active,,,,,FA,FA,FA,FA,PREDRAFT,4,0,0,0,0,True,False
8883,Bryce Notree,LB,,True,Active,,,,,FA,FA,FA,FA,PREDRAFT,4,0,0,0,0,True,False
7184,Bryson Young,LB,,True,Active,,,,,FA,FA,FA,FA,PREDRAFT,4,0,0,0,0,True,False
2327,Bud Dupree,LB,LAC,True,Active,,,LOLB,2,FA,FA,FA,FA,PREDRAFT,4,0,0,0,0,True,False
7704,Buddy Johnson,LB,CHI,True,Active,,,,,FA,FA,FA,FA,PREDRAFT,4,0,0,0,0,True,False
11335,Bumper Pool,LB,,True,Active,,,,,FA,FA,FA,FA,PREDRAFT,4,0,0,0,0,True,False
12091,Byron Vaughns,LB,,True,Active,,,,,FA,FA,FA,FA,PREDRAFT,4,0,0,0,0,True,False
10917,Byron Young,LB,LAR,True,Active,,,LOLB,1,FA,FA,FA,FA,PREDRAFT,4,0,0,0,0,True,False
8696,C.J. Avery,LB,,True,Active,,,,,FA,FA,FA,FA,PREDRAFT,4,0,0,0,0,True,False
1875,C.J. Mosley,LB,,True,Active,,,,,FA,FA,FA,FA,PREDRAFT,4,0,0,0,0,True,False
13388,CJ Allen,LB,IND,True,Active,,,MLB,1,FA,FA,FA,FA,PREDRAFT,4,0,0,0,0,True,False
13971,Caden Fordham,LB,,True,Active,,,,,FA,FA,FA,FA,PREDRAFT,4,0,0,0,0,True,False
7447,Cale Garrett,LB,,True,Active,,,,,FA,FA,FA,FA,PREDRAFT,4,0,0,0,0,True,False
7846,Caleb Johnson,LB,,True,Active,,,,,FA,FA,FA,FA,PREDRAFT,4,0,0,0,0,True,False
11303,Caleb Johnson,LB,,True,Active,,,,,FA,FA,FA,FA,PREDRAFT,4,0,0,0,0,True,False
8599,Caliph Brice,LB,,True,Active,,,,,FA,FA,FA,FA,PREDRAFT,4,0,0,0,0,True,False
7902,Calvin Bundage,LB,,True,Active,,,,,FA,FA,FA,FA,PREDRAFT,4,0,0,0,0,True,False
4643,Calvin Munson,LB,,True,Active,,,,,FA,FA,FA,FA,PREDRAFT,4,0,0,0,0,True,False
11218,Cam Bright,LB,,True,Active,,,,,FA,FA,FA,FA,PREDRAFT,4,0,0,0,0,True,False
7020,Cam Brown,LB,,True,Active,,,,,FA,FA,FA,FA,PREDRAFT,4,0,0,0,0,True,False
7451,Cam Gill,LB,CAR,True,Active,,,,,FA,FA,FA,FA,PREDRAFT,4,0,0,0,0,True,False
11315,Cam Jones,LB,KC,True,Active,,,,,FA,FA,FA,FA,PREDRAFT,4,0,0,0,0,True,False
12970,Cam Riley,LB,,True,Active,,,,,FA,FA,FA,FA,PREDRAFT,4,0,0,0,0,True,False
13614,Cam'Ron Stewart,LB,MIN,True,Active,,,,,FA,FA,FA,FA,PREDRAFT,4,0,0,0,0,True,False
8526,Cameron Goode,LB,,True,Active,,,,,FA,FA,FA,FA,PREDRAFT,4,0,0,0,0,True,False
7814,Cameron McGrone,LB,LV,True,Active,,,,,FA,FA,FA,FA,PREDRAFT,4,0,0,0,0,True,False
6176,Cameron Smith,LB,,True,Injured Reserve,,,,,FA,FA,FA,FA,PREDRAFT,4,0,0,0,0,True,False
7884,Carlo Kemp,LB,,True,Active,,,,,FA,FA,FA,FA,PREDRAFT,4,0,0,0,0,True,False
12733,Carson Bruener,LB,PIT,True,Active,,,LILB,2,FA,FA,FA,FA,PREDRAFT,4,0,0,0,0,True,False
12578,Carson Schwesinger,LB,CLE,True,Active,,,MLB,1,FA,FA,FA,FA,PREDRAFT,4,0,0,0,0,True,False
8781,Carson Wells,LB,,True,Active,,,,,FA,FA,FA,FA,PREDRAFT,4,0,0,0,0,True,False
7011,Carter Coughlin,LB,,True,Active,,,,,FA,FA,FA,FA,PREDRAFT,4,0,0,0,0,True,False
7130,Cassh Maluia,LB,,True,Active,,,,,FA,FA,FA,FA,PREDRAFT,4,0,0,0,0,True,False
2275,Cassius Marsh,LB,,True,Active,,,,,FA,FA,FA,FA,PREDRAFT,4,0,0,0,0,True,False
11742,Cedric Gray,LB,TEN,True,Active,,,LOLB,1,FA,FA,FA,FA,PREDRAFT,4,0,0,0,0,True,False
8371,Chad Muma,LB,,True,Active,,,,,FA,FA,FA,FA,PREDRAFT,4,0,0,0,0,True,False
8369,Chance Campbell,LB,PHI,True,Active,,,,,FA,FA,FA,FA,PREDRAFT,4,0,0,0,0,True,False
1038,Chandler Jones,LB,,True,Active,,,,,FA,FA,FA,FA,PREDRAFT,4,0,0,0,0,True,False
13155,Chandler Martin,LB,NYG,True,Active,,,,,FA,FA,FA,FA,PREDRAFT,4,0,0,0,0,True,False
8635,Chandler Wooten,LB,,True,Active,,,,,FA,FA,FA,FA,PREDRAFT,4,0,0,0,0,True,False
8272,Channing Tindall,LB,,True,Active,,,,,FA,FA,FA,FA,PREDRAFT,4,0,0,0,0,True,False
7000,Chapelle Russell,LB,,True,Active,,,,,FA,FA,FA,FA,PREDRAFT,4,0,0,0,0,True,False
4075,Charles Harris,LB,,True,Active,,,,,FA,FA,FA,FA,PREDRAFT,4,0,0,0,0,True,False
7849,Charles Snowden,LB,,True,Inactive,Sus,,,,FA,FA,FA,FA,PREDRAFT,4,0,0,0,0,True,False
11272,Charlie Thomas,LB,,True,Active,,,,,FA,FA,FA,FA,PREDRAFT,4,0,0,0,0,True,False
4755,Charmeachealle Moore,LB,,True,Active,,,,,FA,FA,FA,FA,PREDRAFT,4,0,0,0,0,True,False
5952,Chase Hansen,LB,,True,Active,,,,,FA,FA,FA,FA,PREDRAFT,4,0,0,0,0,True,False
6340,Chase Middleton,LB,,True,Active,,,,,FA,FA,FA,FA,PREDRAFT,4,0,0,0,0,True,False
14051,Chase Wilson,LB,,True,Active,,,,,FA,FA,FA,FA,PREDRAFT,4,0,0,0,0,True,False
8603,Chauncey Manac,LB,,True,Active,,,,,FA,FA,FA,FA,PREDRAFT,4,0,0,0,0,True,False
7019,Chauncey Rivers,LB,,True,Active,,,,,FA,FA,FA,FA,PREDRAFT,4,0,0,0,0,True,False
7673,Chazz Surratt,LB,SEA,True,Active,,,LILB,3,FA,FA,FA,FA,PREDRAFT,4,0,0,0,0,True,False
5753,Chris Board,LB,,True,Active,Questionable,,,,FA,FA,FA,FA,PREDRAFT,4,0,0,0,0,True,False
11679,Chris Braswell,LB,HOU,True,Active,,,,,FA,FA,FA,FA,PREDRAFT,4,0,0,0,0,True,False
12287,Chris Chukwuneke,LB,,True,Active,,,,,FA,FA,FA,FA,PREDRAFT,4,0,0,0,0,True,False
12418,Chris Collins,LB,,True,Active,,,,,FA,FA,FA,FA,PREDRAFT,4,0,0,0,0,True,False
5331,Chris Covington,LB,,True,Active,,,,,FA,FA,FA,FA,PREDRAFT,4,0,0,0,0,True,False
5511,Chris Frey,LB,,True,Active,,,,,FA,FA,FA,FA,PREDRAFT,4,0,0,0,0,True,False
7945,Chris Garrett,LB,,True,Active,,,,,FA,FA,FA,FA,PREDRAFT,4,0,0,0,0,True,False
7225,Chris Orr,LB,,True,Inactive,,,,,FA,FA,FA,FA,PREDRAFT,4,0,0,0,0,True,False
12659,Chris Paul,LB,,True,Inactive,Questionable,,,,FA,FA,FA,FA,PREDRAFT,4,0,0,0,0,True,False
7721,Chris Rumph,LB,NO,True,Active,Questionable,,LOLB,3,FA,FA,FA,FA,PREDRAFT,4,0,0,0,0,True,False
12442,Chris Russell,LB,,True,Active,,,,,FA,FA,FA,FA,PREDRAFT,4,0,0,0,0,True,False
8720,Christian Albright,LB,,True,Active,,,,,FA,FA,FA,FA,PREDRAFT,4,0,0,0,0,True,False
7921,Christian Elliss,LB,NE,True,Active,,,RILB,1,FA,FA,FA,FA,PREDRAFT,4,0,0,0,0,True,False
8278,Christian Harris,LB,ATL,True,Active,,,LILB,1,FA,FA,FA,FA,PREDRAFT,4,0,0,0,0,True,False
2110,Christian Jones,LB,,True,Active,,,,,FA,FA,FA,FA,PREDRAFT,4,0,0,0,0,True,False
1905,Christian Kirksey,LB,,True,Active,,,,,FA,FA,FA,FA,PREDRAFT,4,0,0,0,0,True,False
5986,Christian Miller,LB,,True,Active,,,,,FA,FA,FA,FA,PREDRAFT,4,0,0,0,0,True,False
7346,Christian Rozeboom,LB,TB,True,Active,,,RILB,2,FA,FA,FA,FA,PREDRAFT,4,0,0,0,0,True,False
13897,Christian Thomas,LB,,True,Active,,,,,FA,FA,FA,FA,PREDRAFT,4,0,0,0,0,True,False
8277,Christopher Allen,LB,,True,Active,,,,,FA,FA,FA,FA,PREDRAFT,4,0,0,0,0,True,False
8555,Chuck Wiley,LB,,True,Active,,,,,FA,FA,FA,FA,PREDRAFT,4,0,0,0,0,True,False
8780,Clarence Hicks,LB,,True,Active,,,,,FA,FA,FA,FA,PREDRAFT,4,0,0,0,0,True,False
11305,Claudin Cherelus,LB,CAR,True,Active,,,RILB,2,FA,FA,FA,FA,PREDRAFT,4,0,0,0,0,True,False
7144,Clay Johnston,LB,,True,Active,,,,,FA,FA,FA,FA,PREDRAFT,4,0,0,0,0,True,False
425,Clay Matthews,LB,,True,Active,,,,,FA,FA,FA,FA,PREDRAFT,4,0,0,0,0,True,False
6065,Cody Barton,LB,TEN,True,Active,,,MLB,1,FA,FA,FA,FA,PREDRAFT,4,0,0,0,0,True,False
12722,Cody Lindenberg,LB,LV,True,Active,,,RILB,2,FA,FA,FA,FA,PREDRAFT,4,0,0,0,0,True,False
12648,Cody Simon,LB,ARI,True,Active,,,LILB,1,FA,FA,FA,FA,PREDRAFT,4,0,0,0,0,True,False
7329,Cole Christiansen,LB,KC,True,Active,,,,,FA,FA,FA,FA,PREDRAFT,4,0,0,0,0,True,False
6220,Cole Holcomb,LB,PIT,True,Active,,,RILB,2,FA,FA,FA,FA,PREDRAFT,4,0,0,0,0,True,False
6656,Connor Strachan,LB,HOU,True,Active,,,,,FA,FA,FA,FA,PREDRAFT,4,0,0,0,0,True,False
13174,Cooper McDonald,LB,KC,True,Active,,,ROLB,1,FA,FA,FA,FA,PREDRAFT,4,0,0,0,0,True,False
2005,Corey Nelson,LB,,True,Active,,,,,FA,FA,FA,FA,PREDRAFT,4,0,0,0,0,True,False
3747,Cory Littleton,LB,,True,Active,,,,,FA,FA,FA,FA,PREDRAFT,4,0,0,0,0,True,False
1272,Craig Robertson,LB,,True,Inactive,,,,,FA,FA,FA,FA,PREDRAFT,4,0,0,0,0,True,False
12192,Craig Young,LB,,True,Active,,,,,FA,FA,FA,FA,PREDRAFT,4,0,0,0,0,True,False
6430,Curtis Bolton,LB,,True,Active,,,,,FA,FA,FA,FA,PREDRAFT,4,0,0,0,0,True,False
12164,Curtis Jacobs,LB,WAS,True,Inactive,IR,,LB,,FA,FA,FA,FA,PREDRAFT,4,0,0,0,0,True,False
8020,Curtis Robinson,LB,DAL,True,Active,,,,,FA,FA,FA,FA,PREDRAFT,4,0,0,0,0,True,False
6135,D'Andre Walker,LB,,True,Inactive,,,,,FA,FA,FA,FA,PREDRAFT,4,0,0,0,0,True,False
13198,D'Eryk Jackson,LB,,True,Active,,,,,FA,FA,FA,FA,PREDRAFT,4,0,0,0,0,True,False
8367,D'Marco Jackson,LB,CHI,True,Active,,,ROLB,1,FA,FA,FA,FA,PREDRAFT,4,0,0,0,0,True,False
2475,D.J. Alexander,LB,,True,Active,,,,,FA,FA,FA,FA,PREDRAFT,4,0,0,0,0,True,False
11135,D.J. Coleman,LB,,True,Active,,,,,FA,FA,FA,FA,PREDRAFT,4,0,0,0,0,True,False
10938,D.J. Johnson,LB,WAS,True,Active,,,,,FA,FA,FA,FA,PREDRAFT,4,0,0,0,0,True,False
14026,DJ Herman,LB,MIA,True,Active,,,RB,6,FA,FA,FA,FA,PREDRAFT,4,0,0,0,0,True,False
8859,DQ Thomas,LB,,True,Active,,,,,FA,FA,FA,FA,PREDRAFT,4,0,0,0,0,True,False
12158,DaRon Gilbert,LB,,True,Active,,,,,FA,FA,FA,FA,PREDRAFT,4,0,0,0,0,True,False
11550,DaShaun White,LB,,True,Active,,,,,FA,FA,FA,FA,PREDRAFT,4,0,0,0,0,True,False
7820,Daelin Hayes,LB,,True,Active,,,,,FA,FA,FA,FA,PREDRAFT,4,0,0,0,0,True,False
10914,Daiyan Henley,LB,LAC,True,Active,,,RILB,1,FA,FA,FA,FA,PREDRAFT,4,0,0,0,0,True,False
5993,Dakota Allen,LB,,True,Inactive,,,,,FA,FA,FA,FA,PREDRAFT,4,0,0,0,0,True,False
11907,Dallas Gant,LB,,True,Active,,,,,FA,FA,FA,FA,PREDRAFT,4,0,0,0,0,True,False
11667,Dallas Turner,LB,MIN,True,Active,,,LOLB,1,FA,FA,FA,FA,PREDRAFT,4,0,0,0,0,True,False
2432,Damien Wilson,LB,,True,Active,,,,,FA,FA,FA,FA,PREDRAFT,4,0,0,0,0,True,False
8075,Damon Lloyd,LB,,True,Active,,,,,FA,FA,FA,FA,PREDRAFT,4,0,0,0,0,True,False
8309,Damone Clark,LB,DET,True,Inactive,IR,,LB,,FA,FA,FA,FA,PREDRAFT,4,0,0,0,0,True,False
7485,Daniel Bituli,LB,,True,Inactive,,,,,FA,FA,FA,FA,PREDRAFT,4,0,0,0,0,True,False
8520,Daniel Hardy,LB,CHI,True,Active,,,LDE,2,FA,FA,FA,FA,PREDRAFT,4,0,0,0,0,True,False
12339,Danny Abraham,LB,,True,Active,,,,,FA,FA,FA,FA,PREDRAFT,4,0,0,0,0,True,False
12650,Danny Stutsman,LB,NO,True,Active,,,RILB,2,FA,FA,FA,FA,PREDRAFT,4,0,0,0,0,True,False
1127,Danny Trevathan,LB,CHI,True,Active,,,,,FA,FA,FA,FA,PREDRAFT,4,0,0,0,0,True,False
2308,Dante Fowler,LB,SEA,True,Active,,,LOLB,2,FA,FA,FA,FA,PREDRAFT,4,0,0,0,0,True,False
13378,Dante McClellan,LB,,True,Active,,,,,FA,FA,FA,FA,PREDRAFT,4,0,0,0,0,True,False
7047,Dante Olson,LB,,True,Active,,,,,FA,FA,FA,FA,PREDRAFT,4,0,0,0,0,True,False
1563,Daren Bates,LB,,True,Active,,,,,FA,FA,FA,FA,PREDRAFT,4,0,0,0,0,True,False
8263,Darien Butler,LB,,True,Active,,,,,FA,FA,FA,FA,PREDRAFT,4,0,0,0,0,True,False
6551,Darius Harris,LB,,True,Active,Questionable,,,,FA,FA,FA,FA,PREDRAFT,4,0,0,0,0,True,False
11807,Darius Muasau,LB,NE,True,Active,,,LILB,2,FA,FA,FA,FA,PREDRAFT,4,0,0,0,0,True,False
8292,Darrian Beavers,LB,,True,Active,,,,,FA,FA,FA,FA,PREDRAFT,4,0,0,0,0,True,False
3190,Darron Lee,LB,,True,Active,,,,,FA,FA,FA,FA,PREDRAFT,4,0,0,0,0,True,False
13856,Darryl Peterson,LB,LAR,True,Active,,,,,FA,FA,FA,FA,PREDRAFT,4,0,0,0,0,True,False
13865,Dasan McCullough,LB,,True,Active,,,,,FA,FA,FA,FA,PREDRAFT,4,0,0,0,0,True,False
14028,Daveren Rayner,LB,,True,Active,,,,,FA,FA,FA,FA,PREDRAFT,4,0,0,0,0,True,False
13363,David Bailey,LB,NYJ,True,Active,,,LOLB,1,FA,FA,FA,FA,PREDRAFT,4,0,0,0,0,True,False
13056,David Gbenda,LB,,True,Active,,,,,FA,FA,FA,FA,PREDRAFT,4,0,0,0,0,True,False
5928,David Long,LB,,True,Active,,,,,FA,FA,FA,FA,PREDRAFT,4,0,0,0,0,True,False
2472,David Mayo,LB,,True,Active,,,,,FA,FA,FA,FA,PREDRAFT,4,0,0,0,0,True,False
11093,David Perales,LB,,True,Inactive,,,,,FA,FA,FA,FA,PREDRAFT,4,0,0,0,0,True,False
7471,David Reese,LB,,True,Inactive,,,,,FA,FA,FA,FA,PREDRAFT,4,0,0,0,0,True,False
12645,David Walker,LB,TB,True,Active,,,LOLB,3,FA,FA,FA,FA,PREDRAFT,4,0,0,0,0,True,False
5673,Davin Bellamy,LB,,True,Active,,,,,FA,FA,FA,FA,PREDRAFT,4,0,0,0,0,True,False
6912,Davion Taylor,LB,,True,Active,,,,,FA,FA,FA,FA,PREDRAFT,4,0,0,0,0,True,False
7504,De'Jon Harris,LB,,True,Active,,,,,FA,FA,FA,FA,PREDRAFT,4,0,0,0,0,True,False
7493,De'Jon Harris,LB,,True,Active,,,,,FA,FA,FA,FA,PREDRAFT,4,0,0,0,0,True,False
8641,De'Shaan Dixon,LB,,True,Active,,,,,FA,FA,FA,FA,PREDRAFT,4,0,0,0,0,True,False
3276,De'Vondre Campbell,LB,,True,Active,,,,,FA,FA,FA,FA,PREDRAFT,4,0,0,0,0,True,False
11170,DeAndre Square,LB,,True,Active,,,,,FA,FA,FA,FA,PREDRAFT,4,0,0,0,0,True,False
10933,DeMarvion Overshown,LB,DAL,True,Active,,,RILB,1,FA,FA,FA,FA,PREDRAFT,4,0,0,0,0,True,False
11017,Dee Winters,LB,DAL,True,Active,,,LILB,1,FA,FA,FA,FA,PREDRAFT,4,0,0,0,0,True,False
11981,Deion Jennings,LB,,True,Active,,,,,FA,FA,FA,FA,PREDRAFT,4,0,0,0,0,True,False
3222,Deion Jones,LB,,True,Active,,,,,FA,FA,FA,FA,PREDRAFT,4,0,0,0,0,True,False
690,Dekoda Watson,LB,,True,Active,,,,,FA,FA,FA,FA,PREDRAFT,4,0,0,0,0,True,False
6348,Del'Shawn Phillips,LB,LAC,True,Active,,,RILB,3,FA,FA,FA,FA,PREDRAFT,4,0,0,0,0,True,False
7487,Delontae Scott,LB,,True,Active,,,,,FA,FA,FA,FA,PREDRAFT,4,0,0,0,0,True,False
1052,Demario Davis,LB,NYJ,True,Active,,,RILB,1,FA,FA,FA,FA,PREDRAFT,4,0,0,0,0,True,False
6610,Demetrius Flannigan-Fowles,LB,BUF,True,Inactive,Questionable,,,,FA,FA,FA,FA,PREDRAFT,4,0,0,0,0,True,False
12617,Demetrius Knight,LB,CIN,True,Active,,,LOLB,1,FA,FA,FA,FA,PREDRAFT,4,0,0,0,0,True,False
5158,Dennis Gardeck,LB,JAX,True,Active,,,LOLB,1,FA,FA,FA,FA,PREDRAFT,4,0,0,0,0,True,False
2353,Denzel Perryman,LB,LAC,True,Inactive,IR,,LILB,1,FA,FA,FA,FA,PREDRAFT,4,0,0,0,0,True,False
1774,Deon Lacey,LB,,True,Active,,,,,FA,FA,FA,FA,PREDRAFT,4,0,0,0,0,True,False
2240,Deone Bucannon,LB,,True,Inactive,,,,,FA,FA,FA,FA,PREDRAFT,4,0,0,0,0,True,False
13591,Deontae Lawson,LB,,True,Active,,,,,FA,FA,FA,FA,PREDRAFT,4,0,0,0,0,True,False
11137,Dequan Jackson,LB,,True,Active,,,,,FA,FA,FA,FA,PREDRAFT,4,0,0,0,0,True,False
6581,Derick Roberson,LB,,True,Active,,,,,FA,FA,FA,FA,PREDRAFT,4,0,0,0,0,True,False
7154,Derrek Tuszka,LB,,True,Active,,,,,FA,FA,FA,FA,PREDRAFT,4,0,0,0,0,True,False
7726,Derrick Barnes,LB,DET,True,Active,,,ROLB,1,FA,FA,FA,FA,PREDRAFT,4,0,0,0,0,True,False
12012,Derrick McLendon,LB,,True,Active,,,,,FA,FA,FA,FA,PREDRAFT,4,0,0,0,0,True,False
6764,Derrick Moncrief,LB,,True,Active,,,,,FA,FA,FA,FA,PREDRAFT,4,0,0,0,0,True,False
3339,Devante Bond,LB,,True,Active,,,,,FA,FA,FA,FA,PREDRAFT,4,0,0,0,0,True,False
5337,Devante Downs,LB,,True,Active,,,,,FA,FA,FA,FA,PREDRAFT,4,0,0,0,0,True,False
5843,Devin Bush,LB,CHI,True,Active,,,MLB,1,FA,FA,FA,FA,PREDRAFT,4,0,0,0,0,True,False
8498,Devin Harper,LB,,True,Inactive,,,,,FA,FA,FA,FA,PREDRAFT,4,0,0,0,0,True,False
8329,Devin Lloyd,LB,CAR,True,Active,Questionable,,RILB,1,FA,FA,FA,FA,PREDRAFT,4,0,0,0,0,True,False
12332,Devin Richardson,LB,,True,Active,,,,,FA,FA,FA,FA,PREDRAFT,4,0,0,0,0,True,False
13267,Devin Veresuk,LB,,True,Active,,,,,FA,FA,FA,FA,PREDRAFT,4,0,0,0,0,True,False
6119,Devin White,LB,DET,True,Active,,,MLB,2,FA,FA,FA,FA,PREDRAFT,4,0,0,0,0,True,False
13266,Devin-DUP Veresuk-DUP,LB,,True,Active,,,,,FA,FA,FA,FA,PREDRAFT,4,0,0,0,0,True,False
2084,Devon Kennard,LB,,True,Active,,,,,FA,FA,FA,FA,PREDRAFT,4,0,0,0,0,True,False
8557,Diego Fagot,LB,,True,Active,,,,,FA,FA,FA,FA,PREDRAFT,4,0,0,0,0,True,False
7677,Divine Deablo,LB,ATL,True,Active,,,RILB,1,FA,FA,FA,FA,PREDRAFT,4,0,0,0,0,True,False
13735,Dominic DeLuca,LB,BAL,True,Active,,,,,FA,FA,FA,FA,PREDRAFT,4,0,0,0,0,True,False
7382,Dominique Ross,LB,,True,Active,,,,,FA,FA,FA,FA,PREDRAFT,4,0,0,0,0,True,False
4352,Donald Payne,LB,,True,Active,,,,,FA,FA,FA,FA,PREDRAFT,4,0,0,0,0,True,False
7285,Donald Rutledge,LB,ARI,True,Active,,,,,FA,FA,FA,FA,PREDRAFT,4,0,0,0,0,True,False
11288,Donavan Mutin,LB,,True,Active,,,,,FA,FA,FA,FA,PREDRAFT,4,0,0,0,0,True,False
13797,Donovan Branch,LB,,True,Active,,,,,FA,FA,FA,FA,PREDRAFT,4,0,0,0,0,True,False
11910,Donovan Manuel,LB,,True,Active,,,,,FA,FA,FA,FA,PREDRAFT,4,0,0,0,0,True,False
1037,Dont'a Hightower,LB,,True,Active,,,,,FA,FA,FA,FA,PREDRAFT,4,0,0,0,0,True,False
7982,Dorian Etheridge,LB,,True,Active,,,,,FA,FA,FA,FA,PREDRAFT,4,0,0,0,0,True,False
12944,Dorian Mausi,LB,TEN,True,Active,IR,,ROLB,2,FA,FA,FA,FA,PREDRAFT,4,0,0,0,0,True,False
5033,Dorian O'Daniel,LB,,True,Active,,,,,FA,FA,FA,FA,PREDRAFT,4,0,0,0,0,True,False
10923,Dorian Williams,LB,BUF,True,Active,,,LILB,1,FA,FA,FA,FA,PREDRAFT,4,0,0,0,0,True,False
11470,Drake Thomas,LB,SEA,True,Active,,,LILB,1,FA,FA,FA,FA,PREDRAFT,4,0,0,0,0,True,False
6056,Dre Greenlaw,LB,SF,True,Active,,,ROLB,1,FA,FA,FA,FA,PREDRAFT,4,0,0,0,0,True,False
10929,Drew Sanders,LB,,True,Active,IR,,LB,,FA,FA,FA,FA,PREDRAFT,4,0,0,0,0,True,False
8593,Drew White,LB,,True,Active,,,,,FA,FA,FA,FA,PREDRAFT,4,0,0,0,0,True,False
6141,Drue Tranquill,LB,KC,True,Active,Questionable,,LOLB,1,FA,FA,FA,FA,PREDRAFT,4,0,0,0,0,True,False
5088,Duke Ejiofor,LB,ATL,True,Active,,,,,FA,FA,FA,FA,PREDRAFT,4,0,0,0,0,True,False
4099,Duke Riley,LB,,True,Active,,,,,FA,FA,FA,FA,PREDRAFT,4,0,0,0,0,True,False
11552,Durell Nchami,LB,,True,Active,,,,,FA,FA,FA,FA,PREDRAFT,4,0,0,0,0,True,False
4606,Dylan Cole,LB,,True,Active,,,,,FA,FA,FA,FA,PREDRAFT,4,0,0,0,0,True,False
8009,Dylan Moses,LB,JAX,True,Active,,,,,FA,FA,FA,FA,PREDRAFT,4,0,0,0,0,True,False
11297,Dyontae Johnson,LB,,True,Active,,,,,FA,FA,FA,FA,PREDRAFT,4,0,0,0,0,True,False
6218,E.J. Speed,LB,HOU,True,Active,PUP,,LOLB,1,FA,FA,FA,FA,PREDRAFT,4,0,0,0,0,True,False
12242,Easton Gibbs,LB,,True,Active,,,,,FA,FA,FA,FA,PREDRAFT,4,0,0,0,0,True,False
13165,Easton Mascarenas-Arnold,LB,CLE,True,Active,,,LOLB,3,FA,FA,FA,FA,PREDRAFT,4,0,0,0,0,True,False
5675,Ed Shockley,LB,,True,Active,,,,,FA,FA,FA,FA,PREDRAFT,4,0,0,0,0,True,False
11757,Edefuan Ulofoshio,LB,CLE,True,Active,IR,,LB,,FA,FA,FA,FA,PREDRAFT,4,0,0,0,0,True,False
11687,Edgerrin Cooper,LB,GB,True,Active,,,LILB,1,FA,FA,FA,FA,PREDRAFT,4,0,0,0,0,True,False
2531,Edmond Robinson,LB,SEA,True,Active,,,,,FA,FA,FA,FA,PREDRAFT,4,0,0,0,0,True,False
11336,Eku Leota,LB,ARI,True,Active,,,ROLB,2,FA,FA,FA,FA,PREDRAFT,4,0,0,0,0,True,False
3369,Elandon Roberts,LB,,True,Active,,,,,FA,FA,FA,FA,PREDRAFT,4,0,0,0,0,True,False
7723,Elerson G. Smith,LB,,True,Active,,,,,FA,FA,FA,FA,PREDRAFT,4,0,0,0,0,True,False
12227,Elias Neal,LB,LAR,True,Active,,,,,FA,FA,FA,FA,PREDRAFT,4,0,0,0,0,True,False
4255,Elijah Lee,LB,,True,Active,,,,,FA,FA,FA,FA,PREDRAFT,4,0,0,0,0,True,False
7963,Elijah Ponder,LB,,True,Active,,,,,FA,FA,FA,FA,PREDRAFT,4,0,0,0,0,True,False
7952,Elijah Sullivan,LB,,True,Active,,,,,FA,FA,FA,FA,PREDRAFT,4,0,0,0,0,True,False
6253,Elijah Zeise,LB,,True,Active,,,,,FA,FA,FA,FA,PREDRAFT,4,0,0,0,0,True,False
12451,Elliott Brown,LB,,True,Active,,,,,FA,FA,FA,FA,PREDRAFT,4,0,0,0,0,True,False
8600,Ellis Brooks,LB,,True,Active,,,,,FA,FA,FA,FA,PREDRAFT,4,0,0,0,0,True,False
5978,Emeke Egbule,LB,,True,Active,,,,,FA,FA,FA,FA,PREDRAFT,4,0,0,0,0,True,False
5147,Emmanuel Ellerbee,LB,ATL,True,Inactive,,,,,FA,FA,FA,FA,PREDRAFT,4,0,0,0,0,True,False
5149,Emmanuel Smith,LB,,True,Active,,,,,FA,FA,FA,FA,PREDRAFT,4,0,0,0,0,True,False
13718,Eric Gentry,LB,,True,Active,,,,,FA,FA,FA,FA,PREDRAFT,4,0,0,0,0,True,False
2350,Eric Kendricks,LB,,True,Active,,,,,FA,FA,FA,FA,PREDRAFT,4,0,0,0,0,True,False
4413,Eric Wilson,LB,MIN,True,Active,,,LILB,1,FA,FA,FA,FA,PREDRAFT,4,0,0,0,0,True,False
13739,Erick Hunter,LB,NE,True,Active,,,LILB,3,FA,FA,FA,FA,PREDRAFT,4,0,0,0,0,True,False
7672,Ernest Jones,LB,SEA,True,Active,,,RILB,1,FA,FA,FA,FA,PREDRAFT,4,0,0,0,0,True,False
6991,Erroll Thompson,LB,,True,Active,,,,,FA,FA,FA,FA,PREDRAFT,4,0,0,0,0,True,False
12871,Eugene Asante,LB,ARI,True,Active,,,,,FA,FA,FA,FA,PREDRAFT,4,0,0,0,0,True,False
7040,Evan Weaver,LB,,True,Active,,,,,FA,FA,FA,FA,PREDRAFT,4,0,0,0,0,True,False
5161,Ezekiel Turner,LB,,True,Active,,,,,FA,FA,FA,FA,PREDRAFT,4,0,0,0,0,True,False
11400,Ezekiel Vandenburgh,LB,,True,Inactive,,,,,FA,FA,FA,FA,PREDRAFT,4,0,0,0,0,True,False
8836,Forrest Rhyne,LB,,True,Active,,,,,FA,FA,FA,FA,PREDRAFT,4,0,0,0,0,True,False
5332,Foyesade Oluokun,LB,JAX,True,Active,,,MLB,1,FA,FA,FA,FA,PREDRAFT,4,0,0,0,0,True,False
7068,Francis Bernard,LB,,True,Active,,,,,FA,FA,FA,FA,PREDRAFT,4,0,0,0,0,True,False
7486,Frankie Griffin,LB,,True,Active,,,,,FA,FA,FA,FA,PREDRAFT,4,0,0,0,0,True,False
5580,Frankie Luvu,LB,WAS,True,Active,,,LILB,1,FA,FA,FA,FA,PREDRAFT,4,0,0,0,0,True,False
5041,Fred Warner,LB,SF,True,Active,,,MLB,1,FA,FA,FA,FA,PREDRAFT,4,0,0,0,0,True,False
12841,Garmon Randolph,LB,CIN,True,Active,,,,,FA,FA,FA,FA,PREDRAFT,4,0,0,0,0,True,False
7821,Garret Wallow,LB,SF,True,Active,,,MLB,2,FA,FA,FA,FA,PREDRAFT,4,0,0,0,0,True,False
11399,Garrett Nelson,LB,,True,Active,,,,,FA,FA,FA,FA,PREDRAFT,4,0,0,0,0,True,False
5081,Genard Avery,LB,,True,Active,,,,,FA,FA,FA,FA,PREDRAFT,4,0,0,0,0,True,False
7247,George Obinna,LB,,True,Active,,,,,FA,FA,FA,FA,PREDRAFT,4,0,0,0,0,True,False
5894,Germaine Pratt,LB,,True,Active,,,,,FA,FA,FA,FA,PREDRAFT,4,0,0,0,0,True,False
8642,Grant Morgan,LB,,True,Active,,,,,FA,FA,FA,FA,PREDRAFT,4,0,0,0,0,True,False
7750,Grant Stuard,LB,LAR,True,Active,,,RILB,2,FA,FA,FA,FA,PREDRAFT,4,0,0,0,0,True,False
4063,Haason Reddick,LB,,True,Active,,,,,FA,FA,FA,FA,PREDRAFT,4,0,0,0,0,True,False
7806,Hamsah Nasirildeen,LB,,True,Inactive,,,,,FA,FA,FA,FA,PREDRAFT,4,0,0,0,0,True,False
4368,Hardy Nickerson,LB,,True,Active,,,,,FA,FA,FA,FA,PREDRAFT,4,0,0,0,0,True,False
5030,Harold Landry,LB,NE,True,Active,PUP,,ROLB,1,FA,FA,FA,FA,PREDRAFT,4,0,0,0,0,True,False
13555,Harold Perkins,LB,ATL,True,Active,,,ROLB,2,FA,FA,FA,FA,PREDRAFT,4,0,0,0,0,True,False
4426,Harvey Langi,LB,,True,Active,,,,,FA,FA,FA,FA,PREDRAFT,4,0,0,0,0,True,False
10970,Henry To'oTo'o,LB,HOU,True,Active,,,ROLB,1,FA,FA,FA,FA,PREDRAFT,4,0,0,0,0,True,False
11490,Ian Swenson,LB,,True,Active,,,,,FA,FA,FA,FA,PREDRAFT,4,0,0,0,0,True,False
11064,Isaac Darkangelo,LB,,True,Active,,,,,FA,FA,FA,FA,PREDRAFT,4,0,0,0,0,True,False
8366,Isaiah Graham-Mobley,LB,,True,Active,,,,,FA,FA,FA,FA,PREDRAFT,4,0,0,0,0,True,False
4552,Isaiah Irving,LB,,True,Inactive,,,,,FA,FA,FA,FA,PREDRAFT,4,0,0,0,0,True,False
8006,Isaiah Kaufusi,LB,,True,Active,,,,,FA,FA,FA,FA,PREDRAFT,4,0,0,0,0,True,False
11514,Isaiah Land,LB,DAL,True,Active,,,,,FA,FA,FA,FA,PREDRAFT,4,0,0,0,0,True,False
12327,Isaiah Major,LB,,True,Active,,,,,FA,FA,FA,FA,PREDRAFT,4,0,0,0,0,True,False
7782,Isaiah McDuffie,LB,GB,True,Active,,,RILB,2,FA,FA,FA,FA,PREDRAFT,4,0,0,0,0,True,False
11318,Isaiah Moore,LB,,True,Active,,,,,FA,FA,FA,FA,PREDRAFT,4,0,0,0,0,True,False
8677,Isaiah Pryor,LB,,True,Active,,,,,FA,FA,FA,FA,PREDRAFT,4,0,0,0,0,True,False
13979,Isaiah Smith,LB,,True,Active,,,,,FA,FA,FA,FA,PREDRAFT,4,0,0,0,0,True,False
11893,Isaiah Stalbird,LB,NO,True,Active,,,LILB,2,FA,FA,FA,FA,PREDRAFT,4,0,0,0,0,True,False
13921,Isiah King,LB,,True,Active,,,,,FA,FA,FA,FA,PREDRAFT,4,0,0,0,0,True,False
11086,Ivan Pace,LB,MIN,True,Active,,,LILB,2,FA,FA,FA,FA,PREDRAFT,4,0,0,0,0,True,False
8869,J.J. Russell,LB,,True,Active,Questionable,,,,FA,FA,FA,FA,PREDRAFT,4,0,0,0,0,True,False
13239,J.J. Weaver,LB,,True,Active,,,,,FA,FA,FA,FA,PREDRAFT,4,0,0,0,0,True,False
11770,JD Bertrand,LB,ATL,True,Inactive,IR,,RILB,2,FA,FA,FA,FA,PREDRAFT,4,0,0,0,0,True,False
5318,Ja'Whaun Bentley,LB,,True,Active,,,,,FA,FA,FA,FA,PREDRAFT,4,0,0,0,0,True,False
7779,JaCoby Stevens,LB,,True,Active,,,,,FA,FA,FA,FA,PREDRAFT,4,0,0,0,0,True,False
7724,Jabril Cox,LB,,True,Inactive,,,,,FA,FA,FA,FA,PREDRAFT,4,0,0,0,0,True,False
5851,Jachai Polite,LB,,True,Active,,,,,FA,FA,FA,FA,PREDRAFT,4,0,0,0,0,True,False
10880,Jack Campbell,LB,DET,True,Active,,,MLB,1,FA,FA,FA,FA,PREDRAFT,4,0,0,0,0,True,False
5376,Jack Cichy,LB,,True,Active,,,,,FA,FA,FA,FA,PREDRAFT,4,0,0,0,0,True,False
8710,Jack Cochrane,LB,KC,True,Active,,,ROLB,2,FA,FA,FA,FA,PREDRAFT,4,0,0,0,0,True,False
13721,Jack Dingle,LB,,True,Active,,,,,FA,FA,FA,FA,PREDRAFT,4,0,0,0,0,True,False
8680,Jack Gibbens,LB,ARI,True,Active,,,LILB,2,FA,FA,FA,FA,PREDRAFT,4,0,0,0,0,True,False
13531,Jack Kelly,LB,NYG,True,Active,,,RILB,2,FA,FA,FA,FA,PREDRAFT,4,0,0,0,0,True,False
12653,Jack Kiser,LB,JAX,True,Active,,,,,FA,FA,FA,FA,PREDRAFT,4,0,0,0,0,True,False
8363,Jack Sanborn,LB,CHI,True,Active,,,LOLB,2,FA,FA,FA,FA,PREDRAFT,4,0,0,0,0,True,False
13586,Jackson Kuwatch,LB,CAR,True,Active,,,LILB,1,FA,FA,FA,FA,PREDRAFT,4,0,0,0,0,True,False
12021,Jackson Mitchell,LB,,True,Active,,,,,FA,FA,FA,FA,PREDRAFT,4,0,0,0,0,True,False
12051,Jackson Sirmon,LB,NO,True,Active,,,,,FA,FA,FA,FA,PREDRAFT,4,0,0,0,0,True,False
13130,Jackson Woodard,LB,MIA,True,Active,,,LOLB,3,FA,FA,FA,FA,PREDRAFT,4,0,0,0,0,True,False
7006,Jacob Phillips,LB,,True,Active,Questionable,,,,FA,FA,FA,FA,PREDRAFT,4,0,0,0,0,True,False
12072,Jacob Roberts,LB,MIN,True,Inactive,Questionable,,,,FA,FA,FA,FA,PREDRAFT,4,0,0,0,0,True,False
13453,Jacob Rodriguez,LB,MIA,True,Active,Questionable,,LOLB,1,FA,FA,FA,FA,PREDRAFT,4,0,0,0,0,True,False
5505,Jacob Tuioti-Mariner,LB,,True,Active,,,,,FA,FA,FA,FA,PREDRAFT,4,0,0,0,0,True,False
11861,Jacoby Windmon,LB,PIT,True,Active,,,,,FA,FA,FA,FA,PREDRAFT,4,0,0,0,0,True,False
13520,Jaden Dugger,LB,SF,True,Active,,,LOLB,2,FA,FA,FA,FA,PREDRAFT,4,0,0,0,0,True,False
14023,Jaden Keller,LB,NYJ,True,Active,,,,,FA,FA,FA,FA,PREDRAFT,4,0,0,0,0,True,False
7635,Jaelan Phillips,LB,CAR,True,Active,Questionable,,LOLB,1,FA,FA,FA,FA,PREDRAFT,4,0,0,0,0,True,False
14083,Jaheim Thomas,LB,,True,Active,,,,,FA,FA,FA,FA,PREDRAFT,4,0,0,0,0,True,False
6179,Jahlani Tavai,LB,JAX,True,Active,,,MLB,2,FA,FA,FA,FA,PREDRAFT,4,0,0,0,0,True,False
11166,Jaiden Woodbey,LB,,True,Active,,,,,FA,FA,FA,FA,PREDRAFT,4,0,0,0,0,True,False
12990,Jailin Walker,LB,,True,Active,,,,,FA,FA,FA,FA,PREDRAFT,4,0,0,0,0,True,False
13381,Jaishawn Barham,LB,DAL,True,Active,,,LILB,2,FA,FA,FA,FA,PREDRAFT,4,0,0,0,0,True,False
6531,Jake Carlock,LB,,True,Active,,,,,FA,FA,FA,FA,PREDRAFT,4,0,0,0,0,True,False
13260,Jake Chaney,LB,,True,Active,,,,,FA,FA,FA,FA,PREDRAFT,4,0,0,0,0,True,False
6687,Jake Gervase,LB,,True,Active,,,,,FA,FA,FA,FA,PREDRAFT,4,0,0,0,0,True,False
13391,Jake Golday,LB,MIN,True,Active,,,RILB,2,FA,FA,FA,FA,PREDRAFT,4,0,0,0,0,True,False
8349,Jake Hansen,LB,HOU,True,Active,Questionable,,ROLB,2,FA,FA,FA,FA,PREDRAFT,4,0,0,0,0,True,False
8733,Jake Hummel,LB,HOU,True,Active,,,MLB,2,FA,FA,FA,FA,PREDRAFT,4,0,0,0,0,True,False
2434,Jake Ryan,LB,,True,Active,,,,,FA,FA,FA,FA,PREDRAFT,4,0,0,0,0,True,False
4163,Jalen Reeves-Maybin,LB,,True,Active,,,,,FA,FA,FA,FA,PREDRAFT,4,0,0,0,0,True,False
11805,Jamal Hill,LB,HOU,True,Active,,,,,FA,FA,FA,FA,PREDRAFT,4,0,0,0,0,True,False
4562,Jamal Marcus,LB,,True,Inactive,,,,,FA,FA,FA,FA,PREDRAFT,4,0,0,0,0,True,False
7900,Jamar Watson,LB,,True,Active,,,,,FA,FA,FA,FA,PREDRAFT,4,0,0,0,0,True,False
6096,Jamell Garcia-Williams,LB,,True,Active,,,,,FA,FA,FA,FA,PREDRAFT,4,0,0,0,0,True,False
3444,James Burgess,LB,,True,Active,,,,,FA,FA,FA,FA,PREDRAFT,4,0,0,0,0,True,False
5141,James Crawford,LB,,True,Active,,,,,FA,FA,FA,FA,PREDRAFT,4,0,0,0,0,True,False
5496,James Hearns,LB,,True,Active,,,,,FA,FA,FA,FA,PREDRAFT,4,0,0,0,0,True,False
8494,James Houston,LB,DAL,True,Active,,,LOLB,2,FA,FA,FA,FA,PREDRAFT,4,0,0,0,0,True,False
7417,James Lockhart,LB,,True,Active,,,,,FA,FA,FA,FA,PREDRAFT,4,0,0,0,0,True,False
4668,James Onwualu,LB,,True,Injured Reserve,,,,,FA,FA,FA,FA,PREDRAFT,4,0,0,0,0,True,False
8835,James Skalski,LB,,True,Active,,,,,FA,FA,FA,FA,PREDRAFT,4,0,0,0,0,True,False
2778,James Vaughters,LB,,True,Active,,,,,FA,FA,FA,FA,PREDRAFT,4,0,0,0,0,True,False
1364,Jamie Collins,LB,,True,Active,,,,,FA,FA,FA,FA,PREDRAFT,4,0,0,0,0,True,False
12436,Jamie Sheriff,LB,LAR,True,Active,,,,,FA,FA,FA,FA,PREDRAFT,4,0,0,0,0,True,False
7841,Jamien Sherwood,LB,NYJ,True,Active,,,LILB,1,FA,FA,FA,FA,PREDRAFT,4,0,0,0,0,True,False
7634,Jamin Davis,LB,,True,Active,,,,,FA,FA,FA,FA,PREDRAFT,4,0,0,0,0,True,False
7277,Jamir Jones,LB,,True,Active,,,,,FA,FA,FA,FA,PREDRAFT,4,0,0,0,0,True,False
12607,Jamon Johnson,LB,,True,Active,,,,,FA,FA,FA,FA,PREDRAFT,4,0,0,0,0,True,False
7278,Jan Johnson,LB,,True,Active,,,,,FA,FA,FA,FA,PREDRAFT,4,0,0,0,0,True,False
13146,Jared Bartlett,LB,JAX,True,Inactive,IR,,LB,,FA,FA,FA,FA,PREDRAFT,4,0,0,0,0,True,False
3513,Jared Norris,LB,,True,Active,,,,,FA,FA,FA,FA,PREDRAFT,4,0,0,0,0,True,False
4067,Jarrad Davis,LB,,True,Active,,,,,FA,FA,FA,FA,PREDRAFT,4,0,0,0,0,True,False
7620,Jarvis Miller,LB,,True,Active,,,,,FA,FA,FA,FA,PREDRAFT,4,0,0,0,0,True,False
7223,Jason Ferris,LB,,True,Active,,,,,FA,FA,FA,FA,PREDRAFT,4,0,0,0,0,True,False
12084,Jason Johnson,LB,,True,Active,,,,,FA,FA,FA,FA,PREDRAFT,4,0,0,0,0,True,False
720,Jason Pierre-Paul,LB,,True,Active,,,,,FA,FA,FA,FA,PREDRAFT,4,0,0,0,0,True,False
3331,Jatavis Brown,LB,,True,Injured Reserve,,,,,FA,FA,FA,FA,PREDRAFT,4,0,0,0,0,True,False
7311,Javin White,LB,,True,Active,,,,,FA,FA,FA,FA,PREDRAFT,4,0,0,0,0,True,False
13763,Javin Wright,LB,TB,True,Active,,,,,FA,FA,FA,FA,PREDRAFT,4,0,0,0,0,True,False
6721,Jawuan Johnson,LB,,True,Active,,,,,FA,FA,FA,FA,PREDRAFT,4,0,0,0,0,True,False
13024,Jay Higgins,LB,BAL,True,Active,Questionable,,RILB,2,FA,FA,FA,FA,PREDRAFT,4,0,0,0,0,True,False
8704,Jaylan Alexander,LB,,True,Active,,,,,FA,FA,FA,FA,PREDRAFT,4,0,0,0,0,True,False
11747,Jaylan Ford,LB,NO,True,Active,IR,,RILB,3,FA,FA,FA,FA,PREDRAFT,4,0,0,0,0,True,False
11239,Jaylen Moody,LB,,True,Active,,,,,FA,FA,FA,FA,PREDRAFT,4,0,0,0,0,True,False
5879,Jaylon Ferguson,LB,,True,Active,,,,,FA,FA,FA,FA,PREDRAFT,4,0,0,0,0,True,False
3167,Jaylon Smith,LB,,True,Active,,,,,FA,FA,FA,FA,PREDRAFT,4,0,0,0,0,True,False
4220,Jayon Brown,LB,,True,Inactive,,,,,FA,FA,FA,FA,PREDRAFT,4,0,0,0,0,True,False
4903,Jayrone Elliott,LB,,True,Active,,,,,FA,FA,FA,FA,PREDRAFT,4,0,0,0,0,True,False
8402,Jeff Gunter,LB,,True,Active,,,,,FA,FA,FA,FA,PREDRAFT,4,0,0,0,0,True,False
12672,Jeffrey Bassa,LB,KC,True,Active,,,MLB,2,FA,FA,FA,FA,PREDRAFT,4,0,0,0,0,True,False
2042,Jeremiah Attaochu,LB,,True,Active,,,,,FA,FA,FA,FA,PREDRAFT,4,0,0,0,0,True,False
8387,Jeremiah Gemmel,LB,,True,Active,,,,,FA,FA,FA,FA,PREDRAFT,4,0,0,0,0,True,False
11870,Jeremiah Jean-Baptiste,LB,,True,Active,,,,,FA,FA,FA,FA,PREDRAFT,4,0,0,0,0,True,False
8297,Jeremiah Moon,LB,,True,Active,,,,,FA,FA,FA,FA,PREDRAFT,4,0,0,0,0,True,False
7651,Jeremiah Owusu-Koramoah,LB,CLE,True,Active,PUP,,LB,,FA,FA,FA,FA,PREDRAFT,4,0,0,0,0,True,False
11752,Jeremiah Trotter,LB,PHI,True,Active,,,RILB,2,FA,FA,FA,FA,PREDRAFT,4,0,0,0,0,True,False
11430,Jeremy Banks,LB,,True,Active,,,,,FA,FA,FA,FA,PREDRAFT,4,0,0,0,0,True,False
5099,Jermaine Carter,LB,,True,Active,,,,,FA,FA,FA,FA,PREDRAFT,4,0,0,0,0,True,False
4311,Jermaine Grace,LB,,True,Active,,,,,FA,FA,FA,FA,PREDRAFT,4,0,0,0,0,True,False
8398,Jermaine Johnson,LB,TEN,True,Active,,,RDE,1,FA,FA,FA,FA,PREDRAFT,4,0,0,0,0,True,False
5056,Jerome Baker,LB,,True,Active,,,,,FA,FA,FA,FA,PREDRAFT,4,0,0,0,0,True,False
8322,Jesse Luketa,LB,,True,Active,,,,,FA,FA,FA,FA,PREDRAFT,4,0,0,0,0,True,False
7324,Jessie Lemonier,LB,,True,Active,,,,,FA,FA,FA,FA,PREDRAFT,4,0,0,0,0,True,False
12073,Jett Johnson,LB,,True,Active,,,,,FA,FA,FA,FA,PREDRAFT,4,0,0,0,0,True,False
12566,Jihaad Campbell,LB,PHI,True,Active,,,RILB,1,FA,FA,FA,FA,PREDRAFT,4,0,0,0,0,True,False
12054,Jimmy Ciarlo,LB,,True,Active,,,,,FA,FA,FA,FA,PREDRAFT,4,0,0,0,0,True,False
11212,Jimmy Phillips,LB,,True,Active,,,,,FA,FA,FA,FA,PREDRAFT,4,0,0,0,0,True,False
13494,Jimmy Rolder,LB,DET,True,Active,Questionable,,LOLB,2,FA,FA,FA,FA,PREDRAFT,4,0,0,0,0,True,False
8340,JoJo Domann,LB,,True,Inactive,,,,,FA,FA,FA,FA,PREDRAFT,4,0,0,0,0,True,False
12397,Joe Andreessen,LB,BUF,True,Active,,,RILB,2,FA,FA,FA,FA,PREDRAFT,4,0,0,0,0,True,False
7014,Joe Bachie,LB,DET,True,Active,,,,,FA,FA,FA,FA,PREDRAFT,4,0,0,0,0,True,False
6105,Joe Giles-Harris,LB,CIN,True,Active,,,,,FA,FA,FA,FA,PREDRAFT,4,0,0,0,0,True,False
4572,Joe Jones,LB,,True,Active,,,,,FA,FA,FA,FA,PREDRAFT,4,0,0,0,0,True,False
3206,Joe Schobert,LB,,True,Active,,,,,FA,FA,FA,FA,PREDRAFT,4,0,0,0,0,True,False
2147,Joe Thomas,LB,,True,Active,,,,,FA,FA,FA,FA,PREDRAFT,4,0,0,0,0,True,False
7625,Joe Tryon-Shoyinka,LB,,True,Inactive,NA,,,,FA,FA,FA,FA,PREDRAFT,4,0,0,0,0,True,False
3406,Joe Walker,LB,,True,Active,,,,,FA,FA,FA,FA,PREDRAFT,4,0,0,0,0,True,False
8673,Joel Dublanko,LB,,True,Active,,,,,FA,FA,FA,FA,PREDRAFT,4,0,0,0,0,True,False
5303,Joel Iyiegbuniwe,LB,,True,Active,,,,,FA,FA,FA,FA,PREDRAFT,4,0,0,0,0,True,False
3156,Joey Bosa,LB,,True,Active,,,,,FA,FA,FA,FA,PREDRAFT,4,0,0,0,0,True,False
12790,John Bullock,LB,,True,Active,,,,,FA,FA,FA,FA,PREDRAFT,4,0,0,0,0,True,False
7415,John Houston,LB,,True,Active,,,,,FA,FA,FA,FA,PREDRAFT,4,0,0,0,0,True,False
11978,John McCartan,LB,,True,Active,,,,,FA,FA,FA,FA,PREDRAFT,4,0,0,0,0,True,False
14014,John Miller,LB,,True,Active,,,,,FA,FA,FA,FA,PREDRAFT,4,0,0,0,0,True,False
1381,John Simon,LB,,True,Active,,,,,FA,FA,FA,FA,PREDRAFT,4,0,0,0,0,True,False
1507,Jon Bostic,LB,,True,Inactive,,,,,FA,FA,FA,FA,PREDRAFT,4,0,0,0,0,True,False
7957,Jon Rhattigan,LB,,True,Active,,,,,FA,FA,FA,FA,PREDRAFT,4,0,0,0,0,True,False
7421,Jonas Griffith,LB,,True,Active,,,,,FA,FA,FA,FA,PREDRAFT,4,0,0,0,0,True,False
5784,Jonathan Celestin,LB,,True,Active,,,,,FA,FA,FA,FA,PREDRAFT,4,0,0,0,0,True,False
6965,Jonathan Garvin,LB,CHI,True,Inactive,IR,,DL,,FA,FA,FA,FA,PREDRAFT,4,0,0,0,0,True,False
12117,Jontrey Hunter,LB,,True,Active,,,,,FA,FA,FA,FA,PREDRAFT,4,0,0,0,0,True,False
13610,Jordan Botelho,LB,,True,Active,,,,,FA,FA,FA,FA,PREDRAFT,4,0,0,0,0,True,False
13688,Jordan Crook,LB,,True,Active,,,,,FA,FA,FA,FA,PREDRAFT,4,0,0,0,0,True,False
4228,Jordan Evans,LB,CIN,True,Inactive,,,,,FA,FA,FA,FA,PREDRAFT,4,0,0,0,0,True,False
7363,Jordan Fehr,LB,,True,Inactive,,,,,FA,FA,FA,FA,PREDRAFT,4,0,0,0,0,True,False
7134,Jordan Glasgow,LB,,True,Active,,,,,FA,FA,FA,FA,PREDRAFT,4,0,0,0,0,True,False
2389,Jordan Hicks,LB,,True,Active,,,,,FA,FA,FA,FA,PREDRAFT,4,0,0,0,0,True,False
6307,Jordan Kunaszyk,LB,,True,Inactive,,,,,FA,FA,FA,FA,PREDRAFT,4,0,0,0,0,True,False
7059,Jordan Mack,LB,,True,Active,,,,,FA,FA,FA,FA,PREDRAFT,4,0,0,0,0,True,False
11778,Jordan Magee,LB,WAS,True,Active,Questionable,,LILB,2,FA,FA,FA,FA,PREDRAFT,4,0,0,0,0,True,False
13209,Jordan Turner,LB,DEN,True,Active,,,LILB,2,FA,FA,FA,FA,PREDRAFT,4,0,0,0,0,True,False
7186,Jordan Williams,LB,,True,Active,,,,,FA,FA,FA,FA,PREDRAFT,4,0,0,0,0,True,False
8868,Jordan Young,LB,,True,Active,,,,,FA,FA,FA,FA,PREDRAFT,4,0,0,0,0,True,False
6949,Jordyn Brooks,LB,MIA,True,Active,,,MLB,1,FA,FA,FA,FA,PREDRAFT,4,0,0,0,0,True,False
13259,Joseph Vaughn,LB,,True,Inactive,Questionable,,,,FA,FA,FA,FA,PREDRAFT,4,0,0,0,0,True,False
5334,Josey Jewell,LB,,True,Active,Questionable,,,,FA,FA,FA,FA,PREDRAFT,4,0,0,0,0,True,False
821,Josh Bynes,LB,,True,Active,,,,,FA,FA,FA,FA,PREDRAFT,4,0,0,0,0,True,False
4286,Josh Harvey-Clemons,LB,,True,Active,,,,,FA,FA,FA,FA,PREDRAFT,4,0,0,0,0,True,False
4483,Josh Letuligasenoa,LB,,True,Active,,,,,FA,FA,FA,FA,PREDRAFT,4,0,0,0,0,True,False
1616,Josh Martin,LB,,True,Active,,,,,FA,FA,FA,FA,PREDRAFT,4,0,0,0,0,True,False
13009,Josh Pearcy,LB,,True,Active,,,,,FA,FA,FA,FA,PREDRAFT,4,0,0,0,0,True,False
8285,Josh Ross,LB,,True,Active,,,,,FA,FA,FA,FA,PREDRAFT,4,0,0,0,0,True,False
6741,Josh Smith,LB,,True,Inactive,,,,,FA,FA,FA,FA,PREDRAFT,4,0,0,0,0,True,False
6921,Josh Uche,LB,MIA,True,Active,,,RDE,1,FA,FA,FA,FA,PREDRAFT,4,0,0,0,0,True,False
2894,Josh Watson,LB,,True,Active,,,,,FA,FA,FA,FA,PREDRAFT,4,0,0,0,0,True,False
5757,Josh Woods,LB,ATL,True,Active,,,RILB,3,FA,FA,FA,FA,PREDRAFT,4,0,0,0,0,True,False
8687,Joshua Onujiogu,LB,,True,Active,,,,,FA,FA,FA,FA,PREDRAFT,4,0,0,0,0,True,False
13379,Josiah Trotter,LB,TB,True,Active,,,LILB,1,FA,FA,FA,FA,PREDRAFT,4,0,0,0,0,True,False
12415,Jotham Russell,LB,,True,Active,,,,,FA,FA,FA,FA,PREDRAFT,4,0,0,0,0,True,False
11402,Jourdan Heilig,LB,,True,Active,,,,,FA,FA,FA,FA,PREDRAFT,4,0,0,0,0,True,False
6851,Julian Okwara,LB,,True,Active,,,,,FA,FA,FA,FA,PREDRAFT,4,0,0,0,0,True,False
1120,Julian Stanford,LB,,True,Active,,,,,FA,FA,FA,FA,PREDRAFT,4,0,0,0,0,True,False
12351,Julius Wilkerson,LB,,True,Active,,,,,FA,FA,FA,FA,PREDRAFT,4,0,0,0,0,True,False
11701,Junior Colson,LB,LAC,True,Active,,,,,FA,FA,FA,FA,PREDRAFT,4,0,0,0,0,True,False
12853,Justin Barron,LB,DAL,True,Active,,,,,FA,FA,FA,FA,PREDRAFT,4,0,0,0,0,True,False
7732,Justin Hilliard,LB,KC,True,Active,,,,,FA,FA,FA,FA,PREDRAFT,4,0,0,0,0,True,False
6076,Justin Hollins,LB,,True,Inactive,Questionable,,,,FA,FA,FA,FA,PREDRAFT,4,0,0,0,0,True,False
13524,Justin Jefferson,LB,CLE,True,Active,,,ROLB,1,FA,FA,FA,FA,PREDRAFT,4,0,0,0,0,True,False
5307,Justin Lawler,LB,,True,Active,,,,,FA,FA,FA,FA,PREDRAFT,4,0,0,0,0,True,False
2839,Justin March-Lillard,LB,,True,Active,,,,,FA,FA,FA,FA,PREDRAFT,4,0,0,0,0,True,False
6472,Justin Phillips,LB,,True,Active,,,,,FA,FA,FA,FA,PREDRAFT,4,0,0,0,0,True,False
6977,Justin Strnad,LB,DEN,True,Active,,,LILB,1,FA,FA,FA,FA,PREDRAFT,4,0,0,0,0,True,False
6316,Juwan Foggie,LB,,True,Active,,,,,FA,FA,FA,FA,PREDRAFT,4,0,0,0,0,True,False
6800,K'Lavon Chaisson,LB,WAS,True,Active,,,ROLB,1,FA,FA,FA,FA,PREDRAFT,4,0,0,0,0,True,False
13051,K.C. Ossai,LB,HOU,True,Inactive,IR,,LB,,FA,FA,FA,FA,PREDRAFT,4,0,0,0,0,True,False
7815,K.J. Britt,LB,NE,True,Active,,,,,FA,FA,FA,FA,PREDRAFT,4,0,0,0,0,True,False
11912,K.J. Cloyd,LB,,True,Active,,,,,FA,FA,FA,FA,PREDRAFT,4,0,0,0,0,True,False
998,K.J. Wright,LB,,True,Active,,,,,FA,FA,FA,FA,PREDRAFT,4,0,0,0,0,True,False
6302,Kaden Elliss,LB,NO,True,Active,,,LILB,1,FA,FA,FA,FA,PREDRAFT,4,0,0,0,0,True,False
8759,Kadofi Wright,LB,,True,Active,,,,,FA,FA,FA,FA,PREDRAFT,4,0,0,0,0,True,False
13214,Kaimon Rucker,LB,BAL,True,Active,,,,,FA,FA,FA,FA,PREDRAFT,4,0,0,0,0,True,False
12684,Kain Medrano,LB,WAS,True,Active,,,LILB,3,FA,FA,FA,FA,PREDRAFT,4,0,0,0,0,True,False
13488,Kaleb Elarms-Orr,LB,BUF,True,Active,,,LILB,2,FA,FA,FA,FA,PREDRAFT,4,0,0,0,0,True,False
11990,Kalen DeLoach,LB,,True,Active,,,,,FA,FA,FA,FA,PREDRAFT,4,0,0,0,0,True,False
13177,Kam Arnold,LB,,True,Active,,,,,FA,FA,FA,FA,PREDRAFT,4,0,0,0,0,True,False
6890,Kamal Martin,LB,,True,Active,,,,,FA,FA,FA,FA,PREDRAFT,4,0,0,0,0,True,False
3216,Kamalei Correa,LB,,True,Inactive,,,,,FA,FA,FA,FA,PREDRAFT,4,0,0,0,0,True,False
3363,Kamu Grugier-Hill,LB,,True,Active,,,,,FA,FA,FA,FA,PREDRAFT,4,0,0,0,0,True,False
8758,Kana'i Mauga,LB,,True,Active,,,,,FA,FA,FA,FA,PREDRAFT,4,0,0,0,0,True,False
2244,Kareem Martin,LB,,True,Active,,,,,FA,FA,FA,FA,PREDRAFT,4,0,0,0,0,True,False
12781,Karene Reid,LB,DEN,True,Active,,,RILB,2,FA,FA,FA,FA,PREDRAFT,4,0,0,0,0,True,False
13551,Karson Sharar,LB,ARI,True,Active,,,RILB,2,FA,FA,FA,FA,PREDRAFT,4,0,0,0,0,True,False
7474,Keandre Jones,LB,,True,Inactive,,,,,FA,FA,FA,FA,PREDRAFT,4,0,0,0,0,True,False
3181,Keanu Neal,LB,,True,Inactive,,,,,FA,FA,FA,FA,PREDRAFT,4,0,0,0,0,True,False
11143,Kelechi Anyalebechi,LB,,True,Active,,,,,FA,FA,FA,FA,PREDRAFT,4,0,0,0,0,True,False
13625,Keli Lawson,LB,,True,Active,,,,,FA,FA,FA,FA,PREDRAFT,4,0,0,0,0,True,False
11408,Kelle Sanders,LB,,True,Active,,,,,FA,FA,FA,FA,PREDRAFT,4,0,0,0,0,True,False
13482,Kendal Daniels,LB,ATL,True,Active,,,LILB,2,FA,FA,FA,FA,PREDRAFT,4,0,0,0,0,True,False
13836,Kendrick Blackshire,LB,,True,Active,,,,,FA,FA,FA,FA,PREDRAFT,4,0,0,0,0,True,False
6811,Kenneth Murray,LB,,True,Active,,,,,FA,FA,FA,FA,PREDRAFT,4,0,0,0,0,True,False
12391,Kenny Dyson,LB,MIN,True,Inactive,IR,,LB,,FA,FA,FA,FA,PREDRAFT,4,0,0,0,0,True,False
5300,Kenny Young,LB,,True,Active,,,,,FA,FA,FA,FA,PREDRAFT,4,0,0,0,0,True,False
12764,Keonta Jenkins,LB,BUF,True,Active,,,,,FA,FA,FA,FA,PREDRAFT,4,0,0,0,0,True,False
11194,Keshawn Banks,LB,ATL,True,Inactive,IR,,DL,,FA,FA,FA,FA,PREDRAFT,4,0,0,0,0,True,False
6693,Ketner Kupp,LB,,True,Active,,,,,FA,FA,FA,FA,PREDRAFT,4,0,0,0,0,True,False
1577,Kevin Minter,LB,,True,Active,,,,,FA,FA,FA,FA,PREDRAFT,4,0,0,0,0,True,False
2277,Kevin Pierre-Louis,LB,,True,Inactive,,,,,FA,FA,FA,FA,PREDRAFT,4,0,0,0,0,True,False
13512,Keyshaun Elliott,LB,CHI,True,Active,Questionable,,MLB,2,FA,FA,FA,FA,PREDRAFT,4,0,0,0,0,True,False
8567,Khalan Tolson,LB,,True,Active,,,,,FA,FA,FA,FA,PREDRAFT,4,0,0,0,0,True,False
6937,Khaleke Hudson,LB,,True,Active,,,,,FA,FA,FA,FA,PREDRAFT,4,0,0,0,0,True,False
13915,Khalil Jacobs,LB,NE,True,Inactive,IR,,RILB,3,FA,FA,FA,FA,PREDRAFT,4,0,0,0,0,True,False
2036,Khalil Mack,LB,LAC,True,Active,,,ROLB,1,FA,FA,FA,FA,PREDRAFT,4,0,0,0,0,True,False
7445,Khaylan Kearse-Thomas,LB,,True,Active,,,,,FA,FA,FA,FA,PREDRAFT,4,0,0,0,0,True,False
1345,Kiko Alonso,LB,,True,Active,,,,,FA,FA,FA,FA,PREDRAFT,4,0,0,0,0,True,False
12666,Kiko Mauigoa,LB,NYJ,True,Active,,,RILB,2,FA,FA,FA,FA,PREDRAFT,4,0,0,0,0,True,False
7740,Kobe Jones,LB,,True,Active,,,,,FA,FA,FA,FA,PREDRAFT,4,0,0,0,0,True,False
12701,Kobe King,LB,,True,Inactive,,,,,FA,FA,FA,FA,PREDRAFT,4,0,0,0,0,True,False
12271,Kolbi Fuqua,LB,,True,Active,,,,,FA,FA,FA,FA,PREDRAFT,4,0,0,0,0,True,False
7197,Kristian Welch,LB,GB,True,Active,,,,,FA,FA,FA,FA,PREDRAFT,4,0,0,0,0,True,False
7268,Krys Barnes,LB,,True,Active,,,,,FA,FA,FA,FA,PREDRAFT,4,0,0,0,0,True,False
8657,Kuony Deng,LB,,True,Active,,,,,FA,FA,FA,FA,PREDRAFT,4,0,0,0,0,True,False
2429,Kwon Alexander,LB,,True,Active,,,,,FA,FA,FA,FA,PREDRAFT,4,0,0,0,0,True,False
7494,Kyahva Tezino,LB,,True,Active,,,,,FA,FA,FA,FA,PREDRAFT,4,0,0,0,0,True,False
12804,Kylan Guidry,LB,,True,Active,,,,,FA,FA,FA,FA,PREDRAFT,4,0,0,0,0,True,False
7489,Kylan Johnson,LB,,True,Active,,,,,FA,FA,FA,FA,PREDRAFT,4,0,0,0,0,True,False
2456,Kyle Emanuel,LB,,True,Inactive,,,,,FA,FA,FA,FA,PREDRAFT,4,0,0,0,0,True,False
13479,Kyle Louis,LB,MIA,True,Active,,,LOLB,2,FA,FA,FA,FA,PREDRAFT,4,0,0,0,0,True,False
11196,Kyle Soelle,LB,,True,Active,,,,,FA,FA,FA,FA,PREDRAFT,4,0,0,0,0,True,False
2130,Kyle Van Noy,LB,MIN,True,Active,,,,,FA,FA,FA,FA,PREDRAFT,4,0,0,0,0,True,False
1148,Kyle Wilber,LB,,True,Active,,,,,FA,FA,FA,FA,PREDRAFT,4,0,0,0,0,True,False
3255,Kyler Fackrell,LB,,True,Active,,,,,FA,FA,FA,FA,PREDRAFT,4,0,0,0,0,True,False
5069,Kylie Fitts,LB,,True,Active,,,,,FA,FA,FA,FA,PREDRAFT,4,0,0,0,0,True,False
5348,Kyzir White,LB,,True,Active,,,,,FA,FA,FA,FA,PREDRAFT,4,0,0,0,0,True,False
1078,L.J. Fort,LB,,True,Active,,,,,FA,FA,FA,FA,PREDRAFT,4,0,0,0,0,True,False
6962,La'Darius Hamilton,LB,,True,Active,,,,,FA,FA,FA,FA,PREDRAFT,4,0,0,0,0,True,False
1666,LaRoy Reynolds,LB,NE,True,Active,,,,,FA,FA,FA,FA,PREDRAFT,4,0,0,0,0,True,False
4559,Ladell Fleming,LB,,True,Active,,,,,FA,FA,FA,FA,PREDRAFT,4,0,0,0,0,True,False
8096,Lakiem Williams,LB,,True,Active,,,,,FA,FA,FA,FA,PREDRAFT,4,0,0,0,0,True,False
12874,Lance Dixon,LB,,True,Active,,,,,FA,FA,FA,FA,PREDRAFT,4,0,0,0,0,True,False
13607,Lander Barton,LB,LAC,True,Active,,,,,FA,FA,FA,FA,PREDRAFT,4,0,0,0,0,True,False
12437,Landon Honeycutt,LB,,True,Active,,,,,FA,FA,FA,FA,PREDRAFT,4,0,0,0,0,True,False
13754,Langston Patterson,LB,,True,Active,,,,,FA,FA,FA,FA,PREDRAFT,4,0,0,0,0,True,False
1192,Lavonte David,LB,,True,Active,,,,,FA,FA,FA,FA,PREDRAFT,4,0,0,0,0,True,False
7160,Ledarius Mack,LB,,True,Inactive,,,,,FA,FA,FA,FA,PREDRAFT,4,0,0,0,0,True,False
7964,Leighton McCarthy,LB,,True,Inactive,,,,,FA,FA,FA,FA,PREDRAFT,4,0,0,0,0,True,False
4980,Leighton Vander Esch,LB,,True,Active,,,,,FA,FA,FA,FA,PREDRAFT,4,0,0,0,0,True,False
8362,Leo Chenal,LB,WAS,True,Active,,,RILB,2,FA,FA,FA,FA,PREDRAFT,4,0,0,0,0,True,False
7416,Leo Lewis,LB,,True,Inactive,,,,,FA,FA,FA,FA,PREDRAFT,4,0,0,0,0,True,False
12020,Leo Lowin,LB,,True,Active,,,,,FA,FA,FA,FA,PREDRAFT,4,0,0,0,0,True,False
5315,Leon Jacobs,LB,,True,Active,,,,,FA,FA,FA,FA,PREDRAFT,4,0,0,0,0,True,False
3174,Leonard Floyd,LB,,True,Active,,,,,FA,FA,FA,FA,PREDRAFT,4,0,0,0,0,True,False
12111,Levelle Bailey,LB,DEN,True,Inactive,IR,,LB,,FA,FA,FA,FA,PREDRAFT,4,0,0,0,0,True,False
11281,Liam Anderson,LB,MIA,True,Active,,,,,FA,FA,FA,FA,PREDRAFT,4,0,0,0,0,True,False
6750,Logan Tago,LB,,True,Inactive,NA,,,,FA,FA,FA,FA,PREDRAFT,4,0,0,0,0,True,False
6880,Logan Wilson,LB,,True,Active,,,,,FA,FA,FA,FA,PREDRAFT,4,0,0,0,0,True,False
678,Lorenzo Alexander,LB,,True,Injured Reserve,,,,,FA,FA,FA,FA,PREDRAFT,4,0,0,0,0,True,False
5021,Lorenzo Carter,LB,,True,Active,,,,,FA,FA,FA,FA,PREDRAFT,4,0,0,0,0,True,False
8530,Luiji Vilain,LB,,True,Active,,,,,FA,FA,FA,FA,PREDRAFT,4,0,0,0,0,True,False
6612,Luke Gifford,LB,SF,True,Active,Questionable,,LOLB,3,FA,FA,FA,FA,PREDRAFT,4,0,0,0,0,True,False
1181,Luke Kuechly,LB,,True,Injured Reserve,,,,,FA,FA,FA,FA,PREDRAFT,4,0,0,0,0,True,False
8839,Luke Masterson,LB,,True,Active,,,,,FA,FA,FA,FA,PREDRAFT,4,0,0,0,0,True,False
11890,Luquay Washington,LB,,True,Active,,,,,FA,FA,FA,FA,PREDRAFT,4,0,0,0,0,True,False
11302,Maalik Hall,LB,,True,Inactive,,,,,FA,FA,FA,FA,PREDRAFT,4,0,0,0,0,True,False
6131,Mack Wilson,LB,ARI,True,Active,,,RILB,1,FA,FA,FA,FA,PREDRAFT,4,0,0,0,0,True,False
12057,Maema Njongmeta,LB,,True,Active,,,,,FA,FA,FA,FA,PREDRAFT,4,0,0,0,0,True,False
8334,Malcolm Rodriguez,LB,DET,True,Active,Questionable,,LOLB,1,FA,FA,FA,FA,PREDRAFT,4,0,0,0,0,True,False
997,Malcolm Smith,LB,,True,Active,,,,,FA,FA,FA,FA,PREDRAFT,4,0,0,0,0,True,False
11407,Malik Hamm,LB,,True,Active,,,,,FA,FA,FA,FA,PREDRAFT,4,0,0,0,0,True,False
6867,Malik Harrison,LB,NYG,True,Active,,,,,FA,FA,FA,FA,PREDRAFT,4,0,0,0,0,True,False
5016,Malik Jefferson,LB,,True,Inactive,,,,,FA,FA,FA,FA,PREDRAFT,4,0,0,0,0,True,False
6436,Malik Reed,LB,,True,Active,,,,,FA,FA,FA,FA,PREDRAFT,4,0,0,0,0,True,False
13893,Mani Powell,LB,,True,Active,,,,,FA,FA,FA,FA,PREDRAFT,4,0,0,0,0,True,False
1482,Manti Te'o,LB,,True,Inactive,,,,,FA,FA,FA,FA,PREDRAFT,4,0,0,0,0,True,False
13090,Mapalo Mwansa,LB,CAR,True,Active,,,,,FA,FA,FA,FA,PREDRAFT,4,0,0,0,0,True,False
7241,Marcel Spears,LB,,True,Inactive,,,,,FA,FA,FA,FA,PREDRAFT,4,0,0,0,0,True,False
8618,Marcelino McCrary-Ball,LB,NYJ,True,Active,,,LILB,2,FA,FA,FA,FA,PREDRAFT,4,0,0,0,0,True,False
5370,Marcell Harris,LB,,True,Active,,,,,FA,FA,FA,FA,PREDRAFT,4,0,0,0,0,True,False
5360,Marcus Allen,LB,,True,Inactive,IR,,,,FA,FA,FA,FA,PREDRAFT,4,0,0,0,0,True,False
11437,Marcus Haynes,LB,,True,Active,,,,,FA,FA,FA,FA,PREDRAFT,4,0,0,0,0,True,False
7196,Marcus Willoughby,LB,,True,Active,,,,,FA,FA,FA,FA,PREDRAFT,4,0,0,0,0,True,False
11178,Mariano Sori-Marin,LB,,True,Active,,,,,FA,FA,FA,FA,PREDRAFT,4,0,0,0,0,True,False
11720,Marist Liufau,LB,DAL,True,Active,IR,,LILB,3,FA,FA,FA,FA,PREDRAFT,4,0,0,0,0,True,False
1255,Mark Barron,LB,,True,Inactive,,,,,FA,FA,FA,FA,PREDRAFT,4,0,0,0,0,True,False
6530,Mark McLaurin,LB,,True,Active,,,,,FA,FA,FA,FA,PREDRAFT,4,0,0,0,0,True,False
2535,Mark Nzeocha,LB,,True,Active,,,,,FA,FA,FA,FA,PREDRAFT,4,0,0,0,0,True,False
8525,Mark Robinson,LB,,True,Active,,,,,FA,FA,FA,FA,PREDRAFT,4,0,0,0,0,True,False
6891,Markus Bailey,LB,,True,Active,,,,,FA,FA,FA,FA,PREDRAFT,4,0,0,0,0,True,False
2363,Markus Golden,LB,,True,Active,,,,,FA,FA,FA,FA,PREDRAFT,4,0,0,0,0,True,False
12835,Marlowe Wax,LB,LAC,True,Active,,,LILB,2,FA,FA,FA,FA,PREDRAFT,4,0,0,0,0,True,False
4212,Marquel Lee,LB,,True,Active,,,,,FA,FA,FA,FA,PREDRAFT,4,0,0,0,0,True,False
12446,Marvin Moody,LB,,True,Active,,,,,FA,FA,FA,FA,PREDRAFT,4,0,0,0,0,True,False
11200,Marvin Pierre,LB,,True,Active,,,,,FA,FA,FA,FA,PREDRAFT,4,0,0,0,0,True,False
12318,Mase Funa,LB,,True,Active,,,,,FA,FA,FA,FA,PREDRAFT,4,0,0,0,0,True,False
5459,Mason McKenrick,LB,,True,Active,,,,,FA,FA,FA,FA,PREDRAFT,4,0,0,0,0,True,False
13197,Matt Harmon,LB,,True,Active,,,,,FA,FA,FA,FA,PREDRAFT,4,0,0,0,0,True,False
12988,Matt Jones,LB,,True,Active,,,,,FA,FA,FA,FA,PREDRAFT,4,0,0,0,0,True,False
4191,Matt Milano,LB,,True,Active,,,,,FA,FA,FA,FA,PREDRAFT,4,0,0,0,0,True,False
5345,Matthew Adams,LB,,True,Active,,,,,FA,FA,FA,FA,PREDRAFT,4,0,0,0,0,True,False
11154,Matthew Jester,LB,,True,Active,,,,,FA,FA,FA,FA,PREDRAFT,4,0,0,0,0,True,False
3303,Matthew Judon,LB,,True,Active,,,,,FA,FA,FA,FA,PREDRAFT,4,0,0,0,0,True,False
2224,Maurice Alexander,LB,,True,Active,,,,,FA,FA,FA,FA,PREDRAFT,4,0,0,0,0,True,False
13994,Max Harris,LB,,True,Active,,,,,FA,FA,FA,FA,PREDRAFT,4,0,0,0,0,True,False
7995,Max Richardson,LB,,True,Active,,,,,FA,FA,FA,FA,PREDRAFT,4,0,0,0,0,True,False
8064,Max Roberts,LB,,True,Active,,,,,FA,FA,FA,FA,PREDRAFT,4,0,0,0,0,True,False
12193,Max Tooley,LB,,True,Active,,,,,FA,FA,FA,FA,PREDRAFT,4,0,0,0,0,True,False
11101,Maxwell Worship,LB,,True,Active,,,,,FA,FA,FA,FA,PREDRAFT,4,0,0,0,0,True,False
1141,Melvin Ingram,LB,,True,Active,,,,,FA,FA,FA,FA,PREDRAFT,4,0,0,0,0,True,False
11254,Micah Baskerville,LB,,True,Active,,,,,FA,FA,FA,FA,PREDRAFT,4,0,0,0,0,True,False
5074,Micah Kiser,LB,,True,Inactive,,,,,FA,FA,FA,FA,PREDRAFT,4,0,0,0,0,True,False
8396,Micah McFadden,LB,NYG,True,Active,,,LILB,2,FA,FA,FA,FA,PREDRAFT,4,0,0,0,0,True,False
7640,Micah Parsons,LB,GB,True,Active,PUP,,ROLB,1,FA,FA,FA,FA,PREDRAFT,4,0,0,0,0,True,False
11217,Michael Ayers,LB,,True,Active,,,,,FA,FA,FA,FA,PREDRAFT,4,0,0,0,0,True,False
11843,Michael Barrett,LB,,True,Active,,,,,FA,FA,FA,FA,PREDRAFT,4,0,0,0,0,True,False
7089,Michael Divinity,LB,,True,Active,,,,,FA,FA,FA,FA,PREDRAFT,4,0,0,0,0,True,False
7514,Michael Pinckney,LB,,True,Inactive,,,,,FA,FA,FA,FA,PREDRAFT,4,0,0,0,0,True,False
5922,Mike Bell,LB,,True,Active,,,,,FA,FA,FA,FA,PREDRAFT,4,0,0,0,0,True,False
11187,Mike Jones,LB,,True,Active,,,,,FA,FA,FA,FA,PREDRAFT,4,0,0,0,0,True,False
5517,Mike Needham,LB,,True,Active,,,,,FA,FA,FA,FA,PREDRAFT,4,0,0,0,0,True,False
8346,Mike Rose,LB,,True,Active,,,,,FA,FA,FA,FA,PREDRAFT,4,0,0,0,0,True,False
12444,Mike Smith,LB,,True,Active,,,,,FA,FA,FA,FA,PREDRAFT,4,0,0,0,0,True,False
11128,Mikel Jones,LB,,True,Active,,,,,FA,FA,FA,FA,PREDRAFT,4,0,0,0,0,True,False
7878,Milo Eifler,LB,TEN,True,Inactive,IR,,LB,,FA,FA,FA,FA,PREDRAFT,4,0,0,0,0,True,False
11394,Mitchell Agude,LB,,True,Active,,,,,FA,FA,FA,FA,PREDRAFT,4,0,0,0,0,True,False
11350,Mohamoud Diabate,LB,TEN,True,Active,,,,,FA,FA,FA,FA,PREDRAFT,4,0,0,0,0,True,False
5528,Montrel Meander,LB,,True,Active,,,,,FA,FA,FA,FA,PREDRAFT,4,0,0,0,0,True,False
7683,Monty Rice,LB,,True,Active,,,,,FA,FA,FA,FA,PREDRAFT,4,0,0,0,0,True,False
1032,Mychal Kendricks,LB,,True,Active,,,,,FA,FA,FA,FA,PREDRAFT,4,0,0,0,0,True,False
7012,Mykal Walker,LB,,True,Inactive,Questionable,,,,FA,FA,FA,FA,PREDRAFT,4,0,0,0,0,True,False
11844,Myles Cole,LB,,True,Active,,,,,FA,FA,FA,FA,PREDRAFT,4,0,0,0,0,True,False
3166,Myles Jack,LB,,True,Active,,,,,FA,FA,FA,FA,PREDRAFT,4,0,0,0,0,True,False
1193,Najee Goode,LB,,True,Active,,,,,FA,FA,FA,FA,PREDRAFT,4,0,0,0,0,True,False
8267,Nakobe Dean,LB,LV,True,Active,,,RILB,1,FA,FA,FA,FA,PREDRAFT,4,0,0,0,0,True,False
13542,Namdi Obiazor,LB,NE,True,Active,,,RILB,2,FA,FA,FA,FA,PREDRAFT,4,0,0,0,0,True,False
7291,Nate Evans,LB,,True,Active,,,,,FA,FA,FA,FA,PREDRAFT,4,0,0,0,0,True,False
4213,Nate Gerry,LB,,True,Active,,,,,FA,FA,FA,FA,PREDRAFT,4,0,0,0,0,True,False
6027,Nate Hall,LB,,True,Active,,,,,FA,FA,FA,FA,PREDRAFT,4,0,0,0,0,True,False
8659,Nate Landman,LB,LAR,True,Active,,,LILB,1,FA,FA,FA,FA,PREDRAFT,4,0,0,0,0,True,False
8929,Nate Wieland,LB,,True,Active,,,,,FA,FA,FA,FA,PREDRAFT,4,0,0,0,0,True,False
11116,Nathan East,LB,,True,Active,,,,,FA,FA,FA,FA,PREDRAFT,4,0,0,0,0,True,False
1729,Nathan Stupar,LB,,True,Active,,,,,FA,FA,FA,FA,PREDRAFT,4,0,0,0,0,True,False
11790,Nathaniel Watson,LB,CLE,True,Active,,,,,FA,FA,FA,FA,PREDRAFT,4,0,0,0,0,True,False
6055,Natrez Patrick,LB,,True,Active,,,,,FA,FA,FA,FA,PREDRAFT,4,0,0,0,0,True,False
11423,Nelson Mbanasor,LB,,True,Active,,,,,FA,FA,FA,FA,PREDRAFT,4,0,0,0,0,True,False
8328,Nephi Sewell,LB,CHI,True,Inactive,IR,,LB,,FA,FA,FA,FA,PREDRAFT,4,0,0,0,0,True,False
2677,Neville Hewitt,LB,,True,Active,,,,,FA,FA,FA,FA,PREDRAFT,4,0,0,0,0,True,False
4449,Nicholas Morrow,LB,,True,Active,,,,,FA,FA,FA,FA,PREDRAFT,4,0,0,0,0,True,False
11106,Nick Anderson,LB,,True,Active,,,,,FA,FA,FA,FA,PREDRAFT,4,0,0,0,0,True,False
815,Nick Bellore,LB,,True,Active,NA,,,,FA,FA,FA,FA,PREDRAFT,4,0,0,0,0,True,False
7648,Nick Bolton,LB,KC,True,Active,,,MLB,1,FA,FA,FA,FA,PREDRAFT,4,0,0,0,0,True,False
2655,Nick Dzubnar,LB,,True,Active,,,,,FA,FA,FA,FA,PREDRAFT,4,0,0,0,0,True,False
10973,Nick Hampton,LB,,True,Inactive,Questionable,,,,FA,FA,FA,FA,PREDRAFT,4,0,0,0,0,True,False
10940,Nick Herbig,LB,PIT,True,Active,,,ROLB,2,FA,FA,FA,FA,PREDRAFT,4,0,0,0,0,True,False
13187,Nick Jackson,LB,,True,Active,,,,,FA,FA,FA,FA,PREDRAFT,4,0,0,0,0,True,False
12882,Nick Kubitz,LB,,True,Active,,,,,FA,FA,FA,FA,PREDRAFT,4,0,0,0,0,True,False
3274,Nick Kwiatkoski,LB,,True,Active,,,,,FA,FA,FA,FA,PREDRAFT,4,0,0,0,0,True,False
12630,Nick Martin,LB,SF,True,Inactive,IR,,ROLB,2,FA,FA,FA,FA,PREDRAFT,4,0,0,0,0,True,False
7807,Nick Niemann,LB,GB,True,Active,,,RILB,3,FA,FA,FA,FA,PREDRAFT,4,0,0,0,0,True,False
3254,Nick Vigil,LB,,True,Active,,,,,FA,FA,FA,FA,PREDRAFT,4,0,0,0,0,True,False
4726,Nico Marley,LB,,True,Active,,,,,FA,FA,FA,FA,PREDRAFT,4,0,0,0,0,True,False
1040,Nigel Bradham,LB,,True,Active,,,,,FA,FA,FA,FA,PREDRAFT,4,0,0,0,0,True,False
8280,Nik Bonitto,LB,DEN,True,Active,,,ROLB,1,FA,FA,FA,FA,PREDRAFT,4,0,0,0,0,True,False
13809,Nikhai Hill-Green,LB,,True,Active,,,,,FA,FA,FA,FA,PREDRAFT,4,0,0,0,0,True,False
13628,Niles King,LB,,True,Active,,,,,FA,FA,FA,FA,PREDRAFT,4,0,0,0,0,True,False
6666,Noah Dawkins,LB,,True,Active,,,,,FA,FA,FA,FA,PREDRAFT,4,0,0,0,0,True,False
10984,Noah Sewell,LB,CHI,True,Active,PUP,,ROLB,2,FA,FA,FA,FA,PREDRAFT,4,0,0,0,0,True,False
12304,Noah Washington,LB,,True,Active,,,,,FA,FA,FA,FA,PREDRAFT,4,0,0,0,0,True,False
10873,Nolan Smith,LB,PHI,True,Active,,,LOLB,2,FA,FA,FA,FA,PREDRAFT,4,0,0,0,0,True,False
7626,Odafe Oweh,LB,WAS,True,Active,Questionable,,LOLB,1,FA,FA,FA,FA,PREDRAFT,4,0,0,0,0,True,False
5075,Ogbo Okoronkwo,LB,SF,True,Active,,,,,FA,FA,FA,FA,PREDRAFT,4,0,0,0,0,True,False
5183,Ola Adeniyi,LB,,True,Active,,,,,FA,FA,FA,FA,PREDRAFT,4,0,0,0,0,True,False
8870,Olakunle Fatukasi,LB,,True,Active,,,,,FA,FA,FA,FA,PREDRAFT,4,0,0,0,0,True,False
12140,Omar Speights,LB,LAR,True,Active,,,RILB,1,FA,FA,FA,FA,PREDRAFT,4,0,0,0,0,True,False
7302,Omari Cobb,LB,,True,Active,,,,,FA,FA,FA,FA,PREDRAFT,4,0,0,0,0,True,False
5031,Oren Burks,LB,CIN,True,Active,,,ROLB,1,FA,FA,FA,FA,PREDRAFT,4,0,0,0,0,True,False
6132,Oshane Ximines,LB,,True,Active,,,,,FA,FA,FA,FA,PREDRAFT,4,0,0,0,0,True,False
6432,Otaro Alaka,LB,,True,Active,,,,,FA,FA,FA,FA,PREDRAFT,4,0,0,0,0,True,False
11454,Otis Reese,LB,,True,Active,,,,,FA,FA,FA,FA,PREDRAFT,4,0,0,0,0,True,False
10969,Owen Pappoe,LB,TEN,True,Active,,,MLB,2,FA,FA,FA,FA,PREDRAFT,4,0,0,0,0,True,False
7870,Paddy Fisher,LB,,True,Active,,,,,FA,FA,FA,FA,PREDRAFT,4,0,0,0,0,True,False
13587,Parker Hughes,LB,JAX,True,Inactive,IR,,LB,,FA,FA,FA,FA,PREDRAFT,4,0,0,0,0,True,False
7770,Patrick Johnson,LB,LV,True,Active,,,LOLB,2,FA,FA,FA,FA,PREDRAFT,4,0,0,0,0,True,False
11230,Patrick O'Connell,LB,SEA,True,Active,,,RILB,2,FA,FA,FA,FA,PREDRAFT,4,0,0,0,0,True,False
3680,Patrick Onwuasor,LB,,True,Active,,,,,FA,FA,FA,FA,PREDRAFT,4,0,0,0,0,True,False
6807,Patrick Queen,LB,PIT,True,Active,,,LILB,1,FA,FA,FA,FA,PREDRAFT,4,0,0,0,0,True,False
12274,Paul Moala,LB,,True,Active,,,,,FA,FA,FA,FA,PREDRAFT,4,0,0,0,0,True,False
1539,Paul Worrilow,LB,,True,Active,,,,,FA,FA,FA,FA,PREDRAFT,4,0,0,0,0,True,False
11727,Payton Wilson,LB,PIT,True,Active,,,RILB,1,FA,FA,FA,FA,PREDRAFT,4,0,0,0,0,True,False
823,Pernell McPhee,LB,,True,Active,,,,,FA,FA,FA,FA,PREDRAFT,4,0,0,0,0,True,False
7647,Pete Werner,LB,NO,True,Active,Questionable,,RILB,1,FA,FA,FA,FA,PREDRAFT,4,0,0,0,0,True,False
5325,Peter Kalambayi,LB,GB,True,Active,,,,,FA,FA,FA,FA,PREDRAFT,4,0,0,0,0,True,False
4279,Pita Taumoepenu,LB,,True,Active,,,,,FA,FA,FA,FA,PREDRAFT,4,0,0,0,0,True,False
12747,Power Echols,LB,,True,Active,IR,,LB,,FA,FA,FA,FA,PREDRAFT,4,0,0,0,0,True,False
1808,Preston Brown,LB,,True,Active,,,,,FA,FA,FA,FA,PREDRAFT,4,0,0,0,0,True,False
2343,Preston Smith,LB,,True,Active,,,,,FA,FA,FA,FA,PREDRAFT,4,0,0,0,0,True,False
6743,Quart'e Sapp,LB,,True,Active,,,,,FA,FA,FA,FA,PREDRAFT,4,0,0,0,0,True,False
8266,Quay Walker,LB,LV,True,Active,,,LILB,1,FA,FA,FA,FA,PREDRAFT,4,0,0,0,0,True,False
12636,Que Robinson,LB,DEN,True,Active,,,LOLB,3,FA,FA,FA,FA,PREDRAFT,4,0,0,0,0,True,False
5343,Quentin Poling,LB,NO,True,Inactive,,,,,FA,FA,FA,FA,PREDRAFT,4,0,0,0,0,True,False
7783,Quincy Roche,LB,,True,Active,,,,,FA,FA,FA,FA,PREDRAFT,4,0,0,0,0,True,False
6214,Quincy Williams,LB,CLE,True,Active,,,LOLB,1,FA,FA,FA,FA,PREDRAFT,4,0,0,0,0,True,False
6296,Quinton Bell,LB,,True,Active,,,,,FA,FA,FA,FA,PREDRAFT,4,0,0,0,0,True,False
13244,R.J. Moten,LB,,True,Active,,,,,FA,FA,FA,FA,PREDRAFT,4,0,0,0,0,True,False
4090,Raekwon McMillan,LB,,True,Active,,,,,FA,FA,FA,FA,PREDRAFT,4,0,0,0,0,True,False
12174,Ralen Goforth,LB,,True,Active,,,,,FA,FA,FA,FA,PREDRAFT,4,0,0,0,0,True,False
2423,Ramik Wilson,LB,,True,Active,,,,,FA,FA,FA,FA,PREDRAFT,4,0,0,0,0,True,False
6517,Randy Ramsey,LB,,True,Active,,,,,FA,FA,FA,FA,PREDRAFT,4,0,0,0,0,True,False
4978,Rashaan Evans,LB,,True,Active,,,,,FA,FA,FA,FA,PREDRAFT,4,0,0,0,0,True,False
7232,Rashad Smith,LB,,True,Active,,,,,FA,FA,FA,FA,PREDRAFT,4,0,0,0,0,True,False
7709,Rashad Weaver,LB,,True,Active,,,,,FA,FA,FA,FA,PREDRAFT,4,0,0,0,0,True,False
5839,Rashan Gary,LB,DAL,True,Active,,,LOLB,1,FA,FA,FA,FA,PREDRAFT,4,0,0,0,0,True,False
7459,Rashod Berry,LB,,True,Active,,,,,FA,FA,FA,FA,PREDRAFT,4,0,0,0,0,True,False
7185,Ray Wilborn,LB,,True,Active,,,,,FA,FA,FA,FA,PREDRAFT,4,0,0,0,0,True,False
1770,Ray-Ray Armstrong,LB,,True,Active,,,,,FA,FA,FA,FA,PREDRAFT,4,0,0,0,0,True,False
13579,Red Murdock,LB,DEN,True,Active,,,,,FA,FA,FA,FA,PREDRAFT,4,0,0,0,0,True,False
3720,Reggie Gilbert,LB,,True,Active,,,,,FA,FA,FA,FA,PREDRAFT,4,0,0,0,0,True,False
5477,Reggie Hunter,LB,,True,Active,,,,,FA,FA,FA,FA,PREDRAFT,4,0,0,0,0,True,False
3176,Reggie Ragland,LB,,True,Active,,,,,FA,FA,FA,FA,PREDRAFT,4,0,0,0,0,True,False
7398,Reggie Walker,LB,,True,Active,,,,,FA,FA,FA,FA,PREDRAFT,4,0,0,0,0,True,False
14046,Reid Carrico,LB,,True,Active,,,,,FA,FA,FA,FA,PREDRAFT,4,0,0,0,0,True,False
13736,Reid Williford,LB,,True,Active,,,,,FA,FA,FA,FA,PREDRAFT,4,0,0,0,0,True,False
4030,Reuben Foster,LB,,True,Active,,,,,FA,FA,FA,FA,PREDRAFT,4,0,0,0,0,True,False
12336,Richard Jibunor,LB,,True,Active,,,,,FA,FA,FA,FA,PREDRAFT,4,0,0,0,0,True,False
7998,Riley Cole,LB,,True,Active,,,,,FA,FA,FA,FA,PREDRAFT,4,0,0,0,0,True,False
13970,Riley Wilson,LB,NE,True,Active,,,,,FA,FA,FA,FA,PREDRAFT,4,0,0,0,0,True,False
5769,Ro'Derrick Hoskins,LB,,True,Active,,,,,FA,FA,FA,FA,PREDRAFT,4,0,0,0,0,True,False
10966,Robert Beal,LB,MIA,True,Active,,,LDE,2,FA,FA,FA,FA,PREDRAFT,4,0,0,0,0,True,False
967,Robert Quinn,LB,,True,Active,,,,,FA,FA,FA,FA,PREDRAFT,4,0,0,0,0,True,False
5726,Robert Spillane,LB,NE,True,Active,,,LILB,1,FA,FA,FA,FA,PREDRAFT,4,0,0,0,0,True,False
4834,Rodney Butler,LB,,True,Active,,,,,FA,FA,FA,FA,PREDRAFT,4,0,0,0,0,True,False
8517,Rodney Thomas,LB,SEA,True,Active,,,,,FA,FA,FA,FA,PREDRAFT,4,0,0,0,0,True,False
13361,Romello Height,LB,SF,True,Active,Questionable,,LDE,3,FA,FA,FA,FA,PREDRAFT,4,0,0,0,0,True,False
7330,Romeo Finley,LB,,True,Inactive,,,,,FA,FA,FA,FA,PREDRAFT,4,0,0,0,0,True,False
3502,Romeo Okwara,LB,,True,Active,,,,,FA,FA,FA,FA,PREDRAFT,4,0,0,0,0,True,False
7253,Ron'Dell Carter,LB,,True,Active,,,,,FA,FA,FA,FA,PREDRAFT,4,0,0,0,0,True,False
7688,Ronnie Perkins,LB,,True,Active,,,,,FA,FA,FA,FA,PREDRAFT,4,0,0,0,0,True,False
4960,Roquan Smith,LB,BAL,True,Active,,,RILB,1,FA,FA,FA,FA,PREDRAFT,4,0,0,0,0,True,False
12637,Ruben Hyppolite,LB,CHI,True,Inactive,IR,,LB,,FA,FA,FA,FA,PREDRAFT,4,0,0,0,0,True,False
4097,Ryan Anderson,LB,,True,Active,,,,,FA,FA,FA,FA,PREDRAFT,4,0,0,0,0,True,False
5979,Ryan Connelly,LB,,True,Active,,,,,FA,FA,FA,FA,PREDRAFT,4,0,0,0,0,True,False
11165,Ryan Smenda,LB,,True,Active,,,,,FA,FA,FA,FA,PREDRAFT,4,0,0,0,0,True,False
12366,Salvatore Lupoli,LB,,True,Active,,,,,FA,FA,FA,FA,PREDRAFT,4,0,0,0,0,True,False
969,Sam Acho,LB,,True,Active,,,,,FA,FA,FA,FA,PREDRAFT,4,0,0,0,0,True,False
5830,Sam Eguavoen,LB,,True,Active,,,,,FA,FA,FA,FA,PREDRAFT,4,0,0,0,0,True,False
7844,Sam Kamara,LB,CLE,True,Active,,,,,FA,FA,FA,FA,PREDRAFT,4,0,0,0,0,True,False
13612,Scooby Williams,LB,,True,Active,,,,,FA,FA,FA,FA,PREDRAFT,4,0,0,0,0,True,False
13875,Sean Brown,LB,,True,Inactive,Questionable,,,,FA,FA,FA,FA,PREDRAFT,4,0,0,0,0,True,False
576,Sean Lee,LB,,True,Injured Reserve,,,,,FA,FA,FA,FA,PREDRAFT,4,0,0,0,0,True,False
8620,Segun Olubi,LB,LV,True,Active,,,LILB,3,FA,FA,FA,FA,PREDRAFT,4,0,0,0,0,True,False
11434,Seth Benson,LB,,True,Active,,,,,FA,FA,FA,FA,PREDRAFT,4,0,0,0,0,True,False
13141,Seth Coleman-Lyles,LB,,True,Active,,,,,FA,FA,FA,FA,PREDRAFT,4,0,0,0,0,True,False
13684,Shad Banks,LB,,True,Inactive,Questionable,,,,FA,FA,FA,FA,PREDRAFT,4,0,0,0,0,True,False
11251,Shaka Heyward,LB,CIN,True,Active,,,,,FA,FA,FA,FA,PREDRAFT,4,0,0,0,0,True,False
12419,Shane Lee,LB,,True,Active,,,,,FA,FA,FA,FA,PREDRAFT,4,0,0,0,0,True,False
2328,Shane Ray,LB,,True,Active,,,,,FA,FA,FA,FA,PREDRAFT,4,0,0,0,0,True,False
6997,Shaq Quarterman,LB,,True,Active,,,,,FA,FA,FA,FA,PREDRAFT,4,0,0,0,0,True,False
7913,Shaq Smith,LB,,True,Active,,,,,FA,FA,FA,FA,PREDRAFT,4,0,0,0,0,True,False
2330,Shaq Thompson,LB,BUF,True,Active,,,,,FA,FA,FA,FA,PREDRAFT,4,0,0,0,0,True,False
5003,Shaquem Griffin,LB,,True,Active,,,,,FA,FA,FA,FA,PREDRAFT,4,0,0,0,0,True,False
1999,Shaquil Barrett,LB,,True,Active,,,,,FA,FA,FA,FA,PREDRAFT,4,0,0,0,0,True,False
4990,Shaquille Leonard,LB,,True,Active,,,,,FA,FA,FA,FA,PREDRAFT,4,0,0,0,0,True,False
5900,Shareef Miller,LB,,True,Active,,,,,FA,FA,FA,FA,PREDRAFT,4,0,0,0,0,True,False
5669,Sharif Finch,LB,,True,Inactive,,,,,FA,FA,FA,FA,PREDRAFT,4,0,0,0,0,True,False
7127,Shaun Bradley,LB,,True,Active,,,,,FA,FA,FA,FA,PREDRAFT,4,0,0,0,0,True,False
5367,Shaun Dion Hamilton,LB,,True,Active,,,,,FA,FA,FA,FA,PREDRAFT,4,0,0,0,0,True,False
13000,Shaun Dolac,LB,LAR,True,Active,Questionable,,LILB,2,FA,FA,FA,FA,PREDRAFT,4,0,0,0,0,True,False
12422,Shayne Simon,LB,,True,Active,,,,,FA,FA,FA,FA,PREDRAFT,4,0,0,0,0,True,False
12614,Shemar James,LB,DAL,True,Active,,,RILB,2,FA,FA,FA,FA,PREDRAFT,4,0,0,0,0,True,False
3244,Shilique Calhoun,LB,,True,Active,,,,,FA,FA,FA,FA,PREDRAFT,4,0,0,0,0,True,False
8796,Silas Kelly,LB,,True,Active,,,,,FA,FA,FA,FA,PREDRAFT,4,0,0,0,0,True,False
6211,Sione Takitaki,LB,,True,Inactive,Questionable,,,,FA,FA,FA,FA,PREDRAFT,4,0,0,0,0,True,False
10980,SirVocea Dennis,LB,TB,True,Active,,,LILB,2,FA,FA,FA,FA,PREDRAFT,4,0,0,0,0,True,False
5450,Skai Moore,LB,,True,Active,,,,,FA,FA,FA,FA,PREDRAFT,4,0,0,0,0,True,False
12667,Smael Mondon,LB,PHI,True,Active,,,LILB,2,FA,FA,FA,FA,PREDRAFT,4,0,0,0,0,True,False
7249,Solomon Ajayi,LB,,True,Inactive,,,,,FA,FA,FA,FA,PREDRAFT,4,0,0,0,0,True,False
12837,Solomon DeShields,LB,,True,Active,,,,,FA,FA,FA,FA,PREDRAFT,4,0,0,0,0,True,False
13375,Sonny Styles,LB,WAS,True,Active,,,RILB,1,FA,FA,FA,FA,PREDRAFT,4,0,0,0,0,True,False
12130,Steele Chambers,LB,,True,Active,,,,,FA,FA,FA,FA,PREDRAFT,4,0,0,0,0,True,False
14036,Stephen Dix,LB,,True,Active,,,,,FA,FA,FA,FA,PREDRAFT,4,0,0,0,0,True,False
3382,Stephen Weatherly,LB,,True,Inactive,,,,,FA,FA,FA,FA,PREDRAFT,4,0,0,0,0,True,False
2336,Stephone Anthony,LB,,True,Active,,,,,FA,FA,FA,FA,PREDRAFT,4,0,0,0,0,True,False
1561,Steven Means,LB,,True,Inactive,,,,,FA,FA,FA,FA,PREDRAFT,4,0,0,0,0,True,False
13072,Stone Blanton,LB,,True,Active,,,,,FA,FA,FA,FA,PREDRAFT,4,0,0,0,0,True,False
8806,Storey Jackson,LB,,True,Active,,,,,FA,FA,FA,FA,PREDRAFT,4,0,0,0,0,True,False
12255,Swayze Bozeman,LB,CIN,True,Active,,,MLB,2,FA,FA,FA,FA,PREDRAFT,4,0,0,0,0,True,False
8566,T.D. Moultry,LB,,True,Active,,,,,FA,FA,FA,FA,PREDRAFT,4,0,0,0,0,True,False
5960,T.J. Edwards,LB,CHI,True,Active,,,LOLB,1,FA,FA,FA,FA,PREDRAFT,4,0,0,0,0,True,False
4070,T.J. Watt,LB,PIT,True,Active,,,LOLB,1,FA,FA,FA,FA,PREDRAFT,4,0,0,0,0,True,False
7148,TJ Brunson,LB,,True,Active,,,,,FA,FA,FA,FA,PREDRAFT,4,0,0,0,0,True,False
13775,TJ Quinn,LB,,True,Active,,,,,FA,FA,FA,FA,PREDRAFT,4,0,0,0,0,True,False
7155,Tae Crowder,LB,,True,Active,,,,,FA,FA,FA,FA,PREDRAFT,4,0,0,0,0,True,False
5646,Tae Davis,LB,,True,Inactive,,,,,FA,FA,FA,FA,PREDRAFT,4,0,0,0,0,True,False
1160,Tahir Whitehead,LB,,True,Active,,,,,FA,FA,FA,FA,PREDRAFT,4,0,0,0,0,True,False
13787,Tahj Chambers,LB,IND,True,Active,,,ROLB,2,FA,FA,FA,FA,PREDRAFT,4,0,0,0,0,True,False
6990,Tanner Muse,LB,,True,Active,,,,,FA,FA,FA,FA,PREDRAFT,4,0,0,0,0,True,False
4225,Tanner Vallejo,LB,,True,Active,,,,,FA,FA,FA,FA,PREDRAFT,4,0,0,0,0,True,False
12194,Tarique Barnes,LB,,True,Active,,,,,FA,FA,FA,FA,PREDRAFT,4,0,0,0,0,True,False
11842,Tatum Bethune,LB,SF,True,Active,,,LOLB,1,FA,FA,FA,FA,PREDRAFT,4,0,0,0,0,True,False
13593,Taurean York,LB,,True,Active,,,,,FA,FA,FA,FA,PREDRAFT,4,0,0,0,0,True,False
7888,Tavante Beckett,LB,,True,Active,,,,,FA,FA,FA,FA,PREDRAFT,4,0,0,0,0,True,False
6020,Te'von Coney,LB,,True,Active,,,,,FA,FA,FA,FA,PREDRAFT,4,0,0,0,0,True,False
12640,Teddye Buchanan,LB,BAL,True,Active,Questionable,,LILB,1,FA,FA,FA,FA,PREDRAFT,4,0,0,0,0,True,False
5174,Tegray Scales,LB,,True,Active,,,,,FA,FA,FA,FA,PREDRAFT,4,0,0,0,0,True,False
4812,Terence Waugh,LB,,True,Active,,,,,FA,FA,FA,FA,PREDRAFT,4,0,0,0,0,True,False
5990,Terez Hall,LB,,True,Inactive,,,,,FA,FA,FA,FA,PREDRAFT,4,0,0,0,0,True,False
3417,Terrance Smith,LB,,True,Active,,,,,FA,FA,FA,FA,PREDRAFT,4,0,0,0,0,True,False
8311,Terrel Bernard,LB,BUF,True,Active,Questionable,,RILB,1,FA,FA,FA,FA,PREDRAFT,4,0,0,0,0,True,False
6837,Terrell Lewis,LB,,True,Active,,,,,FA,FA,FA,FA,PREDRAFT,4,0,0,0,0,True,False
296,Terrell Suggs,LB,,True,Active,,,,,FA,FA,FA,FA,PREDRAFT,4,0,0,0,0,True,False
13843,Theron Gaines,LB,,True,Active,,,,,FA,FA,FA,FA,PREDRAFT,4,0,0,0,0,True,False
187,Thomas Davis,LB,,True,Injured Reserve,,,,,FA,FA,FA,FA,PREDRAFT,4,0,0,0,0,True,False
11441,Thomas Incoom,LB,CAR,True,Active,,,ROLB,3,FA,FA,FA,FA,PREDRAFT,4,0,0,0,0,True,False
11094,Thomas Rush,LB,,True,Active,,,,,FA,FA,FA,FA,PREDRAFT,4,0,0,0,0,True,False
4100,Tim Williams,LB,,True,Active,,,,,FA,FA,FA,FA,PREDRAFT,4,0,0,0,0,True,False
6981,Tipa Galeai,LB,,True,Inactive,,,,,FA,FA,FA,FA,PREDRAFT,4,0,0,0,0,True,False
11004,Titus Leo,LB,,True,Inactive,Questionable,,,,FA,FA,FA,FA,PREDRAFT,4,0,0,0,0,True,False
11518,Toby Ndukwe,LB,,True,Active,,,,,FA,FA,FA,FA,PREDRAFT,4,0,0,0,0,True,False
2689,Todd Davis,LB,,True,Injured Reserve,,,,,FA,FA,FA,FA,PREDRAFT,4,0,0,0,0,True,False
11761,Tommy Eichenberg,LB,LV,True,Active,,,LILB,2,FA,FA,FA,FA,PREDRAFT,4,0,0,0,0,True,False
8854,Tomon Fox,LB,,True,Active,,,,,FA,FA,FA,FA,PREDRAFT,4,0,0,0,0,True,False
7836,Tony Fields,LB,CHI,True,Active,IR,,LB,,FA,FA,FA,FA,PREDRAFT,4,0,0,0,0,True,False
11332,Travez Moore,LB,,True,Active,,,,,FA,FA,FA,FA,PREDRAFT,4,0,0,0,0,True,False
5306,Travin Howard,LB,,True,Active,,,,,FA,FA,FA,FA,PREDRAFT,4,0,0,0,0,True,False
12335,Travion Brown,LB,,True,Active,,,,,FA,FA,FA,FA,PREDRAFT,4,0,0,0,0,True,False
6526,Tre Thomas,LB,,True,Active,,,,,FA,FA,FA,FA,PREDRAFT,4,0,0,0,0,True,False
8591,Tre Walker,LB,,True,Active,,,,,FA,FA,FA,FA,PREDRAFT,4,0,0,0,0,True,False
4968,Tremaine Edmunds,LB,NYG,True,Active,,,RILB,1,FA,FA,FA,FA,PREDRAFT,4,0,0,0,0,True,False
5664,Trent Harris,LB,,True,Active,,,,,FA,FA,FA,FA,PREDRAFT,4,0,0,0,0,True,False
10935,Trenton Simpson,LB,BAL,True,Active,,,LILB,2,FA,FA,FA,FA,PREDRAFT,4,0,0,0,0,True,False
11724,Trevin Wallace,LB,NYJ,True,Active,,,RILB,3,FA,FA,FA,FA,PREDRAFT,4,0,0,0,0,True,False
7120,Trevis Gipson,LB,CAR,True,Active,,,ROLB,2,FA,FA,FA,FA,PREDRAFT,4,0,0,0,0,True,False
11348,Trevor Nowaske,LB,DET,True,Active,,,ROLB,2,FA,FA,FA,FA,PREDRAFT,4,0,0,0,0,True,False
2406,Trey Flowers,LB,,True,Inactive,,,,,FA,FA,FA,FA,PREDRAFT,4,0,0,0,0,True,False
12219,Trey Kiser,LB,,True,Active,,,,,FA,FA,FA,FA,PREDRAFT,4,0,0,0,0,True,False
13484,Trey Moore,LB,MIA,True,Active,IR,,ROLB,1,FA,FA,FA,FA,PREDRAFT,4,0,0,0,0,True,False
12344,Tristan Wheeler,LB,,True,Active,,,,,FA,FA,FA,FA,PREDRAFT,4,0,0,0,0,True,False
8388,Troy Andersen,LB,,True,Active,Questionable,,,,FA,FA,FA,FA,PREDRAFT,4,0,0,0,0,True,False
11293,Troy Brown,LB,,True,Active,,,,,FA,FA,FA,FA,PREDRAFT,4,0,0,0,0,True,False
6941,Troy Dye,LB,LAC,True,Active,,,RILB,2,FA,FA,FA,FA,PREDRAFT,4,0,0,0,0,True,False
6353,Troy Reeder,LB,NYJ,True,Active,,,,,FA,FA,FA,FA,PREDRAFT,4,0,0,0,0,True,False
13093,Tuasivi Nomura,LB,,True,Active,,,,,FA,FA,FA,FA,PREDRAFT,4,0,0,0,0,True,False
7920,Tuf Borland,LB,,True,Active,,,,,FA,FA,FA,FA,PREDRAFT,4,0,0,0,0,True,False
6679,Tuzar Skipper,LB,,True,Active,,,,,FA,FA,FA,FA,PREDRAFT,4,0,0,0,0,True,False
8576,Ty Shelby,LB,,True,Active,,,,,FA,FA,FA,FA,PREDRAFT,4,0,0,0,0,True,False
6294,Ty Summers,LB,,True,Active,Questionable,,,,FA,FA,FA,FA,PREDRAFT,4,0,0,0,0,True,False
11712,Ty'Ron Hopper,LB,GB,True,Active,,,LILB,2,FA,FA,FA,FA,PREDRAFT,4,0,0,0,0,True,False
3401,Tyler Matakevich,LB,,True,Active,,,,,FA,FA,FA,FA,PREDRAFT,4,0,0,0,0,True,False
11498,Tyler Murray,LB,,True,Inactive,,,,,FA,FA,FA,FA,PREDRAFT,4,0,0,0,0,True,False
10889,Tyree Wilson,LB,NO,True,Active,,,ROLB,2,FA,FA,FA,FA,PREDRAFT,4,0,0,0,0,True,False
8580,Tyreek Maddox-Williams,LB,,True,Active,,,,,FA,FA,FA,FA,PREDRAFT,4,0,0,0,0,True,False
12995,Tyreem Powell,LB,,True,Active,,,,,FA,FA,FA,FA,PREDRAFT,4,0,0,0,0,True,False
6315,Tyrel Dodson,LB,CAR,True,Active,,,,,FA,FA,FA,FA,PREDRAFT,4,0,0,0,0,True,False
2613,Tyrell Adams,LB,,True,Active,,,,,FA,FA,FA,FA,PREDRAFT,4,0,0,0,0,True,False
11734,Tyrice Knight,LB,SEA,True,Active,,,LILB,2,FA,FA,FA,FA,PREDRAFT,4,0,0,0,0,True,False
4084,Tyus Bowser,LB,,True,Active,,,,,FA,FA,FA,FA,PREDRAFT,4,0,0,0,0,True,False
5061,Uchenna Nwosu,LB,SEA,True,Active,,,ROLB,1,FA,FA,FA,FA,PREDRAFT,4,0,0,0,0,True,False
4205,Ukeme Eligwe,LB,,True,Inactive,,,,,FA,FA,FA,FA,PREDRAFT,4,0,0,0,0,True,False
6057,Ulysees Gilbert,LB,,True,Active,,,,,FA,FA,FA,FA,PREDRAFT,4,0,0,0,0,True,False
10947,Ventrell Miller,LB,JAX,True,Active,,,ROLB,1,FA,FA,FA,FA,PREDRAFT,4,0,0,0,0,True,False
8691,Vi Jones,LB,,True,Active,,,,,FA,FA,FA,FA,PREDRAFT,4,0,0,0,0,True,False
7788,Victor Dimukeje,LB,,True,Inactive,Questionable,,,,FA,FA,FA,FA,PREDRAFT,4,0,0,0,0,True,False
4145,Vince Biegel,LB,,True,Inactive,,,,,FA,FA,FA,FA,PREDRAFT,4,0,0,0,0,True,False
1415,Vince Williams,LB,,True,Injured Reserve,,,,,FA,FA,FA,FA,PREDRAFT,4,0,0,0,0,True,False
871,Von Miller,LB,DAL,True,Active,,,ROLB,2,FA,FA,FA,FA,PREDRAFT,4,0,0,0,0,True,False
1064,Vontaze Burfict,LB,,True,Active,,,,,FA,FA,FA,FA,PREDRAFT,4,0,0,0,0,True,False
13490,Wade Woodaz,LB,HOU,True,Active,Questionable,,LOLB,2,FA,FA,FA,FA,PREDRAFT,4,0,0,0,0,True,False
14030,Wayne Matthews,LB,CHI,True,Active,,,,,FA,FA,FA,FA,PREDRAFT,4,0,0,0,0,True,False
13791,Wesley Bissainthe,LB,,True,Active,,,,,FA,FA,FA,FA,PREDRAFT,4,0,0,0,0,True,False
13192,Wesley Steiner,LB,,True,Active,,,,,FA,FA,FA,FA,PREDRAFT,4,0,0,0,0,True,False
210,Wesley Woodyard,LB,,True,Active,,,,,FA,FA,FA,FA,PREDRAFT,4,0,0,0,0,True,False
13785,West Weeks,LB,IND,True,Active,,,,,FA,FA,FA,FA,PREDRAFT,4,0,0,0,0,True,False
1103,Whitney Mercilus,LB,GB,True,Active,,,,,FA,FA,FA,FA,PREDRAFT,4,0,0,0,0,True,False
1626,Will Compton,LB,,True,Active,,,,,FA,FA,FA,FA,PREDRAFT,4,0,0,0,0,True,False
8889,William Kwenkeu,LB,,True,Active,,,,,FA,FA,FA,FA,PREDRAFT,4,0,0,0,0,True,False
5444,William Ossai,LB,,True,Active,,,,,FA,FA,FA,FA,PREDRAFT,4,0,0,0,0,True,False
7023,Willie Gay,LB,MIA,True,Active,,,MLB,2,FA,FA,FA,FA,PREDRAFT,4,0,0,0,0,True,False
6498,Willie Harvey,LB,,True,Active,,,,,FA,FA,FA,FA,PREDRAFT,4,0,0,0,0,True,False
4843,Willie Mays,LB,,True,Active,,,,,FA,FA,FA,FA,PREDRAFT,4,0,0,0,0,True,False
11494,Willie Taylor,LB,,True,Active,,,,,FA,FA,FA,FA,PREDRAFT,4,0,0,0,0,True,False
11079,Wilson Huber,LB,,True,Active,,,,,FA,FA,FA,FA,PREDRAFT,4,0,0,0,0,True,False
12083,Winston Reid,LB,CLE,True,Active,,,LOLB,2,FA,FA,FA,FA,PREDRAFT,4,0,0,0,0,True,False
3849,Wynton McManis,LB,MIA,True,Active,,,,,FA,FA,FA,FA,PREDRAFT,4,0,0,0,0,True,False
13257,Xander Mueller,LB,,True,Active,,,,,FA,FA,FA,FA,PREDRAFT,4,0,0,0,0,True,False
13800,Xavian Sorey,LB,,True,Active,,,,,FA,FA,FA,FA,PREDRAFT,4,0,0,0,0,True,False
13081,Xavier Carlton,LB,,True,Active,,,,,FA,FA,FA,FA,PREDRAFT,4,0,0,0,0,True,False
10992,Yasir Abdullah,LB,ATL,True,Active,,,ROLB,3,FA,FA,FA,FA,PREDRAFT,4,0,0,0,0,True,False
14022,Yasir Holmes,LB,TB,True,Active,,,,,FA,FA,FA,FA,PREDRAFT,4,0,0,0,0,True,False
11977,Yvandy Rigby,LB,,True,Active,,,,,FA,FA,FA,FA,PREDRAFT,4,0,0,0,0,True,False
2427,Za'Darius Smith,LB,ATL,True,Active,,,RDE,2,FA,FA,FA,FA,PREDRAFT,4,0,0,0,0,True,False
1093,Zach Brown,LB,,True,Active,,,,,FA,FA,FA,FA,PREDRAFT,4,0,0,0,0,True,False
4110,Zach Cunningham,LB,,True,Active,Questionable,,,,FA,FA,FA,FA,PREDRAFT,4,0,0,0,0,True,False
8531,Zach McCloud,LB,,True,Active,,,,,FA,FA,FA,FA,PREDRAFT,4,0,0,0,0,True,False
6815,Zack Baun,LB,PHI,True,Active,,,LILB,1,FA,FA,FA,FA,PREDRAFT,4,0,0,0,0,True,False
11000,Zaire Barnes,LB,NYG,True,Active,,,RILB,3,FA,FA,FA,FA,PREDRAFT,4,0,0,0,0,True,False
5346,Zaire Franklin,LB,GB,True,Active,,,RILB,1,FA,FA,FA,FA,PREDRAFT,4,0,0,0,0,True,False
8301,Zakoby McClain,LB,,True,Active,,,,,FA,FA,FA,FA,PREDRAFT,4,0,0,0,0,True,False
7637,Zaven Collins,LB,ARI,True,Active,,,LOLB,1,FA,FA,FA,FA,PREDRAFT,4,0,0,0,0,True,False
4848,Christian Kuntz,LS,PIT,True,Active,,,LS,,FA,FA,FA,FA,PREDRAFT,4,0,0,0,0,True,False
3598,Luke Rhodes,LS,IND,True,Active,,,LS,,FA,FA,FA,FA,PREDRAFT,4,0,0,0,0,True,False
3882,Zach Wood,LS,NO,True,Active,,,LS,,FA,FA,FA,FA,PREDRAFT,4,0,0,0,0,True,False
7679,Alim McNeill,NT,DET,True,Active,,,RDT,1,FA,FA,FA,FA,PREDRAFT,4,0,0,0,0,True,False
6658,Austin Maloata,NT,,True,Active,,,,,FA,FA,FA,FA,PREDRAFT,4,0,0,0,0,True,False
1788,Beau Allen,NT,,True,Active,,,,,FA,FA,FA,FA,PREDRAFT,4,0,0,0,0,True,False
5414,Bijhon Jackson,NT,,True,Active,,,,,FA,FA,FA,FA,PREDRAFT,4,0,0,0,0,True,False
2105,Brandon Dunn,NT,,True,Active,,,,,FA,FA,FA,FA,PREDRAFT,4,0,0,0,0,True,False
6,Brandon Mebane,NT,,True,Active,,,,,FA,FA,FA,FA,PREDRAFT,4,0,0,0,0,True,False
7326,Breiden Fehoko,NT,,True,Active,,,,,FA,FA,FA,FA,PREDRAFT,4,0,0,0,0,True,False
6689,Bryant Jones,NT,,True,Active,,,,,FA,FA,FA,FA,PREDRAFT,4,0,0,0,0,True,False
12258,Buddha Jones,NT,,True,Active,,,,,FA,FA,FA,FA,PREDRAFT,4,0,0,0,0,True,False
3625,Calvin Heurtelou,NT,,True,Active,,,,,FA,FA,FA,FA,PREDRAFT,4,0,0,0,0,True,False
12779,Christian Dowell,NT,,True,Active,,,,,FA,FA,FA,FA,PREDRAFT,4,0,0,0,0,True,False
5457,Christian LaCouture,NT,,True,Active,,,,,FA,FA,FA,FA,PREDRAFT,4,0,0,0,0,True,False
5485,Conor Sheehy,NT,,True,Active,,,,,FA,FA,FA,FA,PREDRAFT,4,0,0,0,0,True,False
3661,Cory Johnson,NT,,True,Active,,,,,FA,FA,FA,FA,PREDRAFT,4,0,0,0,0,True,False
5399,Curtis Cothran,NT,,True,Active,,,,,FA,FA,FA,FA,PREDRAFT,4,0,0,0,0,True,False
6466,Daryle Banfield,NT,,True,Active,,,,,FA,FA,FA,FA,PREDRAFT,4,0,0,0,0,True,False
4703,DeAngelo Brown,NT,,True,Active,,,,,FA,FA,FA,FA,PREDRAFT,4,0,0,0,0,True,False
3809,Demetris Anderson,NT,,True,Active,,,,,FA,FA,FA,FA,PREDRAFT,4,0,0,0,0,True,False
5926,Dontavius Russell,NT,,True,Active,,,,,FA,FA,FA,FA,PREDRAFT,4,0,0,0,0,True,False
6646,Durndraus Bryant,NT,,True,Inactive,NA,,,,FA,FA,FA,FA,PREDRAFT,4,0,0,0,0,True,False
4403,Dylan Bradley,NT,,True,Active,,,,,FA,FA,FA,FA,PREDRAFT,4,0,0,0,0,True,False
6134,Gerald Willis,NT,,True,Active,,,,,FA,FA,FA,FA,PREDRAFT,4,0,0,0,0,True,False
14003,Herbert Gums,NT,,True,Active,,,,,FA,FA,FA,FA,PREDRAFT,4,0,0,0,0,True,False
6338,Ira Savage-Lewis,NT,,True,Active,,,,,FA,FA,FA,FA,PREDRAFT,4,0,0,0,0,True,False
6616,Iseoluwapo Jegede,NT,,True,Active,,,,,FA,FA,FA,FA,PREDRAFT,4,0,0,0,0,True,False
6230,Javier Edwards,NT,,True,Active,,,,,FA,FA,FA,FA,PREDRAFT,4,0,0,0,0,True,False
6495,Jay-Tee Tiuli,NT,,True,Active,,,,,FA,FA,FA,FA,PREDRAFT,4,0,0,0,0,True,False
7128,John Penisini,NT,,True,Active,,,,,FA,FA,FA,FA,PREDRAFT,4,0,0,0,0,True,False
6337,Johnny Dwight,NT,,True,Active,,,,,FA,FA,FA,FA,PREDRAFT,4,0,0,0,0,True,False
4414,Josh Augusta,NT,,True,Active,,,,,FA,FA,FA,FA,PREDRAFT,4,0,0,0,0,True,False
5364,Joshua Frazier,NT,,True,Active,,,,,FA,FA,FA,FA,PREDRAFT,4,0,0,0,0,True,False
10901,Keeanu Benton,NT,PIT,True,Active,,,RDE,2,FA,FA,FA,FA,PREDRAFT,4,0,0,0,0,True,False
517,Kyle Love,NT,,True,Injured Reserve,,,,,FA,FA,FA,FA,PREDRAFT,4,0,0,0,0,True,False
13574,Landon Robinson,NT,CIN,True,Active,,,RDT,3,FA,FA,FA,FA,PREDRAFT,4,0,0,0,0,True,False
1640,Mike Purcell,NT,,True,Active,,,,,FA,FA,FA,FA,PREDRAFT,4,0,0,0,0,True,False
5616,Mike Ramsay,NT,,True,Active,,,,,FA,FA,FA,FA,PREDRAFT,4,0,0,0,0,True,False
6378,Miles Brown,NT,,True,Active,,,,,FA,FA,FA,FA,PREDRAFT,4,0,0,0,0,True,False
3529,Nile Lawrence-Stample,NT,,True,Active,,,,,FA,FA,FA,FA,PREDRAFT,4,0,0,0,0,True,False
4346,Omarius Bryant,NT,,True,Active,,,,,FA,FA,FA,FA,PREDRAFT,4,0,0,0,0,True,False
11436,P.J. Mustipher,NT,,True,Inactive,Questionable,,,,FA,FA,FA,FA,PREDRAFT,4,0,0,0,0,True,False
11411,Robert Cooper,NT,,True,Active,,,,,FA,FA,FA,FA,PREDRAFT,4,0,0,0,0,True,False
1922,Roy Philon,NT,,True,Active,,,,,FA,FA,FA,FA,PREDRAFT,4,0,0,0,0,True,False
4280,Stevie Tu'ikolovatu,NT,,True,Active,,,,,FA,FA,FA,FA,PREDRAFT,4,0,0,0,0,True,False
2760,Travis Raciti,NT,,True,Active,,,,,FA,FA,FA,FA,PREDRAFT,4,0,0,0,0,True,False
6326,Trevon Sanders,NT,,True,Active,,,,,FA,FA,FA,FA,PREDRAFT,4,0,0,0,0,True,False
3725,Tyler Kuder,NT,,True,Active,,,,,FA,FA,FA,FA,PREDRAFT,4,0,0,0,0,True,False
5611,Tyrell Chavis,NT,,True,Active,,,,,FA,FA,FA,FA,PREDRAFT,4,0,0,0,0,True,False
6082,Corbin Kaufusi,OL,,True,Active,,,,,FA,FA,FA,FA,PREDRAFT,4,0,0,0,0,True,False
4642,Jarron Jones,OL,,True,Active,,,,,FA,FA,FA,FA,PREDRAFT,4,0,0,0,0,True,False
6306,Patrick Mekari,OL,JAX,True,Active,IR,,OL,,FA,FA,FA,FA,PREDRAFT,4,0,0,0,0,True,False
4549,Rashaad Coward,OL,,True,Active,,,,,FA,FA,FA,FA,PREDRAFT,4,0,0,0,0,True,False
5901,Tytus Howard,OL,CLE,True,Active,,,OL,,FA,FA,FA,FA,PREDRAFT,4,0,0,0,0,True,False
3991,Alex Bazzie,OLB,,True,Active,,,,,FA,FA,FA,FA,PREDRAFT,4,0,0,0,0,True,False
4556,Alex Scearce,OLB,,True,Active,,,,,FA,FA,FA,FA,PREDRAFT,4,0,0,0,0,True,False
2842,Andrae Kirk,OLB,,True,Active,,,,,FA,FA,FA,FA,PREDRAFT,4,0,0,0,0,True,False
6508,Anthony Stubbs,OLB,,True,Active,,,,,FA,FA,FA,FA,PREDRAFT,4,0,0,0,0,True,False
5657,Asantay Brown,OLB,,True,Active,,,,,FA,FA,FA,FA,PREDRAFT,4,0,0,0,0,True,False
4620,Avery Williams,OLB,,True,Active,,,,,FA,FA,FA,FA,PREDRAFT,4,0,0,0,0,True,False
5380,Azeem Victor,OLB,,True,Active,,,,,FA,FA,FA,FA,PREDRAFT,4,0,0,0,0,True,False
3409,Beniquez Brown,OLB,,True,Active,,,,,FA,FA,FA,FA,PREDRAFT,4,0,0,0,0,True,False
5765,Bo Bower,OLB,,True,Inactive,NA,,,,FA,FA,FA,FA,PREDRAFT,4,0,0,0,0,True,False
4015,Boseko Lokombo,OLB,,True,Active,,,,,FA,FA,FA,FA,PREDRAFT,4,0,0,0,0,True,False
3742,Brandon Chubb,OLB,,True,Active,,,,,FA,FA,FA,FA,PREDRAFT,4,0,0,0,0,True,False
5711,Brian Womac,OLB,,True,Active,,,,,FA,FA,FA,FA,PREDRAFT,4,0,0,0,0,True,False
4419,Brooks Ellis,OLB,,True,Active,,,,,FA,FA,FA,FA,PREDRAFT,4,0,0,0,0,True,False
6748,Bryson Allen-Williams,OLB,,True,Active,,,,,FA,FA,FA,FA,PREDRAFT,4,0,0,0,0,True,False
3469,Cassanova McKinzy,OLB,,True,Active,,,,,FA,FA,FA,FA,PREDRAFT,4,0,0,0,0,True,False
5682,Cayson Collins,OLB,,True,Active,,,,,FA,FA,FA,FA,PREDRAFT,4,0,0,0,0,True,False
5685,Chad Meredith,OLB,,True,Active,,,,,FA,FA,FA,FA,PREDRAFT,4,0,0,0,0,True,False
4667,Charmeachealle Moore,OLB,,True,Inactive,,,ROLB,2,FA,FA,FA,FA,PREDRAFT,4,0,0,0,0,True,False
4509,Chris Casher,OLB,,True,Active,,,,,FA,FA,FA,FA,PREDRAFT,4,0,0,0,0,True,False
4304,Chris Odom,OLB,,True,Inactive,,,,,FA,FA,FA,FA,PREDRAFT,4,0,0,0,0,True,False
6252,Chris Peace,OLB,,True,Active,,,,,FA,FA,FA,FA,PREDRAFT,4,0,0,0,0,True,False
4816,Christian French,OLB,,True,Active,,,,,FA,FA,FA,FA,PREDRAFT,4,0,0,0,0,True,False
5085,Christian Sam,OLB,,True,Inactive,,,,,FA,FA,FA,FA,PREDRAFT,4,0,0,0,0,True,False
4850,Christian Tago,OLB,,True,Active,,,,,FA,FA,FA,FA,PREDRAFT,4,0,0,0,0,True,False
2744,Cole Farrand,OLB,,True,Active,,,,,FA,FA,FA,FA,PREDRAFT,4,0,0,0,0,True,False
5453,Colton Jumper,OLB,,True,Active,,,,,FA,FA,FA,FA,PREDRAFT,4,0,0,0,0,True,False
5680,Corey Thompson,OLB,,True,Active,,,,,FA,FA,FA,FA,PREDRAFT,4,0,0,0,0,True,False
6644,Curtis Akins,OLB,,True,Active,,,,,FA,FA,FA,FA,PREDRAFT,4,0,0,0,0,True,False
2795,Dakorey Johnson,OLB,,True,Active,,,,,FA,FA,FA,FA,PREDRAFT,4,0,0,0,0,True,False
5180,Danny Ezechukwu,OLB,,True,Inactive,NA,,,,FA,FA,FA,FA,PREDRAFT,4,0,0,0,0,True,False
2693,Danny Mason,OLB,,True,Active,,,,,FA,FA,FA,FA,PREDRAFT,4,0,0,0,0,True,False
6356,Dante Booker,OLB,,True,Active,,,,,FA,FA,FA,FA,PREDRAFT,4,0,0,0,0,True,False
3429,Darien Harris,OLB,,True,Active,,,,,FA,FA,FA,FA,PREDRAFT,4,0,0,0,0,True,False
6170,Darrell Williams,OLB,,True,Active,,,,,FA,FA,FA,FA,PREDRAFT,4,0,0,0,0,True,False
2763,Dasman McCullum,OLB,,True,Active,,,,,FA,FA,FA,FA,PREDRAFT,4,0,0,0,0,True,False
6680,David Kenney,OLB,,True,Active,,,,,FA,FA,FA,FA,PREDRAFT,4,0,0,0,0,True,False
4486,David Talley,OLB,,True,Active,,,,,FA,FA,FA,FA,PREDRAFT,4,0,0,0,0,True,False
2451,Davis Tull,OLB,,True,Active,,,,,FA,FA,FA,FA,PREDRAFT,4,0,0,0,0,True,False
4615,Dayon Pratt,OLB,,True,Active,,,,,FA,FA,FA,FA,PREDRAFT,4,0,0,0,0,True,False
4582,Deon Hollins,OLB,,True,Active,,,,,FA,FA,FA,FA,PREDRAFT,4,0,0,0,0,True,False
6015,Deshaun Davis,OLB,,True,Active,,,,,FA,FA,FA,FA,PREDRAFT,4,0,0,0,0,True,False
3499,Dillon Lee,OLB,,True,Active,,,,,FA,FA,FA,FA,PREDRAFT,4,0,0,0,0,True,False
3617,Dominique Tovell,OLB,,True,Active,,,,,FA,FA,FA,FA,PREDRAFT,4,0,0,0,0,True,False
2793,Donnie Baggs,OLB,,True,Active,,,,,FA,FA,FA,FA,PREDRAFT,4,0,0,0,0,True,False
3632,Dwayne Norman,OLB,,True,Active,,,,,FA,FA,FA,FA,PREDRAFT,4,0,0,0,0,True,False
2647,Dyshawn Davis,OLB,,True,Active,,,,,FA,FA,FA,FA,PREDRAFT,4,0,0,0,0,True,False
6064,E.J. Ejiya,OLB,,True,Active,,,,,FA,FA,FA,FA,PREDRAFT,4,0,0,0,0,True,False
4736,Eric Nzeocha,OLB,,True,Inactive,,,,,FA,FA,FA,FA,PREDRAFT,4,0,0,0,0,True,False
3501,Eric Striker,OLB,,True,Active,,,,,FA,FA,FA,FA,PREDRAFT,4,0,0,0,0,True,False
4734,Ezekiel Bigger,OLB,,True,Active,,,,,FA,FA,FA,FA,PREDRAFT,4,0,0,0,0,True,False
3760,Farrington Huguenin,OLB,,True,Active,,,,,FA,FA,FA,FA,PREDRAFT,4,0,0,0,0,True,False
4780,Folarin Orimolade,OLB,,True,Active,,,,,FA,FA,FA,FA,PREDRAFT,4,0,0,0,0,True,False
5516,Frank Ginda,OLB,,True,Active,,,,,FA,FA,FA,FA,PREDRAFT,4,0,0,0,0,True,False
5213,Garret Dooley,OLB,,True,Active,,,,,FA,FA,FA,FA,PREDRAFT,4,0,0,0,0,True,False
2715,Gary Wilkins,OLB,,True,Active,,,,,FA,FA,FA,FA,PREDRAFT,4,0,0,0,0,True,False
5573,Greer Martini,OLB,,True,Active,,,,,FA,FA,FA,FA,PREDRAFT,4,0,0,0,0,True,False
7345,Greg Reaves,OLB,,True,Active,,,,,FA,FA,FA,FA,PREDRAFT,4,0,0,0,0,True,False
4550,Hendrick Ekpe,OLB,,True,Active,,,,,FA,FA,FA,FA,PREDRAFT,4,0,0,0,0,True,False
2726,Henry Coley,OLB,,True,Active,,,,,FA,FA,FA,FA,PREDRAFT,4,0,0,0,0,True,False
4625,Hunter Dimick,OLB,,True,Active,,,,,FA,FA,FA,FA,PREDRAFT,4,0,0,0,0,True,False
5807,Jaboree Williams,OLB,,True,Active,,,,,FA,FA,FA,FA,PREDRAFT,4,0,0,0,0,True,False
4739,Jack Lynn,OLB,,True,Active,,,,,FA,FA,FA,FA,PREDRAFT,4,0,0,0,0,True,False
4047,Jacob Lindsey,OLB,,True,Active,,,,,FA,FA,FA,FA,PREDRAFT,4,0,0,0,0,True,False
5564,Jacob Pugh,OLB,,True,Active,,,,,FA,FA,FA,FA,PREDRAFT,4,0,0,0,0,True,False
3566,Jake Ganus,OLB,,True,Active,,,,,FA,FA,FA,FA,PREDRAFT,4,0,0,0,0,True,False
6376,James Folston,OLB,,True,Active,,,,,FA,FA,FA,FA,PREDRAFT,4,0,0,0,0,True,False
6327,Jamey Mosley,OLB,,True,Active,,,,,FA,FA,FA,FA,PREDRAFT,4,0,0,0,0,True,False
3494,Jason Fanaika,OLB,,True,Active,,,,,FA,FA,FA,FA,PREDRAFT,4,0,0,0,0,True,False
5556,Jason Hall,OLB,,True,Active,,,,,FA,FA,FA,FA,PREDRAFT,4,0,0,0,0,True,False
4001,Jeff Knox,OLB,,True,Active,,,,,FA,FA,FA,FA,PREDRAFT,4,0,0,0,0,True,False
5387,Jerod Fernandez,OLB,,True,Inactive,NA,,,,FA,FA,FA,FA,PREDRAFT,4,0,0,0,0,True,False
6336,Jesse Aniebonam,OLB,,True,Active,,,,,FA,FA,FA,FA,PREDRAFT,4,0,0,0,0,True,False
4459,Jimmie Gilbert,OLB,,True,Active,,,,,FA,FA,FA,FA,PREDRAFT,4,0,0,0,0,True,False
4817,Jimmy Herman,OLB,,True,Active,,,,,FA,FA,FA,FA,PREDRAFT,4,0,0,0,0,True,False
5488,Joel Lanning,OLB,,True,Active,,,,,FA,FA,FA,FA,PREDRAFT,4,0,0,0,0,True,False
6066,Joey Alfieri,OLB,,True,Active,,,,,FA,FA,FA,FA,PREDRAFT,4,0,0,0,0,True,False
4792,Jonathan Walton,OLB,,True,Active,,,,,FA,FA,FA,FA,PREDRAFT,4,0,0,0,0,True,False
2889,Jordan DeWalt-Ondijo,OLB,,True,Active,,,,,FA,FA,FA,FA,PREDRAFT,4,0,0,0,0,True,False
6249,Josh Corcoran,OLB,,True,Active,,,,,FA,FA,FA,FA,PREDRAFT,4,0,0,0,0,True,False
4628,Justin Horton,OLB,,True,Active,,,,,FA,FA,FA,FA,PREDRAFT,4,0,0,0,0,True,False
6676,Juwon Young,OLB,,True,Active,,,,,FA,FA,FA,FA,PREDRAFT,4,0,0,0,0,True,False
6225,Kahzin Daniels,OLB,,True,Active,,,,,FA,FA,FA,FA,PREDRAFT,4,0,0,0,0,True,False
5719,KeShun Freeman,OLB,,True,Active,,,,,FA,FA,FA,FA,PREDRAFT,4,0,0,0,0,True,False
4269,Keion Adams,OLB,,True,Inactive,,,,,FA,FA,FA,FA,PREDRAFT,4,0,0,0,0,True,False
4690,Ken Ekanem,OLB,,True,Active,,,,,FA,FA,FA,FA,PREDRAFT,4,0,0,0,0,True,False
4570,Kennan Gilchrist,OLB,,True,Active,,,,,FA,FA,FA,FA,PREDRAFT,4,0,0,0,0,True,False
3790,Kevin Anderson,OLB,,True,Active,,,,,FA,FA,FA,FA,PREDRAFT,4,0,0,0,0,True,False
6331,Koa Farmer,OLB,,True,Active,,,,,FA,FA,FA,FA,PREDRAFT,4,0,0,0,0,True,False
3001,Kyle Woestmann,OLB,,True,Active,,,,,FA,FA,FA,FA,PREDRAFT,4,0,0,0,0,True,False
5940,Landis Durham,OLB,,True,Active,,,,,FA,FA,FA,FA,PREDRAFT,4,0,0,0,0,True,False
4577,Lucas Wacha,OLB,,True,Active,,,,,FA,FA,FA,FA,PREDRAFT,4,0,0,0,0,True,False
6229,Malik Carney,OLB,,True,Inactive,,,,,FA,FA,FA,FA,PREDRAFT,4,0,0,0,0,True,False
5717,Manase Hungalu,OLB,,True,Active,,,,,FA,FA,FA,FA,PREDRAFT,4,0,0,0,0,True,False
6483,Markus Jones,OLB,,True,Active,,,,,FA,FA,FA,FA,PREDRAFT,4,0,0,0,0,True,False
5411,Matthew Oplinger,OLB,,True,Active,,,,,FA,FA,FA,FA,PREDRAFT,4,0,0,0,0,True,False
3431,Michael Caputo,OLB,,True,Active,,,,,FA,FA,FA,FA,PREDRAFT,4,0,0,0,0,True,False
6484,Michael Onuoha,OLB,,True,Active,,,,,FA,FA,FA,FA,PREDRAFT,4,0,0,0,0,True,False
5221,Mike McCray,OLB,,True,Active,,,,,FA,FA,FA,FA,PREDRAFT,4,0,0,0,0,True,False
4679,Nick Usher,OLB,,True,Active,,,,,FA,FA,FA,FA,PREDRAFT,4,0,0,0,0,True,False
4783,Noor Davis,OLB,,True,Active,,,,,FA,FA,FA,FA,PREDRAFT,4,0,0,0,0,True,False
3818,Pete Robertson,OLB,,True,Active,,,,,FA,FA,FA,FA,PREDRAFT,4,0,0,0,0,True,False
4394,Praise Martin-Oguike,OLB,,True,Inactive,,,,,FA,FA,FA,FA,PREDRAFT,4,0,0,0,0,True,False
4682,Randy Allen,OLB,,True,Active,,,,,FA,FA,FA,FA,PREDRAFT,4,0,0,0,0,True,False
2512,Reshard Cliett,OLB,,True,Active,,,,,FA,FA,FA,FA,PREDRAFT,4,0,0,0,0,True,False
4469,Richie Brown,OLB,,True,Inactive,,,,,FA,FA,FA,FA,PREDRAFT,4,0,0,0,0,True,False
4316,Sae Tautu,OLB,,True,Active,,,,,FA,FA,FA,FA,PREDRAFT,4,0,0,0,0,True,False
2959,Sage Harold,OLB,,True,Active,,,,,FA,FA,FA,FA,PREDRAFT,4,0,0,0,0,True,False
6433,Silas Stewart,OLB,,True,Active,,,,,FA,FA,FA,FA,PREDRAFT,4,0,0,0,0,True,False
6706,Sione Teuhema,OLB,,True,Active,,,,,FA,FA,FA,FA,PREDRAFT,4,0,0,0,0,True,False
6670,Sterling Sheffield,OLB,,True,Active,,,,,FA,FA,FA,FA,PREDRAFT,4,0,0,0,0,True,False
3563,Steve Longa,OLB,,True,Active,,,,,FA,FA,FA,FA,PREDRAFT,4,0,0,0,0,True,False
3387,Steven Daniels,OLB,,True,Active,,,,,FA,FA,FA,FA,PREDRAFT,4,0,0,0,0,True,False
2777,Tavarus Dantzler,OLB,,True,Active,,,,,FA,FA,FA,FA,PREDRAFT,4,0,0,0,0,True,False
5939,Terrill Hanks,OLB,,True,Active,,,,,FA,FA,FA,FA,PREDRAFT,4,0,0,0,0,True,False
5725,Tobenna Okeke,OLB,,True,Active,,,,,FA,FA,FA,FA,PREDRAFT,4,0,0,0,0,True,False
2563,Tony Washington,OLB,,True,Active,,,,,FA,FA,FA,FA,PREDRAFT,4,0,0,0,0,True,False
5836,Tre' Williams,OLB,,True,Active,,,,,FA,FA,FA,FA,PREDRAFT,4,0,0,0,0,True,False
3536,Tyler Marcordes,OLB,,True,Active,,,,,FA,FA,FA,FA,PREDRAFT,4,0,0,0,0,True,False
3642,Ufomba Kamalu,OLB,,True,Active,,,,,FA,FA,FA,FA,PREDRAFT,4,0,0,0,0,True,False
5720,Vontae Diggs,OLB,,True,Active,,,,,FA,FA,FA,FA,PREDRAFT,4,0,0,0,0,True,False
3623,Vontarrius Dora,OLB,,True,Active,,,,,FA,FA,FA,FA,PREDRAFT,4,0,0,0,0,True,False
5907,Vosean Joseph,OLB,,True,Inactive,,,,,FA,FA,FA,FA,PREDRAFT,4,0,0,0,0,True,False
5559,Warren Long,OLB,,True,Active,,,,,FA,FA,FA,FA,PREDRAFT,4,0,0,0,0,True,False
7296,Brandon Wright,P,,True,Active,,,,,FA,FA,FA,FA,PREDRAFT,4,0,0,0,0,True,False
3008,Matt Wile,P,,True,Active,,,,,FA,FA,FA,FA,PREDRAFT,4,0,0,0,0,True,False
2818,Michael Palardy,P,,True,Active,,,,,FA,FA,FA,FA,PREDRAFT,4,0,0,0,0,True,False
2650,Ty Long,P,,True,Active,,,,,FA,FA,FA,FA,PREDRAFT,4,0,0,0,0,True,False
1895,AJ McCarron,QB,,True,Active,,,,,FA,FA,FA,FA,PREDRAFT,4,0,0,0,0,True,False
4683,Aaron Bailey,QB,BAL,True,Active,,,QB,4,FA,FA,FA,FA,PREDRAFT,4,0,0,0,0,True,False
11065,Adrian Martinez,QB,,True,Active,,,,,FA,FA,FA,FA,PREDRAFT,4,0,0,0,0,True,False
12361,Aeneas Dennis,QB,,True,Active,,,,,FA,FA,FA,FA,PREDRAFT,4,0,0,0,0,True,False
10866,Aidan O'Connell,QB,LV,True,Active,,,QB,3,FA,FA,FA,FA,PREDRAFT,4,0,0,0,0,True,False
5124,Alex McGough,QB,,True,Active,,,,,FA,FA,FA,FA,PREDRAFT,4,0,0,0,0,True,False
268,Alex Smith,QB,,True,Injured Reserve,,,,,FA,FA,FA,FA,PREDRAFT,4,0,0,0,0,True,False
1262,Alex Tanney,QB,,True,Injured Reserve,,,,,FA,FA,FA,FA,PREDRAFT,4,0,0,0,0,True,False
12270,Andrew Peasley,QB,,True,Active,,,,,FA,FA,FA,FA,PREDRAFT,4,0,0,0,0,True,False
829,Andy Dalton,QB,PHI,True,Active,,,QB,2,FA,FA,FA,FA,PREDRAFT,4,0,0,0,0,True,False
2561,Anthony Boone,QB,,True,Active,,,,,FA,FA,FA,FA,PREDRAFT,4,0,0,0,0,True,False
8241,Anthony Brown,QB,,True,Active,,,,,FA,FA,FA,FA,PREDRAFT,4,0,0,0,0,True,False
6898,Anthony Gordon,QB,,True,Active,,,,,FA,FA,FA,FA,PREDRAFT,4,0,0,0,0,True,False
13557,Athan Kaliakmanis,QB,WAS,True,Active,,,QB,4,FA,FA,FA,FA,PREDRAFT,4,0,0,0,0,True,False
5286,Austin Allen,QB,,True,Active,,,,,FA,FA,FA,FA,PREDRAFT,4,0,0,0,0,True,False
4931,Austin Appleby,QB,,True,Active,,,,,FA,FA,FA,FA,PREDRAFT,4,0,0,0,0,True,False
11491,Austin Aune,QB,,True,Active,,,,,FA,FA,FA,FA,PREDRAFT,4,0,0,0,0,True,False
11931,Austin Reed,QB,,True,Active,,,,,FA,FA,FA,FA,PREDRAFT,4,0,0,0,0,True,False
8157,Bailey Zappe,QB,NYJ,True,Active,,,,,FA,FA,FA,FA,PREDRAFT,4,0,0,0,0,True,False
4728,Bart Houston,QB,,True,Active,,,,,FA,FA,FA,FA,PREDRAFT,4,0,0,0,0,True,False
13295,Behren Morton,QB,NE,True,Active,,,QB,3,FA,FA,FA,FA,PREDRAFT,4,0,0,0,0,True,False
12433,Ben Bryant,QB,,True,Active,,,,,FA,FA,FA,FA,PREDRAFT,4,0,0,0,0,True,False
7143,Ben DiNucci,QB,,True,Active,,,,,FA,FA,FA,FA,PREDRAFT,4,0,0,0,0,True,False
138,Ben Roethlisberger,QB,PIT,True,Active,,,,,FA,FA,FA,FA,PREDRAFT,4,0,0,0,0,True,False
13065,Ben Wooldridge,QB,,True,Active,,,,,FA,FA,FA,FA,PREDRAFT,4,0,0,0,0,True,False
862,Blaine Gabbert,QB,,True,Active,,,,,FA,FA,FA,FA,PREDRAFT,4,0,0,0,0,True,False
1979,Blake Bortles,QB,NO,True,Active,,,,,FA,FA,FA,FA,PREDRAFT,4,0,0,0,0,True,False
3957,Blake Sims,QB,,True,Active,,,,,FA,FA,FA,FA,PREDRAFT,4,0,0,0,0,True,False
12538,Brady Cook,QB,MIA,True,Active,,,QB,2,FA,FA,FA,FA,PREDRAFT,4,0,0,0,0,True,False
3357,Brandon Allen,QB,,True,Active,,,,,FA,FA,FA,FA,PREDRAFT,4,0,0,0,0,True,False
8579,Brandon Peters,QB,,True,Active,,,,,FA,FA,FA,FA,PREDRAFT,4,0,0,0,0,True,False
6205,Brandon Silvers,QB,,True,Active,,,,,FA,FA,FA,FA,PREDRAFT,4,0,0,0,0,True,False
13221,Brett Gabbert,QB,,True,Active,,,,,FA,FA,FA,FA,PREDRAFT,4,0,0,0,0,True,False
2450,Brett Hundley,QB,,True,Active,,,,,FA,FA,FA,FA,PREDRAFT,4,0,0,0,0,True,False
6037,Brett Rypien,QB,,True,Active,,,,,FA,FA,FA,FA,PREDRAFT,4,0,0,0,0,True,False
345,Brian Hoyer,QB,,True,Active,,,,,FA,FA,FA,FA,PREDRAFT,4,0,0,0,0,True,False
7008,Brian Lewerke,QB,,True,Active,,,,,FA,FA,FA,FA,PREDRAFT,4,0,0,0,0,True,False
7418,Broc Rutter,QB,,True,Active,,,,,FA,FA,FA,FA,PREDRAFT,4,0,0,0,0,True,False
5597,Brogan Roback,QB,,True,Active,,,,,FA,FA,FA,FA,PREDRAFT,4,0,0,0,0,True,False
2567,Bryan Bennett,QB,,True,Active,,,,,FA,FA,FA,FA,PREDRAFT,4,0,0,0,0,True,False
7335,Bryce Perkins,QB,,True,Active,,,,,FA,FA,FA,FA,PREDRAFT,4,0,0,0,0,True,False
4127,C.J. Beathard,QB,,True,Active,,,,,FA,FA,FA,FA,PREDRAFT,4,0,0,0,0,True,False
12285,Cade Peterson,QB,,True,Active,,,,,FA,FA,FA,FA,PREDRAFT,4,0,0,0,0,True,False
12688,Cam Miller,QB,,True,Active,,,,,FA,FA,FA,FA,PREDRAFT,4,0,0,0,0,True,False
954,Cam Newton,QB,,True,Active,,,,,FA,FA,FA,FA,PREDRAFT,4,0,0,0,0,True,False
8158,Carson Strong,QB,,True,Active,,,,,FA,FA,FA,FA,PREDRAFT,4,0,0,0,0,True,False
3161,Carson Wentz,QB,MIN,True,Active,,,QB,3,FA,FA,FA,FA,PREDRAFT,4,0,0,0,0,True,False
11851,Carter Bradley,QB,JAX,True,Inactive,IR,,QB,3,FA,FA,FA,FA,PREDRAFT,4,0,0,0,0,True,False
7376,Case Cookus,QB,,True,Active,,,,,FA,FA,FA,FA,PREDRAFT,4,0,0,0,0,True,False
1737,Case Keenum,QB,CHI,True,Active,,,QB,2,FA,FA,FA,FA,PREDRAFT,4,0,0,0,0,True,False
11848,Casey Bauman,QB,,True,Active,,,,,FA,FA,FA,FA,PREDRAFT,4,0,0,0,0,True,False
89,Chad Henne,QB,,True,Active,,,,,FA,FA,FA,FA,PREDRAFT,4,0,0,0,0,True,False
4051,Chad Kelly,QB,,True,Active,,,,,FA,FA,FA,FA,PREDRAFT,4,0,0,0,0,True,False
13592,Chandler Morris,QB,,True,Active,,,,,FA,FA,FA,FA,PREDRAFT,4,0,0,0,0,True,False
490,Chase Daniel,QB,,True,Active,,,,,FA,FA,FA,FA,PREDRAFT,4,0,0,0,0,True,False
8431,Chase Garbers,QB,,True,Active,,,,,FA,FA,FA,FA,PREDRAFT,4,0,0,0,0,True,False
5263,Chase Litton,QB,,True,Active,,,,,FA,FA,FA,FA,PREDRAFT,4,0,0,0,0,True,False
12046,Chevan Cordeiro,QB,,True,Active,,,,,FA,FA,FA,FA,PREDRAFT,4,0,0,0,0,True,False
8413,Chris Oladokun,QB,KC,True,Inactive,Questionable,,,,FA,FA,FA,FA,PREDRAFT,4,0,0,0,0,True,False
6778,Chris Streveler,QB,,True,Inactive,,,,,FA,FA,FA,FA,PREDRAFT,4,0,0,0,0,True,False
6147,Clayton Thorson,QB,NYG,True,Active,,,,,FA,FA,FA,FA,PREDRAFT,4,0,0,0,0,True,False
10217,Clayton Tune,QB,,True,Active,,,,,FA,FA,FA,FA,PREDRAFT,4,0,0,0,0,True,False
2576,Cody Fajardo,QB,,True,Active,,,,,FA,FA,FA,FA,PREDRAFT,4,0,0,0,0,True,False
3205,Cody Kessler,QB,,True,Active,,,,,FA,FA,FA,FA,PREDRAFT,4,0,0,0,0,True,False
12268,Colby Suits,QB,,True,Active,,,,,FA,FA,FA,FA,PREDRAFT,4,0,0,0,0,True,False
8224,Cole Kelley,QB,,True,Active,,,,,FA,FA,FA,FA,PREDRAFT,4,0,0,0,0,True,False
6954,Cole McDonald,QB,,True,Inactive,,,,,FA,FA,FA,FA,PREDRAFT,4,0,0,0,0,True,False
2582,Cole Stoudt,QB,,True,Active,,,,,FA,FA,FA,FA,PREDRAFT,4,0,0,0,0,True,False
7983,Collin Hill,QB,,True,Inactive,,,,,FA,FA,FA,FA,PREDRAFT,4,0,0,0,0,True,False
13119,Collin Schlee,QB,,True,Active,,,,,FA,FA,FA,FA,PREDRAFT,4,0,0,0,0,True,False
533,Colt McCoy,QB,,True,Active,,,,,FA,FA,FA,FA,PREDRAFT,4,0,0,0,0,True,False
12776,Connor Bazelak,QB,,True,Active,,,,,FA,FA,FA,FA,PREDRAFT,4,0,0,0,0,True,False
5808,Connor Jessop,QB,,True,Active,,,,,FA,FA,FA,FA,PREDRAFT,4,0,0,0,0,True,False
4574,Cooper Rush,QB,ATL,True,Active,,,QB,3,FA,FA,FA,FA,PREDRAFT,4,0,0,0,0,True,False
8199,D'Eriq King,QB,,True,Active,,,,,FA,FA,FA,FA,PREDRAFT,4,0,0,0,0,True,False
12773,DJ Uiagalelei,QB,LAC,True,Active,,,,,FA,FA,FA,FA,PREDRAFT,4,0,0,0,0,True,False
5167,Dalton Sturm,QB,,True,Active,,,,,FA,FA,FA,FA,PREDRAFT,4,0,0,0,0,True,False
5120,Danny Etling,QB,,True,Active,,,,,FA,FA,FA,FA,PREDRAFT,4,0,0,0,0,True,False
6450,David Blough,QB,,True,Active,,,,,FA,FA,FA,FA,PREDRAFT,4,0,0,0,0,True,False
2106,David Fales,QB,,True,Active,,,,,FA,FA,FA,FA,PREDRAFT,4,0,0,0,0,True,False
4775,David Olson,QB,,True,Inactive,,,,,FA,FA,FA,FA,PREDRAFT,4,0,0,0,0,True,False
8560,Davis Cheek,QB,,True,Active,,,,,FA,FA,FA,FA,PREDRAFT,4,0,0,0,0,True,False
4061,Davis Webb,QB,,True,Active,,,,,FA,FA,FA,FA,PREDRAFT,4,0,0,0,0,True,False
4026,DeShone Kizer,QB,,True,Active,,,,,FA,FA,FA,FA,PREDRAFT,4,0,0,0,0,True,False
2028,Derek Carr,QB,,True,Active,NA,,,,FA,FA,FA,FA,PREDRAFT,4,0,0,0,0,True,False
8159,Desmond Ridder,QB,,True,Active,,,,,FA,FA,FA,FA,PREDRAFT,4,0,0,0,0,True,False
11556,Devin Leary,QB,,True,Active,,,,,FA,FA,FA,FA,PREDRAFT,4,0,0,0,0,True,False
6595,Devlin Hodges,QB,,True,Active,,,,,FA,FA,FA,FA,PREDRAFT,4,0,0,0,0,True,False
13427,Diego Pavia,QB,,True,Active,,,,,FA,FA,FA,FA,PREDRAFT,4,0,0,0,0,True,False
12486,Dillon Gabriel,QB,CLE,True,Inactive,IR,,QB,3,FA,FA,FA,FA,PREDRAFT,4,0,0,0,0,True,False
10862,Dorian Thompson-Robinson,QB,,True,Active,,,,,FA,FA,FA,FA,PREDRAFT,4,0,0,0,0,True,False
11169,Dresser Winn,QB,,True,Active,,,,,FA,FA,FA,FA,PREDRAFT,4,0,0,0,0,True,False
6371,Drew Anderson,QB,,True,Active,,,,,FA,FA,FA,FA,PREDRAFT,4,0,0,0,0,True,False
289,Drew Brees,QB,,True,Injured Reserve,,,,,FA,FA,FA,FA,PREDRAFT,4,0,0,0,0,True,False
5854,Drew Lock,QB,SEA,True,Active,,,QB,2,FA,FA,FA,FA,PREDRAFT,4,0,0,0,0,True,False
8915,Drew Plitt,QB,,True,Active,,,,,FA,FA,FA,FA,PREDRAFT,4,0,0,0,0,True,False
181,Drew Stanton,QB,,True,Active,,,,,FA,FA,FA,FA,PREDRAFT,4,0,0,0,0,True,False
8212,Dustin Crum,QB,,True,Active,,,,,FA,FA,FA,FA,PREDRAFT,4,0,0,0,0,True,False
8193,E.J. Perry,QB,,True,Active,,,,,FA,FA,FA,FA,PREDRAFT,4,0,0,0,0,True,False
13989,E.J. Warner,QB,,True,Active,,,,,FA,FA,FA,FA,PREDRAFT,4,0,0,0,0,True,False
6185,Easton Stick,QB,TB,True,Active,,,,,FA,FA,FA,FA,PREDRAFT,4,0,0,0,0,True,False
4665,Eli Jenkins,QB,,True,Active,,,,,FA,FA,FA,FA,PREDRAFT,4,0,0,0,0,True,False
11961,Emory Jones,QB,,True,Active,,,,,FA,FA,FA,FA,PREDRAFT,4,0,0,0,0,True,False
6443,Eric Dungey,QB,,True,Active,,,,,FA,FA,FA,FA,PREDRAFT,4,0,0,0,0,True,False
12965,Ethan Garbers,QB,,True,Active,,,,,FA,FA,FA,FA,PREDRAFT,4,0,0,0,0,True,False
8798,Felix Harper,QB,,True,Active,,,,,FA,FA,FA,FA,PREDRAFT,4,0,0,0,0,True,False
6011,Gardner Minshew,QB,ARI,True,Active,,,QB,2,FA,FA,FA,FA,PREDRAFT,4,0,0,0,0,True,False
2229,Garrett Gilbert,QB,,True,Active,,,,,FA,FA,FA,FA,PREDRAFT,4,0,0,0,0,True,False
12792,Garrett Greene,QB,TB,True,Active,,,,,FA,FA,FA,FA,PREDRAFT,4,0,0,0,0,True,False
12149,Gavin Hardison,QB,,True,Active,,,,,FA,FA,FA,FA,PREDRAFT,4,0,0,0,0,True,False
12705,Graham Mertz,QB,HOU,True,Inactive,IR,,QB,3,FA,FA,FA,FA,PREDRAFT,4,0,0,0,0,True,False
12003,Gunnar Watson,QB,,True,Active,,,,,FA,FA,FA,FA,PREDRAFT,4,0,0,0,0,True,False
13017,Hajj-Malik Williams,QB,,True,Active,,,,,FA,FA,FA,FA,PREDRAFT,4,0,0,0,0,True,False
13415,Haynes King,QB,CAR,True,Active,Questionable,,QB,3,FA,FA,FA,FA,PREDRAFT,4,0,0,0,0,True,False
9998,Hendon Hooker,QB,TEN,True,Active,,,,,FA,FA,FA,FA,PREDRAFT,4,0,0,0,0,True,False
11216,Holton Ahlers,QB,,True,Active,,,,,FA,FA,FA,FA,PREDRAFT,4,0,0,0,0,True,False
13217,Hunter Dekkers,QB,,True,Active,,,,,FA,FA,FA,FA,PREDRAFT,4,0,0,0,0,True,False
7589,Ian Book,QB,,True,Active,,,,,FA,FA,FA,FA,PREDRAFT,4,0,0,0,0,True,False
7156,J'Mar Smith,QB,,True,Active,,,,,FA,FA,FA,FA,PREDRAFT,4,0,0,0,0,True,False
5228,J.T. Barrett,QB,,True,Active,,,,,FA,FA,FA,FA,PREDRAFT,4,0,0,0,0,True,False
8201,Jack Coan,QB,,True,Active,,,,,FA,FA,FA,FA,PREDRAFT,4,0,0,0,0,True,False
5392,Jack Heneghan,QB,,True,Active,,,,,FA,FA,FA,FA,PREDRAFT,4,0,0,0,0,True,False
12009,Jack Plummer,QB,,True,Active,,,,,FA,FA,FA,FA,PREDRAFT,4,0,0,0,0,True,False
13602,Jack Strand,QB,ATL,True,Active,,,QB,4,FA,FA,FA,FA,PREDRAFT,4,0,0,0,0,True,False
13802,Jacob Clark,QB,,True,Active,,,,,FA,FA,FA,FA,PREDRAFT,4,0,0,0,0,True,False
6317,Jacob Dolegala,QB,,True,Active,,,,,FA,FA,FA,FA,PREDRAFT,4,0,0,0,0,True,False
6823,Jacob Eason,QB,,True,Active,,,,,FA,FA,FA,FA,PREDRAFT,4,0,0,0,0,True,False
3978,Jacob Huesman,QB,,True,Active,,,,,FA,FA,FA,FA,PREDRAFT,4,0,0,0,0,True,False
12278,Jacob Sirmon,QB,,True,Active,,,,,FA,FA,FA,FA,PREDRAFT,4,0,0,0,0,True,False
6111,Jake Browning,QB,,True,Active,,,,,FA,FA,FA,FA,PREDRAFT,4,0,0,0,0,True,False
3410,Jake Coker,QB,,True,Active,,,,,FA,FA,FA,FA,PREDRAFT,4,0,0,0,0,True,False
6822,Jake Fromm,QB,,True,Active,,,,,FA,FA,FA,FA,PREDRAFT,4,0,0,0,0,True,False
10215,Jake Haener,QB,NYG,True,Active,,,,,FA,FA,FA,FA,PREDRAFT,4,0,0,0,0,True,False
2620,Jake Heaps,QB,,True,Active,,,,,FA,FA,FA,FA,PREDRAFT,4,0,0,0,0,True,False
7084,Jake Luton,QB,,True,Active,,,,,FA,FA,FA,FA,PREDRAFT,4,0,0,0,0,True,False
13685,Jake Retzlaff,QB,,True,Active,,,,,FA,FA,FA,FA,PREDRAFT,4,0,0,0,0,True,False
3347,Jake Rudock,QB,,True,Injured Reserve,,,,,FA,FA,FA,FA,PREDRAFT,4,0,0,0,0,True,False
2569,Jake Waters,QB,,True,Active,,,,,FA,FA,FA,FA,PREDRAFT,4,0,0,0,0,True,False
6596,Jalan McClendon,QB,,True,Active,,,,,FA,FA,FA,FA,PREDRAFT,4,0,0,0,0,True,False
7262,Jalen Morton,QB,IND,True,Active,,,,,FA,FA,FA,FA,PREDRAFT,4,0,0,0,0,True,False
11374,James Blackman,QB,,True,Active,,,,,FA,FA,FA,FA,PREDRAFT,4,0,0,0,0,True,False
2119,James Franklin,QB,,True,Active,,,,,FA,FA,FA,FA,PREDRAFT,4,0,0,0,0,True,False
7081,James Morgan,QB,,True,Active,,,,,FA,FA,FA,FA,PREDRAFT,4,0,0,0,0,True,False
7555,Jamie Newman,QB,,True,Inactive,,,,,FA,FA,FA,FA,PREDRAFT,4,0,0,0,0,True,False
9231,Jaren Hall,QB,,True,Active,,,,,FA,FA,FA,FA,PREDRAFT,4,0,0,0,0,True,False
8442,Jarrett Guarantano,QB,,True,Active,,,,,FA,FA,FA,FA,PREDRAFT,4,0,0,0,0,True,False
6136,Jarrett Stidham,QB,DEN,True,Active,,,QB,2,FA,FA,FA,FA,PREDRAFT,4,0,0,0,0,True,False
12190,Jason Bean,QB,,True,Active,,,,,FA,FA,FA,FA,PREDRAFT,4,0,0,0,0,True,False
3362,Jeff Driskel,QB,,True,Active,,,,,FA,FA,FA,FA,PREDRAFT,4,0,0,0,0,True,False
12352,Jeremy Moussa,QB,,True,Active,,,,,FA,FA,FA,FA,PREDRAFT,4,0,0,0,0,True,False
4853,Jerod Evans,QB,,True,Active,,,,,FA,FA,FA,FA,PREDRAFT,4,0,0,0,0,True,False
2557,Jerry Lovelocke,QB,,True,Active,,,,,FA,FA,FA,FA,PREDRAFT,4,0,0,0,0,True,False
1837,Jimmy Garoppolo,QB,,True,Active,,,,,FA,FA,FA,FA,PREDRAFT,4,0,0,0,0,True,False
606,Joe Webb,QB,,True,Active,,,,,FA,FA,FA,FA,PREDRAFT,4,0,0,0,0,True,False
3456,Joel Stave,QB,,True,Injured Reserve,,,,,FA,FA,FA,FA,PREDRAFT,4,0,0,0,0,True,False
13428,Joey Aguilar,QB,JAX,True,Active,,,,,FA,FA,FA,FA,PREDRAFT,4,0,0,0,0,True,False
6231,John Lovett,QB,,True,Active,,,,,FA,FA,FA,FA,PREDRAFT,4,0,0,0,0,True,False
12277,John Matocha,QB,,True,Active,,,,,FA,FA,FA,FA,PREDRAFT,4,0,0,0,0,True,False
12197,John Paddock,QB,,True,Active,,,,,FA,FA,FA,FA,PREDRAFT,4,0,0,0,0,True,False
11859,John Rhys Plumlee,QB,,True,Active,,,,,FA,FA,FA,FA,PREDRAFT,4,0,0,0,0,True,False
5806,John Wolford,QB,,True,Active,,,,,FA,FA,FA,FA,PREDRAFT,4,0,0,0,0,True,False
6730,Jordan Ta'amu,QB,,True,Active,,,,,FA,FA,FA,FA,PREDRAFT,4,0,0,0,0,True,False
11567,Jordan Travis,QB,,True,Active,,,,,FA,FA,FA,FA,PREDRAFT,4,0,0,0,0,True,False
260,Josh Johnson,QB,CIN,True,Active,,,,,FA,FA,FA,FA,PREDRAFT,4,0,0,0,0,True,False
7157,Josh Love,QB,,True,Active,,,,,FA,FA,FA,FA,PREDRAFT,4,0,0,0,0,True,False
208,Josh McCown,QB,,True,Active,,,,,FA,FA,FA,FA,PREDRAFT,4,0,0,0,0,True,False
4863,Josh Rosen,QB,,True,Active,,,,,FA,FA,FA,FA,PREDRAFT,4,0,0,0,0,True,False
3440,Josh Woodrum,QB,,True,Active,,,,,FA,FA,FA,FA,PREDRAFT,4,0,0,0,0,True,False
4179,Joshua Dobbs,QB,DET,True,Active,,,QB,2,FA,FA,FA,FA,PREDRAFT,4,0,0,0,0,True,False
8087,K.J. Costello,QB,,True,Active,,,,,FA,FA,FA,FA,PREDRAFT,4,0,0,0,0,True,False
13681,Kaidon Salter,QB,,True,Active,,,,,FA,FA,FA,FA,PREDRAFT,4,0,0,0,0,True,False
11648,Kedon Slovis,QB,GB,True,Active,,,,,FA,FA,FA,FA,PREDRAFT,4,0,0,0,0,True,False
7581,Kellen Mond,QB,,True,Active,,,,,FA,FA,FA,FA,PREDRAFT,4,0,0,0,0,True,False
13781,Ken Seals,QB,,True,Active,,,,,FA,FA,FA,FA,PREDRAFT,4,0,0,0,0,True,False
8057,Kenji Bahar,QB,,True,Active,,,,,FA,FA,FA,FA,PREDRAFT,4,0,0,0,0,True,False
8160,Kenny Pickett,QB,CAR,True,Active,,,QB,2,FA,FA,FA,FA,PREDRAFT,4,0,0,0,0,True,False
7243,Kevin Davidson,QB,,True,Inactive,,,,,FA,FA,FA,FA,PREDRAFT,4,0,0,0,0,True,False
3318,Kevin Hogan,QB,,True,Active,,,,,FA,FA,FA,FA,PREDRAFT,4,0,0,0,0,True,False
13175,Kinkead Dent,QB,,True,Inactive,,,,,FA,FA,FA,FA,PREDRAFT,4,0,0,0,0,True,False
5142,Kurt Benkert,QB,,True,Active,,,,,FA,FA,FA,FA,PREDRAFT,4,0,0,0,0,True,False
12477,Kurtis Rourke,QB,SF,True,Active,Questionable,,QB,3,FA,FA,FA,FA,PREDRAFT,4,0,0,0,0,True,False
5127,Kyle Allen,QB,BUF,True,Active,,,QB,2,FA,FA,FA,FA,PREDRAFT,4,0,0,0,0,True,False
4996,Kyle Lauletta,QB,,True,Active,,,,,FA,FA,FA,FA,PREDRAFT,4,0,0,0,0,True,False
6269,Kyle Shurmur,QB,,True,Active,,,,,FA,FA,FA,FA,PREDRAFT,4,0,0,0,0,True,False
4588,Kyle Sloter,QB,,True,Active,,,,,FA,FA,FA,FA,PREDRAFT,4,0,0,0,0,True,False
7605,Kyle Trask,QB,,True,Active,,,,,FA,FA,FA,FA,PREDRAFT,4,0,0,0,0,True,False
13599,Kyron Drones,QB,,True,Active,,,,,FA,FA,FA,FA,PREDRAFT,4,0,0,0,0,True,False
5239,Lamar Jordan,QB,,True,Active,,,,,FA,FA,FA,FA,PREDRAFT,4,0,0,0,0,True,False
8429,Levi Lewis,QB,,True,Active,,,,,FA,FA,FA,FA,PREDRAFT,4,0,0,0,0,True,False
2206,Logan Kilgore,QB,,True,Active,,,,,FA,FA,FA,FA,PREDRAFT,4,0,0,0,0,True,False
5128,Logan Woodside,QB,,True,Active,,,,,FA,FA,FA,FA,PREDRAFT,4,0,0,0,0,True,False
5709,Luis Perez,QB,,True,Active,,,,,FA,FA,FA,FA,PREDRAFT,4,0,0,0,0,True,False
5108,Luke Falk,QB,,True,Active,,,,,FA,FA,FA,FA,PREDRAFT,4,0,0,0,0,True,False
6343,Manny Wilkins,QB,,True,Active,,,,,FA,FA,FA,FA,PREDRAFT,4,0,0,0,0,True,False
13816,Mark Gronowski,QB,,True,Active,,,,,FA,FA,FA,FA,PREDRAFT,4,0,0,0,0,True,False
3524,Marquise Williams,QB,,True,Active,,,,,FA,FA,FA,FA,PREDRAFT,4,0,0,0,0,True,False
4972,Mason Rudolph,QB,PIT,True,Active,,,QB,2,FA,FA,FA,FA,PREDRAFT,4,0,0,0,0,True,False
1338,Matt Barkley,QB,,True,Active,,,,,FA,FA,FA,FA,PREDRAFT,4,0,0,0,0,True,False
8164,Matt Corral,QB,,True,Active,,,,,FA,FA,FA,FA,PREDRAFT,4,0,0,0,0,True,False
233,Matt Moore,QB,,True,Inactive,,,,,FA,FA,FA,FA,PREDRAFT,4,0,0,0,0,True,False
24,Matt Ryan,QB,,True,Active,,,,,FA,FA,FA,FA,PREDRAFT,4,0,0,0,0,True,False
178,Matt Schaub,QB,,True,Injured Reserve,,,,,FA,FA,FA,FA,PREDRAFT,4,0,0,0,0,True,False
13597,Matthew Caldwell,QB,LAR,True,Inactive,IR,,QB,4,FA,FA,FA,FA,PREDRAFT,4,0,0,0,0,True,False
12775,Max Brosmer,QB,MIN,True,Active,,,,,FA,FA,FA,FA,PREDRAFT,4,0,0,0,0,True,False
10233,Max Duggan,QB,,True,Active,,,,,FA,FA,FA,FA,PREDRAFT,4,0,0,0,0,True,False
3551,Max Wittek,QB,,True,Active,,,,,FA,FA,FA,FA,PREDRAFT,4,0,0,0,0,True,False
12408,Michael Hiers,QB,,True,Active,,,,,FA,FA,FA,FA,PREDRAFT,4,0,0,0,0,True,False
11561,Michael Pratt,QB,,True,Active,,,,,FA,FA,FA,FA,PREDRAFT,4,0,0,0,0,True,False
3495,Mike Bercovici,QB,,True,Active,,,,,FA,FA,FA,FA,PREDRAFT,4,0,0,0,0,True,False
11932,Mike DiLiello,QB,,True,Active,,,,,FA,FA,FA,FA,PREDRAFT,4,0,0,0,0,True,False
1559,Mike Glennon,QB,,True,Active,,,,,FA,FA,FA,FA,PREDRAFT,4,0,0,0,0,True,False
5089,Mike White,QB,,True,Active,,,,,FA,FA,FA,FA,PREDRAFT,4,0,0,0,0,True,False
13310,Miller Moss,QB,,True,Active,,,,,FA,FA,FA,FA,PREDRAFT,4,0,0,0,0,True,False
4839,Mitch Leidner,QB,,True,Active,,,,,FA,FA,FA,FA,PREDRAFT,4,0,0,0,0,True,False
3976,Mitchell Trubisky,QB,TEN,True,Active,Questionable,,QB,2,FA,FA,FA,FA,PREDRAFT,4,0,0,0,0,True,False
6892,Nate Stanley,QB,,True,Active,,,,,FA,FA,FA,FA,PREDRAFT,4,0,0,0,0,True,False
3343,Nate Sudfeld,QB,,True,Active,,,,,FA,FA,FA,FA,PREDRAFT,4,0,0,0,0,True,False
4183,Nathan Peterman,QB,,True,Active,,,,,FA,FA,FA,FA,PREDRAFT,4,0,0,0,0,True,False
8938,Nathan Rourke,QB,,True,Active,,,,,FA,FA,FA,FA,PREDRAFT,4,0,0,0,0,True,False
5265,Nic Shimonek,QB,,True,Active,,,,,FA,FA,FA,FA,PREDRAFT,4,0,0,0,0,True,False
6606,Nick Fitzgerald,QB,,True,Active,,,,,FA,FA,FA,FA,PREDRAFT,4,0,0,0,0,True,False
1029,Nick Foles,QB,,True,Active,,,,,FA,FA,FA,FA,PREDRAFT,4,0,0,0,0,True,False
4464,Nick Mullens,QB,JAX,True,Active,,,,,FA,FA,FA,FA,PREDRAFT,4,0,0,0,0,True,False
4926,Nick Schuessler,QB,PIT,True,Active,,,,,FA,FA,FA,FA,PREDRAFT,4,0,0,0,0,True,False
5745,Nick Stevens,QB,,True,Inactive,,,QB,4,FA,FA,FA,FA,PREDRAFT,4,0,0,0,0,True,False
7465,Nick Tiano,QB,,True,Active,,,,,FA,FA,FA,FA,PREDRAFT,4,0,0,0,0,True,False
11388,Nolan Henderson,QB,,True,Active,,,,,FA,FA,FA,FA,PREDRAFT,4,0,0,0,0,True,False
4335,P.J. Walker,QB,,True,Active,,,,,FA,FA,FA,FA,PREDRAFT,4,0,0,0,0,True,False
3170,Paxton Lynch,QB,,True,Inactive,,,,,FA,FA,FA,FA,PREDRAFT,4,0,0,0,0,True,False
12762,Payton Thorne,QB,,True,Active,,,,,FA,FA,FA,FA,PREDRAFT,4,0,0,0,0,True,False
12239,Peewee Jarrett,QB,,True,Active,,,,,FA,FA,FA,FA,PREDRAFT,4,0,0,0,0,True,False
5403,Peter Pujals,QB,,True,Active,,,,,FA,FA,FA,FA,PREDRAFT,4,0,0,0,0,True,False
331,Philip Rivers,QB,,True,Active,,,,,FA,FA,FA,FA,PREDRAFT,4,0,0,0,0,True,False
2651,Phillip Sims,QB,,True,Active,,,,,FA,FA,FA,FA,PREDRAFT,4,0,0,0,0,True,False
7159,Reid Sinnett,QB,,True,Active,,,,,FA,FA,FA,FA,PREDRAFT,4,0,0,0,0,True,False
7158,Riley Neal,QB,,True,Active,,,,,FA,FA,FA,FA,PREDRAFT,4,0,0,0,0,True,False
1169,Robert Griffin,QB,,True,Inactive,,,,,FA,FA,FA,FA,PREDRAFT,4,0,0,0,0,True,False
12063,Rocky Lombardi,QB,,True,Active,,,,,FA,FA,FA,FA,PREDRAFT,4,0,0,0,0,True,False
7897,Roland Rivers,QB,,True,Inactive,,,,,FA,FA,FA,FA,PREDRAFT,4,0,0,0,0,True,False
1234,Russell Wilson,QB,,True,Active,,,,,FA,FA,FA,FA,PREDRAFT,4,0,0,0,0,True,False
5885,Ryan Finley,QB,,True,Inactive,,,,,FA,FA,FA,FA,PREDRAFT,4,0,0,0,0,True,False
333,Ryan Fitzpatrick,QB,,True,Active,,,,,FA,FA,FA,FA,PREDRAFT,4,0,0,0,0,True,False
1550,Ryan Griffin,QB,,True,Active,,,,,FA,FA,FA,FA,PREDRAFT,4,0,0,0,0,True,False
1049,Ryan Tannehill,QB,,True,Active,,,,,FA,FA,FA,FA,PREDRAFT,4,0,0,0,0,True,False
8103,Ryan Willis,QB,,True,Active,,,,,FA,FA,FA,FA,PREDRAFT,4,0,0,0,0,True,False
7583,Sam Ehlinger,QB,DEN,True,Active,,,QB,3,FA,FA,FA,FA,PREDRAFT,4,0,0,0,0,True,False
11558,Sam Hartman,QB,WAS,True,Active,,,,,FA,FA,FA,FA,PREDRAFT,4,0,0,0,0,True,False
8162,Sam Howell,QB,DAL,True,Active,,,QB,2,FA,FA,FA,FA,PREDRAFT,4,0,0,0,0,True,False
13426,Sawyer Robertson,QB,,True,Active,,,,,FA,FA,FA,FA,PREDRAFT,4,0,0,0,0,True,False
10983,Sean Clifford,QB,SF,True,Active,,,,,FA,FA,FA,FA,PREDRAFT,4,0,0,0,0,True,False
2394,Sean Mannion,QB,,True,Active,,,,,FA,FA,FA,FA,PREDRAFT,4,0,0,0,0,True,False
4475,Sefo Liufau,QB,,True,Inactive,,,,,FA,FA,FA,FA,PREDRAFT,4,0,0,0,0,True,False
12898,Seth Henigan,QB,,True,Active,,,,,FA,FA,FA,FA,PREDRAFT,4,0,0,0,0,True,False
8002,Shane Buechele,QB,BUF,True,Active,,,,,FA,FA,FA,FA,PREDRAFT,4,0,0,0,0,True,False
2903,Shane Carden,QB,,True,Active,,,,,FA,FA,FA,FA,PREDRAFT,4,0,0,0,0,True,False
7063,Shea Patterson,QB,,True,Active,,,,,FA,FA,FA,FA,PREDRAFT,4,0,0,0,0,True,False
8206,Skylar Thompson,QB,BAL,True,Inactive,IR,,QB,3,FA,FA,FA,FA,PREDRAFT,4,0,0,0,0,True,False
4936,Skyler Howard,QB,SEA,True,Active,,,,,FA,FA,FA,FA,PREDRAFT,4,0,0,0,0,True,False
11562,Spencer Rattler,QB,NO,True,Active,,,QB,2,FA,FA,FA,FA,PREDRAFT,4,0,0,0,0,True,False
12165,Spencer Sanders,QB,,True,Active,,,,,FA,FA,FA,FA,PREDRAFT,4,0,0,0,0,True,False
7013,Steven Montez,QB,,True,Active,,,,,FA,FA,FA,FA,PREDRAFT,4,0,0,0,0,True,False
6522,T.J. Linta,QB,,True,Active,,,,,FA,FA,FA,FA,PREDRAFT,4,0,0,0,0,True,False
11924,Tanner Mordecai,QB,,True,Active,,,,,FA,FA,FA,FA,PREDRAFT,4,0,0,0,0,True,False
11214,Tanner Morgan,QB,,True,Active,,,,,FA,FA,FA,FA,PREDRAFT,4,0,0,0,0,True,False
6489,Taryn Christion,QB,,True,Active,,,,,FA,FA,FA,FA,PREDRAFT,4,0,0,0,0,True,False
12259,Taulia Tagovailoa,QB,,True,Active,,,,,FA,FA,FA,FA,PREDRAFT,4,0,0,0,0,True,False
13190,Taylor Elgersma,QB,,True,Active,,,,,FA,FA,FA,FA,PREDRAFT,4,0,0,0,0,True,False
2711,Taylor Heinicke,QB,,True,Active,,,,,FA,FA,FA,FA,PREDRAFT,4,0,0,0,0,True,False
2152,Teddy Bridgewater,QB,,True,Active,NA,,,,FA,FA,FA,FA,PREDRAFT,4,0,0,0,0,True,False
5257,Tim Boyle,QB,,True,Active,,,,,FA,FA,FA,FA,PREDRAFT,4,0,0,0,0,True,False
11163,Tim DeMorat,QB,,True,Active,,,,,FA,FA,FA,FA,PREDRAFT,4,0,0,0,0,True,False
167,Tom Brady,QB,,True,Active,,,,,FA,FA,FA,FA,PREDRAFT,4,0,0,0,0,True,False
4794,Tommy Armstrong Jr.,QB,,True,Inactive,,,,,FA,FA,FA,FA,PREDRAFT,4,0,0,0,0,True,False
11292,Tommy DeVito,QB,NE,True,Active,,,QB,2,FA,FA,FA,FA,PREDRAFT,4,0,0,0,0,True,False
5974,Trace McSorley,QB,,True,Active,,,,,FA,FA,FA,FA,PREDRAFT,4,0,0,0,0,True,False
8553,Tre Ford,QB,,True,Active,,,,,FA,FA,FA,FA,PREDRAFT,4,0,0,0,0,True,False
4528,Trevor Knight,QB,,True,Active,,,,,FA,FA,FA,FA,PREDRAFT,4,0,0,0,0,True,False
2549,Trevor Siemian,QB,,True,Active,,,,,FA,FA,FA,FA,PREDRAFT,4,0,0,0,0,True,False
7610,Trey Lance,QB,LAC,True,Active,,,QB,2,FA,FA,FA,FA,PREDRAFT,4,0,0,0,0,True,False
1612,Tyler Bray,QB,,True,Inactive,,,,,FA,FA,FA,FA,PREDRAFT,4,0,0,0,0,True,False
4704,Tyler Ferguson,QB,,True,Active,,,,,FA,FA,FA,FA,PREDRAFT,4,0,0,0,0,True,False
7083,Tyler Huntley,QB,BAL,True,Active,,,QB,2,FA,FA,FA,FA,PREDRAFT,4,0,0,0,0,True,False
827,Tyrod Taylor,QB,GB,True,Active,,,QB,2,FA,FA,FA,FA,PREDRAFT,4,0,0,0,0,True,False
6723,Vincent Testaverde,QB,,True,Active,,,,,FA,FA,FA,FA,PREDRAFT,4,0,0,0,0,True,False
4406,Wes Lunt,QB,,True,Active,,,,,FA,FA,FA,FA,PREDRAFT,4,0,0,0,0,True,False
5903,Will Grier,QB,,True,Active,NA,,,,FA,FA,FA,FA,PREDRAFT,4,0,0,0,0,True,False
9999,Will Levis,QB,,True,Active,,,,,FA,FA,FA,FA,PREDRAFT,4,0,0,0,0,True,False
12324,William Thompson,QB,,True,Active,,,,,FA,FA,FA,FA,PREDRAFT,4,0,0,0,0,True,False
6237,Wilton Speight,QB,,True,Active,,,,,FA,FA,FA,FA,PREDRAFT,4,0,0,0,0,True,False
4607,Zach Conque,QB,,True,Active,,,,,FA,FA,FA,FA,PREDRAFT,4,0,0,0,0,True,False
4924,Zach Terrell,QB,BAL,True,Active,,,,,FA,FA,FA,FA,PREDRAFT,4,0,0,0,0,True,False
7538,Zach Wilson,QB,NO,True,Active,,,QB,3,FA,FA,FA,FA,PREDRAFT,4,0,0,0,0,True,False
11995,Zack Annexstad,QB,,True,Active,,,,,FA,FA,FA,FA,PREDRAFT,4,0,0,0,0,True,False
6664,A.J. Ouellette,RB,,True,Active,,,,,FA,FA,FA,FA,PREDRAFT,4,0,0,0,0,True,False
7918,A.J. Rose,RB,,True,Active,,,,,FA,FA,FA,FA,PREDRAFT,4,0,0,0,0,True,False
6828,AJ Dillon,RB,CAR,True,Active,,,RB,3,FA,FA,FA,FA,PREDRAFT,4,0,0,0,0,True,False
11548,Aaron Dykes,RB,,True,Active,,,,,FA,FA,FA,FA,PREDRAFT,4,0,0,0,0,True,False
8809,Aaron Shampklin,RB,,True,Active,,,,,FA,FA,FA,FA,PREDRAFT,4,0,0,0,0,True,False
8190,Abram Smith,RB,,True,Active,,,,,FA,FA,FA,FA,PREDRAFT,4,0,0,0,0,True,False
6187,Aca'Cedric Ware,RB,,True,Active,,,,,FA,FA,FA,FA,PREDRAFT,4,0,0,0,0,True,False
6491,Adam Choice,RB,,True,Active,,,,,FA,FA,FA,FA,PREDRAFT,4,0,0,0,0,True,False
7093,Adrian Killins,RB,DEN,True,Inactive,,,,,FA,FA,FA,FA,PREDRAFT,4,0,0,0,0,True,False
184,Adrian Peterson,RB,,True,Active,,,,,FA,FA,FA,FA,PREDRAFT,4,0,0,0,0,True,False
12797,Ahmani Marshall,RB,CAR,True,Active,,,,,FA,FA,FA,FA,PREDRAFT,4,0,0,0,0,True,False
12080,Aidan Robbins,RB,,True,Active,,,,,FA,FA,FA,FA,PREDRAFT,4,0,0,0,0,True,False
5195,Akrum Wadley,RB,,True,Active,,,,,FA,FA,FA,FA,PREDRAFT,4,0,0,0,0,True,False
13779,Al-Jay Henderson,RB,NYJ,True,Active,,,,,FA,FA,FA,FA,PREDRAFT,4,0,0,0,0,True,False
6031,Alex Barnes,RB,,True,Active,,,,,FA,FA,FA,FA,PREDRAFT,4,0,0,0,0,True,False
14082,Alex Tecza,RB,,True,Active,,,,,FA,FA,FA,FA,PREDRAFT,4,0,0,0,0,True,False
5987,Alexander Mattison,RB,,True,Active,,,,,FA,FA,FA,FA,PREDRAFT,4,0,0,0,0,True,False
11472,Alfonzo Graham,RB,,True,Inactive,,,,,FA,FA,FA,FA,PREDRAFT,4,0,0,0,0,True,False
1170,Alfred Morris,RB,,True,Active,,,,,FA,FA,FA,FA,PREDRAFT,4,0,0,0,0,True,False
3811,Alstevis Squirewell,RB,,True,Active,,,,,FA,FA,FA,FA,PREDRAFT,4,0,0,0,0,True,False
12928,Amar Johnson,RB,LAC,True,Active,,,,,FA,FA,FA,FA,PREDRAFT,4,0,0,0,0,True,False
2359,Ameer Abdullah,RB,JAX,True,Active,,,RB,4,FA,FA,FA,FA,PREDRAFT,4,0,0,0,0,True,False
14041,Anderson Castle,RB,IND,True,Active,,,,,FA,FA,FA,FA,PREDRAFT,4,0,0,0,0,True,False
6323,Andrew Beck,RB,NYJ,True,Active,,,RB,4,FA,FA,FA,FA,PREDRAFT,4,0,0,0,0,True,False
12350,Anthony Grant,RB,,True,Active,,,,,FA,FA,FA,FA,PREDRAFT,4,0,0,0,0,True,False
13328,Anthony Hankerson,RB,,True,Active,,,,,FA,FA,FA,FA,PREDRAFT,4,0,0,0,0,True,False
7424,Anthony Jones,RB,,True,Active,,,,,FA,FA,FA,FA,PREDRAFT,4,0,0,0,0,True,False
6878,Anthony McFarland,RB,,True,Active,,,,,FA,FA,FA,FA,PREDRAFT,4,0,0,0,0,True,False
973,Anthony Sherman,RB,,True,Injured Reserve,,,,,FA,FA,FA,FA,PREDRAFT,4,0,0,0,0,True,False
12939,Anthony Tyus,RB,CAR,True,Active,,,,,FA,FA,FA,FA,PREDRAFT,4,0,0,0,0,True,False
6945,Antonio Gibson,RB,,True,Active,Questionable,,,,FA,FA,FA,FA,PREDRAFT,4,0,0,0,0,True,False
7227,Artavis Pierce,RB,,True,Active,,,,,FA,FA,FA,FA,PREDRAFT,4,0,0,0,0,True,False
4663,Austin Ekeler,RB,,True,Active,,,,,FA,FA,FA,FA,PREDRAFT,4,0,0,0,0,True,False
11947,Austin Jones,RB,,True,Active,,,,,FA,FA,FA,FA,PREDRAFT,4,0,0,0,0,True,False
6553,Austin Walter,RB,,True,Active,,,,,FA,FA,FA,FA,PREDRAFT,4,0,0,0,0,True,False
7809,Avery Williams,RB,,True,Active,,,,,FA,FA,FA,FA,PREDRAFT,4,0,0,0,0,True,False
7951,B.J. Emmons,RB,,True,Active,,,,,FA,FA,FA,FA,PREDRAFT,4,0,0,0,0,True,False
8240,BJ Baylor,RB,,True,Active,,,,,FA,FA,FA,FA,PREDRAFT,4,0,0,0,0,True,False
14080,Barika Kpeenu,RB,,True,Active,,,,,FA,FA,FA,FA,PREDRAFT,4,0,0,0,0,True,False
7048,Benny LeMay,RB,CLE,True,Active,,,,,FA,FA,FA,FA,PREDRAFT,4,0,0,0,0,True,False
6156,Benny Snell,RB,,True,Active,,,,,FA,FA,FA,FA,PREDRAFT,4,0,0,0,0,True,False
818,Bilal Powell,RB,,True,Active,,,,,FA,FA,FA,FA,PREDRAFT,4,0,0,0,0,True,False
11568,Blake Watson,RB,,True,Active,,,,,FA,FA,FA,FA,PREDRAFT,4,0,0,0,0,True,False
5112,Bo Scarbrough,RB,,True,Active,,,,,FA,FA,FA,FA,PREDRAFT,4,0,0,0,0,True,False
5122,Boston Scott,RB,,True,Active,,,,,FA,FA,FA,FA,PREDRAFT,4,0,0,0,0,True,False
11280,Brady Russell,RB,SEA,True,Active,,,RB,6,FA,FA,FA,FA,PREDRAFT,4,0,0,0,0,True,False
1034,Brandon Bolden,RB,,True,Active,,,,,FA,FA,FA,FA,PREDRAFT,4,0,0,0,0,True,False
3816,Brandon Brown-Dukes,RB,,True,Active,,,,,FA,FA,FA,FA,PREDRAFT,4,0,0,0,0,True,False
2948,Brandon Cottom,RB,,True,Active,,,,,FA,FA,FA,FA,PREDRAFT,4,0,0,0,0,True,False
4806,Brandon Radcliff,RB,,True,Active,,,,,FA,FA,FA,FA,PREDRAFT,4,0,0,0,0,True,False
3570,Brandon Ross,RB,,True,Active,,,,,FA,FA,FA,FA,PREDRAFT,4,0,0,0,0,True,False
2768,Braylon Heard,RB,,True,Active,,,,,FA,FA,FA,FA,PREDRAFT,4,0,0,0,0,True,False
7858,Brenden Knox,RB,,True,Active,,,,,FA,FA,FA,FA,PREDRAFT,4,0,0,0,0,True,False
7001,Brian Herrien,RB,,True,Active,,,,,FA,FA,FA,FA,PREDRAFT,4,0,0,0,0,True,False
4187,Brian Hill,RB,,True,Active,,,,,FA,FA,FA,FA,PREDRAFT,4,0,0,0,0,True,False
12171,British Brooks,RB,HOU,True,Active,Questionable,,RB,3,FA,FA,FA,FA,PREDRAFT,4,0,0,0,0,True,False
8423,Brittain Brown,RB,CHI,True,Inactive,IR,,RB,5,FA,FA,FA,FA,PREDRAFT,4,0,0,0,0,True,False
7190,Bronson Rechsteiner,RB,,True,Active,,,,,FA,FA,FA,FA,PREDRAFT,4,0,0,0,0,True,False
6072,Bruce Anderson,RB,,True,Inactive,,,,,FA,FA,FA,FA,PREDRAFT,4,0,0,0,0,True,False
8246,Bryant Koback,RB,,True,Inactive,,,,,FA,FA,FA,FA,PREDRAFT,4,0,0,0,0,True,False
5889,Bryce Love,RB,,True,Inactive,,,,,FA,FA,FA,FA,PREDRAFT,4,0,0,0,0,True,False
5271,Buddy Howell,RB,,True,Active,,,,,FA,FA,FA,FA,PREDRAFT,4,0,0,0,0,True,False
1451,C.J. Anderson,RB,,True,Active,,,,,FA,FA,FA,FA,PREDRAFT,4,0,0,0,0,True,False
3204,C.J. Prosise,RB,,True,Active,,,,,FA,FA,FA,FA,PREDRAFT,4,0,0,0,0,True,False
7549,CJ Marable,RB,,True,Active,,,,,FA,FA,FA,FA,PREDRAFT,4,0,0,0,0,True,False
8187,CJ Verdell,RB,,True,Active,,,,,FA,FA,FA,FA,PREDRAFT,4,0,0,0,0,True,False
7741,Caleb Huntley,RB,,True,Active,,,,,FA,FA,FA,FA,PREDRAFT,4,0,0,0,0,True,False
11229,Calvin Tyler,RB,,True,Active,,,,,FA,FA,FA,FA,PREDRAFT,4,0,0,0,0,True,False
6938,Cam Akers,RB,,True,Active,,,,,FA,FA,FA,FA,PREDRAFT,4,0,0,0,0,True,False
7435,Cameron Scarlett,RB,,True,Active,,,,,FA,FA,FA,FA,PREDRAFT,4,0,0,0,0,True,False
10211,Camerun Peoples,RB,,True,Active,,,,,FA,FA,FA,FA,PREDRAFT,4,0,0,0,0,True,False
2257,Carlos Hyde,RB,,True,Active,,,,,FA,FA,FA,FA,PREDRAFT,4,0,0,0,0,True,False
11186,Carlos Washington,RB,,True,Active,,,,,FA,FA,FA,FA,PREDRAFT,4,0,0,0,0,True,False
11582,Carson Steele,RB,PHI,True,Active,,,,,FA,FA,FA,FA,PREDRAFT,4,0,0,0,0,True,False
13595,Cash Jones,RB,ATL,True,Active,,,,,FA,FA,FA,FA,PREDRAFT,4,0,0,0,0,True,False
3780,Cedric O'Neal,RB,,True,Active,,,,,FA,FA,FA,FA,PREDRAFT,4,0,0,0,0,True,False
11102,Charles McClelland,RB,,True,Active,,,,,FA,FA,FA,FA,PREDRAFT,4,0,0,0,0,True,False
5000,Chase Edmonds,RB,,True,Active,,,,,FA,FA,FA,FA,PREDRAFT,4,0,0,0,0,True,False
4273,Chris Carson,RB,,True,Active,,,,,FA,FA,FA,FA,PREDRAFT,4,0,0,0,0,True,False
11963,Chris Collier,RB,LV,True,Inactive,IR,,RB,7,FA,FA,FA,FA,PREDRAFT,4,0,0,0,0,True,False
7794,Chris Evans,RB,,True,Active,,,,,FA,FA,FA,FA,PREDRAFT,4,0,0,0,0,True,False
11249,Chris Smith,RB,,True,Active,,,,,FA,FA,FA,FA,PREDRAFT,4,0,0,0,0,True,False
1502,Chris Thompson,RB,,True,Active,,,,,FA,FA,FA,FA,PREDRAFT,4,0,0,0,0,True,False
5587,Chris Warren,RB,,True,Active,,,,,FA,FA,FA,FA,PREDRAFT,4,0,0,0,0,True,False
3556,Christian Powell,RB,,True,Active,,,,,FA,FA,FA,FA,PREDRAFT,4,0,0,0,0,True,False
6196,Christian Wade,RB,,True,Inactive,,,,,FA,FA,FA,FA,PREDRAFT,4,0,0,0,0,True,False
5462,Christopher Ezeala,RB,,True,Active,,,,,FA,FA,FA,FA,PREDRAFT,4,0,0,0,0,True,False
6820,Clyde Edwards-Helaire,RB,,True,Active,,,,,FA,FA,FA,FA,PREDRAFT,4,0,0,0,0,True,False
11644,Cody Schrader,RB,DEN,True,Active,,,,,FA,FA,FA,FA,PREDRAFT,4,0,0,0,0,True,False
13844,Coleman Bennett,RB,,True,Active,,,,,FA,FA,FA,FA,PREDRAFT,4,0,0,0,0,True,False
8181,Connor Heyward,RB,LV,True,Active,,,RB,3,FA,FA,FA,FA,PREDRAFT,4,0,0,0,0,True,False
2923,Connor Neighbors,RB,,True,Active,,,,,FA,FA,FA,FA,PREDRAFT,4,0,0,0,0,True,False
7464,Connor Slomka,RB,,True,Active,,,,,FA,FA,FA,FA,PREDRAFT,4,0,0,0,0,True,False
1535,Cordarrelle Patterson,RB,,True,Active,,,,,FA,FA,FA,FA,PREDRAFT,4,0,0,0,0,True,False
4651,Corey Clement,RB,,True,Active,,,,,FA,FA,FA,FA,PREDRAFT,4,0,0,0,0,True,False
12491,Corey Kiner,RB,NE,True,Active,,,RB,5,FA,FA,FA,FA,PREDRAFT,4,0,0,0,0,True,False
2933,Corey Knox,RB,,True,Active,,,,,FA,FA,FA,FA,PREDRAFT,4,0,0,0,0,True,False
8092,Corey Taylor,RB,,True,Active,,,,,FA,FA,FA,FA,PREDRAFT,4,0,0,0,0,True,False
6659,Craig Reynolds,RB,WAS,True,Active,,,,,FA,FA,FA,FA,PREDRAFT,4,0,0,0,0,True,False
6293,Cullen Gillaspia,RB,,True,Inactive,,,,,FA,FA,FA,FA,PREDRAFT,4,0,0,0,0,True,False
6694,D'Ernest Johnson,RB,,True,Active,,,,,FA,FA,FA,FA,PREDRAFT,4,0,0,0,0,True,False
4111,D'Onta Foreman,RB,,True,Active,,,,,FA,FA,FA,FA,PREDRAFT,4,0,0,0,0,True,False
8184,D'Vonte Price,RB,,True,Inactive,,,,,FA,FA,FA,FA,PREDRAFT,4,0,0,0,0,True,False
11989,D.J. Williams,RB,,True,Inactive,Questionable,,,,FA,FA,FA,FA,PREDRAFT,4,0,0,0,0,True,False
11857,Daijun Edwards,RB,,True,Active,,,,,FA,FA,FA,FA,PREDRAFT,4,0,0,0,0,True,False
4322,Dalton Crossan,RB,,True,Inactive,,,,,FA,FA,FA,FA,PREDRAFT,4,0,0,0,0,True,False
4029,Dalvin Cook,RB,,True,Active,,,,,FA,FA,FA,FA,PREDRAFT,4,0,0,0,0,True,False
5619,Dalyn Dawkins,RB,,True,Active,,,,,FA,FA,FA,FA,PREDRAFT,4,0,0,0,0,True,False
6334,Damarea Crockett,RB,,True,Active,,,,,FA,FA,FA,FA,PREDRAFT,4,0,0,0,0,True,False
8129,Dameon Pierce,RB,PHI,True,Active,,,,,FA,FA,FA,FA,PREDRAFT,4,0,0,0,0,True,False
5890,Damien Harris,RB,,True,Active,,,,,FA,FA,FA,FA,PREDRAFT,4,0,0,0,0,True,False
12462,Damien Martinez,RB,,True,Active,,,,,FA,FA,FA,FA,PREDRAFT,4,0,0,0,0,True,False
1833,Damien Williams,RB,,True,Inactive,,,,,FA,FA,FA,FA,PREDRAFT,4,0,0,0,0,True,False
13949,Damon Bankston,RB,,True,Active,,,,,FA,FA,FA,FA,PREDRAFT,4,0,0,0,0,True,False
11654,Dante Miller,RB,,True,Inactive,Questionable,,,,FA,FA,FA,FA,PREDRAFT,4,0,0,0,0,True,False
4718,Dare Ogunbowale,RB,LV,True,Active,,,,,FA,FA,FA,FA,PREDRAFT,4,0,0,0,0,True,False
7038,Darius Anderson,RB,,True,Inactive,,,,,FA,FA,FA,FA,PREDRAFT,4,0,0,0,0,True,False
7316,Darius Bradwell,RB,,True,Active,,,,,FA,FA,FA,FA,PREDRAFT,4,0,0,0,0,True,False
7614,Darius Clark,RB,,True,Active,,,,,FA,FA,FA,FA,PREDRAFT,4,0,0,0,0,True,False
11283,Darius Hagans,RB,,True,Active,,,,,FA,FA,FA,FA,PREDRAFT,4,0,0,0,0,True,False
3371,Darius Jackson,RB,,True,Active,,,,,FA,FA,FA,FA,PREDRAFT,4,0,0,0,0,True,False
4791,Darius Victor,RB,,True,Active,,,,,FA,FA,FA,FA,PREDRAFT,4,0,0,0,0,True,False
6259,Darnell Holland,RB,,True,Active,,,,,FA,FA,FA,FA,PREDRAFT,4,0,0,0,0,True,False
5549,Darrel Williams,RB,,True,Active,,,,,FA,FA,FA,FA,PREDRAFT,4,0,0,0,0,True,False
5916,Darrell Henderson,RB,,True,Active,,,,,FA,FA,FA,FA,PREDRAFT,4,0,0,0,0,True,False
246,Darren Sproles,RB,,True,Injured Reserve,,,,,FA,FA,FA,FA,PREDRAFT,4,0,0,0,0,True,False
6448,Darrin Hall,RB,,True,Active,,,,,FA,FA,FA,FA,PREDRAFT,4,0,0,0,0,True,False
4835,Darrius Sims,RB,,True,Active,,,,,FA,FA,FA,FA,PREDRAFT,4,0,0,0,0,True,False
7064,Darrynton Evans,RB,,True,Inactive,,,,,FA,FA,FA,FA,PREDRAFT,4,0,0,0,0,True,False
6178,Darwin Thompson,RB,,True,Active,,,,,FA,FA,FA,FA,PREDRAFT,4,0,0,0,0,True,False
4917,Daryl Virgies,RB,,True,Active,,,,,FA,FA,FA,FA,PREDRAFT,4,0,0,0,0,True,False
1794,David Fluellen,RB,,True,Active,,,,,FA,FA,FA,FA,PREDRAFT,4,0,0,0,0,True,False
2391,David Johnson,RB,,True,Active,,,,,FA,FA,FA,FA,PREDRAFT,4,0,0,0,0,True,False
13339,Davon Booth,RB,IND,True,Active,,,,,FA,FA,FA,FA,PREDRAFT,4,0,0,0,0,True,False
4777,De'Chavon Hayes,RB,,True,Active,,,,,FA,FA,FA,FA,PREDRAFT,4,0,0,0,0,True,False
5464,De'Lance Turner,RB,,True,Active,,,,,FA,FA,FA,FA,PREDRAFT,4,0,0,0,0,True,False
4774,De'Mard Llorens,RB,,True,Active,,,,,FA,FA,FA,FA,PREDRAFT,4,0,0,0,0,True,False
8721,De'Montre Tuggle,RB,,True,Active,,,,,FA,FA,FA,FA,PREDRAFT,4,0,0,0,0,True,False
8243,DeAndre Torrey,RB,,True,Active,,,,,FA,FA,FA,FA,PREDRAFT,4,0,0,0,0,True,False
3300,DeAndre Washington,RB,,True,Inactive,,,,,FA,FA,FA,FA,PREDRAFT,4,0,0,0,0,True,False
9512,DeWayne McBride,RB,,True,Active,,,,,FA,FA,FA,FA,PREDRAFT,4,0,0,0,0,True,False
13438,DeaMonte Trayanum,RB,NYJ,True,Inactive,,,RB,6,FA,FA,FA,FA,PREDRAFT,4,0,0,0,0,True,False
13315,Dean Connors,RB,LAR,True,Active,,,,,FA,FA,FA,FA,PREDRAFT,4,0,0,0,0,True,False
7893,Dedrick Mills,RB,,True,Active,,,,,FA,FA,FA,FA,PREDRAFT,4,0,0,0,0,True,False
6931,DeeJay Dallas,RB,MIN,True,Active,,,,,FA,FA,FA,FA,PREDRAFT,4,0,0,0,0,True,False
13080,Deion Hankins,RB,,True,Active,,,,,FA,FA,FA,FA,PREDRAFT,4,0,0,0,0,True,False
5143,Demario Richard,RB,,True,Active,,,,,FA,FA,FA,FA,PREDRAFT,4,0,0,0,0,True,False
7609,Demetric Felton,RB,,True,Active,,,,,FA,FA,FA,FA,PREDRAFT,4,0,0,0,0,True,False
10870,Deneric Prince,RB,,True,Active,,,,,FA,FA,FA,FA,PREDRAFT,4,0,0,0,0,True,False
7551,Deon Jackson,RB,,True,Active,,,,,FA,FA,FA,FA,PREDRAFT,4,0,0,0,0,True,False
6753,Derrick Gore,RB,,True,Active,,,,,FA,FA,FA,FA,PREDRAFT,4,0,0,0,0,True,False
4949,Derrius Guice,RB,,True,Active,,,,,FA,FA,FA,FA,PREDRAFT,4,0,0,0,0,True,False
12121,Deshaun Fenwick,RB,,True,Active,,,,,FA,FA,FA,FA,PREDRAFT,4,0,0,0,0,True,False
2632,Desmond Martin,RB,,True,Active,,,,,FA,FA,FA,FA,PREDRAFT,4,0,0,0,0,True,False
13327,Desmond Reid,RB,,True,Inactive,Questionable,,,,FA,FA,FA,FA,PREDRAFT,4,0,0,0,0,True,False
9505,Deuce Vaughn,RB,,True,Active,,,,,FA,FA,FA,FA,PREDRAFT,4,0,0,0,0,True,False
6130,Devin Singletary,RB,NYG,True,Active,,,RB,4,FA,FA,FA,FA,PREDRAFT,4,0,0,0,0,True,False
6068,Devine Ozigbo,RB,,True,Active,,,,,FA,FA,FA,FA,PREDRAFT,4,0,0,0,0,True,False
4519,Devine Redding,RB,,True,Active,,,,,FA,FA,FA,FA,PREDRAFT,4,0,0,0,0,True,False
3412,Devon Johnson,RB,,True,Active,,,,,FA,FA,FA,FA,PREDRAFT,4,0,0,0,0,True,False
2168,Devonta Freeman,RB,,True,Active,,,,,FA,FA,FA,FA,PREDRAFT,4,0,0,0,0,True,False
3209,Devontae Booker,RB,,True,Active,,,,,FA,FA,FA,FA,PREDRAFT,4,0,0,0,0,True,False
6539,Devontae Jackson,RB,,True,Active,,,,,FA,FA,FA,FA,PREDRAFT,4,0,0,0,0,True,False
7236,Devwah Whaley,RB,,True,Active,,,,,FA,FA,FA,FA,PREDRAFT,4,0,0,0,0,True,False
6153,Dexter Williams,RB,,True,Active,,,,,FA,FA,FA,FA,PREDRAFT,4,0,0,0,0,True,False
11580,Dillon Johnson,RB,,True,Active,,,,,FA,FA,FA,FA,PREDRAFT,4,0,0,0,0,True,False
788,Dion Lewis,RB,,True,Injured Reserve,,,,,FA,FA,FA,FA,PREDRAFT,4,0,0,0,0,True,False
13725,Dominic Richardson,RB,,True,Inactive,Questionable,,,,FA,FA,FA,FA,PREDRAFT,4,0,0,0,0,True,False
2820,Dominique Brown,RB,,True,Active,,,,,FA,FA,FA,FA,PREDRAFT,4,0,0,0,0,True,False
12515,Donovan Edwards,RB,,True,Active,,,,,FA,FA,FA,FA,PREDRAFT,4,0,0,0,0,True,False
13852,Dontae McMillan,RB,,True,Active,,,,,FA,FA,FA,FA,PREDRAFT,4,0,0,0,0,True,False
6592,Dontae Strickland,RB,,True,Active,,,,,FA,FA,FA,FA,PREDRAFT,4,0,0,0,0,True,False
5536,Dontrell Hilliard,RB,,True,Inactive,,,,,FA,FA,FA,FA,PREDRAFT,4,0,0,0,0,True,False
2382,Duke Johnson,RB,,True,Active,,,,,FA,FA,FA,FA,PREDRAFT,4,0,0,0,0,True,False
3391,Dwayne Washington,RB,,True,Active,,,,,FA,FA,FA,FA,PREDRAFT,4,0,0,0,0,True,False
13284,Dylan Devezin,RB,,True,Active,,,,,FA,FA,FA,FA,PREDRAFT,4,0,0,0,0,True,False
11574,Dylan Laube,RB,LV,True,Active,,,RB,4,FA,FA,FA,FA,PREDRAFT,4,0,0,0,0,True,False
12283,Dylan McDuffie,RB,,True,Active,,,,,FA,FA,FA,FA,PREDRAFT,4,0,0,0,0,True,False
13778,EJ Smith,RB,KC,True,Inactive,Questionable,,,,FA,FA,FA,FA,PREDRAFT,4,0,0,0,0,True,False
12066,Elijah Collins,RB,,True,Active,,,,,FA,FA,FA,FA,PREDRAFT,4,0,0,0,0,True,False
11114,Elijah Dotson,RB,,True,Active,,,,,FA,FA,FA,FA,PREDRAFT,4,0,0,0,0,True,False
5919,Elijah Holyfield,RB,,True,Active,,,,,FA,FA,FA,FA,PREDRAFT,4,0,0,0,0,True,False
4263,Elijah McGuire,RB,KC,True,Active,,,,,FA,FA,FA,FA,PREDRAFT,4,0,0,0,0,True,False
7561,Elijah Mitchell,RB,,True,Inactive,Questionable,,,,FA,FA,FA,FA,PREDRAFT,4,0,0,0,0,True,False
13909,Elijah Tau-Tolliver,RB,,True,Active,,,,,FA,FA,FA,FA,PREDRAFT,4,0,0,0,0,True,False
12818,Elijah Young,RB,,True,Active,,,,,FA,FA,FA,FA,PREDRAFT,4,0,0,0,0,True,False
3803,Elijhaa Penny,RB,,True,Active,,,,,FA,FA,FA,FA,PREDRAFT,4,0,0,0,0,True,False
11483,Ellis Merriweather,RB,,True,Active,,,,,FA,FA,FA,FA,PREDRAFT,4,0,0,0,0,True,False
11998,Emani Bailey,RB,,True,Active,,,,,FA,FA,FA,FA,PREDRAFT,4,0,0,0,0,True,False
6951,Eno Benjamin,RB,,True,Active,,,,,FA,FA,FA,FA,PREDRAFT,4,0,0,0,0,True,False
10223,Eric Gray,RB,,True,Active,,,,,FA,FA,FA,FA,PREDRAFT,4,0,0,0,0,True,False
5407,Ervin Philips,RB,,True,Active,,,,,FA,FA,FA,FA,PREDRAFT,4,0,0,0,0,True,False
9220,Evan Hull,RB,ARI,True,Active,,,,,FA,FA,FA,FA,PREDRAFT,4,0,0,0,0,True,False
3164,Ezekiel Elliott,RB,,True,Active,,,,,FA,FA,FA,FA,PREDRAFT,4,0,0,0,0,True,False
11573,Frank Gore,RB,BUF,True,Active,,,,,FA,FA,FA,FA,PREDRAFT,4,0,0,0,0,True,False
232,Frank Gore,RB,,True,Active,,,,,FA,FA,FA,FA,PREDRAFT,4,0,0,0,0,True,False
7990,Garrett Groshek,RB,,True,Active,,,,,FA,FA,FA,FA,PREDRAFT,4,0,0,0,0,True,False
7529,Gary Brightwell,RB,,True,Active,,,,,FA,FA,FA,FA,PREDRAFT,4,0,0,0,0,True,False
5791,Gerald Holmes,RB,,True,Active,,,,,FA,FA,FA,FA,PREDRAFT,4,0,0,0,0,True,False
7539,Gerrid Doaks,RB,,True,Active,,,,,FA,FA,FA,FA,PREDRAFT,4,0,0,0,0,True,False
1386,Giovani Bernard,RB,,True,Active,,,,,FA,FA,FA,FA,PREDRAFT,4,0,0,0,0,True,False
5220,Godwin Igwebuike,RB,,True,Active,,,,,FA,FA,FA,FA,PREDRAFT,4,0,0,0,0,True,False
8226,Greg Bell,RB,,True,Active,,,,,FA,FA,FA,FA,PREDRAFT,4,0,0,0,0,True,False
13603,Gregory Desrosiers,RB,LAC,True,Active,,,,,FA,FA,FA,FA,PREDRAFT,4,0,0,0,0,True,False
5248,Gus Edwards,RB,,True,Active,,,,,FA,FA,FA,FA,PREDRAFT,4,0,0,0,0,True,False
2785,Gus Johnson,RB,,True,Active,,,,,FA,FA,FA,FA,PREDRAFT,4,0,0,0,0,True,False
11270,Hassan Hall,RB,,True,Active,,,,,FA,FA,FA,FA,PREDRAFT,4,0,0,0,0,True,False
8123,Hassan Haskins,RB,NE,True,Active,,,,,FA,FA,FA,FA,PREDRAFT,4,0,0,0,0,True,False
4630,I'Tavius Mathers,RB,,True,Active,,,,,FA,FA,FA,FA,PREDRAFT,4,0,0,0,0,True,False
12036,Ian Wheeler,RB,,True,Active,,,,,FA,FA,FA,FA,PREDRAFT,4,0,0,0,0,True,False
11651,Isaac Guerendo,RB,SF,True,Active,PUP,,RB,6,FA,FA,FA,FA,PREDRAFT,4,0,0,0,0,True,False
11431,Isaiah Bowser,RB,,True,Active,,,,,FA,FA,FA,FA,PREDRAFT,4,0,0,0,0,True,False
13773,Isaiah Jacobs,RB,,True,Active,,,,,FA,FA,FA,FA,PREDRAFT,4,0,0,0,0,True,False
8153,Isaiah Spiller,RB,,True,Active,,,,,FA,FA,FA,FA,PREDRAFT,4,0,0,0,0,True,False
9227,Israel Abanikanda,RB,DAL,True,Active,,,,,FA,FA,FA,FA,PREDRAFT,4,0,0,0,0,True,False
5004,Ito Smith,RB,DAL,True,Active,,,,,FA,FA,FA,FA,PREDRAFT,4,0,0,0,0,True,False
3664,J.D. McKissic,RB,,True,Inactive,,,,,FA,FA,FA,FA,PREDRAFT,4,0,0,0,0,True,False
6973,J.J. Taylor,RB,,True,Active,,,,,FA,FA,FA,FA,PREDRAFT,4,0,0,0,0,True,False
5809,Ja'Quan Gardner,RB,,True,Active,,,,,FA,FA,FA,FA,PREDRAFT,4,0,0,0,0,True,False
12479,Ja'Quinden Jackson,RB,,True,Inactive,Questionable,,,,FA,FA,FA,FA,PREDRAFT,4,0,0,0,0,True,False
6996,JaMycal Hasty,RB,,True,Active,,,,,FA,FA,FA,FA,PREDRAFT,4,0,0,0,0,True,False
7863,JaQuan Hardy,RB,,True,Active,,,,,FA,FA,FA,FA,PREDRAFT,4,0,0,0,0,True,False
12356,Jabari Small,RB,,True,Active,,,,,FA,FA,FA,FA,PREDRAFT,4,0,0,0,0,True,False
13047,Jacardia Wright,RB,SEA,True,Active,,,,,FA,FA,FA,FA,PREDRAFT,4,0,0,0,0,True,False
11900,Jacob Kibodi,RB,,True,Active,,,,,FA,FA,FA,FA,PREDRAFT,4,0,0,0,0,True,False
6108,Jacques Patrick,RB,,True,Active,,,,,FA,FA,FA,FA,PREDRAFT,4,0,0,0,0,True,False
13906,Jaden Nixon,RB,,True,Active,,,,,FA,FA,FA,FA,PREDRAFT,4,0,0,0,0,True,False
12013,Jaden Shirden,RB,,True,Active,,,,,FA,FA,FA,FA,PREDRAFT,4,0,0,0,0,True,False
2581,Jahwan Edwards,RB,,True,Active,,,,,FA,FA,FA,FA,PREDRAFT,4,0,0,0,0,True,False
7771,Jake Funk,RB,,True,Active,,,,,FA,FA,FA,FA,PREDRAFT,4,0,0,0,0,True,False
11439,Jaleel McLaughlin,RB,CLE,True,Active,,,,,FA,FA,FA,FA,PREDRAFT,4,0,0,0,0,True,False
12218,Jalen Jackson,RB,,True,Active,,,,,FA,FA,FA,FA,PREDRAFT,4,0,0,0,0,True,False
3868,Jalen Richard,RB,LV,True,Active,,,,,FA,FA,FA,FA,PREDRAFT,4,0,0,0,0,True,False
3859,Jalen Simmons,RB,,True,Active,,,,,FA,FA,FA,FA,PREDRAFT,4,0,0,0,0,True,False
12953,Jalen White,RB,,True,Active,,,,,FA,FA,FA,FA,PREDRAFT,4,0,0,0,0,True,False
5961,Jalin Moore,RB,,True,Inactive,,,,,FA,FA,FA,FA,PREDRAFT,4,0,0,0,0,True,False
4149,Jamaal Williams,RB,,True,Active,,,,,FA,FA,FA,FA,PREDRAFT,4,0,0,0,0,True,False
13946,Jamal Haynes,RB,,True,Active,,,,,FA,FA,FA,FA,PREDRAFT,4,0,0,0,0,True,False
5785,James Butler,RB,,True,Active,,,,,FA,FA,FA,FA,PREDRAFT,4,0,0,0,0,True,False
7336,James Gilbert,RB,,True,Active,,,,,FA,FA,FA,FA,PREDRAFT,4,0,0,0,0,True,False
6955,James Robinson,RB,,True,Active,,,,,FA,FA,FA,FA,PREDRAFT,4,0,0,0,0,True,False
4533,James Summers,RB,,True,Active,,,,,FA,FA,FA,FA,PREDRAFT,4,0,0,0,0,True,False
1848,James White,RB,,True,Active,,,,,FA,FA,FA,FA,PREDRAFT,4,0,0,0,0,True,False
7537,Jaret Patterson,RB,,True,Active,,,,,FA,FA,FA,FA,PREDRAFT,4,0,0,0,0,True,False
5278,Jarvion Franklin,RB,,True,Active,,,,,FA,FA,FA,FA,PREDRAFT,4,0,0,0,0,True,False
11590,Jase McClellan,RB,,True,Active,,,,,FA,FA,FA,FA,PREDRAFT,4,0,0,0,0,True,False
8194,Jashaun Corbin,RB,,True,Active,,,,,FA,FA,FA,FA,PREDRAFT,4,0,0,0,0,True,False
7107,Jason Huntley,RB,,True,Active,,,,,FA,FA,FA,FA,PREDRAFT,4,0,0,0,0,True,False
7563,Javian Hawkins,RB,,True,Active,,,,,FA,FA,FA,FA,PREDRAFT,4,0,0,0,0,True,False
6966,Javon Leake,RB,,True,Active,,,,,FA,FA,FA,FA,PREDRAFT,4,0,0,0,0,True,False
2430,Javorius Allen,RB,,True,Active,,,,,FA,FA,FA,FA,PREDRAFT,4,0,0,0,0,True,False
11588,Jawhar Jordan,RB,HOU,True,Active,,,,,FA,FA,FA,FA,PREDRAFT,4,0,0,0,0,True,False
2767,Jawon Chisholm,RB,,True,Active,,,,,FA,FA,FA,FA,PREDRAFT,4,0,0,0,0,True,False
2452,Jay Ajayi,RB,,True,Injured Reserve,,,,,FA,FA,FA,FA,PREDRAFT,4,0,0,0,0,True,False
13419,Jaydn Ott,RB,KC,True,Active,,,,,FA,FA,FA,FA,PREDRAFT,4,0,0,0,0,True,False
5107,Jaylen Samuels,RB,,True,Active,,,,,FA,FA,FA,FA,PREDRAFT,4,0,0,0,0,True,False
5284,Jeff Wilson,RB,,True,Active,,,,,FA,FA,FA,FA,PREDRAFT,4,0,0,0,0,True,False
6246,Jeremy Cox,RB,,True,Inactive,,,,,FA,FA,FA,FA,PREDRAFT,4,0,0,0,0,True,False
4219,Jeremy McNichols,RB,WAS,True,Inactive,IR,,RB,4,FA,FA,FA,FA,PREDRAFT,4,0,0,0,0,True,False
2161,Jerick McKinnon,RB,,True,Active,,,,,FA,FA,FA,FA,PREDRAFT,4,0,0,0,0,True,False
7599,Jermar Jefferson,RB,MIN,True,Inactive,IR,,RB,6,FA,FA,FA,FA,PREDRAFT,4,0,0,0,0,True,False
8143,Jerome Ford,RB,WAS,True,Inactive,Questionable,,,,FA,FA,FA,FA,PREDRAFT,4,0,0,0,0,True,False
8120,Jerrion Ealy,RB,,True,Active,,,,,FA,FA,FA,FA,PREDRAFT,4,0,0,0,0,True,False
4042,Joe Williams,RB,,True,Active,,,,,FA,FA,FA,FA,PREDRAFT,4,0,0,0,0,True,False
4548,Joel Bouagnon,RB,,True,Active,,,,,FA,FA,FA,FA,PREDRAFT,4,0,0,0,0,True,False
5550,John David Moore,RB,,True,Active,,,,,FA,FA,FA,FA,PREDRAFT,4,0,0,0,0,True,False
5076,John Kelly,RB,,True,Active,,,,,FA,FA,FA,FA,PREDRAFT,4,0,0,0,0,True,False
8568,John Lovett,RB,,True,Active,,,,,FA,FA,FA,FA,PREDRAFT,4,0,0,0,0,True,False
4504,John Robinson-Woodgett,RB,,True,Active,,,,,FA,FA,FA,FA,PREDRAFT,4,0,0,0,0,True,False
6446,Jon Hilliman,RB,,True,Active,,,,,FA,FA,FA,FA,PREDRAFT,4,0,0,0,0,True,False
7087,Jonathan Ward,RB,BAL,True,Active,,,,,FA,FA,FA,FA,PREDRAFT,4,0,0,0,0,True,False
3312,Jonathan Williams,RB,,True,Active,,,,,FA,FA,FA,FA,PREDRAFT,4,0,0,0,0,True,False
5168,Jordan Chunn,RB,,True,Inactive,,,,,FA,FA,FA,FA,PREDRAFT,4,0,0,0,0,True,False
6318,Jordan Ellis,RB,,True,Active,,,,,FA,FA,FA,FA,PREDRAFT,4,0,0,0,0,True,False
3306,Jordan Howard,RB,,True,Active,,,,,FA,FA,FA,FA,PREDRAFT,4,0,0,0,0,True,False
4537,Jordan Johnson,RB,,True,Active,,,,,FA,FA,FA,FA,PREDRAFT,4,0,0,0,0,True,False
11378,Jordan Mims,RB,,True,Active,,,,,FA,FA,FA,FA,PREDRAFT,4,0,0,0,0,True,False
14018,Jordan Nubin,RB,,True,Active,,,,,FA,FA,FA,FA,PREDRAFT,4,0,0,0,0,True,False
6167,Jordan Scarlett,RB,MIA,True,Inactive,,,,,FA,FA,FA,FA,PREDRAFT,4,0,0,0,0,True,False
11975,Jordan Terrell,RB,,True,Active,,,,,FA,FA,FA,FA,PREDRAFT,4,0,0,0,0,True,False
13010,Jordan Waters,RB,LAR,True,Active,,,,,FA,FA,FA,FA,PREDRAFT,4,0,0,0,0,True,False
5100,Jordan Wilkins,RB,,True,Active,,,,,FA,FA,FA,FA,PREDRAFT,4,0,0,0,0,True,False
13930,Jordon Vaughn,RB,,True,Active,,,,,FA,FA,FA,FA,PREDRAFT,4,0,0,0,0,True,False
5136,Josh Adams,RB,,True,Active,,,,,FA,FA,FA,FA,PREDRAFT,4,0,0,0,0,True,False
6710,Josh Caldwell,RB,,True,Active,,,,,FA,FA,FA,FA,PREDRAFT,4,0,0,0,0,True,False
3453,Josh Ferguson,RB,,True,Active,,,,,FA,FA,FA,FA,PREDRAFT,4,0,0,0,0,True,False
8051,Josh Johnson,RB,,True,Inactive,,,,,FA,FA,FA,FA,PREDRAFT,4,0,0,0,0,True,False
13768,Josh Pitsenburger,RB,,True,Active,,,,,FA,FA,FA,FA,PREDRAFT,4,0,0,0,0,True,False
4797,Josh Rounds,RB,,True,Active,,,,,FA,FA,FA,FA,PREDRAFT,4,0,0,0,0,True,False
12787,Josh Williams,RB,TB,True,Active,,,,,FA,FA,FA,FA,PREDRAFT,4,0,0,0,0,True,False
7045,Joshua Kelley,RB,,True,Active,,,,,FA,FA,FA,FA,PREDRAFT,4,0,0,0,0,True,False
13923,Joshua Pitsenberger,RB,,True,Inactive,Questionable,,,,FA,FA,FA,FA,PREDRAFT,4,0,0,0,0,True,False
8254,Julius Chestnut,RB,TEN,True,Active,,,RB,4,FA,FA,FA,FA,PREDRAFT,4,0,0,0,0,True,False
14001,Julius Davis,RB,,True,Active,,,,,FA,FA,FA,FA,PREDRAFT,4,0,0,0,0,True,False
5398,Justin Crawford,RB,,True,Active,,,,,FA,FA,FA,FA,PREDRAFT,4,0,0,0,0,True,False
5131,Justin Jackson,RB,,True,Active,,,,,FA,FA,FA,FA,PREDRAFT,4,0,0,0,0,True,False
14076,Justin Jones,RB,,True,Active,,,,,FA,FA,FA,FA,PREDRAFT,4,0,0,0,0,True,False
5800,Justin Stockton,RB,,True,Active,,,,,FA,FA,FA,FA,PREDRAFT,4,0,0,0,0,True,False
12188,Justin Strong,RB,,True,Active,,,,,FA,FA,FA,FA,PREDRAFT,4,0,0,0,0,True,False
14021,Kadarius Calloway,RB,,True,Inactive,Questionable,,,,FA,FA,FA,FA,PREDRAFT,4,0,0,0,0,True,False
12434,Kairee Robinson,RB,,True,Active,,,,,FA,FA,FA,FA,PREDRAFT,4,0,0,0,0,True,False
12516,Kalel Mullings,RB,TEN,True,Active,,,,,FA,FA,FA,FA,PREDRAFT,4,0,0,0,0,True,False
4994,Kalen Ballage,RB,,True,Active,,,,,FA,FA,FA,FA,PREDRAFT,4,0,0,0,0,True,False
4385,Kalif Phillips,RB,,True,Active,,,,,FA,FA,FA,FA,PREDRAFT,4,0,0,0,0,True,False
5273,Kamryn Pettway,RB,,True,Active,,,,,FA,FA,FA,FA,PREDRAFT,4,0,0,0,0,True,False
5976,Karan Higdon,RB,,True,Inactive,,,,,FA,FA,FA,FA,PREDRAFT,4,0,0,0,0,True,False
4098,Kareem Hunt,RB,,True,Active,,,,,FA,FA,FA,FA,PREDRAFT,4,0,0,0,0,True,False
12963,Kayron Lynch-Adams,RB,,True,Active,,,,,FA,FA,FA,FA,PREDRAFT,4,0,0,0,0,True,False
6885,Ke'Shawn Vaughn,RB,,True,Active,,,,,FA,FA,FA,FA,PREDRAFT,4,0,0,0,0,True,False
8221,Keaontay Ingram,RB,,True,Active,,,,,FA,FA,FA,FA,PREDRAFT,4,0,0,0,0,True,False
11773,Keilan Robinson,RB,,True,Active,Questionable,,,,FA,FA,FA,FA,PREDRAFT,4,0,0,0,0,True,False
3397,Keith Marshall,RB,,True,Active,,,,,FA,FA,FA,FA,PREDRAFT,4,0,0,0,0,True,False
13291,Kejon Owens,RB,,True,Active,Questionable,,,,FA,FA,FA,FA,PREDRAFT,4,0,0,0,0,True,False
11649,Kendall Milton,RB,CIN,True,Active,,,,,FA,FA,FA,FA,PREDRAFT,4,0,0,0,0,True,False
7720,Kene Nwangwu,RB,NYJ,True,Active,,,RB,5,FA,FA,FA,FA,PREDRAFT,4,0,0,0,0,True,False
1546,Kenjon Barner,RB,,True,Inactive,,,,,FA,FA,FA,FA,PREDRAFT,4,0,0,0,0,True,False
8152,Kennedy Brooks,RB,,True,Active,,,,,FA,FA,FA,FA,PREDRAFT,4,0,0,0,0,True,False
3208,Kenneth Dixon,RB,,True,Active,,,,,FA,FA,FA,FA,PREDRAFT,4,0,0,0,0,True,False
2730,Kenneth Harper,RB,,True,Active,,,,,FA,FA,FA,FA,PREDRAFT,4,0,0,0,0,True,False
10216,Kenny McIntosh,RB,,True,Active,,,,,FA,FA,FA,FA,PREDRAFT,4,0,0,0,0,True,False
13436,Kentrel Bullock,RB,CIN,True,Active,,,,,FA,FA,FA,FA,PREDRAFT,4,0,0,0,0,True,False
3242,Kenyan Drake,RB,,True,Active,,,,,FA,FA,FA,FA,PREDRAFT,4,0,0,0,0,True,False
6175,Kerrith Whyte,RB,GB,True,Active,,,,,FA,FA,FA,FA,PREDRAFT,4,0,0,0,0,True,False
5068,Kerryon Johnson,RB,,True,Active,,,,,FA,FA,FA,FA,PREDRAFT,4,0,0,0,0,True,False
2927,Keshawn Hill,RB,,True,Active,,,,,FA,FA,FA,FA,PREDRAFT,4,0,0,0,0,True,False
8174,Kevin Harris,RB,,True,Active,,,,,FA,FA,FA,FA,PREDRAFT,4,0,0,0,0,True,False
8424,Kevin Marks,RB,,True,Active,,,,,FA,FA,FA,FA,PREDRAFT,4,0,0,0,0,True,False
13831,Kevorian Barnes,RB,,True,Active,,,,,FA,FA,FA,FA,PREDRAFT,4,0,0,0,0,True,False
11176,Khalan Laborn,RB,,True,Active,,,,,FA,FA,FA,FA,PREDRAFT,4,0,0,0,0,True,False
4283,Khalfani Muhammad,RB,,True,Active,,,,,FA,FA,FA,FA,PREDRAFT,4,0,0,0,0,True,False
4697,Khalid Abdullah,RB,,True,Active,,,,,FA,FA,FA,FA,PREDRAFT,4,0,0,0,0,True,False
7608,Khalil Herbert,RB,,True,Active,,,,,FA,FA,FA,FA,PREDRAFT,4,0,0,0,0,True,False
12026,Kobe Lewis,RB,,True,Active,,,,,FA,FA,FA,FA,PREDRAFT,4,0,0,0,0,True,False
5801,Kobe McCrary,RB,,True,Active,,,,,FA,FA,FA,FA,PREDRAFT,4,0,0,0,0,True,False
12954,Kye Robichaux,RB,,True,Inactive,Questionable,,,,FA,FA,FA,FA,PREDRAFT,4,0,0,0,0,True,False
7572,Kylin Hill,RB,,True,Active,,,,,FA,FA,FA,FA,PREDRAFT,4,0,0,0,0,True,False
6161,L.J. Scott,RB,,True,Active,,,,,FA,FA,FA,FA,PREDRAFT,4,0,0,0,0,True,False
12306,La'Damian Webb,RB,,True,Active,,,,,FA,FA,FA,FA,PREDRAFT,4,0,0,0,0,True,False
6908,La'Mical Perine,RB,,True,Active,,,,,FA,FA,FA,FA,PREDRAFT,4,0,0,0,0,True,False
1048,Lamar Miller,RB,,True,Active,,,,,FA,FA,FA,FA,PREDRAFT,4,0,0,0,0,True,False
12969,Lan Larison,RB,NE,True,Active,,,,,FA,FA,FA,FA,PREDRAFT,4,0,0,0,0,True,False
5618,Larry Rose,RB,,True,Inactive,NA,,,,FA,FA,FA,FA,PREDRAFT,4,0,0,0,0,True,False
7574,Larry Rountree,RB,,True,Active,,,,,FA,FA,FA,FA,PREDRAFT,4,0,0,0,0,True,False
1476,Latavius Murray,RB,,True,Active,,,,,FA,FA,FA,FA,PREDRAFT,4,0,0,0,0,True,False
13242,Lawrance Toafili,RB,,True,Active,,,,,FA,FA,FA,FA,PREDRAFT,4,0,0,0,0,True,False
1408,Le'Veon Bell,RB,,True,Active,,,,,FA,FA,FA,FA,PREDRAFT,4,0,0,0,0,True,False
676,LeSean McCoy,RB,,True,Injured Reserve,,,,,FA,FA,FA,FA,PREDRAFT,4,0,0,0,0,True,False
6959,LeVante Bellamy,RB,,True,Active,,,,,FA,FA,FA,FA,PREDRAFT,4,0,0,0,0,True,False
8217,Leddie Brown,RB,,True,Active,,,,,FA,FA,FA,FA,PREDRAFT,4,0,0,0,0,True,False
2945,Lee Ward,RB,,True,Active,,,,,FA,FA,FA,FA,PREDRAFT,4,0,0,0,0,True,False
4636,Lenard Tillery,RB,,True,Active,,,,,FA,FA,FA,FA,PREDRAFT,4,0,0,0,0,True,False
3969,Leonard Fournette,RB,,True,Active,,,,,FA,FA,FA,FA,PREDRAFT,4,0,0,0,0,True,False
9510,Lew Nichols,RB,PIT,True,Active,,,,,FA,FA,FA,FA,PREDRAFT,4,0,0,0,0,True,False
13352,Lincoln Pare,RB,,True,Active,Questionable,,,,FA,FA,FA,FA,PREDRAFT,4,0,0,0,0,True,False
12226,Lorenzo Lingard,RB,,True,Active,,,,,FA,FA,FA,FA,PREDRAFT,4,0,0,0,0,True,False
11652,Louis Rees-Zammit,RB,,True,Active,,,,,FA,FA,FA,FA,PREDRAFT,4,0,0,0,0,True,False
2914,Luke Lundy,RB,,True,Active,,,,,FA,FA,FA,FA,PREDRAFT,4,0,0,0,0,True,False
2588,Malcolm Brown,RB,,True,Active,,,,,FA,FA,FA,FA,PREDRAFT,4,0,0,0,0,True,False
5144,Malik Williams,RB,,True,Active,,,,,FA,FA,FA,FA,PREDRAFT,4,0,0,0,0,True,False
6700,Marcelias Sutton,RB,,True,Active,,,,,FA,FA,FA,FA,PREDRAFT,4,0,0,0,0,True,False
11222,Marcus Cooper,RB,,True,Active,,,,,FA,FA,FA,FA,PREDRAFT,4,0,0,0,0,True,False
13154,Marcus Major,RB,,True,Active,,,,,FA,FA,FA,FA,PREDRAFT,4,0,0,0,0,True,False
6548,Marcus Marshall,RB,,True,Inactive,,,,,FA,FA,FA,FA,PREDRAFT,4,0,0,0,0,True,False
5558,Marcus Martin,RB,,True,Active,,,,,FA,FA,FA,FA,PREDRAFT,4,0,0,0,0,True,False
12546,Marcus Yarns,RB,,True,Active,,,,,FA,FA,FA,FA,PREDRAFT,4,0,0,0,0,True,False
956,Mark Ingram,RB,,True,Inactive,,,,,FA,FA,FA,FA,PREDRAFT,4,0,0,0,0,True,False
5463,Mark Thompson,RB,,True,Active,,,,,FA,FA,FA,FA,PREDRAFT,4,0,0,0,0,True,False
4997,Mark Walton,RB,,True,Active,,,,,FA,FA,FA,FA,PREDRAFT,4,0,0,0,0,True,False
2943,Mark Weisman,RB,,True,Active,,,,,FA,FA,FA,FA,PREDRAFT,4,0,0,0,0,True,False
12341,Markese Stepp,RB,,True,Active,,,,,FA,FA,FA,FA,PREDRAFT,4,0,0,0,0,True,False
4152,Marlon Mack,RB,,True,Active,,,,,FA,FA,FA,FA,PREDRAFT,4,0,0,0,0,True,False
6742,Marquis Young,RB,,True,Active,,,,,FA,FA,FA,FA,PREDRAFT,4,0,0,0,0,True,False
3531,Marshaun Coprich,RB,,True,Active,,,,,FA,FA,FA,FA,PREDRAFT,4,0,0,0,0,True,False
745,Marshawn Lynch,RB,,True,Injured Reserve,,,,,FA,FA,FA,FA,PREDRAFT,4,0,0,0,0,True,False
5138,Martez Carter,RB,,True,Active,,,,,FA,FA,FA,FA,PREDRAFT,4,0,0,0,0,True,False
8149,Master Teague,RB,,True,Active,,,,,FA,FA,FA,FA,PREDRAFT,4,0,0,0,0,True,False
8233,Mataeo Durant,RB,,True,Active,,,,,FA,FA,FA,FA,PREDRAFT,4,0,0,0,0,True,False
12288,Mathieu Severance,RB,,True,Active,,,,,FA,FA,FA,FA,PREDRAFT,4,0,0,0,0,True,False
4455,Matt Breida,RB,,True,Active,,,,,FA,FA,FA,FA,PREDRAFT,4,0,0,0,0,True,False
6385,Matt Colburn,RB,,True,Active,,,,,FA,FA,FA,FA,PREDRAFT,4,0,0,0,0,True,False
6352,Matt Colburn,RB,,True,Active,,,,,FA,FA,FA,FA,PREDRAFT,4,0,0,0,0,True,False
8218,Max Borghi,RB,,True,Active,,,,,FA,FA,FA,FA,PREDRAFT,4,0,0,0,0,True,False
13516,Max Bredeson,RB,MIN,True,Active,,,RB,4,FA,FA,FA,FA,PREDRAFT,4,0,0,0,0,True,False
8085,Mekhi Sargent,RB,,True,Active,,,,,FA,FA,FA,FA,PREDRAFT,4,0,0,0,0,True,False
2320,Melvin Gordon,RB,,True,Active,,,,,FA,FA,FA,FA,PREDRAFT,4,0,0,0,0,True,False
13125,Micah Bernard,RB,,True,Active,,,,,FA,FA,FA,FA,PREDRAFT,4,0,0,0,0,True,False
7607,Michael Carter,RB,TEN,True,Active,,,,,FA,FA,FA,FA,PREDRAFT,4,0,0,0,0,True,False
2597,Michael Dyer,RB,,True,Active,,,,,FA,FA,FA,FA,PREDRAFT,4,0,0,0,0,True,False
12284,Michael Herzog,RB,,True,Active,,,,,FA,FA,FA,FA,PREDRAFT,4,0,0,0,0,True,False
6992,Michael Warren,RB,DET,True,Inactive,,,,,FA,FA,FA,FA,PREDRAFT,4,0,0,0,0,True,False
11943,Michael Wiley,RB,,True,Active,,,,,FA,FA,FA,FA,PREDRAFT,4,0,0,0,0,True,False
5209,Mike Boone,RB,,True,Active,,,,,FA,FA,FA,FA,PREDRAFT,4,0,0,0,0,True,False
2431,Mike Davis,RB,,True,Active,,,,,FA,FA,FA,FA,PREDRAFT,4,0,0,0,0,True,False
6159,Mike Weber,RB,,True,Inactive,,,,,FA,FA,FA,FA,PREDRAFT,4,0,0,0,0,True,False
7172,Mikey Daniel,RB,,True,Active,,,,,FA,FA,FA,FA,PREDRAFT,4,0,0,0,0,True,False
14044,Miles Davis,RB,,True,Active,,,,,FA,FA,FA,FA,PREDRAFT,4,0,0,0,0,True,False
6151,Miles Sanders,RB,,True,Active,,,,,FA,FA,FA,FA,PREDRAFT,4,0,0,0,0,True,False
10651,Mohamed Ibrahim,RB,,True,Active,,,,,FA,FA,FA,FA,PREDRAFT,4,0,0,0,0,True,False
12868,Montrell Johnson,RB,,True,Inactive,,,,,FA,FA,FA,FA,PREDRAFT,4,0,0,0,0,True,False
5980,Myles Gaskin,RB,,True,Active,,,,,FA,FA,FA,FA,PREDRAFT,4,0,0,0,0,True,False
7475,Napoleon Maxwell,RB,,True,Inactive,,,,,FA,FA,FA,FA,PREDRAFT,4,0,0,0,0,True,False
8058,Nate McCrary,RB,,True,Active,,,,,FA,FA,FA,FA,PREDRAFT,4,0,0,0,0,True,False
12859,Nate Noel,RB,,True,Active,,,,,FA,FA,FA,FA,PREDRAFT,4,0,0,0,0,True,False
12897,Nathan Carter,RB,KC,True,Active,,,,,FA,FA,FA,FA,PREDRAFT,4,0,0,0,0,True,False
7466,Nathan Cottrell,RB,,True,Active,,,,,FA,FA,FA,FA,PREDRAFT,4,0,0,0,0,True,False
12007,Nathaniel Peat,RB,,True,Active,,,,,FA,FA,FA,FA,PREDRAFT,4,0,0,0,0,True,False
13250,Nay'Quan Wright,RB,,True,Active,,,,,FA,FA,FA,FA,PREDRAFT,4,0,0,0,0,True,False
6021,Nick Brossette,RB,,True,Active,,,,,FA,FA,FA,FA,PREDRAFT,4,0,0,0,0,True,False
4988,Nick Chubb,RB,,True,Active,,,,,FA,FA,FA,FA,PREDRAFT,4,0,0,0,0,True,False
7941,Nick Ralston,RB,,True,Active,,,,,FA,FA,FA,FA,PREDRAFT,4,0,0,0,0,True,False
6637,Nico Evans,RB,,True,Active,,,,,FA,FA,FA,FA,PREDRAFT,4,0,0,0,0,True,False
12061,Noah Cain,RB,,True,Active,,,,,FA,FA,FA,FA,PREDRAFT,4,0,0,0,0,True,False
13437,Noah Whittington,RB,HOU,True,Active,,,,,FA,FA,FA,FA,PREDRAFT,4,0,0,0,0,True,False
5347,Nyheim Miller-Hines,RB,,True,Active,,,,,FA,FA,FA,FA,PREDRAFT,4,0,0,0,0,True,False
8077,Otis Anderson,RB,,True,Active,,,,,FA,FA,FA,FA,PREDRAFT,4,0,0,0,0,True,False
11384,Owen Wright,RB,,True,Active,,,,,FA,FA,FA,FA,PREDRAFT,4,0,0,0,0,True,False
7425,Patrick Carr,RB,,True,Active,,,,,FA,FA,FA,FA,PREDRAFT,4,0,0,0,0,True,False
6311,Patrick Laird,RB,,True,Active,,,,,FA,FA,FA,FA,PREDRAFT,4,0,0,0,0,True,False
6963,Patrick Taylor,RB,,True,Inactive,Questionable,,,,FA,FA,FA,FA,PREDRAFT,4,0,0,0,0,True,False
3211,Paul Perkins,RB,,True,Active,,,,,FA,FA,FA,FA,PREDRAFT,4,0,0,0,0,True,False
7079,Pete Guerriero,RB,,True,Active,,,,,FA,FA,FA,FA,PREDRAFT,4,0,0,0,0,True,False
3594,Peyton Barber,RB,,True,Active,,,,,FA,FA,FA,FA,PREDRAFT,4,0,0,0,0,True,False
12738,Phil Mafah,RB,,True,Active,,,,,FA,FA,FA,FA,PREDRAFT,4,0,0,0,0,True,False
5170,Phillip Lindsay,RB,,True,Active,,,,,FA,FA,FA,FA,PREDRAFT,4,0,0,0,0,True,False
8116,Pierre Strong,RB,GB,True,Active,,,,,FA,FA,FA,FA,PREDRAFT,4,0,0,0,0,True,False
7560,Pooka Williams,RB,,True,Active,,,,,FA,FA,FA,FA,PREDRAFT,4,0,0,0,0,True,False
6002,Qadree Ollison,RB,,True,Active,,,,,FA,FA,FA,FA,PREDRAFT,4,0,0,0,0,True,False
13117,Qualan Jones,RB,,True,Inactive,,,,,FA,FA,FA,FA,PREDRAFT,4,0,0,0,0,True,False
13088,Quali Conley,RB,,True,Active,,,,,FA,FA,FA,FA,PREDRAFT,4,0,0,0,0,True,False
3646,Quayvon Hicks,RB,,True,Active,,,,,FA,FA,FA,FA,PREDRAFT,4,0,0,0,0,True,False
8255,Raheem Blackshear,RB,,True,Inactive,Questionable,,,,FA,FA,FA,FA,PREDRAFT,4,0,0,0,0,True,False
2749,Raheem Mostert,RB,,True,Active,Questionable,,,,FA,FA,FA,FA,PREDRAFT,4,0,0,0,0,True,False
12472,Raheim Sanders,RB,CLE,True,Active,,,RB,3,FA,FA,FA,FA,PREDRAFT,4,0,0,0,0,True,False
13323,Rahsul Faison,RB,,True,Active,,,,,FA,FA,FA,FA,PREDRAFT,4,0,0,0,0,True,False
2142,Rajion Neal,RB,,True,Active,,,,,FA,FA,FA,FA,PREDRAFT,4,0,0,0,0,True,False
7532,Rakeem Boyd,RB,,True,Inactive,,,,,FA,FA,FA,FA,PREDRAFT,4,0,0,0,0,True,False
12402,Ramon Jefferson,RB,,True,Active,,,,,FA,FA,FA,FA,PREDRAFT,4,0,0,0,0,True,False
4985,Rashaad Penny,RB,,True,Active,,,,,FA,FA,FA,FA,PREDRAFT,4,0,0,0,0,True,False
2936,Rasheed Williams,RB,,True,Active,,,,,FA,FA,FA,FA,PREDRAFT,4,0,0,0,0,True,False
11570,Rasheen Ali,RB,BAL,True,Active,,,RB,3,FA,FA,FA,FA,PREDRAFT,4,0,0,0,0,True,False
5252,Ray Lawry,RB,,True,Active,,,,,FA,FA,FA,FA,PREDRAFT,4,0,0,0,0,True,False
6988,Raymond Calais,RB,,True,Active,,,,,FA,FA,FA,FA,PREDRAFT,4,0,0,0,0,True,False
5162,Reggie Bonnafon,RB,,True,Active,,,,,FA,FA,FA,FA,PREDRAFT,4,0,0,0,0,True,False
7204,Reggie Gilliam,RB,NE,True,Active,,,RB,3,FA,FA,FA,FA,PREDRAFT,4,0,0,0,0,True,False
1387,Rex Burkhead,RB,,True,Active,,,,,FA,FA,FA,FA,PREDRAFT,4,0,0,0,0,True,False
8239,Ricky Person,RB,,True,Active,,,,,FA,FA,FA,FA,PREDRAFT,4,0,0,0,0,True,False
2600,Ricky Seale,RB,,True,Active,,,,,FA,FA,FA,FA,PREDRAFT,4,0,0,0,0,True,False
12656,Robbie Ouzts,RB,SEA,True,Inactive,IR,,RB,7,FA,FA,FA,FA,PREDRAFT,4,0,0,0,0,True,False
11060,Robert Burns,RB,,True,Active,,,,,FA,FA,FA,FA,PREDRAFT,4,0,0,0,0,True,False
5700,Robert Martin,RB,,True,Active,,,,,FA,FA,FA,FA,PREDRAFT,4,0,0,0,0,True,False
1232,Robert Turbin,RB,,True,Active,,,,,FA,FA,FA,FA,PREDRAFT,4,0,0,0,0,True,False
5918,Rodney Anderson,RB,,True,Inactive,,,,,FA,FA,FA,FA,PREDRAFT,4,0,0,0,0,True,False
14008,Rodney Hammond,RB,,True,Active,,,,,FA,FA,FA,FA,PREDRAFT,4,0,0,0,0,True,False
2892,Rodney Smith,RB,,True,Active,,,,,FA,FA,FA,FA,PREDRAFT,4,0,0,0,0,True,False
7101,Rodney Smith,RB,,True,Active,,,,,FA,FA,FA,FA,PREDRAFT,4,0,0,0,0,True,False
13416,Roman Hemby,RB,LV,True,Active,,,,,FA,FA,FA,FA,PREDRAFT,4,0,0,0,0,True,False
3883,Romar Morris,RB,,True,Active,,,,,FA,FA,FA,FA,PREDRAFT,4,0,0,0,0,True,False
11182,Ronald Awatt,RB,,True,Active,,,,,FA,FA,FA,FA,PREDRAFT,4,0,0,0,0,True,False
5052,Ronald Jones,RB,,True,Active,,,,,FA,FA,FA,FA,PREDRAFT,4,0,0,0,0,True,False
4955,Ronald Jones,RB,,True,Active,,,,,FA,FA,FA,FA,PREDRAFT,4,0,0,0,0,True,False
11413,Ronnie Brown,RB,,True,Active,,,,,FA,FA,FA,FA,PREDRAFT,4,0,0,0,0,True,False
8195,Ronnie Rivers,RB,LAR,True,Active,,,RB,3,FA,FA,FA,FA,PREDRAFT,4,0,0,0,0,True,False
2981,Ross Scheuerman,RB,,True,Active,,,,,FA,FA,FA,FA,PREDRAFT,4,0,0,0,0,True,False
5046,Royce Freeman,RB,,True,Active,,,,,FA,FA,FA,FA,PREDRAFT,4,0,0,0,0,True,False
14064,Roydell Williams,RB,,True,Active,,,,,FA,FA,FA,FA,PREDRAFT,4,0,0,0,0,True,False
13128,Rushawn Baker,RB,,True,Active,,,,,FA,FA,FA,FA,PREDRAFT,4,0,0,0,0,True,False
4923,Rushel Shell,RB,,True,Active,,,,,FA,FA,FA,FA,PREDRAFT,4,0,0,0,0,True,False
5163,Ryan Nall,RB,,True,Inactive,,,,,FA,FA,FA,FA,PREDRAFT,4,0,0,0,0,True,False
6007,Ryquell Armstead,RB,,True,Active,,,,,FA,FA,FA,FA,PREDRAFT,4,0,0,0,0,True,False
11104,SaRodorick Thompson,RB,,True,Active,,,,,FA,FA,FA,FA,PREDRAFT,4,0,0,0,0,True,False
6918,Salvon Ahmed,RB,CHI,True,Active,,,,,FA,FA,FA,FA,PREDRAFT,4,0,0,0,0,True,False
13873,Sam Scott,RB,,True,Inactive,Questionable,,,,FA,FA,FA,FA,PREDRAFT,4,0,0,0,0,True,False
4147,Samaje Perine,RB,CIN,True,Active,,,RB,2,FA,FA,FA,FA,PREDRAFT,4,0,0,0,0,True,False
12308,Samson Evans,RB,,True,Active,,,,,FA,FA,FA,FA,PREDRAFT,4,0,0,0,0,True,False
7412,Sandro Platzgummer,RB,,True,Active,,,,,FA,FA,FA,FA,PREDRAFT,4,0,0,0,0,True,False
7005,Scottie Phillips,RB,,True,Active,,,,,FA,FA,FA,FA,PREDRAFT,4,0,0,0,0,True,False
2114,Senorise Perry,RB,,True,Inactive,,,,,FA,FA,FA,FA,PREDRAFT,4,0,0,0,0,True,False
13255,Shane Watts,RB,,True,Active,,,,,FA,FA,FA,FA,PREDRAFT,4,0,0,0,0,True,False
5663,Shane Wimann,RB,,True,Inactive,,,,,FA,FA,FA,FA,PREDRAFT,4,0,0,0,0,True,False
5395,Shaun Wilson,RB,,True,Active,,,,,FA,FA,FA,FA,PREDRAFT,4,0,0,0,0,True,False
5752,Sherman Badie,RB,,True,Active,,,,,FA,FA,FA,FA,PREDRAFT,4,0,0,0,0,True,False
8242,Shermari Jones,RB,,True,Active,,,,,FA,FA,FA,FA,PREDRAFT,4,0,0,0,0,True,False
13145,ShunDerrick Powell,RB,,True,Active,,,,,FA,FA,FA,FA,PREDRAFT,4,0,0,0,0,True,False
8220,Sincere McCormick,RB,SF,True,Active,,,,,FA,FA,FA,FA,PREDRAFT,4,0,0,0,0,True,False
3615,Sione Houma,RB,,True,Active,,,,,FA,FA,FA,FA,PREDRAFT,4,0,0,0,0,True,False
11729,Sione Vaki,RB,DET,True,Active,,,RB,2,FA,FA,FA,FA,PREDRAFT,4,0,0,0,0,True,False
8179,Snoop Conner,RB,,True,Active,,,,,FA,FA,FA,FA,PREDRAFT,4,0,0,0,0,True,False
3640,Soma Vainuku,RB,,True,Active,,,,,FA,FA,FA,FA,PREDRAFT,4,0,0,0,0,True,False
13022,Sone Ntoh,RB,,True,Active,,,,,FA,FA,FA,FA,PREDRAFT,4,0,0,0,0,True,False
4962,Sony Michel,RB,,True,Active,,,,,FA,FA,FA,FA,PREDRAFT,4,0,0,0,0,True,False
7867,Spencer Brown,RB,,True,Active,,,,,FA,FA,FA,FA,PREDRAFT,4,0,0,0,0,True,False
1601,Spencer Ware,RB,,True,Inactive,,,,,FA,FA,FA,FA,PREDRAFT,4,0,0,0,0,True,False
4373,Stanley Williams,RB,,True,Active,,,,,FA,FA,FA,FA,PREDRAFT,4,0,0,0,0,True,False
1841,Stephen Houston,RB,,True,Active,,,,,FA,FA,FA,FA,PREDRAFT,4,0,0,0,0,True,False
7904,Stevie Scott,RB,,True,Active,,,,,FA,FA,FA,FA,PREDRAFT,4,0,0,0,0,True,False
2949,Synjyn Days,RB,,True,Active,,,,,FA,FA,FA,FA,PREDRAFT,4,0,0,0,0,True,False
4186,T.J. Logan,RB,,True,Active,,,,,FA,FA,FA,FA,PREDRAFT,4,0,0,0,0,True,False
8407,T.J. Pledger,RB,,True,Active,,,,,FA,FA,FA,FA,PREDRAFT,4,0,0,0,0,True,False
2341,T.J. Yeldon,RB,,True,Inactive,,,,,FA,FA,FA,FA,PREDRAFT,4,0,0,0,0,True,False
12039,TD Ayo-Durojaiye,RB,,True,Active,,,,,FA,FA,FA,FA,PREDRAFT,4,0,0,0,0,True,False
13750,TJ Harden,RB,,True,Active,,,,,FA,FA,FA,FA,PREDRAFT,4,0,0,0,0,True,False
12028,TaMerik Williams,RB,,True,Active,,,,,FA,FA,FA,FA,PREDRAFT,4,0,0,0,0,True,False
886,Taiwan Jones,RB,,True,Active,,,,,FA,FA,FA,FA,PREDRAFT,4,0,0,0,0,True,False
6705,Taj McGowan,RB,,True,Active,,,,,FA,FA,FA,FA,PREDRAFT,4,0,0,0,0,True,False
4349,Taquan Mizzell,RB,NYG,True,Inactive,,,,,FA,FA,FA,FA,PREDRAFT,4,0,0,0,0,True,False
4157,Tarik Cohen,RB,,True,Active,,,,,FA,FA,FA,FA,PREDRAFT,4,0,0,0,0,True,False
7103,Tavien Feaster,RB,ARI,True,Active,,,,,FA,FA,FA,FA,PREDRAFT,4,0,0,0,0,True,False
8707,Tayon Fleet-Davis,RB,,True,Active,,,,,FA,FA,FA,FA,PREDRAFT,4,0,0,0,0,True,False
13780,Terion Stewart,RB,,True,Active,,,,,FA,FA,FA,FA,PREDRAFT,4,0,0,0,0,True,False
12412,Terrell Jennings,RB,,True,Inactive,Questionable,,,,FA,FA,FA,FA,PREDRAFT,4,0,0,0,0,True,False
4408,Terrell Newby,RB,,True,Active,,,,,FA,FA,FA,FA,PREDRAFT,4,0,0,0,0,True,False
2900,Terrence Franks,RB,,True,Active,,,,,FA,FA,FA,FA,PREDRAFT,4,0,0,0,0,True,False
5201,Terry Swanson,RB,,True,Active,,,,,FA,FA,FA,FA,PREDRAFT,4,0,0,0,0,True,False
2378,Tevin Coleman,RB,,True,Active,,,,,FA,FA,FA,FA,PREDRAFT,4,0,0,0,0,True,False
1517,Theo Riddick,RB,,True,Injured Reserve,,,,,FA,FA,FA,FA,PREDRAFT,4,0,0,0,0,True,False
4623,Tim Cook,RB,,True,Active,,,,,FA,FA,FA,FA,PREDRAFT,4,0,0,0,0,True,False
2200,Timothy Flanders,RB,,True,Active,,,,,FA,FA,FA,FA,PREDRAFT,4,0,0,0,0,True,False
9507,Titus Swen,RB,,True,Active,,,,,FA,FA,FA,FA,PREDRAFT,4,0,0,0,0,True,False
9223,Tiyon Evans,RB,,True,Active,,,,,FA,FA,FA,FA,PREDRAFT,4,0,0,0,0,True,False
13240,Toa Taua,RB,,True,Active,,,,,FA,FA,FA,FA,PREDRAFT,4,0,0,0,0,True,False
2315,Todd Gurley,RB,,True,Active,,,,,FA,FA,FA,FA,PREDRAFT,4,0,0,0,0,True,False
6585,Tony Brooks-James,RB,,True,Active,,,,,FA,FA,FA,FA,PREDRAFT,4,0,0,0,0,True,False
2875,Tony Creecy,RB,,True,Active,,,,,FA,FA,FA,FA,PREDRAFT,4,0,0,0,0,True,False
6984,Tony Jones,RB,,True,Active,,,,,FA,FA,FA,FA,PREDRAFT,4,0,0,0,0,True,False
11538,Toriano Clinton,RB,,True,Active,,,,,FA,FA,FA,FA,PREDRAFT,4,0,0,0,0,True,False
3688,Tra Carson,RB,,True,Active,,,,,FA,FA,FA,FA,PREDRAFT,4,0,0,0,0,True,False
10865,Travis Dye,RB,,True,Active,,,,,FA,FA,FA,FA,PREDRAFT,4,0,0,0,0,True,False
6012,Travis Homer,RB,PIT,True,Active,,,,,FA,FA,FA,FA,PREDRAFT,4,0,0,0,0,True,False
6236,Travon McMillian,RB,,True,Active,,,,,FA,FA,FA,FA,PREDRAFT,4,0,0,0,0,True,False
6506,Trayone Gray,RB,,True,Active,,,,,FA,FA,FA,FA,PREDRAFT,4,0,0,0,0,True,False
6144,Trayveon Williams,RB,,True,Active,,,,,FA,FA,FA,FA,PREDRAFT,4,0,0,0,0,True,False
8027,Tre Harbison,RB,,True,Active,,,,,FA,FA,FA,FA,PREDRAFT,4,0,0,0,0,True,False
12940,Tre Stewart,RB,,True,Active,,,,,FA,FA,FA,FA,PREDRAFT,4,0,0,0,0,True,False
13673,Trent Battle,RB,,True,Active,,,,,FA,FA,FA,FA,PREDRAFT,4,0,0,0,0,True,False
13996,Trent Howland,RB,,True,Active,,,,,FA,FA,FA,FA,PREDRAFT,4,0,0,0,0,True,False
5123,Trenton Cannon,RB,,True,Inactive,,,,,FA,FA,FA,FA,PREDRAFT,4,0,0,0,0,True,False
8189,Trestan Ebner,RB,,True,Active,,,,,FA,FA,FA,FA,PREDRAFT,4,0,0,0,0,True,False
4696,Trey Edmunds,RB,,True,Active,,,,,FA,FA,FA,FA,PREDRAFT,4,0,0,0,0,True,False
2262,Trey Millard,RB,,True,Active,,,,,FA,FA,FA,FA,PREDRAFT,4,0,0,0,0,True,False
12166,Trey Potts,RB,,True,Active,,,,,FA,FA,FA,FA,PREDRAFT,4,0,0,0,0,True,False
7993,Trey Ragas,RB,,True,Active,,,,,FA,FA,FA,FA,PREDRAFT,4,0,0,0,0,True,False
7593,Trey Sermon,RB,ATL,True,Inactive,IR,,RB,3,FA,FA,FA,FA,PREDRAFT,4,0,0,0,0,True,False
8820,Troy Hairston,RB,,True,Active,,,,,FA,FA,FA,FA,PREDRAFT,4,0,0,0,0,True,False
3934,Troymaine Pope,RB,,True,Active,,,,,FA,FA,FA,FA,PREDRAFT,4,0,0,0,0,True,False
8230,Ty Chandler,RB,NO,True,Inactive,IR,,RB,5,FA,FA,FA,FA,PREDRAFT,4,0,0,0,0,True,False
2399,Ty Montgomery,RB,,True,Active,,,,,FA,FA,FA,FA,PREDRAFT,4,0,0,0,0,True,False
7098,Ty'Son Williams,RB,,True,Active,,,,,FA,FA,FA,FA,PREDRAFT,4,0,0,0,0,True,False
8208,Tyler Badie,RB,DEN,True,Active,,,RB,4,FA,FA,FA,FA,PREDRAFT,4,0,0,0,0,True,False
3280,Tyler Ervin,RB,,True,Inactive,,,,,FA,FA,FA,FA,PREDRAFT,4,0,0,0,0,True,False
8207,Tyler Goodson,RB,ATL,True,Active,,,,,FA,FA,FA,FA,PREDRAFT,4,0,0,0,0,True,False
11123,Tyler Hoosman,RB,,True,Active,,,,,FA,FA,FA,FA,PREDRAFT,4,0,0,0,0,True,False
4463,Tyler McCloskey,RB,,True,Active,,,,,FA,FA,FA,FA,PREDRAFT,4,0,0,0,0,True,False
4305,Tyler Renew,RB,,True,Active,,,,,FA,FA,FA,FA,PREDRAFT,4,0,0,0,0,True,False
8749,Tyreik McAllister,RB,,True,Active,,,,,FA,FA,FA,FA,PREDRAFT,4,0,0,0,0,True,False
8211,Tyrion Davis-Price,RB,,True,Active,,,,,FA,FA,FA,FA,PREDRAFT,4,0,0,0,0,True,False
12826,Ulysses Bentley,RB,,True,Active,,,,,FA,FA,FA,FA,PREDRAFT,4,0,0,0,0,True,False
6203,Valentine Holmes,RB,,True,Active,,,,,FA,FA,FA,FA,PREDRAFT,4,0,0,0,0,True,False
4150,Wayne Gallman,RB,,True,Active,,,,,FA,FA,FA,FA,PREDRAFT,4,0,0,0,0,True,False
11537,Wayne Taulapapa,RB,,True,Active,,,,,FA,FA,FA,FA,PREDRAFT,4,0,0,0,0,True,False
3309,Wendell Smallwood,RB,WAS,True,Active,,,,,FA,FA,FA,FA,PREDRAFT,4,0,0,0,0,True,False
6115,Wes Hills,RB,,True,Inactive,,,,,FA,FA,FA,FA,PREDRAFT,4,0,0,0,0,True,False
11577,Will Shipley,RB,PHI,True,Active,,,RB,3,FA,FA,FA,FA,PREDRAFT,4,0,0,0,0,True,False
4485,William Stanback,RB,,True,Active,,,,,FA,FA,FA,FA,PREDRAFT,4,0,0,0,0,True,False
7088,Xavier Jones,RB,,True,Active,,,,,FA,FA,FA,FA,PREDRAFT,4,0,0,0,0,True,False
6372,Xavier Turner,RB,,True,Active,,,,,FA,FA,FA,FA,PREDRAFT,4,0,0,0,0,True,False
10861,Xazavian Valladay,RB,,True,Active,,,,,FA,FA,FA,FA,PREDRAFT,4,0,0,0,0,True,False
8173,ZaQuandre White,RB,,True,Active,,,,,FA,FA,FA,FA,PREDRAFT,4,0,0,0,0,True,False
3402,Zac Brooks,RB,,True,Active,,,,,FA,FA,FA,FA,PREDRAFT,4,0,0,0,0,True,False
9222,Zach Evans,RB,,True,Active,,,,,FA,FA,FA,FA,PREDRAFT,4,0,0,0,0,True,False
2880,Zach Laskey,RB,,True,Active,,,,,FA,FA,FA,FA,PREDRAFT,4,0,0,0,0,True,False
5697,Zach Olstad,RB,,True,Inactive,,,,,FA,FA,FA,FA,PREDRAFT,4,0,0,0,0,True,False
2560,Zach Zenner,RB,,True,Active,,,,,FA,FA,FA,FA,PREDRAFT,4,0,0,0,0,True,False
6845,Zack Moss,RB,,True,Active,Questionable,,,,FA,FA,FA,FA,PREDRAFT,4,0,0,0,0,True,False
8139,Zamir White,RB,NO,True,Active,,,,,FA,FA,FA,FA,PREDRAFT,4,0,0,0,0,True,False
8428,Zander Horvath,RB,,True,Active,,,,,FA,FA,FA,FA,PREDRAFT,4,0,0,0,0,True,False
11299,Zavier Scott,RB,CHI,True,Active,,,,,FA,FA,FA,FA,PREDRAFT,4,0,0,0,0,True,False
8122,Zonovan Knight,RB,ARI,True,Active,,,RB,3,FA,FA,FA,FA,PREDRAFT,4,0,0,0,0,True,False
4487,Aaron Taylor,S,,True,Active,,,,,FA,FA,FA,FA,PREDRAFT,4,0,0,0,0,True,False
2705,Anthony Jefferson,S,,True,Active,,,,,FA,FA,FA,FA,PREDRAFT,4,0,0,0,0,True,False
6071,Cameron Glenn,S,,True,Active,,,,,FA,FA,FA,FA,PREDRAFT,4,0,0,0,0,True,False
11553,Chad Cota,S,HOU,True,Active,,,,,FA,FA,FA,FA,PREDRAFT,4,0,0,0,0,True,False
5437,Corey Griffin,S,,True,Active,,,,,FA,FA,FA,FA,PREDRAFT,4,0,0,0,0,True,False
6351,Corrion Ballard,S,,True,Active,,,,,FA,FA,FA,FA,PREDRAFT,4,0,0,0,0,True,False
2873,Derrick Wells,S,,True,Active,,,,,FA,FA,FA,FA,PREDRAFT,4,0,0,0,0,True,False
6341,Dexter Wright,S,,True,Active,,,,,FA,FA,FA,FA,PREDRAFT,4,0,0,0,0,True,False
7257,Douglas Coleman,S,,True,Active,,,,,FA,FA,FA,FA,PREDRAFT,4,0,0,0,0,True,False
2828,Erick Dargan,S,,True,Active,,,,,FA,FA,FA,FA,PREDRAFT,4,0,0,0,0,True,False
7209,Garrett Taylor,S,,True,Active,,,,,FA,FA,FA,FA,PREDRAFT,4,0,0,0,0,True,False
2663,Gordon Hill,S,,True,Active,,,,,FA,FA,FA,FA,PREDRAFT,4,0,0,0,0,True,False
7260,Jeremiah Dinson,S,,True,Inactive,,,,,FA,FA,FA,FA,PREDRAFT,4,0,0,0,0,True,False
2725,Jimmy Jean,S,,True,Active,,,,,FA,FA,FA,FA,PREDRAFT,4,0,0,0,0,True,False
5724,Joseph Este,S,,True,Active,,,,,FA,FA,FA,FA,PREDRAFT,4,0,0,0,0,True,False
5406,Josh Liddell,S,,True,Active,,,,,FA,FA,FA,FA,PREDRAFT,4,0,0,0,0,True,False
2746,Justin Halley,S,,True,Active,,,,,FA,FA,FA,FA,PREDRAFT,4,0,0,0,0,True,False
5743,Michael Cirino,S,,True,Inactive,,,,,FA,FA,FA,FA,PREDRAFT,4,0,0,0,0,True,False
5790,Mike Basile,S,,True,Inactive,NA,,,,FA,FA,FA,FA,PREDRAFT,4,0,0,0,0,True,False
7422,Ronnell Perkins,S,,True,Active,,,,,FA,FA,FA,FA,PREDRAFT,4,0,0,0,0,True,False
5507,Secdrick Cooper,S,,True,Active,,,,,FA,FA,FA,FA,PREDRAFT,4,0,0,0,0,True,False
2893,Triston Wade,S,,True,Active,,,,,FA,FA,FA,FA,PREDRAFT,4,0,0,0,0,True,False
2211,Ty Zimmerman,S,,True,Active,,,,,FA,FA,FA,FA,PREDRAFT,4,0,0,0,0,True,False
5160,A.J. Howard,SS,,True,Active,,,,,FA,FA,FA,FA,PREDRAFT,4,0,0,0,0,True,False
5177,Aaron Davis,SS,,True,Active,,,,,FA,FA,FA,FA,PREDRAFT,4,0,0,0,0,True,False
6228,Adarius Pickett,SS,,True,Active,,,,,FA,FA,FA,FA,PREDRAFT,4,0,0,0,0,True,False
3534,Adrian McDonald,SS,,True,Active,,,,,FA,FA,FA,FA,PREDRAFT,4,0,0,0,0,True,False
3466,Andrew Williamson,SS,,True,Active,,,,,FA,FA,FA,FA,PREDRAFT,4,0,0,0,0,True,False
2156,Antone Exum,SS,,True,Active,,,,,FA,FA,FA,FA,PREDRAFT,4,0,0,0,0,True,False
3624,Antonio Glover,SS,,True,Active,,,,,FA,FA,FA,FA,PREDRAFT,4,0,0,0,0,True,False
4542,B.T. Sanders,SS,,True,Active,,,,,FA,FA,FA,FA,PREDRAFT,4,0,0,0,0,True,False
2641,Brian Suite,SS,,True,Active,,,,,FA,FA,FA,FA,PREDRAFT,4,0,0,0,0,True,False
2453,Cedric Thompson,SS,,True,Active,,,,,FA,FA,FA,FA,PREDRAFT,4,0,0,0,0,True,False
4514,Chanceller James,SS,,True,Active,,,,,FA,FA,FA,FA,PREDRAFT,4,0,0,0,0,True,False
4446,Chris Humes,SS,,True,Active,,,,,FA,FA,FA,FA,PREDRAFT,4,0,0,0,0,True,False
6206,Cody Brown,SS,,True,Inactive,,,,,FA,FA,FA,FA,PREDRAFT,4,0,0,0,0,True,False
4431,Damarius Travis,SS,,True,Active,,,,,FA,FA,FA,FA,PREDRAFT,4,0,0,0,0,True,False
3023,Damian Parms,SS,,True,Inactive,,,,,FA,FA,FA,FA,PREDRAFT,4,0,0,0,0,True,False
5198,Damon Webb,SS,,True,Active,,,,,FA,FA,FA,FA,PREDRAFT,4,0,0,0,0,True,False
4706,Denzel Johnson,SS,,True,Active,,,,,FA,FA,FA,FA,PREDRAFT,4,0,0,0,0,True,False
8684,Deontai Williams,SS,,True,Active,,,,,FA,FA,FA,FA,PREDRAFT,4,0,0,0,0,True,False
6267,Dravon Askew-Henry,SS,,True,Inactive,,,,,FA,FA,FA,FA,PREDRAFT,4,0,0,0,0,True,False
3482,Elijah Shumate,SS,,True,Active,,,,,FA,FA,FA,FA,PREDRAFT,4,0,0,0,0,True,False
1590,Eric Reid,SS,,True,Active,,,,,FA,FA,FA,FA,PREDRAFT,4,0,0,0,0,True,False
6172,Evan Worthington,SS,,True,Active,,,,,FA,FA,FA,FA,PREDRAFT,4,0,0,0,0,True,False
3651,Geno Matias-Smith,SS,,True,Active,,,,,FA,FA,FA,FA,PREDRAFT,4,0,0,0,0,True,False
4524,Ironhead Gallon,SS,,True,Active,,,,,FA,FA,FA,FA,PREDRAFT,4,0,0,0,0,True,False
6547,Isaiah Wharton,SS,,True,Inactive,,,,,FA,FA,FA,FA,PREDRAFT,4,0,0,0,0,True,False
6622,Jacob Thieneman,SS,,True,Active,,,,,FA,FA,FA,FA,PREDRAFT,4,0,0,0,0,True,False
4077,Jamal Adams,SS,MIN,True,Inactive,IR,,LB,,FA,FA,FA,FA,PREDRAFT,4,0,0,0,0,True,False
4694,Jarrod Harper,SS,,True,Active,,,,,FA,FA,FA,FA,PREDRAFT,4,0,0,0,0,True,False
4430,Jason Thompson,SS,,True,Active,,,,,FA,FA,FA,FA,PREDRAFT,4,0,0,0,0,True,False
1806,Jaylen Watkins,SS,,True,Inactive,,,,,FA,FA,FA,FA,PREDRAFT,4,0,0,0,0,True,False
7058,Jaylinn Hawkins,SS,BAL,True,Active,,,FS,2,FA,FA,FA,FA,PREDRAFT,4,0,0,0,0,True,False
5958,JoJo McIntosh,SS,,True,Active,,,,,FA,FA,FA,FA,PREDRAFT,4,0,0,0,0,True,False
3950,Joe Powell,SS,,True,Active,,,,,FA,FA,FA,FA,PREDRAFT,4,0,0,0,0,True,False
1443,Johnathan Cyprien,SS,JAX,True,Active,,,,,FA,FA,FA,FA,PREDRAFT,4,0,0,0,0,True,False
1643,Jordan Dangerfield,SS,,True,Inactive,,,,,FA,FA,FA,FA,PREDRAFT,4,0,0,0,0,True,False
6207,Jordan Martin,SS,,True,Active,,,,,FA,FA,FA,FA,PREDRAFT,4,0,0,0,0,True,False
4737,Jordan Simone,SS,,True,Active,,,,,FA,FA,FA,FA,PREDRAFT,4,0,0,0,0,True,False
2551,Josh Furman,SS,,True,Active,,,,,FA,FA,FA,FA,PREDRAFT,4,0,0,0,0,True,False
6583,Joshua Moon,SS,,True,Active,,,,,FA,FA,FA,FA,PREDRAFT,4,0,0,0,0,True,False
4096,Justin Evans,SS,,True,Active,,,,,FA,FA,FA,FA,PREDRAFT,4,0,0,0,0,True,False
4906,Kacy Rodgers,SS,,True,Active,,,,,FA,FA,FA,FA,PREDRAFT,4,0,0,0,0,True,False
1542,Kemal Ishmael,SS,,True,Active,,,,,FA,FA,FA,FA,PREDRAFT,4,0,0,0,0,True,False
1556,Kenny Vaccaro,SS,,True,Injured Reserve,,,,,FA,FA,FA,FA,PREDRAFT,4,0,0,0,0,True,False
3442,Lamarcus Brutus,SS,,True,Active,,,,,FA,FA,FA,FA,PREDRAFT,4,0,0,0,0,True,False
2607,Landon Feichter,SS,,True,Active,,,,,FA,FA,FA,FA,PREDRAFT,4,0,0,0,0,True,False
444,Malcolm Jenkins,SS,NO,True,Active,,,,,FA,FA,FA,FA,PREDRAFT,4,0,0,0,0,True,False
4781,Malik Golden,SS,,True,Active,,,,,FA,FA,FA,FA,PREDRAFT,4,0,0,0,0,True,False
4618,Malik Smith,SS,,True,Inactive,,,,,FA,FA,FA,FA,PREDRAFT,4,0,0,0,0,True,False
4292,Marcelis Branch,SS,,True,Active,,,,,FA,FA,FA,FA,PREDRAFT,4,0,0,0,0,True,False
4182,Montae Nicholson,SS,,True,Active,,,,,FA,FA,FA,FA,PREDRAFT,4,0,0,0,0,True,False
597,Morgan Burnett,SS,,True,Injured Reserve,,,,,FA,FA,FA,FA,PREDRAFT,4,0,0,0,0,True,False
5630,Nick Orr,SS,,True,Active,,,,,FA,FA,FA,FA,PREDRAFT,4,0,0,0,0,True,False
4590,Orion Stewart,SS,,True,Active,,,,,FA,FA,FA,FA,PREDRAFT,4,0,0,0,0,True,False
1613,Otha Foster,SS,,True,Active,,,,,FA,FA,FA,FA,PREDRAFT,4,0,0,0,0,True,False
6350,Parker Baldwin,SS,,True,Active,,,,,FA,FA,FA,FA,PREDRAFT,4,0,0,0,0,True,False
343,Patrick Chung,SS,,True,Injured Reserve,,,,,FA,FA,FA,FA,PREDRAFT,4,0,0,0,0,True,False
4302,Quincy Mauger,SS,,True,Active,,,,,FA,FA,FA,FA,PREDRAFT,4,0,0,0,0,True,False
5527,Ramon Richards,SS,,True,Active,,,,,FA,FA,FA,FA,PREDRAFT,4,0,0,0,0,True,False
4484,Raysean Pringle,SS,,True,Active,,,,,FA,FA,FA,FA,PREDRAFT,4,0,0,0,0,True,False
4447,Rickey Jefferson,SS,,True,Active,,,,,FA,FA,FA,FA,PREDRAFT,4,0,0,0,0,True,False
5655,Ryan Neal,SS,,True,Active,,,,,FA,FA,FA,FA,PREDRAFT,4,0,0,0,0,True,False
8686,Scott Nelson,SS,,True,Active,,,,,FA,FA,FA,FA,PREDRAFT,4,0,0,0,0,True,False
4266,Shalom Luani,SS,,True,Active,,,,,FA,FA,FA,FA,PREDRAFT,4,0,0,0,0,True,False
5654,Stephen Roberts,SS,,True,Active,,,,,FA,FA,FA,FA,PREDRAFT,4,0,0,0,0,True,False
5585,T.J. Mutcherson,SS,,True,Active,,,,,FA,FA,FA,FA,PREDRAFT,4,0,0,0,0,True,False
5467,Tigie Sankoh,SS,,True,Active,,,,,FA,FA,FA,FA,PREDRAFT,4,0,0,0,0,True,False
6319,Tyree Kinnel,SS,,True,Active,,,,,FA,FA,FA,FA,PREDRAFT,4,0,0,0,0,True,False
4692,Tyson Graham,SS,,True,Active,,,,,FA,FA,FA,FA,PREDRAFT,4,0,0,0,0,True,False
3562,Tyvis Powell,SS,,True,Active,,,,,FA,FA,FA,FA,PREDRAFT,4,0,0,0,0,True,False
1818,Walt Aikens,SS,,True,Active,,,,,FA,FA,FA,FA,PREDRAFT,4,0,0,0,0,True,False
8415,Haggai Ndubuisi,T,,True,Active,,,,,FA,FA,FA,FA,PREDRAFT,4,0,0,0,0,True,False
6633,Matt Nelson,T,,True,Active,Questionable,,,,FA,FA,FA,FA,PREDRAFT,4,0,0,0,0,True,False
4384,Aaron Peck,TE,,True,Active,,,,,FA,FA,FA,FA,PREDRAFT,4,0,0,0,0,True,False
4085,Adam Shaheen,TE,,True,Inactive,,,,,FA,FA,FA,FA,PREDRAFT,4,0,0,0,0,True,False
6869,Adam Trautman,TE,DEN,True,Active,,,TE,2,FA,FA,FA,FA,PREDRAFT,4,0,0,0,0,True,False
4768,Adam Zaruba,TE,,True,Inactive,,,,,FA,FA,FA,FA,PREDRAFT,4,0,0,0,0,True,False
13777,Ademola Faleye,TE,,True,Active,,,,,FA,FA,FA,FA,PREDRAFT,4,0,0,0,0,True,False
6843,Albert Okwuegbunam,TE,,True,Active,,,,,FA,FA,FA,FA,PREDRAFT,4,0,0,0,0,True,False
5385,Alec Bloom,TE,,True,Active,,,,,FA,FA,FA,FA,PREDRAFT,4,0,0,0,0,True,False
12085,Alec Holler,TE,,True,Active,,,,,FA,FA,FA,FA,PREDRAFT,4,0,0,0,0,True,False
3824,Alex Ellis,TE,,True,Active,,,,,FA,FA,FA,FA,PREDRAFT,4,0,0,0,0,True,False
4733,Alex Gray,TE,,True,Inactive,,,,,FA,FA,FA,FA,PREDRAFT,4,0,0,0,0,True,False
12340,Alex Larson,TE,,True,Active,,,,,FA,FA,FA,FA,PREDRAFT,4,0,0,0,0,True,False
5975,Alize Mack,TE,,True,Active,,,,,FA,FA,FA,FA,PREDRAFT,4,0,0,0,0,True,False
2756,Andrew Gleichert,TE,,True,Active,,,,,FA,FA,FA,FA,PREDRAFT,4,0,0,0,0,True,False
4832,Andrew Price,TE,,True,Active,,,,,FA,FA,FA,FA,PREDRAFT,4,0,0,0,0,True,False
5156,Andrew Vollert,TE,,True,Active,,,,,FA,FA,FA,FA,PREDRAFT,4,0,0,0,0,True,False
4435,Anthony Firkser,TE,,True,Inactive,Questionable,,,,FA,FA,FA,FA,PREDRAFT,4,0,0,0,0,True,False
12786,Anthony Landphere,TE,,True,Active,,,,,FA,FA,FA,FA,PREDRAFT,4,0,0,0,0,True,False
5358,Anthony Manzo-Lewis,TE,,True,Active,,,,,FA,FA,FA,FA,PREDRAFT,4,0,0,0,0,True,False
13005,Anthony Torres,TE,,True,Active,Questionable,,,,FA,FA,FA,FA,PREDRAFT,4,0,0,0,0,True,False
6906,Antonio Gandy-Golden,TE,,True,Active,,,,,FA,FA,FA,FA,PREDRAFT,4,0,0,0,0,True,False
4468,Antony Auclair,TE,,True,Active,,,,,FA,FA,FA,FA,PREDRAFT,4,0,0,0,0,True,False
8665,Armani Rogers,TE,,True,Active,,,,,FA,FA,FA,FA,PREDRAFT,4,0,0,0,0,True,False
7864,Artayvious Lynn,TE,,True,Active,,,,,FA,FA,FA,FA,PREDRAFT,4,0,0,0,0,True,False
8215,Austin Allen,TE,,True,Active,,,,,FA,FA,FA,FA,PREDRAFT,4,0,0,0,0,True,False
6396,Austin Fort,TE,,True,Active,,,,,FA,FA,FA,FA,PREDRAFT,4,0,0,0,0,True,False
3202,Austin Hooper,TE,ATL,True,Active,,,TE,2,FA,FA,FA,FA,PREDRAFT,4,0,0,0,0,True,False
5751,Austin Roberts,TE,,True,Active,,,,,FA,FA,FA,FA,PREDRAFT,4,0,0,0,0,True,False
12212,Austin Stogner,TE,,True,Active,,,,,FA,FA,FA,FA,PREDRAFT,4,0,0,0,0,True,False
4744,Barrett Burns,TE,BAL,True,Active,,,,,FA,FA,FA,FA,PREDRAFT,4,0,0,0,0,True,False
12256,Baylor Cupp,TE,,True,Active,,,,,FA,FA,FA,FA,PREDRAFT,4,0,0,0,0,True,False
2909,Beau Gardner,TE,,True,Active,,,,,FA,FA,FA,FA,PREDRAFT,4,0,0,0,0,True,False
3407,Beau Sandland,TE,,True,Active,,,,,FA,FA,FA,FA,PREDRAFT,4,0,0,0,0,True,False
8864,Ben Beise,TE,,True,Active,,,,,FA,FA,FA,FA,PREDRAFT,4,0,0,0,0,True,False
3465,Ben Braunecker,TE,,True,Active,,,,,FA,FA,FA,FA,PREDRAFT,4,0,0,0,0,True,False
7288,Ben Ellefson,TE,,True,Active,,,,,FA,FA,FA,FA,PREDRAFT,4,0,0,0,0,True,False
5268,Ben Johnson,TE,,True,Active,,,,,FA,FA,FA,FA,PREDRAFT,4,0,0,0,0,True,False
2528,Ben Koyack,TE,,True,Active,,,,,FA,FA,FA,FA,PREDRAFT,4,0,0,0,0,True,False
11082,Ben Sims,TE,MIA,True,Inactive,IR,,TE,5,FA,FA,FA,FA,PREDRAFT,4,0,0,0,0,True,False
13121,Ben Yurosek,TE,MIN,True,Active,,,TE,3,FA,FA,FA,FA,PREDRAFT,4,0,0,0,0,True,False
663,Benjamin Watson,TE,,True,Injured Reserve,,,,,FA,FA,FA,FA,PREDRAFT,4,0,0,0,0,True,False
8033,Bernhard Seikovits,TE,,True,Active,,,,,FA,FA,FA,FA,PREDRAFT,4,0,0,0,0,True,False
4650,Billy Brown,TE,,True,Active,,,,,FA,FA,FA,FA,PREDRAFT,4,0,0,0,0,True,False
2422,Blake Bell,TE,,True,Active,,,,,FA,FA,FA,FA,PREDRAFT,4,0,0,0,0,True,False
4571,Blake Jarwin,TE,,True,Active,,,,,FA,FA,FA,FA,PREDRAFT,4,0,0,0,0,True,False
5264,Blake Mack,TE,,True,Active,,,,,FA,FA,FA,FA,PREDRAFT,4,0,0,0,0,True,False
11201,Blake Whiteheart,TE,CLE,True,Active,,,TE,2,FA,FA,FA,FA,PREDRAFT,4,0,0,0,0,True,False
1269,Bradley Sowell,TE,,True,Active,,,,,FA,FA,FA,FA,PREDRAFT,4,0,0,0,0,True,False
4593,Brandon Barnes,TE,,True,Active,,,,,FA,FA,FA,FA,PREDRAFT,4,0,0,0,0,True,False
6279,Brandon Dillon,TE,,True,Inactive,,,,,FA,FA,FA,FA,PREDRAFT,4,0,0,0,0,True,False
13972,Brandon Frazier,TE,,True,Active,,,,,FA,FA,FA,FA,PREDRAFT,4,0,0,0,0,True,False
8105,Brayden Lenius,TE,,True,Active,,,,,FA,FA,FA,FA,PREDRAFT,4,0,0,0,0,True,False
10224,Brayden Willis,TE,SF,True,Active,Questionable,,TE,4,FA,FA,FA,FA,PREDRAFT,4,0,0,0,0,True,False
12374,Brenden Bates,TE,,True,Inactive,Questionable,,,,FA,FA,FA,FA,PREDRAFT,4,0,0,0,0,True,False
14017,Brett Weaver,TE,,True,Active,,,,,FA,FA,FA,FA,PREDRAFT,4,0,0,0,0,True,False
7568,Brevin Jordan,TE,HOU,True,Active,Questionable,,TE,5,FA,FA,FA,FA,PREDRAFT,4,0,0,0,0,True,False
11593,Brevyn Spann-Ford,TE,DAL,True,Active,,,TE,3,FA,FA,FA,FA,PREDRAFT,4,0,0,0,0,True,False
2917,Brian Vogler,TE,,True,Active,,,,,FA,FA,FA,FA,PREDRAFT,4,0,0,0,0,True,False
11385,Brian Walker,TE,,True,Active,,,,,FA,FA,FA,FA,PREDRAFT,4,0,0,0,0,True,False
7903,Briley Moore,TE,,True,Active,,,,,FA,FA,FA,FA,PREDRAFT,4,0,0,0,0,True,False
7891,Brock Wright,TE,DET,True,Active,,,TE,2,FA,FA,FA,FA,PREDRAFT,4,0,0,0,0,True,False
3239,Bronson Kaufusi,TE,GB,True,Active,,,,,FA,FA,FA,FA,PREDRAFT,4,0,0,0,0,True,False
7734,Bruno Labelle,TE,,True,Active,,,,,FA,FA,FA,FA,PREDRAFT,4,0,0,0,0,True,False
12959,Bryce Pierre,TE,,True,Inactive,,,,,FA,FA,FA,FA,PREDRAFT,4,0,0,0,0,True,False
7353,Bryce Sterk,TE,,True,Inactive,,,,,FA,FA,FA,FA,PREDRAFT,4,0,0,0,0,True,False
3561,Bryce Williams,TE,,True,Active,,,,,FA,FA,FA,FA,PREDRAFT,4,0,0,0,0,True,False
6926,Brycen Hopkins,TE,,True,Active,,,,,FA,FA,FA,FA,PREDRAFT,4,0,0,0,0,True,False
12941,Bryson Nesbit,TE,MIN,True,Inactive,Questionable,,,,FA,FA,FA,FA,PREDRAFT,4,0,0,0,0,True,False
4184,Bucky Hodges,TE,,True,Active,,,,,FA,FA,FA,FA,PREDRAFT,4,0,0,0,0,True,False
4326,Bug Howard,TE,,True,Inactive,,,,,FA,FA,FA,FA,PREDRAFT,4,0,0,0,0,True,False
6501,C.J. Conrad,TE,,True,Active,,,,,FA,FA,FA,FA,PREDRAFT,4,0,0,0,0,True,False
2460,C.J. Uzomah,TE,,True,Active,,,,,FA,FA,FA,FA,PREDRAFT,4,0,0,0,0,True,False
12984,CJ Dippre,TE,TB,True,Active,,,,,FA,FA,FA,FA,PREDRAFT,4,0,0,0,0,True,False
8433,Cade Brewer,TE,,True,Active,,,,,FA,FA,FA,FA,PREDRAFT,4,0,0,0,0,True,False
11599,Cade Stover,TE,HOU,True,Active,,,TE,2,FA,FA,FA,FA,PREDRAFT,4,0,0,0,0,True,False
12933,Caden Prieskorn,TE,,True,Active,,,,,FA,FA,FA,FA,PREDRAFT,4,0,0,0,0,True,False
4621,Caleb Bluiett,TE,,True,Active,,,,,FA,FA,FA,FA,PREDRAFT,4,0,0,0,0,True,False
12735,Caleb Lohner,TE,DEN,True,Active,IR,,TE,5,FA,FA,FA,FA,PREDRAFT,4,0,0,0,0,True,False
7176,Caleb Repp,TE,,True,Active,,,,,FA,FA,FA,FA,PREDRAFT,4,0,0,0,0,True,False
6142,Caleb Wilson,TE,,True,Active,,,,,FA,FA,FA,FA,PREDRAFT,4,0,0,0,0,True,False
12062,Cam Grandy,TE,MIN,True,Active,,,,,FA,FA,FA,FA,PREDRAFT,4,0,0,0,0,True,False
5774,Cam Serigne,TE,,True,Active,,,,,FA,FA,FA,FA,PREDRAFT,4,0,0,0,0,True,False
7218,Cam Sutton,TE,,True,Active,,,,,FA,FA,FA,FA,PREDRAFT,4,0,0,0,0,True,False
2214,Cameron Brate,TE,,True,Active,,,,,FA,FA,FA,FA,PREDRAFT,4,0,0,0,0,True,False
2898,Cameron Clear,TE,,True,Active,,,,,FA,FA,FA,FA,PREDRAFT,4,0,0,0,0,True,False
10210,Cameron Latu,TE,NE,True,Active,,,TE,4,FA,FA,FA,FA,PREDRAFT,4,0,0,0,0,True,False
11213,Camren McDonald,TE,,True,Active,,,,,FA,FA,FA,FA,PREDRAFT,4,0,0,0,0,True,False
7926,Carl Tucker,TE,,True,Active,,,,,FA,FA,FA,FA,PREDRAFT,4,0,0,0,0,True,False
13580,Carsen Ryan,TE,CLE,True,Active,,,TE,3,FA,FA,FA,FA,PREDRAFT,4,0,0,0,0,True,False
6365,Carson Meier,TE,,True,Active,,,,,FA,FA,FA,FA,PREDRAFT,4,0,0,0,0,True,False
13407,Carson Towt,TE,IND,True,Inactive,IR,,TE,6,FA,FA,FA,FA,PREDRAFT,4,0,0,0,0,True,False
7624,Carson Williams,TE,,True,Inactive,,,,,FA,FA,FA,FA,PREDRAFT,4,0,0,0,0,True,False
13122,Carter Runyon,TE,LV,True,Active,IR,,TE,5,FA,FA,FA,FA,PREDRAFT,4,0,0,0,0,True,False
7735,Cary Angeline,TE,,True,Active,,,,,FA,FA,FA,FA,PREDRAFT,4,0,0,0,0,True,False
4362,Cethan Carter,TE,,True,Inactive,,,,,FA,FA,FA,FA,PREDRAFT,4,0,0,0,0,True,False
13280,Chamon Metayer,TE,,True,Active,,,,,FA,FA,FA,FA,PREDRAFT,4,0,0,0,0,True,False
801,Charles Clay,TE,,True,Active,,,,,FA,FA,FA,FA,PREDRAFT,4,0,0,0,0,True,False
6591,Charles Jones,TE,,True,Inactive,,,,,FA,FA,FA,FA,PREDRAFT,4,0,0,0,0,True,False
6487,Charles Scarff,TE,,True,Inactive,,,,,FA,FA,FA,FA,PREDRAFT,4,0,0,0,0,True,False
6932,Charlie Taumoepeau,TE,,True,Active,,,,,FA,FA,FA,FA,PREDRAFT,4,0,0,0,0,True,False
7075,Charlie Woerner,TE,ATL,True,Active,,,TE,3,FA,FA,FA,FA,PREDRAFT,4,0,0,0,0,True,False
8182,Chase Allen,TE,,True,Active,,,,,FA,FA,FA,FA,PREDRAFT,4,0,0,0,0,True,False
13839,Chase Curtis,TE,,True,Inactive,Questionable,,,,FA,FA,FA,FA,PREDRAFT,4,0,0,0,0,True,False
7481,Chase Harrell,TE,,True,Active,,,,,FA,FA,FA,FA,PREDRAFT,4,0,0,0,0,True,False
6982,Cheyenne O'Grady,TE,,True,Active,,,,,FA,FA,FA,FA,PREDRAFT,4,0,0,0,0,True,False
4874,Chris Bazile,TE,,True,Active,,,,,FA,FA,FA,FA,PREDRAFT,4,0,0,0,0,True,False
4004,Chris Briggs,TE,,True,Inactive,,,,,FA,FA,FA,FA,PREDRAFT,4,0,0,0,0,True,False
5009,Chris Herndon,TE,,True,Active,,,,,FA,FA,FA,FA,PREDRAFT,4,0,0,0,0,True,False
3048,Chris Manhertz,TE,NYG,True,Active,,,TE,3,FA,FA,FA,FA,PREDRAFT,4,0,0,0,0,True,False
6529,Chris Myarick,TE,LV,True,Active,,,,,FA,FA,FA,FA,PREDRAFT,4,0,0,0,0,True,False
8634,Chris Pierce,TE,,True,Active,,,,,FA,FA,FA,FA,PREDRAFT,4,0,0,0,0,True,False
5468,Christian Scotland-Williamson,TE,,True,Active,,,,,FA,FA,FA,FA,PREDRAFT,4,0,0,0,0,True,False
11155,Christian Sims,TE,,True,Active,,,,,FA,FA,FA,FA,PREDRAFT,4,0,0,0,0,True,False
11231,Christian Trahan,TE,,True,Active,,,,,FA,FA,FA,FA,PREDRAFT,4,0,0,0,0,True,False
2947,Clay Burton,TE,,True,Active,,,,,FA,FA,FA,FA,PREDRAFT,4,0,0,0,0,True,False
5733,Clayton Wilson,TE,,True,Active,,,,,FA,FA,FA,FA,PREDRAFT,4,0,0,0,0,True,False
2373,Clive Walford,TE,,True,Active,,,,,FA,FA,FA,FA,PREDRAFT,4,0,0,0,0,True,False
5269,Codey McElroy,TE,,True,Active,,,,,FA,FA,FA,FA,PREDRAFT,4,0,0,0,0,True,False
13834,Cody Hardy,TE,,True,Active,,,,,FA,FA,FA,FA,PREDRAFT,4,0,0,0,0,True,False
8840,Cole Fotheringham,TE,,True,Active,,,,,FA,FA,FA,FA,PREDRAFT,4,0,0,0,0,True,False
6460,Cole Herdman,TE,,True,Active,,,,,FA,FA,FA,FA,PREDRAFT,4,0,0,0,0,True,False
5231,Cole Hunt,TE,,True,Active,,,,,FA,FA,FA,FA,PREDRAFT,4,0,0,0,0,True,False
8214,Cole Turner,TE,MIA,True,Inactive,IR,,TE,4,FA,FA,FA,FA,PREDRAFT,4,0,0,0,0,True,False
12551,Colin Granger,TE,,True,Active,,,,,FA,FA,FA,FA,PREDRAFT,4,0,0,0,0,True,False
4327,Colin Jeter,TE,,True,Inactive,,,,,FA,FA,FA,FA,PREDRAFT,4,0,0,0,0,True,False
4647,Colin Thompson,TE,,True,Active,,,,,FA,FA,FA,FA,PREDRAFT,4,0,0,0,0,True,False
11942,Colson Yankoff,TE,WAS,True,Active,,,TE,5,FA,FA,FA,FA,PREDRAFT,4,0,0,0,0,True,False
7503,Connor Davis,TE,,True,Active,,,,,FA,FA,FA,FA,PREDRAFT,4,0,0,0,0,True,False
14069,Connor Hulstein,TE,,True,Inactive,Questionable,,,,FA,FA,FA,FA,PREDRAFT,4,0,0,0,0,True,False
8192,Curtis Hodges,TE,,True,Active,,,,,FA,FA,FA,FA,PREDRAFT,4,0,0,0,0,True,False
12973,DJ Thomas-Jones,TE,,True,Active,,,,,FA,FA,FA,FA,PREDRAFT,4,0,0,0,0,True,False
13331,Dae'Quan Wright,TE,,True,Active,,,,,FA,FA,FA,FA,PREDRAFT,4,0,0,0,0,True,False
13577,Dallen Bentley,TE,DEN,True,Active,,,TE,6,FA,FA,FA,FA,PREDRAFT,4,0,0,0,0,True,False
11606,Dallin Holker,TE,,True,Active,,,,,FA,FA,FA,FA,PREDRAFT,4,0,0,0,0,True,False
7082,Dalton Keene,TE,,True,Active,,,,,FA,FA,FA,FA,PREDRAFT,4,0,0,0,0,True,False
11262,Damien Caffrey,TE,,True,Active,,,,,FA,FA,FA,FA,PREDRAFT,4,0,0,0,0,True,False
4741,Dan Arnold,TE,,True,Active,,,,,FA,FA,FA,FA,PREDRAFT,4,0,0,0,0,True,False
3020,Dan Light,TE,,True,Active,,,,,FA,FA,FA,FA,PREDRAFT,4,0,0,0,0,True,False
13321,Dan Villari,TE,LAR,True,Active,,,,,FA,FA,FA,FA,PREDRAFT,4,0,0,0,0,True,False
8225,Daniel Bellinger,TE,TEN,True,Active,,,TE,2,FA,FA,FA,FA,PREDRAFT,4,0,0,0,0,True,False
2751,Daniel Brown,TE,,True,Inactive,,,,,FA,FA,FA,FA,PREDRAFT,4,0,0,0,0,True,False
8090,Daniel Crawford,TE,,True,Active,,,,,FA,FA,FA,FA,PREDRAFT,4,0,0,0,0,True,False
6089,Daniel Helm,TE,,True,Active,,,,,FA,FA,FA,FA,PREDRAFT,4,0,0,0,0,True,False
6762,Darion Clark,TE,,True,Inactive,,,,,FA,FA,FA,FA,PREDRAFT,4,0,0,0,0,True,False
3497,Darion Griswold,TE,,True,Active,,,,,FA,FA,FA,FA,PREDRAFT,4,0,0,0,0,True,False
4323,Darrell Daniels,TE,,True,Active,,,,,FA,FA,FA,FA,PREDRAFT,4,0,0,0,0,True,False
1592,Darren Fells,TE,TB,True,Active,,,,,FA,FA,FA,FA,PREDRAFT,4,0,0,0,0,True,False
12357,David Martin-Robinson,TE,TEN,True,Active,,,TE,5,FA,FA,FA,FA,PREDRAFT,4,0,0,0,0,True,False
3554,David Reeves,TE,,True,Active,,,,,FA,FA,FA,FA,PREDRAFT,4,0,0,0,0,True,False
5235,David Wells,TE,,True,Active,,,,,FA,FA,FA,FA,PREDRAFT,4,0,0,0,0,True,False
10214,Davis Allen,TE,LAR,True,Active,Questionable,,TE,4,FA,FA,FA,FA,PREDRAFT,4,0,0,0,0,True,False
6469,Davis Koppenhaver,TE,,True,Active,,,,,FA,FA,FA,FA,PREDRAFT,4,0,0,0,0,True,False
5906,Dawson Knox,TE,BUF,True,Active,,,TE,2,FA,FA,FA,FA,PREDRAFT,4,0,0,0,0,True,False
6016,Dax Raymond,TE,PIT,True,Active,,,,,FA,FA,FA,FA,PREDRAFT,4,0,0,0,0,True,False
4940,DeSean Smith,TE,,True,Active,,,,,FA,FA,FA,FA,PREDRAFT,4,0,0,0,0,True,False
13888,DeShawn Hanika,TE,,True,Active,,,,,FA,FA,FA,FA,PREDRAFT,4,0,0,0,0,True,False
8102,DeShon Williams,TE,,True,Active,,,,,FA,FA,FA,FA,PREDRAFT,4,0,0,0,0,True,False
284,Delanie Walker,TE,,True,Active,,,,,FA,FA,FA,FA,PREDRAFT,4,0,0,0,0,True,False
1619,Demetrius Harris,TE,,True,Active,,,,,FA,FA,FA,FA,PREDRAFT,4,0,0,0,0,True,False
5277,Deon Yelder,TE,,True,Active,,,,,FA,FA,FA,FA,PREDRAFT,4,0,0,0,0,True,False
1718,Derek Carrier,TE,,True,Active,,,,,FA,FA,FA,FA,PREDRAFT,4,0,0,0,0,True,False
8245,Derrick Deese,TE,,True,Active,,,,,FA,FA,FA,FA,PREDRAFT,4,0,0,0,0,True,False
6956,Devin Asiasi,TE,,True,Active,,,,,FA,FA,FA,FA,PREDRAFT,4,0,0,0,0,True,False
11820,Devin Culp,TE,TB,True,Active,,,,,FA,FA,FA,FA,PREDRAFT,4,0,0,0,0,True,False
2346,Devin Funchess,TE,,True,Active,,,,,FA,FA,FA,FA,PREDRAFT,4,0,0,0,0,True,False
2922,Devin Mahina,TE,,True,Active,,,,,FA,FA,FA,FA,PREDRAFT,4,0,0,0,0,True,False
12443,Devon Garrison,TE,,True,Active,,,,,FA,FA,FA,FA,PREDRAFT,4,0,0,0,0,True,False
6993,Dominick Wood-Anderson,TE,,True,Active,,,,,FA,FA,FA,FA,PREDRAFT,4,0,0,0,0,True,False
7502,Dominique Dafney,TE,,True,Active,,,,,FA,FA,FA,FA,PREDRAFT,4,0,0,0,0,True,False
6074,Donald Parham,TE,,True,Active,,,,,FA,FA,FA,FA,PREDRAFT,4,0,0,0,0,True,False
13210,Drake Dabney,TE,GB,True,Active,,,,,FA,FA,FA,FA,PREDRAFT,4,0,0,0,0,True,False
8760,Dre Miller,TE,,True,Active,,,,,FA,FA,FA,FA,PREDRAFT,4,0,0,0,0,True,False
6374,Drew Belcher,TE,,True,Active,,,,,FA,FA,FA,FA,PREDRAFT,4,0,0,0,0,True,False
14068,Drew Biber,TE,,True,Active,,,,,FA,FA,FA,FA,PREDRAFT,4,0,0,0,0,True,False
8489,Drew Ogletree,TE,IND,True,Active,,,TE,3,FA,FA,FA,FA,PREDRAFT,4,0,0,0,0,True,False
6001,Drew Sample,TE,CIN,True,Active,,,TE,3,FA,FA,FA,FA,PREDRAFT,4,0,0,0,0,True,False
5008,Durham Smythe,TE,BAL,True,Active,,,TE,2,FA,FA,FA,FA,PREDRAFT,4,0,0,0,0,True,False
5103,Dylan Cantrell,TE,,True,Active,,,,,FA,FA,FA,FA,PREDRAFT,4,0,0,0,0,True,False
12107,Dylan Leonard,TE,,True,Active,,,,,FA,FA,FA,FA,PREDRAFT,4,0,0,0,0,True,False
8751,Dylan Parham,TE,,True,Active,,,,,FA,FA,FA,FA,PREDRAFT,4,0,0,0,0,True,False
7905,Dylan Soehner,TE,,True,Active,,,,,FA,FA,FA,FA,PREDRAFT,4,0,0,0,0,True,False
7272,Dylan Stapleton,TE,,True,Inactive,,,,,FA,FA,FA,FA,PREDRAFT,4,0,0,0,0,True,False
11304,E.J. Jenkins,TE,PHI,True,Active,,,TE,5,FA,FA,FA,FA,PREDRAFT,4,0,0,0,0,True,False
12354,Easton Dean,TE,,True,Active,,,,,FA,FA,FA,FA,PREDRAFT,4,0,0,0,0,True,False
13100,Eli Wilson,TE,,True,Active,,,,,FA,FA,FA,FA,PREDRAFT,4,0,0,0,0,True,False
7065,Eli Wolf,TE,,True,Inactive,,,,,FA,FA,FA,FA,PREDRAFT,4,0,0,0,0,True,False
10231,Elijah Higgins,TE,ARI,True,Active,,,TE,2,FA,FA,FA,FA,PREDRAFT,4,0,0,0,0,True,False
6462,Ellis Richardson,TE,,True,Active,,,,,FA,FA,FA,FA,PREDRAFT,4,0,0,0,0,True,False
13772,Eni Falayi,TE,,True,Active,,,,,FA,FA,FA,FA,PREDRAFT,4,0,0,0,0,True,False
2118,Eric Ebron,TE,PIT,True,Inactive,,,,,FA,FA,FA,FA,PREDRAFT,4,0,0,0,0,True,False
2932,Eric Frohnapfel,TE,,True,Active,,,,,FA,FA,FA,FA,PREDRAFT,4,0,0,0,0,True,False
4189,Eric Saubert,TE,SEA,True,Active,,,TE,3,FA,FA,FA,FA,PREDRAFT,4,0,0,0,0,True,False
2755,Eric Tomlinson,TE,,True,Active,,,,,FA,FA,FA,FA,PREDRAFT,4,0,0,0,0,True,False
3908,Eric Wallace,TE,,True,Active,,,,,FA,FA,FA,FA,PREDRAFT,4,0,0,0,0,True,False
8575,Erik Krommenhoek,TE,,True,Active,,,,,FA,FA,FA,FA,PREDRAFT,4,0,0,0,0,True,False
2957,Ernst Brun,TE,,True,Active,,,,,FA,FA,FA,FA,PREDRAFT,4,0,0,0,0,True,False
13661,Ethan Conner,TE,,True,Active,,,,,FA,FA,FA,FA,PREDRAFT,4,0,0,0,0,True,False
5196,Ethan Wolf,TE,,True,Active,,,,,FA,FA,FA,FA,PREDRAFT,4,0,0,0,0,True,False
4605,Evan Baylis,TE,,True,Active,,,,,FA,FA,FA,FA,PREDRAFT,4,0,0,0,0,True,False
13630,Evan Svoboda,TE,LAC,True,Active,,,,,FA,FA,FA,FA,PREDRAFT,4,0,0,0,0,True,False
7483,Farrod Green,TE,,True,Active,,,,,FA,FA,FA,FA,PREDRAFT,4,0,0,0,0,True,False
7531,Feleipe Franks,TE,CAR,True,Active,,,TE,5,FA,FA,FA,FA,PREDRAFT,4,0,0,0,0,True,False
5985,Foster Moreau,TE,HOU,True,Active,,,TE,4,FA,FA,FA,FA,PREDRAFT,4,0,0,0,0,True,False
4930,Franko House,TE,CHI,True,Active,,,,,FA,FA,FA,FA,PREDRAFT,4,0,0,0,0,True,False
3045,Gannon Sinclair,TE,,True,Active,,,,,FA,FA,FA,FA,PREDRAFT,4,0,0,0,0,True,False
1223,Garrett Celek,TE,,True,Injured Reserve,,,,,FA,FA,FA,FA,PREDRAFT,4,0,0,0,0,True,False
5756,Garrett Dickerson,TE,,True,Active,,,,,FA,FA,FA,FA,PREDRAFT,4,0,0,0,0,True,False
3894,Garrett Griffin,TE,,True,Active,,,,,FA,FA,FA,FA,PREDRAFT,4,0,0,0,0,True,False
5750,Garrett Hudson,TE,,True,Active,,,,,FA,FA,FA,FA,PREDRAFT,4,0,0,0,0,True,False
8621,Garrett Walston,TE,,True,Active,,,,,FA,FA,FA,FA,PREDRAFT,4,0,0,0,0,True,False
12700,Gavin Bartholomew,TE,MIN,True,Active,,,TE,5,FA,FA,FA,FA,PREDRAFT,4,0,0,0,0,True,False
12981,Gee Scott,TE,,True,Inactive,Questionable,,,,FA,FA,FA,FA,PREDRAFT,4,0,0,0,0,True,False
2545,Geoff Swaim,TE,,True,Active,,,,,FA,FA,FA,FA,PREDRAFT,4,0,0,0,0,True,False
12435,Geor'Quarius Spivey,TE,,True,Active,,,,,FA,FA,FA,FA,PREDRAFT,4,0,0,0,0,True,False
4089,Gerald Everett,TE,,True,Active,,,,,FA,FA,FA,FA,PREDRAFT,4,0,0,0,0,True,False
8247,Gerrit Prince,TE,,True,Active,,,,,FA,FA,FA,FA,PREDRAFT,4,0,0,0,0,True,False
8095,Graham Adomitis,TE,,True,Active,,,,,FA,FA,FA,FA,PREDRAFT,4,0,0,0,0,True,False
8177,Grant Calcaterra,TE,PHI,True,Inactive,IR,,TE,4,FA,FA,FA,FA,PREDRAFT,4,0,0,0,0,True,False
8638,Grayson Gunter,TE,,True,Active,,,,,FA,FA,FA,FA,PREDRAFT,4,0,0,0,0,True,False
11224,Griffin Hebert,TE,,True,Active,,,,,FA,FA,FA,FA,PREDRAFT,4,0,0,0,0,True,False
13251,Gunnar Oakes,TE,,True,Active,,,,,FA,FA,FA,FA,PREDRAFT,4,0,0,0,0,True,False
5886,Hakeem Butler,TE,,True,Active,,,,,FA,FA,FA,FA,PREDRAFT,4,0,0,0,0,True,False
6439,Hale Hentges,TE,,True,Injured Reserve,,,,,FA,FA,FA,FA,PREDRAFT,4,0,0,0,0,True,False
2770,Harold Spears,TE,,True,Active,,,,,FA,FA,FA,FA,PREDRAFT,4,0,0,0,0,True,False
6850,Harrison Bryant,TE,,True,Active,Questionable,,,,FA,FA,FA,FA,PREDRAFT,4,0,0,0,0,True,False
4973,Hayden Hurst,TE,,True,Active,,,,,FA,FA,FA,FA,PREDRAFT,4,0,0,0,0,True,False
13712,Hayden Large,TE,CHI,True,Inactive,IR,,TE,7,FA,FA,FA,FA,PREDRAFT,4,0,0,0,0,True,False
12389,Hayden Rucci,TE,JAX,True,Active,,,,,FA,FA,FA,FA,PREDRAFT,4,0,0,0,0,True,False
14047,Heinrich Haarberg,TE,,True,Active,,,,,FA,FA,FA,FA,PREDRAFT,4,0,0,0,0,True,False
6846,Hunter Bryant,TE,,True,Active,,,,,FA,FA,FA,FA,PREDRAFT,4,0,0,0,0,True,False
7938,Hunter Kampmoyer,TE,,True,Active,,,,,FA,FA,FA,FA,PREDRAFT,4,0,0,0,0,True,False
7535,Hunter Long,TE,ARI,True,Active,,,TE,3,FA,FA,FA,FA,PREDRAFT,4,0,0,0,0,True,False
7522,Hunter Thedford,TE,,True,Active,,,,,FA,FA,FA,FA,PREDRAFT,4,0,0,0,0,True,False
6308,Ian Bunting,TE,,True,Active,,,,,FA,FA,FA,FA,PREDRAFT,4,0,0,0,0,True,False
4995,Ian Thomas,TE,LV,True,Active,,,TE,3,FA,FA,FA,FA,PREDRAFT,4,0,0,0,0,True,False
6126,Irv Smith,TE,,True,Inactive,Questionable,,,,FA,FA,FA,FA,PREDRAFT,4,0,0,0,0,True,False
5957,Isaac Nauta,TE,GB,True,Inactive,,,,,FA,FA,FA,FA,PREDRAFT,4,0,0,0,0,True,False
12126,Isaac Rex,TE,,True,Active,,,,,FA,FA,FA,FA,PREDRAFT,4,0,0,0,0,True,False
6618,Isaiah Searight,TE,,True,Active,,,,,FA,FA,FA,FA,PREDRAFT,4,0,0,0,0,True,False
11524,Izaiah Gathings,TE,,True,Active,,,,,FA,FA,FA,FA,PREDRAFT,4,0,0,0,0,True,False
3695,J.P. Holtz,TE,,True,Active,,,,,FA,FA,FA,FA,PREDRAFT,4,0,0,0,0,True,False
12975,JJ Galbreath,TE,,True,Active,,,,,FA,FA,FA,FA,PREDRAFT,4,0,0,0,0,True,False
8884,JJ Howland,TE,,True,Active,,,,,FA,FA,FA,FA,PREDRAFT,4,0,0,0,0,True,False
6139,Jace Sternberger,TE,,True,Active,,,,,FA,FA,FA,FA,PREDRAFT,4,0,0,0,0,True,False
1706,Jack Doyle,TE,IND,True,Active,,,,,FA,FA,FA,FA,PREDRAFT,4,0,0,0,0,True,False
7946,Jack Stoll,TE,,True,Inactive,Questionable,,,,FA,FA,FA,FA,PREDRAFT,4,0,0,0,0,True,False
13846,Jack Velling,TE,ATL,True,Active,,,,,FA,FA,FA,FA,PREDRAFT,4,0,0,0,0,True,False
12045,Jack Westover,TE,WAS,True,Active,,,,,FA,FA,FA,FA,PREDRAFT,4,0,0,0,0,True,False
6728,Jackson Harris,TE,,True,Active,,,,,FA,FA,FA,FA,PREDRAFT,4,0,0,0,0,True,False
12658,Jackson Hawes,TE,BUF,True,Active,,,TE,3,FA,FA,FA,FA,PREDRAFT,4,0,0,0,0,True,False
12938,Jackson Meeks,TE,DET,True,Active,,,TE,4,FA,FA,FA,FA,PREDRAFT,4,0,0,0,0,True,False
7015,Jacob Breeland,TE,,True,Active,,,,,FA,FA,FA,FA,PREDRAFT,4,0,0,0,0,True,False
4421,Jacob Hollister,TE,,True,Active,,,,,FA,FA,FA,FA,PREDRAFT,4,0,0,0,0,True,False
12118,Jacob Warren,TE,,True,Active,,,,,FA,FA,FA,FA,PREDRAFT,4,0,0,0,0,True,False
5754,Jaeden Graham,TE,,True,Inactive,,,,,FA,FA,FA,FA,PREDRAFT,4,0,0,0,0,True,False
11605,Jaheim Bell,TE,,True,Active,,,,,FA,FA,FA,FA,PREDRAFT,4,0,0,0,0,True,False
12817,Jake Briningstool,TE,KC,True,Active,,,TE,4,FA,FA,FA,FA,PREDRAFT,4,0,0,0,0,True,False
7460,Jake Burt,TE,,True,Active,,,,,FA,FA,FA,FA,PREDRAFT,4,0,0,0,0,True,False
4151,Jake Butt,TE,,True,Injured Reserve,,,,,FA,FA,FA,FA,PREDRAFT,4,0,0,0,0,True,False
8061,Jake Hausmann,TE,,True,Active,,,,,FA,FA,FA,FA,PREDRAFT,4,0,0,0,0,True,False
3514,Jake McGee,TE,,True,Active,,,,,FA,FA,FA,FA,PREDRAFT,4,0,0,0,0,True,False
6260,Jake Powell,TE,,True,Active,,,,,FA,FA,FA,FA,PREDRAFT,4,0,0,0,0,True,False
5246,Jake Roh,TE,,True,Active,,,,,FA,FA,FA,FA,PREDRAFT,4,0,0,0,0,True,False
8115,Jalen Wydermyer,TE,,True,Active,,,,,FA,FA,FA,FA,PREDRAFT,4,0,0,0,0,True,False
12866,Jalin Conyers,TE,,True,Active,,,,,FA,FA,FA,FA,PREDRAFT,4,0,0,0,0,True,False
8741,Jamal Pettigrew,TE,,True,Active,,,,,FA,FA,FA,FA,PREDRAFT,4,0,0,0,0,True,False
5322,James Looney,TE,,True,Active,,,,,FA,FA,FA,FA,PREDRAFT,4,0,0,0,0,True,False
8170,James Mitchell,TE,DAL,True,Active,,,,,FA,FA,FA,FA,PREDRAFT,4,0,0,0,0,True,False
2476,James O'Shaughnessy,TE,,True,Active,,,,,FA,FA,FA,FA,PREDRAFT,4,0,0,0,0,True,False
13879,Jameson Geers,TE,ARI,True,Inactive,IR,,TE,7,FA,FA,FA,FA,PREDRAFT,4,0,0,0,0,True,False
367,Jared Cook,TE,,True,Active,,,,,FA,FA,FA,FA,PREDRAFT,4,0,0,0,0,True,False
6834,Jared Pinkney,TE,,True,Inactive,,,,,FA,FA,FA,FA,PREDRAFT,4,0,0,0,0,True,False
7317,Jared Rice,TE,,True,Active,,,,,FA,FA,FA,FA,PREDRAFT,4,0,0,0,0,True,False
8878,Jared Scott,TE,,True,Active,,,,,FA,FA,FA,FA,PREDRAFT,4,0,0,0,0,True,False
11595,Jared Wiley,TE,KC,True,Active,,,TE,3,FA,FA,FA,FA,PREDRAFT,4,0,0,0,0,True,False
4536,Jason Croom,TE,,True,Active,,,,,FA,FA,FA,FA,PREDRAFT,4,0,0,0,0,True,False
5217,Jason Reese,TE,,True,Active,,,,,FA,FA,FA,FA,PREDRAFT,4,0,0,0,0,True,False
3774,Jason Vander Laan,TE,,True,Inactive,,,,,FA,FA,FA,FA,PREDRAFT,4,0,0,0,0,True,False
23,Jason Witten,TE,,True,Injured Reserve,,,,,FA,FA,FA,FA,PREDRAFT,4,0,0,0,0,True,False
2565,Jean Sifrin,TE,,True,Active,,,,,FA,FA,FA,FA,PREDRAFT,4,0,0,0,0,True,False
2397,Jeff Heuerman,TE,,True,Active,,,,,FA,FA,FA,FA,PREDRAFT,4,0,0,0,0,True,False
8219,Jelani Woods,TE,NYJ,True,Active,,,TE,4,FA,FA,FA,FA,PREDRAFT,4,0,0,0,0,True,False
3340,Jerell Adams,TE,,True,Active,,,,,FA,FA,FA,FA,PREDRAFT,4,0,0,0,0,True,False
14061,Jeremiah Franklin,TE,,True,Active,,,,,FA,FA,FA,FA,PREDRAFT,4,0,0,0,0,True,False
8203,Jeremiah Hall,TE,,True,Active,,,,,FA,FA,FA,FA,PREDRAFT,4,0,0,0,0,True,False
8145,Jeremy Ruckert,TE,NYJ,True,Active,,,TE,3,FA,FA,FA,FA,PREDRAFT,4,0,0,0,0,True,False
4221,Jeremy Sprinkle,TE,,True,Inactive,,,,,FA,FA,FA,FA,PREDRAFT,4,0,0,0,0,True,False
13129,Jermaine Terry,TE,,True,Active,,,,,FA,FA,FA,FA,PREDRAFT,4,0,0,0,0,True,False
2304,Jerome Cunningham,TE,,True,Active,,,,,FA,FA,FA,FA,PREDRAFT,4,0,0,0,0,True,False
6375,Jerome Washington,TE,,True,Active,,,,,FA,FA,FA,FA,PREDRAFT,4,0,0,0,0,True,False
6075,Jesper Horsted,TE,,True,Active,,,,,FA,FA,FA,FA,PREDRAFT,4,0,0,0,0,True,False
2463,Jesse James,TE,,True,Active,,,,,FA,FA,FA,FA,PREDRAFT,4,0,0,0,0,True,False
4864,Jevoni Robinson,TE,,True,Inactive,,,,,FA,FA,FA,FA,PREDRAFT,4,0,0,0,0,True,False
8039,Jibri Blount,TE,,True,Active,,,,,FA,FA,FA,FA,PREDRAFT,4,0,0,0,0,True,False
12834,Jimmy Bell,TE,,True,Active,,,,,FA,FA,FA,FA,PREDRAFT,4,0,0,0,0,True,False
616,Jimmy Graham,TE,,True,Active,,,,,FA,FA,FA,FA,PREDRAFT,4,0,0,0,0,True,False
12095,Jjay Mcafee,TE,,True,Active,,,,,FA,FA,FA,FA,PREDRAFT,4,0,0,0,0,True,False
6665,Jody Fortson,TE,,True,Active,,,,,FA,FA,FA,FA,PREDRAFT,4,0,0,0,0,True,False
13435,Joe Royer,TE,CLE,True,Active,PUP,,TE,5,FA,FA,FA,FA,PREDRAFT,4,0,0,0,0,True,False
11197,Joel Honigford,TE,,True,Active,,,,,FA,FA,FA,FA,PREDRAFT,4,0,0,0,0,True,False
11113,Joel Wilson,TE,TEN,True,Active,,,,,FA,FA,FA,FA,PREDRAFT,4,0,0,0,0,True,False
7716,John Bates,TE,WAS,True,Active,Questionable,,TE,3,FA,FA,FA,FA,PREDRAFT,4,0,0,0,0,True,False
12905,John Copenhaver,TE,,True,Active,,,,,FA,FA,FA,FA,PREDRAFT,4,0,0,0,0,True,False
8500,John FitzPatrick,TE,,True,Active,Questionable,,,,FA,FA,FA,FA,PREDRAFT,4,0,0,0,0,True,False
8685,John Mitchell,TE,,True,Active,,,,,FA,FA,FA,FA,PREDRAFT,4,0,0,0,0,True,False
11467,John Samuel Shenker,TE,,True,Active,,,,,FA,FA,FA,FA,PREDRAFT,4,0,0,0,0,True,False
11511,John Stephens,TE,,True,Inactive,,,,,FA,FA,FA,FA,PREDRAFT,4,0,0,0,0,True,False
11380,Johnny Lumpkin,TE,,True,Active,,,,,FA,FA,FA,FA,PREDRAFT,4,0,0,0,0,True,False
4314,Johnny Mundt,TE,PHI,True,Active,,,TE,3,FA,FA,FA,FA,PREDRAFT,4,0,0,0,0,True,False
14029,Johnny Pascuzzi,TE,,True,Active,,,,,FA,FA,FA,FA,PREDRAFT,4,0,0,0,0,True,False
4144,Jonnu Smith,TE,GB,True,Active,,,TE,2,FA,FA,FA,FA,PREDRAFT,4,0,0,0,0,True,False
5032,Jordan Akins,TE,,True,Active,,,,,FA,FA,FA,FA,PREDRAFT,4,0,0,0,0,True,False
5253,Jordan Franks,TE,,True,Inactive,,,,,FA,FA,FA,FA,PREDRAFT,4,0,0,0,0,True,False
4153,Jordan Leggett,TE,,True,Inactive,,,,,FA,FA,FA,FA,PREDRAFT,4,0,0,0,0,True,False
1800,Jordan Matthews,TE,,True,Active,,,,,FA,FA,FA,FA,PREDRAFT,4,0,0,0,0,True,False
11493,Jordan Murray,TE,,True,Inactive,,,,,FA,FA,FA,FA,PREDRAFT,4,0,0,0,0,True,False
12549,Jordan Petaia,TE,,True,Active,,,,,FA,FA,FA,FA,PREDRAFT,4,0,0,0,0,True,False
1500,Jordan Reed,TE,,True,Injured Reserve,,,,,FA,FA,FA,FA,PREDRAFT,4,0,0,0,0,True,False
5117,Jordan Thomas,TE,,True,Active,,,,,FA,FA,FA,FA,PREDRAFT,4,0,0,0,0,True,False
8559,Josh Babicz,TE,,True,Active,,,,,FA,FA,FA,FA,PREDRAFT,4,0,0,0,0,True,False
8769,Josh Bist,TE,,True,Active,,,,,FA,FA,FA,FA,PREDRAFT,4,0,0,0,0,True,False
1777,Josh Hill,TE,,True,Injured Reserve,,,,,FA,FA,FA,FA,PREDRAFT,4,0,0,0,0,True,False
13312,Josh Kattus,TE,,True,Active,,,,,FA,FA,FA,FA,PREDRAFT,4,0,0,0,0,True,False
5973,Josh Oliver,TE,MIN,True,Active,,,TE,2,FA,FA,FA,FA,PREDRAFT,4,0,0,0,0,True,False
7733,Josh Pederson,TE,,True,Inactive,,,,,FA,FA,FA,FA,PREDRAFT,4,0,0,0,0,True,False
10212,Josh Whyle,TE,GB,True,Active,,,TE,3,FA,FA,FA,FA,PREDRAFT,4,0,0,0,0,True,False
12300,Joshua Lingenfelter,TE,,True,Active,,,,,FA,FA,FA,FA,PREDRAFT,4,0,0,0,0,True,False
3668,Joshua Perkins,TE,NYJ,True,Active,,,,,FA,FA,FA,FA,PREDRAFT,4,0,0,0,0,True,False
12883,Joshua Simon,TE,WAS,True,Active,,,,,FA,FA,FA,FA,PREDRAFT,4,0,0,0,0,True,False
7050,Josiah Deguara,TE,,True,Active,,,,,FA,FA,FA,FA,PREDRAFT,4,0,0,0,0,True,False
4409,Josiah Price,TE,,True,Active,,,,,FA,FA,FA,FA,PREDRAFT,4,0,0,0,0,True,False
11371,Julian Hill,TE,NE,True,Inactive,IR,,TE,5,FA,FA,FA,FA,PREDRAFT,4,0,0,0,0,True,False
6493,Justin Johnson,TE,,True,Active,,,,,FA,FA,FA,FA,PREDRAFT,4,0,0,0,0,True,False
8778,Justin Rigg,TE,,True,Active,,,,,FA,FA,FA,FA,PREDRAFT,4,0,0,0,0,True,False
2886,Justin Sinz,TE,,True,Active,,,,,FA,FA,FA,FA,PREDRAFT,4,0,0,0,0,True,False
2930,Justin Tukes,TE,,True,Active,,,,,FA,FA,FA,FA,PREDRAFT,4,0,0,0,0,True,False
6146,Kaden Smith,TE,,True,Inactive,,,,,FA,FA,FA,FA,PREDRAFT,4,0,0,0,0,True,False
6164,Kahale Warring,TE,,True,Active,,,,,FA,FA,FA,FA,PREDRAFT,4,0,0,0,0,True,False
8088,Kalif Jackson,TE,MIA,True,Active,,,,,FA,FA,FA,FA,PREDRAFT,4,0,0,0,0,True,False
6399,Kano Dillon,TE,,True,Active,,,,,FA,FA,FA,FA,PREDRAFT,4,0,0,0,0,True,False
6389,Keenen Brown,TE,,True,Active,,,,,FA,FA,FA,FA,PREDRAFT,4,0,0,0,0,True,False
8706,Kehinde Oginni,TE,,True,Active,,,,,FA,FA,FA,FA,PREDRAFT,4,0,0,0,0,True,False
4545,Keith Towbridge,TE,,True,Active,,,,,FA,FA,FA,FA,PREDRAFT,4,0,0,0,0,True,False
12765,Keleki Latu,TE,BUF,True,Active,,,TE,4,FA,FA,FA,FA,PREDRAFT,4,0,0,0,0,True,False
6081,Kendall Blanton,TE,,True,Active,,,,,FA,FA,FA,FA,PREDRAFT,4,0,0,0,0,True,False
13957,Kenny Fletcher,TE,,True,Active,,,,,FA,FA,FA,FA,PREDRAFT,4,0,0,0,0,True,False
7597,Kenny Yeboah,TE,,True,Inactive,Questionable,,,,FA,FA,FA,FA,PREDRAFT,4,0,0,0,0,True,False
4861,Kent Taylor,TE,,True,Active,,,,,FA,FA,FA,FA,PREDRAFT,4,0,0,0,0,True,False
12215,Kevin Foelsch,TE,,True,Active,,,,,FA,FA,FA,FA,PREDRAFT,4,0,0,0,0,True,False
5171,Kevin Rader,TE,,True,Inactive,,,,,FA,FA,FA,FA,PREDRAFT,4,0,0,0,0,True,False
13432,Khalil Dinkins,TE,SF,True,Active,,,,,FA,FA,FA,FA,PREDRAFT,4,0,0,0,0,True,False
3596,Kivon Cartwright,TE,,True,Active,,,,,FA,FA,FA,FA,PREDRAFT,4,0,0,0,0,True,False
8484,Ko Kieft,TE,TB,True,Active,,,TE,3,FA,FA,FA,FA,PREDRAFT,4,0,0,0,0,True,False
13085,Kole Taylor,TE,,True,Active,,,,,FA,FA,FA,FA,PREDRAFT,4,0,0,0,0,True,False
11447,Kris Leach,TE,,True,Active,,,,,FA,FA,FA,FA,PREDRAFT,4,0,0,0,0,True,False
7378,Kyle Markway,TE,,True,Active,,,,,FA,FA,FA,FA,PREDRAFT,4,0,0,0,0,True,False
943,Kyle Rudolph,TE,,True,Active,,,,,FA,FA,FA,FA,PREDRAFT,4,0,0,0,0,True,False
7602,Kylen Granson,TE,TEN,True,Active,,,TE,3,FA,FA,FA,FA,PREDRAFT,4,0,0,0,0,True,False
11540,La'Michael Pettway,TE,,True,Active,,,,,FA,FA,FA,FA,PREDRAFT,4,0,0,0,0,True,False
11543,Lachlan Pitts,TE,,True,Active,,,,,FA,FA,FA,FA,PREDRAFT,4,0,0,0,0,True,False
13292,Lake McRee,TE,PIT,True,Active,,,,,FA,FA,FA,FA,PREDRAFT,4,0,0,0,0,True,False
964,Lance Kendricks,TE,,True,Active,,,,,FA,FA,FA,FA,PREDRAFT,4,0,0,0,0,True,False
13357,Lance Mason,TE,,True,Active,,,,,FA,FA,FA,FA,PREDRAFT,4,0,0,0,0,True,False
8026,Landon Rice,TE,,True,Inactive,,,,,FA,FA,FA,FA,PREDRAFT,4,0,0,0,0,True,False
7106,Lawrence Cager,TE,,True,Active,,,,,FA,FA,FA,FA,PREDRAFT,4,0,0,0,0,True,False
13261,Layne Pryor,TE,,True,Active,,,,,FA,FA,FA,FA,PREDRAFT,4,0,0,0,0,True,False
812,Lee Smith,TE,ATL,True,Active,,,,,FA,FA,FA,FA,PREDRAFT,4,0,0,0,0,True,False
11140,Leonard Taylor,TE,,True,Inactive,,,,,FA,FA,FA,FA,PREDRAFT,4,0,0,0,0,True,False
8660,Leroy Watson,TE,,True,Active,,,,,FA,FA,FA,FA,PREDRAFT,4,0,0,0,0,True,False
1642,Levine Toilolo,TE,NYG,True,Inactive,,,,,FA,FA,FA,FA,PREDRAFT,4,0,0,0,0,True,False
12237,Lincoln Sefcik,TE,,True,Active,,,,,FA,FA,FA,FA,PREDRAFT,4,0,0,0,0,True,False
587,Logan Paulsen,TE,,True,Active,,,,,FA,FA,FA,FA,PREDRAFT,4,0,0,0,0,True,False
2996,Logan Stokes,TE,,True,Active,,,,,FA,FA,FA,FA,PREDRAFT,4,0,0,0,0,True,False
2251,Logan Thomas,TE,,True,Active,,,,,FA,FA,FA,FA,PREDRAFT,4,0,0,0,0,True,False
14055,Louis Hansen,TE,,True,Active,,,,,FA,FA,FA,FA,PREDRAFT,4,0,0,0,0,True,False
8249,Lucas Krull,TE,DEN,True,Active,,,,,FA,FA,FA,FA,PREDRAFT,4,0,0,0,0,True,False
11862,Luke Benson,TE,,True,Active,,,,,FA,FA,FA,FA,PREDRAFT,4,0,0,0,0,True,False
13205,Luke Deal,TE,,True,Active,Questionable,,,,FA,FA,FA,FA,PREDRAFT,4,0,0,0,0,True,False
7842,Luke Farrell,TE,SF,True,Active,,,TE,3,FA,FA,FA,FA,PREDRAFT,4,0,0,0,0,True,False
12725,Luke Lachey,TE,,True,Inactive,Questionable,,,,FA,FA,FA,FA,PREDRAFT,4,0,0,0,0,True,False
10871,Luke Schoonmaker,TE,DAL,True,Active,,,TE,2,FA,FA,FA,FA,PREDRAFT,4,0,0,0,0,True,False
963,Luke Stocker,TE,,True,Active,,,,,FA,FA,FA,FA,PREDRAFT,4,0,0,0,0,True,False
1603,Luke Willson,TE,,True,Injured Reserve,,,,,FA,FA,FA,FA,PREDRAFT,4,0,0,0,0,True,False
3880,M.J. McFarland,TE,,True,Active,,,,,FA,FA,FA,FA,PREDRAFT,4,0,0,0,0,True,False
12187,Malcolm Epps,TE,,True,Active,,,,,FA,FA,FA,FA,PREDRAFT,4,0,0,0,0,True,False
111,Marcedes Lewis,TE,,True,Active,,,,,FA,FA,FA,FA,PREDRAFT,4,0,0,0,0,True,False
5233,Marcus Baugh,TE,,True,Active,,,,,FA,FA,FA,FA,PREDRAFT,4,0,0,0,0,True,False
8589,Marcus Santos-Silva,TE,,True,Active,,,,,FA,FA,FA,FA,PREDRAFT,4,0,0,0,0,True,False
13013,Mark Redman,TE,GB,True,Active,,,TE,7,FA,FA,FA,FA,PREDRAFT,4,0,0,0,0,True,False
8101,Mark Vital,TE,,True,Active,,,,,FA,FA,FA,FA,PREDRAFT,4,0,0,0,0,True,False
13032,Marshall Lang,TE,MIN,True,Active,,,,,FA,FA,FA,FA,PREDRAFT,4,0,0,0,0,True,False
12260,Mason Fairchild,TE,,True,Active,,,,,FA,FA,FA,FA,PREDRAFT,4,0,0,0,0,True,False
12068,Mason Pline,TE,,True,Active,,,,,FA,FA,FA,FA,PREDRAFT,4,0,0,0,0,True,False
4229,Mason Schreck,TE,,True,Active,,,,,FA,FA,FA,FA,PREDRAFT,4,0,0,0,0,True,False
7992,Matt Bushman,TE,,True,Active,,,,,FA,FA,FA,FA,PREDRAFT,4,0,0,0,0,True,False
2944,Matt LaCosse,TE,NE,True,Active,,,,,FA,FA,FA,FA,PREDRAFT,4,0,0,0,0,True,False
13806,Matt Lauter,TE,,True,Active,,,,,FA,FA,FA,FA,PREDRAFT,4,0,0,0,0,True,False
3036,Matt Lengel,TE,,True,Active,,,,,FA,FA,FA,FA,PREDRAFT,4,0,0,0,0,True,False
8074,Matt Seybert,TE,,True,Active,,,,,FA,FA,FA,FA,PREDRAFT,4,0,0,0,0,True,False
6233,Matt Sokol,TE,,True,Active,,,,,FA,FA,FA,FA,PREDRAFT,4,0,0,0,0,True,False
3648,Matt Weiser,TE,,True,Active,,,,,FA,FA,FA,FA,PREDRAFT,4,0,0,0,0,True,False
13162,Maximilian Mang,TE,,True,Active,,,,,FA,FA,FA,FA,PREDRAFT,4,0,0,0,0,True,False
2360,Maxx Williams,TE,,True,Active,,,,,FA,FA,FA,FA,PREDRAFT,4,0,0,0,0,True,False
12070,McCallan Castles,TE,,True,Active,Questionable,,,,FA,FA,FA,FA,PREDRAFT,4,0,0,0,0,True,False
12154,Messiah Swinson,TE,CLE,True,Active,,,,,FA,FA,FA,FA,PREDRAFT,4,0,0,0,0,True,False
6590,Michael Colubiale,TE,,True,Inactive,,,,,FA,FA,FA,FA,PREDRAFT,4,0,0,0,0,True,False
11126,Michael Ezeike,TE,,True,Active,,,,,FA,FA,FA,FA,PREDRAFT,4,0,0,0,0,True,False
8094,Michael Jacobson,TE,,True,Active,,,,,FA,FA,FA,FA,PREDRAFT,4,0,0,0,0,True,False
3588,Michael Miller,TE,,True,Active,,,,,FA,FA,FA,FA,PREDRAFT,4,0,0,0,0,True,False
6737,Micky Crum,TE,,True,Active,,,,,FA,FA,FA,FA,PREDRAFT,4,0,0,0,0,True,False
6490,Mik'Quan Deane,TE,,True,Active,,,,,FA,FA,FA,FA,PREDRAFT,4,0,0,0,0,True,False
4807,Mike Estes,TE,,True,Active,,,,,FA,FA,FA,FA,PREDRAFT,4,0,0,0,0,True,False
12246,Mike Rigerman,TE,,True,Active,,,,,FA,FA,FA,FA,PREDRAFT,4,0,0,0,0,True,False
13431,Miles Kitselman,TE,,True,Inactive,Questionable,,,,FA,FA,FA,FA,PREDRAFT,4,0,0,0,0,True,False
7854,Miller Forristall,TE,,True,Active,,,,,FA,FA,FA,FA,PREDRAFT,4,0,0,0,0,True,False
12473,Mitchell Evans,TE,CAR,True,Active,,,TE,4,FA,FA,FA,FA,PREDRAFT,4,0,0,0,0,True,False
6894,Mitchell Wilcox,TE,,True,Active,,,,,FA,FA,FA,FA,PREDRAFT,4,0,0,0,0,True,False
4054,Mo Alie-Cox,TE,IND,True,Active,,,TE,2,FA,FA,FA,FA,PREDRAFT,4,0,0,0,0,True,False
12480,Moliki Matavao,TE,NO,True,Inactive,IR,,TE,6,FA,FA,FA,FA,PREDRAFT,4,0,0,0,0,True,False
6586,Moral Stephens,TE,,True,Active,,,,,FA,FA,FA,FA,PREDRAFT,4,0,0,0,0,True,False
3336,Moritz Bohringer,TE,,True,Active,,,,,FA,FA,FA,FA,PREDRAFT,4,0,0,0,0,True,False
2446,MyCole Pruitt,TE,,True,Active,,,,,FA,FA,FA,FA,PREDRAFT,4,0,0,0,0,True,False
5878,N'Keal Harry,TE,,True,Active,,,,,FA,FA,FA,FA,PREDRAFT,4,0,0,0,0,True,False
7359,Nakia Griffin-Stewart,TE,,True,Active,,,,,FA,FA,FA,FA,PREDRAFT,4,0,0,0,0,True,False
11433,Nate Adkins,TE,DEN,True,Active,,,TE,3,FA,FA,FA,FA,PREDRAFT,4,0,0,0,0,True,False
6535,Nate Becker,TE,,True,Inactive,,,,,FA,FA,FA,FA,PREDRAFT,4,0,0,0,0,True,False
4803,Nate Iese,TE,,True,Active,,,,,FA,FA,FA,FA,PREDRAFT,4,0,0,0,0,True,False
7245,Nate Wieting,TE,,True,Inactive,,,,,FA,FA,FA,FA,PREDRAFT,4,0,0,0,0,True,False
8890,Naz Bohannon,TE,,True,Active,,,,,FA,FA,FA,FA,PREDRAFT,4,0,0,0,0,True,False
12135,Neal Johnson,TE,,True,Active,,,,,FA,FA,FA,FA,PREDRAFT,4,0,0,0,0,True,False
7308,Nick Bowers,TE,,True,Active,,,,,FA,FA,FA,FA,PREDRAFT,4,0,0,0,0,True,False
2474,Nick Boyle,TE,,True,Active,,,,,FA,FA,FA,FA,PREDRAFT,4,0,0,0,0,True,False
7859,Nick Eubanks,TE,,True,Active,,,,,FA,FA,FA,FA,PREDRAFT,4,0,0,0,0,True,False
8038,Nick Guggemos,TE,,True,Active,,,,,FA,FA,FA,FA,PREDRAFT,4,0,0,0,0,True,False
13151,Nick Kallerup,TE,SEA,True,Active,,,TE,4,FA,FA,FA,FA,PREDRAFT,4,0,0,0,0,True,False
5465,Nick Keizer,TE,,True,Injured Reserve,,,,,FA,FA,FA,FA,PREDRAFT,4,0,0,0,0,True,False
8523,Nick Muse,TE,ATL,True,Active,,,,,FA,FA,FA,FA,PREDRAFT,4,0,0,0,0,True,False
2495,Nick O'Leary,TE,,True,Active,,,,,FA,FA,FA,FA,PREDRAFT,4,0,0,0,0,True,False
3921,Nick Truesdell,TE,,True,Active,,,,,FA,FA,FA,FA,PREDRAFT,4,0,0,0,0,True,False
3258,Nick Vannett,TE,BAL,True,Active,,,,,FA,FA,FA,FA,PREDRAFT,4,0,0,0,0,True,False
8107,Nikola Kalinic,TE,CHI,True,Inactive,IR,,TE,5,FA,FA,FA,FA,PREDRAFT,4,0,0,0,0,True,False
5857,Noah Fant,TE,NO,True,Active,,,TE,2,FA,FA,FA,FA,PREDRAFT,4,0,0,0,0,True,False
11225,Noah Gindorff,TE,,True,Active,,,,,FA,FA,FA,FA,PREDRAFT,4,0,0,0,0,True,False
7404,Noah Togiai,TE,,True,Active,,,,,FA,FA,FA,FA,PREDRAFT,4,0,0,0,0,True,False
8817,Nolan Givan,TE,,True,Active,,,,,FA,FA,FA,FA,PREDRAFT,4,0,0,0,0,True,False
4055,O.J. Howard,TE,,True,Active,,,,,FA,FA,FA,FA,PREDRAFT,4,0,0,0,0,True,False
12800,Oscar Cardenas,TE,,True,Active,,,,,FA,FA,FA,FA,PREDRAFT,4,0,0,0,0,True,False
6662,Parker Hesse,TE,,True,Active,,,,,FA,FA,FA,FA,PREDRAFT,4,0,0,0,0,True,False
7397,Parker Houston,TE,,True,Active,,,,,FA,FA,FA,FA,PREDRAFT,4,0,0,0,0,True,False
13014,Pat Conroy,TE,,True,Active,,,,,FA,FA,FA,FA,PREDRAFT,4,0,0,0,0,True,False
13913,Patrick Gurd,TE,,True,Active,,,,,FA,FA,FA,FA,PREDRAFT,4,0,0,0,0,True,False
12901,Patrick Herbert,TE,LAC,True,Active,,,,,FA,FA,FA,FA,PREDRAFT,4,0,0,0,0,True,False
11245,Patrick Murtagh,TE,,True,Active,,,,,FA,FA,FA,FA,PREDRAFT,4,0,0,0,0,True,False
7499,Paul Quessenberry,TE,,True,Active,,,,,FA,FA,FA,FA,PREDRAFT,4,0,0,0,0,True,False
10227,Payne Durham,TE,TB,True,Active,,,TE,2,FA,FA,FA,FA,PREDRAFT,4,0,0,0,0,True,False
8197,Peyton Hendershot,TE,,True,Active,,,,,FA,FA,FA,FA,PREDRAFT,4,0,0,0,0,True,False
4443,Pharaoh Brown,TE,IND,True,Active,,,,,FA,FA,FA,FA,PREDRAFT,4,0,0,0,0,True,False
4725,Phazahn Odom,TE,,True,Active,,,,,FA,FA,FA,FA,PREDRAFT,4,0,0,0,0,True,False
11508,Princeton Fant,TE,DAL,True,Inactive,IR,,TE,5,FA,FA,FA,FA,PREDRAFT,4,0,0,0,0,True,False
7985,Pro Wells,TE,,True,Active,,,,,FA,FA,FA,FA,PREDRAFT,4,0,0,0,0,True,False
13870,Quentin Moore,TE,WAS,True,Inactive,IR,,TE,7,FA,FA,FA,FA,PREDRAFT,4,0,0,0,0,True,False
7536,Quintin Morris,TE,JAX,True,Active,,,TE,4,FA,FA,FA,FA,PREDRAFT,4,0,0,0,0,True,False
13430,RJ Maryland,TE,GB,True,Inactive,Questionable,,,,FA,FA,FA,FA,PREDRAFT,4,0,0,0,0,True,False
2870,Ray Hamilton,TE,,True,Active,,,,,FA,FA,FA,FA,PREDRAFT,4,0,0,0,0,True,False
13160,Reggie Brown,TE,,True,Active,,,,,FA,FA,FA,FA,PREDRAFT,4,0,0,0,0,True,False
1211,Rhett Ellison,TE,,True,Injured Reserve,,,,,FA,FA,FA,FA,PREDRAFT,4,0,0,0,0,True,False
2146,Richard Rodgers,TE,,True,Inactive,,,,,FA,FA,FA,FA,PREDRAFT,4,0,0,0,0,True,False
4531,Ricky Seals-Jones,TE,,True,Inactive,,,,,FA,FA,FA,FA,PREDRAFT,4,0,0,0,0,True,False
13433,Riley Nowakowski,TE,PIT,True,Active,,,RB,3,FA,FA,FA,FA,PREDRAFT,4,0,0,0,0,True,False
12250,Riley Sharp,TE,,True,Active,,,,,FA,FA,FA,FA,PREDRAFT,4,0,0,0,0,True,False
12851,Rivaldo Fairweather,TE,,True,Active,,,,,FA,FA,FA,FA,PREDRAFT,4,0,0,0,0,True,False
515,Rob Gronkowski,TE,,True,Active,,,,,FA,FA,FA,FA,PREDRAFT,4,0,0,0,0,True,False
4602,Robert Tonyan,TE,PIT,True,Active,,,TE,3,FA,FA,FA,FA,PREDRAFT,4,0,0,0,0,True,False
8757,Rodney Williams,TE,,True,Active,,,,,FA,FA,FA,FA,PREDRAFT,4,0,0,0,0,True,False
8747,Roger Carter,TE,,True,Active,,,,,FA,FA,FA,FA,PREDRAFT,4,0,0,0,0,True,False
13810,Rohan Jones,TE,,True,Active,,,,,FA,FA,FA,FA,PREDRAFT,4,0,0,0,0,True,False
6388,Romello Brooker,TE,,True,Active,,,,,FA,FA,FA,FA,PREDRAFT,4,0,0,0,0,True,False
2553,Rory Anderson,TE,,True,Active,,,,,FA,FA,FA,FA,PREDRAFT,4,0,0,0,0,True,False
5285,Ross Dwelley,TE,,True,Active,,,,,FA,FA,FA,FA,PREDRAFT,4,0,0,0,0,True,False
3041,Ross Travis,TE,,True,Active,,,,,FA,FA,FA,FA,PREDRAFT,4,0,0,0,0,True,False
7162,Ryan Becker,TE,,True,Active,,,,,FA,FA,FA,FA,PREDRAFT,4,0,0,0,0,True,False
1425,Ryan Griffin,TE,,True,Active,,,,,FA,FA,FA,FA,PREDRAFT,4,0,0,0,0,True,False
5094,Ryan Izzo,TE,,True,Active,,,,,FA,FA,FA,FA,PREDRAFT,4,0,0,0,0,True,False
11298,Ryan Jones,TE,,True,Active,,,,,FA,FA,FA,FA,PREDRAFT,4,0,0,0,0,True,False
5547,Ryan Smith,TE,,True,Active,,,,,FA,FA,FA,FA,PREDRAFT,4,0,0,0,0,True,False
5718,Ryan Yurachek,TE,,True,Active,,,,,FA,FA,FA,FA,PREDRAFT,4,0,0,0,0,True,False
7379,Rysen John,TE,,True,Active,,,,,FA,FA,FA,FA,PREDRAFT,4,0,0,0,0,True,False
7576,Sage Surratt,TE,,True,Active,,,,,FA,FA,FA,FA,PREDRAFT,4,0,0,0,0,True,False
8089,Sal Cannella,TE,,True,Active,,,,,FA,FA,FA,FA,PREDRAFT,4,0,0,0,0,True,False
4730,Sam Cotton,TE,,True,Active,,,,,FA,FA,FA,FA,PREDRAFT,4,0,0,0,0,True,False
13158,Sam Pitz,TE,,True,Active,,,,,FA,FA,FA,FA,PREDRAFT,4,0,0,0,0,True,False
7622,Sammis Reyes,TE,,True,Active,,,,,FA,FA,FA,FA,PREDRAFT,4,0,0,0,0,True,False
7848,Scooter Harrington,TE,,True,Active,,,,,FA,FA,FA,FA,PREDRAFT,4,0,0,0,0,True,False
4309,Scott Orndoff,TE,,True,Active,,,,,FA,FA,FA,FA,PREDRAFT,4,0,0,0,0,True,False
2040,Scott Simonson,TE,,True,Active,,,,,FA,FA,FA,FA,PREDRAFT,4,0,0,0,0,True,False
4660,Sean Culkin,TE,,True,Inactive,,,,,FA,FA,FA,FA,PREDRAFT,4,0,0,0,0,True,False
6964,Sean McKeon,TE,IND,True,Inactive,Questionable,,,,FA,FA,FA,FA,PREDRAFT,4,0,0,0,0,True,False
3296,Seth DeValve,TE,,True,Inactive,,,,,FA,FA,FA,FA,PREDRAFT,4,0,0,0,0,True,False
8539,Seth Green,TE,,True,Active,,,,,FA,FA,FA,FA,PREDRAFT,4,0,0,0,0,True,False
13429,Seydou Traore,TE,MIA,True,Active,,,TE,3,FA,FA,FA,FA,PREDRAFT,4,0,0,0,0,True,False
8041,Shane Zylstra,TE,NE,True,Active,,,,,FA,FA,FA,FA,PREDRAFT,4,0,0,0,0,True,False
8018,Shaun Beyer,TE,,True,Active,,,,,FA,FA,FA,FA,PREDRAFT,4,0,0,0,0,True,False
12217,Shawn Bowman,TE,ARI,True,Active,,,,,FA,FA,FA,FA,PREDRAFT,4,0,0,0,0,True,False
3496,Stephen Anderson,TE,,True,Active,,,,,FA,FA,FA,FA,PREDRAFT,4,0,0,0,0,True,False
5609,Stephen Baggett,TE,,True,Active,,,,,FA,FA,FA,FA,PREDRAFT,4,0,0,0,0,True,False
6451,Stephen Carlson,TE,CHI,True,Active,,,,,FA,FA,FA,FA,PREDRAFT,4,0,0,0,0,True,False
6970,Stephen Sullivan,TE,,True,Active,,,,,FA,FA,FA,FA,PREDRAFT,4,0,0,0,0,True,False
3504,Steven Scheu,TE,,True,Active,,,,,FA,FA,FA,FA,PREDRAFT,4,0,0,0,0,True,False
11960,Steven Stilianos,TE,,True,Active,,,,,FA,FA,FA,FA,PREDRAFT,4,0,0,0,0,True,False
4535,Steven Wroblewski,TE,,True,Active,,,,,FA,FA,FA,FA,PREDRAFT,4,0,0,0,0,True,False
4747,Stevie Donatell,TE,,True,Active,,,,,FA,FA,FA,FA,PREDRAFT,4,0,0,0,0,True,False
12815,Stevo Klotz,TE,,True,Active,,,,,FA,FA,FA,FA,PREDRAFT,4,0,0,0,0,True,False
13988,Stone Eby,TE,,True,Active,,,,,FA,FA,FA,FA,PREDRAFT,4,0,0,0,0,True,False
8583,Stone Smartt,TE,NO,True,Active,,,,,FA,FA,FA,FA,PREDRAFT,4,0,0,0,0,True,False
13827,Tanner Arkin,TE,NE,True,Active,,,TE,6,FA,FA,FA,FA,PREDRAFT,4,0,0,0,0,True,False
8849,Tanner Conner,TE,,True,Active,,,,,FA,FA,FA,FA,PREDRAFT,4,0,0,0,0,True,False
5409,Tanner Hudson,TE,CIN,True,Active,,,,,FA,FA,FA,FA,PREDRAFT,4,0,0,0,0,True,False
11598,Tanner McLachlan,TE,,True,Inactive,Questionable,,,,FA,FA,FA,FA,PREDRAFT,4,0,0,0,0,True,False
11415,Tanner Taula,TE,,True,Active,,,,,FA,FA,FA,FA,PREDRAFT,4,0,0,0,0,True,False
4563,Taylor McNamara,TE,,True,Active,,,,,FA,FA,FA,FA,PREDRAFT,4,0,0,0,0,True,False
2921,Taylor Sloat,TE,,True,Active,,,,,FA,FA,FA,FA,PREDRAFT,4,0,0,0,0,True,False
4381,Taysom Hill,TE,,True,Active,,,,,FA,FA,FA,FA,PREDRAFT,4,0,0,0,0,True,False
8227,Teagan Quitoriano,TE,ARI,True,Active,,,,,FA,FA,FA,FA,PREDRAFT,4,0,0,0,0,True,False
3333,Temarrick Hemingway,TE,WAS,True,Active,,,,,FA,FA,FA,FA,PREDRAFT,4,0,0,0,0,True,False
6919,Thaddeus Moss,TE,,True,Active,,,,,FA,FA,FA,FA,PREDRAFT,4,0,0,0,0,True,False
12715,Thomas Fidone,TE,NYG,True,Active,,,TE,4,FA,FA,FA,FA,PREDRAFT,4,0,0,0,0,True,False
13249,Thomas Gordon,TE,DET,True,Active,,,,,FA,FA,FA,FA,PREDRAFT,4,0,0,0,0,True,False
11351,Thomas Greaney,TE,,True,Active,,,,,FA,FA,FA,FA,PREDRAFT,4,0,0,0,0,True,False
8924,Thomas Odukoya,TE,,True,Active,,,,,FA,FA,FA,FA,PREDRAFT,4,0,0,0,0,True,False
12113,Thomas Yassmin,TE,GB,True,Inactive,IR,,TE,6,FA,FA,FA,FA,PREDRAFT,4,0,0,0,0,True,False
2595,Tim Semisch,TE,,True,Active,,,,,FA,FA,FA,FA,PREDRAFT,4,0,0,0,0,True,False
559,Tim Tebow,TE,,True,Inactive,,,,,FA,FA,FA,FA,PREDRAFT,4,0,0,0,0,True,False
11716,Tip Reiman,TE,ARI,True,Active,PUP,,TE,5,FA,FA,FA,FA,PREDRAFT,4,0,0,0,0,True,False
7439,Tommy Hudson,TE,,True,Inactive,,,,,FA,FA,FA,FA,PREDRAFT,4,0,0,0,0,True,False
7149,Tommy Stevens,TE,NYG,True,Active,,,,,FA,FA,FA,FA,PREDRAFT,4,0,0,0,0,True,False
6137,Tommy Sweeney,TE,,True,Active,,,,,FA,FA,FA,FA,PREDRAFT,4,0,0,0,0,True,False
7694,Tommy Tremble,TE,CAR,True,Active,,,TE,2,FA,FA,FA,FA,PREDRAFT,4,0,0,0,0,True,False
7972,Tony Poljan,TE,,True,Active,,,,,FA,FA,FA,FA,PREDRAFT,4,0,0,0,0,True,False
8905,Travis Koontz,TE,,True,Active,,,,,FA,FA,FA,FA,PREDRAFT,4,0,0,0,0,True,False
11381,Travis Vokolek,TE,ARI,True,Active,,,,,FA,FA,FA,FA,PREDRAFT,4,0,0,0,0,True,False
4031,Travis Wilson,TE,,True,Active,,,,,FA,FA,FA,FA,PREDRAFT,4,0,0,0,0,True,False
13116,Tre Watson,TE,MIA,True,Active,,,,,FA,FA,FA,FA,PREDRAFT,4,0,0,0,0,True,False
7554,Tre' McKitty,TE,,True,Active,,,,,FA,FA,FA,FA,PREDRAFT,4,0,0,0,0,True,False
12191,Trent Pennix,TE,,True,Active,,,,,FA,FA,FA,FA,PREDRAFT,4,0,0,0,0,True,False
6181,Trevon Wesco,TE,,True,Active,,,,,FA,FA,FA,FA,PREDRAFT,4,0,0,0,0,True,False
6263,Trevor Wood,TE,,True,Active,,,,,FA,FA,FA,FA,PREDRAFT,4,0,0,0,0,True,False
1793,Trey Burton,TE,,True,Inactive,,,,,FA,FA,FA,FA,PREDRAFT,4,0,0,0,0,True,False
11601,Trey Knox,TE,,True,Active,,,,,FA,FA,FA,FA,PREDRAFT,4,0,0,0,0,True,False
12320,Treyton Pickering,TE,,True,Active,,,,,FA,FA,FA,FA,PREDRAFT,4,0,0,0,0,True,False
12079,Treyton Welch,TE,NO,True,Active,,,,,FA,FA,FA,FA,PREDRAFT,4,0,0,0,0,True,False
5092,Troy Fumagalli,TE,,True,Active,,,,,FA,FA,FA,FA,PREDRAFT,4,0,0,0,0,True,False
5245,Troy Mangen,TE,,True,Active,,,,,FA,FA,FA,FA,PREDRAFT,4,0,0,0,0,True,False
8885,Tucker Fisk,TE,,True,Active,,,,,FA,FA,FA,FA,PREDRAFT,4,0,0,0,0,True,False
13705,Ty Pezza,TE,BAL,True,Active,,,,,FA,FA,FA,FA,PREDRAFT,4,0,0,0,0,True,False
5133,Tyler Conklin,TE,DET,True,Active,,,TE,3,FA,FA,FA,FA,PREDRAFT,4,0,0,0,0,True,False
7131,Tyler Davis,TE,,True,Active,,,,,FA,FA,FA,FA,PREDRAFT,4,0,0,0,0,True,False
1388,Tyler Eifert,TE,,True,Inactive,,,,,FA,FA,FA,FA,PREDRAFT,4,0,0,0,0,True,False
3271,Tyler Higbee,TE,LAR,True,Active,,,TE,3,FA,FA,FA,FA,PREDRAFT,4,0,0,0,0,True,False
5276,Tyler Hoppes,TE,,True,Active,,,,,FA,FA,FA,FA,PREDRAFT,4,0,0,0,0,True,False
2390,Tyler Kroft,TE,,True,Active,,,,,FA,FA,FA,FA,PREDRAFT,4,0,0,0,0,True,False
7427,Tyler Mabry,TE,,True,Inactive,Questionable,,,,FA,FA,FA,FA,PREDRAFT,4,0,0,0,0,True,False
14062,Tyler Moore,TE,,True,Active,,,,,FA,FA,FA,FA,PREDRAFT,4,0,0,0,0,True,False
12850,Tyler Neville,TE,,True,Active,,,,,FA,FA,FA,FA,PREDRAFT,4,0,0,0,0,True,False
6040,Tyree Jackson,TE,,True,Active,Questionable,,,,FA,FA,FA,FA,PREDRAFT,4,0,0,0,0,True,False
6238,Tyree Mayfield,TE,,True,Active,,,,,FA,FA,FA,FA,PREDRAFT,4,0,0,0,0,True,False
4678,Tyrone Swoopes,TE,,True,Active,,,,,FA,FA,FA,FA,PREDRAFT,4,0,0,0,0,True,False
1587,Vance McDonald,TE,,True,Injured Reserve,,,,,FA,FA,FA,FA,PREDRAFT,4,0,0,0,0,True,False
200,Vernon Davis,TE,,True,Injured Reserve,,,,,FA,FA,FA,FA,PREDRAFT,4,0,0,0,0,True,False
868,Virgil Green,TE,,True,Inactive,,,,,FA,FA,FA,FA,PREDRAFT,4,0,0,0,0,True,False
5010,Will Dissly,TE,,True,Active,Questionable,,,,FA,FA,FA,FA,PREDRAFT,4,0,0,0,0,True,False
10220,Will Mallory,TE,IND,True,Active,IR,,TE,5,FA,FA,FA,FA,PREDRAFT,4,0,0,0,0,True,False
4490,Wyatt Houston,TE,CAR,True,Active,,,TE,40,FA,FA,FA,FA,PREDRAFT,4,0,0,0,0,True,False
2082,Xavier Grimble,TE,,True,Active,,,,,FA,FA,FA,FA,PREDRAFT,4,0,0,0,0,True,False
7943,Zach Davidson,TE,,True,Active,,,,,FA,FA,FA,FA,PREDRAFT,4,0,0,0,0,True,False
1339,Zach Ertz,TE,,True,Active,,,,,FA,FA,FA,FA,PREDRAFT,4,0,0,0,0,True,False
6018,Zach Gentry,TE,,True,Active,,,,,FA,FA,FA,FA,PREDRAFT,4,0,0,0,0,True,False
11864,Zach Heins,TE,,True,Active,,,,,FA,FA,FA,FA,PREDRAFT,4,0,0,0,0,True,False
13110,Zach Horton,TE,,True,Active,,,,,FA,FA,FA,FA,PREDRAFT,4,0,0,0,0,True,False
9483,Zack Kuntz,TE,,True,Active,,,,,FA,FA,FA,FA,PREDRAFT,4,0,0,0,0,True,False
8799,Zaire Mitchell-Paden,TE,HOU,True,Active,,,,,FA,FA,FA,FA,PREDRAFT,4,0,0,0,0,True,False
830,A.J. Green,WR,,True,Active,,,,,FA,FA,FA,FA,PREDRAFT,4,0,0,0,0,True,False
6373,A.J. Richardson,WR,,True,Active,,,,,FA,FA,FA,FA,PREDRAFT,4,0,0,0,0,True,False
10863,A.T. Perry,WR,,True,Active,,,,,FA,FA,FA,FA,PREDRAFT,4,0,0,0,0,True,False
12865,AJ Henning,WR,MIA,True,Active,,,,,FA,FA,FA,FA,PREDRAFT,4,0,0,0,0,True,False
6967,Aaron Fuller,WR,,True,Active,,,,,FA,FA,FA,FA,PREDRAFT,4,0,0,0,0,True,False
5772,Aaron Lacombe,WR,,True,Inactive,,,,,FA,FA,FA,FA,PREDRAFT,4,0,0,0,0,True,False
7091,Aaron Parker,WR,,True,Active,,,,,FA,FA,FA,FA,PREDRAFT,4,0,0,0,0,True,False
2822,Adam Humphries,WR,,True,Active,,,,,FA,FA,FA,FA,PREDRAFT,4,0,0,0,0,True,False
1689,Adam Thielen,WR,,True,Active,NA,,,,FA,FA,FA,FA,PREDRAFT,4,0,0,0,0,True,False
5129,Adonis Jennings,WR,,True,Active,,,,,FA,FA,FA,FA,PREDRAFT,4,0,0,0,0,True,False
2929,Adrian Coxson,WR,,True,Active,,,,,FA,FA,FA,FA,PREDRAFT,4,0,0,0,0,True,False
4929,Ahmad Fulwood,WR,,True,Active,,,,,FA,FA,FA,FA,PREDRAFT,4,0,0,0,0,True,False
7228,Ahmad Wagner,WR,,True,Inactive,,,,,FA,FA,FA,FA,PREDRAFT,4,0,0,0,0,True,False
11918,Ahmarean Brown,WR,,True,Active,,,,,FA,FA,FA,FA,PREDRAFT,4,0,0,0,0,True,False
11615,Ainias Smith,WR,,True,Inactive,Questionable,,,,FA,FA,FA,FA,PREDRAFT,4,0,0,0,0,True,False
12528,Ajou Ajou,WR,,True,Active,,,,,FA,FA,FA,FA,PREDRAFT,4,0,0,0,0,True,False
4937,Al Riles,WR,IND,True,Active,,,,,FA,FA,FA,FA,PREDRAFT,4,0,0,0,0,True,False
2025,Albert Wilson,WR,,True,Active,,,,,FA,FA,FA,FA,PREDRAFT,4,0,0,0,0,True,False
7235,Aleva Hifo,WR,,True,Active,,,,,FA,FA,FA,FA,PREDRAFT,4,0,0,0,0,True,False
6386,Alex Bachman,WR,LAR,True,Active,,,,,FA,FA,FA,FA,PREDRAFT,4,0,0,0,0,True,False
13657,Alex Bullock,WR,,True,Active,NA,,,,FA,FA,FA,FA,PREDRAFT,4,0,0,0,0,True,False
3433,Alex Erickson,WR,,True,Active,,,,,FA,FA,FA,FA,PREDRAFT,4,0,0,0,0,True,False
6163,Alex Wesley,WR,,True,Inactive,,,,,FA,FA,FA,FA,PREDRAFT,4,0,0,0,0,True,False
6381,Alexander Hollins,WR,,True,Active,,,,,FA,FA,FA,FA,PREDRAFT,4,0,0,0,0,True,False
1984,Allen Hurns,WR,MIA,True,Active,,,,,FA,FA,FA,FA,PREDRAFT,4,0,0,0,0,True,False
5185,Allen Lazard,WR,,True,Active,,,,,FA,FA,FA,FA,PREDRAFT,4,0,0,0,0,True,False
1992,Allen Robinson,WR,,True,Active,,,,,FA,FA,FA,FA,PREDRAFT,4,0,0,0,0,True,False
4494,Alonzo Moore,WR,,True,Inactive,,,,,FA,FA,FA,FA,PREDRAFT,4,0,0,0,0,True,False
1149,Alshon Jeffery,WR,,True,Active,,,,,FA,FA,FA,FA,PREDRAFT,4,0,0,0,0,True,False
4139,Amara Darboh,WR,,True,Active,,,,,FA,FA,FA,FA,PREDRAFT,4,0,0,0,0,True,False
2309,Amari Cooper,WR,,True,Active,,,,,FA,FA,FA,FA,PREDRAFT,4,0,0,0,0,True,False
7540,Amari Rodgers,WR,,True,Active,,,,,FA,FA,FA,FA,PREDRAFT,4,0,0,0,0,True,False
4626,Amba Etta-Tawo,WR,,True,Active,,,,,FA,FA,FA,FA,PREDRAFT,4,0,0,0,0,True,False
3606,Amir Carlisle,WR,,True,Active,,,,,FA,FA,FA,FA,PREDRAFT,4,0,0,0,0,True,False
7233,Andre Baccellia,WR,,True,Active,Questionable,,,,FA,FA,FA,FA,PREDRAFT,4,0,0,0,0,True,False
5249,Andre Levrone,WR,,True,Active,,,,,FA,FA,FA,FA,PREDRAFT,4,0,0,0,0,True,False
6617,Andre Lindsey,WR,,True,Active,,,,,FA,FA,FA,FA,PREDRAFT,4,0,0,0,0,True,False
4669,Andre Patton,WR,,True,Active,,,,,FA,FA,FA,FA,PREDRAFT,4,0,0,0,0,True,False
627,Andre Roberts,WR,,True,Active,,,,,FA,FA,FA,FA,PREDRAFT,4,0,0,0,0,True,False
12863,Andrew Armstrong,WR,KC,True,Active,,,,,FA,FA,FA,FA,PREDRAFT,4,0,0,0,0,True,False
8572,Andrew Parchment,WR,,True,Active,,,,,FA,FA,FA,FA,PREDRAFT,4,0,0,0,0,True,False
5915,Andy Isabella,WR,,True,Active,Questionable,,,,FA,FA,FA,FA,PREDRAFT,4,0,0,0,0,True,False
3148,Anthony Dable,WR,,True,Active,,,,,FA,FA,FA,FA,PREDRAFT,4,0,0,0,0,True,False
11762,Anthony Gould,WR,IND,True,Active,,,,,FA,FA,FA,FA,PREDRAFT,4,0,0,0,0,True,False
5929,Anthony Johnson,WR,,True,Active,,,,,FA,FA,FA,FA,PREDRAFT,4,0,0,0,0,True,False
3593,Anthony Kelly,WR,,True,Active,,,,,FA,FA,FA,FA,PREDRAFT,4,0,0,0,0,True,False
5612,Anthony Mahoungou,WR,,True,Active,,,,,FA,FA,FA,FA,PREDRAFT,4,0,0,0,0,True,False
5013,Anthony Miller,WR,,True,Active,,,,,FA,FA,FA,FA,PREDRAFT,4,0,0,0,0,True,False
4585,Anthony Nash,WR,,True,Active,,,,,FA,FA,FA,FA,PREDRAFT,4,0,0,0,0,True,False
5984,Anthony Ratliff-Williams,WR,,True,Active,,,,,FA,FA,FA,FA,PREDRAFT,4,0,0,0,0,True,False
7533,Anthony Schwartz,WR,,True,Active,,,,,FA,FA,FA,FA,PREDRAFT,4,0,0,0,0,True,False
13582,Anthony Smith,WR,DAL,True,Active,,,,,FA,FA,FA,FA,PREDRAFT,4,0,0,0,0,True,False
8813,Anthony Turner,WR,,True,Active,,,,,FA,FA,FA,FA,PREDRAFT,4,0,0,0,0,True,False
11053,Antoine Green,WR,,True,Active,,,,,FA,FA,FA,FA,PREDRAFT,4,0,0,0,0,True,False
6165,Antoine Wesley,WR,,True,Active,,,,,FA,FA,FA,FA,PREDRAFT,4,0,0,0,0,True,False
536,Antonio Brown,WR,,True,Active,,,,,FA,FA,FA,FA,PREDRAFT,4,0,0,0,0,True,False
5310,Antonio Callaway,WR,,True,Active,,,,,FA,FA,FA,FA,PREDRAFT,4,0,0,0,0,True,False
7744,Antonio Nunn,WR,,True,Active,,,,,FA,FA,FA,FA,PREDRAFT,4,0,0,0,0,True,False
2593,Antwan Goodley,WR,,True,Inactive,,,,,FA,FA,FA,FA,PREDRAFT,4,0,0,0,0,True,False
12460,Antwane Wells,WR,ATL,True,Active,,,,,FA,FA,FA,FA,PREDRAFT,4,0,0,0,0,True,False
12539,Arian Smith,WR,NYJ,True,Active,,,RWR,6,FA,FA,FA,FA,PREDRAFT,4,0,0,0,0,True,False
5401,Armanti Foreman,WR,,True,Active,,,,,FA,FA,FA,FA,PREDRAFT,4,0,0,0,0,True,False
11267,Aron Cruickshank,WR,,True,Active,,,,,FA,FA,FA,FA,PREDRAFT,4,0,0,0,0,True,False
4670,Artavis Scott,WR,,True,Active,,,,,FA,FA,FA,FA,PREDRAFT,4,0,0,0,0,True,False
6427,Ashton Dulin,WR,IND,True,Active,,,SWR,4,FA,FA,FA,FA,PREDRAFT,4,0,0,0,0,True,False
5130,Auden Tate,WR,,True,Active,,,,,FA,FA,FA,FA,PREDRAFT,4,0,0,0,0,True,False
4416,Austin Carr,WR,,True,Inactive,,,,,FA,FA,FA,FA,PREDRAFT,4,0,0,0,0,True,False
4358,Austin Duke,WR,,True,Active,,,,,FA,FA,FA,FA,PREDRAFT,4,0,0,0,0,True,False
6873,Austin Mack,WR,,True,Active,,,,,FA,FA,FA,FA,PREDRAFT,4,0,0,0,0,True,False
5126,Austin Proehl,WR,,True,Active,,,,,FA,FA,FA,FA,PREDRAFT,4,0,0,0,0,True,False
7746,Austin Trammell,WR,JAX,True,Active,,,,,FA,FA,FA,FA,PREDRAFT,4,0,0,0,0,True,False
7579,Austin Watkins,WR,,True,Active,,,,,FA,FA,FA,FA,PREDRAFT,4,0,0,0,0,True,False
5796,Austin Wolf,WR,,True,Inactive,,,,,FA,FA,FA,FA,PREDRAFT,4,0,0,0,0,True,False
11544,Avery Davis,WR,,True,Active,,,,,FA,FA,FA,FA,PREDRAFT,4,0,0,0,0,True,False
12097,Ayir Asante,WR,,True,Active,,,,,FA,FA,FA,FA,PREDRAFT,4,0,0,0,0,True,False
4515,B.J. Johnson,WR,,True,Active,,,,,FA,FA,FA,FA,PREDRAFT,4,0,0,0,0,True,False
7885,Bailey Gaither,WR,,True,Active,,,,,FA,FA,FA,FA,PREDRAFT,4,0,0,0,0,True,False
12314,Beau Corrales,WR,,True,Active,,,,,FA,FA,FA,FA,PREDRAFT,4,0,0,0,0,True,False
12889,Beaux Collins,WR,ATL,True,Inactive,IR,,,8,FA,FA,FA,FA,PREDRAFT,4,0,0,0,0,True,False
2906,Bell Braylon,WR,,True,Active,,,,,FA,FA,FA,FA,PREDRAFT,4,0,0,0,0,True,False
13647,Ben Patterson,WR,,True,Active,,,,,FA,FA,FA,FA,PREDRAFT,4,0,0,0,0,True,False
7757,Ben Skowronek,WR,PIT,True,Active,Questionable,,RWR,5,FA,FA,FA,FA,PREDRAFT,4,0,0,0,0,True,False
2003,Bennie Fowler,WR,,True,Active,,,,,FA,FA,FA,FA,PREDRAFT,4,0,0,0,0,True,False
6939,Binjimen Victor,WR,,True,Active,,,,,FA,FA,FA,FA,PREDRAFT,4,0,0,0,0,True,False
6088,Bisi Johnson,WR,,True,Inactive,,,,,FA,FA,FA,FA,PREDRAFT,4,0,0,0,0,True,False
7552,Blake Proehl,WR,,True,Active,,,,,FA,FA,FA,FA,PREDRAFT,4,0,0,0,0,True,False
12832,Blayne Taylor,WR,,True,Active,,,,,FA,FA,FA,FA,PREDRAFT,4,0,0,0,0,True,False
8204,Bo Melton,WR,GB,True,Active,,,RWR,4,FA,FA,FA,FA,PREDRAFT,4,0,0,0,0,True,False
4480,Bobo Wilson,WR,,True,Active,,,,,FA,FA,FA,FA,PREDRAFT,4,0,0,0,0,True,False
4779,Bra'Lon Cherry,WR,,True,Active,,,,,FA,FA,FA,FA,PREDRAFT,4,0,0,0,0,True,False
13658,Brady Boyd,WR,,True,Active,,,,,FA,FA,FA,FA,PREDRAFT,4,0,0,0,0,True,False
8021,Branden Mack,WR,,True,Active,,,,,FA,FA,FA,FA,PREDRAFT,4,0,0,0,0,True,False
2197,Brandin Cooks,WR,,True,Active,,,,,FA,FA,FA,FA,PREDRAFT,4,0,0,0,0,True,False
14049,Brandon Hayes,WR,,True,Active,,,,,FA,FA,FA,FA,PREDRAFT,4,0,0,0,0,True,False
8756,Brandon Johnson,WR,PIT,True,Active,,,,,FA,FA,FA,FA,PREDRAFT,4,0,0,0,0,True,False
8908,Brandon Lewis,WR,,True,Active,,,,,FA,FA,FA,FA,PREDRAFT,4,0,0,0,0,True,False
7340,Brandon Polk,WR,,True,Active,,,,,FA,FA,FA,FA,PREDRAFT,4,0,0,0,0,True,False
5695,Brandon Powell,WR,,True,Active,,,,,FA,FA,FA,FA,PREDRAFT,4,0,0,0,0,True,False
3762,Brandon Shippen,WR,,True,Active,,,,,FA,FA,FA,FA,PREDRAFT,4,0,0,0,0,True,False
7865,Brandon Smith,WR,PIT,True,Active,,,,,FA,FA,FA,FA,PREDRAFT,4,0,0,0,0,True,False
4878,Brandon Zylstra,WR,,True,Active,,,,,FA,FA,FA,FA,PREDRAFT,4,0,0,0,0,True,False
5121,Braxton Berrios,WR,NYG,True,Active,,,,,FA,FA,FA,FA,PREDRAFT,4,0,0,0,0,True,False
11410,Braxton Burmeister,WR,,True,Active,,,,,FA,FA,FA,FA,PREDRAFT,4,0,0,0,0,True,False
11301,Braxton Westfield,WR,,True,Active,,,,,FA,FA,FA,FA,PREDRAFT,4,0,0,0,0,True,False
11496,Braydon Johnson,WR,,True,Active,,,,,FA,FA,FA,FA,PREDRAFT,4,0,0,0,0,True,False
8178,Braylon Sanders,WR,,True,Active,,,,,FA,FA,FA,FA,PREDRAFT,4,0,0,0,0,True,False
2044,Brelan Chancellor,WR,,True,Active,,,,,FA,FA,FA,FA,PREDRAFT,4,0,0,0,0,True,False
11621,Brenden Rice,WR,,True,Active,,,,,FA,FA,FA,FA,PREDRAFT,4,0,0,0,0,True,False
7584,Brennan Eagles,WR,,True,Active,,,,,FA,FA,FA,FA,PREDRAFT,4,0,0,0,0,True,False
13011,Brennan Presley,WR,LAR,True,Active,,,,,FA,FA,FA,FA,PREDRAFT,4,0,0,0,0,True,False
2331,Breshad Perriman,WR,,True,Active,,,,,FA,FA,FA,FA,PREDRAFT,4,0,0,0,0,True,False
12220,Brevin Easton,WR,,True,Active,,,,,FA,FA,FA,FA,PREDRAFT,4,0,0,0,0,True,False
4569,Brian Brown,WR,,True,Active,,,,,FA,FA,FA,FA,PREDRAFT,4,0,0,0,0,True,False
6629,Brian Burt,WR,,True,Active,,,,,FA,FA,FA,FA,PREDRAFT,4,0,0,0,0,True,False
11502,Brian Cobbs,WR,,True,Active,,,,,FA,FA,FA,FA,PREDRAFT,4,0,0,0,0,True,False
4815,Brian Riley,WR,,True,Active,,,,,FA,FA,FA,FA,PREDRAFT,4,0,0,0,0,True,False
4434,Brisly Estime,WR,,True,Active,,,,,FA,FA,FA,FA,PREDRAFT,4,0,0,0,0,True,False
8414,Britain Covey,WR,PHI,True,Active,,,,,FA,FA,FA,FA,PREDRAFT,4,0,0,0,0,True,False
14034,Brock Rechsteiner,WR,,True,Active,Sus,,,,FA,FA,FA,FA,PREDRAFT,4,0,0,0,0,True,False
6870,Bryan Edwards,WR,,True,Active,,,,,FA,FA,FA,FA,PREDRAFT,4,0,0,0,0,True,False
11495,Bryan Thompson,WR,,True,Inactive,,,,,FA,FA,FA,FA,PREDRAFT,4,0,0,0,0,True,False
5831,Bryant Mitchell,WR,,True,Inactive,,,,,FA,FA,FA,FA,PREDRAFT,4,0,0,0,0,True,False
5787,Bryce Bobo,WR,,True,Active,,,,,FA,FA,FA,FA,PREDRAFT,4,0,0,0,0,True,False
9499,Bryce Ford-Wheaton,WR,,True,Active,Questionable,,,,FA,FA,FA,FA,PREDRAFT,4,0,0,0,0,True,False
11959,Bryce Oliver,WR,CLE,True,Active,,,,,FA,FA,FA,FA,PREDRAFT,4,0,0,0,0,True,False
11157,Brycen Tremayne,WR,CAR,True,Active,,,RWR,6,FA,FA,FA,FA,PREDRAFT,4,0,0,0,0,True,False
12799,Bryson Green,WR,,True,Active,,,,,FA,FA,FA,FA,PREDRAFT,4,0,0,0,0,True,False
11748,Bub Means,WR,,True,Active,,,,,FA,FA,FA,FA,PREDRAFT,4,0,0,0,0,True,False
2502,Bud Sasser,WR,,True,Active,,,,,FA,FA,FA,FA,PREDRAFT,4,0,0,0,0,True,False
5199,Byron Pringle,WR,,True,Active,,,,,FA,FA,FA,FA,PREDRAFT,4,0,0,0,0,True,False
4344,C.J. Board,WR,,True,Active,,,,,FA,FA,FA,FA,PREDRAFT,4,0,0,0,0,True,False
13334,C.J. Charleston,WR,,True,Active,,,,,FA,FA,FA,FA,PREDRAFT,4,0,0,0,0,True,False
5734,C.J. Duncan,WR,,True,Active,,,,,FA,FA,FA,FA,PREDRAFT,4,0,0,0,0,True,False
4798,C.J. Germany,WR,,True,Active,,,,,FA,FA,FA,FA,PREDRAFT,4,0,0,0,0,True,False
9759,C.J. Johnson,WR,,True,Active,,,,,FA,FA,FA,FA,PREDRAFT,4,0,0,0,0,True,False
8068,C.J. Saunders,WR,,True,Active,,,,,FA,FA,FA,FA,PREDRAFT,4,0,0,0,0,True,False
6359,C.J. Worton,WR,,True,Active,,,,,FA,FA,FA,FA,PREDRAFT,4,0,0,0,0,True,False
13554,CJ Williams,WR,JAX,True,Active,,,LWR,9,FA,FA,FA,FA,PREDRAFT,4,0,0,0,0,True,False
7956,Cade Johnson,WR,,True,Active,,,,,FA,FA,FA,FA,PREDRAFT,4,0,0,0,0,True,False
13212,Cade McDonald,WR,,True,Active,,,,,FA,FA,FA,FA,PREDRAFT,4,0,0,0,0,True,False
12399,Caleb Chapman,WR,,True,Active,,,,,FA,FA,FA,FA,PREDRAFT,4,0,0,0,0,True,False
5223,Caleb Scott,WR,TEN,True,Active,,,,,FA,FA,FA,FA,PREDRAFT,4,0,0,0,0,True,False
8125,Calvin Austin,WR,NYG,True,Inactive,IR,,,8,FA,FA,FA,FA,PREDRAFT,4,0,0,0,0,True,False
8251,Calvin Jackson,WR,,True,Active,,,,,FA,FA,FA,FA,PREDRAFT,4,0,0,0,0,True,False
12906,Cam Camper,WR,,True,Active,,,,,FA,FA,FA,FA,PREDRAFT,4,0,0,0,0,True,False
12086,Cam Johnson,WR,,True,Active,,,,,FA,FA,FA,FA,PREDRAFT,4,0,0,0,0,True,False
5432,Cam Sims,WR,,True,Active,,,,,FA,FA,FA,FA,PREDRAFT,4,0,0,0,0,True,False
2938,Cam Worthy,WR,,True,Active,,,,,FA,FA,FA,FA,PREDRAFT,4,0,0,0,0,True,False
13726,Camden Brown,WR,DAL,True,Active,,,RWR,6,FA,FA,FA,FA,PREDRAFT,4,0,0,0,0,True,False
5289,Cameron Batson,WR,,True,Active,,,,,FA,FA,FA,FA,PREDRAFT,4,0,0,0,0,True,False
13962,Cameron Dorner,WR,NE,True,Active,,,,,FA,FA,FA,FA,PREDRAFT,4,0,0,0,0,True,False
4749,Cameron Posey,WR,,True,Active,,,,,FA,FA,FA,FA,PREDRAFT,4,0,0,0,0,True,False
13744,Cameron Ross,WR,,True,Active,,,,,FA,FA,FA,FA,PREDRAFT,4,0,0,0,0,True,False
3555,Canaan Severin,WR,,True,Active,,,,,FA,FA,FA,FA,PREDRAFT,4,0,0,0,0,True,False
4108,Carlos Henderson,WR,,True,Active,,,,,FA,FA,FA,FA,PREDRAFT,4,0,0,0,0,True,False
11806,Casey Washington,WR,CAR,True,Active,,,,,FA,FA,FA,FA,PREDRAFT,4,0,0,0,0,True,False
13826,Caullin Lacy,WR,,True,Inactive,Questionable,,,,FA,FA,FA,FA,PREDRAFT,4,0,0,0,0,True,False
3447,Cayleb Jones,WR,,True,Active,,,,,FA,FA,FA,FA,PREDRAFT,4,0,0,0,0,True,False
5113,Cedrick Wilson,WR,,True,Inactive,Questionable,,,,FA,FA,FA,FA,PREDRAFT,4,0,0,0,0,True,False
11081,Cephus Johnson,WR,,True,Active,,,,,FA,FA,FA,FA,PREDRAFT,4,0,0,0,0,True,False
5570,Chad Beebe,WR,,True,Active,,,,,FA,FA,FA,FA,PREDRAFT,4,0,0,0,0,True,False
4175,Chad Hansen,WR,,True,Active,,,,,FA,FA,FA,FA,PREDRAFT,4,0,0,0,0,True,False
4128,Chad Williams,WR,,True,Active,,,,,FA,FA,FA,FA,PREDRAFT,4,0,0,0,0,True,False
12908,Chandler Brayboy,WR,,True,Active,,,,,FA,FA,FA,FA,PREDRAFT,4,0,0,0,0,True,False
8624,Changa Hodge,WR,,True,Active,,,,,FA,FA,FA,FA,PREDRAFT,4,0,0,0,0,True,False
8198,Charleston Rambo,WR,,True,Inactive,,,,,FA,FA,FA,FA,PREDRAFT,4,0,0,0,0,True,False
10228,Charlie Jones,WR,NYG,True,Active,,,,,FA,FA,FA,FA,PREDRAFT,4,0,0,0,0,True,False
6886,Chase Claypool,WR,,True,Inactive,,,,,FA,FA,FA,FA,PREDRAFT,4,0,0,0,0,True,False
11554,Chase Cota,WR,,True,Active,,,,,FA,FA,FA,FA,PREDRAFT,4,0,0,0,0,True,False
11347,Chase Cota,WR,,True,Active,,,,,FA,FA,FA,FA,PREDRAFT,4,0,0,0,0,True,False
13410,Chase Roberts,WR,LV,True,Inactive,Questionable,,,,FA,FA,FA,FA,PREDRAFT,4,0,0,0,0,True,False
3582,Chester Rogers,WR,,True,Active,,,,,FA,FA,FA,FA,PREDRAFT,4,0,0,0,0,True,False
12100,Chris Autman-Bell,WR,,True,Active,,,,,FA,FA,FA,FA,PREDRAFT,4,0,0,0,0,True,False
7521,Chris Blair,WR,ATL,True,Active,,,LWR,5,FA,FA,FA,FA,PREDRAFT,4,0,0,0,0,True,False
3486,Chris Brown,WR,,True,Active,,,,,FA,FA,FA,FA,PREDRAFT,4,0,0,0,0,True,False
11366,Chris Coleman,WR,,True,Active,,,,,FA,FA,FA,FA,PREDRAFT,4,0,0,0,0,True,False
2381,Chris Conley,WR,,True,Active,,,,,FA,FA,FA,FA,PREDRAFT,4,0,0,0,0,True,False
7092,Chris Finke,WR,,True,Active,,,,,FA,FA,FA,FA,PREDRAFT,4,0,0,0,0,True,False
13674,Chris Hilton,WR,GB,True,Active,,,,,FA,FA,FA,FA,PREDRAFT,4,0,0,0,0,True,False
1329,Chris Hogan,WR,,True,Injured Reserve,,,,,FA,FA,FA,FA,PREDRAFT,4,0,0,0,0,True,False
3609,Chris King,WR,,True,Active,,,,,FA,FA,FA,FA,PREDRAFT,4,0,0,0,0,True,False
5661,Chris Lacy,WR,,True,Active,,,,,FA,FA,FA,FA,PREDRAFT,4,0,0,0,0,True,False
3269,Chris Moore,WR,BAL,True,Active,,,,,FA,FA,FA,FA,PREDRAFT,4,0,0,0,0,True,False
7175,Chris Rowland,WR,,True,Active,,,,,FA,FA,FA,FA,PREDRAFT,4,0,0,0,0,True,False
13043,Chris Tyree,WR,,True,Active,,,,,FA,FA,FA,FA,PREDRAFT,4,0,0,0,0,True,False
5241,Christian Blake,WR,,True,Active,,,,,FA,FA,FA,FA,PREDRAFT,4,0,0,0,0,True,False
11523,Cody Chrest,WR,,True,Active,,,,,FA,FA,FA,FA,PREDRAFT,4,0,0,0,0,True,False
11284,Cody Chrest,WR,,True,Active,,,,,FA,FA,FA,FA,PREDRAFT,4,0,0,0,0,True,False
3355,Cody Core,WR,,True,Active,,,,,FA,FA,FA,FA,PREDRAFT,4,0,0,0,0,True,False
4420,Cody Hollister,WR,,True,Active,,,,,FA,FA,FA,FA,PREDRAFT,4,0,0,0,0,True,False
2004,Cody Latimer,WR,,True,Inactive,,,,,FA,FA,FA,FA,PREDRAFT,4,0,0,0,0,True,False
6171,Cody Thompson,WR,,True,Active,,,,,FA,FA,FA,FA,PREDRAFT,4,0,0,0,0,True,False
7039,Cody White,WR,LV,True,Active,,,,,FA,FA,FA,FA,PREDRAFT,4,0,0,0,0,True,False
4738,Colby Pearson,WR,,True,Active,,,,,FA,FA,FA,FA,PREDRAFT,4,0,0,0,0,True,False
1144,Cole Beasley,WR,,True,Inactive,,,,,FA,FA,FA,FA,PREDRAFT,4,0,0,0,0,True,False
12264,Cole Beck,WR,,True,Active,,,,,FA,FA,FA,FA,PREDRAFT,4,0,0,0,0,True,False
12210,Cole Burgess,WR,PIT,True,Inactive,IR,,,9,FA,FA,FA,FA,PREDRAFT,4,0,0,0,0,True,False
12829,Coleman Owen,WR,IND,True,Inactive,IR,,,9,FA,FA,FA,FA,PREDRAFT,4,0,0,0,0,True,False
6857,Collin Johnson,WR,,True,Active,,,,,FA,FA,FA,FA,PREDRAFT,4,0,0,0,0,True,False
11046,Colton Dowell,WR,,True,Active,,,,,FA,FA,FA,FA,PREDRAFT,4,0,0,0,0,True,False
7954,Connor Wedington,WR,,True,Active,,,,,FA,FA,FA,FA,PREDRAFT,4,0,0,0,0,True,False
2684,Corbin Louks,WR,,True,Active,,,,,FA,FA,FA,FA,PREDRAFT,4,0,0,0,0,True,False
3177,Corey Coleman,WR,,True,Active,,,,,FA,FA,FA,FA,PREDRAFT,4,0,0,0,0,True,False
12090,Corey Crooms,WR,,True,Active,,,,,FA,FA,FA,FA,PREDRAFT,4,0,0,0,0,True,False
4036,Corey Davis,WR,,True,Active,,,,,FA,FA,FA,FA,PREDRAFT,4,0,0,0,0,True,False
13898,Corey Rucker,WR,LV,True,Inactive,IR,,,11,FA,FA,FA,FA,PREDRAFT,4,0,0,0,0,True,False
8438,Corey Sutton,WR,,True,Injured Reserve,,,,,FA,FA,FA,FA,PREDRAFT,4,0,0,0,0,True,False
5155,Corey Willis,WR,,True,Active,,,,,FA,FA,FA,FA,PREDRAFT,4,0,0,0,0,True,False
11815,Cornelius Johnson,WR,,True,Active,,,,,FA,FA,FA,FA,PREDRAFT,4,0,0,0,0,True,False
7541,Cornell Powell,WR,,True,Active,,,,,FA,FA,FA,FA,PREDRAFT,4,0,0,0,0,True,False
13849,Cortez Braham,WR,,True,Active,,,,,FA,FA,FA,FA,PREDRAFT,4,0,0,0,0,True,False
6605,Cortrelle Simpson,WR,,True,Inactive,,,,,FA,FA,FA,FA,PREDRAFT,4,0,0,0,0,True,False
12772,Courtney Jackson,WR,,True,Active,,,,,FA,FA,FA,FA,PREDRAFT,4,0,0,0,0,True,False
4082,Curtis Samuel,WR,,True,Active,,,,,FA,FA,FA,FA,PREDRAFT,4,0,0,0,0,True,False
4050,Cyril Grayson,WR,,True,Active,,,,,FA,FA,FA,FA,PREDRAFT,4,0,0,0,0,True,False
8699,Cyrus Holder,WR,,True,Active,,,,,FA,FA,FA,FA,PREDRAFT,4,0,0,0,0,True,False
6453,D.J. Montgomery,WR,IND,True,Inactive,IR,,,6,FA,FA,FA,FA,PREDRAFT,4,0,0,0,0,True,False
4951,DJ Chark,WR,,True,Active,,,,,FA,FA,FA,FA,PREDRAFT,4,0,0,0,0,True,False
7989,DJ Turner,WR,,True,Active,Questionable,,,,FA,FA,FA,FA,PREDRAFT,4,0,0,0,0,True,False
13326,DT Sheffield,WR,,True,Inactive,Questionable,,,,FA,FA,FA,FA,PREDRAFT,4,0,0,0,0,True,False
5166,Da'Mari Scott,WR,,True,Inactive,,,,,FA,FA,FA,FA,PREDRAFT,4,0,0,0,0,True,False
12892,Da'Quan Felton,WR,,True,Active,Questionable,,,,FA,FA,FA,FA,PREDRAFT,4,0,0,0,0,True,False
2532,Da'Ron Brown,WR,,True,Active,,,,,FA,FA,FA,FA,PREDRAFT,4,0,0,0,0,True,False
6017,DaMarkus Lodge,WR,,True,Active,,,,,FA,FA,FA,FA,PREDRAFT,4,0,0,0,0,True,False
2573,DaVaris Daniels,WR,,True,Active,,,,,FA,FA,FA,FA,PREDRAFT,4,0,0,0,0,True,False
4998,DaeSean Hamilton,WR,,True,Active,,,,,FA,FA,FA,FA,PREDRAFT,4,0,0,0,0,True,False
11367,Daewood Davis,WR,,True,Inactive,,,,,FA,FA,FA,FA,PREDRAFT,4,0,0,0,0,True,False
8213,Dai'Jean Dixon,WR,,True,Active,,,,,FA,FA,FA,FA,PREDRAFT,4,0,0,0,0,True,False
4544,Daikiel Shorts,WR,,True,Active,,,,,FA,FA,FA,FA,PREDRAFT,4,0,0,0,0,True,False
12333,Dakereon Joyner,WR,,True,Active,,,,,FA,FA,FA,FA,PREDRAFT,4,0,0,0,0,True,False
12291,Dakota Caton,WR,,True,Active,,,,,FA,FA,FA,FA,PREDRAFT,4,0,0,0,0,True,False
12888,Dalen Cambre,WR,NYG,True,Active,,,,,FA,FA,FA,FA,PREDRAFT,4,0,0,0,0,True,False
13202,Dalevon Campbell,WR,LAC,True,Inactive,IR,,,9,FA,FA,FA,FA,PREDRAFT,4,0,0,0,0,True,False
11438,Dallas Daniels,WR,,True,Active,,,,,FA,FA,FA,FA,PREDRAFT,4,0,0,0,0,True,False
7320,Dalton Schoen,WR,,True,Active,,,,,FA,FA,FA,FA,PREDRAFT,4,0,0,0,0,True,False
2672,Damarr Aultman,WR,,True,Active,,,,,FA,FA,FA,FA,PREDRAFT,4,0,0,0,0,True,False
13440,Damien Alford,WR,,True,Active,Questionable,,,,FA,FA,FA,FA,PREDRAFT,4,0,0,0,0,True,False
2673,Damiere Byrd,WR,,True,Active,,,,,FA,FA,FA,FA,PREDRAFT,4,0,0,0,0,True,False
6370,Damion Jeanpiere,WR,,True,Active,,,,,FA,FA,FA,FA,PREDRAFT,4,0,0,0,0,True,False
5080,Damion Ratley,WR,,True,Active,,,,,FA,FA,FA,FA,PREDRAFT,4,0,0,0,0,True,False
6549,Damion Willis,WR,,True,Active,,,,,FA,FA,FA,FA,PREDRAFT,4,0,0,0,0,True,False
7573,Damon Hazelton,WR,,True,Active,,,,,FA,FA,FA,FA,PREDRAFT,4,0,0,0,0,True,False
6195,Damon Sheehy-Guiseppi,WR,,True,Active,,,,,FA,FA,FA,FA,PREDRAFT,4,0,0,0,0,True,False
2937,Damond Powell,WR,,True,Active,,,,,FA,FA,FA,FA,PREDRAFT,4,0,0,0,0,True,False
4401,Damore'ea Stringfellow,WR,,True,Active,,,,,FA,FA,FA,FA,PREDRAFT,4,0,0,0,0,True,False
5125,Damoun Patterson,WR,,True,Active,,,,,FA,FA,FA,FA,PREDRAFT,4,0,0,0,0,True,False
7357,Dan Chisena,WR,,True,Inactive,Questionable,,,,FA,FA,FA,FA,PREDRAFT,4,0,0,0,0,True,False
11184,Daniel Arias,WR,,True,Active,,,,,FA,FA,FA,FA,PREDRAFT,4,0,0,0,0,True,False
12311,Daniel George,WR,,True,Active,,,,,FA,FA,FA,FA,PREDRAFT,4,0,0,0,0,True,False
13053,Daniel Jackson,WR,,True,Active,,,,,FA,FA,FA,FA,PREDRAFT,4,0,0,0,0,True,False
2817,Daniel Rodriguez,WR,,True,Active,,,,,FA,FA,FA,FA,PREDRAFT,4,0,0,0,0,True,False
13861,Daniel Sobkowicz,WR,HOU,True,Active,,,,,FA,FA,FA,FA,PREDRAFT,4,0,0,0,0,True,False
4829,Daniel Williams,WR,,True,Active,,,,,FA,FA,FA,FA,PREDRAFT,4,0,0,0,0,True,False
491,Danny Amendola,WR,,True,Active,,,,,FA,FA,FA,FA,PREDRAFT,4,0,0,0,0,True,False
3454,Danny Anthrop,WR,,True,Active,,,,,FA,FA,FA,FA,PREDRAFT,4,0,0,0,0,True,False
8602,Danny Davis,WR,,True,Active,,,,,FA,FA,FA,FA,PREDRAFT,4,0,0,0,0,True,False
8176,Danny Gray,WR,PHI,True,Active,,,,,FA,FA,FA,FA,PREDRAFT,4,0,0,0,0,True,False
4992,Dante Pettis,WR,,True,Active,,,,,FA,FA,FA,FA,PREDRAFT,4,0,0,0,0,True,False
13113,Dante Wright,WR,,True,Inactive,,,,,FA,FA,FA,FA,PREDRAFT,4,0,0,0,0,True,False
7623,Darece Roberson,WR,,True,Active,,,,,FA,FA,FA,FA,PREDRAFT,4,0,0,0,0,True,False
8527,Dareke Young,WR,LV,True,Active,,,SWR,5,FA,FA,FA,FA,PREDRAFT,4,0,0,0,0,True,False
13150,Darius Cooper,WR,PHI,True,Active,,,RWR,5,FA,FA,FA,FA,PREDRAFT,4,0,0,0,0,True,False
2925,Darius Davis,WR,,True,Active,,,,,FA,FA,FA,FA,PREDRAFT,4,0,0,0,0,True,False
2602,Darius Jennings,WR,,True,Active,,,,,FA,FA,FA,FA,PREDRAFT,4,0,0,0,0,True,False
13063,Darius Lassiter,WR,,True,Active,,,,,FA,FA,FA,FA,PREDRAFT,4,0,0,0,0,True,False
5799,Darius Prince,WR,,True,Active,,,,,FA,FA,FA,FA,PREDRAFT,4,0,0,0,0,True,False
7056,Darrell Stewart,WR,,True,Inactive,,,,,FA,FA,FA,FA,PREDRAFT,4,0,0,0,0,True,False
5798,Darren Carrington,WR,,True,Inactive,NA,,,,FA,FA,FA,FA,PREDRAFT,4,0,0,0,0,True,False
4676,Darreus Rogers,WR,,True,Active,,,,,FA,FA,FA,FA,PREDRAFT,4,0,0,0,0,True,False
6519,Darrius Shepherd,WR,,True,Active,,,,,FA,FA,FA,FA,PREDRAFT,4,0,0,0,0,True,False
5722,Darvin Kidsy,WR,,True,Active,,,,,FA,FA,FA,FA,PREDRAFT,4,0,0,0,0,True,False
5102,Daurice Fountain,WR,,True,Active,,,,,FA,FA,FA,FA,PREDRAFT,4,0,0,0,0,True,False
8118,David Bell,WR,,True,Active,,,,,FA,FA,FA,FA,PREDRAFT,4,0,0,0,0,True,False
11505,David Durden,WR,,True,Active,,,,,FA,FA,FA,FA,PREDRAFT,4,0,0,0,0,True,False
4274,David Moore,WR,CAR,True,Active,,,,,FA,FA,FA,FA,PREDRAFT,4,0,0,0,0,True,False
2787,David Porter,WR,,True,Active,,,,,FA,FA,FA,FA,PREDRAFT,4,0,0,0,0,True,False
6154,David Sills,WR,TB,True,Active,IR,,RWR,7,FA,FA,FA,FA,PREDRAFT,4,0,0,0,0,True,False
12421,David Wallis,WR,,True,Active,,,,,FA,FA,FA,FA,PREDRAFT,4,0,0,0,0,True,False
3916,David Watford,WR,,True,Active,,,,,FA,FA,FA,FA,PREDRAFT,4,0,0,0,0,True,False
12224,David White,WR,,True,Active,,,,,FA,FA,FA,FA,PREDRAFT,4,0,0,0,0,True,False
6380,Davion Davis,WR,,True,Active,,,,,FA,FA,FA,FA,PREDRAFT,4,0,0,0,0,True,False
5176,Davon Grayson,WR,,True,Active,,,,,FA,FA,FA,FA,PREDRAFT,4,0,0,0,0,True,False
7751,Dax Milne,WR,,True,Active,,,,,FA,FA,FA,FA,PREDRAFT,4,0,0,0,0,True,False
8928,Daylen Baldwin,WR,,True,Active,,,,,FA,FA,FA,FA,PREDRAFT,4,0,0,0,0,True,False
11964,Dayton Wade,WR,,True,Active,,,,,FA,FA,FA,FA,PREDRAFT,4,0,0,0,0,True,False
7586,Dazz Newsome,WR,,True,Active,,,,,FA,FA,FA,FA,PREDRAFT,4,0,0,0,0,True,False
2023,De'Anthony Thomas,WR,,True,Inactive,,,,,FA,FA,FA,FA,PREDRAFT,4,0,0,0,0,True,False
5295,De'Mornay Pierson-El,WR,,True,Active,,,,,FA,FA,FA,FA,PREDRAFT,4,0,0,0,0,True,False
4814,De'Quan Hampton,WR,,True,Active,,,,,FA,FA,FA,FA,PREDRAFT,4,0,0,0,0,True,False
2750,DeAndre Carter,WR,,True,Active,,,,,FA,FA,FA,FA,PREDRAFT,4,0,0,0,0,True,False
1426,DeAndre Hopkins,WR,,True,Active,,,,,FA,FA,FA,FA,PREDRAFT,4,0,0,0,0,True,False
3542,DeAndre Reaves,WR,,True,Active,,,,,FA,FA,FA,FA,PREDRAFT,4,0,0,0,0,True,False
6540,DeAndre Thompkins,WR,GB,True,Inactive,,,,,FA,FA,FA,FA,PREDRAFT,4,0,0,0,0,True,False
2801,DeAndrew White,WR,,True,Inactive,,,,,FA,FA,FA,FA,PREDRAFT,4,0,0,0,0,True,False
12244,DeAngelo Hardy,WR,,True,Active,,,,,FA,FA,FA,FA,PREDRAFT,4,0,0,0,0,True,False
4200,DeAngelo Yancey,WR,,True,Active,,,,,FA,FA,FA,FA,PREDRAFT,4,0,0,0,0,True,False
12976,DeMeer Blankumsee,WR,,True,Active,,,,,FA,FA,FA,FA,PREDRAFT,4,0,0,0,0,True,False
7279,DeMichael Harris,WR,,True,Active,,,,,FA,FA,FA,FA,PREDRAFT,4,0,0,0,0,True,False
147,DeSean Jackson,WR,,True,Active,,,,,FA,FA,FA,FA,PREDRAFT,4,0,0,0,0,True,False
2319,DeVante Parker,WR,,True,Active,,,,,FA,FA,FA,FA,PREDRAFT,4,0,0,0,0,True,False
8108,DeVonte Dedmon,WR,,True,Active,,,,,FA,FA,FA,FA,PREDRAFT,4,0,0,0,0,True,False
14020,Dean Patterson,WR,TB,True,Active,,,,,FA,FA,FA,FA,PREDRAFT,4,0,0,0,0,True,False
4610,Deante' Gray,WR,,True,Active,,,,,FA,FA,FA,FA,PREDRAFT,4,0,0,0,0,True,False
4146,Dede Westbrook,WR,,True,Active,,,,,FA,FA,FA,FA,PREDRAFT,4,0,0,0,0,True,False
7612,Dee Eskridge,WR,,True,Active,,,,,FA,FA,FA,FA,PREDRAFT,4,0,0,0,0,True,False
3286,Demarcus Robinson,WR,SF,True,Active,,,RWR,4,FA,FA,FA,FA,PREDRAFT,4,0,0,0,0,True,False
8439,Demetris Robertson,WR,,True,Active,,,,,FA,FA,FA,FA,PREDRAFT,4,0,0,0,0,True,False
2918,Demetrius Wilson,WR,,True,Active,,,,,FA,FA,FA,FA,PREDRAFT,4,0,0,0,0,True,False
8801,Dennis Houston,WR,TB,True,Inactive,Questionable,,,8,FA,FA,FA,FA,PREDRAFT,4,0,0,0,0,True,False
3727,Dennis Parks,WR,,True,Active,,,,,FA,FA,FA,FA,PREDRAFT,4,0,0,0,0,True,False
6849,Denzel Mims,WR,,True,Active,,,,,FA,FA,FA,FA,PREDRAFT,4,0,0,0,0,True,False
5101,Deon Cain,WR,,True,Active,,,,,FA,FA,FA,FA,PREDRAFT,4,0,0,0,0,True,False
5290,Deontay Burnett,WR,,True,Active,,,,,FA,FA,FA,FA,PREDRAFT,4,0,0,0,0,True,False
6234,Deonte Harty,WR,,True,Active,Questionable,,,,FA,FA,FA,FA,PREDRAFT,4,0,0,0,0,True,False
5703,Deontez Alexander,WR,,True,Active,,,,,FA,FA,FA,FA,PREDRAFT,4,0,0,0,0,True,False
8570,Derek Wright,WR,,True,Active,,,,,FA,FA,FA,FA,PREDRAFT,4,0,0,0,0,True,False
1939,Derel Walker,WR,,True,Active,,,,,FA,FA,FA,FA,PREDRAFT,4,0,0,0,0,True,False
7100,Derrick Dillon,WR,,True,Active,,,,,FA,FA,FA,FA,PREDRAFT,4,0,0,0,0,True,False
1842,Derrick Johnson,WR,,True,Active,,,,,FA,FA,FA,FA,PREDRAFT,4,0,0,0,0,True,False
5539,Derrick Willies,WR,,True,Inactive,,,,,FA,FA,FA,FA,PREDRAFT,4,0,0,0,0,True,False
2940,Des Lawrence,WR,,True,Active,,,,,FA,FA,FA,FA,PREDRAFT,4,0,0,0,0,True,False
2931,Deshon Foxx,WR,,True,Active,,,,,FA,FA,FA,FA,PREDRAFT,4,0,0,0,0,True,False
5243,Detrich Clark,WR,,True,Active,,,,,FA,FA,FA,FA,PREDRAFT,4,0,0,0,0,True,False
2577,Devante Davis,WR,,True,Active,,,,,FA,FA,FA,FA,PREDRAFT,4,0,0,0,0,True,False
8253,Deven Thompkins,WR,LV,True,Active,,,,,FA,FA,FA,FA,PREDRAFT,4,0,0,0,0,True,False
12019,Devin Carter,WR,,True,Active,,,,,FA,FA,FA,FA,PREDRAFT,4,0,0,0,0,True,False
6847,Devin Duvernay,WR,ARI,True,Active,,,SWR,6,FA,FA,FA,FA,PREDRAFT,4,0,0,0,0,True,False
3393,Devin Fuller,WR,,True,Active,,,,,FA,FA,FA,FA,PREDRAFT,4,0,0,0,0,True,False
3021,Devin Gardner,WR,,True,Active,,,,,FA,FA,FA,FA,PREDRAFT,4,0,0,0,0,True,False
5244,Devin Gray,WR,,True,Active,,,,,FA,FA,FA,FA,PREDRAFT,4,0,0,0,0,True,False
3380,Devin Lucien,WR,,True,Active,,,,,FA,FA,FA,FA,PREDRAFT,4,0,0,0,0,True,False
7396,Devin Phelps,WR,,True,Active,,,,,FA,FA,FA,FA,PREDRAFT,4,0,0,0,0,True,False
5292,Devin Ross,WR,,True,Active,,,,,FA,FA,FA,FA,PREDRAFT,4,0,0,0,0,True,False
2342,Devin Smith,WR,,True,Active,,,,,FA,FA,FA,FA,PREDRAFT,4,0,0,0,0,True,False
8411,Devon Allen,WR,,True,Active,,,,,FA,FA,FA,FA,PREDRAFT,4,0,0,0,0,True,False
3500,Devon Cajuste,WR,,True,Active,,,,,FA,FA,FA,FA,PREDRAFT,4,0,0,0,0,True,False
8186,Devon Williams,WR,,True,Active,,,,,FA,FA,FA,FA,PREDRAFT,4,0,0,0,0,True,False
5608,Devonte Boyd,WR,,True,Active,,,,,FA,FA,FA,FA,PREDRAFT,4,0,0,0,0,True,False
13632,Devonte Ross,WR,,True,Active,,,,,FA,FA,FA,FA,PREDRAFT,4,0,0,0,0,True,False
11629,Devontez Walker,WR,BAL,True,Active,,,RWR,4,FA,FA,FA,FA,PREDRAFT,4,0,0,0,0,True,False
8019,Devontres Dukes,WR,,True,Active,,,,,FA,FA,FA,FA,PREDRAFT,4,0,0,0,0,True,False
11913,Devron Harper,WR,,True,Active,,,,,FA,FA,FA,FA,PREDRAFT,4,0,0,0,0,True,False
574,Dez Bryant,WR,,True,Inactive,,,,,FA,FA,FA,FA,PREDRAFT,4,0,0,0,0,True,False
7729,Dez Fitzpatrick,WR,,True,Inactive,Questionable,,,,FA,FA,FA,FA,PREDRAFT,4,0,0,0,0,True,False
3599,Dez Stewart,WR,,True,Inactive,,,,,FA,FA,FA,FA,PREDRAFT,4,0,0,0,0,True,False
6985,Dezmon Patmon,WR,,True,Active,,,,,FA,FA,FA,FA,PREDRAFT,4,0,0,0,0,True,False
13621,Dillon Bell,WR,MIN,True,Active,,,,,FA,FA,FA,FA,PREDRAFT,4,0,0,0,0,True,False
6047,Dillon Mitchell,WR,,True,Inactive,,,,,FA,FA,FA,FA,PREDRAFT,4,0,0,0,0,True,False
7996,Dillon Stoner,WR,,True,Inactive,,,,,FA,FA,FA,FA,PREDRAFT,4,0,0,0,0,True,False
12281,Dimitri Stanley,WR,,True,Active,,,,,FA,FA,FA,FA,PREDRAFT,4,0,0,0,0,True,False
5937,Diontae Johnson,WR,,True,Active,,,,,FA,FA,FA,FA,PREDRAFT,4,0,0,0,0,True,False
5828,Diontae Spencer,WR,,True,Inactive,,,,,FA,FA,FA,FA,PREDRAFT,4,0,0,0,0,True,False
13264,Dohnte Meyers,WR,CIN,True,Active,,,RWR,8,FA,FA,FA,FA,PREDRAFT,4,0,0,0,0,True,False
3505,Dom Williams,WR,,True,Active,,,,,FA,FA,FA,FA,PREDRAFT,4,0,0,0,0,True,False
12732,Dominic Lovett,WR,DET,True,Active,,,,,FA,FA,FA,FA,PREDRAFT,4,0,0,0,0,True,False
2570,Donatella Luckett,WR,,True,Active,,,,,FA,FA,FA,FA,PREDRAFT,4,0,0,0,0,True,False
13409,Donaven McCulley,WR,,True,Active,,,,,FA,FA,FA,FA,PREDRAFT,4,0,0,0,0,True,False
6824,Donovan Peoples-Jones,WR,,True,Active,,,,,FA,FA,FA,FA,PREDRAFT,4,0,0,0,0,True,False
12946,Dontae Fleming,WR,,True,Inactive,Questionable,,,,FA,FA,FA,FA,PREDRAFT,4,0,0,0,0,True,False
8166,Dontario Drummond,WR,,True,Active,,,,,FA,FA,FA,FA,PREDRAFT,4,0,0,0,0,True,False
11382,Dontay Demus,WR,,True,Active,,,,,FA,FA,FA,FA,PREDRAFT,4,0,0,0,0,True,False
1971,Donte Moncrief,WR,,True,Active,,,,,FA,FA,FA,FA,PREDRAFT,4,0,0,0,0,True,False
8052,Donte Sylencieux,WR,,True,Inactive,,,,,FA,FA,FA,FA,PREDRAFT,4,0,0,0,0,True,False
5242,Dontez Byrd,WR,,True,Active,,,,,FA,FA,FA,FA,PREDRAFT,4,0,0,0,0,True,False
4595,Dontez Ford,WR,,True,Active,,,,,FA,FA,FA,FA,PREDRAFT,4,0,0,0,0,True,False
2291,Dontrelle Inman,WR,,True,Active,,,,,FA,FA,FA,FA,PREDRAFT,4,0,0,0,0,True,False
6449,Dorian Baker,WR,,True,Active,,,,,FA,FA,FA,FA,PREDRAFT,4,0,0,0,0,True,False
13064,Dorian Singer,WR,,True,Active,,,,,FA,FA,FA,FA,PREDRAFT,4,0,0,0,0,True,False
5359,Dorren Miller,WR,,True,Active,,,,,FA,FA,FA,FA,PREDRAFT,4,0,0,0,0,True,False
12133,Drake Stoops,WR,,True,Active,,,,,FA,FA,FA,FA,PREDRAFT,4,0,0,0,0,True,False
6362,Dredrick Snelson,WR,,True,Inactive,,,,,FA,FA,FA,FA,PREDRAFT,4,0,0,0,0,True,False
2587,Dres Anderson,WR,,True,Active,,,,,FA,FA,FA,FA,PREDRAFT,4,0,0,0,0,True,False
8543,Drew Estrada,WR,,True,Active,,,,,FA,FA,FA,FA,PREDRAFT,4,0,0,0,0,True,False
4396,Drew Morgan,WR,,True,Active,,,,,FA,FA,FA,FA,PREDRAFT,4,0,0,0,0,True,False
11204,Duece Watts,WR,,True,Active,,,,,FA,FA,FA,FA,PREDRAFT,4,0,0,0,0,True,False
3846,Duke Williams,WR,,True,Active,,,,,FA,FA,FA,FA,PREDRAFT,4,0,0,0,0,True,False
3630,Durron Neal,WR,,True,Active,,,,,FA,FA,FA,FA,PREDRAFT,4,0,0,0,0,True,False
902,Dwayne Harris,WR,,True,Inactive,,,,,FA,FA,FA,FA,PREDRAFT,4,0,0,0,0,True,False
7587,Dyami Brown,WR,WAS,True,Active,,,LWR,5,FA,FA,FA,FA,PREDRAFT,4,0,0,0,0,True,False
11474,Dylan Drummond,WR,ATL,True,Active,,,,,FA,FA,FA,FA,PREDRAFT,4,0,0,0,0,True,False
13143,Dymere Miller,WR,,True,Active,,,,,FA,FA,FA,FA,PREDRAFT,4,0,0,0,0,True,False
13931,E.J. Horton,WR,,True,Active,,,,,FA,FA,FA,FA,PREDRAFT,4,0,0,0,0,True,False
13805,E.J. Williams,WR,,True,Active,,,,,FA,FA,FA,FA,PREDRAFT,4,0,0,0,0,True,False
7334,Earnest Edwards,WR,,True,Inactive,,,,,FA,FA,FA,FA,PREDRAFT,4,0,0,0,0,True,False
7337,Easop Winston,WR,,True,Active,,,,,FA,FA,FA,FA,PREDRAFT,4,0,0,0,0,True,False
11529,Ed Lee,WR,,True,Active,,,,,FA,FA,FA,FA,PREDRAFT,4,0,0,0,0,True,False
12542,Efton Chism,WR,NE,True,Active,,,RWR,6,FA,FA,FA,FA,PREDRAFT,4,0,0,0,0,True,False
5744,Eldridge Massington,WR,NO,True,Active,,,,,FA,FA,FA,FA,PREDRAFT,4,0,0,0,0,True,False
12909,Eli Pancol,WR,,True,Active,,,,,FA,FA,FA,FA,PREDRAFT,4,0,0,0,0,True,False
7935,Eli Stove,WR,,True,Inactive,,,,,FA,FA,FA,FA,PREDRAFT,4,0,0,0,0,True,False
11139,Elijah Cooks,WR,,True,Active,,,,,FA,FA,FA,FA,PREDRAFT,4,0,0,0,0,True,False
5548,Elijah Marks,WR,,True,Active,,,,,FA,FA,FA,FA,PREDRAFT,4,0,0,0,0,True,False
7596,Elijah Moore,WR,PHI,True,Active,,,LWR,6,FA,FA,FA,FA,PREDRAFT,4,0,0,0,0,True,False
12810,Elijhah Badger,WR,,True,Active,,,,,FA,FA,FA,FA,PREDRAFT,4,0,0,0,0,True,False
5924,Emanuel Hall,WR,,True,Inactive,,,,,FA,FA,FA,FA,PREDRAFT,4,0,0,0,0,True,False
8238,Emeka Emezie,WR,,True,Inactive,,,,,FA,FA,FA,FA,PREDRAFT,4,0,0,0,0,True,False
6107,Emmanuel Butler,WR,,True,Inactive,,,,,FA,FA,FA,FA,PREDRAFT,4,0,0,0,0,True,False
13313,Emmanuel Henderson,WR,SEA,True,Active,,,,,FA,FA,FA,FA,PREDRAFT,4,0,0,0,0,True,False
538,Emmanuel Sanders,WR,,True,Active,,,,,FA,FA,FA,FA,PREDRAFT,4,0,0,0,0,True,False
5323,Equanimeous St. Brown,WR,,True,Inactive,,,,,FA,FA,FA,FA,PREDRAFT,4,0,0,0,0,True,False
13354,Eric McAlister,WR,,True,Active,Questionable,,,,FA,FA,FA,FA,PREDRAFT,4,0,0,0,0,True,False
1701,Eric Rogers,WR,,True,Active,,,,,FA,FA,FA,FA,PREDRAFT,4,0,0,0,0,True,False
8114,Erik Ezukanma,WR,,True,Active,,,,,FA,FA,FA,FA,PREDRAFT,4,0,0,0,0,True,False
8831,Ethan Fernea,WR,,True,Active,,,,,FA,FA,FA,FA,PREDRAFT,4,0,0,0,0,True,False
5530,Evan Berry,WR,,True,Active,,,,,FA,FA,FA,FA,PREDRAFT,4,0,0,0,0,True,False
2703,Ezell Ruffin,WR,,True,Active,,,,,FA,FA,FA,FA,PREDRAFT,4,0,0,0,0,True,False
5941,Felton Davis,WR,,True,Active,,,,,FA,FA,FA,FA,PREDRAFT,4,0,0,0,0,True,False
6697,Floyd Allen,WR,,True,Active,,,,,FA,FA,FA,FA,PREDRAFT,4,0,0,0,0,True,False
1273,Francis Owusu,WR,,True,Active,,,,,FA,FA,FA,FA,PREDRAFT,4,0,0,0,0,True,False
7530,Frank Darby,WR,,True,Active,,,,,FA,FA,FA,FA,PREDRAFT,4,0,0,0,0,True,False
4752,Fred Brown,WR,,True,Active,,,,,FA,FA,FA,FA,PREDRAFT,4,0,0,0,0,True,False
4360,Fred Ross,WR,,True,Inactive,,,,,FA,FA,FA,FA,PREDRAFT,4,0,0,0,0,True,False
6701,Fred Trevillion,WR,,True,Inactive,,,,,FA,FA,FA,FA,PREDRAFT,4,0,0,0,0,True,False
7135,Freddie Swain,WR,,True,Inactive,,,,,FA,FA,FA,FA,PREDRAFT,4,0,0,0,0,True,False
6943,Gabe Davis,WR,,True,Active,Questionable,,,,FA,FA,FA,FA,PREDRAFT,4,0,0,0,0,True,False
4508,Gabe Marks,WR,,True,Active,,,,,FA,FA,FA,FA,PREDRAFT,4,0,0,0,0,True,False
13939,Gabriel Benyard,WR,,True,Active,,,,,FA,FA,FA,FA,PREDRAFT,4,0,0,0,0,True,False
13101,Gage Larvadain,WR,,True,Active,,,,,FA,FA,FA,FA,PREDRAFT,4,0,0,0,0,True,False
11528,Garett Maag,WR,,True,Active,,,,,FA,FA,FA,FA,PREDRAFT,4,0,0,0,0,True,False
5637,Garrett Johnson,WR,,True,Active,,,,,FA,FA,FA,FA,PREDRAFT,4,0,0,0,0,True,False
4922,Garrett Scantling,WR,ATL,True,Active,,,,,FA,FA,FA,FA,PREDRAFT,4,0,0,0,0,True,False
6045,Gary Jennings,WR,LAC,True,Active,,,,,FA,FA,FA,FA,PREDRAFT,4,0,0,0,0,True,False
11478,Gavin Holmes,WR,,True,Active,,,,,FA,FA,FA,FA,PREDRAFT,4,0,0,0,0,True,False
2913,Gavin Lutman,WR,,True,Active,,,,,FA,FA,FA,FA,PREDRAFT,4,0,0,0,0,True,False
4489,Gehrig Dieter,WR,,True,Active,,,,,FA,FA,FA,FA,PREDRAFT,4,0,0,0,0,True,False
12093,Geordon Porter,WR,,True,Active,,,,,FA,FA,FA,FA,PREDRAFT,4,0,0,0,0,True,False
7387,George Campbell,WR,,True,Inactive,,,,,FA,FA,FA,FA,PREDRAFT,4,0,0,0,0,True,False
2487,Geremy Davis,WR,,True,Active,,,,,FA,FA,FA,FA,PREDRAFT,4,0,0,0,0,True,False
4827,Germone Hopper,WR,,True,Active,,,,,FA,FA,FA,FA,PREDRAFT,4,0,0,0,0,True,False
3503,Geronimo Allison,WR,,True,Active,,,,,FA,FA,FA,FA,PREDRAFT,4,0,0,0,0,True,False
13153,Giles Jackson,WR,,True,Active,,,,,FA,FA,FA,FA,PREDRAFT,4,0,0,0,0,True,False
4710,Gio Pascascio,WR,,True,Active,,,,,FA,FA,FA,FA,PREDRAFT,4,0,0,0,0,True,False
642,Golden Tate,WR,,True,Active,,,,,FA,FA,FA,FA,PREDRAFT,4,0,0,0,0,True,False
11024,Grant DuBose,WR,,True,Active,Questionable,,,,FA,FA,FA,FA,PREDRAFT,4,0,0,0,0,True,False
5970,Greg Dortch,WR,BUF,True,Active,,,,,FA,FA,FA,FA,PREDRAFT,4,0,0,0,0,True,False
6744,Greg Ward,WR,,True,Active,,,,,FA,FA,FA,FA,PREDRAFT,4,0,0,0,0,True,False
6699,Gunner Olszewski,WR,NYG,True,Inactive,IR,,,7,FA,FA,FA,FA,PREDRAFT,4,0,0,0,0,True,False
12757,Hal Presley,WR,,True,Active,,,,,FA,FA,FA,FA,PREDRAFT,4,0,0,0,0,True,False
12413,Hamze El-Zayat,WR,,True,Active,,,,,FA,FA,FA,FA,PREDRAFT,4,0,0,0,0,True,False
13776,Hank Beatty,WR,,True,Active,,,,,FA,FA,FA,FA,PREDRAFT,4,0,0,0,0,True,False
13670,Harrison Wallace,WR,ARI,True,Active,,,,,FA,FA,FA,FA,PREDRAFT,4,0,0,0,0,True,False
3920,Harvey Binford,WR,,True,Inactive,,,,,FA,FA,FA,FA,PREDRAFT,4,0,0,0,0,True,False
11607,Hayden Hatten,WR,,True,Active,,,,,FA,FA,FA,FA,PREDRAFT,4,0,0,0,0,True,False
8694,Henry Litwin,WR,,True,Active,,,,,FA,FA,FA,FA,PREDRAFT,4,0,0,0,0,True,False
6789,Henry Ruggs,WR,,True,Active,,,,,FA,FA,FA,FA,PREDRAFT,4,0,0,0,0,True,False
5955,Hunter Renfrow,WR,,True,Active,,,,,FA,FA,FA,FA,PREDRAFT,4,0,0,0,0,True,False
13228,Ife Adeyi,WR,,True,Active,,,,,FA,FA,FA,FA,PREDRAFT,4,0,0,0,0,True,False
2916,Ify Umodu,WR,,True,Active,,,,,FA,FA,FA,FA,PREDRAFT,4,0,0,0,0,True,False
7559,Ihmir Smith-Marsette,WR,ARI,True,Active,,,,,FA,FA,FA,FA,PREDRAFT,4,0,0,0,0,True,False
8861,Irv Charles,WR,SEA,True,Active,IR,,LWR,5,FA,FA,FA,FA,PREDRAFT,4,0,0,0,0,True,False
6626,Isaac Zico,WR,,True,Active,,,,,FA,FA,FA,FA,PREDRAFT,4,0,0,0,0,True,False
7085,Isaiah Coulter,WR,,True,Active,,,,,FA,FA,FA,FA,PREDRAFT,4,0,0,0,0,True,False
4252,Isaiah Ford,WR,,True,Inactive,,,,,FA,FA,FA,FA,PREDRAFT,4,0,0,0,0,True,False
6920,Isaiah Hodgins,WR,,True,Active,,,,,FA,FA,FA,FA,PREDRAFT,4,0,0,0,0,True,False
4197,Isaiah McKenzie,WR,,True,Active,,,,,FA,FA,FA,FA,PREDRAFT,4,0,0,0,0,True,False
7899,Isaiah McKoy,WR,,True,Active,,,,,FA,FA,FA,FA,PREDRAFT,4,0,0,0,0,True,False
13074,Isaiah Neyor,WR,GB,True,Active,,,,,FA,FA,FA,FA,PREDRAFT,4,0,0,0,0,True,False
11982,Isaiah Washington,WR,,True,Active,,,,,FA,FA,FA,FA,PREDRAFT,4,0,0,0,0,True,False
8229,Isaiah Weston,WR,,True,Injured Reserve,,,,,FA,FA,FA,FA,PREDRAFT,4,0,0,0,0,True,False
11608,Isaiah Williams,WR,NYJ,True,Active,,,SWR,4,FA,FA,FA,FA,PREDRAFT,4,0,0,0,0,True,False
11232,Isaiah Winstead,WR,,True,Active,,,,,FA,FA,FA,FA,PREDRAFT,4,0,0,0,0,True,False
11941,Isaiah Wooden,WR,,True,Active,,,,,FA,FA,FA,FA,PREDRAFT,4,0,0,0,0,True,False
7407,Isaiah Wright,WR,,True,Active,,,,,FA,FA,FA,FA,PREDRAFT,4,0,0,0,0,True,False
7458,Isaiah Zuber,WR,,True,Inactive,,,,,FA,FA,FA,FA,PREDRAFT,4,0,0,0,0,True,False
6209,Ishmael Hyman,WR,,True,Inactive,,,,,FA,FA,FA,FA,PREDRAFT,4,0,0,0,0,True,False
4289,Ishmael Zamora,WR,,True,Active,,,,,FA,FA,FA,FA,PREDRAFT,4,0,0,0,0,True,False
2879,Isiah Ferguson,WR,,True,Active,,,,,FA,FA,FA,FA,PREDRAFT,4,0,0,0,0,True,False
13770,J. Michael Sturdivant,WR,GB,True,Active,,,LWR,9,FA,FA,FA,FA,PREDRAFT,4,0,0,0,0,True,False
5863,J.J. Arcega-Whiteside,WR,,True,Active,,,,,FA,FA,FA,FA,PREDRAFT,4,0,0,0,0,True,False
12913,J.J. Jones,WR,,True,Active,,,,,FA,FA,FA,FA,PREDRAFT,4,0,0,0,0,True,False
7339,J.J. Koski,WR,,True,Active,,,,,FA,FA,FA,FA,PREDRAFT,4,0,0,0,0,True,False
2462,J.J. Nelson,WR,,True,Active,,,,,FA,FA,FA,FA,PREDRAFT,4,0,0,0,0,True,False
12231,JJ Laap,WR,,True,Active,,,,,FA,FA,FA,FA,PREDRAFT,4,0,0,0,0,True,False
12746,JP Richardson,WR,CHI,True,Active,,,,,FA,FA,FA,FA,PREDRAFT,4,0,0,0,0,True,False
12532,Ja'Corey Brooks,WR,,True,Active,Questionable,,,,FA,FA,FA,FA,PREDRAFT,4,0,0,0,0,True,False
11619,Ja'Lynn Polk,WR,,True,Active,NA,,,,FA,FA,FA,FA,PREDRAFT,4,0,0,0,0,True,False
7244,Ja'Marcus Bradley,WR,,True,Inactive,,,,,FA,FA,FA,FA,PREDRAFT,4,0,0,0,0,True,False
13696,Ja'Mori Maclin,WR,BUF,True,Active,,,,,FA,FA,FA,FA,PREDRAFT,4,0,0,0,0,True,False
13179,Ja'seem Reed,WR,CAR,True,Active,,,,,FA,FA,FA,FA,PREDRAFT,4,0,0,0,0,True,False
11940,JaQuae Jackson,WR,,True,Active,,,,,FA,FA,FA,FA,PREDRAFT,4,0,0,0,0,True,False
8632,JaVonta Payton,WR,,True,Active,,,,,FA,FA,FA,FA,PREDRAFT,4,0,0,0,0,True,False
12170,Jaaron Hayek,WR,,True,Active,,,,,FA,FA,FA,FA,PREDRAFT,4,0,0,0,0,True,False
8420,Jack Sorenson,WR,,True,Active,,,,,FA,FA,FA,FA,PREDRAFT,4,0,0,0,0,True,False
9503,Jacob Copeland,WR,,True,Active,,,,,FA,FA,FA,FA,PREDRAFT,4,0,0,0,0,True,False
13904,Jacob De Jesus,WR,,True,Active,,,,,FA,FA,FA,FA,PREDRAFT,4,0,0,0,0,True,False
7703,Jacob Harris,WR,,True,Active,,,,,FA,FA,FA,FA,PREDRAFT,4,0,0,0,0,True,False
13120,Jacoby Jones,WR,WAS,True,Inactive,IR,,,8,FA,FA,FA,FA,PREDRAFT,4,0,0,0,0,True,False
12967,Jacolby George,WR,,True,Active,,,,,FA,FA,FA,FA,PREDRAFT,4,0,0,0,0,True,False
11521,Jadakis Bonds,WR,,True,Active,,,,,FA,FA,FA,FA,PREDRAFT,4,0,0,0,0,True,False
13760,Jaden Bradley,WR,WAS,True,Active,,,,,FA,FA,FA,FA,PREDRAFT,4,0,0,0,0,True,False
13246,Jaden Smith,WR,,True,Active,,,,,FA,FA,FA,FA,PREDRAFT,4,0,0,0,0,True,False
9498,Jadon Haselwood,WR,,True,Active,,,,,FA,FA,FA,FA,PREDRAFT,4,0,0,0,0,True,False
12398,Jadon Janke,WR,,True,Active,,,,,FA,FA,FA,FA,PREDRAFT,4,0,0,0,0,True,False
11867,Jaelen Gill,WR,,True,Active,,,,,FA,FA,FA,FA,PREDRAFT,4,0,0,0,0,True,False
5140,Jaelon Acklin,WR,,True,Active,,,,,FA,FA,FA,FA,PREDRAFT,4,0,0,0,0,True,False
7713,Jaelon Darden,WR,,True,Active,,,,,FA,FA,FA,FA,PREDRAFT,4,0,0,0,0,True,False
13079,Jahdae Walker,WR,CHI,True,Active,,,LWR,5,FA,FA,FA,FA,PREDRAFT,4,0,0,0,0,True,False
13041,Jahmal Banks,WR,,True,Active,,,,,FA,FA,FA,FA,PREDRAFT,4,0,0,0,0,True,False
8234,Jaivon Heiligh,WR,,True,Active,,,,,FA,FA,FA,FA,PREDRAFT,4,0,0,0,0,True,False
10867,Jake Bobo,WR,SEA,True,Inactive,IR,,,6,FA,FA,FA,FA,PREDRAFT,4,0,0,0,0,True,False
8690,Jake Herslow,WR,,True,Active,,,,,FA,FA,FA,FA,PREDRAFT,4,0,0,0,0,True,False
2821,Jake Kumerow,WR,,True,Inactive,,,,,FA,FA,FA,FA,PREDRAFT,4,0,0,0,0,True,False
5211,Jake Wieneke,WR,,True,Active,,,,,FA,FA,FA,FA,PREDRAFT,4,0,0,0,0,True,False
3342,Jakeem Grant,WR,,True,Active,,,,,FA,FA,FA,FA,PREDRAFT,4,0,0,0,0,True,False
12935,Jakobie Keeney-James,WR,,True,Active,,,,,FA,FA,FA,FA,PREDRAFT,4,0,0,0,0,True,False
5005,Jaleel Scott,WR,,True,Inactive,,,,,FA,FA,FA,FA,PREDRAFT,4,0,0,0,0,True,False
11034,Jalen Brooks,WR,ARI,True,Active,,,SWR,4,FA,FA,FA,FA,PREDRAFT,4,0,0,0,0,True,False
7789,Jalen Camp,WR,,True,Active,,,,,FA,FA,FA,FA,PREDRAFT,4,0,0,0,0,True,False
6685,Jalen Greene,WR,,True,Active,,,,,FA,FA,FA,FA,PREDRAFT,4,0,0,0,0,True,False
6421,Jalen Guyton,WR,,True,Active,,,,,FA,FA,FA,FA,PREDRAFT,4,0,0,0,0,True,False
5911,Jalen Hurd,WR,,True,Active,,,,,FA,FA,FA,FA,PREDRAFT,4,0,0,0,0,True,False
7173,Jalen McCleskey,WR,,True,Active,,,,,FA,FA,FA,FA,PREDRAFT,4,0,0,0,0,True,False
11506,Jalen Moreno-Cropper,WR,NO,True,Active,,,,,FA,FA,FA,FA,PREDRAFT,4,0,0,0,0,True,False
13290,Jalen Moss,WR,,True,Active,,,,,FA,FA,FA,FA,PREDRAFT,4,0,0,0,0,True,False
6798,Jalen Reagor,WR,,True,Active,,,,,FA,FA,FA,FA,PREDRAFT,4,0,0,0,0,True,False
11158,Jalen Sample,WR,,True,Active,,,,,FA,FA,FA,FA,PREDRAFT,4,0,0,0,0,True,False
8416,Jalen Virgil,WR,,True,Active,Questionable,,,,FA,FA,FA,FA,PREDRAFT,4,0,0,0,0,True,False
13859,Jalen Walthall,WR,,True,Inactive,Questionable,,,,FA,FA,FA,FA,PREDRAFT,4,0,0,0,0,True,False
10230,Jalen Wayne,WR,,True,Active,,,,,FA,FA,FA,FA,PREDRAFT,4,0,0,0,0,True,False
4934,Jalen Williams,WR,,True,Inactive,,,,,FA,FA,FA,FA,PREDRAFT,4,0,0,0,0,True,False
9497,Jalin Hyatt,WR,NYG,True,Active,,,,,FA,FA,FA,FA,PREDRAFT,4,0,0,0,0,True,False
12129,Jalon Calhoun,WR,,True,Active,,,,,FA,FA,FA,FA,PREDRAFT,4,0,0,0,0,True,False
3540,Jamaal Jones,WR,,True,Active,,,,,FA,FA,FA,FA,PREDRAFT,4,0,0,0,0,True,False
12925,Jamaal Pritchett,WR,NYJ,True,Active,,,,,FA,FA,FA,FA,PREDRAFT,4,0,0,0,0,True,False
4198,Jamal Agnew,WR,,True,Active,Questionable,,,,FA,FA,FA,FA,PREDRAFT,4,0,0,0,0,True,False
6097,Jamal Custis,WR,,True,Inactive,,,,,FA,FA,FA,FA,PREDRAFT,4,0,0,0,0,True,False
3548,Jamal Robinson,WR,,True,Active,,,,,FA,FA,FA,FA,PREDRAFT,4,0,0,0,0,True,False
4821,Jamari Staples,WR,,True,Active,,,,,FA,FA,FA,FA,PREDRAFT,4,0,0,0,0,True,False
11633,Jamari Thrash,WR,CLE,True,Inactive,IR,,,7,FA,FA,FA,FA,PREDRAFT,4,0,0,0,0,True,False
6713,Jamarius Way,WR,,True,Active,,,,,FA,FA,FA,FA,PREDRAFT,4,0,0,0,0,True,False
3078,Jamel Johnson,WR,,True,Active,,,,,FA,FA,FA,FA,PREDRAFT,4,0,0,0,0,True,False
6957,James Proche,WR,,True,Active,,,,,FA,FA,FA,FA,PREDRAFT,4,0,0,0,0,True,False
4320,James Quick,WR,,True,Active,,,,,FA,FA,FA,FA,PREDRAFT,4,0,0,0,0,True,False
5024,James Washington,WR,,True,Active,,,,,FA,FA,FA,FA,PREDRAFT,4,0,0,0,0,True,False
6524,Jamire Jordan,WR,,True,Active,,,,,FA,FA,FA,FA,PREDRAFT,4,0,0,0,0,True,False
2410,Jamison Crowder,WR,,True,Active,,,,,FA,FA,FA,FA,PREDRAFT,4,0,0,0,0,True,False
12753,Jamoi Mayes,WR,,True,Active,,,,,FA,FA,FA,FA,PREDRAFT,4,0,0,0,0,True,False
8232,Jaquarii Roberson,WR,,True,Active,,,,,FA,FA,FA,FA,PREDRAFT,4,0,0,0,0,True,False
11133,Jaray Jenkins,WR,,True,Active,,,,,FA,FA,FA,FA,PREDRAFT,4,0,0,0,0,True,False
8663,Jared Bernhardt,WR,,True,Active,,,,,FA,FA,FA,FA,PREDRAFT,4,0,0,0,0,True,False
3462,Jared Dangerfield,WR,,True,Active,,,,,FA,FA,FA,FA,PREDRAFT,4,0,0,0,0,True,False
5775,Jared Murphy,WR,,True,Active,,,,,FA,FA,FA,FA,PREDRAFT,4,0,0,0,0,True,False
8418,Jared Smart,WR,,True,Active,,,,,FA,FA,FA,FA,PREDRAFT,4,0,0,0,0,True,False
11056,Jared Wayne,WR,HOU,True,Active,,,,,FA,FA,FA,FA,PREDRAFT,4,0,0,0,0,True,False
1215,Jarius Wright,WR,,True,Active,,,,,FA,FA,FA,FA,PREDRAFT,4,0,0,0,0,True,False
1684,Jaron Brown,WR,,True,Active,,,,,FA,FA,FA,FA,PREDRAFT,4,0,0,0,0,True,False
2636,Jarred Haggins,WR,,True,Active,,,,,FA,FA,FA,FA,PREDRAFT,4,0,0,0,0,True,False
1825,Jarvis Landry,WR,,True,Inactive,,,,,FA,FA,FA,FA,PREDRAFT,4,0,0,0,0,True,False
11311,Jason Brownlee,WR,,True,Active,,,,,FA,FA,FA,FA,PREDRAFT,4,0,0,0,0,True,False
6247,Jason Moore,WR,,True,Active,,,,,FA,FA,FA,FA,PREDRAFT,4,0,0,0,0,True,False
2939,Javess Blue,WR,,True,Active,,,,,FA,FA,FA,FA,PREDRAFT,4,0,0,0,0,True,False
11645,Javon Baker,WR,,True,Active,,,,,FA,FA,FA,FA,PREDRAFT,4,0,0,0,0,True,False
7890,Javon McKinley,WR,,True,Inactive,,,,,FA,FA,FA,FA,PREDRAFT,4,0,0,0,0,True,False
5111,Javon Wims,WR,,True,Active,,,,,FA,FA,FA,FA,PREDRAFT,4,0,0,0,0,True,False
12173,Jaxon Janke,WR,,True,Active,,,,,FA,FA,FA,FA,PREDRAFT,4,0,0,0,0,True,False
3520,Jay Lee,WR,,True,Active,,,,,FA,FA,FA,FA,PREDRAFT,4,0,0,0,0,True,False
3852,Jaydon Mickens,WR,,True,Active,,,,,FA,FA,FA,FA,PREDRAFT,4,0,0,0,0,True,False
11874,Jaylen Johnson,WR,,True,Active,,,,,FA,FA,FA,FA,PREDRAFT,4,0,0,0,0,True,False
6155,Jaylen Smith,WR,,True,Active,,,,,FA,FA,FA,FA,PREDRAFT,4,0,0,0,0,True,False
12641,Jaylin Lane,WR,WAS,True,Active,,,SWR,7,FA,FA,FA,FA,PREDRAFT,4,0,0,0,0,True,False
7191,Jaylon Moore,WR,,True,Inactive,,,,,FA,FA,FA,FA,PREDRAFT,4,0,0,0,0,True,False
5997,Jazz Ferguson,WR,,True,Active,,,,,FA,FA,FA,FA,PREDRAFT,4,0,0,0,0,True,False
12144,Je'Quan Burton,WR,,True,Active,,,,,FA,FA,FA,FA,PREDRAFT,4,0,0,0,0,True,False
5275,Jeff Badet,WR,,True,Active,,,,,FA,FA,FA,FA,PREDRAFT,4,0,0,0,0,True,False
7319,Jeff Cotton,WR,,True,Inactive,,,,,FA,FA,FA,FA,PREDRAFT,4,0,0,0,0,True,False
11850,Jeff Foreman,WR,,True,Active,,,,,FA,FA,FA,FA,PREDRAFT,4,0,0,0,0,True,False
6557,Jeff Smith,WR,,True,Active,,,,,FA,FA,FA,FA,PREDRAFT,4,0,0,0,0,True,False
7076,Jeff Thomas,WR,,True,Inactive,,,,,FA,FA,FA,FA,PREDRAFT,4,0,0,0,0,True,False
14067,Jeff Weimer,WR,,True,Active,,,,,FA,FA,FA,FA,PREDRAFT,4,0,0,0,0,True,False
4169,Jehu Chesson,WR,,True,Inactive,,,,,FA,FA,FA,FA,PREDRAFT,4,0,0,0,0,True,False
12245,Jelani Baker,WR,,True,Active,,,,,FA,FA,FA,FA,PREDRAFT,4,0,0,0,0,True,False
8410,Jequez Ezzard,WR,,True,Active,,,,,FA,FA,FA,FA,PREDRAFT,4,0,0,0,0,True,False
13608,Jerand Bradley,WR,,True,Active,,,,,FA,FA,FA,FA,PREDRAFT,4,0,0,0,0,True,False
7874,Jeremiah Haydel,WR,,True,Active,,,,,FA,FA,FA,FA,PREDRAFT,4,0,0,0,0,True,False
13124,Jeremiah Webb,WR,NE,True,Inactive,IR,,,7,FA,FA,FA,FA,PREDRAFT,4,0,0,0,0,True,False
2920,Jeret Smith,WR,,True,Active,,,,,FA,FA,FA,FA,PREDRAFT,4,0,0,0,0,True,False
12778,Jerjuan Newton,WR,,True,Active,,,,,FA,FA,FA,FA,PREDRAFT,4,0,0,0,0,True,False
11640,Jermaine Burton,WR,,True,Active,,,,,FA,FA,FA,FA,PREDRAFT,4,0,0,0,0,True,False
11897,Jermaine Jackson,WR,,True,Active,,,,,FA,FA,FA,FA,PREDRAFT,4,0,0,0,0,True,False
1290,Jermaine Kearse,WR,,True,Injured Reserve,,,,,FA,FA,FA,FA,PREDRAFT,4,0,0,0,0,True,False
7394,Jermiah Braswell,WR,,True,Active,,,,,FA,FA,FA,FA,PREDRAFT,4,0,0,0,0,True,False
11522,Jerome Kapp,WR,,True,Active,,,,,FA,FA,FA,FA,PREDRAFT,4,0,0,0,0,True,False
4328,Jerome Lane,WR,,True,Active,,,,,FA,FA,FA,FA,PREDRAFT,4,0,0,0,0,True,False
8236,Jerreth Sterns,WR,,True,Active,,,,,FA,FA,FA,FA,PREDRAFT,4,0,0,0,0,True,False
11911,Jeshaun Jones,WR,MIN,True,Active,Sus,,RWR,5,FA,FA,FA,FA,PREDRAFT,4,0,0,0,0,True,False
11452,Jesse Matthews,WR,,True,Active,,,,,FA,FA,FA,FA,PREDRAFT,4,0,0,0,0,True,False
5261,Jester Weah,WR,,True,Active,,,,,FA,FA,FA,FA,PREDRAFT,4,0,0,0,0,True,False
11808,Jha'Quan Jackson,WR,,True,Active,,,,,FA,FA,FA,FA,PREDRAFT,4,0,0,0,0,True,False
4786,Jhajuan Seales,WR,,True,Active,,,,,FA,FA,FA,FA,PREDRAFT,4,0,0,0,0,True,False
7582,Jhamon Ausbon,WR,,True,Active,,,,,FA,FA,FA,FA,PREDRAFT,4,0,0,0,0,True,False
2771,Jimmie Hunt,WR,,True,Active,,,,,FA,FA,FA,FA,PREDRAFT,4,0,0,0,0,True,False
13173,Jimmy Holiday,WR,KC,True,Inactive,IR,,,,FA,FA,FA,FA,PREDRAFT,4,0,0,0,0,True,False
12523,Jimmy Horn,WR,CAR,True,Active,,,SWR,5,FA,FA,FA,FA,PREDRAFT,4,0,0,0,0,True,False
13967,Jimmy Kibble,WR,,True,Inactive,Questionable,,,,FA,FA,FA,FA,PREDRAFT,4,0,0,0,0,True,False
5254,Jimmy Williams,WR,,True,Active,,,,,FA,FA,FA,FA,PREDRAFT,4,0,0,0,0,True,False
4330,JoJo Natson,WR,,True,Active,,,,,FA,FA,FA,FA,PREDRAFT,4,0,0,0,0,True,False
7370,JoJo Ward,WR,,True,Active,,,,,FA,FA,FA,FA,PREDRAFT,4,0,0,0,0,True,False
12777,Joaquin Davis,WR,,True,Active,,,,,FA,FA,FA,FA,PREDRAFT,4,0,0,0,0,True,False
6692,Joe Horn,WR,,True,Active,,,,,FA,FA,FA,FA,PREDRAFT,4,0,0,0,0,True,False
6686,Joe Horn,WR,,True,Active,,,,,FA,FA,FA,FA,PREDRAFT,4,0,0,0,0,True,False
6913,Joe Reed,WR,,True,Active,,,,,FA,FA,FA,FA,PREDRAFT,4,0,0,0,0,True,False
6727,Joe Walker,WR,,True,Active,,,,,FA,FA,FA,FA,PREDRAFT,4,0,0,0,0,True,False
2238,John Brown,WR,,True,Active,,,,,FA,FA,FA,FA,PREDRAFT,4,0,0,0,0,True,False
5425,John Diarse,WR,,True,Active,,,,,FA,FA,FA,FA,PREDRAFT,4,0,0,0,0,True,False
5705,John Franklin,WR,,True,Inactive,,,,,FA,FA,FA,FA,PREDRAFT,4,0,0,0,0,True,False
11223,John Hall,WR,,True,Active,,,,,FA,FA,FA,FA,PREDRAFT,4,0,0,0,0,True,False
2578,John Harris,WR,,True,Active,,,,,FA,FA,FA,FA,PREDRAFT,4,0,0,0,0,True,False
7086,John Hightower,WR,,True,Active,,,,,FA,FA,FA,FA,PREDRAFT,4,0,0,0,0,True,False
7455,John Hurst,WR,,True,Inactive,,,,,FA,FA,FA,FA,PREDRAFT,4,0,0,0,0,True,False
12410,John Jackson,WR,,True,Active,,,,,FA,FA,FA,FA,PREDRAFT,4,0,0,0,0,True,False
12383,John Jiles,WR,,True,Active,Questionable,,,,FA,FA,FA,FA,PREDRAFT,4,0,0,0,0,True,False
8147,John Metchie,WR,CAR,True,Active,,,LWR,4,FA,FA,FA,FA,PREDRAFT,4,0,0,0,0,True,False
4038,John Ross,WR,,True,Active,,,,,FA,FA,FA,FA,PREDRAFT,4,0,0,0,0,True,False
6168,John Ursua,WR,,True,Inactive,,,,,FA,FA,FA,FA,PREDRAFT,4,0,0,0,0,True,False
6392,Johnathan Lloyd,WR,,True,Active,,,,,FA,FA,FA,FA,PREDRAFT,4,0,0,0,0,True,False
7414,Johnathon Johnson,WR,,True,Active,,,,,FA,FA,FA,FA,PREDRAFT,4,0,0,0,0,True,False
6019,Johnnie Dixon,WR,,True,Active,,,,,FA,FA,FA,FA,PREDRAFT,4,0,0,0,0,True,False
3476,Johnny Holton,WR,,True,Active,,,,,FA,FA,FA,FA,PREDRAFT,4,0,0,0,0,True,False
8185,Johnny Johnson,WR,,True,Inactive,,,,,FA,FA,FA,FA,PREDRAFT,4,0,0,0,0,True,False
11282,Johnny King,WR,,True,Active,,,,,FA,FA,FA,FA,PREDRAFT,4,0,0,0,0,True,False
11636,Johnny Wilson,WR,PHI,True,Inactive,IR,,,9,FA,FA,FA,FA,PREDRAFT,4,0,0,0,0,True,False
6420,Jon'Vea Johnson,WR,,True,Active,,,,,FA,FA,FA,FA,PREDRAFT,4,0,0,0,0,True,False
5384,Jonah Trinnaman,WR,,True,Inactive,,,,,FA,FA,FA,FA,PREDRAFT,4,0,0,0,0,True,False
7613,Jonathan Adams,WR,,True,Active,,,,,FA,FA,FA,FA,PREDRAFT,4,0,0,0,0,True,False
13920,Jonathan Brady,WR,,True,Active,,,,,FA,FA,FA,FA,PREDRAFT,4,0,0,0,0,True,False
6320,Jonathan Duhart,WR,,True,Active,,,,,FA,FA,FA,FA,PREDRAFT,4,0,0,0,0,True,False
10225,Jonathan Mingo,WR,DAL,True,Active,,,LWR,5,FA,FA,FA,FA,PREDRAFT,4,0,0,0,0,True,False
2934,Jonathon Rumph,WR,,True,Active,,,,,FA,FA,FA,FA,PREDRAFT,4,0,0,0,0,True,False
8628,Jontre Kirklin,WR,,True,Active,,,,,FA,FA,FA,FA,PREDRAFT,4,0,0,0,0,True,False
12891,Jordan Bly,WR,,True,Active,,,,,FA,FA,FA,FA,PREDRAFT,4,0,0,0,0,True,False
11089,Jordan Byrd,WR,,True,Active,,,,,FA,FA,FA,FA,PREDRAFT,4,0,0,0,0,True,False
13325,Jordan Hudson,WR,DAL,True,Active,,,,,FA,FA,FA,FA,PREDRAFT,4,0,0,0,0,True,False
12761,Jordan Moore,WR,CIN,True,Active,,,,,FA,FA,FA,FA,PREDRAFT,4,0,0,0,0,True,False
5590,Jordan Smallwood,WR,,True,Active,,,,,FA,FA,FA,FA,PREDRAFT,4,0,0,0,0,True,False
5293,Jordan Veasy,WR,,True,Active,,,,,FA,FA,FA,FA,PREDRAFT,4,0,0,0,0,True,False
12634,Jordan Watkins,WR,SF,True,Active,,,SWR,6,FA,FA,FA,FA,PREDRAFT,4,0,0,0,0,True,False
4787,Jordan Westerkamp,WR,,True,Active,,,,,FA,FA,FA,FA,PREDRAFT,4,0,0,0,0,True,False
11623,Jordan Whittington,WR,LAR,True,Active,,,SWR,5,FA,FA,FA,FA,PREDRAFT,4,0,0,0,0,True,False
3621,Jordan Williams-Lambert,WR,,True,Active,,,,,FA,FA,FA,FA,PREDRAFT,4,0,0,0,0,True,False
11504,Jose Barbon,WR,,True,Active,,,,,FA,FA,FA,FA,PREDRAFT,4,0,0,0,0,True,False
13743,Joseph Manjack,WR,,True,Active,,,,,FA,FA,FA,FA,PREDRAFT,4,0,0,0,0,True,False
11276,Joseph Ngata,WR,,True,Active,,,,,FA,FA,FA,FA,PREDRAFT,4,0,0,0,0,True,False
6661,Joseph Parker,WR,,True,Active,,,,,FA,FA,FA,FA,PREDRAFT,4,0,0,0,0,True,False
12222,Joseph Scates,WR,,True,Active,,,,,FA,FA,FA,FA,PREDRAFT,4,0,0,0,0,True,False
8931,Josh Ali,WR,,True,Active,,,,,FA,FA,FA,FA,PREDRAFT,4,0,0,0,0,True,False
1312,Josh Bellamy,WR,,True,Active,,,,,FA,FA,FA,FA,PREDRAFT,4,0,0,0,0,True,False
5760,Josh Crockett,WR,,True,Active,,,,,FA,FA,FA,FA,PREDRAFT,4,0,0,0,0,True,False
3178,Josh Doctson,WR,,True,Active,,,,,FA,FA,FA,FA,PREDRAFT,4,0,0,0,0,True,False
1244,Josh Gordon,WR,,True,Active,,,,,FA,FA,FA,FA,PREDRAFT,4,0,0,0,0,True,False
7287,Josh Hammond,WR,,True,Active,,,,,FA,FA,FA,FA,PREDRAFT,4,0,0,0,0,True,False
2713,Josh Harper,WR,,True,Active,,,,,FA,FA,FA,FA,PREDRAFT,4,0,0,0,0,True,False
8008,Josh Imatorbhebhe,WR,,True,Active,,,,,FA,FA,FA,FA,PREDRAFT,4,0,0,0,0,True,False
8222,Josh Johnson,WR,,True,Active,,,,,FA,FA,FA,FA,PREDRAFT,4,0,0,0,0,True,False
12848,Josh Kelly,WR,HOU,True,Active,,,,,FA,FA,FA,FA,PREDRAFT,4,0,0,0,0,True,False
4301,Josh Magee,WR,,True,Inactive,,,,,FA,FA,FA,FA,PREDRAFT,4,0,0,0,0,True,False
4160,Josh Malone,WR,,True,Active,,,,,FA,FA,FA,FA,PREDRAFT,4,0,0,0,0,True,False
7452,Josh Pearson,WR,,True,Active,,,,,FA,FA,FA,FA,PREDRAFT,4,0,0,0,0,True,False
2905,Josh Reese,WR,,True,Active,,,,,FA,FA,FA,FA,PREDRAFT,4,0,0,0,0,True,False
4171,Josh Reynolds,WR,,True,Active,,,,,FA,FA,FA,FA,PREDRAFT,4,0,0,0,0,True,False
5762,Josh Smith,WR,,True,Inactive,,,,,FA,FA,FA,FA,PREDRAFT,4,0,0,0,0,True,False
11329,Josh Vann,WR,,True,Active,,,,,FA,FA,FA,FA,PREDRAFT,4,0,0,0,0,True,False
12114,Joshua Cephus,WR,,True,Active,,,,,FA,FA,FA,FA,PREDRAFT,4,0,0,0,0,True,False
4040,JuJu Smith-Schuster,WR,,True,Active,Questionable,,,,FA,FA,FA,FA,PREDRAFT,4,0,0,0,0,True,False
344,Julian Edelman,WR,,True,Injured Reserve,,,,,FA,FA,FA,FA,PREDRAFT,4,0,0,0,0,True,False
13108,Julian Fleming,WR,,True,Active,,,,,FA,FA,FA,FA,PREDRAFT,4,0,0,0,0,True,False
12151,Julian Hicks,WR,SEA,True,Active,,,,,FA,FA,FA,FA,PREDRAFT,4,0,0,0,0,True,False
5804,Julian Williams,WR,,True,Active,,,,,FA,FA,FA,FA,PREDRAFT,4,0,0,0,0,True,False
947,Julio Jones,WR,,True,Active,,,,,FA,FA,FA,FA,PREDRAFT,4,0,0,0,0,True,False
12743,Junior Bergen,WR,,True,Active,,,,,FA,FA,FA,FA,PREDRAFT,4,0,0,0,0,True,False
13351,Junior Vandeross,WR,,True,Active,,,,,FA,FA,FA,FA,PREDRAFT,4,0,0,0,0,True,False
4831,Justice Liggins,WR,,True,Active,,,,,FA,FA,FA,FA,PREDRAFT,4,0,0,0,0,True,False
7299,Justice Shelton-Mosley,WR,,True,Inactive,,,,,FA,FA,FA,FA,PREDRAFT,4,0,0,0,0,True,False
8441,Justin Hall,WR,,True,Active,,,,,FA,FA,FA,FA,PREDRAFT,4,0,0,0,0,True,False
2412,Justin Hardy,WR,,True,Active,,,,,FA,FA,FA,FA,PREDRAFT,4,0,0,0,0,True,False
13152,Justin Lockhart,WR,,True,Active,,,,,FA,FA,FA,FA,PREDRAFT,4,0,0,0,0,True,False
11191,Justin Marshall,WR,,True,Active,,,,,FA,FA,FA,FA,PREDRAFT,4,0,0,0,0,True,False
9489,Justin Shorter,WR,LV,True,Inactive,IR,,,9,FA,FA,FA,FA,PREDRAFT,4,0,0,0,0,True,False
6384,Justin Sumpter,WR,,True,Active,,,,,FA,FA,FA,FA,PREDRAFT,4,0,0,0,0,True,False
5374,Justin Watson,WR,,True,Active,,,,,FA,FA,FA,FA,PREDRAFT,4,0,0,0,0,True,False
8140,Justyn Ross,WR,,True,Active,,,,,FA,FA,FA,FA,PREDRAFT,4,0,0,0,0,True,False
7174,Juwan Green,WR,,True,Active,,,,,FA,FA,FA,FA,PREDRAFT,4,0,0,0,0,True,False
6223,Juwann Winfree,WR,,True,Active,,,,,FA,FA,FA,FA,PREDRAFT,4,0,0,0,0,True,False
4456,K.D. Cannon,WR,,True,Active,,,,,FA,FA,FA,FA,PREDRAFT,4,0,0,0,0,True,False
3515,K.J. Maye,WR,,True,Active,,,,,FA,FA,FA,FA,PREDRAFT,4,0,0,0,0,True,False
7066,K.J. Osborn,WR,TEN,True,Active,,,,,FA,FA,FA,FA,PREDRAFT,4,0,0,0,0,True,False
6805,KJ Hamler,WR,,True,Active,,,,,FA,FA,FA,FA,PREDRAFT,4,0,0,0,0,True,False
6866,KJ Hill,WR,LAC,True,Active,,,,,FA,FA,FA,FA,PREDRAFT,4,0,0,0,0,True,False
5283,Ka'Raun White,WR,,True,Active,,,,,FA,FA,FA,FA,PREDRAFT,4,0,0,0,0,True,False
7606,Kadarius Toney,WR,,True,Active,,,,,FA,FA,FA,FA,PREDRAFT,4,0,0,0,0,True,False
11419,Kade Warner,WR,,True,Active,,,,,FA,FA,FA,FA,PREDRAFT,4,0,0,0,0,True,False
8755,Kaden Davis,WR,CHI,True,Active,,,,,FA,FA,FA,FA,PREDRAFT,4,0,0,0,0,True,False
12721,Kaden Prather,WR,,True,Active,,,,,FA,FA,FA,FA,PREDRAFT,4,0,0,0,0,True,False
13491,Kaden Wetjen,WR,PIT,True,Active,,,SWR,6,FA,FA,FA,FA,PREDRAFT,4,0,0,0,0,True,False
6358,Kahlil Lewis,WR,,True,Active,,,,,FA,FA,FA,FA,PREDRAFT,4,0,0,0,0,True,False
7616,Kai Locksley,WR,,True,Active,,,,,FA,FA,FA,FA,PREDRAFT,4,0,0,0,0,True,False
3634,Kalif Raymond,WR,CHI,True,Active,,,SWR,3,FA,FA,FA,FA,PREDRAFT,4,0,0,0,0,True,False
6832,Kalija Lipscomb,WR,,True,Active,,,,,FA,FA,FA,FA,PREDRAFT,4,0,0,0,0,True,False
8248,Kalil Pimpleton,WR,,True,Active,,,,,FA,FA,FA,FA,PREDRAFT,4,0,0,0,0,True,False
8888,Kameron Brown,WR,,True,Active,,,,,FA,FA,FA,FA,PREDRAFT,4,0,0,0,0,True,False
11994,Kameron Johnson,WR,TB,True,Active,,,SWR,6,FA,FA,FA,FA,PREDRAFT,4,0,0,0,0,True,False
4364,Karel Hamilton,WR,,True,Active,,,,,FA,FA,FA,FA,PREDRAFT,4,0,0,0,0,True,False
2733,Kasey Closs,WR,,True,Active,,,,,FA,FA,FA,FA,PREDRAFT,4,0,0,0,0,True,False
7752,Kawaan Baker,WR,,True,Active,,,,,FA,FA,FA,FA,PREDRAFT,4,0,0,0,0,True,False
5747,Kayaune Ross,WR,,True,Active,,,,,FA,FA,FA,FA,PREDRAFT,4,0,0,0,0,True,False
8863,Kaylon Geiger,WR,,True,Active,,,,,FA,FA,FA,FA,PREDRAFT,4,0,0,0,0,True,False
12296,Kaylon Horton,WR,,True,Active,,,,,FA,FA,FA,FA,PREDRAFT,4,0,0,0,0,True,False
11070,Kazmeir Allen,WR,,True,Active,,,,,FA,FA,FA,FA,PREDRAFT,4,0,0,0,0,True,False
12971,Ke'Shawn Williams,WR,CIN,True,Active,,,SWR,5,FA,FA,FA,FA,PREDRAFT,4,0,0,0,0,True,False
12670,KeAndre Lambert-Smith,WR,LAC,True,Active,,,LWR,6,FA,FA,FA,FA,PREDRAFT,4,0,0,0,0,True,False
4708,KeVonn Mabon,WR,,True,Active,,,,,FA,FA,FA,FA,PREDRAFT,4,0,0,0,0,True,False
11099,Kearis Jackson,WR,,True,Active,,,,,FA,FA,FA,FA,PREDRAFT,4,0,0,0,0,True,False
5962,KeeSean Johnson,WR,,True,Active,,,,,FA,FA,FA,FA,PREDRAFT,4,0,0,0,0,True,False
4622,Keelan Cole,WR,,True,Active,,,,,FA,FA,FA,FA,PREDRAFT,4,0,0,0,0,True,False
6032,Keelan Doss,WR,,True,Active,,,,,FA,FA,FA,FA,PREDRAFT,4,0,0,0,0,True,False
13973,Keelan Marion,WR,,True,Active,,,,,FA,FA,FA,FA,PREDRAFT,4,0,0,0,0,True,False
4641,Keeon Johnson,WR,,True,Active,,,,,FA,FA,FA,FA,PREDRAFT,4,0,0,0,0,True,False
4823,Keevan Lucas,WR,,True,Active,,,,,FA,FA,FA,FA,PREDRAFT,4,0,0,0,0,True,False
11190,Keilahn Harris,WR,,True,Inactive,,,,,FA,FA,FA,FA,PREDRAFT,4,0,0,0,0,True,False
5134,Keith Kirkwood,WR,,True,Active,,,,,FA,FA,FA,FA,PREDRAFT,4,0,0,0,0,True,False
5007,Keke Coutee,WR,,True,Active,,,,,FA,FA,FA,FA,PREDRAFT,4,0,0,0,0,True,False
8825,Kekoa Crawford,WR,,True,Active,,,,,FA,FA,FA,FA,PREDRAFT,4,0,0,0,0,True,False
12755,Kelly Akharaiyi,WR,,True,Active,,,,,FA,FA,FA,FA,PREDRAFT,4,0,0,0,0,True,False
5884,Kelvin Harmon,WR,,True,Active,,,,,FA,FA,FA,FA,PREDRAFT,4,0,0,0,0,True,False
6438,Kelvin McKnight,WR,,True,Active,,,,,FA,FA,FA,FA,PREDRAFT,4,0,0,0,0,True,False
3917,Kendal Thompson,WR,,True,Inactive,,,,,FA,FA,FA,FA,PREDRAFT,4,0,0,0,0,True,False
7210,Kendall Hinton,WR,,True,Active,,,,,FA,FA,FA,FA,PREDRAFT,4,0,0,0,0,True,False
8783,Kendric Pryor,WR,,True,Active,,,,,FA,FA,FA,FA,PREDRAFT,4,0,0,0,0,True,False
4454,Kendrick Bourne,WR,ARI,True,Active,,,SWR,3,FA,FA,FA,FA,PREDRAFT,4,0,0,0,0,True,False
3052,Kendrick Ings,WR,,True,Active,,,,,FA,FA,FA,FA,PREDRAFT,4,0,0,0,0,True,False
13412,Kendrick Law,WR,DET,True,Inactive,IR,,,8,FA,FA,FA,FA,PREDRAFT,4,0,0,0,0,True,False
7035,Kendrick Rogers,WR,,True,Active,,,,,FA,FA,FA,FA,PREDRAFT,4,0,0,0,0,True,False
2465,Kenny Bell,WR,,True,Inactive,,,,,FA,FA,FA,FA,PREDRAFT,4,0,0,0,0,True,False
2836,Kenny Cook,WR,,True,Active,,,,,FA,FA,FA,FA,PREDRAFT,4,0,0,0,0,True,False
4131,Kenny Golladay,WR,,True,Active,,,,,FA,FA,FA,FA,PREDRAFT,4,0,0,0,0,True,False
3398,Kenny Lawler,WR,,True,Active,,,,,FA,FA,FA,FA,PREDRAFT,4,0,0,0,0,True,False
1555,Kenny Stills,WR,,True,Active,,,,,FA,FA,FA,FA,PREDRAFT,4,0,0,0,0,True,False
2783,Kenzel Doe,WR,,True,Active,,,,,FA,FA,FA,FA,PREDRAFT,4,0,0,0,0,True,False
4445,Keon Hatcher,WR,,True,Active,,,,,FA,FA,FA,FA,PREDRAFT,4,0,0,0,0,True,False
8892,Keric Wheatfall,WR,,True,Active,,,,,FA,FA,FA,FA,PREDRAFT,4,0,0,0,0,True,False
4785,Kermit Whitfield,WR,,True,Active,,,,,FA,FA,FA,FA,PREDRAFT,4,0,0,0,0,True,False
8858,Keshunn Abram,WR,,True,Active,,,,,FA,FA,FA,FA,PREDRAFT,4,0,0,0,0,True,False
13193,Ketron Jackson,WR,,True,Active,,,,,FA,FA,FA,FA,PREDRAFT,4,0,0,0,0,True,False
8200,Kevin Austin,WR,NO,True,Active,,,,,FA,FA,FA,FA,PREDRAFT,4,0,0,0,0,True,False
8876,Kevin Kassis,WR,,True,Active,,,,,FA,FA,FA,FA,PREDRAFT,4,0,0,0,0,True,False
8697,Kevin Shaa,WR,,True,Active,,,,,FA,FA,FA,FA,PREDRAFT,4,0,0,0,0,True,False
4699,Kevin Snead,WR,,True,Active,,,,,FA,FA,FA,FA,PREDRAFT,4,0,0,0,0,True,False
2312,Kevin White,WR,,True,Active,,,,,FA,FA,FA,FA,PREDRAFT,4,0,0,0,0,True,False
13194,Key'Shawn Smith,WR,,True,Active,,,,,FA,FA,FA,FA,PREDRAFT,4,0,0,0,0,True,False
3475,Keyarris Garrett,WR,,True,Active,,,,,FA,FA,FA,FA,PREDRAFT,4,0,0,0,0,True,False
11344,Keytaon Thompson,WR,,True,Active,,,,,FA,FA,FA,FA,PREDRAFT,4,0,0,0,0,True,False
5773,KhaDarel Hodge,WR,SF,True,Active,,,,,FA,FA,FA,FA,PREDRAFT,4,0,0,0,0,True,False
7580,Khalil McClain,WR,,True,Active,,,,,FA,FA,FA,FA,PREDRAFT,4,0,0,0,0,True,False
7401,Khalil Tate,WR,,True,Inactive,,,,,FA,FA,FA,FA,PREDRAFT,4,0,0,0,0,True,False
7351,Kirk Merritt,WR,,True,Active,,,,,FA,FA,FA,FA,PREDRAFT,4,0,0,0,0,True,False
13166,Kisean Johnson,WR,,True,Active,,,,,FA,FA,FA,FA,PREDRAFT,4,0,0,0,0,True,False
12488,Kobe Hudson,WR,,True,Active,,,,,FA,FA,FA,FA,PREDRAFT,4,0,0,0,0,True,False
13708,Kobe Prentice,WR,,True,Active,,,,,FA,FA,FA,FA,PREDRAFT,4,0,0,0,0,True,False
11359,Kody Case,WR,,True,Active,,,,,FA,FA,FA,FA,PREDRAFT,4,0,0,0,0,True,False
13981,Kolbe Katsis,WR,DEN,True,Active,,,,,FA,FA,FA,FA,PREDRAFT,4,0,0,0,0,True,False
3348,Kolby Listenbee,WR,,True,Inactive,,,,,FA,FA,FA,FA,PREDRAFT,4,0,0,0,0,True,False
13749,Kole Wilson,WR,CLE,True,Active,,,,,FA,FA,FA,FA,PREDRAFT,4,0,0,0,0,True,False
12718,Konata Mumpfield,WR,LAR,True,Active,,,LWR,4,FA,FA,FA,FA,PREDRAFT,4,0,0,0,0,True,False
5210,Korey Robertson,WR,,True,Active,,,,,FA,FA,FA,FA,PREDRAFT,4,0,0,0,0,True,False
4526,Krishawn Hogan,WR,,True,Active,,,,,FA,FA,FA,FA,PREDRAFT,4,0,0,0,0,True,False
7438,Kristian Wilkerson,WR,,True,Active,,,,,FA,FA,FA,FA,PREDRAFT,4,0,0,0,0,True,False
8435,Kwamie Lassiter,WR,,True,Active,,,,,FA,FA,FA,FA,PREDRAFT,4,0,0,0,0,True,False
13830,Kyle Dixon,WR,NE,True,Active,,,,,FA,FA,FA,FA,PREDRAFT,4,0,0,0,0,True,False
5236,Kyle Lewis,WR,,True,Active,,,,,FA,FA,FA,FA,PREDRAFT,4,0,0,0,0,True,False
8171,Kyle Philips,WR,,True,Active,,,,,FA,FA,FA,FA,PREDRAFT,4,0,0,0,0,True,False
11901,Kyle Sheets,WR,,True,Active,,,,,FA,FA,FA,FA,PREDRAFT,4,0,0,0,0,True,False
14056,Kyre Duplessis,WR,,True,Active,,,,,FA,FA,FA,FA,PREDRAFT,4,0,0,0,0,True,False
13208,Kyrese Rowan,WR,,True,Active,,,,,FA,FA,FA,FA,PREDRAFT,4,0,0,0,0,True,False
8595,Kyric McGowan,WR,,True,Active,,,,,FA,FA,FA,FA,PREDRAFT,4,0,0,0,0,True,False
14031,Kyron Hudson,WR,,True,Inactive,Questionable,,,,FA,FA,FA,FA,PREDRAFT,4,0,0,0,0,True,False
12699,LaJohntay Wester,WR,BAL,True,Active,,,SWR,7,FA,FA,FA,FA,PREDRAFT,4,0,0,0,0,True,False
5427,LaQuvionte Gonzalez,WR,,True,Active,,,,,FA,FA,FA,FA,PREDRAFT,4,0,0,0,0,True,False
1943,Lacoltan Bester,WR,,True,Active,,,,,FA,FA,FA,FA,PREDRAFT,4,0,0,0,0,True,False
4895,Lamar Atkins,WR,,True,Active,,,,,FA,FA,FA,FA,PREDRAFT,4,0,0,0,0,True,False
4750,Lance Lenoir,WR,,True,Active,,,,,FA,FA,FA,FA,PREDRAFT,4,0,0,0,0,True,False
8745,Lance McCutcheon,WR,,True,Active,,,,,FA,FA,FA,FA,PREDRAFT,4,0,0,0,0,True,False
7915,Landen Akers,WR,,True,Active,,,,,FA,FA,FA,FA,PREDRAFT,4,0,0,0,0,True,False
8705,Landon Lenoir,WR,,True,Active,,,,,FA,FA,FA,FA,PREDRAFT,4,0,0,0,0,True,False
12820,Landon Parker,WR,,True,Active,,,,,FA,FA,FA,FA,PREDRAFT,4,0,0,0,0,True,False
3155,Laquon Treadwell,WR,IND,True,Active,,,RWR,5,FA,FA,FA,FA,PREDRAFT,4,0,0,0,0,True,False
4680,Larry Clark,WR,,True,Active,,,,,FA,FA,FA,FA,PREDRAFT,4,0,0,0,0,True,False
223,Larry Fitzgerald,WR,,True,Inactive,,,,,FA,FA,FA,FA,PREDRAFT,4,0,0,0,0,True,False
12360,Latreal Jones,WR,,True,Active,,,,,FA,FA,FA,FA,PREDRAFT,4,0,0,0,0,True,False
6814,Laviska Shenault,WR,,True,Active,,,,,FA,FA,FA,FA,PREDRAFT,4,0,0,0,0,True,False
12001,Lawrence Keys,WR,,True,Inactive,Questionable,,,,FA,FA,FA,FA,PREDRAFT,4,0,0,0,0,True,False
13975,Le'Meke Brockington,WR,,True,Active,Questionable,,,,FA,FA,FA,FA,PREDRAFT,4,0,0,0,0,True,False
11863,Leon Johnson,WR,,True,Active,,,,,FA,FA,FA,FA,PREDRAFT,4,0,0,0,0,True,False
4338,Levern Jacobs,WR,,True,Inactive,,,,,FA,FA,FA,FA,PREDRAFT,4,0,0,0,0,True,False
13889,Levi Wentz,WR,,True,Active,,,,,FA,FA,FA,FA,PREDRAFT,4,0,0,0,0,True,False
13541,Lewis Bond,WR,HOU,True,Active,,,,,FA,FA,FA,FA,PREDRAFT,4,0,0,0,0,True,False
14063,Liam Clifford,WR,,True,Active,,,,,FA,FA,FA,FA,PREDRAFT,4,0,0,0,0,True,False
5938,Lil'Jordan Humphrey,WR,DEN,True,Active,,,LWR,6,FA,FA,FA,FA,PREDRAFT,4,0,0,0,0,True,False
12077,Lincoln Victor,WR,,True,Active,,,,,FA,FA,FA,FA,PREDRAFT,4,0,0,0,0,True,False
11520,Lucky Jackson,WR,DET,True,Active,,,,,FA,FA,FA,FA,PREDRAFT,4,0,0,0,0,True,False
8650,Lujuan Winningham,WR,,True,Active,,,,,FA,FA,FA,FA,PREDRAFT,4,0,0,0,0,True,False
13189,Luke Floriea,WR,,True,Active,,,,,FA,FA,FA,FA,PREDRAFT,4,0,0,0,0,True,False
12803,Luke Grimm,WR,,True,Inactive,Questionable,,,,FA,FA,FA,FA,PREDRAFT,4,0,0,0,0,True,False
11650,Luke McCaffrey,WR,WAS,True,Active,,,SWR,6,FA,FA,FA,FA,PREDRAFT,4,0,0,0,0,True,False
13617,Luke Wysong,WR,,True,Active,,,,,FA,FA,FA,FA,PREDRAFT,4,0,0,0,0,True,False
6909,Lynn Bowden,WR,,True,Active,,,,,FA,FA,FA,FA,PREDRAFT,4,0,0,0,0,True,False
12809,Mac Dalena,WR,,True,Active,,,,,FA,FA,FA,FA,PREDRAFT,4,0,0,0,0,True,False
11247,Mac Hippenhammer,WR,,True,Active,,,,,FA,FA,FA,FA,PREDRAFT,4,0,0,0,0,True,False
4177,Mack Hollins,WR,NE,True,Active,,,LWR,4,FA,FA,FA,FA,PREDRAFT,4,0,0,0,0,True,False
8209,Makai Polk,WR,,True,Active,,,,,FA,FA,FA,FA,PREDRAFT,4,0,0,0,0,True,False
11526,Malachi Carter,WR,,True,Active,,,,,FA,FA,FA,FA,PREDRAFT,4,0,0,0,0,True,False
5777,Malachi Jones,WR,,True,Active,,,,,FA,FA,FA,FA,PREDRAFT,4,0,0,0,0,True,False
4392,Malcolm Lewis,WR,,True,Active,,,,,FA,FA,FA,FA,PREDRAFT,4,0,0,0,0,True,False
7109,Malcolm Perry,WR,,True,Active,,,,,FA,FA,FA,FA,PREDRAFT,4,0,0,0,0,True,False
14058,Malick Meiga,WR,,True,Inactive,Questionable,,,,FA,FA,FA,FA,PREDRAFT,4,0,0,0,0,True,False
10860,Malik Cunningham,WR,,True,Active,,,,,FA,FA,FA,FA,PREDRAFT,4,0,0,0,0,True,False
5169,Malik Earl,WR,,True,Active,,,,,FA,FA,FA,FA,PREDRAFT,4,0,0,0,0,True,False
11192,Malik Flowers,WR,,True,Active,,,,,FA,FA,FA,FA,PREDRAFT,4,0,0,0,0,True,False
11210,Malik Heath,WR,ATL,True,Active,,,,,FA,FA,FA,FA,PREDRAFT,4,0,0,0,0,True,False
6552,Malik Henry,WR,,True,Active,,,,,FA,FA,FA,FA,PREDRAFT,4,0,0,0,0,True,False
11080,Malik Knowles,WR,,True,Active,,,,,FA,FA,FA,FA,PREDRAFT,4,0,0,0,0,True,False
13825,Malik McClain,WR,NYJ,True,Active,,,,,FA,FA,FA,FA,PREDRAFT,4,0,0,0,0,True,False
13702,Malik Rutherford,WR,,True,Active,,,,,FA,FA,FA,FA,PREDRAFT,4,0,0,0,0,True,False
6239,Malik Taylor,WR,,True,Active,,,,,FA,FA,FA,FA,PREDRAFT,4,0,0,0,0,True,False
5781,Malik Turner,WR,,True,Active,,,,,FA,FA,FA,FA,PREDRAFT,4,0,0,0,0,True,False
8770,Malik Williams,WR,,True,Active,,,,,FA,FA,FA,FA,PREDRAFT,4,0,0,0,0,True,False
7400,Manasseh Bailey,WR,,True,Active,,,,,FA,FA,FA,FA,PREDRAFT,4,0,0,0,0,True,False
14039,Mante Morrow,WR,,True,Active,,,,,FA,FA,FA,FA,PREDRAFT,4,0,0,0,0,True,False
4942,Marcell Ateman,WR,,True,Active,,,,,FA,FA,FA,FA,PREDRAFT,4,0,0,0,0,True,False
5207,Marchie Murdock,WR,,True,Active,,,,,FA,FA,FA,FA,PREDRAFT,4,0,0,0,0,True,False
13667,Marcus Burke,WR,,True,Active,,,,,FA,FA,FA,FA,PREDRAFT,4,0,0,0,0,True,False
6288,Marcus Green,WR,,True,Active,,,,,FA,FA,FA,FA,PREDRAFT,4,0,0,0,0,True,False
3445,Marcus Johnson,WR,,True,Active,,,,,FA,FA,FA,FA,PREDRAFT,4,0,0,0,0,True,False
4491,Marcus Kemp,WR,,True,Active,,,,,FA,FA,FA,FA,PREDRAFT,4,0,0,0,0,True,False
3584,Marcus Leak,WR,,True,Active,,,,,FA,FA,FA,FA,PREDRAFT,4,0,0,0,0,True,False
2191,Marcus Lucas,WR,,True,Active,,,,,FA,FA,FA,FA,PREDRAFT,4,0,0,0,0,True,False
5786,Marcus Peterson,WR,,True,Active,,,,,FA,FA,FA,FA,PREDRAFT,4,0,0,0,0,True,False
12235,Marcus Riley,WR,,True,Active,,,,,FA,FA,FA,FA,PREDRAFT,4,0,0,0,0,True,False
11946,Marcus Rosemy-Jacksaint,WR,,True,Active,,,,,FA,FA,FA,FA,PREDRAFT,4,0,0,0,0,True,False
13619,Marcus Sanders,WR,,True,Active,,,,,FA,FA,FA,FA,PREDRAFT,4,0,0,0,0,True,False
6712,Marcus Simms,WR,,True,Inactive,,,,,FA,FA,FA,FA,PREDRAFT,4,0,0,0,0,True,False
3817,Marcus Tucker,WR,,True,Inactive,,,,,FA,FA,FA,FA,PREDRAFT,4,0,0,0,0,True,False
2800,Mario Hull,WR,,True,Active,,,,,FA,FA,FA,FA,PREDRAFT,4,0,0,0,0,True,False
13001,Mario Williams,WR,,True,Inactive,Questionable,,,,FA,FA,FA,FA,PREDRAFT,4,0,0,0,0,True,False
5776,Mark Chapman,WR,,True,Active,,,,,FA,FA,FA,FA,PREDRAFT,4,0,0,0,0,True,False
3568,Marken Michel,WR,,True,Active,,,,,FA,FA,FA,FA,PREDRAFT,4,0,0,0,0,True,False
7545,Marlon Williams,WR,,True,Inactive,,,,,FA,FA,FA,FA,PREDRAFT,4,0,0,0,0,True,False
1987,Marqise Lee,WR,,True,Inactive,,,,,FA,FA,FA,FA,PREDRAFT,4,0,0,0,0,True,False
6989,Marquez Callaway,WR,,True,Active,,,,,FA,FA,FA,FA,PREDRAFT,4,0,0,0,0,True,False
2846,Marquez Clark,WR,,True,Active,,,,,FA,FA,FA,FA,PREDRAFT,4,0,0,0,0,True,False
3464,Marquez North,WR,,True,Active,,,,,FA,FA,FA,FA,PREDRAFT,4,0,0,0,0,True,False
7556,Marquez Stevenson,WR,,True,Active,,,,,FA,FA,FA,FA,PREDRAFT,4,0,0,0,0,True,False
5086,Marquez Valdes-Scantling,WR,,True,Active,,,,,FA,FA,FA,FA,PREDRAFT,4,0,0,0,0,True,False
1346,Marquise Goodwin,WR,,True,Active,,,,,FA,FA,FA,FA,PREDRAFT,4,0,0,0,0,True,False
1916,Martavis Bryant,WR,,True,Active,,,,,FA,FA,FA,FA,PREDRAFT,4,0,0,0,0,True,False
7286,Marvelle Ross,WR,,True,Inactive,,,,,FA,FA,FA,FA,PREDRAFT,4,0,0,0,0,True,False
4813,Marvin Bracy,WR,,True,Active,,,,,FA,FA,FA,FA,PREDRAFT,4,0,0,0,0,True,False
3895,Marvin Hall,WR,,True,Active,,,,,FA,FA,FA,FA,PREDRAFT,4,0,0,0,0,True,False
1067,Marvin Jones,WR,,True,Active,,,,,FA,FA,FA,FA,PREDRAFT,4,0,0,0,0,True,False
7436,Mason Kinsey,WR,,True,Active,,,,,FA,FA,FA,FA,PREDRAFT,4,0,0,0,0,True,False
11895,Mason Tipton,WR,NO,True,Active,PUP,,LWR,9,FA,FA,FA,FA,PREDRAFT,4,0,0,0,0,True,False
7619,Mathew Sexton,WR,,True,Active,,,,,FA,FA,FA,FA,PREDRAFT,4,0,0,0,0,True,False
7352,Matt Cole,WR,,True,Active,,,,,FA,FA,FA,FA,PREDRAFT,4,0,0,0,0,True,False
5699,Matt Fleming,WR,,True,Active,,,,,FA,FA,FA,FA,PREDRAFT,4,0,0,0,0,True,False
10869,Matt Landers,WR,,True,Active,,,,,FA,FA,FA,FA,PREDRAFT,4,0,0,0,0,True,False
6468,Matthew Eaton,WR,,True,Active,,,,,FA,FA,FA,FA,PREDRAFT,4,0,0,0,0,True,False
14085,Matthew Henry,WR,,True,Active,,,,,FA,FA,FA,FA,PREDRAFT,4,0,0,0,0,True,False
312,Matthew Slater,WR,,True,Active,,,,,FA,FA,FA,FA,PREDRAFT,4,0,0,0,0,True,False
8921,Maurice Alexander,WR,,True,Active,,,,,FA,FA,FA,FA,PREDRAFT,4,0,0,0,0,True,False
7234,Maurice Ffrench,WR,,True,Active,,,,,FA,FA,FA,FA,PREDRAFT,4,0,0,0,0,True,False
13698,Max Tomczak,WR,,True,Active,,,,,FA,FA,FA,FA,PREDRAFT,4,0,0,0,0,True,False
5917,Mecole Hardman,WR,,True,Active,,,,,FA,FA,FA,FA,PREDRAFT,4,0,0,0,0,True,False
3418,Mekale McKay,WR,,True,Active,,,,,FA,FA,FA,FA,PREDRAFT,4,0,0,0,0,True,False
13835,Mekhi Mews,WR,,True,Active,,,,,FA,FA,FA,FA,PREDRAFT,4,0,0,0,0,True,False
7618,Micah Simon,WR,CAR,True,Active,,,,,FA,FA,FA,FA,PREDRAFT,4,0,0,0,0,True,False
6663,Micah Wright,WR,,True,Active,,,,,FA,FA,FA,FA,PREDRAFT,4,0,0,0,0,True,False
8076,Michael Bandy,WR,DEN,True,Active,,,,,FA,FA,FA,FA,PREDRAFT,4,0,0,0,0,True,False
13890,Michael Briscoe,WR,MIN,True,Active,,,,,FA,FA,FA,FA,PREDRAFT,4,0,0,0,0,True,False
455,Michael Crabtree,WR,,True,Active,,,,,FA,FA,FA,FA,PREDRAFT,4,0,0,0,0,True,False
7457,Michael Dereus,WR,,True,Active,,,,,FA,FA,FA,FA,PREDRAFT,4,0,0,0,0,True,False
5038,Michael Gallup,WR,,True,Active,,,,,FA,FA,FA,FA,PREDRAFT,4,0,0,0,0,True,False
2754,Michael Johnson,WR,,True,Active,,,,,FA,FA,FA,FA,PREDRAFT,4,0,0,0,0,True,False
4599,Michael Rector,WR,,True,Active,,,,,FA,FA,FA,FA,PREDRAFT,4,0,0,0,0,True,False
7944,Michael Strachan,WR,,True,Active,,,,,FA,FA,FA,FA,PREDRAFT,4,0,0,0,0,True,False
3199,Michael Thomas,WR,,True,Active,,,,,FA,FA,FA,FA,PREDRAFT,4,0,0,0,0,True,False
6363,Michael Walker,WR,,True,Active,,,,,FA,FA,FA,FA,PREDRAFT,4,0,0,0,0,True,False
8202,Michael Woods,WR,DEN,True,Inactive,Questionable,,,,FA,FA,FA,FA,PREDRAFT,4,0,0,0,0,True,False
13645,Michael Wortham,WR,JAX,True,Active,,,,,FA,FA,FA,FA,PREDRAFT,4,0,0,0,0,True,False
8828,Michael Young,WR,,True,Active,,,,,FA,FA,FA,FA,PREDRAFT,4,0,0,0,0,True,False
5294,Mikah Holder,WR,,True,Active,,,,,FA,FA,FA,FA,PREDRAFT,4,0,0,0,0,True,False
8421,Mike Harley,WR,,True,Active,,,,,FA,FA,FA,FA,PREDRAFT,4,0,0,0,0,True,False
3652,Mike Thomas,WR,,True,Active,,,,,FA,FA,FA,FA,PREDRAFT,4,0,0,0,0,True,False
4068,Mike Williams,WR,,True,Active,DNR,,,,FA,FA,FA,FA,PREDRAFT,4,0,0,0,0,True,False
5965,Miles Boykin,WR,,True,Active,,,,,FA,FA,FA,FA,PREDRAFT,4,0,0,0,0,True,False
11536,Milton Wright,WR,,True,Active,,,,,FA,FA,FA,FA,PREDRAFT,4,0,0,0,0,True,False
3516,Mitch Mathews,WR,,True,Active,,,,,FA,FA,FA,FA,PREDRAFT,4,0,0,0,0,True,False
11068,Mitch Tinsley,WR,HOU,True,Active,,,,,FA,FA,FA,FA,PREDRAFT,4,0,0,0,0,True,False
13227,Mitch Van Vooren,WR,,True,Active,,,,,FA,FA,FA,FA,PREDRAFT,4,0,0,0,0,True,False
4727,Mitchell Paige,WR,,True,Active,,,,,FA,FA,FA,FA,PREDRAFT,4,0,0,0,0,True,False
1071,Mohamed Sanu,WR,,True,Active,,,,,FA,FA,FA,FA,PREDRAFT,4,0,0,0,0,True,False
12852,Monaray Baldwin,WR,,True,Active,,,,,FA,FA,FA,FA,PREDRAFT,4,0,0,0,0,True,False
13222,Montana Lemonious-Craig,WR,,True,Active,Questionable,,,,FA,FA,FA,FA,PREDRAFT,4,0,0,0,0,True,False
13199,Montorie Foster,WR,SEA,True,Active,,,SWR,9,FA,FA,FA,FA,PREDRAFT,4,0,0,0,0,True,False
8475,Montrell Washington,WR,,True,Active,,,,,FA,FA,FA,FA,PREDRAFT,4,0,0,0,0,True,False
4367,Monty Madaris,WR,,True,Active,,,,,FA,FA,FA,FA,PREDRAFT,4,0,0,0,0,True,False
13026,Moochie Dixon,WR,,True,Active,,,,,FA,FA,FA,FA,PREDRAFT,4,0,0,0,0,True,False
12966,Moose Muhammad,WR,,True,Active,,,,,FA,FA,FA,FA,PREDRAFT,4,0,0,0,0,True,False
7578,Myron Mitchell,WR,,True,Active,,,,,FA,FA,FA,FA,PREDRAFT,4,0,0,0,0,True,False
12893,Nate McCollum,WR,,True,Active,,,,,FA,FA,FA,FA,PREDRAFT,4,0,0,0,0,True,False
8436,Neil Pau'u,WR,,True,Active,,,,,FA,FA,FA,FA,PREDRAFT,4,0,0,0,0,True,False
2325,Nelson Agholor,WR,,True,Active,,,,,FA,FA,FA,FA,PREDRAFT,4,0,0,0,0,True,False
13963,Nick DeGennaro,WR,,True,Active,,,,,FA,FA,FA,FA,PREDRAFT,4,0,0,0,0,True,False
6227,Nick Easley,WR,,True,Active,,,,,FA,FA,FA,FA,PREDRAFT,4,0,0,0,0,True,False
5710,Nick Holley,WR,,True,Active,,,,,FA,FA,FA,FA,PREDRAFT,4,0,0,0,0,True,False
12478,Nick Nash,WR,,True,Active,,,,,FA,FA,FA,FA,PREDRAFT,4,0,0,0,0,True,False
7496,Nick Westbrook-Ikhine,WR,IND,True,Active,,,,,FA,FA,FA,FA,PREDRAFT,4,0,0,0,0,True,False
11530,Nick Williams,WR,,True,Active,,,,,FA,FA,FA,FA,PREDRAFT,4,0,0,0,0,True,False
1604,Nick Williams,WR,DEN,True,Active,,,,,FA,FA,FA,FA,PREDRAFT,4,0,0,0,0,True,False
2790,Nigel King,WR,,True,Active,,,,,FA,FA,FA,FA,PREDRAFT,4,0,0,0,0,True,False
11320,Nikko Remigio,WR,KC,True,Active,,,SWR,6,FA,FA,FA,FA,PREDRAFT,4,0,0,0,0,True,False
4234,Noah Brown,WR,,True,Active,,,,,FA,FA,FA,FA,PREDRAFT,4,0,0,0,0,True,False
13677,Noah Short,WR,,True,Active,,,,,FA,FA,FA,FA,PREDRAFT,4,0,0,0,0,True,False
13318,Noah Thomas,WR,CIN,True,Active,,,,,FA,FA,FA,FA,PREDRAFT,4,0,0,0,0,True,False
4600,Noel Thomas,WR,,True,Active,,,,,FA,FA,FA,FA,PREDRAFT,4,0,0,0,0,True,False
6387,Nsimba Webster,WR,,True,Active,,,,,FA,FA,FA,FA,PREDRAFT,4,0,0,0,0,True,False
5950,Nyqwan Murray,WR,,True,Active,,,,,FA,FA,FA,FA,PREDRAFT,4,0,0,0,0,True,False
13304,O'Mega Blake,WR,,True,Active,,,,,FA,FA,FA,FA,PREDRAFT,4,0,0,0,0,True,False
12033,OJ Hiliare,WR,,True,Active,,,,,FA,FA,FA,FA,PREDRAFT,4,0,0,0,0,True,False
13850,Octavian Smith,WR,,True,Active,,,,,FA,FA,FA,FA,PREDRAFT,4,0,0,0,0,True,False
2078,Odell Beckham,WR,NYG,True,Active,,,RWR,5,FA,FA,FA,FA,PREDRAFT,4,0,0,0,0,True,False
6271,Olamide Zaccheaus,WR,ATL,True,Active,,,SWR,4,FA,FA,FA,FA,PREDRAFT,4,0,0,0,0,True,False
11136,Oliver Martin,WR,,True,Active,,,,,FA,FA,FA,FA,PREDRAFT,4,0,0,0,0,True,False
7080,Omar Bayless,WR,,True,Active,,,,,FA,FA,FA,FA,PREDRAFT,4,0,0,0,0,True,False
13905,Omari Evans,WR,KC,True,Active,,,,,FA,FA,FA,FA,PREDRAFT,4,0,0,0,0,True,False
13941,Omari Kelly,WR,,True,Active,,,,,FA,FA,FA,FA,PREDRAFT,4,0,0,0,0,True,False
12453,Ontaria Wilson,WR,,True,Active,,,,,FA,FA,FA,FA,PREDRAFT,4,0,0,0,0,True,False
7860,Osirus Mitchell,WR,,True,Active,,,,,FA,FA,FA,FA,PREDRAFT,4,0,0,0,0,True,False
6364,Papi White,WR,,True,Active,,,,,FA,FA,FA,FA,PREDRAFT,4,0,0,0,0,True,False
5880,Parris Campbell,WR,,True,Active,NA,,,,FA,FA,FA,FA,PREDRAFT,4,0,0,0,0,True,False
2674,Paul Browning,WR,,True,Active,,,,,FA,FA,FA,FA,PREDRAFT,4,0,0,0,0,True,False
2279,Paul Richardson,WR,,True,Active,,,,,FA,FA,FA,FA,PREDRAFT,4,0,0,0,0,True,False
5902,Penny Hart,WR,,True,Inactive,,,,,FA,FA,FA,FA,PREDRAFT,4,0,0,0,0,True,False
12373,Peter LeBlanc,WR,,True,Active,,,,,FA,FA,FA,FA,PREDRAFT,4,0,0,0,0,True,False
3278,Pharoh Cooper,WR,,True,Active,,,,,FA,FA,FA,FA,PREDRAFT,4,0,0,0,0,True,False
13258,Phil Lutz,WR,,True,Active,,,,,FA,FA,FA,FA,PREDRAFT,4,0,0,0,0,True,False
12254,Phillip Brooks,WR,,True,Active,,,,,FA,FA,FA,FA,PREDRAFT,4,0,0,0,0,True,False
2334,Phillip Dorsett,WR,,True,Active,,,,,FA,FA,FA,FA,PREDRAFT,4,0,0,0,0,True,False
4805,Pig Howard,WR,,True,Active,,,,,FA,FA,FA,FA,PREDRAFT,4,0,0,0,0,True,False
11130,Pokey Wilson,WR,,True,Active,,,,,FA,FA,FA,FA,PREDRAFT,4,0,0,0,0,True,False
12370,Praise Olatoke,WR,,True,Active,,,,,FA,FA,FA,FA,PREDRAFT,4,0,0,0,0,True,False
13344,Preston Fox,WR,,True,Active,,,,,FA,FA,FA,FA,PREDRAFT,4,0,0,0,0,True,False
6148,Preston Williams,WR,,True,Active,,,,,FA,FA,FA,FA,PREDRAFT,4,0,0,0,0,True,False
12267,Qadir Ismail,WR,CHI,True,Active,,,,,FA,FA,FA,FA,PREDRAFT,4,0,0,0,0,True,False
6879,Quartney Davis,WR,,True,Active,,,,,FA,FA,FA,FA,PREDRAFT,4,0,0,0,0,True,False
12907,Quentin Skinner,WR,,True,Active,,,,,FA,FA,FA,FA,PREDRAFT,4,0,0,0,0,True,False
3770,Quenton Bundrage,WR,,True,Active,,,,,FA,FA,FA,FA,PREDRAFT,4,0,0,0,0,True,False
6927,Quez Watkins,WR,,True,Active,,,,,FA,FA,FA,FA,PREDRAFT,4,0,0,0,0,True,False
1854,Quincy Enunwa,WR,,True,Active,,,,,FA,FA,FA,FA,PREDRAFT,4,0,0,0,0,True,False
4910,Quincy McDuffie,WR,,True,Active,,,,,FA,FA,FA,FA,PREDRAFT,4,0,0,0,0,True,False
12884,Quincy Skinner,WR,,True,Active,,,,,FA,FA,FA,FA,PREDRAFT,4,0,0,0,0,True,False
6895,Quintez Cephus,WR,,True,Active,,,,,FA,FA,FA,FA,PREDRAFT,4,0,0,0,0,True,False
4411,R.J. Shelton,WR,,True,Inactive,,,,,FA,FA,FA,FA,PREDRAFT,4,0,0,0,0,True,False
12276,RJ Mobley,WR,,True,Active,,,,,FA,FA,FA,FA,PREDRAFT,4,0,0,0,0,True,False
8571,Ra'Shaun Henry,WR,,True,Inactive,,,,,FA,FA,FA,FA,PREDRAFT,4,0,0,0,0,True,False
7793,Racey McMath,WR,,True,Active,,,,,FA,FA,FA,FA,PREDRAFT,4,0,0,0,0,True,False
9495,Rakim Jarrett,WR,,True,Active,,,,,FA,FA,FA,FA,PREDRAFT,4,0,0,0,0,True,False
8732,Raleigh Webb,WR,,True,Active,,,,,FA,FA,FA,FA,PREDRAFT,4,0,0,0,0,True,False
11885,Ramel Keyton,WR,,True,Active,,,,,FA,FA,FA,FA,PREDRAFT,4,0,0,0,0,True,False
928,Randall Cobb,WR,,True,Active,,,,,FA,FA,FA,FA,PREDRAFT,4,0,0,0,0,True,False
6361,Raphael Leonard,WR,,True,Active,,,,,FA,FA,FA,FA,PREDRAFT,4,0,0,0,0,True,False
7395,Rashad Medaris,WR,,True,Active,,,,,FA,FA,FA,FA,PREDRAFT,4,0,0,0,0,True,False
14037,Rashad Rochelle,WR,,True,Active,,,,,FA,FA,FA,FA,PREDRAFT,4,0,0,0,0,True,False
4828,Rashard Davis,WR,,True,Active,,,,,FA,FA,FA,FA,PREDRAFT,4,0,0,0,0,True,False
3328,Rashard Higgins,WR,,True,Active,,,,,FA,FA,FA,FA,PREDRAFT,4,0,0,0,0,True,False
2753,Rasheed Bailey,WR,,True,Active,,,,,FA,FA,FA,FA,PREDRAFT,4,0,0,0,0,True,False
12760,Rashod Owens,WR,,True,Active,,,,,FA,FA,FA,FA,PREDRAFT,4,0,0,0,0,True,False
5096,Ray-Ray McCloud,WR,CHI,True,Inactive,Questionable,,,,FA,FA,FA,FA,PREDRAFT,4,0,0,0,0,True,False
13783,Raylen Sharpe,WR,,True,Active,,,,,FA,FA,FA,FA,PREDRAFT,4,0,0,0,0,True,False
13136,Redd Douglas,WR,,True,Active,,,,,FA,FA,FA,FA,PREDRAFT,4,0,0,0,0,True,False
3893,Reece Horn,WR,,True,Active,,,,,FA,FA,FA,FA,PREDRAFT,4,0,0,0,0,True,False
6763,Reggie Begelton,WR,,True,Active,,,,,FA,FA,FA,FA,PREDRAFT,4,0,0,0,0,True,False
12169,Reggie Brown,WR,,True,Active,,,,,FA,FA,FA,FA,PREDRAFT,4,0,0,0,0,True,False
3655,Reggie Diggs,WR,,True,Active,,,,,FA,FA,FA,FA,PREDRAFT,4,0,0,0,0,True,False
8175,Reggie Roberson,WR,,True,Active,,,,,FA,FA,FA,FA,PREDRAFT,4,0,0,0,0,True,False
13297,Reggie Virgil,WR,ARI,True,Active,,,LWR,5,FA,FA,FA,FA,PREDRAFT,4,0,0,0,0,True,False
6261,Reggie White,WR,,True,Active,,,,,FA,FA,FA,FA,PREDRAFT,4,0,0,0,0,True,False
3732,Richard Mullaney,WR,,True,Active,,,,,FA,FA,FA,FA,PREDRAFT,4,0,0,0,0,True,False
5137,Richie James,WR,,True,Active,,,,,FA,FA,FA,FA,PREDRAFT,4,0,0,0,0,True,False
2935,Ricky Collins,WR,,True,Active,,,,,FA,FA,FA,FA,PREDRAFT,4,0,0,0,0,True,False
5428,Ricky Jeune,WR,,True,Active,,,,,FA,FA,FA,FA,PREDRAFT,4,0,0,0,0,True,False
12475,Ricky White,WR,SEA,True,Active,,,,,FA,FA,FA,FA,PREDRAFT,4,0,0,0,0,True,False
7901,Rico Bussey,WR,,True,Active,,,,,FA,FA,FA,FA,PREDRAFT,4,0,0,0,0,True,False
5197,Rico Gafford,WR,,True,Active,,,,,FA,FA,FA,FA,PREDRAFT,4,0,0,0,0,True,False
7988,Riley Lees,WR,,True,Active,,,,,FA,FA,FA,FA,PREDRAFT,4,0,0,0,0,True,False
5873,Riley Ridley,WR,,True,Active,,,,,FA,FA,FA,FA,PREDRAFT,4,0,0,0,0,True,False
4854,River Cracraft,WR,,True,Inactive,Questionable,,,,FA,FA,FA,FA,PREDRAFT,4,0,0,0,0,True,False
3423,Robbie Chosen,WR,,True,Active,,,,,FA,FA,FA,FA,PREDRAFT,4,0,0,0,0,True,False
4285,Robert Davis,WR,,True,Active,,,,,FA,FA,FA,FA,PREDRAFT,4,0,0,0,0,True,False
5250,Robert Foster,WR,,True,Active,,,,,FA,FA,FA,FA,PREDRAFT,4,0,0,0,0,True,False
12950,Robert Lewis,WR,,True,Active,,,,,FA,FA,FA,FA,PREDRAFT,4,0,0,0,0,True,False
4790,Robert Wheelwright,WR,,True,Active,,,,,FA,FA,FA,FA,PREDRAFT,4,0,0,0,0,True,False
1352,Robert Woods,WR,,True,Active,NA,,,,FA,FA,FA,FA,PREDRAFT,4,0,0,0,0,True,False
12972,Roc Taylor,WR,,True,Active,,,,,FA,FA,FA,FA,PREDRAFT,4,0,0,0,0,True,False
13256,Roderick Daniels,WR,,True,Active,,,,,FA,FA,FA,FA,PREDRAFT,4,0,0,0,0,True,False
4208,Rodney Adams,WR,,True,Active,,,,,FA,FA,FA,FA,PREDRAFT,4,0,0,0,0,True,False
11630,Roman Wilson,WR,PIT,True,Active,,,LWR,4,FA,FA,FA,FA,PREDRAFT,4,0,0,0,0,True,False
6394,Romell Guerrier,WR,,True,Inactive,,,,,FA,FA,FA,FA,PREDRAFT,4,0,0,0,0,True,False
13818,Romello Brinson,WR,,True,Active,,,,,FA,FA,FA,FA,PREDRAFT,4,0,0,0,0,True,False
10221,Ronnie Bell,WR,LV,True,Active,,,,,FA,FA,FA,FA,PREDRAFT,4,0,0,0,0,True,False
12431,Rory Starkey,WR,,True,Active,,,,,FA,FA,FA,FA,PREDRAFT,4,0,0,0,0,True,False
5110,Russell Gage,WR,,True,Active,,,,,FA,FA,FA,FA,PREDRAFT,4,0,0,0,0,True,False
1333,Russell Shepard,WR,,True,Active,,,,,FA,FA,FA,FA,PREDRAFT,4,0,0,0,0,True,False
6036,Ryan Davis,WR,,True,Active,,,,,FA,FA,FA,FA,PREDRAFT,4,0,0,0,0,True,False
2093,Ryan Grant,WR,,True,Active,,,,,FA,FA,FA,FA,PREDRAFT,4,0,0,0,0,True,False
8891,Ryan McDaniel,WR,,True,Active,,,,,FA,FA,FA,FA,PREDRAFT,4,0,0,0,0,True,False
11421,Ryan Miller,WR,MIA,True,Active,,,RWR,7,FA,FA,FA,FA,PREDRAFT,4,0,0,0,0,True,False
4162,Ryan Switzer,WR,,True,Active,,,,,FA,FA,FA,FA,PREDRAFT,4,0,0,0,0,True,False
13929,Sahmir Hagans,WR,,True,Active,,,,,FA,FA,FA,FA,PREDRAFT,4,0,0,0,0,True,False
13225,Sam Brown,WR,,True,Active,,,,,FA,FA,FA,FA,PREDRAFT,4,0,0,0,0,True,False
9496,Sam James,WR,,True,Active,,,,,FA,FA,FA,FA,PREDRAFT,4,0,0,0,0,True,False
12018,Sam Pinckney,WR,,True,Active,,,,,FA,FA,FA,FA,PREDRAFT,4,0,0,0,0,True,False
11957,Sam Schnee,WR,,True,Active,,,,,FA,FA,FA,FA,PREDRAFT,4,0,0,0,0,True,False
12134,Sam Wiglusz,WR,,True,Active,,,,,FA,FA,FA,FA,PREDRAFT,4,0,0,0,0,True,False
1817,Sammy Watkins,WR,,True,Active,,,,,FA,FA,FA,FA,PREDRAFT,4,0,0,0,0,True,False
8235,Samori Toure,WR,,True,Active,,,,,FA,FA,FA,FA,PREDRAFT,4,0,0,0,0,True,False
8824,Samson Nacua,WR,,True,Active,,,,,FA,FA,FA,FA,PREDRAFT,4,0,0,0,0,True,False
12482,Savion Williams,WR,GB,True,Inactive,IR,,LWR,7,FA,FA,FA,FA,PREDRAFT,4,0,0,0,0,True,False
8700,Savon Scarver,WR,,True,Active,,,,,FA,FA,FA,FA,PREDRAFT,4,0,0,0,0,True,False
6290,Scotty Miller,WR,CHI,True,Active,,,,,FA,FA,FA,FA,PREDRAFT,4,0,0,0,0,True,False
7237,Scotty Washington,WR,,True,Active,,,,,FA,FA,FA,FA,PREDRAFT,4,0,0,0,0,True,False
13867,Sean Brown,WR,,True,Active,,,,,FA,FA,FA,FA,PREDRAFT,4,0,0,0,0,True,False
6459,Sean Modster,WR,,True,Active,,,,,FA,FA,FA,FA,PREDRAFT,4,0,0,0,0,True,False
7368,Sean Riley,WR,,True,Active,,,,,FA,FA,FA,FA,PREDRAFT,4,0,0,0,0,True,False
11387,Sean Ryan,WR,,True,Active,,,,,FA,FA,FA,FA,PREDRAFT,4,0,0,0,0,True,False
5408,Sergio Bailey,WR,,True,Active,,,,,FA,FA,FA,FA,PREDRAFT,4,0,0,0,0,True,False
7426,Seth Dawkins,WR,,True,Inactive,,,,,FA,FA,FA,FA,PREDRAFT,4,0,0,0,0,True,False
2039,Seth Roberts,WR,,True,Inactive,,,,,FA,FA,FA,FA,PREDRAFT,4,0,0,0,0,True,False
7534,Seth Williams,WR,,True,Inactive,,,,,FA,FA,FA,FA,PREDRAFT,4,0,0,0,0,True,False
11172,Shae Wyatt,WR,,True,Active,,,,,FA,FA,FA,FA,PREDRAFT,4,0,0,0,0,True,False
4721,Shakeir Ryan,WR,,True,Active,,,,,FA,FA,FA,FA,PREDRAFT,4,0,0,0,0,True,False
13624,Shaleak Knotts,WR,,True,Active,,,,,FA,FA,FA,FA,PREDRAFT,4,0,0,0,0,True,False
7161,Shane Leatherbury,WR,,True,Active,,,,,FA,FA,FA,FA,PREDRAFT,4,0,0,0,0,True,False
4613,Shaq Hill,WR,,True,Active,,,,,FA,FA,FA,FA,PREDRAFT,4,0,0,0,0,True,False
5638,Shaq Roland,WR,CHI,True,Active,,,,,FA,FA,FA,FA,PREDRAFT,4,0,0,0,0,True,False
11105,Shaquan Davis,WR,,True,Active,,,,,FA,FA,FA,FA,PREDRAFT,4,0,0,0,0,True,False
1855,Shaquelle Evans,WR,,True,Active,,,,,FA,FA,FA,FA,PREDRAFT,4,0,0,0,0,True,False
6357,Shawn Bane,WR,,True,Active,,,,,FA,FA,FA,FA,PREDRAFT,4,0,0,0,0,True,False
6554,Shawn Poindexter,WR,,True,Inactive,,,,,FA,FA,FA,FA,PREDRAFT,4,0,0,0,0,True,False
5431,Shay Fields,WR,,True,Active,,,,,FA,FA,FA,FA,PREDRAFT,4,0,0,0,0,True,False
11257,Shedrick Jackson,WR,,True,Active,,,,,FA,FA,FA,FA,PREDRAFT,4,0,0,0,0,True,False
4214,Shelton Gibson,WR,,True,Active,,,,,FA,FA,FA,FA,PREDRAFT,4,0,0,0,0,True,False
8731,Shemar Bridges,WR,,True,Active,,,,,FA,FA,FA,FA,PREDRAFT,4,0,0,0,0,True,False
7603,Shi Smith,WR,,True,Active,,,,,FA,FA,FA,FA,PREDRAFT,4,0,0,0,0,True,False
7309,Siaosi Mariner,WR,,True,Active,,,,,FA,FA,FA,FA,PREDRAFT,4,0,0,0,0,True,False
12880,Silas Bolden,WR,,True,Active,,,,,FA,FA,FA,FA,PREDRAFT,4,0,0,0,0,True,False
7812,Simi Fehoko,WR,ARI,True,Active,,,RWR,8,FA,FA,FA,FA,PREDRAFT,4,0,0,0,0,True,False
13604,Sincere Brown,WR,,True,Inactive,Questionable,,,,FA,FA,FA,FA,PREDRAFT,4,0,0,0,0,True,False
8168,Skyy Moore,WR,GB,True,Active,,,SWR,5,FA,FA,FA,FA,PREDRAFT,4,0,0,0,0,True,False
8191,Slade Bolden,WR,,True,Active,,,,,FA,FA,FA,FA,PREDRAFT,4,0,0,0,0,True,False
4938,Speedy Noil,WR,,True,Active,,,,,FA,FA,FA,FA,PREDRAFT,4,0,0,0,0,True,False
6593,Spencer Schnell,WR,,True,Inactive,,,,,FA,FA,FA,FA,PREDRAFT,4,0,0,0,0,True,False
13943,Squirrel White,WR,,True,Active,NA,,,,FA,FA,FA,FA,PREDRAFT,4,0,0,0,0,True,False
8419,Stanley Berryhill,WR,,True,Active,,,,,FA,FA,FA,FA,PREDRAFT,4,0,0,0,0,True,False
6069,Stanley Morgan,WR,,True,Active,,,,,FA,FA,FA,FA,PREDRAFT,4,0,0,0,0,True,False
12756,Stephen Gosnell,WR,BUF,True,Active,,,,,FA,FA,FA,FA,PREDRAFT,4,0,0,0,0,True,False
7462,Stephen Guidry,WR,,True,Active,,,,,FA,FA,FA,FA,PREDRAFT,4,0,0,0,0,True,False
6342,Stephen Louis,WR,,True,Active,,,,,FA,FA,FA,FA,PREDRAFT,4,0,0,0,0,True,False
8633,Stephon Robinson,WR,,True,Active,,,,,FA,FA,FA,FA,PREDRAFT,4,0,0,0,0,True,False
3200,Sterling Shepard,WR,,True,Active,,,,,FA,FA,FA,FA,PREDRAFT,4,0,0,0,0,True,False
5132,Steven Mitchell,WR,,True,Inactive,,,,,FA,FA,FA,FA,PREDRAFT,4,0,0,0,0,True,False
6402,Steven Sims,WR,,True,Active,,,,,FA,FA,FA,FA,PREDRAFT,4,0,0,0,0,True,False
11111,Sy Barnett,WR,,True,Active,,,,,FA,FA,FA,FA,PREDRAFT,4,0,0,0,0,True,False
2121,T.J. Jones,WR,,True,Active,,,,,FA,FA,FA,FA,PREDRAFT,4,0,0,0,0,True,False
11312,T.J. Luther,WR,,True,Active,,,,,FA,FA,FA,FA,PREDRAFT,4,0,0,0,0,True,False
6401,T.J. Rahming,WR,,True,Active,,,,,FA,FA,FA,FA,PREDRAFT,4,0,0,0,0,True,False
7960,T.J. Simmons,WR,,True,Active,,,,,FA,FA,FA,FA,PREDRAFT,4,0,0,0,0,True,False
7862,T.J. Vasher,WR,,True,Active,,,,,FA,FA,FA,FA,PREDRAFT,4,0,0,0,0,True,False
1110,T.Y. Hilton,WR,,True,Active,,,,,FA,FA,FA,FA,PREDRAFT,4,0,0,0,0,True,False
13191,TJ Sheffield,WR,,True,Active,,,,,FA,FA,FA,FA,PREDRAFT,4,0,0,0,0,True,False
11821,Tahj Washington,WR,,True,Active,,,,,FA,FA,FA,FA,PREDRAFT,4,0,0,0,0,True,False
12496,Tai Felton,WR,MIN,True,Active,,,LWR,4,FA,FA,FA,FA,PREDRAFT,4,0,0,0,0,True,False
5224,Taj Williams,WR,,True,Active,,,,,FA,FA,FA,FA,PREDRAFT,4,0,0,0,0,True,False
3297,Tajae Sharpe,WR,,True,Inactive,,,,,FA,FA,FA,FA,PREDRAFT,4,0,0,0,0,True,False
12074,Talik Keaton,WR,,True,Active,,,,,FA,FA,FA,FA,PREDRAFT,4,0,0,0,0,True,False
8573,Talolo Limi-Jones,WR,,True,Active,,,,,FA,FA,FA,FA,PREDRAFT,4,0,0,0,0,True,False
4551,Tanner Gentry,WR,,True,Active,,,,,FA,FA,FA,FA,PREDRAFT,4,0,0,0,0,True,False
12395,Tanner Knue,WR,,True,Active,,,,,FA,FA,FA,FA,PREDRAFT,4,0,0,0,0,True,False
8005,Tarik Black,WR,,True,Active,,,,,FA,FA,FA,FA,PREDRAFT,4,0,0,0,0,True,False
1567,Tavon Austin,WR,,True,Active,,,,,FA,FA,FA,FA,PREDRAFT,4,0,0,0,0,True,False
6755,Tavonn Salter,WR,,True,Inactive,NA,,,,FA,FA,FA,FA,PREDRAFT,4,0,0,0,0,True,False
8250,Tay Martin,WR,DET,True,Active,,,LWR,4,FA,FA,FA,FA,PREDRAFT,4,0,0,0,0,True,False
11418,Taye Barber,WR,,True,Active,,,,,FA,FA,FA,FA,PREDRAFT,4,0,0,0,0,True,False
1903,Taylor Gabriel,WR,,True,Injured Reserve,,,,,FA,FA,FA,FA,PREDRAFT,4,0,0,0,0,True,False
11445,Taylor Grimes,WR,,True,Active,,,,,FA,FA,FA,FA,PREDRAFT,4,0,0,0,0,True,False
13139,Taylor Morin,WR,,True,Active,,,,,FA,FA,FA,FA,PREDRAFT,4,0,0,0,0,True,False
8613,Taysir Mack,WR,,True,Active,,,,,FA,FA,FA,FA,PREDRAFT,4,0,0,0,0,True,False
11962,Tayvion Robinson,WR,,True,Active,,,,,FA,FA,FA,FA,PREDRAFT,4,0,0,0,0,True,False
4125,Taywan Taylor,WR,,True,Active,,,,,FA,FA,FA,FA,PREDRAFT,4,0,0,0,0,True,False
695,Ted Ginn,WR,,True,Injured Reserve,,,,,FA,FA,FA,FA,PREDRAFT,4,0,0,0,0,True,False
11802,Tejhaun Palmer,WR,,True,Active,,,,,FA,FA,FA,FA,PREDRAFT,4,0,0,0,0,True,False
5255,Teo Redding,WR,,True,Active,,,,,FA,FA,FA,FA,PREDRAFT,4,0,0,0,0,True,False
11925,Terique Owens,WR,,True,Active,,,,,FA,FA,FA,FA,PREDRAFT,4,0,0,0,0,True,False
7565,Terrace Marshall,WR,,True,Active,,,,,FA,FA,FA,FA,PREDRAFT,4,0,0,0,0,True,False
11115,Terrell Bynum,WR,,True,Active,,,,,FA,FA,FA,FA,PREDRAFT,4,0,0,0,0,True,False
1652,Terrell Sinkfield,WR,,True,Active,,,SWR,3,FA,FA,FA,FA,PREDRAFT,4,0,0,0,0,True,False
14040,Terrill Davis,WR,,True,Active,,,,,FA,FA,FA,FA,PREDRAFT,4,0,0,0,0,True,False
5977,Terry Godwin,WR,,True,Active,,,,,FA,FA,FA,FA,PREDRAFT,4,0,0,0,0,True,False
6492,Terry Wright,WR,,True,Active,,,,,FA,FA,FA,FA,PREDRAFT,4,0,0,0,0,True,False
3730,Tevin Jones,WR,,True,Active,,,,,FA,FA,FA,FA,PREDRAFT,4,0,0,0,0,True,False
11073,Thayer Thomas,WR,,True,Active,,,,,FA,FA,FA,FA,PREDRAFT,4,0,0,0,0,True,False
12860,Theo Wease,WR,LAC,True,Active,,,,,FA,FA,FA,FA,PREDRAFT,4,0,0,0,0,True,False
8437,Thomas Hennigan,WR,,True,Active,,,,,FA,FA,FA,FA,PREDRAFT,4,0,0,0,0,True,False
6465,Thomas Ives,WR,CHI,True,Inactive,,,,,FA,FA,FA,FA,PREDRAFT,4,0,0,0,0,True,False
4479,Thomas Sperbeck,WR,,True,Active,,,,,FA,FA,FA,FA,PREDRAFT,4,0,0,0,0,True,False
11266,Thyrick Pitts,WR,,True,Inactive,,,,,FA,FA,FA,FA,PREDRAFT,4,0,0,0,0,True,False
8013,Tim Jones,WR,JAX,True,Active,,,,,FA,FA,FA,FA,PREDRAFT,4,0,0,0,0,True,False
4351,Tim Patrick,WR,NYJ,True,Active,,,LWR,5,FA,FA,FA,FA,PREDRAFT,4,0,0,0,0,True,False
5714,Tim Wilson,WR,,True,Active,,,,,FA,FA,FA,FA,PREDRAFT,4,0,0,0,0,True,False
2580,Titus Davis,WR,,True,Active,,,,,FA,FA,FA,FA,PREDRAFT,4,0,0,0,0,True,False
6588,Tom Kennedy,WR,DET,True,Active,,,,,FA,FA,FA,FA,PREDRAFT,4,0,0,0,0,True,False
12690,Tommy Mellott,WR,,True,Active,,,,,FA,FA,FA,FA,PREDRAFT,4,0,0,0,0,True,False
14005,Tommy Thomas,WR,,True,Active,,,,,FA,FA,FA,FA,PREDRAFT,4,0,0,0,0,True,False
3614,Tommylee Lewis,WR,,True,Active,,,,,FA,FA,FA,FA,PREDRAFT,4,0,0,0,0,True,False
7078,Tony Brown,WR,,True,Active,,,,,FA,FA,FA,FA,PREDRAFT,4,0,0,0,0,True,False
2639,Tony Jones,WR,,True,Active,,,,,FA,FA,FA,FA,PREDRAFT,4,0,0,0,0,True,False
4497,Tony Stevens,WR,,True,Active,,,,,FA,FA,FA,FA,PREDRAFT,4,0,0,0,0,True,False
12849,Traeshon Holden,WR,,True,Active,,,,,FA,FA,FA,FA,PREDRAFT,4,0,0,0,0,True,False
8252,Travell Harris,WR,,True,Active,,,,,FA,FA,FA,FA,PREDRAFT,4,0,0,0,0,True,False
4520,Travin Dural,WR,,True,Active,,,,,FA,FA,FA,FA,PREDRAFT,4,0,0,0,0,True,False
1077,Travis Benjamin,WR,,True,Active,,,,,FA,FA,FA,FA,PREDRAFT,4,0,0,0,0,True,False
6059,Travis Fulgham,WR,,True,Active,,,,,FA,FA,FA,FA,PREDRAFT,4,0,0,0,0,True,False
7454,Travis Jonsen,WR,,True,Active,,,,,FA,FA,FA,FA,PREDRAFT,4,0,0,0,0,True,False
8070,Travis Toivonen,WR,,True,Active,,,,,FA,FA,FA,FA,PREDRAFT,4,0,0,0,0,True,False
14038,Trayvon Rudolph,WR,MIN,True,Active,,,,,FA,FA,FA,FA,PREDRAFT,4,0,0,0,0,True,False
12392,Tre Mosley,WR,,True,Active,,,,,FA,FA,FA,FA,PREDRAFT,4,0,0,0,0,True,False
7546,Tre Nixon,WR,,True,Active,,,,,FA,FA,FA,FA,PREDRAFT,4,0,0,0,0,True,False
8169,Tre Turner,WR,,True,Active,,,,,FA,FA,FA,FA,PREDRAFT,4,0,0,0,0,True,False
7978,Tre Walker,WR,,True,Inactive,,,,,FA,FA,FA,FA,PREDRAFT,4,0,0,0,0,True,False
5026,Tre'Quan Smith,WR,,True,Inactive,,,,,FA,FA,FA,FA,PREDRAFT,4,0,0,0,0,True,False
11456,Tre'Shaun Harrison,WR,,True,Inactive,,,,,FA,FA,FA,FA,PREDRAFT,4,0,0,0,0,True,False
13356,Trebor Pena,WR,JAX,True,Active,,,,,FA,FA,FA,FA,PREDRAFT,4,0,0,0,0,True,False
5154,Trent Sherfield,WR,BUF,True,Active,,,,,FA,FA,FA,FA,PREDRAFT,4,0,0,0,0,True,False
2752,Trent Steelman,WR,,True,Active,,,,,FA,FA,FA,FA,PREDRAFT,4,0,0,0,0,True,False
4218,Trent Taylor,WR,,True,Active,,,,,FA,FA,FA,FA,PREDRAFT,4,0,0,0,0,True,False
6598,Trenton Irwin,WR,,True,Active,,,,,FA,FA,FA,FA,PREDRAFT,4,0,0,0,0,True,False
12355,Treveyon Pratt,WR,,True,Active,,,,,FA,FA,FA,FA,PREDRAFT,4,0,0,0,0,True,False
6248,Trevion Thompson,WR,,True,Active,,,,,FA,FA,FA,FA,PREDRAFT,4,0,0,0,0,True,False
8581,Trevon Bradford,WR,,True,Active,,,,,FA,FA,FA,FA,PREDRAFT,4,0,0,0,0,True,False
8549,Trevon Clark,WR,,True,Active,,,,,FA,FA,FA,FA,PREDRAFT,4,0,0,0,0,True,False
7949,Trevon Grimes,WR,,True,Inactive,,,,,FA,FA,FA,FA,PREDRAFT,4,0,0,0,0,True,False
7217,Trevontae Hights,WR,,True,Active,,,,,FA,FA,FA,FA,PREDRAFT,4,0,0,0,0,True,False
3319,Trevor Davis,WR,,True,Active,,,,,FA,FA,FA,FA,PREDRAFT,4,0,0,0,0,True,False
2838,Trevor Harman,WR,,True,Active,,,,,FA,FA,FA,FA,PREDRAFT,4,0,0,0,0,True,False
4324,Trey Griffey,WR,,True,Active,,,,,FA,FA,FA,FA,PREDRAFT,4,0,0,0,0,True,False
9492,Trey Palmer,WR,NO,True,Active,,,,,FA,FA,FA,FA,PREDRAFT,4,0,0,0,0,True,False
5139,Trey Quinn,WR,,True,Active,,,,,FA,FA,FA,FA,PREDRAFT,4,0,0,0,0,True,False
8135,Treylon Burks,WR,WAS,True,Active,,,RWR,4,FA,FA,FA,FA,PREDRAFT,4,0,0,0,0,True,False
13862,Treyvhon Saunders,WR,,True,Active,,,,,FA,FA,FA,FA,PREDRAFT,4,0,0,0,0,True,False
6395,Trinity Benson,WR,,True,Active,,,,,FA,FA,FA,FA,PREDRAFT,4,0,0,0,0,True,False
7009,Trishton Jackson,WR,,True,Inactive,,,,,FA,FA,FA,FA,PREDRAFT,4,0,0,0,0,True,False
13003,Tru Edwards,WR,,True,Active,,,,,FA,FA,FA,FA,PREDRAFT,4,0,0,0,0,True,False
11886,Tulu Griffin,WR,,True,Active,,,,,FA,FA,FA,FA,PREDRAFT,4,0,0,0,0,True,False
7562,Tutu Atwell,WR,LAR,True,Active,,,LWR,3,FA,FA,FA,FA,PREDRAFT,4,0,0,0,0,True,False
8196,Ty Fryfogle,WR,,True,Active,,,,,FA,FA,FA,FA,PREDRAFT,4,0,0,0,0,True,False
11906,Ty James,WR,,True,Active,,,,,FA,FA,FA,FA,PREDRAFT,4,0,0,0,0,True,False
9491,Ty Scott,WR,,True,Active,,,,,FA,FA,FA,FA,PREDRAFT,4,0,0,0,0,True,False
11226,Tyjon Lindsey,WR,,True,Active,,,,,FA,FA,FA,FA,PREDRAFT,4,0,0,0,0,True,False
7595,Tylan Wallace,WR,CLE,True,Active,,,RWR,6,FA,FA,FA,FA,PREDRAFT,4,0,0,0,0,True,False
11357,Tyler Adams,WR,,True,Active,,,,,FA,FA,FA,FA,PREDRAFT,4,0,0,0,0,True,False
3225,Tyler Boyd,WR,,True,Active,,,,,FA,FA,FA,FA,PREDRAFT,4,0,0,0,0,True,False
12029,Tyler Harrell,WR,,True,Active,,,,,FA,FA,FA,FA,PREDRAFT,4,0,0,0,0,True,False
11148,Tyler Hudson,WR,,True,Active,,,,,FA,FA,FA,FA,PREDRAFT,4,0,0,0,0,True,False
6960,Tyler Johnson,WR,,True,Active,,,,,FA,FA,FA,FA,PREDRAFT,4,0,0,0,0,True,False
12831,Tyler Kahmann,WR,,True,Active,,,,,FA,FA,FA,FA,PREDRAFT,4,0,0,0,0,True,False
2374,Tyler Lockett,WR,,True,Active,,,,,FA,FA,FA,FA,PREDRAFT,4,0,0,0,0,True,False
2910,Tyler Rutenbeck,WR,,True,Active,,,,,FA,FA,FA,FA,PREDRAFT,4,0,0,0,0,True,False
9490,Tyler Scott,WR,,True,Active,,,,,FA,FA,FA,FA,PREDRAFT,4,0,0,0,0,True,False
7274,Tyler Simmons,WR,,True,Active,,,,,FA,FA,FA,FA,PREDRAFT,4,0,0,0,0,True,False
8409,Tyler Snead,WR,,True,Active,,,,,FA,FA,FA,FA,PREDRAFT,4,0,0,0,0,True,False
7548,Tyler Vaughns,WR,,True,Active,,,,,FA,FA,FA,FA,PREDRAFT,4,0,0,0,0,True,False
6049,Tyre Brady,WR,,True,Active,,,,,FA,FA,FA,FA,PREDRAFT,4,0,0,0,0,True,False
11377,Tyrell Shavers,WR,BUF,True,Active,PUP,,RWR,8,FA,FA,FA,FA,PREDRAFT,4,0,0,0,0,True,False
2583,Tyrell Williams,WR,,True,Active,,,,,FA,FA,FA,FA,PREDRAFT,4,0,0,0,0,True,False
13600,Tyren Montgomery,WR,TEN,True,Active,,,,,FA,FA,FA,FA,PREDRAFT,4,0,0,0,0,True,False
7032,Tyrie Cleveland,WR,,True,Active,,,,,FA,FA,FA,FA,PREDRAFT,4,0,0,0,0,True,False
6063,Tyron Billy-Johnson,WR,,True,Active,,,,,FA,FA,FA,FA,PREDRAFT,4,0,0,0,0,True,False
13034,Tyrone Broden,WR,,True,Active,Questionable,,,,FA,FA,FA,FA,PREDRAFT,4,0,0,0,0,True,False
8656,Tyshaun James,WR,,True,Active,,,,,FA,FA,FA,FA,PREDRAFT,4,0,0,0,0,True,False
1678,Uzoma Nwachukwu,WR,,True,Active,,,,,FA,FA,FA,FA,PREDRAFT,4,0,0,0,0,True,False
3660,Valdez Showers,WR,,True,Active,,,,,FA,FA,FA,FA,PREDRAFT,4,0,0,0,0,True,False
6853,Van Jefferson,WR,,True,Active,,,,,FA,FA,FA,FA,PREDRAFT,4,0,0,0,0,True,False
8223,Velus Jones,WR,SEA,True,Active,,,,,FA,FA,FA,FA,PREDRAFT,4,0,0,0,0,True,False
6628,Ventell Bryant,WR,,True,Active,,,,,FA,FA,FA,FA,PREDRAFT,4,0,0,0,0,True,False
2635,Vernon Johnson,WR,,True,Active,,,,,FA,FA,FA,FA,PREDRAFT,4,0,0,0,0,True,False
4453,Victor Bolden,WR,,True,Active,,,,,FA,FA,FA,FA,PREDRAFT,4,0,0,0,0,True,False
13343,Vinny Anthony,WR,ATL,True,Active,,,,,FA,FA,FA,FA,PREDRAFT,4,0,0,0,0,True,False
5260,Vyncint Smith,WR,,True,Active,,,,,FA,FA,FA,FA,PREDRAFT,4,0,0,0,0,True,False
7550,Warren Jackson,WR,,True,Active,,,,,FA,FA,FA,FA,PREDRAFT,4,0,0,0,0,True,False
12198,Wayne Ruby,WR,,True,Active,,,,,FA,FA,FA,FA,PREDRAFT,4,0,0,0,0,True,False
13663,Wesley Grimes,WR,SF,True,Active,,,,,FA,FA,FA,FA,PREDRAFT,4,0,0,0,0,True,False
7558,Whop Philyor,WR,,True,Active,,,,,FA,FA,FA,FA,PREDRAFT,4,0,0,0,0,True,False
7367,Will Hastings,WR,,True,Inactive,,,,,FA,FA,FA,FA,PREDRAFT,4,0,0,0,0,True,False
13662,Will Pauling,WR,SF,True,Active,,,,,FA,FA,FA,FA,PREDRAFT,4,0,0,0,0,True,False
12788,Will Sheppard,WR,MIA,True,Active,,,,,FA,FA,FA,FA,PREDRAFT,4,0,0,0,0,True,False
3157,William Fuller,WR,,True,Active,,,,,FA,FA,FA,FA,PREDRAFT,4,0,0,0,0,True,False
8881,Willie Johnson,WR,,True,Active,,,,,FA,FA,FA,FA,PREDRAFT,4,0,0,0,0,True,False
1911,Willie Snead,WR,,True,Inactive,,,,,FA,FA,FA,FA,PREDRAFT,4,0,0,0,0,True,False
13238,Winston Wright,WR,,True,Active,,,,,FA,FA,FA,FA,PREDRAFT,4,0,0,0,0,True,False
11306,Xavier Gipson,WR,,True,Active,,,,,FA,FA,FA,FA,PREDRAFT,4,0,0,0,0,True,False
13042,Xavier Guillory,WR,BAL,True,Active,,,,,FA,FA,FA,FA,PREDRAFT,4,0,0,0,0,True,False
11969,Xavier Johnson,WR,,True,Active,,,,,FA,FA,FA,FA,PREDRAFT,4,0,0,0,0,True,False
13916,Xavier Loyd,WR,,True,Active,,,,,FA,FA,FA,FA,PREDRAFT,4,0,0,0,0,True,False
12520,Xavier Restrepo,WR,TEN,True,Active,,,,,FA,FA,FA,FA,PREDRAFT,4,0,0,0,0,True,False
3150,Xavier Rush,WR,,True,Active,,,,,FA,FA,FA,FA,PREDRAFT,4,0,0,0,0,True,False
6322,Xavier Ubosi,WR,,True,Inactive,,,,,FA,FA,FA,FA,PREDRAFT,4,0,0,0,0,True,False
12363,Xavier Wade,WR,,True,Active,,,,,FA,FA,FA,FA,PREDRAFT,4,0,0,0,0,True,False
11921,Xavier Weaver,WR,,True,Inactive,Questionable,,,,FA,FA,FA,FA,PREDRAFT,4,0,0,0,0,True,False
12189,Xavier White,WR,,True,Active,,,,,FA,FA,FA,FA,PREDRAFT,4,0,0,0,0,True,False
2962,Zach D'Orazio,WR,,True,Active,,,,,FA,FA,FA,FA,PREDRAFT,4,0,0,0,0,True,False
12168,Zach Mathis,WR,,True,Active,,,,,FA,FA,FA,FA,PREDRAFT,4,0,0,0,0,True,False
4319,Zach Pascal,WR,,True,Active,,,,,FA,FA,FA,FA,PREDRAFT,4,0,0,0,0,True,False
13161,Zakhari Franklin,WR,,True,Active,,,,,FA,FA,FA,FA,PREDRAFT,4,0,0,0,0,True,False
4080,Zay Jones,WR,,True,Active,,,,,FA,FA,FA,FA,PREDRAFT,4,0,0,0,0,True,False
11189,Zay Malone,WR,,True,Active,,,,,FA,FA,FA,FA,PREDRAFT,4,0,0,0,0,True,False
7211,Zimari Manning,WR,,True,Active,,,,,FA,FA,FA,FA,PREDRAFT,4,0,0,0,0,True,False
11159,Zion Bowens,WR,,True,Active,,,,,FA,FA,FA,FA,PREDRAFT,4,0,0,0,0,True,False
