snapshot_utc,league_id,draft_id,pick_no,round,draft_slot,roster_id,picked_by,player_id,full_name,position,nfl_team,metadata
2026-08-31T15:52:53+00:00,1389740418316374016,1389740418316374017,1,1,1,3,996120627872493568,9509,Bijan Robinson,RB,ATL,"{""first_name"": ""Bijan"", ""injury_status"": """", ""last_name"": ""Robinson"", ""news_updated"": ""1786810260359"", ""number"": ""7"", ""player_id"": ""9509"", ""position"": ""RB"", ""sport"": ""nfl"", ""status"": ""Active"", ""team"": ""ATL"", ""team_abbr"": """", ""team_changed_at"": """", ""years_exp"": ""3""}"
2026-08-31T15:52:53+00:00,1389740418316374016,1389740418316374017,2,1,2,10,594991759398850560,9221,Jahmyr Gibbs,RB,DET,"{""first_name"": ""Jahmyr"", ""injury_status"": """", ""last_name"": ""Gibbs"", ""news_updated"": ""1786938619039"", ""number"": ""0"", ""player_id"": ""9221"", ""position"": ""RB"", ""sport"": ""nfl"", ""status"": ""Active"", ""team"": ""DET"", ""team_abbr"": """", ""team_changed_at"": """", ""years_exp"": ""3""}"
2026-08-31T15:52:53+00:00,1389740418316374016,1389740418316374017,3,1,3,6,996322180944277504,4034,Christian McCaffrey,RB,SF,"{""first_name"": ""Christian"", ""injury_status"": ""Questionable"", ""last_name"": ""McCaffrey"", ""news_updated"": ""1787518233390"", ""number"": ""23"", ""player_id"": ""4034"", ""position"": ""RB"", ""sport"": ""nfl"", ""status"": ""Active"", ""team"": ""SF"", ""team_abbr"": """", ""team_changed_at"": """", ""years_exp"": ""9""}"
2026-08-31T15:52:53+00:00,1389740418316374016,1389740418316374017,4,1,4,4,779583277362245632,7564,Ja'Marr Chase,WR,CIN,"{""first_name"": ""Ja'Marr"", ""injury_status"": """", ""last_name"": ""Chase"", ""news_updated"": ""1786767654011"", ""number"": ""1"", ""player_id"": ""7564"", ""position"": ""WR"", ""sport"": ""nfl"", ""status"": ""Active"", ""team"": ""CIN"", ""team_abbr"": """", ""team_changed_at"": """", ""years_exp"": ""5""}"
2026-08-31T15:52:53+00:00,1389740418316374016,1389740418316374017,5,1,5,1,996104610009952256,9488,Jaxon Smith-Njigba,WR,SEA,"{""first_name"": ""Jaxon"", ""injury_status"": """", ""last_name"": ""Smith-Njigba"", ""news_updated"": ""1787512532590"", ""number"": ""11"", ""player_id"": ""9488"", ""position"": ""WR"", ""sport"": ""nfl"", ""status"": ""Active"", ""team"": ""SEA"", ""team_abbr"": """", ""team_changed_at"": """", ""years_exp"": ""3""}"
2026-08-31T15:52:53+00:00,1389740418316374016,1389740418316374017,6,1,6,7,996128808304558080,9493,Puka Nacua,WR,LAR,"{""first_name"": ""Puka"", ""injury_status"": ""Questionable"", ""last_name"": ""Nacua"", ""news_updated"": ""1787454927651"", ""number"": ""12"", ""player_id"": ""9493"", ""position"": ""WR"", ""sport"": ""nfl"", ""status"": ""Active"", ""team"": ""LAR"", ""team_abbr"": """", ""team_changed_at"": """", ""years_exp"": ""3""}"
2026-08-31T15:52:53+00:00,1389740418316374016,1389740418316374017,7,1,7,5,1262108133212311552,9226,De'Von Achane,RB,MIA,"{""first_name"": ""De'Von"", ""injury_status"": """", ""last_name"": ""Achane"", ""news_updated"": ""1787455527665"", ""number"": ""28"", ""player_id"": ""9226"", ""position"": ""RB"", ""sport"": ""nfl"", ""status"": ""Active"", ""team"": ""MIA"", ""team_abbr"": """", ""team_changed_at"": """", ""years_exp"": ""3""}"
2026-08-31T15:52:53+00:00,1389740418316374016,1389740418316374017,8,1,8,9,1008988929109843968,6813,Jonathan Taylor,RB,IND,"{""first_name"": ""Jonathan"", ""injury_status"": """", ""last_name"": ""Taylor"", ""news_updated"": ""1786904114183"", ""number"": ""28"", ""player_id"": ""6813"", ""position"": ""RB"", ""sport"": ""nfl"", ""status"": ""Active"", ""team"": ""IND"", ""team_abbr"": """", ""team_changed_at"": """", ""years_exp"": ""6""}"
2026-08-31T15:52:53+00:00,1389740418316374016,1389740418316374017,9,1,9,8,997245852273930240,6794,Justin Jefferson,WR,MIN,"{""first_name"": ""Justin"", ""injury_status"": """", ""last_name"": ""Jefferson"", ""news_updated"": ""1786592711895"", ""number"": ""18"", ""player_id"": ""6794"", ""position"": ""WR"", ""sport"": ""nfl"", ""status"": ""Active"", ""team"": ""MIN"", ""team_abbr"": """", ""team_changed_at"": """", ""years_exp"": ""6""}"
2026-08-31T15:52:53+00:00,1389740418316374016,1389740418316374017,10,1,10,2,996120449870385152,7547,Amon-Ra St. Brown,WR,DET,"{""first_name"": ""Amon-Ra"", ""injury_status"": """", ""last_name"": ""St. Brown"", ""news_updated"": ""1786734042841"", ""number"": ""14"", ""player_id"": ""7547"", ""position"": ""WR"", ""sport"": ""nfl"", ""status"": ""Active"", ""team"": ""DET"", ""team_abbr"": """", ""team_changed_at"": """", ""years_exp"": ""5""}"
2026-08-31T15:52:53+00:00,1389740418316374016,1389740418316374017,11,2,10,2,996120449870385152,8138,James Cook,RB,BUF,"{""first_name"": ""James"", ""injury_status"": """", ""last_name"": ""Cook"", ""news_updated"": ""1787428825186"", ""number"": ""4"", ""player_id"": ""8138"", ""position"": ""RB"", ""sport"": ""nfl"", ""status"": ""Active"", ""team"": ""BUF"", ""team_abbr"": """", ""team_changed_at"": """", ""years_exp"": ""4""}"
2026-08-31T15:52:53+00:00,1389740418316374016,1389740418316374017,12,2,9,8,997245852273930240,6786,CeeDee Lamb,WR,DAL,"{""first_name"": ""CeeDee"", ""injury_status"": """", ""last_name"": ""Lamb"", ""news_updated"": ""1787019938269"", ""number"": ""88"", ""player_id"": ""6786"", ""position"": ""WR"", ""sport"": ""nfl"", ""status"": ""Active"", ""team"": ""DAL"", ""team_abbr"": """", ""team_changed_at"": """", ""years_exp"": ""6""}"
2026-08-31T15:52:53+00:00,1389740418316374016,1389740418316374017,13,2,8,9,1008988929109843968,4984,Josh Allen,QB,BUF,"{""first_name"": ""Josh"", ""injury_status"": """", ""last_name"": ""Allen"", ""news_updated"": ""1787409323056"", ""number"": ""17"", ""player_id"": ""4984"", ""position"": ""QB"", ""sport"": ""nfl"", ""status"": ""Active"", ""team"": ""BUF"", ""team_abbr"": """", ""team_changed_at"": """", ""years_exp"": ""8""}"
2026-08-31T15:52:53+00:00,1389740418316374016,1389740418316374017,14,2,7,5,1262108133212311552,8112,Drake London,WR,ATL,"{""first_name"": ""Drake"", ""injury_status"": """", ""last_name"": ""London"", ""news_updated"": ""1786666547486"", ""number"": ""5"", ""player_id"": ""8112"", ""position"": ""WR"", ""sport"": ""nfl"", ""status"": ""Active"", ""team"": ""ATL"", ""team_abbr"": """", ""team_changed_at"": """", ""years_exp"": ""4""}"
2026-08-31T15:52:53+00:00,1389740418316374016,1389740418316374017,15,2,6,7,996128808304558080,4866,Saquon Barkley,RB,PHI,"{""first_name"": ""Saquon"", ""injury_status"": """", ""last_name"": ""Barkley"", ""news_updated"": ""1787257531516"", ""number"": ""26"", ""player_id"": ""4866"", ""position"": ""RB"", ""sport"": ""nfl"", ""status"": ""Active"", ""team"": ""PHI"", ""team_abbr"": """", ""team_changed_at"": """", ""years_exp"": ""8""}"
2026-08-31T15:52:53+00:00,1389740418316374016,1389740418316374017,16,2,5,1,996104610009952256,12507,Omarion Hampton,RB,LAC,"{""first_name"": ""Omarion"", ""injury_status"": """", ""last_name"": ""Hampton"", ""news_updated"": ""1787418023945"", ""number"": ""8"", ""player_id"": ""12507"", ""position"": ""RB"", ""sport"": ""nfl"", ""status"": ""Active"", ""team"": ""LAC"", ""team_abbr"": """", ""team_changed_at"": """", ""years_exp"": ""1""}"
2026-08-31T15:52:53+00:00,1389740418316374016,1389740418316374017,17,2,4,4,779583277362245632,12527,Ashton Jeanty,RB,LV,"{""first_name"": ""Ashton"", ""injury_status"": """", ""last_name"": ""Jeanty"", ""news_updated"": ""1787424024545"", ""number"": ""2"", ""player_id"": ""12527"", ""position"": ""RB"", ""sport"": ""nfl"", ""status"": ""Active"", ""team"": ""LV"", ""team_abbr"": """", ""team_changed_at"": """", ""years_exp"": ""1""}"
2026-08-31T15:52:53+00:00,1389740418316374016,1389740418316374017,18,2,3,6,996322180944277504,5859,A.J. Brown,WR,NE,"{""first_name"": ""A.J."", ""injury_status"": """", ""last_name"": ""Brown"", ""news_updated"": ""1787167557699"", ""number"": ""1"", ""player_id"": ""5859"", ""position"": ""WR"", ""sport"": ""nfl"", ""status"": ""Active"", ""team"": ""NE"", ""team_abbr"": """", ""team_changed_at"": """", ""years_exp"": ""7""}"
2026-08-31T15:52:53+00:00,1389740418316374016,1389740418316374017,19,2,2,10,594991759398850560,8137,George Pickens,WR,DAL,"{""first_name"": ""George"", ""injury_status"": """", ""last_name"": ""Pickens"", ""news_updated"": ""1787335838094"", ""number"": ""3"", ""player_id"": ""8137"", ""position"": ""WR"", ""sport"": ""nfl"", ""status"": ""Active"", ""team"": ""DAL"", ""team_abbr"": """", ""team_changed_at"": """", ""years_exp"": ""4""}"
2026-08-31T15:52:53+00:00,1389740418316374016,1389740418316374017,20,2,1,3,996120627872493568,8151,Kenneth Walker,RB,KC,"{""first_name"": ""Kenneth"", ""injury_status"": """", ""last_name"": ""Walker"", ""news_updated"": ""1787453428237"", ""number"": ""9"", ""player_id"": ""8151"", ""position"": ""RB"", ""sport"": ""nfl"", ""status"": ""Active"", ""team"": ""KC"", ""team_abbr"": """", ""team_changed_at"": """", ""years_exp"": ""4""}"
2026-08-31T15:52:53+00:00,1389740418316374016,1389740418316374017,21,3,1,3,996120627872493568,3198,Derrick Henry,RB,BAL,"{""first_name"": ""Derrick"", ""injury_status"": """", ""last_name"": ""Henry"", ""news_updated"": ""1786902913860"", ""number"": ""22"", ""player_id"": ""3198"", ""position"": ""RB"", ""sport"": ""nfl"", ""status"": ""Active"", ""team"": ""BAL"", ""team_abbr"": """", ""team_changed_at"": """", ""years_exp"": ""10""}"
2026-08-31T15:52:53+00:00,1389740418316374016,1389740418316374017,22,3,2,10,594991759398850560,9224,Chase Brown,RB,CIN,"{""first_name"": ""Chase"", ""injury_status"": """", ""last_name"": ""Brown"", ""news_updated"": ""1786767354054"", ""number"": ""30"", ""player_id"": ""9224"", ""position"": ""RB"", ""sport"": ""nfl"", ""status"": ""Active"", ""team"": ""CIN"", ""team_abbr"": """", ""team_changed_at"": """", ""years_exp"": ""3""}"
2026-08-31T15:52:53+00:00,1389740418316374016,1389740418316374017,23,3,3,6,996322180944277504,7569,Nico Collins,WR,HOU,"{""first_name"": ""Nico"", ""injury_status"": """", ""last_name"": ""Collins"", ""news_updated"": ""1787328337558"", ""number"": ""12"", ""player_id"": ""7569"", ""position"": ""WR"", ""sport"": ""nfl"", ""status"": ""Active"", ""team"": ""HOU"", ""team_abbr"": """", ""team_changed_at"": """", ""years_exp"": ""5""}"
2026-08-31T15:52:53+00:00,1389740418316374016,1389740418316374017,24,3,4,4,779583277362245632,11632,Malik Nabers,WR,NYG,"{""first_name"": ""Malik"", ""injury_status"": ""Questionable"", ""last_name"": ""Nabers"", ""news_updated"": ""1787517333352"", ""number"": ""1"", ""player_id"": ""11632"", ""position"": ""WR"", ""sport"": ""nfl"", ""status"": ""Active"", ""team"": ""NYG"", ""team_abbr"": """", ""team_changed_at"": """", ""years_exp"": ""2""}"
2026-08-31T15:52:53+00:00,1389740418316374016,1389740418316374017,25,3,5,1,996104610009952256,8130,Trey McBride,TE,ARI,"{""first_name"": ""Trey"", ""injury_status"": """", ""last_name"": ""McBride"", ""news_updated"": ""1787491230826"", ""number"": ""85"", ""player_id"": ""8130"", ""position"": ""TE"", ""sport"": ""nfl"", ""status"": ""Active"", ""team"": ""ARI"", ""team_abbr"": """", ""team_changed_at"": """", ""years_exp"": ""4""}"
2026-08-31T15:52:53+00:00,1389740418316374016,1389740418316374017,26,3,6,7,996128808304558080,11604,Brock Bowers,TE,LV,"{""first_name"": ""Brock"", ""injury_status"": """", ""last_name"": ""Bowers"", ""news_updated"": ""1786726841674"", ""number"": ""89"", ""player_id"": ""11604"", ""position"": ""TE"", ""sport"": ""nfl"", ""status"": ""Active"", ""team"": ""LV"", ""team_abbr"": """", ""team_changed_at"": """", ""years_exp"": ""2""}"
2026-08-31T15:52:53+00:00,1389740418316374016,1389740418316374017,27,3,7,5,1262108133212311552,12481,Cam Skattebo,RB,NYG,"{""first_name"": ""Cam"", ""injury_status"": """", ""last_name"": ""Skattebo"", ""news_updated"": ""1787112652626"", ""number"": ""44"", ""player_id"": ""12481"", ""position"": ""RB"", ""sport"": ""nfl"", ""status"": ""Active"", ""team"": ""NYG"", ""team_abbr"": """", ""team_changed_at"": """", ""years_exp"": ""1""}"
2026-08-31T15:52:53+00:00,1389740418316374016,1389740418316374017,28,3,8,9,1008988929109843968,8144,Chris Olave,WR,NO,"{""first_name"": ""Chris"", ""injury_status"": """", ""last_name"": ""Olave"", ""news_updated"": ""1787248529668"", ""number"": ""12"", ""player_id"": ""8144"", ""position"": ""WR"", ""sport"": ""nfl"", ""status"": ""Active"", ""team"": ""NO"", ""team_abbr"": """", ""team_changed_at"": """", ""years_exp"": ""4""}"
2026-08-31T15:52:53+00:00,1389740418316374016,1389740418316374017,29,3,9,8,997245852273930240,8150,Kyren Williams,RB,LAR,"{""first_name"": ""Kyren"", ""injury_status"": """", ""last_name"": ""Williams"", ""news_updated"": ""1786937118853"", ""number"": ""23"", ""player_id"": ""8150"", ""position"": ""RB"", ""sport"": ""nfl"", ""status"": ""Active"", ""team"": ""LAR"", ""team_abbr"": """", ""team_changed_at"": """", ""years_exp"": ""4""}"
2026-08-31T15:52:53+00:00,1389740418316374016,1389740418316374017,30,3,10,2,996120449870385152,7588,Javonte Williams,RB,DAL,"{""first_name"": ""Javonte"", ""injury_status"": """", ""last_name"": ""Williams"", ""news_updated"": ""1786725941354"", ""number"": ""33"", ""player_id"": ""7588"", ""position"": ""RB"", ""sport"": ""nfl"", ""status"": ""Active"", ""team"": ""DAL"", ""team_abbr"": """", ""team_changed_at"": """", ""years_exp"": ""5""}"
2026-08-31T15:52:53+00:00,1389740418316374016,1389740418316374017,31,4,10,2,996120449870385152,12517,Colston Loveland,TE,CHI,"{""first_name"": ""Colston"", ""injury_status"": """", ""last_name"": ""Loveland"", ""news_updated"": ""1787471729281"", ""number"": ""84"", ""player_id"": ""12517"", ""position"": ""TE"", ""sport"": ""nfl"", ""status"": ""Active"", ""team"": ""CHI"", ""team_abbr"": """", ""team_changed_at"": """", ""years_exp"": ""1""}"
2026-08-31T15:52:53+00:00,1389740418316374016,1389740418316374017,32,4,9,8,997245852273930240,13287,Jeremiyah Love,RB,ARI,"{""first_name"": ""Jeremiyah"", ""injury_status"": ""Questionable"", ""last_name"": ""Love"", ""news_updated"": ""1787074503991"", ""number"": ""4"", ""player_id"": ""13287"", ""position"": ""RB"", ""sport"": ""nfl"", ""status"": ""Active"", ""team"": ""ARI"", ""team_abbr"": """", ""team_changed_at"": """", ""years_exp"": ""0""}"
2026-08-31T15:52:53+00:00,1389740418316374016,1389740418316374017,33,4,8,9,1008988929109843968,8155,Breece Hall,RB,NYJ,"{""first_name"": ""Breece"", ""injury_status"": ""Questionable"", ""last_name"": ""Hall"", ""news_updated"": ""1787065844566"", ""number"": ""20"", ""player_id"": ""8155"", ""position"": ""RB"", ""sport"": ""nfl"", ""status"": ""Active"", ""team"": ""NYJ"", ""team_abbr"": """", ""team_changed_at"": """", ""years_exp"": ""4""}"
2026-08-31T15:52:53+00:00,1389740418316374016,1389740418316374017,34,4,7,5,1262108133212311552,10229,Rashee Rice,WR,KC,"{""first_name"": ""Rashee"", ""injury_status"": """", ""last_name"": ""Rice"", ""news_updated"": ""1787329837287"", ""number"": ""4"", ""player_id"": ""10229"", ""position"": ""WR"", ""sport"": ""nfl"", ""status"": ""Active"", ""team"": ""KC"", ""team_abbr"": """", ""team_changed_at"": """", ""years_exp"": ""3""}"
2026-08-31T15:52:53+00:00,1389740418316374016,1389740418316374017,35,4,6,7,996128808304558080,5850,Josh Jacobs,RB,GB,"{""first_name"": ""Josh"", ""injury_status"": ""Questionable"", ""last_name"": ""Jacobs"", ""news_updated"": ""1787420124170"", ""number"": ""8"", ""player_id"": ""5850"", ""position"": ""RB"", ""sport"": ""nfl"", ""status"": ""Active"", ""team"": ""GB"", ""team_abbr"": """", ""team_changed_at"": """", ""years_exp"": ""7""}"
2026-08-31T15:52:53+00:00,1389740418316374016,1389740418316374017,36,4,5,1,996104610009952256,4881,Lamar Jackson,QB,BAL,"{""first_name"": ""Lamar"", ""injury_status"": """", ""last_name"": ""Jackson"", ""news_updated"": ""1787508932293"", ""number"": ""8"", ""player_id"": ""4881"", ""position"": ""QB"", ""sport"": ""nfl"", ""status"": ""Active"", ""team"": ""BAL"", ""team_abbr"": """", ""team_changed_at"": """", ""years_exp"": ""8""}"
2026-08-31T15:52:53+00:00,1389740418316374016,1389740418316374017,37,4,4,4,779583277362245632,12526,Tetairoa McMillan,WR,CAR,"{""first_name"": ""Tetairoa"", ""injury_status"": """", ""last_name"": ""McMillan"", ""news_updated"": ""1787367930425"", ""number"": ""4"", ""player_id"": ""12526"", ""position"": ""WR"", ""sport"": ""nfl"", ""status"": ""Active"", ""team"": ""CAR"", ""team_abbr"": """", ""team_changed_at"": """", ""years_exp"": ""1""}"
2026-08-31T15:52:53+00:00,1389740418316374016,1389740418316374017,38,4,3,6,996322180944277504,6790,D'Andre Swift,RB,CHI,"{""first_name"": ""D'Andre"", ""injury_status"": """", ""last_name"": ""Swift"", ""news_updated"": ""1786977924670"", ""number"": ""4"", ""player_id"": ""6790"", ""position"": ""RB"", ""sport"": ""nfl"", ""status"": ""Active"", ""team"": ""CHI"", ""team_abbr"": """", ""team_changed_at"": """", ""years_exp"": ""6""}"
2026-08-31T15:52:53+00:00,1389740418316374016,1389740418316374017,39,4,2,10,594991759398850560,6801,Tee Higgins,WR,CIN,"{""first_name"": ""Tee"", ""injury_status"": """", ""last_name"": ""Higgins"", ""news_updated"": ""1787022938657"", ""number"": ""5"", ""player_id"": ""6801"", ""position"": ""WR"", ""sport"": ""nfl"", ""status"": ""Active"", ""team"": ""CIN"", ""team_abbr"": """", ""team_changed_at"": """", ""years_exp"": ""6""}"
2026-08-31T15:52:53+00:00,1389740418316374016,1389740418316374017,40,4,1,3,996120627872493568,7543,Travis Etienne,RB,NO,"{""first_name"": ""Travis"", ""injury_status"": """", ""last_name"": ""Etienne"", ""news_updated"": ""1787148055591"", ""number"": ""3"", ""player_id"": ""7543"", ""position"": ""RB"", ""sport"": ""nfl"", ""status"": ""Active"", ""team"": ""NO"", ""team_abbr"": """", ""team_changed_at"": """", ""years_exp"": ""5""}"
2026-08-31T15:52:53+00:00,1389740418316374016,1389740418316374017,41,5,1,3,996120627872493568,11584,Bucky Irving,RB,TB,"{""first_name"": ""Bucky"", ""injury_status"": """", ""last_name"": ""Irving"", ""news_updated"": ""1787454028166"", ""number"": ""7"", ""player_id"": ""11584"", ""position"": ""RB"", ""sport"": ""nfl"", ""status"": ""Active"", ""team"": ""TB"", ""team_abbr"": """", ""team_changed_at"": """", ""years_exp"": ""2""}"
2026-08-31T15:52:53+00:00,1389740418316374016,1389740418316374017,42,5,2,10,594991759398850560,6770,Joe Burrow,QB,CIN,"{""first_name"": ""Joe"", ""injury_status"": """", ""last_name"": ""Burrow"", ""news_updated"": ""1787246129384"", ""number"": ""9"", ""player_id"": ""6770"", ""position"": ""QB"", ""sport"": ""nfl"", ""status"": ""Active"", ""team"": ""CIN"", ""team_abbr"": """", ""team_changed_at"": """", ""years_exp"": ""6""}"
2026-08-31T15:52:53+00:00,1389740418316374016,1389740418316374017,43,5,3,6,996322180944277504,11564,Drake Maye,QB,NE,"{""first_name"": ""Drake"", ""injury_status"": """", ""last_name"": ""Maye"", ""news_updated"": ""1786983934247"", ""number"": ""10"", ""player_id"": ""11564"", ""position"": ""QB"", ""sport"": ""nfl"", ""status"": ""Active"", ""team"": ""NE"", ""team_abbr"": """", ""team_changed_at"": """", ""years_exp"": ""2""}"
2026-08-31T15:52:53+00:00,1389740418316374016,1389740418316374017,44,5,4,4,779583277362245632,8146,Garrett Wilson,WR,NYJ,"{""first_name"": ""Garrett"", ""injury_status"": """", ""last_name"": ""Wilson"", ""news_updated"": ""1787412623341"", ""number"": ""5"", ""player_id"": ""8146"", ""position"": ""WR"", ""sport"": ""nfl"", ""status"": ""Active"", ""team"": ""NYJ"", ""team_abbr"": """", ""team_changed_at"": """", ""years_exp"": ""4""}"
2026-08-31T15:52:53+00:00,1389740418316374016,1389740418316374017,45,5,5,1,996104610009952256,7525,DeVonta Smith,WR,PHI,"{""first_name"": ""DeVonta"", ""injury_status"": ""Questionable"", ""last_name"": ""Smith"", ""news_updated"": ""1787243431547"", ""number"": ""6"", ""player_id"": ""7525"", ""position"": ""WR"", ""sport"": ""nfl"", ""status"": ""Active"", ""team"": ""PHI"", ""team_abbr"": """", ""team_changed_at"": """", ""years_exp"": ""5""}"
2026-08-31T15:52:53+00:00,1389740418316374016,1389740418316374017,46,5,6,7,996128808304558080,9997,Zay Flowers,WR,BAL,"{""first_name"": ""Zay"", ""injury_status"": """", ""last_name"": ""Flowers"", ""news_updated"": ""1787491830737"", ""number"": ""4"", ""player_id"": ""9997"", ""position"": ""WR"", ""sport"": ""nfl"", ""status"": ""Active"", ""team"": ""BAL"", ""team_abbr"": """", ""team_changed_at"": """", ""years_exp"": ""3""}"
2026-08-31T15:52:53+00:00,1389740418316374016,1389740418316374017,47,5,7,5,1262108133212311552,6904,Jalen Hurts,QB,PHI,"{""first_name"": ""Jalen"", ""injury_status"": """", ""last_name"": ""Hurts"", ""news_updated"": ""1787425524738"", ""number"": ""1"", ""player_id"": ""6904"", ""position"": ""QB"", ""sport"": ""nfl"", ""status"": ""Active"", ""team"": ""PHI"", ""team_abbr"": """", ""team_changed_at"": """", ""years_exp"": ""6""}"
2026-08-31T15:52:53+00:00,1389740418316374016,1389740418316374017,48,5,8,9,1008988929109843968,11635,Ladd McConkey,WR,LAC,"{""first_name"": ""Ladd"", ""injury_status"": """", ""last_name"": ""McConkey"", ""news_updated"": ""1787516132687"", ""number"": ""15"", ""player_id"": ""11635"", ""position"": ""WR"", ""sport"": ""nfl"", ""status"": ""Active"", ""team"": ""LAC"", ""team_abbr"": """", ""team_changed_at"": """", ""years_exp"": ""2""}"
2026-08-31T15:52:53+00:00,1389740418316374016,1389740418316374017,49,5,9,8,997245852273930240,12514,Emeka Egbuka,WR,TB,"{""first_name"": ""Emeka"", ""injury_status"": ""Questionable"", ""last_name"": ""Egbuka"", ""news_updated"": ""1787345728129"", ""number"": ""2"", ""player_id"": ""12514"", ""position"": ""WR"", ""sport"": ""nfl"", ""status"": ""Active"", ""team"": ""TB"", ""team_abbr"": """", ""team_changed_at"": """", ""years_exp"": ""1""}"
2026-08-31T15:52:53+00:00,1389740418316374016,1389740418316374017,50,5,10,2,996120449870385152,12519,Luther Burden,WR,CHI,"{""first_name"": ""Luther"", ""injury_status"": ""Questionable"", ""last_name"": ""Burden"", ""news_updated"": ""1787318436359"", ""number"": ""10"", ""player_id"": ""12519"", ""position"": ""WR"", ""sport"": ""nfl"", ""status"": ""Active"", ""team"": ""CHI"", ""team_abbr"": """", ""team_changed_at"": """", ""years_exp"": ""1""}"
2026-08-31T15:52:53+00:00,1389740418316374016,1389740418316374017,51,6,10,2,996120449870385152,5927,Terry McLaurin,WR,WAS,"{""first_name"": ""Terry"", ""injury_status"": """", ""last_name"": ""McLaurin"", ""news_updated"": ""1787408425048"", ""number"": ""17"", ""player_id"": ""5927"", ""position"": ""WR"", ""sport"": ""nfl"", ""status"": ""Active"", ""team"": ""WAS"", ""team_abbr"": """", ""team_changed_at"": """", ""years_exp"": ""7""}"
2026-08-31T15:52:53+00:00,1389740418316374016,1389740418316374017,52,6,9,8,997245852273930240,12518,Tyler Warren,TE,IND,"{""first_name"": ""Tyler"", ""injury_status"": ""Questionable"", ""last_name"": ""Warren"", ""news_updated"": ""1787244331529"", ""number"": ""84"", ""player_id"": ""12518"", ""position"": ""TE"", ""sport"": ""nfl"", ""status"": ""Active"", ""team"": ""IND"", ""team_abbr"": """", ""team_changed_at"": """", ""years_exp"": ""1""}"
2026-08-31T15:52:53+00:00,1389740418316374016,1389740418316374017,53,6,8,9,1008988929109843968,10859,Sam LaPorta,TE,DET,"{""first_name"": ""Sam"", ""injury_status"": ""Questionable"", ""last_name"": ""LaPorta"", ""news_updated"": ""1787245230679"", ""number"": ""87"", ""player_id"": ""10859"", ""position"": ""TE"", ""sport"": ""nfl"", ""status"": ""Active"", ""team"": ""DET"", ""team_abbr"": """", ""team_changed_at"": """", ""years_exp"": ""3""}"
2026-08-31T15:52:53+00:00,1389740418316374016,1389740418316374017,54,6,7,5,1262108133212311552,7526,Jaylen Waddle,WR,DEN,"{""first_name"": ""Jaylen"", ""injury_status"": """", ""last_name"": ""Waddle"", ""news_updated"": ""1787372130877"", ""number"": ""17"", ""player_id"": ""7526"", ""position"": ""WR"", ""sport"": ""nfl"", ""status"": ""Active"", ""team"": ""DEN"", ""team_abbr"": """", ""team_changed_at"": """", ""years_exp"": ""5""}"
2026-08-31T15:52:53+00:00,1389740418316374016,1389740418316374017,55,6,6,7,996128808304558080,2133,Davante Adams,WR,LAR,"{""first_name"": ""Davante"", ""injury_status"": """", ""last_name"": ""Adams"", ""news_updated"": ""1786899013871"", ""number"": ""17"", ""player_id"": ""2133"", ""position"": ""WR"", ""sport"": ""nfl"", ""status"": ""Active"", ""team"": ""LAR"", ""team_abbr"": """", ""team_changed_at"": """", ""years_exp"": ""12""}"
2026-08-31T15:52:53+00:00,1389740418316374016,1389740418316374017,56,6,5,1,996104610009952256,5892,David Montgomery,RB,HOU,"{""first_name"": ""David"", ""injury_status"": """", ""last_name"": ""Montgomery"", ""news_updated"": ""1787327437460"", ""number"": ""32"", ""player_id"": ""5892"", ""position"": ""RB"", ""sport"": ""nfl"", ""status"": ""Active"", ""team"": ""HOU"", ""team_abbr"": """", ""team_changed_at"": """", ""years_exp"": ""7""}"
2026-08-31T15:52:53+00:00,1389740418316374016,1389740418316374017,57,6,4,4,779583277362245632,12512,Quinshon Judkins,RB,CLE,"{""first_name"": ""Quinshon"", ""injury_status"": ""Questionable"", ""last_name"": ""Judkins"", ""news_updated"": ""1787413223781"", ""number"": ""10"", ""player_id"": ""12512"", ""position"": ""RB"", ""sport"": ""nfl"", ""status"": ""Active"", ""team"": ""CLE"", ""team_abbr"": """", ""team_changed_at"": """", ""years_exp"": ""1""}"
2026-08-31T15:52:53+00:00,1389740418316374016,1389740418316374017,58,6,3,6,996322180944277504,12506,Harold Fannin,TE,CLE,"{""first_name"": ""Harold"", ""injury_status"": """", ""last_name"": ""Fannin"", ""news_updated"": ""1787517932897"", ""number"": ""44"", ""player_id"": ""12506"", ""position"": ""TE"", ""sport"": ""nfl"", ""status"": ""Active"", ""team"": ""CLE"", ""team_abbr"": """", ""team_changed_at"": """", ""years_exp"": ""1""}"
2026-08-31T15:52:53+00:00,1389740418316374016,1389740418316374017,59,6,2,10,594991759398850560,11620,Rome Odunze,WR,CHI,"{""first_name"": ""Rome"", ""injury_status"": """", ""last_name"": ""Odunze"", ""news_updated"": ""1787471429076"", ""number"": ""15"", ""player_id"": ""11620"", ""position"": ""WR"", ""sport"": ""nfl"", ""status"": ""Active"", ""team"": ""CHI"", ""team_abbr"": """", ""team_changed_at"": """", ""years_exp"": ""2""}"
2026-08-31T15:52:53+00:00,1389740418316374016,1389740418316374017,60,6,1,3,996120627872493568,12529,TreVeyon Henderson,RB,NE,"{""first_name"": ""TreVeyon"", ""injury_status"": """", ""last_name"": ""Henderson"", ""news_updated"": ""1786997435266"", ""number"": ""32"", ""player_id"": ""12529"", ""position"": ""RB"", ""sport"": ""nfl"", ""status"": ""Active"", ""team"": ""NE"", ""team_abbr"": """", ""team_changed_at"": """", ""years_exp"": ""1""}"
2026-08-31T15:52:53+00:00,1389740418316374016,1389740418316374017,61,7,1,3,996120627872493568,2216,Mike Evans,WR,SF,"{""first_name"": ""Mike"", ""injury_status"": ""Questionable"", ""last_name"": ""Evans"", ""news_updated"": ""1787448027063"", ""number"": ""5"", ""player_id"": ""2216"", ""position"": ""WR"", ""sport"": ""nfl"", ""status"": ""Active"", ""team"": ""SF"", ""team_abbr"": """", ""team_changed_at"": """", ""years_exp"": ""12""}"
2026-08-31T15:52:53+00:00,1389740418316374016,1389740418316374017,62,7,2,10,594991759398850560,4983,DJ Moore,WR,BUF,"{""first_name"": ""DJ"", ""injury_status"": """", ""last_name"": ""Moore"", ""news_updated"": ""1787250030264"", ""number"": ""2"", ""player_id"": ""4983"", ""position"": ""WR"", ""sport"": ""nfl"", ""status"": ""Active"", ""team"": ""BUF"", ""team_abbr"": """", ""team_changed_at"": """", ""years_exp"": ""8""}"
2026-08-31T15:52:53+00:00,1389740418316374016,1389740418316374017,63,7,3,6,996322180944277504,9487,Parker Washington,WR,JAX,"{""first_name"": ""Parker"", ""injury_status"": ""Questionable"", ""last_name"": ""Washington"", ""news_updated"": ""1787492730840"", ""number"": ""11"", ""player_id"": ""9487"", ""position"": ""WR"", ""sport"": ""nfl"", ""status"": ""Active"", ""team"": ""JAX"", ""team_abbr"": """", ""team_changed_at"": """", ""years_exp"": ""3""}"
2026-08-31T15:52:53+00:00,1389740418316374016,1389740418316374017,64,7,4,4,779583277362245632,11566,Jayden Daniels,QB,WAS,"{""first_name"": ""Jayden"", ""injury_status"": """", ""last_name"": ""Daniels"", ""news_updated"": ""1787426125394"", ""number"": ""5"", ""player_id"": ""11566"", ""position"": ""QB"", ""sport"": ""nfl"", ""status"": ""Active"", ""team"": ""WAS"", ""team_abbr"": """", ""team_changed_at"": """", ""years_exp"": ""2""}"
2026-08-31T15:52:53+00:00,1389740418316374016,1389740418316374017,65,7,5,1,996104610009952256,8148,Jameson Williams,WR,DET,"{""first_name"": ""Jameson"", ""injury_status"": """", ""last_name"": ""Williams"", ""news_updated"": ""1787181919625"", ""number"": ""1"", ""player_id"": ""8148"", ""position"": ""WR"", ""sport"": ""nfl"", ""status"": ""Active"", ""team"": ""DET"", ""team_abbr"": """", ""team_changed_at"": """", ""years_exp"": ""4""}"
2026-08-31T15:52:53+00:00,1389740418316374016,1389740418316374017,66,7,6,7,996128808304558080,3294,Dak Prescott,QB,DAL,"{""first_name"": ""Dak"", ""injury_status"": """", ""last_name"": ""Prescott"", ""news_updated"": ""1786836609903"", ""number"": ""4"", ""player_id"": ""3294"", ""position"": ""QB"", ""sport"": ""nfl"", ""status"": ""Active"", ""team"": ""DAL"", ""team_abbr"": """", ""team_changed_at"": """", ""years_exp"": ""10""}"
2026-08-31T15:52:53+00:00,1389740418316374016,1389740418316374017,67,7,7,5,1262108133212311552,7553,Kyle Pitts,TE,ATL,"{""first_name"": ""Kyle"", ""injury_status"": """", ""last_name"": ""Pitts"", ""news_updated"": ""1786808760115"", ""number"": ""8"", ""player_id"": ""7553"", ""position"": ""TE"", ""sport"": ""nfl"", ""status"": ""Active"", ""team"": ""ATL"", ""team_abbr"": """", ""team_changed_at"": """", ""years_exp"": ""5""}"
2026-08-31T15:52:53+00:00,1389740418316374016,1389740418316374017,68,7,8,9,1008988929109843968,12490,Bhayshul Tuten,RB,JAX,"{""first_name"": ""Bhayshul"", ""injury_status"": """", ""last_name"": ""Tuten"", ""news_updated"": ""1787173258476"", ""number"": ""33"", ""player_id"": ""12490"", ""position"": ""RB"", ""sport"": ""nfl"", ""status"": ""Active"", ""team"": ""JAX"", ""team_abbr"": """", ""team_changed_at"": """", ""years_exp"": ""1""}"
2026-08-31T15:52:53+00:00,1389740418316374016,1389740418316374017,69,7,9,8,997245852273930240,11560,Caleb Williams,QB,CHI,"{""first_name"": ""Caleb"", ""injury_status"": """", ""last_name"": ""Williams"", ""news_updated"": ""1787471129257"", ""number"": ""18"", ""player_id"": ""11560"", ""position"": ""QB"", ""sport"": ""nfl"", ""status"": ""Active"", ""team"": ""CHI"", ""team_abbr"": """", ""team_changed_at"": """", ""years_exp"": ""2""}"
2026-08-31T15:52:53+00:00,1389740418316374016,1389740418316374017,70,7,10,2,996120449870385152,11631,Brian Thomas,WR,JAX,"{""first_name"": ""Brian"", ""injury_status"": """", ""last_name"": ""Thomas"", ""news_updated"": ""1787065244700"", ""number"": ""7"", ""player_id"": ""11631"", ""position"": ""WR"", ""sport"": ""nfl"", ""status"": ""Active"", ""team"": ""JAX"", ""team_abbr"": """", ""team_changed_at"": """", ""years_exp"": ""2""}"
2026-08-31T15:52:53+00:00,1389740418316374016,1389740418316374017,71,8,10,2,996120449870385152,6806,J.K. Dobbins,RB,DEN,"{""first_name"": ""J.K."", ""injury_status"": """", ""last_name"": ""Dobbins"", ""news_updated"": ""1787425225245"", ""number"": ""27"", ""player_id"": ""6806"", ""position"": ""RB"", ""sport"": ""nfl"", ""status"": ""Active"", ""team"": ""DEN"", ""team_abbr"": """", ""team_changed_at"": """", ""years_exp"": ""6""}"
2026-08-31T15:52:53+00:00,1389740418316374016,1389740418316374017,72,8,9,8,997245852273930240,9484,Tucker Kraft,TE,GB,"{""first_name"": ""Tucker"", ""injury_status"": ""Questionable"", ""last_name"": ""Kraft"", ""news_updated"": ""1787177416019"", ""number"": ""85"", ""player_id"": ""9484"", ""position"": ""TE"", ""sport"": ""nfl"", ""status"": ""Active"", ""team"": ""GB"", ""team_abbr"": """", ""team_changed_at"": """", ""years_exp"": ""3""}"
2026-08-31T15:52:53+00:00,1389740418316374016,1389740418316374017,73,8,8,9,1008988929109843968,10236,Dalton Kincaid,TE,BUF,"{""first_name"": ""Dalton"", ""injury_status"": """", ""last_name"": ""Kincaid"", ""news_updated"": ""1787367929884"", ""number"": ""86"", ""player_id"": ""10236"", ""position"": ""TE"", ""sport"": ""nfl"", ""status"": ""Active"", ""team"": ""BUF"", ""team_abbr"": """", ""team_changed_at"": """", ""years_exp"": ""3""}"
2026-08-31T15:52:53+00:00,1389740418316374016,1389740418316374017,74,8,7,5,1262108133212311552,8167,Christian Watson,WR,GB,"{""first_name"": ""Christian"", ""injury_status"": """", ""last_name"": ""Watson"", ""news_updated"": ""1787374231084"", ""number"": ""9"", ""player_id"": ""8167"", ""position"": ""WR"", ""sport"": ""nfl"", ""status"": ""Active"", ""team"": ""GB"", ""team_abbr"": """", ""team_changed_at"": """", ""years_exp"": ""4""}"
2026-08-31T15:52:53+00:00,1389740418316374016,1389740418316374017,75,8,6,7,996128808304558080,7594,Chuba Hubbard,RB,CAR,"{""first_name"": ""Chuba"", ""injury_status"": ""Questionable"", ""last_name"": ""Hubbard"", ""news_updated"": ""1787367029881"", ""number"": ""30"", ""player_id"": ""7594"", ""position"": ""RB"", ""sport"": ""nfl"", ""status"": ""Active"", ""team"": ""CAR"", ""team_abbr"": """", ""team_changed_at"": """", ""years_exp"": ""5""}"
2026-08-31T15:52:53+00:00,1389740418316374016,1389740418316374017,76,8,5,1,996104610009952256,13286,Jadarian Price,RB,SEA,"{""first_name"": ""Jadarian"", ""injury_status"": """", ""last_name"": ""Price"", ""news_updated"": ""1787503231697"", ""number"": ""8"", ""player_id"": ""13286"", ""position"": ""RB"", ""sport"": ""nfl"", ""status"": ""Active"", ""team"": ""SEA"", ""team_abbr"": """", ""team_changed_at"": """", ""years_exp"": ""0""}"
2026-08-31T15:52:53+00:00,1389740418316374016,1389740418316374017,77,8,4,4,779583277362245632,6797,Justin Herbert,QB,LAC,"{""first_name"": ""Justin"", ""injury_status"": """", ""last_name"": ""Herbert"", ""news_updated"": ""1787417423852"", ""number"": ""10"", ""player_id"": ""6797"", ""position"": ""QB"", ""sport"": ""nfl"", ""status"": ""Active"", ""team"": ""LAC"", ""team_abbr"": """", ""team_changed_at"": """", ""years_exp"": ""6""}"
2026-08-31T15:52:53+00:00,1389740418316374016,1389740418316374017,78,8,3,6,996322180944277504,13294,Makai Lemon,WR,PHI,"{""first_name"": ""Makai"", ""injury_status"": ""Questionable"", ""last_name"": ""Lemon"", ""news_updated"": ""1787438426541"", ""number"": ""9"", ""player_id"": ""13294"", ""position"": ""WR"", ""sport"": ""nfl"", ""status"": ""Active"", ""team"": ""PHI"", ""team_abbr"": """", ""team_changed_at"": """", ""years_exp"": ""0""}"
2026-08-31T15:52:53+00:00,1389740418316374016,1389740418316374017,79,8,2,10,594991759398850560,8228,Jaylen Warren,RB,PIT,"{""first_name"": ""Jaylen"", ""injury_status"": """", ""last_name"": ""Warren"", ""news_updated"": ""1787378130940"", ""number"": ""30"", ""player_id"": ""8228"", ""position"": ""RB"", ""sport"": ""nfl"", ""status"": ""Active"", ""team"": ""PIT"", ""team_abbr"": """", ""team_changed_at"": """", ""years_exp"": ""4""}"
2026-08-31T15:52:53+00:00,1389740418316374016,1389740418316374017,80,8,1,3,996120627872493568,10232,Michael Wilson,WR,ARI,"{""first_name"": ""Michael"", ""injury_status"": """", ""last_name"": ""Wilson"", ""news_updated"": ""1787429425049"", ""number"": ""14"", ""player_id"": ""10232"", ""position"": ""WR"", ""sport"": ""nfl"", ""status"": ""Active"", ""team"": ""ARI"", ""team_abbr"": """", ""team_changed_at"": """", ""years_exp"": ""3""}"
2026-08-31T15:52:53+00:00,1389740418316374016,1389740418316374017,81,9,1,3,996120627872493568,13279,Carnell Tate,WR,TEN,"{""first_name"": ""Carnell"", ""injury_status"": ""Questionable"", ""last_name"": ""Tate"", ""news_updated"": ""1787330137341"", ""number"": ""14"", ""player_id"": ""13279"", ""position"": ""WR"", ""sport"": ""nfl"", ""status"": ""Active"", ""team"": ""TEN"", ""team_abbr"": """", ""team_changed_at"": """", ""years_exp"": ""0""}"
2026-08-31T15:52:53+00:00,1389740418316374016,1389740418316374017,82,9,2,10,594991759398850560,4217,George Kittle,TE,SF,"{""first_name"": ""George"", ""injury_status"": ""Questionable"", ""last_name"": ""Kittle"", ""news_updated"": ""1787505932025"", ""number"": ""85"", ""player_id"": ""4217"", ""position"": ""TE"", ""sport"": ""nfl"", ""status"": ""Active"", ""team"": ""SF"", ""team_abbr"": """", ""team_changed_at"": """", ""years_exp"": ""9""}"
2026-08-31T15:52:53+00:00,1389740418316374016,1389740418316374017,83,9,3,6,996322180944277504,7611,Rhamondre Stevenson,RB,NE,"{""first_name"": ""Rhamondre"", ""injury_status"": """", ""last_name"": ""Stevenson"", ""news_updated"": ""1787408723006"", ""number"": ""38"", ""player_id"": ""7611"", ""position"": ""RB"", ""sport"": ""nfl"", ""status"": ""Active"", ""team"": ""NE"", ""team_abbr"": """", ""team_changed_at"": """", ""years_exp"": ""5""}"
2026-08-31T15:52:53+00:00,1389740418316374016,1389740418316374017,84,9,4,4,779583277362245632,8110,Jake Ferguson,TE,DAL,"{""first_name"": ""Jake"", ""injury_status"": """", ""last_name"": ""Ferguson"", ""news_updated"": ""1787194818074"", ""number"": ""87"", ""player_id"": ""8110"", ""position"": ""TE"", ""sport"": ""nfl"", ""status"": ""Active"", ""team"": ""DAL"", ""team_abbr"": """", ""team_changed_at"": """", ""years_exp"": ""4""}"
2026-08-31T15:52:53+00:00,1389740418316374016,1389740418316374017,85,9,5,1,996104610009952256,11628,Marvin Harrison,WR,ARI,"{""first_name"": ""Marvin"", ""injury_status"": """", ""last_name"": ""Harrison"", ""news_updated"": ""1786991134660"", ""number"": ""18"", ""player_id"": ""11628"", ""position"": ""WR"", ""sport"": ""nfl"", ""status"": ""Active"", ""team"": ""ARI"", ""team_abbr"": """", ""team_changed_at"": """", ""years_exp"": ""2""}"
2026-08-31T15:52:53+00:00,1389740418316374016,1389740418316374017,86,9,6,7,996128808304558080,4046,Patrick Mahomes,QB,KC,"{""first_name"": ""Patrick"", ""injury_status"": ""Questionable"", ""last_name"": ""Mahomes"", ""news_updated"": ""1787451327306"", ""number"": ""15"", ""player_id"": ""4046"", ""position"": ""QB"", ""sport"": ""nfl"", ""status"": ""Active"", ""team"": ""KC"", ""team_abbr"": """", ""team_changed_at"": """", ""years_exp"": ""9""}"
2026-08-31T15:52:53+00:00,1389740418316374016,1389740418316374017,87,9,7,5,1262108133212311552,12508,Jaxson Dart,QB,NYG,"{""first_name"": ""Jaxson"", ""injury_status"": """", ""last_name"": ""Dart"", ""news_updated"": ""1787440227002"", ""number"": ""6"", ""player_id"": ""12508"", ""position"": ""QB"", ""sport"": ""nfl"", ""status"": ""Active"", ""team"": ""NYG"", ""team_abbr"": """", ""team_changed_at"": """", ""years_exp"": ""1""}"
2026-08-31T15:52:53+00:00,1389740418316374016,1389740418316374017,88,9,8,9,1008988929109843968,5846,DK Metcalf,WR,PIT,"{""first_name"": ""DK"", ""injury_status"": ""Questionable"", ""last_name"": ""Metcalf"", ""news_updated"": ""1787163059611"", ""number"": ""4"", ""player_id"": ""5846"", ""position"": ""WR"", ""sport"": ""nfl"", ""status"": ""Active"", ""team"": ""PIT"", ""team_abbr"": """", ""team_changed_at"": """", ""years_exp"": ""7""}"
2026-08-31T15:52:53+00:00,1389740418316374016,1389740418316374017,89,9,9,8,997245852273930240,5045,Courtland Sutton,WR,DEN,"{""first_name"": ""Courtland"", ""injury_status"": """", ""last_name"": ""Sutton"", ""news_updated"": ""1787374831219"", ""number"": ""14"", ""player_id"": ""5045"", ""position"": ""WR"", ""sport"": ""nfl"", ""status"": ""Active"", ""team"": ""DEN"", ""team_abbr"": """", ""team_changed_at"": """", ""years_exp"": ""8""}"
2026-08-31T15:52:53+00:00,1389740418316374016,1389740418316374017,90,9,10,2,996120449870385152,8183,Brock Purdy,QB,SF,"{""first_name"": ""Brock"", ""injury_status"": """", ""last_name"": ""Purdy"", ""news_updated"": ""1787328037107"", ""number"": ""13"", ""player_id"": ""8183"", ""position"": ""QB"", ""sport"": ""nfl"", ""status"": ""Active"", ""team"": ""SF"", ""team_abbr"": """", ""team_changed_at"": """", ""years_exp"": ""4""}"
2026-08-31T15:52:53+00:00,1389740418316374016,1389740418316374017,91,10,10,2,996120449870385152,11583,Jonathon Brooks,RB,CAR,"{""first_name"": ""Jonathon"", ""injury_status"": """", ""last_name"": ""Brooks"", ""news_updated"": ""1787394632434"", ""number"": ""25"", ""player_id"": ""11583"", ""position"": ""RB"", ""sport"": ""nfl"", ""status"": ""Active"", ""team"": ""CAR"", ""team_abbr"": """", ""team_changed_at"": """", ""years_exp"": ""2""}"
2026-08-31T15:52:53+00:00,1389740418316374016,1389740418316374017,92,10,9,8,997245852273930240,LAR,,DEF,LAR,"{""first_name"": ""Los Angeles"", ""injury_status"": """", ""last_name"": ""Rams"", ""news_updated"": """", ""number"": """", ""player_id"": ""LAR"", ""position"": ""DEF"", ""sport"": ""nfl"", ""status"": """", ""team"": ""LAR"", ""team_abbr"": """", ""team_changed_at"": """", ""years_exp"": """"}"
2026-08-31T15:52:53+00:00,1389740418316374016,1389740418316374017,93,10,8,9,1008988929109843968,12489,RJ Harvey,RB,DEN,"{""first_name"": ""RJ"", ""injury_status"": """", ""last_name"": ""Harvey"", ""news_updated"": ""1787420724257"", ""number"": ""12"", ""player_id"": ""12489"", ""position"": ""RB"", ""sport"": ""nfl"", ""status"": ""Active"", ""team"": ""DEN"", ""team_abbr"": """", ""team_changed_at"": """", ""years_exp"": ""1""}"
2026-08-31T15:52:53+00:00,1389740418316374016,1389740418316374017,94,10,7,5,1262108133212311552,7021,Rico Dowdle,RB,PIT,"{""first_name"": ""Rico"", ""injury_status"": """", ""last_name"": ""Dowdle"", ""news_updated"": ""1787379030984"", ""number"": ""13"", ""player_id"": ""7021"", ""position"": ""RB"", ""sport"": ""nfl"", ""status"": ""Active"", ""team"": ""PIT"", ""team_abbr"": """", ""team_changed_at"": """", ""years_exp"": ""6""}"
2026-08-31T15:52:53+00:00,1389740418316374016,1389740418316374017,95,10,6,7,996128808304558080,5967,Tony Pollard,RB,TEN,"{""first_name"": ""Tony"", ""injury_status"": """", ""last_name"": ""Pollard"", ""news_updated"": ""1787160361547"", ""number"": ""20"", ""player_id"": ""5967"", ""position"": ""RB"", ""sport"": ""nfl"", ""status"": ""Active"", ""team"": ""TEN"", ""team_abbr"": """", ""team_changed_at"": """", ""years_exp"": ""7""}"
2026-08-31T15:52:53+00:00,1389740418316374016,1389740418316374017,96,10,5,1,996104610009952256,6804,Jordan Love,QB,GB,"{""first_name"": ""Jordan"", ""injury_status"": """", ""last_name"": ""Love"", ""news_updated"": ""1787377230762"", ""number"": ""10"", ""player_id"": ""6804"", ""position"": ""QB"", ""sport"": ""nfl"", ""status"": ""Active"", ""team"": ""GB"", ""team_abbr"": """", ""team_changed_at"": """", ""years_exp"": ""6""}"
2026-08-31T15:52:53+00:00,1389740418316374016,1389740418316374017,97,10,4,4,779583277362245632,11533,Brandon Aubrey,K,DAL,"{""first_name"": ""Brandon"", ""injury_status"": """", ""last_name"": ""Aubrey"", ""news_updated"": ""1786975824397"", ""number"": ""17"", ""player_id"": ""11533"", ""position"": ""K"", ""sport"": ""nfl"", ""status"": ""Active"", ""team"": ""DAL"", ""team_abbr"": """", ""team_changed_at"": """", ""years_exp"": ""3""}"
2026-08-31T15:52:53+00:00,1389740418316374016,1389740418316374017,98,10,3,6,996322180944277504,1945,Chris Boswell,K,PIT,"{""first_name"": ""Chris"", ""injury_status"": """", ""last_name"": ""Boswell"", ""news_updated"": ""1787420424674"", ""number"": ""9"", ""player_id"": ""1945"", ""position"": ""K"", ""sport"": ""nfl"", ""status"": ""Active"", ""team"": ""PIT"", ""team_abbr"": """", ""team_changed_at"": """", ""years_exp"": ""12""}"
2026-08-31T15:52:53+00:00,1389740418316374016,1389740418316374017,99,10,2,10,594991759398850560,421,Matthew Stafford,QB,LAR,"{""first_name"": ""Matthew"", ""injury_status"": """", ""last_name"": ""Stafford"", ""news_updated"": ""1787273753836"", ""number"": ""9"", ""player_id"": ""421"", ""position"": ""QB"", ""sport"": ""nfl"", ""status"": ""Active"", ""team"": ""LAR"", ""team_abbr"": """", ""team_changed_at"": """", ""years_exp"": ""17""}"
2026-08-31T15:52:53+00:00,1389740418316374016,1389740418316374017,100,10,1,3,996120627872493568,HOU,,DEF,HOU,"{""first_name"": ""Houston"", ""injury_status"": """", ""last_name"": ""Texans"", ""news_updated"": """", ""number"": """", ""player_id"": ""HOU"", ""position"": ""DEF"", ""sport"": ""nfl"", ""status"": """", ""team"": ""HOU"", ""team_abbr"": """", ""team_changed_at"": """", ""years_exp"": """"}"
2026-08-31T15:52:53+00:00,1389740418316374016,1389740418316374017,101,11,1,3,996120627872493568,13281,Jordyn Tyson,WR,NO,"{""first_name"": ""Jordyn"", ""injury_status"": ""Doubtful"", ""last_name"": ""Tyson"", ""news_updated"": ""1787006436410"", ""number"": ""0"", ""player_id"": ""13281"", ""position"": ""WR"", ""sport"": ""nfl"", ""status"": ""Active"", ""team"": ""NO"", ""team_abbr"": """", ""team_changed_at"": """", ""years_exp"": ""0""}"
2026-08-31T15:52:53+00:00,1389740418316374016,1389740418316374017,102,11,2,10,594991759398850560,8259,Cameron Dicker,K,LAC,"{""first_name"": ""Cameron"", ""injury_status"": """", ""last_name"": ""Dicker"", ""news_updated"": ""1787352629459"", ""number"": ""11"", ""player_id"": ""8259"", ""position"": ""K"", ""sport"": ""nfl"", ""status"": ""Active"", ""team"": ""LAC"", ""team_abbr"": """", ""team_changed_at"": """", ""years_exp"": ""4""}"
2026-08-31T15:52:53+00:00,1389740418316374016,1389740418316374017,103,11,3,6,996322180944277504,SEA,,DEF,SEA,"{""first_name"": ""Seattle"", ""injury_status"": """", ""last_name"": ""Seahawks"", ""news_updated"": """", ""number"": """", ""player_id"": ""SEA"", ""position"": ""DEF"", ""sport"": ""nfl"", ""status"": """", ""team"": ""SEA"", ""team_abbr"": """", ""team_changed_at"": """", ""years_exp"": """"}"
2026-08-31T15:52:53+00:00,1389740418316374016,1389740418316374017,104,11,4,4,779583277362245632,PHI,,DEF,PHI,"{""first_name"": ""Philadelphia"", ""injury_status"": """", ""last_name"": ""Eagles"", ""news_updated"": """", ""number"": """", ""player_id"": ""PHI"", ""position"": ""DEF"", ""sport"": ""nfl"", ""status"": """", ""team"": ""PHI"", ""team_abbr"": """", ""team_changed_at"": """", ""years_exp"": """"}"
2026-08-31T15:52:53+00:00,1389740418316374016,1389740418316374017,105,11,5,1,996104610009952256,9754,Quentin Johnston,WR,LAC,"{""first_name"": ""Quentin"", ""injury_status"": ""Questionable"", ""last_name"": ""Johnston"", ""news_updated"": ""1787415624254"", ""number"": ""1"", ""player_id"": ""9754"", ""position"": ""WR"", ""sport"": ""nfl"", ""status"": ""Active"", ""team"": ""LAC"", ""team_abbr"": """", ""team_changed_at"": """", ""years_exp"": ""3""}"
2026-08-31T15:52:53+00:00,1389740418316374016,1389740418316374017,106,11,6,7,996128808304558080,2747,Jason Myers,K,SEA,"{""first_name"": ""Jason"", ""injury_status"": """", ""last_name"": ""Myers"", ""news_updated"": ""1787284855312"", ""number"": ""5"", ""player_id"": ""2747"", ""position"": ""K"", ""sport"": ""nfl"", ""status"": ""Active"", ""team"": ""SEA"", ""team_abbr"": """", ""team_changed_at"": """", ""years_exp"": ""11""}"
2026-08-31T15:52:53+00:00,1389740418316374016,1389740418316374017,107,11,7,5,1262108133212311552,DEN,,DEF,DEN,"{""first_name"": ""Denver"", ""injury_status"": """", ""last_name"": ""Broncos"", ""news_updated"": """", ""number"": """", ""player_id"": ""DEN"", ""position"": ""DEF"", ""sport"": ""nfl"", ""status"": """", ""team"": ""DEN"", ""team_abbr"": """", ""team_changed_at"": """", ""years_exp"": """"}"
2026-08-31T15:52:53+00:00,1389740418316374016,1389740418316374017,108,11,8,9,1008988929109843968,4037,Chris Godwin,WR,TB,"{""first_name"": ""Chris"", ""injury_status"": """", ""last_name"": ""Godwin"", ""news_updated"": ""1786890012320"", ""number"": ""14"", ""player_id"": ""4037"", ""position"": ""WR"", ""sport"": ""nfl"", ""status"": ""Active"", ""team"": ""TB"", ""team_abbr"": """", ""team_changed_at"": """", ""years_exp"": ""9""}"
2026-08-31T15:52:53+00:00,1389740418316374016,1389740418316374017,109,11,9,8,997245852273930240,12534,Kyle Monangai,RB,CHI,"{""first_name"": ""Kyle"", ""injury_status"": ""Questionable"", ""last_name"": ""Monangai"", ""news_updated"": ""1787072446902"", ""number"": ""25"", ""player_id"": ""12534"", ""position"": ""RB"", ""sport"": ""nfl"", ""status"": ""Active"", ""team"": ""CHI"", ""team_abbr"": """", ""team_changed_at"": """", ""years_exp"": ""1""}"
2026-08-31T15:52:53+00:00,1389740418316374016,1389740418316374017,110,11,10,2,996120449870385152,10222,Jayden Reed,WR,GB,"{""first_name"": ""Jayden"", ""injury_status"": """", ""last_name"": ""Reed"", ""news_updated"": ""1787360429808"", ""number"": ""11"", ""player_id"": ""10222"", ""position"": ""WR"", ""sport"": ""nfl"", ""status"": ""Active"", ""team"": ""GB"", ""team_abbr"": """", ""team_changed_at"": """", ""years_exp"": ""3""}"
2026-08-31T15:52:53+00:00,1389740418316374016,1389740418316374017,111,12,10,2,996120449870385152,8408,Jordan Mason,RB,MIN,"{""first_name"": ""Jordan"", ""injury_status"": """", ""last_name"": ""Mason"", ""news_updated"": ""1787232023726"", ""number"": ""27"", ""player_id"": ""8408"", ""position"": ""RB"", ""sport"": ""nfl"", ""status"": ""Active"", ""team"": ""MIN"", ""team_abbr"": """", ""team_changed_at"": """", ""years_exp"": ""4""}"
2026-08-31T15:52:53+00:00,1389740418316374016,1389740418316374017,112,12,9,8,997245852273930240,5947,Jakobi Meyers,WR,JAX,"{""first_name"": ""Jakobi"", ""injury_status"": ""Questionable"", ""last_name"": ""Meyers"", ""news_updated"": ""1787503831819"", ""number"": ""3"", ""player_id"": ""5947"", ""position"": ""WR"", ""sport"": ""nfl"", ""status"": ""Active"", ""team"": ""JAX"", ""team_abbr"": """", ""team_changed_at"": """", ""years_exp"": ""7""}"
2026-08-31T15:52:53+00:00,1389740418316374016,1389740418316374017,113,12,8,9,1008988929109843968,3451,Ka'imi Fairbairn,K,HOU,"{""first_name"": ""Ka'imi"", ""injury_status"": """", ""last_name"": ""Fairbairn"", ""news_updated"": ""1787350529005"", ""number"": ""15"", ""player_id"": ""3451"", ""position"": ""K"", ""sport"": ""nfl"", ""status"": ""Active"", ""team"": ""HOU"", ""team_abbr"": """", ""team_changed_at"": """", ""years_exp"": ""10""}"
2026-08-31T15:52:53+00:00,1389740418316374016,1389740418316374017,114,12,7,5,1262108133212311552,11786,Cam Little,K,JAX,"{""first_name"": ""Cam"", ""injury_status"": """", ""last_name"": ""Little"", ""news_updated"": ""1786904414091"", ""number"": ""39"", ""player_id"": ""11786"", ""position"": ""K"", ""sport"": ""nfl"", ""status"": ""Active"", ""team"": ""JAX"", ""team_abbr"": """", ""team_changed_at"": """", ""years_exp"": ""2""}"
2026-08-31T15:52:53+00:00,1389740418316374016,1389740418316374017,115,12,6,7,996128808304558080,9756,Jordan Addison,WR,MIN,"{""first_name"": ""Jordan"", ""injury_status"": """", ""last_name"": ""Addison"", ""news_updated"": ""1787421624267"", ""number"": ""3"", ""player_id"": ""9756"", ""position"": ""WR"", ""sport"": ""nfl"", ""status"": ""Active"", ""team"": ""MIN"", ""team_abbr"": """", ""team_changed_at"": """", ""years_exp"": ""3""}"
2026-08-31T15:52:53+00:00,1389740418316374016,1389740418316374017,116,12,5,1,996104610009952256,8131,Isaiah Likely,TE,NYG,"{""first_name"": ""Isaiah"", ""injury_status"": """", ""last_name"": ""Likely"", ""news_updated"": ""1787253630471"", ""number"": ""9"", ""player_id"": ""8131"", ""position"": ""TE"", ""sport"": ""nfl"", ""status"": ""Active"", ""team"": ""NYG"", ""team_abbr"": """", ""team_changed_at"": """", ""years_exp"": ""4""}"
2026-08-31T15:52:53+00:00,1389740418316374016,1389740418316374017,117,12,4,4,779583277362245632,12493,Oronde Gadsden,TE,LAC,"{""first_name"": ""Oronde"", ""injury_status"": """", ""last_name"": ""Gadsden"", ""news_updated"": ""1787419524179"", ""number"": ""86"", ""player_id"": ""12493"", ""position"": ""TE"", ""sport"": ""nfl"", ""status"": ""Active"", ""team"": ""LAC"", ""team_abbr"": """", ""team_changed_at"": """", ""years_exp"": ""1""}"
2026-08-31T15:52:53+00:00,1389740418316374016,1389740418316374017,118,12,3,6,996322180944277504,7523,Trevor Lawrence,QB,JAX,"{""first_name"": ""Trevor"", ""injury_status"": """", ""last_name"": ""Lawrence"", ""news_updated"": ""1787353529402"", ""number"": ""16"", ""player_id"": ""7523"", ""position"": ""QB"", ""sport"": ""nfl"", ""status"": ""Active"", ""team"": ""JAX"", ""team_abbr"": """", ""team_changed_at"": """", ""years_exp"": ""5""}"
2026-08-31T15:52:53+00:00,1389740418316374016,1389740418316374017,119,12,2,10,594991759398850560,1466,Travis Kelce,TE,KC,"{""first_name"": ""Travis"", ""injury_status"": """", ""last_name"": ""Kelce"", ""news_updated"": ""1787518532928"", ""number"": ""87"", ""player_id"": ""1466"", ""position"": ""TE"", ""sport"": ""nfl"", ""status"": ""Active"", ""team"": ""KC"", ""team_abbr"": """", ""team_changed_at"": """", ""years_exp"": ""13""}"
2026-08-31T15:52:53+00:00,1389740418316374016,1389740418316374017,120,12,1,3,996120627872493568,5012,Mark Andrews,TE,BAL,"{""first_name"": ""Mark"", ""injury_status"": """", ""last_name"": ""Andrews"", ""news_updated"": ""1787025939464"", ""number"": ""89"", ""player_id"": ""5012"", ""position"": ""TE"", ""sport"": ""nfl"", ""status"": ""Active"", ""team"": ""BAL"", ""team_abbr"": """", ""team_changed_at"": """", ""years_exp"": ""8""}"
2026-08-31T15:52:53+00:00,1389740418316374016,1389740418316374017,121,13,1,3,996120627872493568,6819,Michael Pittman,WR,PIT,"{""first_name"": ""Michael"", ""injury_status"": ""Questionable"", ""last_name"": ""Pittman"", ""news_updated"": ""1787163657338"", ""number"": ""11"", ""player_id"": ""6819"", ""position"": ""WR"", ""sport"": ""nfl"", ""status"": ""Active"", ""team"": ""PIT"", ""team_abbr"": """", ""team_changed_at"": """", ""years_exp"": ""6""}"
2026-08-31T15:52:53+00:00,1389740418316374016,1389740418316374017,122,13,2,10,594991759398850560,11586,Blake Corum,RB,LAR,"{""first_name"": ""Blake"", ""injury_status"": """", ""last_name"": ""Corum"", ""news_updated"": ""1787419524177"", ""number"": ""24"", ""player_id"": ""11586"", ""position"": ""RB"", ""sport"": ""nfl"", ""status"": ""Active"", ""team"": ""LAR"", ""team_abbr"": """", ""team_changed_at"": """", ""years_exp"": ""2""}"
2026-08-31T15:52:53+00:00,1389740418316374016,1389740418316374017,123,13,3,6,996322180944277504,9500,Josh Downs,WR,IND,"{""first_name"": ""Josh"", ""injury_status"": """", ""last_name"": ""Downs"", ""news_updated"": ""1787252430660"", ""number"": ""2"", ""player_id"": ""9500"", ""position"": ""WR"", ""sport"": ""nfl"", ""status"": ""Active"", ""team"": ""IND"", ""team_abbr"": """", ""team_changed_at"": """", ""years_exp"": ""3""}"
2026-08-31T15:52:53+00:00,1389740418316374016,1389740418316374017,124,13,4,4,779583277362245632,12533,Jacory Croskey-Merritt,RB,WAS,"{""first_name"": ""Jacory"", ""injury_status"": ""Questionable"", ""last_name"": ""Croskey-Merritt"", ""news_updated"": ""1787409023407"", ""number"": ""22"", ""player_id"": ""12533"", ""position"": ""RB"", ""sport"": ""nfl"", ""status"": ""Active"", ""team"": ""WAS"", ""team_abbr"": """", ""team_changed_at"": """", ""years_exp"": ""1""}"
2026-08-31T15:52:53+00:00,1389740418316374016,1389740418316374017,125,13,5,1,996104610009952256,7567,Kenny Gainwell,RB,TB,"{""first_name"": ""Kenny"", ""injury_status"": """", ""last_name"": ""Gainwell"", ""news_updated"": ""1787454328292"", ""number"": ""1"", ""player_id"": ""7567"", ""position"": ""RB"", ""sport"": ""nfl"", ""status"": ""Active"", ""team"": ""TB"", ""team_abbr"": """", ""team_changed_at"": """", ""years_exp"": ""5""}"
2026-08-31T15:52:53+00:00,1389740418316374016,1389740418316374017,126,13,6,7,996128808304558080,8126,Wan'Dale Robinson,WR,TEN,"{""first_name"": ""Wan'Dale"", ""injury_status"": """", ""last_name"": ""Robinson"", ""news_updated"": ""1787192718220"", ""number"": ""4"", ""player_id"": ""8126"", ""position"": ""WR"", ""sport"": ""nfl"", ""status"": ""Active"", ""team"": ""TEN"", ""team_abbr"": """", ""team_changed_at"": """", ""years_exp"": ""4""}"
2026-08-31T15:52:53+00:00,1389740418316374016,1389740418316374017,127,13,7,5,1262108133212311552,2449,Stefon Diggs,WR,WAS,"{""first_name"": ""Stefon"", ""injury_status"": """", ""last_name"": ""Diggs"", ""news_updated"": ""1787410223038"", ""number"": ""3"", ""player_id"": ""2449"", ""position"": ""WR"", ""sport"": ""nfl"", ""status"": ""Active"", ""team"": ""WAS"", ""team_abbr"": """", ""team_changed_at"": """", ""years_exp"": ""11""}"
2026-08-31T15:52:53+00:00,1389740418316374016,1389740418316374017,128,13,8,9,1008988929109843968,4199,Aaron Jones,RB,MIN,"{""first_name"": ""Aaron"", ""injury_status"": """", ""last_name"": ""Jones"", ""news_updated"": ""1786847706991"", ""number"": ""33"", ""player_id"": ""4199"", ""position"": ""RB"", ""sport"": ""nfl"", ""status"": ""Active"", ""team"": ""MIN"", ""team_abbr"": """", ""team_changed_at"": """", ""years_exp"": ""9""}"
2026-08-31T15:52:53+00:00,1389740418316374016,1389740418316374017,129,13,9,8,997245852273930240,11563,Bo Nix,QB,DEN,"{""first_name"": ""Bo"", ""injury_status"": """", ""last_name"": ""Nix"", ""news_updated"": ""1787405722677"", ""number"": ""10"", ""player_id"": ""11563"", ""position"": ""QB"", ""sport"": ""nfl"", ""status"": ""Active"", ""team"": ""DEN"", ""team_abbr"": """", ""team_changed_at"": """", ""years_exp"": ""2""}"
2026-08-31T15:52:53+00:00,1389740418316374016,1389740418316374017,130,13,10,2,996120449870385152,13298,KC Concepcion,WR,CLE,"{""first_name"": ""KC"", ""injury_status"": """", ""last_name"": ""Concepcion"", ""news_updated"": ""1787321436183"", ""number"": ""1"", ""player_id"": ""13298"", ""position"": ""WR"", ""sport"": ""nfl"", ""status"": ""Active"", ""team"": ""CLE"", ""team_abbr"": """", ""team_changed_at"": """", ""years_exp"": ""0""}"
2026-08-31T15:52:53+00:00,1389740418316374016,1389740418316374017,131,14,10,2,996120449870385152,11653,Charlie Smyth,K,NO,"{""first_name"": ""Charlie"", ""injury_status"": """", ""last_name"": ""Smyth"", ""news_updated"": ""1784064034329"", ""number"": ""39"", ""player_id"": ""11653"", ""position"": ""K"", ""sport"": ""nfl"", ""status"": ""Active"", ""team"": ""NO"", ""team_abbr"": """", ""team_changed_at"": """", ""years_exp"": ""2""}"
2026-08-31T15:52:53+00:00,1389740418316374016,1389740418316374017,132,14,9,8,997245852273930240,12501,Matthew Golden,WR,GB,"{""first_name"": ""Matthew"", ""injury_status"": """", ""last_name"": ""Golden"", ""news_updated"": ""1787509832435"", ""number"": ""0"", ""player_id"": ""12501"", ""position"": ""WR"", ""sport"": ""nfl"", ""status"": ""Active"", ""team"": ""GB"", ""team_abbr"": """", ""team_changed_at"": """", ""years_exp"": ""1""}"
2026-08-31T15:52:53+00:00,1389740418316374016,1389740418316374017,133,14,8,9,1008988929109843968,8121,Romeo Doubs,WR,NE,"{""first_name"": ""Romeo"", ""injury_status"": """", ""last_name"": ""Doubs"", ""news_updated"": ""1786937719131"", ""number"": ""87"", ""player_id"": ""8121"", ""position"": ""WR"", ""sport"": ""nfl"", ""status"": ""Active"", ""team"": ""NE"", ""team_abbr"": """", ""team_changed_at"": """", ""years_exp"": ""4""}"
2026-08-31T15:52:53+00:00,1389740418316374016,1389740418316374017,134,14,7,5,1262108133212311552,5022,Dallas Goedert,TE,PHI,"{""first_name"": ""Dallas"", ""injury_status"": """", ""last_name"": ""Goedert"", ""news_updated"": ""1787364929760"", ""number"": ""88"", ""player_id"": ""5022"", ""position"": ""TE"", ""sport"": ""nfl"", ""status"": ""Active"", ""team"": ""PHI"", ""team_abbr"": """", ""team_changed_at"": """", ""years_exp"": ""8""}"
2026-08-31T15:52:53+00:00,1389740418316374016,1389740418316374017,135,14,6,7,996128808304558080,BAL,,DEF,BAL,"{""first_name"": ""Baltimore"", ""injury_status"": """", ""last_name"": ""Ravens"", ""news_updated"": """", ""number"": """", ""player_id"": ""BAL"", ""position"": ""DEF"", ""sport"": ""nfl"", ""status"": """", ""team"": ""BAL"", ""team_abbr"": """", ""team_changed_at"": """", ""years_exp"": """"}"
2026-08-31T15:52:53+00:00,1389740418316374016,1389740418316374017,136,14,5,1,996104610009952256,12015,Harrison Mevis,K,LAR,"{""first_name"": ""Harrison"", ""injury_status"": """", ""last_name"": ""Mevis"", ""news_updated"": ""1786838705841"", ""number"": ""92"", ""player_id"": ""12015"", ""position"": ""K"", ""sport"": ""nfl"", ""status"": ""Active"", ""team"": ""LAR"", ""team_abbr"": """", ""team_changed_at"": """", ""years_exp"": ""2""}"
2026-08-31T15:52:53+00:00,1389740418316374016,1389740418316374017,137,14,4,4,779583277362245632,5872,Deebo Samuel,WR,SF,"{""first_name"": ""Deebo"", ""injury_status"": """", ""last_name"": ""Samuel"", ""news_updated"": ""1787290556300"", ""number"": ""19"", ""player_id"": ""5872"", ""position"": ""WR"", ""sport"": ""nfl"", ""status"": ""Active"", ""team"": ""SF"", ""team_abbr"": """", ""team_changed_at"": """", ""years_exp"": ""7""}"
2026-08-31T15:52:53+00:00,1389740418316374016,1389740418316374017,138,14,3,6,996322180944277504,3214,Hunter Henry,TE,NE,"{""first_name"": ""Hunter"", ""injury_status"": """", ""last_name"": ""Henry"", ""news_updated"": ""1787515832715"", ""number"": ""85"", ""player_id"": ""3214"", ""position"": ""TE"", ""sport"": ""nfl"", ""status"": ""Active"", ""team"": ""NE"", ""team_abbr"": """", ""team_changed_at"": """", ""years_exp"": ""10""}"
2026-08-31T15:52:53+00:00,1389740418316374016,1389740418316374017,139,14,2,10,594991759398850560,8134,Khalil Shakir,WR,BUF,"{""first_name"": ""Khalil"", ""injury_status"": ""Questionable"", ""last_name"": ""Shakir"", ""news_updated"": ""1787417424293"", ""number"": ""10"", ""player_id"": ""8134"", ""position"": ""WR"", ""sport"": ""nfl"", ""status"": ""Active"", ""team"": ""BUF"", ""team_abbr"": """", ""team_changed_at"": """", ""years_exp"": ""4""}"
2026-08-31T15:52:53+00:00,1389740418316374016,1389740418316374017,140,14,1,3,996120627872493568,3163,Jared Goff,QB,DET,"{""first_name"": ""Jared"", ""injury_status"": """", ""last_name"": ""Goff"", ""news_updated"": ""1787257231080"", ""number"": ""16"", ""player_id"": ""3163"", ""position"": ""QB"", ""sport"": ""nfl"", ""status"": ""Active"", ""team"": ""DET"", ""team_abbr"": """", ""team_changed_at"": """", ""years_exp"": ""10""}"
2026-08-31T15:52:53+00:00,1389740418316374016,1389740418316374017,141,15,1,3,996120627872493568,12713,Andy Borregales,K,NE,"{""first_name"": ""Andy"", ""injury_status"": """", ""last_name"": ""Borregales"", ""news_updated"": ""1787456428384"", ""number"": ""36"", ""player_id"": ""12713"", ""position"": ""K"", ""sport"": ""nfl"", ""status"": ""Active"", ""team"": ""NE"", ""team_abbr"": """", ""team_changed_at"": """", ""years_exp"": ""1""}"
2026-08-31T15:52:53+00:00,1389740418316374016,1389740418316374017,142,15,2,10,594991759398850560,NE,,DEF,NE,"{""first_name"": ""New England"", ""injury_status"": """", ""last_name"": ""Patriots"", ""news_updated"": """", ""number"": """", ""player_id"": ""NE"", ""position"": ""DEF"", ""sport"": ""nfl"", ""status"": """", ""team"": ""NE"", ""team_abbr"": """", ""team_changed_at"": """", ""years_exp"": """"}"
2026-08-31T15:52:53+00:00,1389740418316374016,1389740418316374017,143,15,3,6,996322180944277504,11646,Jalen Coker,WR,CAR,"{""first_name"": ""Jalen"", ""injury_status"": """", ""last_name"": ""Coker"", ""news_updated"": ""1787368230507"", ""number"": ""18"", ""player_id"": ""11646"", ""position"": ""WR"", ""sport"": ""nfl"", ""status"": ""Active"", ""team"": ""CAR"", ""team_abbr"": """", ""team_changed_at"": """", ""years_exp"": ""2""}"
2026-08-31T15:52:53+00:00,1389740418316374016,1389740418316374017,144,15,4,4,779583277362245632,9502,Tank Dell,WR,HOU,"{""first_name"": ""Tank"", ""injury_status"": ""Questionable"", ""last_name"": ""Dell"", ""news_updated"": ""1787123454409"", ""number"": ""1"", ""player_id"": ""9502"", ""position"": ""WR"", ""sport"": ""nfl"", ""status"": ""Active"", ""team"": ""HOU"", ""team_abbr"": """", ""team_changed_at"": """", ""years_exp"": ""3""}"
2026-08-31T15:52:53+00:00,1389740418316374016,1389740418316374017,145,15,5,1,996104610009952256,LAC,,DEF,LAC,"{""first_name"": ""Los Angeles"", ""injury_status"": """", ""last_name"": ""Chargers"", ""news_updated"": """", ""number"": """", ""player_id"": ""LAC"", ""position"": ""DEF"", ""sport"": ""nfl"", ""status"": """", ""team"": ""LAC"", ""team_abbr"": """", ""team_changed_at"": """", ""years_exp"": """"}"
2026-08-31T15:52:53+00:00,1389740418316374016,1389740418316374017,146,15,6,7,996128808304558080,8136,Rachaad White,RB,WAS,"{""first_name"": ""Rachaad"", ""injury_status"": ""Questionable"", ""last_name"": ""White"", ""news_updated"": ""1787244031409"", ""number"": ""1"", ""player_id"": ""8136"", ""position"": ""RB"", ""sport"": ""nfl"", ""status"": ""Active"", ""team"": ""WAS"", ""team_abbr"": """", ""team_changed_at"": """", ""years_exp"": ""4""}"
2026-08-31T15:52:53+00:00,1389740418316374016,1389740418316374017,147,15,7,5,1262108133212311552,10219,Chris Rodriguez,RB,JAX,"{""first_name"": ""Chris"", ""injury_status"": """", ""last_name"": ""Rodriguez"", ""news_updated"": ""1786653340003"", ""number"": ""24"", ""player_id"": ""10219"", ""position"": ""RB"", ""sport"": ""nfl"", ""status"": ""Active"", ""team"": ""JAX"", ""team_abbr"": """", ""team_changed_at"": """", ""years_exp"": ""3""}"
2026-08-31T15:52:53+00:00,1389740418316374016,1389740418316374017,148,15,8,9,1008988929109843968,MIN,,DEF,MIN,"{""first_name"": ""Minnesota"", ""injury_status"": """", ""last_name"": ""Vikings"", ""news_updated"": """", ""number"": """", ""player_id"": ""MIN"", ""position"": ""DEF"", ""sport"": ""nfl"", ""status"": """", ""team"": ""MIN"", ""team_abbr"": """", ""team_changed_at"": """", ""years_exp"": """"}"
2026-08-31T15:52:53+00:00,1389740418316374016,1389740418316374017,149,15,9,8,997245852273930240,11539,Jake Bates,K,DET,"{""first_name"": ""Jake"", ""injury_status"": """", ""last_name"": ""Bates"", ""news_updated"": ""1787427325461"", ""number"": ""39"", ""player_id"": ""11539"", ""position"": ""K"", ""sport"": ""nfl"", ""status"": ""Active"", ""team"": ""DET"", ""team_abbr"": """", ""team_changed_at"": """", ""years_exp"": ""3""}"
2026-08-31T15:52:53+00:00,1389740418316374016,1389740418316374017,150,15,10,2,996120449870385152,CLE,,DEF,CLE,"{""first_name"": ""Cleveland"", ""injury_status"": """", ""last_name"": ""Browns"", ""news_updated"": """", ""number"": """", ""player_id"": ""CLE"", ""position"": ""DEF"", ""sport"": ""nfl"", ""status"": """", ""team"": ""CLE"", ""team_abbr"": """", ""team_changed_at"": """", ""years_exp"": """"}"
2026-08-31T15:52:53+00:00,1370453762442797056,1370453762451185664,1,1,1,17,996120627872493568,9221,Jahmyr Gibbs,RB,DET,"{""first_name"": ""Jahmyr"", ""injury_status"": """", ""last_name"": ""Gibbs"", ""news_updated"": ""1786938619039"", ""number"": ""0"", ""player_id"": ""9221"", ""position"": ""RB"", ""sport"": ""nfl"", ""status"": ""Active"", ""team"": ""DET"", ""team_abbr"": """", ""team_changed_at"": """", ""years_exp"": ""3""}"
2026-08-31T15:52:53+00:00,1370453762442797056,1370453762451185664,2,1,2,3,1126612181929336832,9488,Jaxon Smith-Njigba,WR,SEA,"{""first_name"": ""Jaxon"", ""injury_status"": """", ""last_name"": ""Smith-Njigba"", ""news_updated"": ""1787512532590"", ""number"": ""11"", ""player_id"": ""9488"", ""position"": ""WR"", ""sport"": ""nfl"", ""status"": ""Active"", ""team"": ""SEA"", ""team_abbr"": """", ""team_changed_at"": """", ""years_exp"": ""3""}"
2026-08-31T15:52:53+00:00,1370453762442797056,1370453762451185664,3,1,3,15,1127380007921328128,9509,Bijan Robinson,RB,ATL,"{""first_name"": ""Bijan"", ""injury_status"": """", ""last_name"": ""Robinson"", ""news_updated"": ""1786810260359"", ""number"": ""7"", ""player_id"": ""9509"", ""position"": ""RB"", ""sport"": ""nfl"", ""status"": ""Active"", ""team"": ""ATL"", ""team_abbr"": """", ""team_changed_at"": """", ""years_exp"": ""3""}"
2026-08-31T15:52:53+00:00,1370453762442797056,1370453762451185664,4,1,4,18,1266474061580480512,7564,Ja'Marr Chase,WR,CIN,"{""first_name"": ""Ja'Marr"", ""injury_status"": """", ""last_name"": ""Chase"", ""news_updated"": ""1786767654011"", ""number"": ""1"", ""player_id"": ""7564"", ""position"": ""WR"", ""sport"": ""nfl"", ""status"": ""Active"", ""team"": ""CIN"", ""team_abbr"": """", ""team_changed_at"": """", ""years_exp"": ""5""}"
2026-08-31T15:52:53+00:00,1370453762442797056,1370453762451185664,5,1,5,1,779583277362245632,6813,Jonathan Taylor,RB,IND,"{""first_name"": ""Jonathan"", ""injury_status"": """", ""last_name"": ""Taylor"", ""news_updated"": ""1786904114183"", ""number"": ""28"", ""player_id"": ""6813"", ""position"": ""RB"", ""sport"": ""nfl"", ""status"": ""Active"", ""team"": ""IND"", ""team_abbr"": """", ""team_changed_at"": """", ""years_exp"": ""6""}"
2026-08-31T15:52:53+00:00,1370453762442797056,1370453762451185664,6,1,6,7,739882929580335104,9493,Puka Nacua,WR,LAR,"{""first_name"": ""Puka"", ""injury_status"": ""Questionable"", ""last_name"": ""Nacua"", ""news_updated"": ""1787454927651"", ""number"": ""12"", ""player_id"": ""9493"", ""position"": ""WR"", ""sport"": ""nfl"", ""status"": ""Active"", ""team"": ""LAR"", ""team_abbr"": """", ""team_changed_at"": """", ""years_exp"": ""3""}"
2026-08-31T15:52:53+00:00,1370453762442797056,1370453762451185664,7,1,7,11,997348618057125888,8138,James Cook,RB,BUF,"{""first_name"": ""James"", ""injury_status"": """", ""last_name"": ""Cook"", ""news_updated"": ""1787428825186"", ""number"": ""4"", ""player_id"": ""8138"", ""position"": ""RB"", ""sport"": ""nfl"", ""status"": ""Active"", ""team"": ""BUF"", ""team_abbr"": """", ""team_changed_at"": """", ""years_exp"": ""4""}"
2026-08-31T15:52:53+00:00,1370453762442797056,1370453762451185664,8,1,8,13,860386640982589440,7547,Amon-Ra St. Brown,WR,DET,"{""first_name"": ""Amon-Ra"", ""injury_status"": """", ""last_name"": ""St. Brown"", ""news_updated"": ""1786734042841"", ""number"": ""14"", ""player_id"": ""7547"", ""position"": ""WR"", ""sport"": ""nfl"", ""status"": ""Active"", ""team"": ""DET"", ""team_abbr"": """", ""team_changed_at"": """", ""years_exp"": ""5""}"
2026-08-31T15:52:53+00:00,1370453762442797056,1370453762451185664,9,1,9,6,770802446909222912,9226,De'Von Achane,RB,MIA,"{""first_name"": ""De'Von"", ""injury_status"": """", ""last_name"": ""Achane"", ""news_updated"": ""1787455527665"", ""number"": ""28"", ""player_id"": ""9226"", ""position"": ""RB"", ""sport"": ""nfl"", ""status"": ""Active"", ""team"": ""MIA"", ""team_abbr"": """", ""team_changed_at"": """", ""years_exp"": ""3""}"
2026-08-31T15:52:53+00:00,1370453762442797056,1370453762451185664,10,1,10,4,1262823409977393152,4034,Christian McCaffrey,RB,SF,"{""first_name"": ""Christian"", ""injury_status"": ""Questionable"", ""last_name"": ""McCaffrey"", ""news_updated"": ""1787518233390"", ""number"": ""23"", ""player_id"": ""4034"", ""position"": ""RB"", ""sport"": ""nfl"", ""status"": ""Active"", ""team"": ""SF"", ""team_abbr"": """", ""team_changed_at"": """", ""years_exp"": ""9""}"
2026-08-31T15:52:53+00:00,1370453762442797056,1370453762451185664,11,1,11,16,1135263834127753216,9224,Chase Brown,RB,CIN,"{""first_name"": ""Chase"", ""injury_status"": """", ""last_name"": ""Brown"", ""news_updated"": ""1786767354054"", ""number"": ""30"", ""player_id"": ""9224"", ""position"": ""RB"", ""sport"": ""nfl"", ""status"": ""Active"", ""team"": ""CIN"", ""team_abbr"": """", ""team_changed_at"": """", ""years_exp"": ""3""}"
2026-08-31T15:52:53+00:00,1370453762442797056,1370453762451185664,12,1,12,9,609154836893601792,8130,Trey McBride,TE,ARI,"{""first_name"": ""Trey"", ""injury_status"": """", ""last_name"": ""McBride"", ""news_updated"": ""1787491230826"", ""number"": ""85"", ""player_id"": ""8130"", ""position"": ""TE"", ""sport"": ""nfl"", ""status"": ""Active"", ""team"": ""ARI"", ""team_abbr"": """", ""team_changed_at"": """", ""years_exp"": ""4""}"
2026-08-31T15:52:53+00:00,1370453762442797056,1370453762451185664,13,1,13,5,861663770647339008,4984,Josh Allen,QB,BUF,"{""first_name"": ""Josh"", ""injury_status"": """", ""last_name"": ""Allen"", ""news_updated"": ""1787409323056"", ""number"": ""17"", ""player_id"": ""4984"", ""position"": ""QB"", ""sport"": ""nfl"", ""status"": ""Active"", ""team"": ""BUF"", ""team_abbr"": """", ""team_changed_at"": """", ""years_exp"": ""8""}"
2026-08-31T15:52:53+00:00,1370453762442797056,1370453762451185664,14,1,14,10,1264073315803217920,6786,CeeDee Lamb,WR,DAL,"{""first_name"": ""CeeDee"", ""injury_status"": """", ""last_name"": ""Lamb"", ""news_updated"": ""1787019938269"", ""number"": ""88"", ""player_id"": ""6786"", ""position"": ""WR"", ""sport"": ""nfl"", ""status"": ""Active"", ""team"": ""DAL"", ""team_abbr"": """", ""team_changed_at"": """", ""years_exp"": ""6""}"
2026-08-31T15:52:53+00:00,1370453762442797056,1370453762451185664,15,1,15,2,779583497248550912,12507,Omarion Hampton,RB,LAC,"{""first_name"": ""Omarion"", ""injury_status"": """", ""last_name"": ""Hampton"", ""news_updated"": ""1787418023945"", ""number"": ""8"", ""player_id"": ""12507"", ""position"": ""RB"", ""sport"": ""nfl"", ""status"": ""Active"", ""team"": ""LAC"", ""team_abbr"": """", ""team_changed_at"": """", ""years_exp"": ""1""}"
2026-08-31T15:52:53+00:00,1370453762442797056,1370453762451185664,16,1,16,14,1265369037945184256,6794,Justin Jefferson,WR,MIN,"{""first_name"": ""Justin"", ""injury_status"": """", ""last_name"": ""Jefferson"", ""news_updated"": ""1786592711895"", ""number"": ""18"", ""player_id"": ""6794"", ""position"": ""WR"", ""sport"": ""nfl"", ""status"": ""Active"", ""team"": ""MIN"", ""team_abbr"": """", ""team_changed_at"": """", ""years_exp"": ""6""}"
2026-08-31T15:52:53+00:00,1370453762442797056,1370453762451185664,17,1,17,8,1128436496693874688,4866,Saquon Barkley,RB,PHI,"{""first_name"": ""Saquon"", ""injury_status"": """", ""last_name"": ""Barkley"", ""news_updated"": ""1787257531516"", ""number"": ""26"", ""player_id"": ""4866"", ""position"": ""RB"", ""sport"": ""nfl"", ""status"": ""Active"", ""team"": ""PHI"", ""team_abbr"": """", ""team_changed_at"": """", ""years_exp"": ""8""}"
2026-08-31T15:52:53+00:00,1370453762442797056,1370453762451185664,18,1,18,12,997317930117337088,3198,Derrick Henry,RB,BAL,"{""first_name"": ""Derrick"", ""injury_status"": """", ""last_name"": ""Henry"", ""news_updated"": ""1786902913860"", ""number"": ""22"", ""player_id"": ""3198"", ""position"": ""RB"", ""sport"": ""nfl"", ""status"": ""Active"", ""team"": ""BAL"", ""team_abbr"": """", ""team_changed_at"": """", ""years_exp"": ""10""}"
2026-08-31T15:52:53+00:00,1370453762442797056,1370453762451185664,19,2,18,12,997317930117337088,5859,A.J. Brown,WR,NE,"{""first_name"": ""A.J."", ""injury_status"": """", ""last_name"": ""Brown"", ""news_updated"": ""1787167557699"", ""number"": ""1"", ""player_id"": ""5859"", ""position"": ""WR"", ""sport"": ""nfl"", ""status"": ""Active"", ""team"": ""NE"", ""team_abbr"": """", ""team_changed_at"": """", ""years_exp"": ""7""}"
2026-08-31T15:52:53+00:00,1370453762442797056,1370453762451185664,20,2,17,8,1128436496693874688,8112,Drake London,WR,ATL,"{""first_name"": ""Drake"", ""injury_status"": """", ""last_name"": ""London"", ""news_updated"": ""1786666547486"", ""number"": ""5"", ""player_id"": ""8112"", ""position"": ""WR"", ""sport"": ""nfl"", ""status"": ""Active"", ""team"": ""ATL"", ""team_abbr"": """", ""team_changed_at"": """", ""years_exp"": ""4""}"
2026-08-31T15:52:53+00:00,1370453762442797056,1370453762451185664,21,2,16,14,1265369037945184256,12527,Ashton Jeanty,RB,LV,"{""first_name"": ""Ashton"", ""injury_status"": ""Questionable"", ""last_name"": ""Jeanty"", ""news_updated"": ""1787522134930"", ""number"": ""2"", ""player_id"": ""12527"", ""position"": ""RB"", ""sport"": ""nfl"", ""status"": ""Active"", ""team"": ""LV"", ""team_abbr"": """", ""team_changed_at"": """", ""years_exp"": ""1""}"
2026-08-31T15:52:53+00:00,1370453762442797056,1370453762451185664,22,2,15,2,779583497248550912,11604,Brock Bowers,TE,LV,"{""first_name"": ""Brock"", ""injury_status"": """", ""last_name"": ""Bowers"", ""news_updated"": ""1786726841674"", ""number"": ""89"", ""player_id"": ""11604"", ""position"": ""TE"", ""sport"": ""nfl"", ""status"": ""Active"", ""team"": ""LV"", ""team_abbr"": """", ""team_changed_at"": """", ""years_exp"": ""2""}"
2026-08-31T15:52:53+00:00,1370453762442797056,1370453762451185664,23,2,14,10,1264073315803217920,8151,Kenneth Walker,RB,KC,"{""first_name"": ""Kenneth"", ""injury_status"": """", ""last_name"": ""Walker"", ""news_updated"": ""1787453428237"", ""number"": ""9"", ""player_id"": ""8151"", ""position"": ""RB"", ""sport"": ""nfl"", ""status"": ""Active"", ""team"": ""KC"", ""team_abbr"": """", ""team_changed_at"": """", ""years_exp"": ""4""}"
2026-08-31T15:52:53+00:00,1370453762442797056,1370453762451185664,24,2,13,5,861663770647339008,7569,Nico Collins,WR,HOU,"{""first_name"": ""Nico"", ""injury_status"": """", ""last_name"": ""Collins"", ""news_updated"": ""1787328337558"", ""number"": ""12"", ""player_id"": ""7569"", ""position"": ""WR"", ""sport"": ""nfl"", ""status"": ""Active"", ""team"": ""HOU"", ""team_abbr"": """", ""team_changed_at"": """", ""years_exp"": ""5""}"
2026-08-31T15:52:53+00:00,1370453762442797056,1370453762451185664,25,2,12,9,609154836893601792,8150,Kyren Williams,RB,LAR,"{""first_name"": ""Kyren"", ""injury_status"": """", ""last_name"": ""Williams"", ""news_updated"": ""1786937118853"", ""number"": ""23"", ""player_id"": ""8150"", ""position"": ""RB"", ""sport"": ""nfl"", ""status"": ""Active"", ""team"": ""LAR"", ""team_abbr"": """", ""team_changed_at"": """", ""years_exp"": ""4""}"
2026-08-31T15:52:53+00:00,1370453762442797056,1370453762451185664,26,2,11,16,1135263834127753216,8137,George Pickens,WR,DAL,"{""first_name"": ""George"", ""injury_status"": """", ""last_name"": ""Pickens"", ""news_updated"": ""1787335838094"", ""number"": ""3"", ""player_id"": ""8137"", ""position"": ""WR"", ""sport"": ""nfl"", ""status"": ""Active"", ""team"": ""DAL"", ""team_abbr"": """", ""team_changed_at"": """", ""years_exp"": ""4""}"
2026-08-31T15:52:53+00:00,1370453762442797056,1370453762451185664,27,2,10,4,1262823409977393152,8144,Chris Olave,WR,NO,"{""first_name"": ""Chris"", ""injury_status"": """", ""last_name"": ""Olave"", ""news_updated"": ""1787248529668"", ""number"": ""12"", ""player_id"": ""8144"", ""position"": ""WR"", ""sport"": ""nfl"", ""status"": ""Active"", ""team"": ""NO"", ""team_abbr"": """", ""team_changed_at"": """", ""years_exp"": ""4""}"
2026-08-31T15:52:53+00:00,1370453762442797056,1370453762451185664,28,2,9,6,770802446909222912,10229,Rashee Rice,WR,KC,"{""first_name"": ""Rashee"", ""injury_status"": """", ""last_name"": ""Rice"", ""news_updated"": ""1787329837287"", ""number"": ""4"", ""player_id"": ""10229"", ""position"": ""WR"", ""sport"": ""nfl"", ""status"": ""Active"", ""team"": ""KC"", ""team_abbr"": """", ""team_changed_at"": """", ""years_exp"": ""3""}"
2026-08-31T15:52:53+00:00,1370453762442797056,1370453762451185664,29,2,8,13,860386640982589440,7588,Javonte Williams,RB,DAL,"{""first_name"": ""Javonte"", ""injury_status"": """", ""last_name"": ""Williams"", ""news_updated"": ""1786725941354"", ""number"": ""33"", ""player_id"": ""7588"", ""position"": ""RB"", ""sport"": ""nfl"", ""status"": ""Active"", ""team"": ""DAL"", ""team_abbr"": """", ""team_changed_at"": """", ""years_exp"": ""5""}"
2026-08-31T15:52:53+00:00,1370453762442797056,1370453762451185664,30,2,7,11,997348618057125888,5850,Josh Jacobs,RB,GB,"{""first_name"": ""Josh"", ""injury_status"": ""Questionable"", ""last_name"": ""Jacobs"", ""news_updated"": ""1787420124170"", ""number"": ""8"", ""player_id"": ""5850"", ""position"": ""RB"", ""sport"": ""nfl"", ""status"": ""Active"", ""team"": ""GB"", ""team_abbr"": """", ""team_changed_at"": """", ""years_exp"": ""7""}"
2026-08-31T15:52:53+00:00,1370453762442797056,1370453762451185664,31,2,6,7,739882929580335104,8155,Breece Hall,RB,NYJ,"{""first_name"": ""Breece"", ""injury_status"": ""Questionable"", ""last_name"": ""Hall"", ""news_updated"": ""1787065844566"", ""number"": ""20"", ""player_id"": ""8155"", ""position"": ""RB"", ""sport"": ""nfl"", ""status"": ""Active"", ""team"": ""NYJ"", ""team_abbr"": """", ""team_changed_at"": """", ""years_exp"": ""4""}"
2026-08-31T15:52:53+00:00,1370453762442797056,1370453762451185664,32,2,5,1,779583277362245632,11632,Malik Nabers,WR,NYG,"{""first_name"": ""Malik"", ""injury_status"": ""Questionable"", ""last_name"": ""Nabers"", ""news_updated"": ""1787517333352"", ""number"": ""1"", ""player_id"": ""11632"", ""position"": ""WR"", ""sport"": ""nfl"", ""status"": ""Active"", ""team"": ""NYG"", ""team_abbr"": """", ""team_changed_at"": """", ""years_exp"": ""2""}"
2026-08-31T15:52:53+00:00,1370453762442797056,1370453762451185664,33,2,4,18,1266474061580480512,12518,Tyler Warren,TE,IND,"{""first_name"": ""Tyler"", ""injury_status"": ""Questionable"", ""last_name"": ""Warren"", ""news_updated"": ""1787244331529"", ""number"": ""84"", ""player_id"": ""12518"", ""position"": ""TE"", ""sport"": ""nfl"", ""status"": ""Active"", ""team"": ""IND"", ""team_abbr"": """", ""team_changed_at"": """", ""years_exp"": ""1""}"
2026-08-31T15:52:53+00:00,1370453762442797056,1370453762451185664,34,2,3,15,1127380007921328128,13287,Jeremiyah Love,RB,ARI,"{""first_name"": ""Jeremiyah"", ""injury_status"": ""Questionable"", ""last_name"": ""Love"", ""news_updated"": ""1787074503991"", ""number"": ""4"", ""player_id"": ""13287"", ""position"": ""RB"", ""sport"": ""nfl"", ""status"": ""Active"", ""team"": ""ARI"", ""team_abbr"": """", ""team_changed_at"": """", ""years_exp"": ""0""}"
2026-08-31T15:52:53+00:00,1370453762442797056,1370453762451185664,35,2,2,3,1126612181929336832,6790,D'Andre Swift,RB,CHI,"{""first_name"": ""D'Andre"", ""injury_status"": """", ""last_name"": ""Swift"", ""news_updated"": ""1786977924670"", ""number"": ""4"", ""player_id"": ""6790"", ""position"": ""RB"", ""sport"": ""nfl"", ""status"": ""Active"", ""team"": ""CHI"", ""team_abbr"": """", ""team_changed_at"": """", ""years_exp"": ""6""}"
2026-08-31T15:52:53+00:00,1370453762442797056,1370453762451185664,36,2,1,17,996120627872493568,4881,Lamar Jackson,QB,BAL,"{""first_name"": ""Lamar"", ""injury_status"": """", ""last_name"": ""Jackson"", ""news_updated"": ""1787508932293"", ""number"": ""8"", ""player_id"": ""4881"", ""position"": ""QB"", ""sport"": ""nfl"", ""status"": ""Active"", ""team"": ""BAL"", ""team_abbr"": """", ""team_changed_at"": """", ""years_exp"": ""8""}"
2026-08-31T15:52:53+00:00,1370453762442797056,1370453762451185664,37,3,1,17,996120627872493568,6801,Tee Higgins,WR,CIN,"{""first_name"": ""Tee"", ""injury_status"": """", ""last_name"": ""Higgins"", ""news_updated"": ""1787022938657"", ""number"": ""5"", ""player_id"": ""6801"", ""position"": ""WR"", ""sport"": ""nfl"", ""status"": ""Active"", ""team"": ""CIN"", ""team_abbr"": """", ""team_changed_at"": """", ""years_exp"": ""6""}"
2026-08-31T15:52:53+00:00,1370453762442797056,1370453762451185664,38,3,2,3,1126612181929336832,11564,Drake Maye,QB,NE,"{""first_name"": ""Drake"", ""injury_status"": """", ""last_name"": ""Maye"", ""news_updated"": ""1786983934247"", ""number"": ""10"", ""player_id"": ""11564"", ""position"": ""QB"", ""sport"": ""nfl"", ""status"": ""Active"", ""team"": ""NE"", ""team_abbr"": """", ""team_changed_at"": """", ""years_exp"": ""2""}"
2026-08-31T15:52:53+00:00,1370453762442797056,1370453762451185664,39,3,3,15,1127380007921328128,12517,Colston Loveland,TE,CHI,"{""first_name"": ""Colston"", ""injury_status"": """", ""last_name"": ""Loveland"", ""news_updated"": ""1787471729281"", ""number"": ""84"", ""player_id"": ""12517"", ""position"": ""TE"", ""sport"": ""nfl"", ""status"": ""Active"", ""team"": ""CHI"", ""team_abbr"": """", ""team_changed_at"": """", ""years_exp"": ""1""}"
2026-08-31T15:52:53+00:00,1370453762442797056,1370453762451185664,40,3,4,18,1266474061580480512,5892,David Montgomery,RB,HOU,"{""first_name"": ""David"", ""injury_status"": """", ""last_name"": ""Montgomery"", ""news_updated"": ""1787327437460"", ""number"": ""32"", ""player_id"": ""5892"", ""position"": ""RB"", ""sport"": ""nfl"", ""status"": ""Active"", ""team"": ""HOU"", ""team_abbr"": """", ""team_changed_at"": """", ""years_exp"": ""7""}"
2026-08-31T15:52:53+00:00,1370453762442797056,1370453762451185664,41,3,5,1,779583277362245632,6770,Joe Burrow,QB,CIN,"{""first_name"": ""Joe"", ""injury_status"": """", ""last_name"": ""Burrow"", ""news_updated"": ""1787246129384"", ""number"": ""9"", ""player_id"": ""6770"", ""position"": ""QB"", ""sport"": ""nfl"", ""status"": ""Active"", ""team"": ""CIN"", ""team_abbr"": """", ""team_changed_at"": """", ""years_exp"": ""6""}"
2026-08-31T15:52:53+00:00,1370453762442797056,1370453762451185664,42,3,6,7,739882929580335104,7543,Travis Etienne,RB,NO,"{""first_name"": ""Travis"", ""injury_status"": """", ""last_name"": ""Etienne"", ""news_updated"": ""1787148055591"", ""number"": ""3"", ""player_id"": ""7543"", ""position"": ""RB"", ""sport"": ""nfl"", ""status"": ""Active"", ""team"": ""NO"", ""team_abbr"": """", ""team_changed_at"": """", ""years_exp"": ""5""}"
2026-08-31T15:52:53+00:00,1370453762442797056,1370453762451185664,43,3,7,11,997348618057125888,7525,DeVonta Smith,WR,PHI,"{""first_name"": ""DeVonta"", ""injury_status"": ""Questionable"", ""last_name"": ""Smith"", ""news_updated"": ""1787243431547"", ""number"": ""6"", ""player_id"": ""7525"", ""position"": ""WR"", ""sport"": ""nfl"", ""status"": ""Active"", ""team"": ""PHI"", ""team_abbr"": """", ""team_changed_at"": """", ""years_exp"": ""5""}"
2026-08-31T15:52:53+00:00,1370453762442797056,1370453762451185664,44,3,8,13,860386640982589440,11584,Bucky Irving,RB,TB,"{""first_name"": ""Bucky"", ""injury_status"": """", ""last_name"": ""Irving"", ""news_updated"": ""1787454028166"", ""number"": ""7"", ""player_id"": ""11584"", ""position"": ""RB"", ""sport"": ""nfl"", ""status"": ""Active"", ""team"": ""TB"", ""team_abbr"": """", ""team_changed_at"": """", ""years_exp"": ""2""}"
2026-08-31T15:52:53+00:00,1370453762442797056,1370453762451185664,45,3,9,6,770802446909222912,11635,Ladd McConkey,WR,LAC,"{""first_name"": ""Ladd"", ""injury_status"": """", ""last_name"": ""McConkey"", ""news_updated"": ""1787516132687"", ""number"": ""15"", ""player_id"": ""11635"", ""position"": ""WR"", ""sport"": ""nfl"", ""status"": ""Active"", ""team"": ""LAC"", ""team_abbr"": """", ""team_changed_at"": """", ""years_exp"": ""2""}"
2026-08-31T15:52:53+00:00,1370453762442797056,1370453762451185664,46,3,10,4,1262823409977393152,8146,Garrett Wilson,WR,NYJ,"{""first_name"": ""Garrett"", ""injury_status"": """", ""last_name"": ""Wilson"", ""news_updated"": ""1787412623341"", ""number"": ""5"", ""player_id"": ""8146"", ""position"": ""WR"", ""sport"": ""nfl"", ""status"": ""Active"", ""team"": ""NYJ"", ""team_abbr"": """", ""team_changed_at"": """", ""years_exp"": ""4""}"
2026-08-31T15:52:53+00:00,1370453762442797056,1370453762451185664,47,3,11,16,1135263834127753216,11563,Bo Nix,QB,DEN,"{""first_name"": ""Bo"", ""injury_status"": """", ""last_name"": ""Nix"", ""news_updated"": ""1787405722677"", ""number"": ""10"", ""player_id"": ""11563"", ""position"": ""QB"", ""sport"": ""nfl"", ""status"": ""Active"", ""team"": ""DEN"", ""team_abbr"": """", ""team_changed_at"": """", ""years_exp"": ""2""}"
2026-08-31T15:52:53+00:00,1370453762442797056,1370453762451185664,48,3,12,9,609154836893601792,7526,Jaylen Waddle,WR,DEN,"{""first_name"": ""Jaylen"", ""injury_status"": """", ""last_name"": ""Waddle"", ""news_updated"": ""1787372130877"", ""number"": ""17"", ""player_id"": ""7526"", ""position"": ""WR"", ""sport"": ""nfl"", ""status"": ""Active"", ""team"": ""DEN"", ""team_abbr"": """", ""team_changed_at"": """", ""years_exp"": ""5""}"
2026-08-31T15:52:53+00:00,1370453762442797056,1370453762451185664,49,3,13,5,861663770647339008,9997,Zay Flowers,WR,BAL,"{""first_name"": ""Zay"", ""injury_status"": """", ""last_name"": ""Flowers"", ""news_updated"": ""1787491830737"", ""number"": ""4"", ""player_id"": ""9997"", ""position"": ""WR"", ""sport"": ""nfl"", ""status"": ""Active"", ""team"": ""BAL"", ""team_abbr"": """", ""team_changed_at"": """", ""years_exp"": ""3""}"
2026-08-31T15:52:53+00:00,1370453762442797056,1370453762451185664,50,3,14,10,1264073315803217920,12526,Tetairoa McMillan,WR,CAR,"{""first_name"": ""Tetairoa"", ""injury_status"": """", ""last_name"": ""McMillan"", ""news_updated"": ""1787367930425"", ""number"": ""4"", ""player_id"": ""12526"", ""position"": ""WR"", ""sport"": ""nfl"", ""status"": ""Active"", ""team"": ""CAR"", ""team_abbr"": """", ""team_changed_at"": """", ""years_exp"": ""1""}"
2026-08-31T15:52:53+00:00,1370453762442797056,1370453762451185664,51,3,15,2,779583497248550912,12481,Cam Skattebo,RB,NYG,"{""first_name"": ""Cam"", ""injury_status"": """", ""last_name"": ""Skattebo"", ""news_updated"": ""1787112652626"", ""number"": ""44"", ""player_id"": ""12481"", ""position"": ""RB"", ""sport"": ""nfl"", ""status"": ""Active"", ""team"": ""NYG"", ""team_abbr"": """", ""team_changed_at"": """", ""years_exp"": ""1""}"
2026-08-31T15:52:53+00:00,1370453762442797056,1370453762451185664,52,3,16,14,1265369037945184256,12512,Quinshon Judkins,RB,CLE,"{""first_name"": ""Quinshon"", ""injury_status"": ""Questionable"", ""last_name"": ""Judkins"", ""news_updated"": ""1787413223781"", ""number"": ""10"", ""player_id"": ""12512"", ""position"": ""RB"", ""sport"": ""nfl"", ""status"": ""Active"", ""team"": ""CLE"", ""team_abbr"": """", ""team_changed_at"": """", ""years_exp"": ""1""}"
2026-08-31T15:52:53+00:00,1370453762442797056,1370453762451185664,53,3,17,8,1128436496693874688,12514,Emeka Egbuka,WR,TB,"{""first_name"": ""Emeka"", ""injury_status"": ""Questionable"", ""last_name"": ""Egbuka"", ""news_updated"": ""1787345728129"", ""number"": ""2"", ""player_id"": ""12514"", ""position"": ""WR"", ""sport"": ""nfl"", ""status"": ""Active"", ""team"": ""TB"", ""team_abbr"": """", ""team_changed_at"": """", ""years_exp"": ""1""}"
2026-08-31T15:52:53+00:00,1370453762442797056,1370453762451185664,54,3,18,12,997317930117337088,12519,Luther Burden,WR,CHI,"{""first_name"": ""Luther"", ""injury_status"": ""Questionable"", ""last_name"": ""Burden"", ""news_updated"": ""1787318436359"", ""number"": ""10"", ""player_id"": ""12519"", ""position"": ""WR"", ""sport"": ""nfl"", ""status"": ""Active"", ""team"": ""CHI"", ""team_abbr"": """", ""team_changed_at"": """", ""years_exp"": ""1""}"
2026-08-31T15:52:53+00:00,1370453762442797056,1370453762451185664,55,4,18,12,997317930117337088,4983,DJ Moore,WR,BUF,"{""first_name"": ""DJ"", ""injury_status"": """", ""last_name"": ""Moore"", ""news_updated"": ""1787250030264"", ""number"": ""2"", ""player_id"": ""4983"", ""position"": ""WR"", ""sport"": ""nfl"", ""status"": ""Active"", ""team"": ""BUF"", ""team_abbr"": """", ""team_changed_at"": """", ""years_exp"": ""8""}"
2026-08-31T15:52:53+00:00,1370453762442797056,1370453762451185664,56,4,17,8,1128436496693874688,2216,Mike Evans,WR,SF,"{""first_name"": ""Mike"", ""injury_status"": ""Questionable"", ""last_name"": ""Evans"", ""news_updated"": ""1787448027063"", ""number"": ""5"", ""player_id"": ""2216"", ""position"": ""WR"", ""sport"": ""nfl"", ""status"": ""Active"", ""team"": ""SF"", ""team_abbr"": """", ""team_changed_at"": """", ""years_exp"": ""12""}"
2026-08-31T15:52:53+00:00,1370453762442797056,1370453762451185664,57,4,16,14,1265369037945184256,10859,Sam LaPorta,TE,DET,"{""first_name"": ""Sam"", ""injury_status"": ""Questionable"", ""last_name"": ""LaPorta"", ""news_updated"": ""1787245230679"", ""number"": ""87"", ""player_id"": ""10859"", ""position"": ""TE"", ""sport"": ""nfl"", ""status"": ""Active"", ""team"": ""DET"", ""team_abbr"": """", ""team_changed_at"": """", ""years_exp"": ""3""}"
2026-08-31T15:52:53+00:00,1370453762442797056,1370453762451185664,58,4,15,2,779583497248550912,11620,Rome Odunze,WR,CHI,"{""first_name"": ""Rome"", ""injury_status"": """", ""last_name"": ""Odunze"", ""news_updated"": ""1787471429076"", ""number"": ""15"", ""player_id"": ""11620"", ""position"": ""WR"", ""sport"": ""nfl"", ""status"": ""Active"", ""team"": ""CHI"", ""team_abbr"": """", ""team_changed_at"": """", ""years_exp"": ""2""}"
2026-08-31T15:52:53+00:00,1370453762442797056,1370453762451185664,59,4,14,10,1264073315803217920,12529,TreVeyon Henderson,RB,NE,"{""first_name"": ""TreVeyon"", ""injury_status"": """", ""last_name"": ""Henderson"", ""news_updated"": ""1786997435266"", ""number"": ""32"", ""player_id"": ""12529"", ""position"": ""RB"", ""sport"": ""nfl"", ""status"": ""Active"", ""team"": ""NE"", ""team_abbr"": """", ""team_changed_at"": """", ""years_exp"": ""1""}"
2026-08-31T15:52:53+00:00,1370453762442797056,1370453762451185664,60,4,13,5,861663770647339008,7021,Rico Dowdle,RB,PIT,"{""first_name"": ""Rico"", ""injury_status"": """", ""last_name"": ""Dowdle"", ""news_updated"": ""1787379030984"", ""number"": ""13"", ""player_id"": ""7021"", ""position"": ""RB"", ""sport"": ""nfl"", ""status"": ""Active"", ""team"": ""PIT"", ""team_abbr"": """", ""team_changed_at"": """", ""years_exp"": ""6""}"
2026-08-31T15:52:53+00:00,1370453762442797056,1370453762451185664,61,4,12,9,609154836893601792,11566,Jayden Daniels,QB,WAS,"{""first_name"": ""Jayden"", ""injury_status"": """", ""last_name"": ""Daniels"", ""news_updated"": ""1787426125394"", ""number"": ""5"", ""player_id"": ""11566"", ""position"": ""QB"", ""sport"": ""nfl"", ""status"": ""Active"", ""team"": ""WAS"", ""team_abbr"": """", ""team_changed_at"": """", ""years_exp"": ""2""}"
2026-08-31T15:52:53+00:00,1370453762442797056,1370453762451185664,62,4,11,16,1135263834127753216,12489,RJ Harvey,RB,DEN,"{""first_name"": ""RJ"", ""injury_status"": """", ""last_name"": ""Harvey"", ""news_updated"": ""1787420724257"", ""number"": ""12"", ""player_id"": ""12489"", ""position"": ""RB"", ""sport"": ""nfl"", ""status"": ""Active"", ""team"": ""DEN"", ""team_abbr"": """", ""team_changed_at"": """", ""years_exp"": ""1""}"
2026-08-31T15:52:53+00:00,1370453762442797056,1370453762451185664,63,4,10,4,1262823409977393152,13286,Jadarian Price,RB,SEA,"{""first_name"": ""Jadarian"", ""injury_status"": """", ""last_name"": ""Price"", ""news_updated"": ""1787503231697"", ""number"": ""8"", ""player_id"": ""13286"", ""position"": ""RB"", ""sport"": ""nfl"", ""status"": ""Active"", ""team"": ""SEA"", ""team_abbr"": """", ""team_changed_at"": """", ""years_exp"": ""0""}"
2026-08-31T15:52:53+00:00,1370453762442797056,1370453762451185664,64,4,9,6,770802446909222912,8148,Jameson Williams,WR,DET,"{""first_name"": ""Jameson"", ""injury_status"": """", ""last_name"": ""Williams"", ""news_updated"": ""1787181919625"", ""number"": ""1"", ""player_id"": ""8148"", ""position"": ""WR"", ""sport"": ""nfl"", ""status"": ""Active"", ""team"": ""DET"", ""team_abbr"": """", ""team_changed_at"": """", ""years_exp"": ""4""}"
2026-08-31T15:52:53+00:00,1370453762442797056,1370453762451185664,65,4,8,13,860386640982589440,5927,Terry McLaurin,WR,WAS,"{""first_name"": ""Terry"", ""injury_status"": """", ""last_name"": ""McLaurin"", ""news_updated"": ""1787408425048"", ""number"": ""17"", ""player_id"": ""5927"", ""position"": ""WR"", ""sport"": ""nfl"", ""status"": ""Active"", ""team"": ""WAS"", ""team_abbr"": """", ""team_changed_at"": """", ""years_exp"": ""7""}"
2026-08-31T15:52:53+00:00,1370453762442797056,1370453762451185664,66,4,7,11,997348618057125888,2133,Davante Adams,WR,LAR,"{""first_name"": ""Davante"", ""injury_status"": """", ""last_name"": ""Adams"", ""news_updated"": ""1786899013871"", ""number"": ""17"", ""player_id"": ""2133"", ""position"": ""WR"", ""sport"": ""nfl"", ""status"": ""Active"", ""team"": ""LAR"", ""team_abbr"": """", ""team_changed_at"": """", ""years_exp"": ""12""}"
2026-08-31T15:52:53+00:00,1370453762442797056,1370453762451185664,67,4,6,7,739882929580335104,8167,Christian Watson,WR,GB,"{""first_name"": ""Christian"", ""injury_status"": """", ""last_name"": ""Watson"", ""news_updated"": ""1787374231084"", ""number"": ""9"", ""player_id"": ""8167"", ""position"": ""WR"", ""sport"": ""nfl"", ""status"": ""Active"", ""team"": ""GB"", ""team_abbr"": """", ""team_changed_at"": """", ""years_exp"": ""4""}"
2026-08-31T15:52:53+00:00,1370453762442797056,1370453762451185664,68,4,5,1,779583277362245632,11628,Marvin Harrison,WR,ARI,"{""first_name"": ""Marvin"", ""injury_status"": """", ""last_name"": ""Harrison"", ""news_updated"": ""1786991134660"", ""number"": ""18"", ""player_id"": ""11628"", ""position"": ""WR"", ""sport"": ""nfl"", ""status"": ""Active"", ""team"": ""ARI"", ""team_abbr"": """", ""team_changed_at"": """", ""years_exp"": ""2""}"
2026-08-31T15:52:53+00:00,1370453762442797056,1370453762451185664,69,4,4,18,1266474061580480512,12490,Bhayshul Tuten,RB,JAX,"{""first_name"": ""Bhayshul"", ""injury_status"": """", ""last_name"": ""Tuten"", ""news_updated"": ""1787173258476"", ""number"": ""33"", ""player_id"": ""12490"", ""position"": ""RB"", ""sport"": ""nfl"", ""status"": ""Active"", ""team"": ""JAX"", ""team_abbr"": """", ""team_changed_at"": """", ""years_exp"": ""1""}"
2026-08-31T15:52:53+00:00,1370453762442797056,1370453762451185664,70,4,3,15,1127380007921328128,8917,KaVontae Turpin,WR,DAL,"{""first_name"": ""KaVontae"", ""injury_status"": """", ""last_name"": ""Turpin"", ""news_updated"": ""1787282154767"", ""number"": ""9"", ""player_id"": ""8917"", ""position"": ""WR"", ""sport"": ""nfl"", ""status"": ""Active"", ""team"": ""DAL"", ""team_abbr"": """", ""team_changed_at"": """", ""years_exp"": ""4""}"
2026-08-31T15:52:53+00:00,1370453762442797056,1370453762451185664,71,4,2,3,1126612181929336832,1466,Travis Kelce,TE,KC,"{""first_name"": ""Travis"", ""injury_status"": """", ""last_name"": ""Kelce"", ""news_updated"": ""1787518532928"", ""number"": ""87"", ""player_id"": ""1466"", ""position"": ""TE"", ""sport"": ""nfl"", ""status"": ""Active"", ""team"": ""KC"", ""team_abbr"": """", ""team_changed_at"": """", ""years_exp"": ""13""}"
2026-08-31T15:52:53+00:00,1370453762442797056,1370453762451185664,72,4,1,17,996120627872493568,11631,Brian Thomas,WR,JAX,"{""first_name"": ""Brian"", ""injury_status"": """", ""last_name"": ""Thomas"", ""news_updated"": ""1787065244700"", ""number"": ""7"", ""player_id"": ""11631"", ""position"": ""WR"", ""sport"": ""nfl"", ""status"": ""Active"", ""team"": ""JAX"", ""team_abbr"": """", ""team_changed_at"": """", ""years_exp"": ""2""}"
2026-08-31T15:52:53+00:00,1370453762442797056,1370453762451185664,73,5,1,17,996120627872493568,13279,Carnell Tate,WR,TEN,"{""first_name"": ""Carnell"", ""injury_status"": ""Questionable"", ""last_name"": ""Tate"", ""news_updated"": ""1787330137341"", ""number"": ""14"", ""player_id"": ""13279"", ""position"": ""WR"", ""sport"": ""nfl"", ""status"": ""Active"", ""team"": ""TEN"", ""team_abbr"": """", ""team_changed_at"": """", ""years_exp"": ""0""}"
2026-08-31T15:52:53+00:00,1370453762442797056,1370453762451185664,74,5,2,3,1126612181929336832,8228,Jaylen Warren,RB,PIT,"{""first_name"": ""Jaylen"", ""injury_status"": """", ""last_name"": ""Warren"", ""news_updated"": ""1787378130940"", ""number"": ""30"", ""player_id"": ""8228"", ""position"": ""RB"", ""sport"": ""nfl"", ""status"": ""Active"", ""team"": ""PIT"", ""team_abbr"": """", ""team_changed_at"": """", ""years_exp"": ""4""}"
2026-08-31T15:52:53+00:00,1370453762442797056,1370453762451185664,75,5,3,15,1127380007921328128,7611,Rhamondre Stevenson,RB,NE,"{""first_name"": ""Rhamondre"", ""injury_status"": """", ""last_name"": ""Stevenson"", ""news_updated"": ""1787408723006"", ""number"": ""38"", ""player_id"": ""7611"", ""position"": ""RB"", ""sport"": ""nfl"", ""status"": ""Active"", ""team"": ""NE"", ""team_abbr"": """", ""team_changed_at"": """", ""years_exp"": ""5""}"
2026-08-31T15:52:53+00:00,1370453762442797056,1370453762451185664,76,5,4,18,1266474061580480512,10232,Michael Wilson,WR,ARI,"{""first_name"": ""Michael"", ""injury_status"": """", ""last_name"": ""Wilson"", ""news_updated"": ""1787429425049"", ""number"": ""14"", ""player_id"": ""10232"", ""position"": ""WR"", ""sport"": ""nfl"", ""status"": ""Active"", ""team"": ""ARI"", ""team_abbr"": """", ""team_changed_at"": """", ""years_exp"": ""3""}"
2026-08-31T15:52:53+00:00,1370453762442797056,1370453762451185664,77,5,5,1,779583277362245632,9484,Tucker Kraft,TE,GB,"{""first_name"": ""Tucker"", ""injury_status"": ""Questionable"", ""last_name"": ""Kraft"", ""news_updated"": ""1787177416019"", ""number"": ""85"", ""player_id"": ""9484"", ""position"": ""TE"", ""sport"": ""nfl"", ""status"": ""Active"", ""team"": ""GB"", ""team_abbr"": """", ""team_changed_at"": """", ""years_exp"": ""3""}"
2026-08-31T15:52:53+00:00,1370453762442797056,1370453762451185664,78,5,6,7,739882929580335104,9487,Parker Washington,WR,JAX,"{""first_name"": ""Parker"", ""injury_status"": ""Questionable"", ""last_name"": ""Washington"", ""news_updated"": ""1787492730840"", ""number"": ""11"", ""player_id"": ""9487"", ""position"": ""WR"", ""sport"": ""nfl"", ""status"": ""Active"", ""team"": ""JAX"", ""team_abbr"": """", ""team_changed_at"": """", ""years_exp"": ""3""}"
2026-08-31T15:52:53+00:00,1370453762442797056,1370453762451185664,79,5,7,11,997348618057125888,12508,Jaxson Dart,QB,NYG,"{""first_name"": ""Jaxson"", ""injury_status"": """", ""last_name"": ""Dart"", ""news_updated"": ""1787440227002"", ""number"": ""6"", ""player_id"": ""12508"", ""position"": ""QB"", ""sport"": ""nfl"", ""status"": ""Active"", ""team"": ""NYG"", ""team_abbr"": """", ""team_changed_at"": """", ""years_exp"": ""1""}"
2026-08-31T15:52:53+00:00,1370453762442797056,1370453762451185664,80,5,8,13,860386640982589440,6904,Jalen Hurts,QB,PHI,"{""first_name"": ""Jalen"", ""injury_status"": """", ""last_name"": ""Hurts"", ""news_updated"": ""1787425524738"", ""number"": ""1"", ""player_id"": ""6904"", ""position"": ""QB"", ""sport"": ""nfl"", ""status"": ""Active"", ""team"": ""PHI"", ""team_abbr"": """", ""team_changed_at"": """", ""years_exp"": ""6""}"
2026-08-31T15:52:53+00:00,1370453762442797056,1370453762451185664,81,5,9,6,770802446909222912,6806,J.K. Dobbins,RB,DEN,"{""first_name"": ""J.K."", ""injury_status"": """", ""last_name"": ""Dobbins"", ""news_updated"": ""1787425225245"", ""number"": ""27"", ""player_id"": ""6806"", ""position"": ""RB"", ""sport"": ""nfl"", ""status"": ""Active"", ""team"": ""DEN"", ""team_abbr"": """", ""team_changed_at"": """", ""years_exp"": ""6""}"
2026-08-31T15:52:53+00:00,1370453762442797056,1370453762451185664,82,5,10,4,1262823409977393152,5967,Tony Pollard,RB,TEN,"{""first_name"": ""Tony"", ""injury_status"": """", ""last_name"": ""Pollard"", ""news_updated"": ""1787160361547"", ""number"": ""20"", ""player_id"": ""5967"", ""position"": ""RB"", ""sport"": ""nfl"", ""status"": ""Active"", ""team"": ""TEN"", ""team_abbr"": """", ""team_changed_at"": """", ""years_exp"": ""7""}"
2026-08-31T15:52:53+00:00,1370453762442797056,1370453762451185664,83,5,11,16,1135263834127753216,4037,Chris Godwin,WR,TB,"{""first_name"": ""Chris"", ""injury_status"": """", ""last_name"": ""Godwin"", ""news_updated"": ""1786890012320"", ""number"": ""14"", ""player_id"": ""4037"", ""position"": ""WR"", ""sport"": ""nfl"", ""status"": ""Active"", ""team"": ""TB"", ""team_abbr"": """", ""team_changed_at"": """", ""years_exp"": ""9""}"
2026-08-31T15:52:53+00:00,1370453762442797056,1370453762451185664,84,5,12,9,609154836893601792,11533,Brandon Aubrey,K,DAL,"{""first_name"": ""Brandon"", ""injury_status"": """", ""last_name"": ""Aubrey"", ""news_updated"": ""1786975824397"", ""number"": ""17"", ""player_id"": ""11533"", ""position"": ""K"", ""sport"": ""nfl"", ""status"": ""Active"", ""team"": ""DAL"", ""team_abbr"": """", ""team_changed_at"": """", ""years_exp"": ""3""}"
2026-08-31T15:52:53+00:00,1370453762442797056,1370453762451185664,85,5,13,5,861663770647339008,7553,Kyle Pitts,TE,ATL,"{""first_name"": ""Kyle"", ""injury_status"": """", ""last_name"": ""Pitts"", ""news_updated"": ""1786808760115"", ""number"": ""8"", ""player_id"": ""7553"", ""position"": ""TE"", ""sport"": ""nfl"", ""status"": ""Active"", ""team"": ""ATL"", ""team_abbr"": """", ""team_changed_at"": """", ""years_exp"": ""5""}"
2026-08-31T15:52:53+00:00,1370453762442797056,1370453762451185664,86,5,14,10,1264073315803217920,5846,DK Metcalf,WR,PIT,"{""first_name"": ""DK"", ""injury_status"": ""Questionable"", ""last_name"": ""Metcalf"", ""news_updated"": ""1787163059611"", ""number"": ""4"", ""player_id"": ""5846"", ""position"": ""WR"", ""sport"": ""nfl"", ""status"": ""Active"", ""team"": ""PIT"", ""team_abbr"": """", ""team_changed_at"": """", ""years_exp"": ""7""}"
2026-08-31T15:52:53+00:00,1370453762442797056,1370453762451185664,87,5,15,2,779583497248550912,11560,Caleb Williams,QB,CHI,"{""first_name"": ""Caleb"", ""injury_status"": """", ""last_name"": ""Williams"", ""news_updated"": ""1787471129257"", ""number"": ""18"", ""player_id"": ""11560"", ""position"": ""QB"", ""sport"": ""nfl"", ""status"": ""Active"", ""team"": ""CHI"", ""team_abbr"": """", ""team_changed_at"": """", ""years_exp"": ""2""}"
2026-08-31T15:52:53+00:00,1370453762442797056,1370453762451185664,88,5,16,14,1265369037945184256,13281,Jordyn Tyson,WR,NO,"{""first_name"": ""Jordyn"", ""injury_status"": ""Doubtful"", ""last_name"": ""Tyson"", ""news_updated"": ""1787006436410"", ""number"": ""0"", ""player_id"": ""13281"", ""position"": ""WR"", ""sport"": ""nfl"", ""status"": ""Active"", ""team"": ""NO"", ""team_abbr"": """", ""team_changed_at"": """", ""years_exp"": ""0""}"
2026-08-31T15:52:53+00:00,1370453762442797056,1370453762451185664,89,5,17,8,1128436496693874688,12506,Harold Fannin,TE,CLE,"{""first_name"": ""Harold"", ""injury_status"": """", ""last_name"": ""Fannin"", ""news_updated"": ""1787517932897"", ""number"": ""44"", ""player_id"": ""12506"", ""position"": ""TE"", ""sport"": ""nfl"", ""status"": ""Active"", ""team"": ""CLE"", ""team_abbr"": """", ""team_changed_at"": """", ""years_exp"": ""1""}"
2026-08-31T15:52:53+00:00,1370453762442797056,1370453762451185664,90,5,18,12,997317930117337088,7594,Chuba Hubbard,RB,CAR,"{""first_name"": ""Chuba"", ""injury_status"": ""Questionable"", ""last_name"": ""Hubbard"", ""news_updated"": ""1787367029881"", ""number"": ""30"", ""player_id"": ""7594"", ""position"": ""RB"", ""sport"": ""nfl"", ""status"": ""Active"", ""team"": ""CAR"", ""team_abbr"": """", ""team_changed_at"": """", ""years_exp"": ""5""}"
2026-08-31T15:52:53+00:00,1370453762442797056,1370453762451185664,91,6,18,12,997317930117337088,6797,Justin Herbert,QB,LAC,"{""first_name"": ""Justin"", ""injury_status"": """", ""last_name"": ""Herbert"", ""news_updated"": ""1787417423852"", ""number"": ""10"", ""player_id"": ""6797"", ""position"": ""QB"", ""sport"": ""nfl"", ""status"": ""Active"", ""team"": ""LAC"", ""team_abbr"": """", ""team_changed_at"": """", ""years_exp"": ""6""}"
2026-08-31T15:52:53+00:00,1370453762442797056,1370453762451185664,92,6,17,8,1128436496693874688,3294,Dak Prescott,QB,DAL,"{""first_name"": ""Dak"", ""injury_status"": """", ""last_name"": ""Prescott"", ""news_updated"": ""1786836609903"", ""number"": ""4"", ""player_id"": ""3294"", ""position"": ""QB"", ""sport"": ""nfl"", ""status"": ""Active"", ""team"": ""DAL"", ""team_abbr"": """", ""team_changed_at"": """", ""years_exp"": ""10""}"
2026-08-31T15:52:53+00:00,1370453762442797056,1370453762451185664,93,6,16,14,1265369037945184256,13294,Makai Lemon,WR,PHI,"{""first_name"": ""Makai"", ""injury_status"": ""Questionable"", ""last_name"": ""Lemon"", ""news_updated"": ""1787438426541"", ""number"": ""9"", ""player_id"": ""13294"", ""position"": ""WR"", ""sport"": ""nfl"", ""status"": ""Active"", ""team"": ""PHI"", ""team_abbr"": """", ""team_changed_at"": """", ""years_exp"": ""0""}"
2026-08-31T15:52:53+00:00,1370453762442797056,1370453762451185664,94,6,15,2,779583497248550912,5045,Courtland Sutton,WR,DEN,"{""first_name"": ""Courtland"", ""injury_status"": """", ""last_name"": ""Sutton"", ""news_updated"": ""1787374831219"", ""number"": ""14"", ""player_id"": ""5045"", ""position"": ""WR"", ""sport"": ""nfl"", ""status"": ""Active"", ""team"": ""DEN"", ""team_abbr"": """", ""team_changed_at"": """", ""years_exp"": ""8""}"
2026-08-31T15:52:53+00:00,1370453762442797056,1370453762451185664,95,6,14,10,1264073315803217920,4217,George Kittle,TE,SF,"{""first_name"": ""George"", ""injury_status"": ""Questionable"", ""last_name"": ""Kittle"", ""news_updated"": ""1787505932025"", ""number"": ""85"", ""player_id"": ""4217"", ""position"": ""TE"", ""sport"": ""nfl"", ""status"": ""Active"", ""team"": ""SF"", ""team_abbr"": """", ""team_changed_at"": """", ""years_exp"": ""9""}"
2026-08-31T15:52:53+00:00,1370453762442797056,1370453762451185664,96,6,13,5,861663770647339008,11583,Jonathon Brooks,RB,CAR,"{""first_name"": ""Jonathon"", ""injury_status"": """", ""last_name"": ""Brooks"", ""news_updated"": ""1787394632434"", ""number"": ""25"", ""player_id"": ""11583"", ""position"": ""RB"", ""sport"": ""nfl"", ""status"": ""Active"", ""team"": ""CAR"", ""team_abbr"": """", ""team_changed_at"": """", ""years_exp"": ""2""}"
2026-08-31T15:52:53+00:00,1370453762442797056,1370453762451185664,97,6,12,9,609154836893601792,12540,Chimere Dike,WR,TEN,"{""first_name"": ""Chimere"", ""injury_status"": """", ""last_name"": ""Dike"", ""news_updated"": ""1787025339602"", ""number"": ""17"", ""player_id"": ""12540"", ""position"": ""WR"", ""sport"": ""nfl"", ""status"": ""Active"", ""team"": ""TEN"", ""team_abbr"": """", ""team_changed_at"": """", ""years_exp"": ""1""}"
2026-08-31T15:52:53+00:00,1370453762442797056,1370453762451185664,98,6,11,16,1135263834127753216,10236,Dalton Kincaid,TE,BUF,"{""first_name"": ""Dalton"", ""injury_status"": """", ""last_name"": ""Kincaid"", ""news_updated"": ""1787367929884"", ""number"": ""86"", ""player_id"": ""10236"", ""position"": ""TE"", ""sport"": ""nfl"", ""status"": ""Active"", ""team"": ""BUF"", ""team_abbr"": """", ""team_changed_at"": """", ""years_exp"": ""3""}"
2026-08-31T15:52:53+00:00,1370453762442797056,1370453762451185664,99,6,10,4,1262823409977393152,8126,Wan'Dale Robinson,WR,TEN,"{""first_name"": ""Wan'Dale"", ""injury_status"": """", ""last_name"": ""Robinson"", ""news_updated"": ""1787192718220"", ""number"": ""4"", ""player_id"": ""8126"", ""position"": ""WR"", ""sport"": ""nfl"", ""status"": ""Active"", ""team"": ""TEN"", ""team_abbr"": """", ""team_changed_at"": """", ""years_exp"": ""4""}"
2026-08-31T15:52:53+00:00,1370453762442797056,1370453762451185664,100,6,9,6,770802446909222912,12533,Jacory Croskey-Merritt,RB,WAS,"{""first_name"": ""Jacory"", ""injury_status"": ""Questionable"", ""last_name"": ""Croskey-Merritt"", ""news_updated"": ""1787409023407"", ""number"": ""22"", ""player_id"": ""12533"", ""position"": ""RB"", ""sport"": ""nfl"", ""status"": ""Active"", ""team"": ""WAS"", ""team_abbr"": """", ""team_changed_at"": """", ""years_exp"": ""1""}"
2026-08-31T15:52:53+00:00,1370453762442797056,1370453762451185664,101,6,8,13,860386640982589440,8110,Jake Ferguson,TE,DAL,"{""first_name"": ""Jake"", ""injury_status"": """", ""last_name"": ""Ferguson"", ""news_updated"": ""1787194818074"", ""number"": ""87"", ""player_id"": ""8110"", ""position"": ""TE"", ""sport"": ""nfl"", ""status"": ""Active"", ""team"": ""DAL"", ""team_abbr"": """", ""team_changed_at"": """", ""years_exp"": ""4""}"
2026-08-31T15:52:53+00:00,1370453762442797056,1370453762451185664,102,6,7,11,997348618057125888,2449,Stefon Diggs,WR,WAS,"{""first_name"": ""Stefon"", ""injury_status"": """", ""last_name"": ""Diggs"", ""news_updated"": ""1787410223038"", ""number"": ""3"", ""player_id"": ""2449"", ""position"": ""WR"", ""sport"": ""nfl"", ""status"": ""Active"", ""team"": ""WAS"", ""team_abbr"": """", ""team_changed_at"": """", ""years_exp"": ""11""}"
2026-08-31T15:52:53+00:00,1370453762442797056,1370453762451185664,103,6,6,7,739882929580335104,7523,Trevor Lawrence,QB,JAX,"{""first_name"": ""Trevor"", ""injury_status"": """", ""last_name"": ""Lawrence"", ""news_updated"": ""1787353529402"", ""number"": ""16"", ""player_id"": ""7523"", ""position"": ""QB"", ""sport"": ""nfl"", ""status"": ""Active"", ""team"": ""JAX"", ""team_abbr"": """", ""team_changed_at"": """", ""years_exp"": ""5""}"
2026-08-31T15:52:53+00:00,1370453762442797056,1370453762451185664,104,6,5,1,779583277362245632,8259,Cameron Dicker,K,LAC,"{""first_name"": ""Cameron"", ""injury_status"": """", ""last_name"": ""Dicker"", ""news_updated"": ""1787352629459"", ""number"": ""11"", ""player_id"": ""8259"", ""position"": ""K"", ""sport"": ""nfl"", ""status"": ""Active"", ""team"": ""LAC"", ""team_abbr"": """", ""team_changed_at"": """", ""years_exp"": ""4""}"
2026-08-31T15:52:53+00:00,1370453762442797056,1370453762451185664,105,6,4,18,1266474061580480512,6819,Michael Pittman,WR,PIT,"{""first_name"": ""Michael"", ""injury_status"": ""Questionable"", ""last_name"": ""Pittman"", ""news_updated"": ""1787163657338"", ""number"": ""11"", ""player_id"": ""6819"", ""position"": ""WR"", ""sport"": ""nfl"", ""status"": ""Active"", ""team"": ""PIT"", ""team_abbr"": """", ""team_changed_at"": """", ""years_exp"": ""6""}"
2026-08-31T15:52:53+00:00,1370453762442797056,1370453762451185664,106,6,3,15,1127380007921328128,13298,KC Concepcion,WR,CLE,"{""first_name"": ""KC"", ""injury_status"": """", ""last_name"": ""Concepcion"", ""news_updated"": ""1787321436183"", ""number"": ""1"", ""player_id"": ""13298"", ""position"": ""WR"", ""sport"": ""nfl"", ""status"": ""Active"", ""team"": ""CLE"", ""team_abbr"": """", ""team_changed_at"": """", ""years_exp"": ""0""}"
2026-08-31T15:52:53+00:00,1370453762442797056,1370453762451185664,107,6,2,3,1126612181929336832,10222,Jayden Reed,WR,GB,"{""first_name"": ""Jayden"", ""injury_status"": """", ""last_name"": ""Reed"", ""news_updated"": ""1787360429808"", ""number"": ""11"", ""player_id"": ""10222"", ""position"": ""WR"", ""sport"": ""nfl"", ""status"": ""Active"", ""team"": ""GB"", ""team_abbr"": """", ""team_changed_at"": """", ""years_exp"": ""3""}"
2026-08-31T15:52:53+00:00,1370453762442797056,1370453762451185664,108,6,1,17,996120627872493568,421,Matthew Stafford,QB,LAR,"{""first_name"": ""Matthew"", ""injury_status"": """", ""last_name"": ""Stafford"", ""news_updated"": ""1787273753836"", ""number"": ""9"", ""player_id"": ""421"", ""position"": ""QB"", ""sport"": ""nfl"", ""status"": ""Active"", ""team"": ""LAR"", ""team_abbr"": """", ""team_changed_at"": """", ""years_exp"": ""17""}"
2026-08-31T15:52:53+00:00,1370453762442797056,1370453762451185664,109,7,1,17,996120627872493568,12534,Kyle Monangai,RB,CHI,"{""first_name"": ""Kyle"", ""injury_status"": ""Questionable"", ""last_name"": ""Monangai"", ""news_updated"": ""1787072446902"", ""number"": ""25"", ""player_id"": ""12534"", ""position"": ""RB"", ""sport"": ""nfl"", ""status"": ""Active"", ""team"": ""CHI"", ""team_abbr"": """", ""team_changed_at"": """", ""years_exp"": ""1""}"
2026-08-31T15:52:53+00:00,1370453762442797056,1370453762451185664,110,7,2,3,1126612181929336832,7839,Evan McPherson,K,CIN,"{""first_name"": ""Evan"", ""injury_status"": """", ""last_name"": ""McPherson"", ""news_updated"": ""1787460628921"", ""number"": ""2"", ""player_id"": ""7839"", ""position"": ""K"", ""sport"": ""nfl"", ""status"": ""Active"", ""team"": ""CIN"", ""team_abbr"": """", ""team_changed_at"": """", ""years_exp"": ""5""}"
2026-08-31T15:52:53+00:00,1370453762442797056,1370453762451185664,111,7,3,15,1127380007921328128,3163,Jared Goff,QB,DET,"{""first_name"": ""Jared"", ""injury_status"": """", ""last_name"": ""Goff"", ""news_updated"": ""1787257231080"", ""number"": ""16"", ""player_id"": ""3163"", ""position"": ""QB"", ""sport"": ""nfl"", ""status"": ""Active"", ""team"": ""DET"", ""team_abbr"": """", ""team_changed_at"": """", ""years_exp"": ""10""}"
2026-08-31T15:52:53+00:00,1370453762442797056,1370453762451185664,112,7,4,18,1266474061580480512,4892,Baker Mayfield,QB,TB,"{""first_name"": ""Baker"", ""injury_status"": """", ""last_name"": ""Mayfield"", ""news_updated"": ""1787454628208"", ""number"": ""6"", ""player_id"": ""4892"", ""position"": ""QB"", ""sport"": ""nfl"", ""status"": ""Active"", ""team"": ""TB"", ""team_abbr"": """", ""team_changed_at"": """", ""years_exp"": ""8""}"
2026-08-31T15:52:53+00:00,1370453762442797056,1370453762451185664,113,7,5,1,779583277362245632,4199,Aaron Jones,RB,MIN,"{""first_name"": ""Aaron"", ""injury_status"": """", ""last_name"": ""Jones"", ""news_updated"": ""1786847706991"", ""number"": ""33"", ""player_id"": ""4199"", ""position"": ""RB"", ""sport"": ""nfl"", ""status"": ""Active"", ""team"": ""MIN"", ""team_abbr"": """", ""team_changed_at"": """", ""years_exp"": ""9""}"
2026-08-31T15:52:53+00:00,1370453762442797056,1370453762451185664,114,7,6,7,739882929580335104,7567,Kenny Gainwell,RB,TB,"{""first_name"": ""Kenny"", ""injury_status"": """", ""last_name"": ""Gainwell"", ""news_updated"": ""1787454328292"", ""number"": ""1"", ""player_id"": ""7567"", ""position"": ""RB"", ""sport"": ""nfl"", ""status"": ""Active"", ""team"": ""TB"", ""team_abbr"": """", ""team_changed_at"": """", ""years_exp"": ""5""}"
2026-08-31T15:52:53+00:00,1370453762442797056,1370453762451185664,115,7,7,11,997348618057125888,11586,Blake Corum,RB,LAR,"{""first_name"": ""Blake"", ""injury_status"": """", ""last_name"": ""Corum"", ""news_updated"": ""1787419524177"", ""number"": ""24"", ""player_id"": ""11586"", ""position"": ""RB"", ""sport"": ""nfl"", ""status"": ""Active"", ""team"": ""LAR"", ""team_abbr"": """", ""team_changed_at"": """", ""years_exp"": ""2""}"
2026-08-31T15:52:53+00:00,1370453762442797056,1370453762451185664,116,7,8,13,860386640982589440,9756,Jordan Addison,WR,MIN,"{""first_name"": ""Jordan"", ""injury_status"": """", ""last_name"": ""Addison"", ""news_updated"": ""1787421624267"", ""number"": ""3"", ""player_id"": ""9756"", ""position"": ""WR"", ""sport"": ""nfl"", ""status"": ""Active"", ""team"": ""MIN"", ""team_abbr"": """", ""team_changed_at"": """", ""years_exp"": ""3""}"
2026-08-31T15:52:53+00:00,1370453762442797056,1370453762451185664,117,7,9,6,770802446909222912,5022,Dallas Goedert,TE,PHI,"{""first_name"": ""Dallas"", ""injury_status"": """", ""last_name"": ""Goedert"", ""news_updated"": ""1787364929760"", ""number"": ""88"", ""player_id"": ""5022"", ""position"": ""TE"", ""sport"": ""nfl"", ""status"": ""Active"", ""team"": ""PHI"", ""team_abbr"": """", ""team_changed_at"": """", ""years_exp"": ""8""}"
2026-08-31T15:52:53+00:00,1370453762442797056,1370453762451185664,118,7,10,4,1262823409977393152,8183,Brock Purdy,QB,SF,"{""first_name"": ""Brock"", ""injury_status"": """", ""last_name"": ""Purdy"", ""news_updated"": ""1787328037107"", ""number"": ""13"", ""player_id"": ""8183"", ""position"": ""QB"", ""sport"": ""nfl"", ""status"": ""Active"", ""team"": ""SF"", ""team_abbr"": """", ""team_changed_at"": """", ""years_exp"": ""4""}"
2026-08-31T15:52:53+00:00,1370453762442797056,1370453762451185664,119,7,11,16,1135263834127753216,3451,Ka'imi Fairbairn,K,HOU,"{""first_name"": ""Ka'imi"", ""injury_status"": """", ""last_name"": ""Fairbairn"", ""news_updated"": ""1787350529005"", ""number"": ""15"", ""player_id"": ""3451"", ""position"": ""K"", ""sport"": ""nfl"", ""status"": ""Active"", ""team"": ""HOU"", ""team_abbr"": """", ""team_changed_at"": """", ""years_exp"": ""10""}"
2026-08-31T15:52:53+00:00,1370453762442797056,1370453762451185664,120,7,12,9,609154836893601792,8408,Jordan Mason,RB,MIN,"{""first_name"": ""Jordan"", ""injury_status"": """", ""last_name"": ""Mason"", ""news_updated"": ""1787232023726"", ""number"": ""27"", ""player_id"": ""8408"", ""position"": ""RB"", ""sport"": ""nfl"", ""status"": ""Active"", ""team"": ""MIN"", ""team_abbr"": """", ""team_changed_at"": """", ""years_exp"": ""4""}"
2026-08-31T15:52:53+00:00,1370453762442797056,1370453762451185664,121,7,13,5,861663770647339008,4046,Patrick Mahomes,QB,KC,"{""first_name"": ""Patrick"", ""injury_status"": ""Questionable"", ""last_name"": ""Mahomes"", ""news_updated"": ""1787451327306"", ""number"": ""15"", ""player_id"": ""4046"", ""position"": ""QB"", ""sport"": ""nfl"", ""status"": ""Active"", ""team"": ""KC"", ""team_abbr"": """", ""team_changed_at"": """", ""years_exp"": ""9""}"
2026-08-31T15:52:53+00:00,1370453762442797056,1370453762451185664,122,7,14,10,1264073315803217920,5947,Jakobi Meyers,WR,JAX,"{""first_name"": ""Jakobi"", ""injury_status"": ""Questionable"", ""last_name"": ""Meyers"", ""news_updated"": ""1787503831819"", ""number"": ""3"", ""player_id"": ""5947"", ""position"": ""WR"", ""sport"": ""nfl"", ""status"": ""Active"", ""team"": ""JAX"", ""team_abbr"": """", ""team_changed_at"": """", ""years_exp"": ""7""}"
2026-08-31T15:52:53+00:00,1370453762442797056,1370453762451185664,123,7,15,2,779583497248550912,5872,Deebo Samuel,WR,SF,"{""first_name"": ""Deebo"", ""injury_status"": """", ""last_name"": ""Samuel"", ""news_updated"": ""1787290556300"", ""number"": ""19"", ""player_id"": ""5872"", ""position"": ""WR"", ""sport"": ""nfl"", ""status"": ""Active"", ""team"": ""SF"", ""team_abbr"": """", ""team_changed_at"": """", ""years_exp"": ""7""}"
2026-08-31T15:52:53+00:00,1370453762442797056,1370453762451185664,124,7,16,14,1265369037945184256,9500,Josh Downs,WR,IND,"{""first_name"": ""Josh"", ""injury_status"": """", ""last_name"": ""Downs"", ""news_updated"": ""1787252430660"", ""number"": ""2"", ""player_id"": ""9500"", ""position"": ""WR"", ""sport"": ""nfl"", ""status"": ""Active"", ""team"": ""IND"", ""team_abbr"": """", ""team_changed_at"": """", ""years_exp"": ""3""}"
2026-08-31T15:52:53+00:00,1370453762442797056,1370453762451185664,125,7,17,8,1128436496693874688,12501,Matthew Golden,WR,GB,"{""first_name"": ""Matthew"", ""injury_status"": """", ""last_name"": ""Golden"", ""news_updated"": ""1787509832435"", ""number"": ""0"", ""player_id"": ""12501"", ""position"": ""WR"", ""sport"": ""nfl"", ""status"": ""Active"", ""team"": ""GB"", ""team_abbr"": """", ""team_changed_at"": """", ""years_exp"": ""1""}"
2026-08-31T15:52:53+00:00,1370453762442797056,1370453762451185664,126,7,18,12,997317930117337088,8131,Isaiah Likely,TE,NYG,"{""first_name"": ""Isaiah"", ""injury_status"": """", ""last_name"": ""Likely"", ""news_updated"": ""1787253630471"", ""number"": ""9"", ""player_id"": ""8131"", ""position"": ""TE"", ""sport"": ""nfl"", ""status"": ""Active"", ""team"": ""NYG"", ""team_abbr"": """", ""team_changed_at"": """", ""years_exp"": ""4""}"
2026-08-31T15:52:53+00:00,1370453762442797056,1370453762451185664,127,8,18,12,997317930117337088,8121,Romeo Doubs,WR,NE,"{""first_name"": ""Romeo"", ""injury_status"": """", ""last_name"": ""Doubs"", ""news_updated"": ""1786937719131"", ""number"": ""87"", ""player_id"": ""8121"", ""position"": ""WR"", ""sport"": ""nfl"", ""status"": ""Active"", ""team"": ""NE"", ""team_abbr"": """", ""team_changed_at"": """", ""years_exp"": ""4""}"
2026-08-31T15:52:53+00:00,1370453762442797056,1370453762451185664,128,8,17,8,1128436496693874688,8136,Rachaad White,RB,WAS,"{""first_name"": ""Rachaad"", ""injury_status"": ""Questionable"", ""last_name"": ""White"", ""news_updated"": ""1787244031409"", ""number"": ""1"", ""player_id"": ""8136"", ""position"": ""RB"", ""sport"": ""nfl"", ""status"": ""Active"", ""team"": ""WAS"", ""team_abbr"": """", ""team_changed_at"": """", ""years_exp"": ""4""}"
2026-08-31T15:52:53+00:00,1370453762442797056,1370453762451185664,129,8,16,14,1265369037945184256,6804,Jordan Love,QB,GB,"{""first_name"": ""Jordan"", ""injury_status"": """", ""last_name"": ""Love"", ""news_updated"": ""1787377230762"", ""number"": ""10"", ""player_id"": ""6804"", ""position"": ""QB"", ""sport"": ""nfl"", ""status"": ""Active"", ""team"": ""GB"", ""team_abbr"": """", ""team_changed_at"": """", ""years_exp"": ""6""}"
2026-08-31T15:52:53+00:00,1370453762442797056,1370453762451185664,130,8,15,2,779583497248550912,11624,Xavier Worthy,WR,KC,"{""first_name"": ""Xavier"", ""injury_status"": ""Questionable"", ""last_name"": ""Worthy"", ""news_updated"": ""1786995335122"", ""number"": ""1"", ""player_id"": ""11624"", ""position"": ""WR"", ""sport"": ""nfl"", ""status"": ""Active"", ""team"": ""KC"", ""team_abbr"": """", ""team_changed_at"": """", ""years_exp"": ""2""}"
2026-08-31T15:52:53+00:00,1370453762442797056,1370453762451185664,131,8,14,10,1264073315803217920,5849,Kyler Murray,QB,MIN,"{""first_name"": ""Kyler"", ""injury_status"": """", ""last_name"": ""Murray"", ""news_updated"": ""1787249432598"", ""number"": ""1"", ""player_id"": ""5849"", ""position"": ""QB"", ""sport"": ""nfl"", ""status"": ""Active"", ""team"": ""MIN"", ""team_abbr"": """", ""team_changed_at"": """", ""years_exp"": ""7""}"
2026-08-31T15:52:53+00:00,1370453762442797056,1370453762451185664,132,8,13,5,861663770647339008,11786,Cam Little,K,JAX,"{""first_name"": ""Cam"", ""injury_status"": """", ""last_name"": ""Little"", ""news_updated"": ""1786904414091"", ""number"": ""39"", ""player_id"": ""11786"", ""position"": ""K"", ""sport"": ""nfl"", ""status"": ""Active"", ""team"": ""JAX"", ""team_abbr"": """", ""team_changed_at"": """", ""years_exp"": ""2""}"
2026-08-31T15:52:53+00:00,1370453762442797056,1370453762451185664,133,8,12,9,609154836893601792,9754,Quentin Johnston,WR,LAC,"{""first_name"": ""Quentin"", ""injury_status"": ""Questionable"", ""last_name"": ""Johnston"", ""news_updated"": ""1787415624254"", ""number"": ""1"", ""player_id"": ""9754"", ""position"": ""WR"", ""sport"": ""nfl"", ""status"": ""Active"", ""team"": ""LAC"", ""team_abbr"": """", ""team_changed_at"": """", ""years_exp"": ""3""}"
2026-08-31T15:52:53+00:00,1370453762442797056,1370453762451185664,134,8,11,16,1135263834127753216,8676,Rashid Shaheed,WR,SEA,"{""first_name"": ""Rashid"", ""injury_status"": """", ""last_name"": ""Shaheed"", ""news_updated"": ""1786927518434"", ""number"": ""22"", ""player_id"": ""8676"", ""position"": ""WR"", ""sport"": ""nfl"", ""status"": ""Active"", ""team"": ""SEA"", ""team_abbr"": """", ""team_changed_at"": """", ""years_exp"": ""4""}"
2026-08-31T15:52:53+00:00,1370453762442797056,1370453762451185664,135,8,10,4,1262823409977393152,5012,Mark Andrews,TE,BAL,"{""first_name"": ""Mark"", ""injury_status"": """", ""last_name"": ""Andrews"", ""news_updated"": ""1787025939464"", ""number"": ""89"", ""player_id"": ""5012"", ""position"": ""TE"", ""sport"": ""nfl"", ""status"": ""Active"", ""team"": ""BAL"", ""team_abbr"": """", ""team_changed_at"": """", ""years_exp"": ""8""}"
2026-08-31T15:52:53+00:00,1370453762442797056,1370453762451185664,136,8,9,6,770802446909222912,8132,Tyler Allgeier,RB,ARI,"{""first_name"": ""Tyler"", ""injury_status"": """", ""last_name"": ""Allgeier"", ""news_updated"": ""1786932619397"", ""number"": ""22"", ""player_id"": ""8132"", ""position"": ""RB"", ""sport"": ""nfl"", ""status"": ""Active"", ""team"": ""ARI"", ""team_abbr"": """", ""team_changed_at"": """", ""years_exp"": ""4""}"
2026-08-31T15:52:53+00:00,1370453762442797056,1370453762451185664,137,8,8,13,860386640982589440,8142,Alec Pierce,WR,IND,"{""first_name"": ""Alec"", ""injury_status"": ""PUP"", ""last_name"": ""Pierce"", ""news_updated"": ""1787448927009"", ""number"": ""14"", ""player_id"": ""8142"", ""position"": ""WR"", ""sport"": ""nfl"", ""status"": ""Active"", ""team"": ""IND"", ""team_abbr"": """", ""team_changed_at"": """", ""years_exp"": ""4""}"
2026-08-31T15:52:53+00:00,1370453762442797056,1370453762451185664,138,8,7,11,997348618057125888,3214,Hunter Henry,TE,NE,"{""first_name"": ""Hunter"", ""injury_status"": """", ""last_name"": ""Henry"", ""news_updated"": ""1787515832715"", ""number"": ""85"", ""player_id"": ""3214"", ""position"": ""TE"", ""sport"": ""nfl"", ""status"": ""Active"", ""team"": ""NE"", ""team_abbr"": """", ""team_changed_at"": """", ""years_exp"": ""10""}"
2026-08-31T15:52:53+00:00,1370453762442797056,1370453762451185664,139,8,6,7,739882929580335104,13417,De'Zhaun Stribling,WR,SF,"{""first_name"": ""De'Zhaun"", ""injury_status"": ""Questionable"", ""last_name"": ""Stribling"", ""news_updated"": ""1787509532779"", ""number"": ""15"", ""player_id"": ""13417"", ""position"": ""WR"", ""sport"": ""nfl"", ""status"": ""Active"", ""team"": ""SF"", ""team_abbr"": """", ""team_changed_at"": """", ""years_exp"": ""0""}"
2026-08-31T15:52:53+00:00,1370453762442797056,1370453762451185664,140,8,5,1,779583277362245632,9502,Tank Dell,WR,HOU,"{""first_name"": ""Tank"", ""injury_status"": ""Questionable"", ""last_name"": ""Dell"", ""news_updated"": ""1787123454409"", ""number"": ""1"", ""player_id"": ""9502"", ""position"": ""WR"", ""sport"": ""nfl"", ""status"": ""Active"", ""team"": ""HOU"", ""team_abbr"": """", ""team_changed_at"": """", ""years_exp"": ""3""}"
2026-08-31T15:52:53+00:00,1370453762442797056,1370453762451185664,141,8,4,18,1266474061580480512,11646,Jalen Coker,WR,CAR,"{""first_name"": ""Jalen"", ""injury_status"": """", ""last_name"": ""Coker"", ""news_updated"": ""1787368230507"", ""number"": ""18"", ""player_id"": ""11646"", ""position"": ""WR"", ""sport"": ""nfl"", ""status"": ""Active"", ""team"": ""CAR"", ""team_abbr"": """", ""team_changed_at"": """", ""years_exp"": ""2""}"
2026-08-31T15:52:53+00:00,1370453762442797056,1370453762451185664,142,8,3,15,1127380007921328128,11610,Malik Washington,WR,MIA,"{""first_name"": ""Malik"", ""injury_status"": """", ""last_name"": ""Washington"", ""news_updated"": ""1787428825862"", ""number"": ""6"", ""player_id"": ""11610"", ""position"": ""WR"", ""sport"": ""nfl"", ""status"": ""Active"", ""team"": ""MIA"", ""team_abbr"": """", ""team_changed_at"": """", ""years_exp"": ""2""}"
2026-08-31T15:52:53+00:00,1370453762442797056,1370453762451185664,143,8,2,3,1126612181929336832,10219,Chris Rodriguez,RB,JAX,"{""first_name"": ""Chris"", ""injury_status"": """", ""last_name"": ""Rodriguez"", ""news_updated"": ""1786653340003"", ""number"": ""24"", ""player_id"": ""10219"", ""position"": ""RB"", ""sport"": ""nfl"", ""status"": ""Active"", ""team"": ""JAX"", ""team_abbr"": """", ""team_changed_at"": """", ""years_exp"": ""3""}"
2026-08-31T15:52:53+00:00,1370453762442797056,1370453762451185664,144,8,1,17,996120627872493568,2747,Jason Myers,K,SEA,"{""first_name"": ""Jason"", ""injury_status"": """", ""last_name"": ""Myers"", ""news_updated"": ""1787284855312"", ""number"": ""5"", ""player_id"": ""2747"", ""position"": ""K"", ""sport"": ""nfl"", ""status"": ""Active"", ""team"": ""SEA"", ""team_abbr"": """", ""team_changed_at"": """", ""years_exp"": ""11""}"
2026-08-31T15:52:53+00:00,1370453762442797056,1370453762451185664,145,9,1,17,996120627872493568,12493,Oronde Gadsden,TE,LAC,"{""first_name"": ""Oronde"", ""injury_status"": """", ""last_name"": ""Gadsden"", ""news_updated"": ""1787419524179"", ""number"": ""86"", ""player_id"": ""12493"", ""position"": ""TE"", ""sport"": ""nfl"", ""status"": ""Active"", ""team"": ""LAC"", ""team_abbr"": """", ""team_changed_at"": """", ""years_exp"": ""1""}"
2026-08-31T15:52:53+00:00,1370453762442797056,1370453762451185664,146,9,2,3,1126612181929336832,13293,Ja'Kobi Lane,WR,BAL,"{""first_name"": ""Ja'Kobi"", ""injury_status"": """", ""last_name"": ""Lane"", ""news_updated"": ""1787450727294"", ""number"": ""6"", ""player_id"": ""13293"", ""position"": ""WR"", ""sport"": ""nfl"", ""status"": ""Active"", ""team"": ""BAL"", ""team_abbr"": """", ""team_changed_at"": """", ""years_exp"": ""0""}"
2026-08-31T15:52:53+00:00,1370453762442797056,1370453762451185664,147,9,3,15,1127380007921328128,11539,Jake Bates,K,DET,"{""first_name"": ""Jake"", ""injury_status"": """", ""last_name"": ""Bates"", ""news_updated"": ""1787427325461"", ""number"": ""39"", ""player_id"": ""11539"", ""position"": ""K"", ""sport"": ""nfl"", ""status"": ""Active"", ""team"": ""DET"", ""team_abbr"": """", ""team_changed_at"": """", ""years_exp"": ""3""}"
2026-08-31T15:52:53+00:00,1370453762442797056,1370453762451185664,148,9,4,18,1266474061580480512,4227,Harrison Butker,K,KC,"{""first_name"": ""Harrison"", ""injury_status"": """", ""last_name"": ""Butker"", ""news_updated"": ""1784822422465"", ""number"": ""7"", ""player_id"": ""4227"", ""position"": ""K"", ""sport"": ""nfl"", ""status"": ""Active"", ""team"": ""KC"", ""team_abbr"": """", ""team_changed_at"": """", ""years_exp"": ""9""}"
2026-08-31T15:52:53+00:00,1370453762442797056,1370453762451185664,149,9,5,1,779583277362245632,9753,Zach Charbonnet,RB,SEA,"{""first_name"": ""Zach"", ""injury_status"": ""PUP"", ""last_name"": ""Charbonnet"", ""news_updated"": ""1787517332797"", ""number"": ""26"", ""player_id"": ""9753"", ""position"": ""RB"", ""sport"": ""nfl"", ""status"": ""Active"", ""team"": ""SEA"", ""team_abbr"": """", ""team_changed_at"": """", ""years_exp"": ""3""}"
2026-08-31T15:52:53+00:00,1370453762442797056,1370453762451185664,150,9,6,7,739882929580335104,7002,Juwan Johnson,TE,NO,"{""first_name"": ""Juwan"", ""injury_status"": """", ""last_name"": ""Johnson"", ""news_updated"": ""1787514632581"", ""number"": ""83"", ""player_id"": ""7002"", ""position"": ""TE"", ""sport"": ""nfl"", ""status"": ""Active"", ""team"": ""NO"", ""team_abbr"": """", ""team_changed_at"": """", ""years_exp"": ""6""}"
2026-08-31T15:52:53+00:00,1370453762442797056,1370453762451185664,151,9,7,11,997348618057125888,1945,Chris Boswell,K,PIT,"{""first_name"": ""Chris"", ""injury_status"": """", ""last_name"": ""Boswell"", ""news_updated"": ""1787420424674"", ""number"": ""9"", ""player_id"": ""1945"", ""position"": ""K"", ""sport"": ""nfl"", ""status"": ""Active"", ""team"": ""PIT"", ""team_abbr"": """", ""team_changed_at"": """", ""years_exp"": ""12""}"
2026-08-31T15:52:53+00:00,1370453762442797056,1370453762451185664,152,9,8,13,860386640982589440,12015,Harrison Mevis,K,LAR,"{""first_name"": ""Harrison"", ""injury_status"": """", ""last_name"": ""Mevis"", ""news_updated"": ""1786838705841"", ""number"": ""92"", ""player_id"": ""12015"", ""position"": ""K"", ""sport"": ""nfl"", ""status"": ""Active"", ""team"": ""LAR"", ""team_abbr"": """", ""team_changed_at"": """", ""years_exp"": ""2""}"
2026-08-31T15:52:53+00:00,1370453762442797056,1370453762451185664,153,9,9,6,770802446909222912,12545,Tyler Shough,QB,NO,"{""first_name"": ""Tyler"", ""injury_status"": """", ""last_name"": ""Shough"", ""news_updated"": ""1787492430897"", ""number"": ""6"", ""player_id"": ""12545"", ""position"": ""QB"", ""sport"": ""nfl"", ""status"": ""Active"", ""team"": ""NO"", ""team_abbr"": """", ""team_changed_at"": """", ""years_exp"": ""1""}"
2026-08-31T15:52:53+00:00,1370453762442797056,1370453762451185664,154,9,10,4,1262823409977393152,13320,Zachariah Branch,WR,ATL,"{""first_name"": ""Zachariah"", ""injury_status"": """", ""last_name"": ""Branch"", ""news_updated"": ""1787455227615"", ""number"": ""17"", ""player_id"": ""13320"", ""position"": ""WR"", ""sport"": ""nfl"", ""status"": ""Active"", ""team"": ""ATL"", ""team_abbr"": """", ""team_changed_at"": """", ""years_exp"": ""0""}"
2026-08-31T15:52:53+00:00,1370453762442797056,1370453762451185664,155,9,11,16,1135263834127753216,8134,Khalil Shakir,WR,BUF,"{""first_name"": ""Khalil"", ""injury_status"": ""Questionable"", ""last_name"": ""Shakir"", ""news_updated"": ""1787417424293"", ""number"": ""10"", ""player_id"": ""8134"", ""position"": ""WR"", ""sport"": ""nfl"", ""status"": ""Active"", ""team"": ""BUF"", ""team_abbr"": """", ""team_changed_at"": """", ""years_exp"": ""4""}"
2026-08-31T15:52:53+00:00,1370453762442797056,1370453762451185664,156,9,12,9,609154836893601792,9480,Brenton Strange,TE,JAX,"{""first_name"": ""Brenton"", ""injury_status"": """", ""last_name"": ""Strange"", ""news_updated"": ""1787423724942"", ""number"": ""85"", ""player_id"": ""9480"", ""position"": ""TE"", ""sport"": ""nfl"", ""status"": ""Active"", ""team"": ""JAX"", ""team_abbr"": """", ""team_changed_at"": """", ""years_exp"": ""3""}"
2026-08-31T15:52:53+00:00,1370453762442797056,1370453762451185664,157,9,13,5,861663770647339008,12530,Travis Hunter,WR,JAX,"{""first_name"": ""Travis"", ""injury_status"": """", ""last_name"": ""Hunter"", ""news_updated"": ""1787422824928"", ""number"": ""12"", ""player_id"": ""12530"", ""position"": ""WR"", ""sport"": ""nfl"", ""status"": ""Active"", ""team"": ""JAX"", ""team_abbr"": """", ""team_changed_at"": """", ""years_exp"": ""1""}"
2026-08-31T15:52:53+00:00,1370453762442797056,1370453762451185664,158,9,14,10,1264073315803217920,8154,Brian Robinson,RB,ATL,"{""first_name"": ""Brian"", ""injury_status"": """", ""last_name"": ""Robinson"", ""news_updated"": ""1786809960309"", ""number"": ""15"", ""player_id"": ""8154"", ""position"": ""RB"", ""sport"": ""nfl"", ""status"": ""Active"", ""team"": ""ATL"", ""team_abbr"": """", ""team_changed_at"": """", ""years_exp"": ""4""}"
2026-08-31T15:52:53+00:00,1370453762442797056,1370453762451185664,159,9,15,2,779583497248550912,11655,Tyrone Tracy,RB,NYG,"{""first_name"": ""Tyrone"", ""injury_status"": """", ""last_name"": ""Tracy"", ""news_updated"": ""1787447727038"", ""number"": ""29"", ""player_id"": ""11655"", ""position"": ""RB"", ""sport"": ""nfl"", ""status"": ""Active"", ""team"": ""NYG"", ""team_abbr"": """", ""team_changed_at"": """", ""years_exp"": ""2""}"
2026-08-31T15:52:53+00:00,1370453762442797056,1370453762451185664,160,9,16,14,1265369037945184256,13346,Denzel Boston,WR,CLE,"{""first_name"": ""Denzel"", ""injury_status"": """", ""last_name"": ""Boston"", ""news_updated"": ""1787278854378"", ""number"": ""12"", ""player_id"": ""13346"", ""position"": ""WR"", ""sport"": ""nfl"", ""status"": ""Active"", ""team"": ""CLE"", ""team_abbr"": """", ""team_changed_at"": """", ""years_exp"": ""0""}"
2026-08-31T15:52:53+00:00,1370453762442797056,1370453762451185664,161,9,17,8,1128436496693874688,13330,Kenyon Sadiq,TE,NYJ,"{""first_name"": ""Kenyon"", ""injury_status"": ""Questionable"", ""last_name"": ""Sadiq"", ""news_updated"": ""1787075706700"", ""number"": ""16"", ""player_id"": ""13330"", ""position"": ""TE"", ""sport"": ""nfl"", ""status"": ""Active"", ""team"": ""NYJ"", ""team_abbr"": """", ""team_changed_at"": """", ""years_exp"": ""0""}"
2026-08-31T15:52:53+00:00,1370453762442797056,1370453762451185664,162,9,18,12,997317930117337088,11792,Will Reichard,K,MIN,"{""first_name"": ""Will"", ""injury_status"": """", ""last_name"": ""Reichard"", ""news_updated"": ""1784822713492"", ""number"": ""16"", ""player_id"": ""11792"", ""position"": ""K"", ""sport"": ""nfl"", ""status"": ""Active"", ""team"": ""MIN"", ""team_abbr"": """", ""team_changed_at"": """", ""years_exp"": ""2""}"
2026-08-31T15:52:53+00:00,1370453762442797056,1370453762451185664,163,10,18,12,997317930117337088,4035,Alvin Kamara,RB,NO,"{""first_name"": ""Alvin"", ""injury_status"": ""Questionable"", ""last_name"": ""Kamara"", ""news_updated"": ""1787147755214"", ""number"": ""41"", ""player_id"": ""4035"", ""position"": ""RB"", ""sport"": ""nfl"", ""status"": ""Active"", ""team"": ""NO"", ""team_abbr"": """", ""team_changed_at"": """", ""years_exp"": ""9""}"
2026-08-31T15:52:53+00:00,1370453762442797056,1370453762451185664,164,10,17,8,1128436496693874688,5189,Eddy Pineiro,K,SF,"{""first_name"": ""Eddy"", ""injury_status"": """", ""last_name"": ""Pineiro"", ""news_updated"": ""1787353229420"", ""number"": ""18"", ""player_id"": ""5189"", ""position"": ""K"", ""sport"": ""nfl"", ""status"": ""Active"", ""team"": ""SF"", ""team_abbr"": """", ""team_changed_at"": """", ""years_exp"": ""8""}"
2026-08-31T15:52:53+00:00,1370453762442797056,1370453762451185664,165,10,16,14,1265369037945184256,12713,Andy Borregales,K,NE,"{""first_name"": ""Andy"", ""injury_status"": """", ""last_name"": ""Borregales"", ""news_updated"": ""1787456428384"", ""number"": ""36"", ""player_id"": ""12713"", ""position"": ""K"", ""sport"": ""nfl"", ""status"": ""Active"", ""team"": ""NE"", ""team_abbr"": """", ""team_changed_at"": """", ""years_exp"": ""1""}"
2026-08-31T15:52:53+00:00,1370453762442797056,1370453762451185664,166,10,15,2,779583497248550912,5844,T.J. Hockenson,TE,MIN,"{""first_name"": ""T.J."", ""injury_status"": """", ""last_name"": ""Hockenson"", ""news_updated"": ""1787188817527"", ""number"": ""87"", ""player_id"": ""5844"", ""position"": ""TE"", ""sport"": ""nfl"", ""status"": ""Active"", ""team"": ""MIN"", ""team_abbr"": """", ""team_changed_at"": """", ""years_exp"": ""7""}"
2026-08-31T15:52:53+00:00,1370453762442797056,1370453762451185664,167,10,14,10,1264073315803217920,9508,Tyjae Spears,RB,TEN,"{""first_name"": ""Tyjae"", ""injury_status"": """", ""last_name"": ""Spears"", ""news_updated"": ""1787065244702"", ""number"": ""2"", ""player_id"": ""9508"", ""position"": ""RB"", ""sport"": ""nfl"", ""status"": ""Active"", ""team"": ""TEN"", ""team_abbr"": """", ""team_changed_at"": """", ""years_exp"": ""3""}"
2026-08-31T15:52:53+00:00,1370453762442797056,1370453762451185664,168,10,13,5,861663770647339008,8180,Jalen Nailor,WR,LV,"{""first_name"": ""Jalen"", ""injury_status"": """", ""last_name"": ""Nailor"", ""news_updated"": ""1787284855985"", ""number"": ""9"", ""player_id"": ""8180"", ""position"": ""WR"", ""sport"": ""nfl"", ""status"": ""Active"", ""team"": ""LV"", ""team_abbr"": """", ""team_changed_at"": """", ""years_exp"": ""4""}"
2026-08-31T15:52:53+00:00,1370453762442797056,1370453762451185664,169,10,12,9,609154836893601792,9511,Keaton Mitchell,RB,LAC,"{""first_name"": ""Keaton"", ""injury_status"": """", ""last_name"": ""Mitchell"", ""news_updated"": ""1787334637823"", ""number"": ""34"", ""player_id"": ""9511"", ""position"": ""RB"", ""sport"": ""nfl"", ""status"": ""Active"", ""team"": ""LAC"", ""team_abbr"": """", ""team_changed_at"": """", ""years_exp"": ""3""}"
2026-08-31T15:52:53+00:00,1370453762442797056,1370453762451185664,170,10,11,16,1135263834127753216,11168,Xavier Smith,WR,LAR,"{""first_name"": ""Xavier"", ""injury_status"": """", ""last_name"": ""Smith"", ""news_updated"": ""1781299233276"", ""number"": ""19"", ""player_id"": ""11168"", ""position"": ""WR"", ""sport"": ""nfl"", ""status"": ""Active"", ""team"": ""LAR"", ""team_abbr"": """", ""team_changed_at"": """", ""years_exp"": ""3""}"
2026-08-31T15:52:53+00:00,1370453762442797056,1370453762451185664,171,10,10,4,1262823409977393152,13413,Cyrus Allen,WR,KC,"{""first_name"": ""Cyrus"", ""injury_status"": """", ""last_name"": ""Allen"", ""news_updated"": ""1787454928306"", ""number"": ""13"", ""player_id"": ""13413"", ""position"": ""WR"", ""sport"": ""nfl"", ""status"": ""Active"", ""team"": ""KC"", ""team_abbr"": """", ""team_changed_at"": """", ""years_exp"": ""0""}"
2026-08-31T15:52:53+00:00,1370453762442797056,1370453762451185664,172,10,9,6,770802446909222912,12474,Woody Marks,RB,HOU,"{""first_name"": ""Woody"", ""injury_status"": """", ""last_name"": ""Marks"", ""news_updated"": ""1787430925294"", ""number"": ""4"", ""player_id"": ""12474"", ""position"": ""RB"", ""sport"": ""nfl"", ""status"": ""Active"", ""team"": ""HOU"", ""team_abbr"": """", ""team_changed_at"": """", ""years_exp"": ""1""}"
2026-08-31T15:52:53+00:00,1370453762442797056,1370453762451185664,173,10,8,13,860386640982589440,11618,Jalen McMillan,WR,TB,"{""first_name"": ""Jalen"", ""injury_status"": ""Questionable"", ""last_name"": ""McMillan"", ""news_updated"": ""1787064348750"", ""number"": ""11"", ""player_id"": ""11618"", ""position"": ""WR"", ""sport"": ""nfl"", ""status"": ""Active"", ""team"": ""TB"", ""team_abbr"": """", ""team_changed_at"": """", ""years_exp"": ""2""}"
2026-08-31T15:52:53+00:00,1370453762442797056,1370453762451185664,174,10,7,11,997348618057125888,13345,Jonah Coleman,RB,DEN,"{""first_name"": ""Jonah"", ""injury_status"": """", ""last_name"": ""Coleman"", ""news_updated"": ""1787425825360"", ""number"": ""20"", ""player_id"": ""13345"", ""position"": ""RB"", ""sport"": ""nfl"", ""status"": ""Active"", ""team"": ""DEN"", ""team_abbr"": """", ""team_changed_at"": """", ""years_exp"": ""0""}"
2026-08-31T15:52:53+00:00,1370453762442797056,1370453762451185664,175,10,6,7,739882929580335104,13305,Mike Washington,RB,LV,"{""first_name"": ""Mike"", ""injury_status"": """", ""last_name"": ""Washington"", ""news_updated"": ""1787525433470"", ""number"": ""30"", ""player_id"": ""13305"", ""position"": ""RB"", ""sport"": ""nfl"", ""status"": ""Active"", ""team"": ""LV"", ""team_abbr"": """", ""team_changed_at"": """", ""years_exp"": ""0""}"
2026-08-31T15:52:53+00:00,1370453762442797056,1370453762451185664,176,10,5,1,779583277362245632,9225,Tank Bigsby,RB,PHI,"{""first_name"": ""Tank"", ""injury_status"": """", ""last_name"": ""Bigsby"", ""news_updated"": ""1787160361519"", ""number"": ""8"", ""player_id"": ""9225"", ""position"": ""RB"", ""sport"": ""nfl"", ""status"": ""Active"", ""team"": ""PHI"", ""team_abbr"": """", ""team_changed_at"": """", ""years_exp"": ""3""}"
2026-08-31T15:52:53+00:00,1370453762442797056,1370453762451185664,177,10,4,18,1266474061580480512,13276,Omar Cooper,WR,NYJ,"{""first_name"": ""Omar"", ""injury_status"": """", ""last_name"": ""Cooper"", ""news_updated"": ""1787406323194"", ""number"": ""83"", ""player_id"": ""13276"", ""position"": ""WR"", ""sport"": ""nfl"", ""status"": ""Active"", ""team"": ""NYJ"", ""team_abbr"": """", ""team_changed_at"": """", ""years_exp"": ""0""}"
2026-08-31T15:52:53+00:00,1370453762442797056,1370453762451185664,178,10,3,15,1127380007921328128,6783,Jerry Jeudy,WR,CLE,"{""first_name"": ""Jerry"", ""injury_status"": """", ""last_name"": ""Jeudy"", ""news_updated"": ""1787416224240"", ""number"": ""3"", ""player_id"": ""6783"", ""position"": ""WR"", ""sport"": ""nfl"", ""status"": ""Active"", ""team"": ""CLE"", ""team_abbr"": """", ""team_changed_at"": """", ""years_exp"": ""6""}"
2026-08-31T15:52:53+00:00,1370453762442797056,1370453762451185664,179,10,2,3,1126612181929336832,9494,Marvin Mims,WR,DEN,"{""first_name"": ""Marvin"", ""injury_status"": ""Questionable"", ""last_name"": ""Mims"", ""news_updated"": ""1787358629864"", ""number"": ""19"", ""player_id"": ""9494"", ""position"": ""WR"", ""sport"": ""nfl"", ""status"": ""Active"", ""team"": ""DEN"", ""team_abbr"": """", ""team_changed_at"": """", ""years_exp"": ""3""}"
2026-08-31T15:52:53+00:00,1370453762442797056,1370453762451185664,180,10,1,17,996120627872493568,11603,AJ Barner,TE,SEA,"{""first_name"": ""AJ"", ""injury_status"": """", ""last_name"": ""Barner"", ""news_updated"": ""1787424924657"", ""number"": ""88"", ""player_id"": ""11603"", ""position"": ""TE"", ""sport"": ""nfl"", ""status"": ""Active"", ""team"": ""SEA"", ""team_abbr"": """", ""team_changed_at"": """", ""years_exp"": ""2""}"
2026-08-31T15:52:53+00:00,1370453762442797056,1370453762451185664,181,11,1,17,996120627872493568,8205,Isiah Pacheco,RB,DET,"{""first_name"": ""Isiah"", ""injury_status"": ""Questionable"", ""last_name"": ""Pacheco"", ""news_updated"": ""1786939219248"", ""number"": ""10"", ""player_id"": ""8205"", ""position"": ""RB"", ""sport"": ""nfl"", ""status"": ""Active"", ""team"": ""DET"", ""team_abbr"": """", ""team_changed_at"": """", ""years_exp"": ""4""}"
2026-08-31T15:52:53+00:00,1370453762442797056,1370453762451185664,182,11,2,3,1126612181929336832,7049,Jauan Jennings,WR,MIN,"{""first_name"": ""Jauan"", ""injury_status"": """", ""last_name"": ""Jennings"", ""news_updated"": ""1787193318077"", ""number"": ""14"", ""player_id"": ""7049"", ""position"": ""WR"", ""sport"": ""nfl"", ""status"": ""Active"", ""team"": ""MIN"", ""team_abbr"": """", ""team_changed_at"": """", ""years_exp"": ""6""}"
2026-08-31T15:52:53+00:00,1370453762442797056,1370453762451185664,183,11,3,15,1127380007921328128,5001,Dalton Schultz,TE,HOU,"{""first_name"": ""Dalton"", ""injury_status"": """", ""last_name"": ""Schultz"", ""news_updated"": ""1787194217989"", ""number"": ""86"", ""player_id"": ""5001"", ""position"": ""TE"", ""sport"": ""nfl"", ""status"": ""Active"", ""team"": ""HOU"", ""team_abbr"": """", ""team_changed_at"": """", ""years_exp"": ""8""}"
2026-08-31T15:52:53+00:00,1370453762442797056,1370453762451185664,184,11,4,18,1266474061580480512,4943,Sam Darnold,QB,SEA,"{""first_name"": ""Sam"", ""injury_status"": """", ""last_name"": ""Darnold"", ""news_updated"": ""1786743344069"", ""number"": ""14"", ""player_id"": ""4943"", ""position"": ""QB"", ""sport"": ""nfl"", ""status"": ""Active"", ""team"": ""SEA"", ""team_abbr"": """", ""team_changed_at"": """", ""years_exp"": ""8""}"
2026-08-31T15:52:53+00:00,1370453762442797056,1370453762451185664,185,11,5,1,779583277362245632,12497,Tory Horton,WR,SEA,"{""first_name"": ""Tory"", ""injury_status"": ""Questionable"", ""last_name"": ""Horton"", ""news_updated"": ""1787362229389"", ""number"": ""15"", ""player_id"": ""12497"", ""position"": ""WR"", ""sport"": ""nfl"", ""status"": ""Active"", ""team"": ""SEA"", ""team_abbr"": """", ""team_changed_at"": """", ""years_exp"": ""1""}"
2026-08-31T15:52:53+00:00,1370453762442797056,1370453762451185664,186,11,6,7,739882929580335104,12711,Tyler Loop,K,BAL,"{""first_name"": ""Tyler"", ""injury_status"": """", ""last_name"": ""Loop"", ""news_updated"": ""1783391417676"", ""number"": ""33"", ""player_id"": ""12711"", ""position"": ""K"", ""sport"": ""nfl"", ""status"": ""Active"", ""team"": ""BAL"", ""team_abbr"": """", ""team_changed_at"": """", ""years_exp"": ""1""}"
2026-08-31T15:52:53+00:00,1370453762442797056,1370453762451185664,187,11,7,11,997348618057125888,8210,Chig Okonkwo,TE,WAS,"{""first_name"": ""Chig"", ""injury_status"": """", ""last_name"": ""Okonkwo"", ""news_updated"": ""1787426425416"", ""number"": ""85"", ""player_id"": ""8210"", ""position"": ""TE"", ""sport"": ""nfl"", ""status"": ""Active"", ""team"": ""WAS"", ""team_abbr"": """", ""team_changed_at"": """", ""years_exp"": ""4""}"
2026-08-31T15:52:53+00:00,1370453762442797056,1370453762451185664,188,11,8,13,860386640982589440,12484,Jayden Higgins,WR,HOU,"{""first_name"": ""Jayden"", ""injury_status"": ""IR"", ""last_name"": ""Higgins"", ""news_updated"": ""1787339422095"", ""number"": ""81"", ""player_id"": ""12484"", ""position"": ""WR"", ""sport"": ""nfl"", ""status"": ""Inactive"", ""team"": ""HOU"", ""team_abbr"": """", ""team_changed_at"": """", ""years_exp"": ""1""}"
2026-08-31T15:52:53+00:00,1370453762442797056,1370453762451185664,189,11,9,6,770802446909222912,1479,Keenan Allen,WR,IND,"{""first_name"": ""Keenan"", ""injury_status"": """", ""last_name"": ""Allen"", ""news_updated"": ""1787329237235"", ""number"": ""10"", ""player_id"": ""1479"", ""position"": ""WR"", ""sport"": ""nfl"", ""status"": ""Active"", ""team"": ""IND"", ""team_abbr"": """", ""team_changed_at"": """", ""years_exp"": ""13""}"
2026-08-31T15:52:53+00:00,1370453762442797056,1370453762451185664,190,11,10,4,1262823409977393152,11581,MarShawn Lloyd,RB,GB,"{""first_name"": ""MarShawn"", ""injury_status"": """", ""last_name"": ""Lloyd"", ""news_updated"": ""1787376330775"", ""number"": ""32"", ""player_id"": ""11581"", ""position"": ""RB"", ""sport"": ""nfl"", ""status"": ""Active"", ""team"": ""GB"", ""team_abbr"": """", ""team_changed_at"": """", ""years_exp"": ""2""}"
2026-08-31T15:52:53+00:00,1370453762442797056,1370453762451185664,191,11,11,16,1135263834127753216,10213,Tre Tucker,WR,LV,"{""first_name"": ""Tre"", ""injury_status"": """", ""last_name"": ""Tucker"", ""news_updated"": ""1787112651430"", ""number"": ""1"", ""player_id"": ""10213"", ""position"": ""WR"", ""sport"": ""nfl"", ""status"": ""Active"", ""team"": ""LV"", ""team_abbr"": """", ""team_changed_at"": """", ""years_exp"": ""3""}"
2026-08-31T15:52:53+00:00,1370453762442797056,1370453762451185664,192,11,12,9,609154836893601792,13337,Emmett Johnson,RB,KC,"{""first_name"": ""Emmett"", ""injury_status"": """", ""last_name"": ""Johnson"", ""news_updated"": ""1787458528715"", ""number"": ""10"", ""player_id"": ""13337"", ""position"": ""RB"", ""sport"": ""nfl"", ""status"": ""Active"", ""team"": ""KC"", ""team_abbr"": """", ""team_changed_at"": """", ""years_exp"": ""0""}"
2026-08-31T15:52:53+00:00,1370453762442797056,1370453762451185664,193,11,13,5,861663770647339008,12469,Dylan Sampson,RB,CLE,"{""first_name"": ""Dylan"", ""injury_status"": """", ""last_name"": ""Sampson"", ""news_updated"": ""1786933218445"", ""number"": ""22"", ""player_id"": ""12469"", ""position"": ""RB"", ""sport"": ""nfl"", ""status"": ""Active"", ""team"": ""CLE"", ""team_abbr"": """", ""team_changed_at"": """", ""years_exp"": ""1""}"
2026-08-31T15:52:53+00:00,1370453762442797056,1370453762451185664,194,11,14,10,1264073315803217920,13269,Fernando Mendoza,QB,LV,"{""first_name"": ""Fernando"", ""injury_status"": """", ""last_name"": ""Mendoza"", ""news_updated"": ""1787324136636"", ""number"": ""15"", ""player_id"": ""13269"", ""position"": ""QB"", ""sport"": ""nfl"", ""status"": ""Active"", ""team"": ""LV"", ""team_abbr"": """", ""team_changed_at"": """", ""years_exp"": ""0""}"
2026-08-31T15:52:53+00:00,1370453762442797056,1370453762451185664,195,11,15,2,779583497248550912,13296,Caleb Douglas,WR,MIA,"{""first_name"": ""Caleb"", ""injury_status"": """", ""last_name"": ""Douglas"", ""news_updated"": ""1787453727620"", ""number"": ""7"", ""player_id"": ""13296"", ""position"": ""WR"", ""sport"": ""nfl"", ""status"": ""Active"", ""team"": ""MIA"", ""team_abbr"": """", ""team_changed_at"": """", ""years_exp"": ""0""}"
2026-08-31T15:52:53+00:00,1370453762442797056,1370453762451185664,196,11,16,14,1265369037945184256,12487,Terrance Ferguson,TE,LAR,"{""first_name"": ""Terrance"", ""injury_status"": """", ""last_name"": ""Ferguson"", ""news_updated"": ""1787335838928"", ""number"": ""18"", ""player_id"": ""12487"", ""position"": ""TE"", ""sport"": ""nfl"", ""status"": ""Active"", ""team"": ""LAR"", ""team_abbr"": """", ""team_changed_at"": """", ""years_exp"": ""1""}"
2026-08-31T15:52:53+00:00,1370453762442797056,1370453762451185664,197,11,17,8,1128436496693874688,8161,Malik Willis,QB,MIA,"{""first_name"": ""Malik"", ""injury_status"": """", ""last_name"": ""Willis"", ""news_updated"": ""1787491830733"", ""number"": ""2"", ""player_id"": ""8161"", ""position"": ""QB"", ""sport"": ""nfl"", ""status"": ""Active"", ""team"": ""MIA"", ""team_abbr"": """", ""team_changed_at"": """", ""years_exp"": ""4""}"
2026-08-31T15:52:53+00:00,1370453762442797056,1370453762451185664,198,11,18,12,997317930117337088,4018,Joe Mixon,RB,,"{""first_name"": ""Joe"", ""injury_status"": ""Questionable"", ""last_name"": ""Mixon"", ""news_updated"": ""1784826620401"", ""number"": ""28"", ""player_id"": ""4018"", ""position"": ""RB"", ""sport"": ""nfl"", ""status"": ""Active"", ""team"": """", ""team_abbr"": """", ""team_changed_at"": """", ""years_exp"": ""9""}"
2026-08-31T15:52:53+00:00,1370453762442797056,1370453762451185664,199,12,18,12,997317930117337088,9758,C.J. Stroud,QB,HOU,"{""first_name"": ""C.J."", ""injury_status"": """", ""last_name"": ""Stroud"", ""news_updated"": ""1787331937561"", ""number"": ""7"", ""player_id"": ""9758"", ""position"": ""QB"", ""sport"": ""nfl"", ""status"": ""Active"", ""team"": ""HOU"", ""team_abbr"": """", ""team_changed_at"": """", ""years_exp"": ""3""}"
2026-08-31T15:52:53+00:00,1370453762442797056,1370453762451185664,200,12,17,8,1128436496693874688,3321,Tyreek Hill,WR,,"{""first_name"": ""Tyreek"", ""injury_status"": ""Questionable"", ""last_name"": ""Hill"", ""news_updated"": ""1787336440462"", ""number"": ""10"", ""player_id"": ""3321"", ""position"": ""WR"", ""sport"": ""nfl"", ""status"": ""Active"", ""team"": """", ""team_abbr"": """", ""team_changed_at"": """", ""years_exp"": ""10""}"
2026-08-31T15:52:53+00:00,1370453762442797056,1370453762451185664,201,12,16,14,1265369037945184256,5870,Daniel Jones,QB,IND,"{""first_name"": ""Daniel"", ""injury_status"": """", ""last_name"": ""Jones"", ""news_updated"": ""1787506831986"", ""number"": ""17"", ""player_id"": ""5870"", ""position"": ""QB"", ""sport"": ""nfl"", ""status"": ""Active"", ""team"": ""IND"", ""team_abbr"": """", ""team_changed_at"": """", ""years_exp"": ""7""}"
2026-08-31T15:52:53+00:00,1370453762442797056,1370453762451185664,202,12,15,2,779583497248550912,2020,Cairo Santos,K,CHI,"{""first_name"": ""Cairo"", ""injury_status"": """", ""last_name"": ""Santos"", ""news_updated"": ""1787460628920"", ""number"": ""8"", ""player_id"": ""2020"", ""position"": ""K"", ""sport"": ""nfl"", ""status"": ""Active"", ""team"": ""CHI"", ""team_abbr"": """", ""team_changed_at"": """", ""years_exp"": ""12""}"
2026-08-31T15:52:53+00:00,1370453762442797056,1370453762451185664,203,12,14,10,1264073315803217920,12535,Isaac TeSlaa,WR,DET,"{""first_name"": ""Isaac"", ""injury_status"": """", ""last_name"": ""TeSlaa"", ""news_updated"": ""1787190917502"", ""number"": ""18"", ""player_id"": ""12535"", ""position"": ""WR"", ""sport"": ""nfl"", ""status"": ""Active"", ""team"": ""DET"", ""team_abbr"": """", ""team_changed_at"": """", ""years_exp"": ""1""}"
2026-08-31T15:52:53+00:00,1370453762442797056,1370453762451185664,204,12,13,5,861663770647339008,12522,Cam Ward,QB,TEN,"{""first_name"": ""Cam"", ""injury_status"": """", ""last_name"": ""Ward"", ""news_updated"": ""1787337038118"", ""number"": ""1"", ""player_id"": ""12522"", ""position"": ""QB"", ""sport"": ""nfl"", ""status"": ""Active"", ""team"": ""TEN"", ""team_abbr"": """", ""team_changed_at"": """", ""years_exp"": ""1""}"
2026-08-31T15:52:53+00:00,1370453762442797056,1370453762451185664,205,12,12,9,609154836893601792,11783,Ryan Flournoy,WR,DAL,"{""first_name"": ""Ryan"", ""injury_status"": """", ""last_name"": ""Flournoy"", ""news_updated"": ""1787173557966"", ""number"": ""19"", ""player_id"": ""11783"", ""position"": ""WR"", ""sport"": ""nfl"", ""status"": ""Active"", ""team"": ""DAL"", ""team_abbr"": """", ""team_changed_at"": """", ""years_exp"": ""2""}"
2026-08-31T15:52:53+00:00,1370453762442797056,1370453762451185664,206,12,11,16,1135263834127753216,4137,James Conner,RB,ARI,"{""first_name"": ""James"", ""injury_status"": ""Questionable"", ""last_name"": ""Conner"", ""news_updated"": ""1786906815945"", ""number"": ""6"", ""player_id"": ""4137"", ""position"": ""RB"", ""sport"": ""nfl"", ""status"": ""Active"", ""team"": ""ARI"", ""team_abbr"": """", ""team_changed_at"": """", ""years_exp"": ""9""}"
2026-08-31T15:52:53+00:00,1370453762442797056,1370453762451185664,207,12,10,4,1262823409977393152,12476,Devin Neal,RB,NO,"{""first_name"": ""Devin"", ""injury_status"": ""Questionable"", ""last_name"": ""Neal"", ""news_updated"": ""1787450427961"", ""number"": ""24"", ""player_id"": ""12476"", ""position"": ""RB"", ""sport"": ""nfl"", ""status"": ""Active"", ""team"": ""NO"", ""team_abbr"": """", ""team_changed_at"": """", ""years_exp"": ""1""}"
2026-08-31T15:52:53+00:00,1370453762442797056,1370453762451185664,208,12,9,6,770802446909222912,12492,Pat Bryant,WR,DEN,"{""first_name"": ""Pat"", ""injury_status"": """", ""last_name"": ""Bryant"", ""news_updated"": ""1787516432725"", ""number"": ""13"", ""player_id"": ""12492"", ""position"": ""WR"", ""sport"": ""nfl"", ""status"": ""Active"", ""team"": ""DEN"", ""team_abbr"": """", ""team_changed_at"": """", ""years_exp"": ""1""}"
2026-08-31T15:52:53+00:00,1370453762442797056,1370453762451185664,209,12,8,13,860386640982589440,13288,Nicholas Singleton,RB,TEN,"{""first_name"": ""Nicholas"", ""injury_status"": """", ""last_name"": ""Singleton"", ""news_updated"": ""1786986336195"", ""number"": ""32"", ""player_id"": ""13288"", ""position"": ""RB"", ""sport"": ""nfl"", ""status"": ""Active"", ""team"": ""TEN"", ""team_abbr"": """", ""team_changed_at"": """", ""years_exp"": ""0""}"
2026-08-31T15:52:53+00:00,1370453762442797056,1370453762451185664,210,12,7,11,997348618057125888,4039,Cooper Kupp,WR,SEA,"{""first_name"": ""Cooper"", ""injury_status"": """", ""last_name"": ""Kupp"", ""news_updated"": ""1787331637462"", ""number"": ""10"", ""player_id"": ""4039"", ""position"": ""WR"", ""sport"": ""nfl"", ""status"": ""Active"", ""team"": ""SEA"", ""team_abbr"": """", ""team_changed_at"": """", ""years_exp"": ""9""}"
2026-08-31T15:52:53+00:00,1370453762442797056,1370453762451185664,211,12,6,7,739882929580335104,9228,Bryce Young,QB,CAR,"{""first_name"": ""Bryce"", ""injury_status"": """", ""last_name"": ""Young"", ""news_updated"": ""1787367630514"", ""number"": ""9"", ""player_id"": ""9228"", ""position"": ""QB"", ""sport"": ""nfl"", ""status"": ""Active"", ""team"": ""CAR"", ""team_abbr"": """", ""team_changed_at"": """", ""years_exp"": ""3""}"
2026-08-31T15:52:53+00:00,1370453762442797056,1370453762451185664,212,12,5,1,779583277362245632,6768,Tua Tagovailoa,QB,ATL,"{""first_name"": ""Tua"", ""injury_status"": """", ""last_name"": ""Tagovailoa"", ""news_updated"": ""1787493031418"", ""number"": ""1"", ""player_id"": ""6768"", ""position"": ""QB"", ""sport"": ""nfl"", ""status"": ""Active"", ""team"": ""ATL"", ""team_abbr"": """", ""team_changed_at"": """", ""years_exp"": ""6""}"
2026-08-31T15:52:53+00:00,1370453762442797056,1370453762451185664,213,12,4,18,1266474061580480512,4033,David Njoku,TE,LAC,"{""first_name"": ""David"", ""injury_status"": """", ""last_name"": ""Njoku"", ""news_updated"": ""1787419224086"", ""number"": ""83"", ""player_id"": ""4033"", ""position"": ""TE"", ""sport"": ""nfl"", ""status"": ""Active"", ""team"": ""LAC"", ""team_abbr"": """", ""team_changed_at"": """", ""years_exp"": ""9""}"
2026-08-31T15:52:53+00:00,1370453762442797056,1370453762451185664,214,12,3,15,1127380007921328128,13274,Germie Bernard,WR,PIT,"{""first_name"": ""Germie"", ""injury_status"": """", ""last_name"": ""Bernard"", ""news_updated"": ""1787421624838"", ""number"": ""17"", ""player_id"": ""13274"", ""position"": ""WR"", ""sport"": ""nfl"", ""status"": ""Active"", ""team"": ""PIT"", ""team_abbr"": """", ""team_changed_at"": """", ""years_exp"": ""0""}"
2026-08-31T15:52:53+00:00,1370453762442797056,1370453762451185664,215,12,2,3,1126612181929336832,11576,Braelon Allen,RB,NYJ,"{""first_name"": ""Braelon"", ""injury_status"": """", ""last_name"": ""Allen"", ""news_updated"": ""1787367930419"", ""number"": ""0"", ""player_id"": ""11576"", ""position"": ""RB"", ""sport"": ""nfl"", ""status"": ""Active"", ""team"": ""NYJ"", ""team_abbr"": """", ""team_changed_at"": """", ""years_exp"": ""2""}"
2026-08-31T15:52:53+00:00,1370453762442797056,1370453762451185664,216,12,1,17,996120627872493568,13301,Antonio Williams,WR,WAS,"{""first_name"": ""Antonio"", ""injury_status"": """", ""last_name"": ""Williams"", ""news_updated"": ""1787427025335"", ""number"": ""14"", ""player_id"": ""13301"", ""position"": ""WR"", ""sport"": ""nfl"", ""status"": ""Active"", ""team"": ""WAS"", ""team_abbr"": """", ""team_changed_at"": """", ""years_exp"": ""0""}"
2026-08-31T15:52:53+00:00,1370453762442797056,1370453762451185664,217,13,1,17,996120627872493568,9757,Kendre Miller,RB,NO,"{""first_name"": ""Kendre"", ""injury_status"": """", ""last_name"": ""Miller"", ""news_updated"": ""1787458527939"", ""number"": ""5"", ""player_id"": ""9757"", ""position"": ""RB"", ""sport"": ""nfl"", ""status"": ""Active"", ""team"": ""NO"", ""team_abbr"": """", ""team_changed_at"": """", ""years_exp"": ""3""}"
2026-08-31T15:52:53+00:00,1370453762442797056,1370453762451185664,218,13,2,3,1126612181929336832,12504,Kaleb Johnson,RB,GB,"{""first_name"": ""Kaleb"", ""injury_status"": """", ""last_name"": ""Johnson"", ""news_updated"": ""1787420724730"", ""number"": ""20"", ""player_id"": ""12504"", ""position"": ""RB"", ""sport"": ""nfl"", ""status"": ""Active"", ""team"": ""PIT"", ""team_abbr"": """", ""team_changed_at"": """", ""years_exp"": ""1""}"
2026-08-31T15:52:53+00:00,1370453762442797056,1370453762451185664,219,13,3,15,1127380007921328128,11627,Troy Franklin,WR,DEN,"{""first_name"": ""Troy"", ""injury_status"": """", ""last_name"": ""Franklin"", ""news_updated"": ""1787425225263"", ""number"": ""11"", ""player_id"": ""11627"", ""position"": ""WR"", ""sport"": ""nfl"", ""status"": ""Active"", ""team"": ""DEN"", ""team_abbr"": """", ""team_changed_at"": """", ""years_exp"": ""2""}"
2026-08-31T15:52:53+00:00,1370453762442797056,1370453762451185664,220,13,4,18,1266474061580480512,13285,Malachi Fields,WR,NYG,"{""first_name"": ""Malachi"", ""injury_status"": """", ""last_name"": ""Fields"", ""news_updated"": ""1787448927011"", ""number"": ""0"", ""player_id"": ""13285"", ""position"": ""WR"", ""sport"": ""nfl"", ""status"": ""Active"", ""team"": ""NYG"", ""team_abbr"": """", ""team_changed_at"": """", ""years_exp"": ""0""}"
2026-08-31T15:52:53+00:00,1370453762442797056,1370453762451185664,221,13,5,1,779583277362245632,13268,Elijah Sarratt,WR,BAL,"{""first_name"": ""Elijah"", ""injury_status"": """", ""last_name"": ""Sarratt"", ""news_updated"": ""1787452828042"", ""number"": ""13"", ""player_id"": ""13268"", ""position"": ""WR"", ""sport"": ""nfl"", ""status"": ""Active"", ""team"": ""BAL"", ""team_abbr"": """", ""team_changed_at"": """", ""years_exp"": ""0""}"
2026-08-31T15:52:53+00:00,1370453762442797056,1370453762451185664,222,13,6,7,739882929580335104,3678,Wil Lutz,K,DEN,"{""first_name"": ""Wil"", ""injury_status"": """", ""last_name"": ""Lutz"", ""news_updated"": ""1787425825358"", ""number"": ""3"", ""player_id"": ""3678"", ""position"": ""K"", ""sport"": ""nfl"", ""status"": ""Active"", ""team"": ""DEN"", ""team_abbr"": """", ""team_changed_at"": """", ""years_exp"": ""10""}"
2026-08-31T15:52:53+00:00,1370453762442797056,1370453762451185664,223,13,7,11,997348618057125888,7528,Najee Harris,RB,NYG,"{""first_name"": ""Najee"", ""injury_status"": """", ""last_name"": ""Harris"", ""news_updated"": ""1787329537161"", ""number"": ""22"", ""player_id"": ""7528"", ""position"": ""RB"", ""sport"": ""nfl"", ""status"": ""Active"", ""team"": ""NYG"", ""team_abbr"": """", ""team_changed_at"": """", ""years_exp"": ""5""}"
2026-08-31T15:52:53+00:00,1370453762442797056,1370453762451185664,224,13,8,13,860386640982589440,11565,J.J. McCarthy,QB,MIN,"{""first_name"": ""J.J."", ""injury_status"": ""Questionable"", ""last_name"": ""McCarthy"", ""news_updated"": ""1787499331592"", ""number"": ""9"", ""player_id"": ""11565"", ""position"": ""QB"", ""sport"": ""nfl"", ""status"": ""Active"", ""team"": ""MIN"", ""team_abbr"": """", ""team_changed_at"": """", ""years_exp"": ""2""}"
2026-08-31T15:52:53+00:00,1370453762442797056,1370453762451185664,225,13,9,6,770802446909222912,13317,Ted Hurst,WR,TB,"{""first_name"": ""Ted"", ""injury_status"": """", ""last_name"": ""Hurst"", ""news_updated"": ""1787458828777"", ""number"": ""17"", ""player_id"": ""13317"", ""position"": ""WR"", ""sport"": ""nfl"", ""status"": ""Active"", ""team"": ""TB"", ""team_abbr"": """", ""team_changed_at"": """", ""years_exp"": ""0""}"
2026-08-31T15:52:53+00:00,1370453762442797056,1370453762451185664,226,13,10,4,1262823409977393152,11653,Charlie Smyth,K,NO,"{""first_name"": ""Charlie"", ""injury_status"": """", ""last_name"": ""Smyth"", ""news_updated"": ""1784064034329"", ""number"": ""39"", ""player_id"": ""11653"", ""position"": ""K"", ""sport"": ""nfl"", ""status"": ""Active"", ""team"": ""NO"", ""team_abbr"": """", ""team_changed_at"": """", ""years_exp"": ""2""}"
2026-08-31T15:52:53+00:00,1370453762442797056,1370453762451185664,227,13,11,16,1135263834127753216,96,Aaron Rodgers,QB,PIT,"{""first_name"": ""Aaron"", ""injury_status"": """", ""last_name"": ""Rodgers"", ""news_updated"": ""1787163059622"", ""number"": ""8"", ""player_id"": ""96"", ""position"": ""QB"", ""sport"": ""nfl"", ""status"": ""Active"", ""team"": ""PIT"", ""team_abbr"": """", ""team_changed_at"": """", ""years_exp"": ""21""}"
2026-08-31T15:52:53+00:00,1370453762442797056,1370453762451185664,228,13,12,9,609154836893601792,11616,Jacob Cowing,WR,SF,"{""first_name"": ""Jacob"", ""injury_status"": """", ""last_name"": ""Cowing"", ""news_updated"": ""1786821002823"", ""number"": ""6"", ""player_id"": ""11616"", ""position"": ""WR"", ""sport"": ""nfl"", ""status"": ""Active"", ""team"": ""SF"", ""team_abbr"": """", ""team_changed_at"": """", ""years_exp"": ""2""}"
2026-08-31T15:52:53+00:00,1370453762442797056,1370453762451185664,229,13,13,5,861663770647339008,12536,Jaylin Noel,WR,HOU,"{""first_name"": ""Jaylin"", ""injury_status"": ""Questionable"", ""last_name"": ""Noel"", ""news_updated"": ""1787182816703"", ""number"": ""13"", ""player_id"": ""12536"", ""position"": ""WR"", ""sport"": ""nfl"", ""status"": ""Active"", ""team"": ""HOU"", ""team_abbr"": """", ""team_changed_at"": """", ""years_exp"": ""1""}"
2026-08-31T15:52:53+00:00,1370453762442797056,1370453762451185664,230,13,14,10,1264073315803217920,12547,Kyle Williams,WR,NE,"{""first_name"": ""Kyle"", ""injury_status"": """", ""last_name"": ""Williams"", ""news_updated"": ""1787494531065"", ""number"": ""18"", ""player_id"": ""12547"", ""position"": ""WR"", ""sport"": ""nfl"", ""status"": ""Active"", ""team"": ""NE"", ""team_abbr"": """", ""team_changed_at"": """", ""years_exp"": ""1""}"
2026-08-31T15:52:53+00:00,1370453762442797056,1370453762451185664,231,13,15,2,779583497248550912,12455,Brashard Smith,RB,KC,"{""first_name"": ""Brashard"", ""injury_status"": """", ""last_name"": ""Smith"", ""news_updated"": ""1787258432055"", ""number"": ""24"", ""player_id"": ""12455"", ""position"": ""RB"", ""sport"": ""nfl"", ""status"": ""Active"", ""team"": ""KC"", ""team_abbr"": """", ""team_changed_at"": """", ""years_exp"": ""1""}"
2026-08-31T15:52:53+00:00,1370453762442797056,1370453762451185664,232,13,16,14,1265369037945184256,9504,Kayshon Boutte,WR,HOU,"{""first_name"": ""Kayshon"", ""injury_status"": """", ""last_name"": ""Boutte"", ""news_updated"": ""1787340927392"", ""number"": ""9"", ""player_id"": ""9504"", ""position"": ""WR"", ""sport"": ""nfl"", ""status"": ""Active"", ""team"": ""NE"", ""team_abbr"": """", ""team_changed_at"": """", ""years_exp"": ""3""}"
2026-08-31T15:52:53+00:00,1370453762442797056,1370453762451185664,233,13,17,8,1128436496693874688,11637,Keon Coleman,WR,BUF,"{""first_name"": ""Keon"", ""injury_status"": ""Questionable"", ""last_name"": ""Coleman"", ""news_updated"": ""1787416824218"", ""number"": ""0"", ""player_id"": ""11637"", ""position"": ""WR"", ""sport"": ""nfl"", ""status"": ""Active"", ""team"": ""BUF"", ""team_abbr"": """", ""team_changed_at"": """", ""years_exp"": ""2""}"
2026-08-31T15:52:53+00:00,1370453762442797056,1370453762451185664,234,13,18,12,997317930117337088,7571,Rashod Bateman,WR,BAL,"{""first_name"": ""Rashod"", ""injury_status"": """", ""last_name"": ""Bateman"", ""news_updated"": ""1787353229419"", ""number"": ""7"", ""player_id"": ""7571"", ""position"": ""WR"", ""sport"": ""nfl"", ""status"": ""Active"", ""team"": ""BAL"", ""team_abbr"": """", ""team_changed_at"": """", ""years_exp"": ""5""}"
2026-08-31T15:52:53+00:00,1370453762442797056,1370453762451185664,235,14,18,12,997317930117337088,12457,Jaydon Blue,RB,DAL,"{""first_name"": ""Jaydon"", ""injury_status"": """", ""last_name"": ""Blue"", ""news_updated"": ""1787493631186"", ""number"": ""23"", ""player_id"": ""12457"", ""position"": ""RB"", ""sport"": ""nfl"", ""status"": ""Active"", ""team"": ""DAL"", ""team_abbr"": """", ""team_changed_at"": """", ""years_exp"": ""1""}"
2026-08-31T15:52:53+00:00,1370453762442797056,1370453762451185664,236,14,17,8,1128436496693874688,11575,Ray Davis,RB,BUF,"{""first_name"": ""Ray"", ""injury_status"": """", ""last_name"": ""Davis"", ""news_updated"": ""1787436326614"", ""number"": ""7"", ""player_id"": ""11575"", ""position"": ""RB"", ""sport"": ""nfl"", ""status"": ""Active"", ""team"": ""BUF"", ""team_abbr"": """", ""team_changed_at"": """", ""years_exp"": ""2""}"
2026-08-31T15:52:53+00:00,1370453762442797056,1370453762451185664,237,14,16,14,1265369037945184256,13347,Demond Claiborne,RB,MIN,"{""first_name"": ""Demond"", ""injury_status"": """", ""last_name"": ""Claiborne"", ""news_updated"": ""1787456727753"", ""number"": ""21"", ""player_id"": ""13347"", ""position"": ""RB"", ""sport"": ""nfl"", ""status"": ""Active"", ""team"": ""MIN"", ""team_abbr"": """", ""team_changed_at"": """", ""years_exp"": ""0""}"
2026-08-31T15:52:53+00:00,1370453762442797056,1370453762451185664,238,14,15,2,779583497248550912,11647,Kimani Vidal,RB,LAC,"{""first_name"": ""Kimani"", ""injury_status"": """", ""last_name"": ""Vidal"", ""news_updated"": ""1787419824118"", ""number"": ""28"", ""player_id"": ""11647"", ""position"": ""RB"", ""sport"": ""nfl"", ""status"": ""Active"", ""team"": ""LAC"", ""team_abbr"": """", ""team_changed_at"": """", ""years_exp"": ""2""}"
2026-08-31T15:52:53+00:00,1370453762442797056,1370453762451185664,239,14,14,10,1264073315803217920,4195,Jake Elliott,K,PHI,"{""first_name"": ""Jake"", ""injury_status"": """", ""last_name"": ""Elliott"", ""news_updated"": ""1787455828479"", ""number"": ""4"", ""player_id"": ""4195"", ""position"": ""K"", ""sport"": ""nfl"", ""status"": ""Active"", ""team"": ""PHI"", ""team_abbr"": """", ""team_changed_at"": """", ""years_exp"": ""9""}"
2026-08-31T15:52:53+00:00,1370453762442797056,1370453762451185664,240,14,13,5,861663770647339008,12499,Elic Ayomanor,WR,TEN,"{""first_name"": ""Elic"", ""injury_status"": """", ""last_name"": ""Ayomanor"", ""news_updated"": ""1787111751420"", ""number"": ""5"", ""player_id"": ""12499"", ""position"": ""WR"", ""sport"": ""nfl"", ""status"": ""Active"", ""team"": ""TEN"", ""team_abbr"": """", ""team_changed_at"": """", ""years_exp"": ""1""}"
2026-08-31T15:52:53+00:00,1370453762442797056,1370453762451185664,241,14,12,9,609154836893601792,9506,Sean Tucker,RB,TB,"{""first_name"": ""Sean"", ""injury_status"": """", ""last_name"": ""Tucker"", ""news_updated"": ""1787497531364"", ""number"": ""44"", ""player_id"": ""9506"", ""position"": ""RB"", ""sport"": ""nfl"", ""status"": ""Active"", ""team"": ""TB"", ""team_abbr"": """", ""team_changed_at"": """", ""years_exp"": ""3""}"
2026-08-31T15:52:53+00:00,1370453762442797056,1370453762451185664,242,14,11,16,1135263834127753216,10234,Derius Davis,WR,LAC,"{""first_name"": ""Derius"", ""injury_status"": """", ""last_name"": ""Davis"", ""news_updated"": ""1782253224110"", ""number"": ""12"", ""player_id"": ""10234"", ""position"": ""WR"", ""sport"": ""nfl"", ""status"": ""Active"", ""team"": ""LAC"", ""team_abbr"": """", ""team_changed_at"": """", ""years_exp"": ""3""}"
2026-08-31T15:52:53+00:00,1370453762442797056,1370453762451185664,243,14,10,4,1262823409977393152,12509,Tre' Harris,WR,LAC,"{""first_name"": ""Tre'"", ""injury_status"": ""Questionable"", ""last_name"": ""Harris"", ""news_updated"": ""1787416824218"", ""number"": ""9"", ""player_id"": ""12509"", ""position"": ""WR"", ""sport"": ""nfl"", ""status"": ""Active"", ""team"": ""LAC"", ""team_abbr"": """", ""team_changed_at"": """", ""years_exp"": ""1""}"
2026-08-31T15:52:53+00:00,1370453762442797056,1370453762451185664,244,14,9,6,770802446909222912,6650,Chase McLaughlin,K,TB,"{""first_name"": ""Chase"", ""injury_status"": """", ""last_name"": ""McLaughlin"", ""news_updated"": ""1784682309241"", ""number"": ""4"", ""player_id"": ""6650"", ""position"": ""K"", ""sport"": ""nfl"", ""status"": ""Active"", ""team"": ""TB"", ""team_abbr"": """", ""team_changed_at"": """", ""years_exp"": ""7""}"
2026-08-31T15:52:53+00:00,1370453762442797056,1370453762451185664,245,14,8,13,860386640982589440,7600,Pat Freiermuth,TE,PIT,"{""first_name"": ""Pat"", ""injury_status"": """", ""last_name"": ""Freiermuth"", ""news_updated"": ""1787421925003"", ""number"": ""88"", ""player_id"": ""7600"", ""position"": ""TE"", ""sport"": ""nfl"", ""status"": ""Active"", ""team"": ""PIT"", ""team_abbr"": """", ""team_changed_at"": """", ""years_exp"": ""5""}"
2026-08-31T15:52:53+00:00,1370453762442797056,1370453762451185664,246,14,7,11,997348618057125888,12524,Shedeur Sanders,QB,CLE,"{""first_name"": ""Shedeur"", ""injury_status"": """", ""last_name"": ""Sanders"", ""news_updated"": ""1787516433387"", ""number"": ""2"", ""player_id"": ""12524"", ""position"": ""QB"", ""sport"": ""nfl"", ""status"": ""Active"", ""team"": ""CLE"", ""team_abbr"": """", ""team_changed_at"": """", ""years_exp"": ""1""}"
2026-08-31T15:52:53+00:00,1370453762442797056,1370453762451185664,247,14,6,7,739882929580335104,11834,Devaughn Vele,WR,NO,"{""first_name"": ""Devaughn"", ""injury_status"": """", ""last_name"": ""Vele"", ""news_updated"": ""1787331637464"", ""number"": ""14"", ""player_id"": ""11834"", ""position"": ""WR"", ""sport"": ""nfl"", ""status"": ""Active"", ""team"": ""NO"", ""team_abbr"": """", ""team_changed_at"": """", ""years_exp"": ""2""}"
2026-08-31T15:52:53+00:00,1370453762442797056,1370453762451185664,248,14,5,1,779583277362245632,12483,Jack Bech,WR,LV,"{""first_name"": ""Jack"", ""injury_status"": """", ""last_name"": ""Bech"", ""news_updated"": ""1786934118437"", ""number"": ""18"", ""player_id"": ""12483"", ""position"": ""WR"", ""sport"": ""nfl"", ""status"": ""Active"", ""team"": ""LV"", ""team_abbr"": """", ""team_changed_at"": """", ""years_exp"": ""1""}"
2026-08-31T15:52:53+00:00,1370453762442797056,1370453762451185664,249,14,4,18,1266474061580480512,13405,Kaytron Allen,RB,WAS,"{""first_name"": ""Kaytron"", ""injury_status"": """", ""last_name"": ""Allen"", ""news_updated"": ""1787426425416"", ""number"": ""31"", ""player_id"": ""13405"", ""position"": ""RB"", ""sport"": ""nfl"", ""status"": ""Active"", ""team"": ""WAS"", ""team_abbr"": """", ""team_changed_at"": """", ""years_exp"": ""0""}"
2026-08-31T15:52:53+00:00,1370453762442797056,1370453762451185664,250,14,3,15,1127380007921328128,12502,Gunnar Helm,TE,TEN,"{""first_name"": ""Gunnar"", ""injury_status"": """", ""last_name"": ""Helm"", ""news_updated"": ""1786763753659"", ""number"": ""84"", ""player_id"": ""12502"", ""position"": ""TE"", ""sport"": ""nfl"", ""status"": ""Active"", ""team"": ""TEN"", ""team_abbr"": """", ""team_changed_at"": """", ""years_exp"": ""1""}"
2026-08-31T15:52:53+00:00,1370453762442797056,1370453762451185664,251,14,2,3,1126612181929336832,11625,Adonai Mitchell,WR,NYJ,"{""first_name"": ""Adonai"", ""injury_status"": """", ""last_name"": ""Mitchell"", ""news_updated"": ""1787412623342"", ""number"": ""15"", ""player_id"": ""11625"", ""position"": ""WR"", ""sport"": ""nfl"", ""status"": ""Active"", ""team"": ""NYJ"", ""team_abbr"": """", ""team_changed_at"": """", ""years_exp"": ""2""}"
2026-08-31T15:52:53+00:00,1370453762442797056,1370453762451185664,252,14,1,17,996120627872493568,13311,Chris Bell,WR,MIA,"{""first_name"": ""Chris"", ""injury_status"": ""Questionable"", ""last_name"": ""Bell"", ""news_updated"": ""1787448627555"", ""number"": ""18"", ""player_id"": ""13311"", ""position"": ""WR"", ""sport"": ""nfl"", ""status"": ""Active"", ""team"": ""MIA"", ""team_abbr"": """", ""team_changed_at"": """", ""years_exp"": ""0""}"
2026-08-31T15:52:53+00:00,1370453762442797056,1370453762451185664,253,15,1,17,996120627872493568,11569,Jarquez Hunter,RB,MIA,"{""first_name"": ""Jarquez"", ""injury_status"": """", ""last_name"": ""Hunter"", ""news_updated"": ""1787457927984"", ""number"": ""27"", ""player_id"": ""11569"", ""position"": ""RB"", ""sport"": ""nfl"", ""status"": ""Active"", ""team"": ""LAR"", ""team_abbr"": """", ""team_changed_at"": """", ""years_exp"": ""1""}"
2026-08-31T15:52:53+00:00,1370453762442797056,1370453762451185664,254,15,2,3,1126612181929336832,12498,Mason Taylor,TE,NYJ,"{""first_name"": ""Mason"", ""injury_status"": """", ""last_name"": ""Taylor"", ""news_updated"": ""1787368530643"", ""number"": ""85"", ""player_id"": ""12498"", ""position"": ""TE"", ""sport"": ""nfl"", ""status"": ""Active"", ""team"": ""NYJ"", ""team_abbr"": """", ""team_changed_at"": """", ""years_exp"": ""1""}"
2026-08-31T15:52:53+00:00,1370453762442797056,1370453762451185664,255,15,3,15,1127380007921328128,11559,Michael Penix,QB,ATL,"{""first_name"": ""Michael"", ""injury_status"": ""Questionable"", ""last_name"": ""Penix"", ""news_updated"": ""1787435127420"", ""number"": ""9"", ""player_id"": ""11559"", ""position"": ""QB"", ""sport"": ""nfl"", ""status"": ""Active"", ""team"": ""ATL"", ""team_abbr"": """", ""team_changed_at"": """", ""years_exp"": ""2""}"
2026-08-31T15:52:53+00:00,1370453762442797056,1370453762451185664,256,15,4,18,1266474061580480512,11579,Audric Estime,RB,NO,"{""first_name"": ""Audric"", ""injury_status"": ""Questionable"", ""last_name"": ""Estime"", ""news_updated"": ""1787187317375"", ""number"": ""30"", ""player_id"": ""11579"", ""position"": ""RB"", ""sport"": ""nfl"", ""status"": ""Active"", ""team"": ""NO"", ""team_abbr"": """", ""team_changed_at"": """", ""years_exp"": ""2""}"
2026-08-31T15:52:53+00:00,1370453762442797056,1370453762451185664,257,15,5,1,779583277362245632,8172,Greg Dulcich,TE,MIA,"{""first_name"": ""Greg"", ""injury_status"": """", ""last_name"": ""Dulcich"", ""news_updated"": ""1787423124545"", ""number"": ""85"", ""player_id"": ""8172"", ""position"": ""TE"", ""sport"": ""nfl"", ""status"": ""Active"", ""team"": ""MIA"", ""team_abbr"": """", ""team_changed_at"": """", ""years_exp"": ""4""}"
2026-08-31T15:52:53+00:00,1370453762442797056,1370453762451185664,258,15,6,7,739882929580335104,8698,Jake Tonges,TE,SF,"{""first_name"": ""Jake"", ""injury_status"": """", ""last_name"": ""Tonges"", ""news_updated"": ""1787358629863"", ""number"": ""88"", ""player_id"": ""8698"", ""position"": ""TE"", ""sport"": ""nfl"", ""status"": ""Active"", ""team"": ""SF"", ""team_abbr"": """", ""team_changed_at"": """", ""years_exp"": ""4""}"
2026-08-31T15:52:53+00:00,1370453762442797056,1370453762451185664,259,15,7,11,997348618057125888,1546,Kenjon Barner,RB,,"{""first_name"": ""Kenjon"", ""injury_status"": """", ""last_name"": ""Barner"", ""news_updated"": ""1670975421639"", ""number"": ""38"", ""player_id"": ""1546"", ""position"": ""RB"", ""sport"": ""nfl"", ""status"": ""Inactive"", ""team"": """", ""team_abbr"": """", ""team_changed_at"": """", ""years_exp"": ""9""}"
2026-08-31T15:52:53+00:00,1370453762442797056,1370453762451185664,260,15,8,13,860386640982589440,3443,Chris Swain,FB,,"{""first_name"": ""Chris"", ""injury_status"": """", ""last_name"": ""Swain"", ""news_updated"": """", ""number"": ""30"", ""player_id"": ""3443"", ""position"": ""RB"", ""sport"": ""nfl"", ""status"": ""Active"", ""team"": """", ""team_abbr"": """", ""team_changed_at"": """", ""years_exp"": ""6""}"
2026-08-31T15:52:53+00:00,1370453762442797056,1370453762451185664,261,15,9,6,770802446909222912,12467,Jordan James,RB,SF,"{""first_name"": ""Jordan"", ""injury_status"": ""Questionable"", ""last_name"": ""James"", ""news_updated"": ""1787519132890"", ""number"": ""29"", ""player_id"": ""12467"", ""position"": ""RB"", ""sport"": ""nfl"", ""status"": ""Active"", ""team"": ""SF"", ""team_abbr"": """", ""team_changed_at"": """", ""years_exp"": ""1""}"
2026-08-31T15:52:53+00:00,1370453762442797056,1370453762451185664,262,15,10,4,1262823409977393152,11597,Theo Johnson,TE,NYG,"{""first_name"": ""Theo"", ""injury_status"": """", ""last_name"": ""Johnson"", ""news_updated"": ""1787442027124"", ""number"": ""84"", ""player_id"": ""11597"", ""position"": ""TE"", ""sport"": ""nfl"", ""status"": ""Active"", ""team"": ""NYG"", ""team_abbr"": """", ""team_changed_at"": """", ""years_exp"": ""2""}"
2026-08-31T15:52:53+00:00,1370453762442797056,1370453762451185664,263,15,11,16,1135263834127753216,8111,Cade Otton,TE,TB,"{""first_name"": ""Cade"", ""injury_status"": ""Questionable"", ""last_name"": ""Otton"", ""news_updated"": ""1787067945460"", ""number"": ""88"", ""player_id"": ""8111"", ""position"": ""TE"", ""sport"": ""nfl"", ""status"": ""Active"", ""team"": ""TB"", ""team_abbr"": """", ""team_changed_at"": """", ""years_exp"": ""4""}"
2026-08-31T15:52:53+00:00,1370453762442797056,1370453762451185664,264,15,12,9,609154836893601792,11643,Jaylen Wright,RB,MIA,"{""first_name"": ""Jaylen"", ""injury_status"": """", ""last_name"": ""Wright"", ""news_updated"": ""1786766754497"", ""number"": ""5"", ""player_id"": ""11643"", ""position"": ""RB"", ""sport"": ""nfl"", ""status"": ""Active"", ""team"": ""MIA"", ""team_abbr"": """", ""team_changed_at"": """", ""years_exp"": ""2""}"
2026-08-31T15:52:53+00:00,1370453762442797056,1370453762451185664,265,15,13,5,861663770647339008,7090,Darnell Mooney,WR,NYG,"{""first_name"": ""Darnell"", ""injury_status"": """", ""last_name"": ""Mooney"", ""news_updated"": ""1787198118556"", ""number"": ""17"", ""player_id"": ""7090"", ""position"": ""WR"", ""sport"": ""nfl"", ""status"": ""Active"", ""team"": ""NYG"", ""team_abbr"": """", ""team_changed_at"": """", ""years_exp"": ""6""}"
2026-08-31T15:52:53+00:00,1370453762442797056,1370453762451185664,266,15,14,10,1264073315803217920,12150,Jarveon Howard,RB,,"{""first_name"": ""Jarveon"", ""injury_status"": """", ""last_name"": ""Howard"", ""news_updated"": ""1785450624255"", ""number"": ""21"", ""player_id"": ""12150"", ""position"": ""RB"", ""sport"": ""nfl"", ""status"": ""Inactive"", ""team"": """", ""team_abbr"": """", ""team_changed_at"": """", ""years_exp"": ""1""}"
2026-08-31T15:52:53+00:00,1370453762442797056,1370453762451185664,267,15,15,2,779583497248550912,11617,Malachi Corley,WR,CLE,"{""first_name"": ""Malachi"", ""injury_status"": """", ""last_name"": ""Corley"", ""news_updated"": ""1781310034068"", ""number"": ""83"", ""player_id"": ""11617"", ""position"": ""WR"", ""sport"": ""nfl"", ""status"": ""Active"", ""team"": ""CLE"", ""team_abbr"": """", ""team_changed_at"": """", ""years_exp"": ""2""}"
2026-08-31T15:52:53+00:00,1370453762442797056,1370453762451185664,268,15,16,14,1265369037945184256,3488,D.J. Foster,RB,,"{""first_name"": ""D.J."", ""injury_status"": """", ""last_name"": ""Foster"", ""news_updated"": ""1626825947122"", ""number"": ""37"", ""player_id"": ""3488"", ""position"": ""RB"", ""sport"": ""nfl"", ""status"": ""Inactive"", ""team"": """", ""team_abbr"": """", ""team_changed_at"": """", ""years_exp"": ""6""}"
2026-08-31T15:52:53+00:00,1370453762442797056,1370453762451185664,269,15,17,8,1128436496693874688,11435,Emanuel Wilson,RB,SEA,"{""first_name"": ""Emanuel"", ""injury_status"": ""Questionable"", ""last_name"": ""Wilson"", ""news_updated"": ""1786929917846"", ""number"": ""27"", ""player_id"": ""11435"", ""position"": ""RB"", ""sport"": ""nfl"", ""status"": ""Active"", ""team"": ""SEA"", ""team_abbr"": """", ""team_changed_at"": """", ""years_exp"": ""3""}"
2026-08-31T15:52:53+00:00,1370453762442797056,1370453762451185664,270,15,18,12,997317930117337088,4950,Christian Kirk,WR,SF,"{""first_name"": ""Christian"", ""injury_status"": ""Questionable"", ""last_name"": ""Kirk"", ""news_updated"": ""1787434826351"", ""number"": ""3"", ""player_id"": ""4950"", ""position"": ""WR"", ""sport"": ""nfl"", ""status"": ""Active"", ""team"": ""SF"", ""team_abbr"": """", ""team_changed_at"": """", ""years_exp"": ""8""}"
2026-08-31T15:52:53+00:00,1370218620990263296,1370218623456526336,1,1,1,5,1369507540269809664,4984,Josh Allen,QB,BUF,"{""first_name"": ""Josh"", ""injury_status"": """", ""last_name"": ""Allen"", ""news_updated"": ""1781104225271"", ""number"": ""17"", ""player_id"": ""4984"", ""position"": ""QB"", ""sport"": ""nfl"", ""status"": ""Active"", ""team"": ""BUF"", ""team_abbr"": """", ""team_changed_at"": """", ""years_exp"": ""8""}"
2026-08-31T15:52:53+00:00,1370218620990263296,1370218623456526336,2,1,2,10,1087855749369339904,9509,Bijan Robinson,RB,ATL,"{""first_name"": ""Bijan"", ""injury_status"": """", ""last_name"": ""Robinson"", ""news_updated"": ""1780938030495"", ""number"": ""7"", ""player_id"": ""9509"", ""position"": ""RB"", ""sport"": ""nfl"", ""status"": ""Active"", ""team"": ""ATL"", ""team_abbr"": """", ""team_changed_at"": """", ""years_exp"": ""3""}"
2026-08-31T15:52:53+00:00,1370218620990263296,1370218623456526336,3,1,3,12,895461742359175168,9221,Jahmyr Gibbs,RB,DET,"{""first_name"": ""Jahmyr"", ""injury_status"": """", ""last_name"": ""Gibbs"", ""news_updated"": ""1780598107266"", ""number"": ""0"", ""player_id"": ""9221"", ""position"": ""RB"", ""sport"": ""nfl"", ""status"": ""Active"", ""team"": ""DET"", ""team_abbr"": """", ""team_changed_at"": """", ""years_exp"": ""3""}"
2026-08-31T15:52:53+00:00,1370218620990263296,1370218623456526336,4,1,4,11,214141231750443008,7564,Ja'Marr Chase,WR,CIN,"{""first_name"": ""Ja'Marr"", ""injury_status"": """", ""last_name"": ""Chase"", ""news_updated"": ""1781016638037"", ""number"": ""1"", ""player_id"": ""7564"", ""position"": ""WR"", ""sport"": ""nfl"", ""status"": ""Active"", ""team"": ""CIN"", ""team_abbr"": """", ""team_changed_at"": """", ""years_exp"": ""5""}"
2026-08-31T15:52:53+00:00,1370218620990263296,1370218623456526336,5,1,5,2,1241276722213564416,9493,Puka Nacua,WR,LAR,"{""first_name"": ""Puka"", ""injury_status"": """", ""last_name"": ""Nacua"", ""news_updated"": ""1780147843899"", ""number"": ""12"", ""player_id"": ""9493"", ""position"": ""WR"", ""sport"": ""nfl"", ""status"": ""Active"", ""team"": ""LAR"", ""team_abbr"": """", ""team_changed_at"": """", ""years_exp"": ""3""}"
2026-08-31T15:52:53+00:00,1370218620990263296,1370218623456526336,6,1,6,6,998103180779155456,11564,Drake Maye,QB,NE,"{""first_name"": ""Drake"", ""injury_status"": """", ""last_name"": ""Maye"", ""news_updated"": ""1780408846050"", ""number"": ""10"", ""player_id"": ""11564"", ""position"": ""QB"", ""sport"": ""nfl"", ""status"": ""Active"", ""team"": ""NE"", ""team_abbr"": """", ""team_changed_at"": """", ""years_exp"": ""2""}"
2026-08-31T15:52:53+00:00,1370218620990263296,1370218623456526336,7,1,7,4,458310882858889216,9488,Jaxon Smith-Njigba,WR,SEA,"{""first_name"": ""Jaxon"", ""injury_status"": """", ""last_name"": ""Smith-Njigba"", ""news_updated"": ""1781276151383"", ""number"": ""11"", ""player_id"": ""9488"", ""position"": ""WR"", ""sport"": ""nfl"", ""status"": ""Active"", ""team"": ""SEA"", ""team_abbr"": """", ""team_changed_at"": """", ""years_exp"": ""3""}"
2026-08-31T15:52:53+00:00,1370218620990263296,1370218623456526336,8,1,8,1,978483609717858304,11566,Jayden Daniels,QB,WAS,"{""first_name"": ""Jayden"", ""injury_status"": """", ""last_name"": ""Daniels"", ""news_updated"": ""1779915329668"", ""number"": ""5"", ""player_id"": ""11566"", ""position"": ""QB"", ""sport"": ""nfl"", ""status"": ""Active"", ""team"": ""WAS"", ""team_abbr"": """", ""team_changed_at"": """", ""years_exp"": ""2""}"
2026-08-31T15:52:53+00:00,1370218620990263296,1370218623456526336,9,1,9,3,779583277362245632,6770,Joe Burrow,QB,CIN,"{""first_name"": ""Joe"", ""injury_status"": """", ""last_name"": ""Burrow"", ""news_updated"": ""1781035539919"", ""number"": ""9"", ""player_id"": ""6770"", ""position"": ""QB"", ""sport"": ""nfl"", ""status"": ""Active"", ""team"": ""CIN"", ""team_abbr"": """", ""team_changed_at"": """", ""years_exp"": ""6""}"
2026-08-31T15:52:53+00:00,1370218620990263296,1370218623456526336,10,1,10,8,725564023889817600,11632,Malik Nabers,WR,NYG,"{""first_name"": ""Malik"", ""injury_status"": ""Questionable"", ""last_name"": ""Nabers"", ""news_updated"": ""1781276751209"", ""number"": ""1"", ""player_id"": ""11632"", ""position"": ""WR"", ""sport"": ""nfl"", ""status"": ""Active"", ""team"": ""NYG"", ""team_abbr"": """", ""team_changed_at"": """", ""years_exp"": ""2""}"
2026-08-31T15:52:53+00:00,1370218620990263296,1370218623456526336,11,1,11,7,1241249556683821056,4881,Lamar Jackson,QB,BAL,"{""first_name"": ""Lamar"", ""injury_status"": """", ""last_name"": ""Jackson"", ""news_updated"": ""1780084838586"", ""number"": ""8"", ""player_id"": ""4881"", ""position"": ""QB"", ""sport"": ""nfl"", ""status"": ""Active"", ""team"": ""BAL"", ""team_abbr"": """", ""team_changed_at"": """", ""years_exp"": ""8""}"
2026-08-31T15:52:53+00:00,1370218620990263296,1370218623456526336,12,1,12,9,1225654710162182144,7547,Amon-Ra St. Brown,WR,DET,"{""first_name"": ""Amon-Ra"", ""injury_status"": """", ""last_name"": ""St. Brown"", ""news_updated"": ""1780580705498"", ""number"": ""14"", ""player_id"": ""7547"", ""position"": ""WR"", ""sport"": ""nfl"", ""status"": ""Active"", ""team"": ""DET"", ""team_abbr"": """", ""team_changed_at"": """", ""years_exp"": ""5""}"
2026-08-31T15:52:53+00:00,1370218620990263296,1370218623456526336,13,2,12,9,1225654710162182144,11560,Caleb Williams,QB,CHI,"{""first_name"": ""Caleb"", ""injury_status"": """", ""last_name"": ""Williams"", ""news_updated"": ""1781099124928"", ""number"": ""18"", ""player_id"": ""11560"", ""position"": ""QB"", ""sport"": ""nfl"", ""status"": ""Active"", ""team"": ""CHI"", ""team_abbr"": """", ""team_changed_at"": """", ""years_exp"": ""2""}"
2026-08-31T15:52:53+00:00,1370218620990263296,1370218623456526336,14,2,11,7,1241249556683821056,8130,Trey McBride,TE,ARI,"{""first_name"": ""Trey"", ""injury_status"": """", ""last_name"": ""McBride"", ""news_updated"": ""1780234851482"", ""number"": ""85"", ""player_id"": ""8130"", ""position"": ""TE"", ""sport"": ""nfl"", ""status"": ""Active"", ""team"": ""ARI"", ""team_abbr"": """", ""team_changed_at"": """", ""years_exp"": ""4""}"
2026-08-31T15:52:53+00:00,1370218620990263296,1370218623456526336,15,2,10,8,725564023889817600,12527,Ashton Jeanty,RB,LV,"{""first_name"": ""Ashton"", ""injury_status"": """", ""last_name"": ""Jeanty"", ""news_updated"": ""1780512358052"", ""number"": ""2"", ""player_id"": ""12527"", ""position"": ""RB"", ""sport"": ""nfl"", ""status"": ""Active"", ""team"": ""LV"", ""team_abbr"": """", ""team_changed_at"": """", ""years_exp"": ""1""}"
2026-08-31T15:52:53+00:00,1370218620990263296,1370218623456526336,16,2,9,12,895461742359175168,6786,CeeDee Lamb,WR,DAL,"{""first_name"": ""CeeDee"", ""injury_status"": """", ""last_name"": ""Lamb"", ""news_updated"": ""1781025038844"", ""number"": ""88"", ""player_id"": ""6786"", ""position"": ""WR"", ""sport"": ""nfl"", ""status"": ""Active"", ""team"": ""DAL"", ""team_abbr"": """", ""team_changed_at"": """", ""years_exp"": ""6""}"
2026-08-31T15:52:53+00:00,1370218620990263296,1370218623456526336,17,2,8,1,978483609717858304,11604,Brock Bowers,TE,LV,"{""first_name"": ""Brock"", ""injury_status"": """", ""last_name"": ""Bowers"", ""news_updated"": ""1780096542136"", ""number"": ""89"", ""player_id"": ""11604"", ""position"": ""TE"", ""sport"": ""nfl"", ""status"": ""Active"", ""team"": ""LV"", ""team_abbr"": """", ""team_changed_at"": """", ""years_exp"": ""2""}"
2026-08-31T15:52:53+00:00,1370218620990263296,1370218623456526336,18,2,7,4,458310882858889216,13287,Jeremiyah Love,RB,ARI,"{""first_name"": ""Jeremiyah"", ""injury_status"": """", ""last_name"": ""Love"", ""news_updated"": ""1780322159788"", ""number"": ""4"", ""player_id"": ""13287"", ""position"": ""RB"", ""sport"": ""nfl"", ""status"": ""Active"", ""team"": ""ARI"", ""team_abbr"": """", ""team_changed_at"": """", ""years_exp"": ""0""}"
2026-08-31T15:52:53+00:00,1370218620990263296,1370218623456526336,19,2,6,6,998103180779155456,6797,Justin Herbert,QB,LAC,"{""first_name"": ""Justin"", ""injury_status"": """", ""last_name"": ""Herbert"", ""news_updated"": ""1780515358310"", ""number"": ""10"", ""player_id"": ""6797"", ""position"": ""QB"", ""sport"": ""nfl"", ""status"": ""Active"", ""team"": ""LAC"", ""team_abbr"": """", ""team_changed_at"": """", ""years_exp"": ""6""}"
2026-08-31T15:52:53+00:00,1370218620990263296,1370218623456526336,20,2,5,2,1241276722213564416,12508,Jaxson Dart,QB,NYG,"{""first_name"": ""Jaxson"", ""injury_status"": """", ""last_name"": ""Dart"", ""news_updated"": ""1779999320681"", ""number"": ""6"", ""player_id"": ""12508"", ""position"": ""QB"", ""sport"": ""nfl"", ""status"": ""Active"", ""team"": ""NYG"", ""team_abbr"": """", ""team_changed_at"": """", ""years_exp"": ""1""}"
2026-08-31T15:52:53+00:00,1370218620990263296,1370218623456526336,21,2,4,11,214141231750443008,6794,Justin Jefferson,WR,MIN,"{""first_name"": ""Justin"", ""injury_status"": """", ""last_name"": ""Jefferson"", ""news_updated"": ""1780233651361"", ""number"": ""18"", ""player_id"": ""6794"", ""position"": ""WR"", ""sport"": ""nfl"", ""status"": ""Active"", ""team"": ""MIN"", ""team_abbr"": """", ""team_changed_at"": """", ""years_exp"": ""6""}"
2026-08-31T15:52:53+00:00,1370218620990263296,1370218623456526336,22,2,3,3,779583277362245632,12507,Omarion Hampton,RB,LAC,"{""first_name"": ""Omarion"", ""injury_status"": """", ""last_name"": ""Hampton"", ""news_updated"": ""1780518958774"", ""number"": ""8"", ""player_id"": ""12507"", ""position"": ""RB"", ""sport"": ""nfl"", ""status"": ""Active"", ""team"": ""LAC"", ""team_abbr"": """", ""team_changed_at"": """", ""years_exp"": ""1""}"
2026-08-31T15:52:53+00:00,1370218620990263296,1370218623456526336,23,2,2,10,1087855749369339904,8112,Drake London,WR,ATL,"{""first_name"": ""Drake"", ""injury_status"": """", ""last_name"": ""London"", ""news_updated"": ""1780450550750"", ""number"": ""5"", ""player_id"": ""8112"", ""position"": ""WR"", ""sport"": ""nfl"", ""status"": ""Active"", ""team"": ""ATL"", ""team_abbr"": """", ""team_changed_at"": """", ""years_exp"": ""4""}"
2026-08-31T15:52:53+00:00,1370218620990263296,1370218623456526336,24,2,1,5,1369507540269809664,9226,De'Von Achane,RB,MIA,"{""first_name"": ""De'Von"", ""injury_status"": ""Questionable"", ""last_name"": ""Achane"", ""news_updated"": ""1780513258072"", ""number"": ""28"", ""player_id"": ""9226"", ""position"": ""RB"", ""sport"": ""nfl"", ""status"": ""Active"", ""team"": ""MIA"", ""team_abbr"": """", ""team_changed_at"": """", ""years_exp"": ""3""}"
2026-08-31T15:52:53+00:00,1370218620990263296,1370218623456526336,25,3,12,11,214141231750443008,6904,Jalen Hurts,QB,PHI,"{""first_name"": ""Jalen"", ""injury_status"": """", ""last_name"": ""Hurts"", ""news_updated"": ""1781098524971"", ""number"": ""1"", ""player_id"": ""6904"", ""position"": ""QB"", ""sport"": ""nfl"", ""status"": ""Active"", ""team"": ""PHI"", ""team_abbr"": """", ""team_changed_at"": """", ""years_exp"": ""6""}"
2026-08-31T15:52:53+00:00,1370218620990263296,1370218623456526336,26,3,11,7,1241249556683821056,6813,Jonathan Taylor,RB,IND,"{""first_name"": ""Jonathan"", ""injury_status"": """", ""last_name"": ""Taylor"", ""news_updated"": ""1781280951689"", ""number"": ""28"", ""player_id"": ""6813"", ""position"": ""RB"", ""sport"": ""nfl"", ""status"": ""Active"", ""team"": ""IND"", ""team_abbr"": """", ""team_changed_at"": """", ""years_exp"": ""6""}"
2026-08-31T15:52:53+00:00,1370218620990263296,1370218623456526336,27,3,10,8,725564023889817600,8138,James Cook,RB,BUF,"{""first_name"": ""James"", ""injury_status"": """", ""last_name"": ""Cook"", ""news_updated"": ""1781271050929"", ""number"": ""4"", ""player_id"": ""8138"", ""position"": ""RB"", ""sport"": ""nfl"", ""status"": ""Active"", ""team"": ""BUF"", ""team_abbr"": """", ""team_changed_at"": """", ""years_exp"": ""4""}"
2026-08-31T15:52:53+00:00,1370218620990263296,1370218623456526336,28,3,9,12,895461742359175168,4046,Patrick Mahomes,QB,KC,"{""first_name"": ""Patrick"", ""injury_status"": ""Questionable"", ""last_name"": ""Mahomes"", ""news_updated"": ""1781225146992"", ""number"": ""15"", ""player_id"": ""4046"", ""position"": ""QB"", ""sport"": ""nfl"", ""status"": ""Active"", ""team"": ""KC"", ""team_abbr"": """", ""team_changed_at"": """", ""years_exp"": ""9""}"
2026-08-31T15:52:53+00:00,1370218620990263296,1370218623456526336,29,3,8,1,978483609717858304,12526,Tetairoa McMillan,WR,CAR,"{""first_name"": ""Tetairoa"", ""injury_status"": ""Questionable"", ""last_name"": ""McMillan"", ""news_updated"": ""1781191224329"", ""number"": ""4"", ""player_id"": ""12526"", ""position"": ""WR"", ""sport"": ""nfl"", ""status"": ""Active"", ""team"": ""CAR"", ""team_abbr"": """", ""team_changed_at"": """", ""years_exp"": ""1""}"
2026-08-31T15:52:53+00:00,1370218620990263296,1370218623456526336,30,3,7,4,458310882858889216,12517,Colston Loveland,TE,CHI,"{""first_name"": ""Colston"", ""injury_status"": """", ""last_name"": ""Loveland"", ""news_updated"": ""1781114415200"", ""number"": ""84"", ""player_id"": ""12517"", ""position"": ""TE"", ""sport"": ""nfl"", ""status"": ""Active"", ""team"": ""CHI"", ""team_abbr"": """", ""team_changed_at"": """", ""years_exp"": ""1""}"
2026-08-31T15:52:53+00:00,1370218620990263296,1370218623456526336,31,3,6,6,998103180779155456,7569,Nico Collins,WR,HOU,"{""first_name"": ""Nico"", ""injury_status"": """", ""last_name"": ""Collins"", ""news_updated"": ""1779995442446"", ""number"": ""12"", ""player_id"": ""7569"", ""position"": ""WR"", ""sport"": ""nfl"", ""status"": ""Active"", ""team"": ""HOU"", ""team_abbr"": """", ""team_changed_at"": """", ""years_exp"": ""5""}"
2026-08-31T15:52:53+00:00,1370218620990263296,1370218623456526336,32,3,5,2,1241276722213564416,8151,Kenneth Walker,RB,KC,"{""first_name"": ""Kenneth"", ""injury_status"": """", ""last_name"": ""Walker"", ""news_updated"": ""1780966233134"", ""number"": ""9"", ""player_id"": ""8151"", ""position"": ""RB"", ""sport"": ""nfl"", ""status"": ""Active"", ""team"": ""KC"", ""team_abbr"": """", ""team_changed_at"": """", ""years_exp"": ""4""}"
2026-08-31T15:52:53+00:00,1370218620990263296,1370218623456526336,33,3,4,9,1225654710162182144,7523,Trevor Lawrence,QB,JAX,"{""first_name"": ""Trevor"", ""injury_status"": """", ""last_name"": ""Lawrence"", ""news_updated"": ""1780753250214"", ""number"": ""16"", ""player_id"": ""7523"", ""position"": ""QB"", ""sport"": ""nfl"", ""status"": ""Active"", ""team"": ""JAX"", ""team_abbr"": """", ""team_changed_at"": """", ""years_exp"": ""5""}"
2026-08-31T15:52:53+00:00,1370218620990263296,1370218623456526336,34,3,3,3,779583277362245632,12514,Emeka Egbuka,WR,TB,"{""first_name"": ""Emeka"", ""injury_status"": """", ""last_name"": ""Egbuka"", ""news_updated"": ""1780255253222"", ""number"": ""2"", ""player_id"": ""12514"", ""position"": ""WR"", ""sport"": ""nfl"", ""status"": ""Active"", ""team"": ""TB"", ""team_abbr"": """", ""team_changed_at"": """", ""years_exp"": ""1""}"
2026-08-31T15:52:53+00:00,1370218620990263296,1370218623456526336,35,3,2,10,1087855749369339904,8183,Brock Purdy,QB,SF,"{""first_name"": ""Brock"", ""injury_status"": """", ""last_name"": ""Purdy"", ""news_updated"": ""1780234251400"", ""number"": ""13"", ""player_id"": ""8183"", ""position"": ""QB"", ""sport"": ""nfl"", ""status"": ""Active"", ""team"": ""SF"", ""team_abbr"": """", ""team_changed_at"": """", ""years_exp"": ""4""}"
2026-08-31T15:52:53+00:00,1370218620990263296,1370218623456526336,36,3,1,5,1369507540269809664,8137,George Pickens,WR,DAL,"{""first_name"": ""George"", ""injury_status"": """", ""last_name"": ""Pickens"", ""news_updated"": ""1780620939647"", ""number"": ""3"", ""player_id"": ""8137"", ""position"": ""WR"", ""sport"": ""nfl"", ""status"": ""Active"", ""team"": ""DAL"", ""team_abbr"": """", ""team_changed_at"": """", ""years_exp"": ""4""}"
2026-08-31T15:52:53+00:00,1370218620990263296,1370218623456526336,37,4,1,5,1369507540269809664,8144,Chris Olave,WR,NO,"{""first_name"": ""Chris"", ""injury_status"": ""Questionable"", ""last_name"": ""Olave"", ""news_updated"": ""1781191224400"", ""number"": ""12"", ""player_id"": ""8144"", ""position"": ""WR"", ""sport"": ""nfl"", ""status"": ""Active"", ""team"": ""NO"", ""team_abbr"": """", ""team_changed_at"": """", ""years_exp"": ""4""}"
2026-08-31T15:52:53+00:00,1370218620990263296,1370218623456526336,38,4,2,10,1087855749369339904,8146,Garrett Wilson,WR,NYJ,"{""first_name"": ""Garrett"", ""injury_status"": """", ""last_name"": ""Wilson"", ""news_updated"": ""1780337439510"", ""number"": ""5"", ""player_id"": ""8146"", ""position"": ""WR"", ""sport"": ""nfl"", ""status"": ""Active"", ""team"": ""NYJ"", ""team_abbr"": """", ""team_changed_at"": """", ""years_exp"": ""4""}"
2026-08-31T15:52:53+00:00,1370218620990263296,1370218623456526336,39,4,3,3,779583277362245632,9224,Chase Brown,RB,CIN,"{""first_name"": ""Chase"", ""injury_status"": """", ""last_name"": ""Brown"", ""news_updated"": ""1781108725669"", ""number"": ""30"", ""player_id"": ""9224"", ""position"": ""RB"", ""sport"": ""nfl"", ""status"": ""Active"", ""team"": ""CIN"", ""team_abbr"": """", ""team_changed_at"": """", ""years_exp"": ""3""}"
2026-08-31T15:52:53+00:00,1370218620990263296,1370218623456526336,40,4,4,9,1225654710162182144,12518,Tyler Warren,TE,IND,"{""first_name"": ""Tyler"", ""injury_status"": """", ""last_name"": ""Warren"", ""news_updated"": ""1780936530292"", ""number"": ""84"", ""player_id"": ""12518"", ""position"": ""TE"", ""sport"": ""nfl"", ""status"": ""Active"", ""team"": ""IND"", ""team_abbr"": """", ""team_changed_at"": """", ""years_exp"": ""1""}"
2026-08-31T15:52:53+00:00,1370218620990263296,1370218623456526336,41,4,5,2,1241276722213564416,10859,Sam LaPorta,TE,DET,"{""first_name"": ""Sam"", ""injury_status"": ""Questionable"", ""last_name"": ""LaPorta"", ""news_updated"": ""1780619739292"", ""number"": ""87"", ""player_id"": ""10859"", ""position"": ""TE"", ""sport"": ""nfl"", ""status"": ""Active"", ""team"": ""DET"", ""team_abbr"": """", ""team_changed_at"": """", ""years_exp"": ""3""}"
2026-08-31T15:52:53+00:00,1370218620990263296,1370218623456526336,42,4,6,6,998103180779155456,8155,Breece Hall,RB,NYJ,"{""first_name"": ""Breece"", ""injury_status"": """", ""last_name"": ""Hall"", ""news_updated"": ""1781489451559"", ""number"": ""20"", ""player_id"": ""8155"", ""position"": ""RB"", ""sport"": ""nfl"", ""status"": ""Active"", ""team"": ""NYJ"", ""team_abbr"": """", ""team_changed_at"": """", ""years_exp"": ""4""}"
2026-08-31T15:52:53+00:00,1370218620990263296,1370218623456526336,43,4,7,4,458310882858889216,11635,Ladd McConkey,WR,LAC,"{""first_name"": ""Ladd"", ""injury_status"": """", ""last_name"": ""McConkey"", ""news_updated"": ""1781375138027"", ""number"": ""15"", ""player_id"": ""11635"", ""position"": ""WR"", ""sport"": ""nfl"", ""status"": ""Active"", ""team"": ""LAC"", ""team_abbr"": """", ""team_changed_at"": """", ""years_exp"": ""2""}"
2026-08-31T15:52:53+00:00,1370218620990263296,1370218623456526336,44,4,8,1,978483609717858304,13279,Carnell Tate,WR,TEN,"{""first_name"": ""Carnell"", ""injury_status"": """", ""last_name"": ""Tate"", ""news_updated"": ""1781273751076"", ""number"": ""14"", ""player_id"": ""13279"", ""position"": ""WR"", ""sport"": ""nfl"", ""status"": ""Active"", ""team"": ""TEN"", ""team_abbr"": """", ""team_changed_at"": """", ""years_exp"": ""0""}"
2026-08-31T15:52:53+00:00,1370218620990263296,1370218623456526336,45,4,9,3,779583277362245632,12519,Luther Burden,WR,CHI,"{""first_name"": ""Luther"", ""injury_status"": """", ""last_name"": ""Burden"", ""news_updated"": ""1780623637425"", ""number"": ""10"", ""player_id"": ""12519"", ""position"": ""WR"", ""sport"": ""nfl"", ""status"": ""Active"", ""team"": ""CHI"", ""team_abbr"": """", ""team_changed_at"": """", ""years_exp"": ""1""}"
2026-08-31T15:52:53+00:00,1370218620990263296,1370218623456526336,46,4,10,8,725564023889817600,11563,Bo Nix,QB,DEN,"{""first_name"": ""Bo"", ""injury_status"": ""Questionable"", ""last_name"": ""Nix"", ""news_updated"": ""1781268952755"", ""number"": ""10"", ""player_id"": ""11563"", ""position"": ""QB"", ""sport"": ""nfl"", ""status"": ""Active"", ""team"": ""DEN"", ""team_abbr"": """", ""team_changed_at"": """", ""years_exp"": ""2""}"
2026-08-31T15:52:53+00:00,1370218620990263296,1370218623456526336,47,4,11,7,1241249556683821056,4034,Christian McCaffrey,RB,SF,"{""first_name"": ""Christian"", ""injury_status"": """", ""last_name"": ""McCaffrey"", ""news_updated"": ""1780080640032"", ""number"": ""23"", ""player_id"": ""4034"", ""position"": ""RB"", ""sport"": ""nfl"", ""status"": ""Active"", ""team"": ""SF"", ""team_abbr"": """", ""team_changed_at"": """", ""years_exp"": ""9""}"
2026-08-31T15:52:53+00:00,1370218620990263296,1370218623456526336,48,4,12,1,978483609717858304,13281,Jordyn Tyson,WR,NO,"{""first_name"": ""Jordyn"", ""injury_status"": ""Questionable"", ""last_name"": ""Tyson"", ""news_updated"": ""1780001120803"", ""number"": ""0"", ""player_id"": ""13281"", ""position"": ""WR"", ""sport"": ""nfl"", ""status"": ""Active"", ""team"": ""NO"", ""team_abbr"": """", ""team_changed_at"": """", ""years_exp"": ""0""}"
2026-08-31T15:52:53+00:00,1370218620990263296,1370218623456526336,49,5,12,1,978483609717858304,12512,Quinshon Judkins,RB,CLE,"{""first_name"": ""Quinshon"", ""injury_status"": ""Questionable"", ""last_name"": ""Judkins"", ""news_updated"": ""1781203522890"", ""number"": ""10"", ""player_id"": ""12512"", ""position"": ""RB"", ""sport"": ""nfl"", ""status"": ""Active"", ""team"": ""CLE"", ""team_abbr"": """", ""team_changed_at"": """", ""years_exp"": ""1""}"
2026-08-31T15:52:53+00:00,1370218620990263296,1370218623456526336,50,5,11,7,1241249556683821056,11620,Rome Odunze,WR,CHI,"{""first_name"": ""Rome"", ""injury_status"": """", ""last_name"": ""Odunze"", ""news_updated"": ""1780582805834"", ""number"": ""15"", ""player_id"": ""11620"", ""position"": ""WR"", ""sport"": ""nfl"", ""status"": ""Active"", ""team"": ""CHI"", ""team_abbr"": """", ""team_changed_at"": """", ""years_exp"": ""2""}"
2026-08-31T15:52:53+00:00,1370218620990263296,1370218623456526336,51,5,10,8,725564023889817600,10229,Rashee Rice,WR,KC,"{""first_name"": ""Rashee"", ""injury_status"": ""Questionable"", ""last_name"": ""Rice"", ""news_updated"": ""1781268352177"", ""number"": ""4"", ""player_id"": ""10229"", ""position"": ""WR"", ""sport"": ""nfl"", ""status"": ""Active"", ""team"": ""KC"", ""team_abbr"": """", ""team_changed_at"": """", ""years_exp"": ""3""}"
2026-08-31T15:52:53+00:00,1370218620990263296,1370218623456526336,52,5,9,12,895461742359175168,3294,Dak Prescott,QB,DAL,"{""first_name"": ""Dak"", ""injury_status"": """", ""last_name"": ""Prescott"", ""news_updated"": ""1781184021539"", ""number"": ""4"", ""player_id"": ""3294"", ""position"": ""QB"", ""sport"": ""nfl"", ""status"": ""Active"", ""team"": ""DAL"", ""team_abbr"": """", ""team_changed_at"": """", ""years_exp"": ""10""}"
2026-08-31T15:52:53+00:00,1370218620990263296,1370218623456526336,53,5,8,9,1225654710162182144,11631,Brian Thomas,WR,JAX,"{""first_name"": ""Brian"", ""injury_status"": """", ""last_name"": ""Thomas"", ""news_updated"": ""1780965332956"", ""number"": ""7"", ""player_id"": ""11631"", ""position"": ""WR"", ""sport"": ""nfl"", ""status"": ""Active"", ""team"": ""JAX"", ""team_abbr"": """", ""team_changed_at"": """", ""years_exp"": ""2""}"
2026-08-31T15:52:53+00:00,1370218620990263296,1370218623456526336,54,5,7,4,458310882858889216,13269,Fernando Mendoza,QB,LV,"{""first_name"": ""Fernando"", ""injury_status"": """", ""last_name"": ""Mendoza"", ""news_updated"": ""1781271650794"", ""number"": ""15"", ""player_id"": ""13269"", ""position"": ""QB"", ""sport"": ""nfl"", ""status"": ""Active"", ""team"": ""LV"", ""team_abbr"": """", ""team_changed_at"": """", ""years_exp"": ""0""}"
2026-08-31T15:52:53+00:00,1370218620990263296,1370218623456526336,55,5,6,6,998103180779155456,12529,TreVeyon Henderson,RB,NE,"{""first_name"": ""TreVeyon"", ""injury_status"": """", ""last_name"": ""Henderson"", ""news_updated"": ""1781012137788"", ""number"": ""32"", ""player_id"": ""12529"", ""position"": ""RB"", ""sport"": ""nfl"", ""status"": ""Active"", ""team"": ""NE"", ""team_abbr"": """", ""team_changed_at"": """", ""years_exp"": ""1""}"
2026-08-31T15:52:53+00:00,1370218620990263296,1370218623456526336,56,5,5,2,1241276722213564416,5859,A.J. Brown,WR,NE,"{""first_name"": ""A.J."", ""injury_status"": """", ""last_name"": ""Brown"", ""news_updated"": ""1780640441656"", ""number"": ""1"", ""player_id"": ""5859"", ""position"": ""WR"", ""sport"": ""nfl"", ""status"": ""Active"", ""team"": ""NE"", ""team_abbr"": """", ""team_changed_at"": """", ""years_exp"": ""7""}"
2026-08-31T15:52:53+00:00,1370218620990263296,1370218623456526336,57,5,4,11,214141231750443008,6804,Jordan Love,QB,GB,"{""first_name"": ""Jordan"", ""injury_status"": """", ""last_name"": ""Love"", ""news_updated"": ""1779991838496"", ""number"": ""10"", ""player_id"": ""6804"", ""position"": ""QB"", ""sport"": ""nfl"", ""status"": ""Active"", ""team"": ""GB"", ""team_abbr"": """", ""team_changed_at"": """", ""years_exp"": ""6""}"
2026-08-31T15:52:53+00:00,1370218620990263296,1370218623456526336,58,5,3,3,779583277362245632,11584,Bucky Irving,RB,TB,"{""first_name"": ""Bucky"", ""injury_status"": ""Questionable"", ""last_name"": ""Irving"", ""news_updated"": ""1781268952736"", ""number"": ""7"", ""player_id"": ""11584"", ""position"": ""RB"", ""sport"": ""nfl"", ""status"": ""Active"", ""team"": ""TB"", ""team_abbr"": """", ""team_changed_at"": """", ""years_exp"": ""2""}"
2026-08-31T15:52:53+00:00,1370218620990263296,1370218623456526336,59,5,2,10,1087855749369339904,13294,Makai Lemon,WR,PHI,"{""first_name"": ""Makai"", ""injury_status"": ""Questionable"", ""last_name"": ""Lemon"", ""news_updated"": ""1781035241504"", ""number"": ""9"", ""player_id"": ""13294"", ""position"": ""WR"", ""sport"": ""nfl"", ""status"": ""Active"", ""team"": ""PHI"", ""team_abbr"": """", ""team_changed_at"": """", ""years_exp"": ""0""}"
2026-08-31T15:52:53+00:00,1370218620990263296,1370218623456526336,60,5,1,5,1369507540269809664,7543,Travis Etienne,RB,NO,"{""first_name"": ""Travis"", ""injury_status"": """", ""last_name"": ""Etienne"", ""news_updated"": ""1781529656391"", ""number"": ""3"", ""player_id"": ""7543"", ""position"": ""RB"", ""sport"": ""nfl"", ""status"": ""Active"", ""team"": ""NO"", ""team_abbr"": """", ""team_changed_at"": """", ""years_exp"": ""5""}"
2026-08-31T15:52:53+00:00,1370218620990263296,1370218623456526336,61,6,1,5,1369507540269809664,7525,DeVonta Smith,WR,PHI,"{""first_name"": ""DeVonta"", ""injury_status"": """", ""last_name"": ""Smith"", ""news_updated"": ""1780407045846"", ""number"": ""6"", ""player_id"": ""7525"", ""position"": ""WR"", ""sport"": ""nfl"", ""status"": ""Active"", ""team"": ""PHI"", ""team_abbr"": """", ""team_changed_at"": """", ""years_exp"": ""5""}"
2026-08-31T15:52:53+00:00,1370218620990263296,1370218623456526336,62,6,2,10,1087855749369339904,12481,Cam Skattebo,RB,NYG,"{""first_name"": ""Cam"", ""injury_status"": """", ""last_name"": ""Skattebo"", ""news_updated"": ""1781099724879"", ""number"": ""44"", ""player_id"": ""12481"", ""position"": ""RB"", ""sport"": ""nfl"", ""status"": ""Active"", ""team"": ""NYG"", ""team_abbr"": """", ""team_changed_at"": """", ""years_exp"": ""1""}"
2026-08-31T15:52:53+00:00,1370218620990263296,1370218623456526336,63,6,3,12,895461742359175168,4866,Saquon Barkley,RB,PHI,"{""first_name"": ""Saquon"", ""injury_status"": """", ""last_name"": ""Barkley"", ""news_updated"": ""1781054741721"", ""number"": ""26"", ""player_id"": ""4866"", ""position"": ""RB"", ""sport"": ""nfl"", ""status"": ""Active"", ""team"": ""PHI"", ""team_abbr"": """", ""team_changed_at"": """", ""years_exp"": ""8""}"
2026-08-31T15:52:53+00:00,1370218620990263296,1370218623456526336,64,6,4,11,214141231750443008,9484,Tucker Kraft,TE,GB,"{""first_name"": ""Tucker"", ""injury_status"": ""Questionable"", ""last_name"": ""Kraft"", ""news_updated"": ""1781119815536"", ""number"": ""85"", ""player_id"": ""9484"", ""position"": ""TE"", ""sport"": ""nfl"", ""status"": ""Active"", ""team"": ""GB"", ""team_abbr"": """", ""team_changed_at"": """", ""years_exp"": ""3""}"
2026-08-31T15:52:53+00:00,1370218620990263296,1370218623456526336,65,6,5,2,1241276722213564416,12522,Cam Ward,QB,TEN,"{""first_name"": ""Cam"", ""injury_status"": """", ""last_name"": ""Ward"", ""news_updated"": ""1781283951840"", ""number"": ""1"", ""player_id"": ""12522"", ""position"": ""QB"", ""sport"": ""nfl"", ""status"": ""Active"", ""team"": ""TEN"", ""team_abbr"": """", ""team_changed_at"": """", ""years_exp"": ""1""}"
2026-08-31T15:52:53+00:00,1370218620990263296,1370218623456526336,66,6,6,6,998103180779155456,12506,Harold Fannin,TE,CLE,"{""first_name"": ""Harold"", ""injury_status"": ""Questionable"", ""last_name"": ""Fannin"", ""news_updated"": ""1781030739413"", ""number"": ""44"", ""player_id"": ""12506"", ""position"": ""TE"", ""sport"": ""nfl"", ""status"": ""Active"", ""team"": ""CLE"", ""team_abbr"": """", ""team_changed_at"": """", ""years_exp"": ""1""}"
2026-08-31T15:52:53+00:00,1370218620990263296,1370218623456526336,67,6,7,4,458310882858889216,8150,Kyren Williams,RB,LAR,"{""first_name"": ""Kyren"", ""injury_status"": """", ""last_name"": ""Williams"", ""news_updated"": ""1781017238177"", ""number"": ""23"", ""player_id"": ""8150"", ""position"": ""RB"", ""sport"": ""nfl"", ""status"": ""Active"", ""team"": ""LAR"", ""team_abbr"": """", ""team_changed_at"": """", ""years_exp"": ""4""}"
2026-08-31T15:52:53+00:00,1370218620990263296,1370218623456526336,68,6,8,9,1225654710162182144,11628,Marvin Harrison,WR,ARI,"{""first_name"": ""Marvin"", ""injury_status"": """", ""last_name"": ""Harrison"", ""news_updated"": ""1780512058086"", ""number"": ""18"", ""player_id"": ""11628"", ""position"": ""WR"", ""sport"": ""nfl"", ""status"": ""Active"", ""team"": ""ARI"", ""team_abbr"": """", ""team_changed_at"": """", ""years_exp"": ""2""}"
2026-08-31T15:52:53+00:00,1370218620990263296,1370218623456526336,69,6,9,12,895461742359175168,6801,Tee Higgins,WR,CIN,"{""first_name"": ""Tee"", ""injury_status"": """", ""last_name"": ""Higgins"", ""news_updated"": ""1781013938072"", ""number"": ""5"", ""player_id"": ""6801"", ""position"": ""WR"", ""sport"": ""nfl"", ""status"": ""Active"", ""team"": ""CIN"", ""team_abbr"": """", ""team_changed_at"": """", ""years_exp"": ""6""}"
2026-08-31T15:52:53+00:00,1370218620990263296,1370218623456526336,70,6,10,8,725564023889817600,7588,Javonte Williams,RB,DAL,"{""first_name"": ""Javonte"", ""injury_status"": """", ""last_name"": ""Williams"", ""news_updated"": ""1781016038156"", ""number"": ""33"", ""player_id"": ""7588"", ""position"": ""RB"", ""sport"": ""nfl"", ""status"": ""Active"", ""team"": ""DAL"", ""team_abbr"": """", ""team_changed_at"": """", ""years_exp"": ""5""}"
2026-08-31T15:52:53+00:00,1370218620990263296,1370218623456526336,71,6,11,7,1241249556683821056,9997,Zay Flowers,WR,BAL,"{""first_name"": ""Zay"", ""injury_status"": """", ""last_name"": ""Flowers"", ""news_updated"": ""1780245352400"", ""number"": ""4"", ""player_id"": ""9997"", ""position"": ""WR"", ""sport"": ""nfl"", ""status"": ""Active"", ""team"": ""BAL"", ""team_abbr"": """", ""team_changed_at"": """", ""years_exp"": ""3""}"
2026-08-31T15:52:53+00:00,1370218620990263296,1370218623456526336,72,6,12,9,1225654710162182144,13286,Jadarian Price,RB,SEA,"{""first_name"": ""Jadarian"", ""injury_status"": """", ""last_name"": ""Price"", ""news_updated"": ""1781111726429"", ""number"": ""8"", ""player_id"": ""13286"", ""position"": ""RB"", ""sport"": ""nfl"", ""status"": ""Active"", ""team"": ""SEA"", ""team_abbr"": """", ""team_changed_at"": """", ""years_exp"": ""0""}"
2026-08-31T15:52:53+00:00,1370218620990263296,1370218623456526336,73,7,12,6,998103180779155456,8148,Jameson Williams,WR,DET,"{""first_name"": ""Jameson"", ""injury_status"": """", ""last_name"": ""Williams"", ""news_updated"": ""1781109025820"", ""number"": ""1"", ""player_id"": ""8148"", ""position"": ""WR"", ""sport"": ""nfl"", ""status"": ""Active"", ""team"": ""DET"", ""team_abbr"": """", ""team_changed_at"": """", ""years_exp"": ""4""}"
2026-08-31T15:52:53+00:00,1370218620990263296,1370218623456526336,74,7,11,7,1241249556683821056,3163,Jared Goff,QB,DET,"{""first_name"": ""Jared"", ""injury_status"": """", ""last_name"": ""Goff"", ""news_updated"": ""1781540157978"", ""number"": ""16"", ""player_id"": ""3163"", ""position"": ""QB"", ""sport"": ""nfl"", ""status"": ""Active"", ""team"": ""DET"", ""team_abbr"": """", ""team_changed_at"": """", ""years_exp"": ""10""}"
2026-08-31T15:52:53+00:00,1370218620990263296,1370218623456526336,75,7,10,8,725564023889817600,12545,Tyler Shough,QB,NO,"{""first_name"": ""Tyler"", ""injury_status"": """", ""last_name"": ""Shough"", ""news_updated"": ""1780257053650"", ""number"": ""6"", ""player_id"": ""12545"", ""position"": ""QB"", ""sport"": ""nfl"", ""status"": ""Active"", ""team"": ""NO"", ""team_abbr"": """", ""team_changed_at"": """", ""years_exp"": ""1""}"
2026-08-31T15:52:53+00:00,1370218620990263296,1370218623456526336,76,7,9,12,895461742359175168,7526,Jaylen Waddle,WR,DEN,"{""first_name"": ""Jaylen"", ""injury_status"": """", ""last_name"": ""Waddle"", ""news_updated"": ""1781223646797"", ""number"": ""17"", ""player_id"": ""7526"", ""position"": ""WR"", ""sport"": ""nfl"", ""status"": ""Active"", ""team"": ""DEN"", ""team_abbr"": """", ""team_changed_at"": """", ""years_exp"": ""5""}"
2026-08-31T15:52:53+00:00,1370218620990263296,1370218623456526336,77,7,8,1,978483609717858304,4892,Baker Mayfield,QB,TB,"{""first_name"": ""Baker"", ""injury_status"": """", ""last_name"": ""Mayfield"", ""news_updated"": ""1781285752106"", ""number"": ""6"", ""player_id"": ""4892"", ""position"": ""QB"", ""sport"": ""nfl"", ""status"": ""Active"", ""team"": ""TB"", ""team_abbr"": """", ""team_changed_at"": """", ""years_exp"": ""8""}"
2026-08-31T15:52:53+00:00,1370218620990263296,1370218623456526336,78,7,7,4,458310882858889216,4943,Sam Darnold,QB,SEA,"{""first_name"": ""Sam"", ""injury_status"": """", ""last_name"": ""Darnold"", ""news_updated"": ""1780594206830"", ""number"": ""14"", ""player_id"": ""4943"", ""position"": ""QB"", ""sport"": ""nfl"", ""status"": ""Active"", ""team"": ""SEA"", ""team_abbr"": """", ""team_changed_at"": """", ""years_exp"": ""8""}"
2026-08-31T15:52:53+00:00,1370218620990263296,1370218623456526336,79,7,6,6,998103180779155456,7553,Kyle Pitts,TE,ATL,"{""first_name"": ""Kyle"", ""injury_status"": """", ""last_name"": ""Pitts"", ""news_updated"": ""1781531156548"", ""number"": ""8"", ""player_id"": ""7553"", ""position"": ""TE"", ""sport"": ""nfl"", ""status"": ""Active"", ""team"": ""ATL"", ""team_abbr"": """", ""team_changed_at"": """", ""years_exp"": ""5""}"
2026-08-31T15:52:53+00:00,1370218620990263296,1370218623456526336,80,7,5,2,1241276722213564416,5849,Kyler Murray,QB,MIN,"{""first_name"": ""Kyler"", ""injury_status"": """", ""last_name"": ""Murray"", ""news_updated"": ""1781056241873"", ""number"": ""1"", ""player_id"": ""5849"", ""position"": ""QB"", ""sport"": ""nfl"", ""status"": ""Active"", ""team"": ""MIN"", ""team_abbr"": """", ""team_changed_at"": """", ""years_exp"": ""7""}"
2026-08-31T15:52:53+00:00,1370218620990263296,1370218623456526336,81,7,4,11,214141231750443008,5850,Josh Jacobs,RB,GB,"{""first_name"": ""Josh"", ""injury_status"": """", ""last_name"": ""Jacobs"", ""news_updated"": ""1780420248864"", ""number"": ""8"", ""player_id"": ""5850"", ""position"": ""RB"", ""sport"": ""nfl"", ""status"": ""Active"", ""team"": ""GB"", ""team_abbr"": """", ""team_changed_at"": """", ""years_exp"": ""7""}"
2026-08-31T15:52:53+00:00,1370218620990263296,1370218623456526336,82,7,3,3,779583277362245632,13276,Omar Cooper,WR,NYJ,"{""first_name"": ""Omar"", ""injury_status"": """", ""last_name"": ""Cooper"", ""news_updated"": ""1780380645059"", ""number"": ""83"", ""player_id"": ""13276"", ""position"": ""WR"", ""sport"": ""nfl"", ""status"": ""Active"", ""team"": ""NYJ"", ""team_abbr"": """", ""team_changed_at"": """", ""years_exp"": ""0""}"
2026-08-31T15:52:53+00:00,1370218620990263296,1370218623456526336,83,7,2,10,1087855749369339904,13298,KC Concepcion,WR,CLE,"{""first_name"": ""KC"", ""injury_status"": """", ""last_name"": ""Concepcion"", ""news_updated"": ""1780752049850"", ""number"": ""1"", ""player_id"": ""13298"", ""position"": ""WR"", ""sport"": ""nfl"", ""status"": ""Active"", ""team"": ""CLE"", ""team_abbr"": """", ""team_changed_at"": """", ""years_exp"": ""0""}"
2026-08-31T15:52:53+00:00,1370218620990263296,1370218623456526336,84,7,1,5,1369507540269809664,9758,C.J. Stroud,QB,HOU,"{""first_name"": ""C.J."", ""injury_status"": """", ""last_name"": ""Stroud"", ""news_updated"": ""1781384739079"", ""number"": ""7"", ""player_id"": ""9758"", ""position"": ""QB"", ""sport"": ""nfl"", ""status"": ""Active"", ""team"": ""HOU"", ""team_abbr"": """", ""team_changed_at"": """", ""years_exp"": ""3""}"
2026-08-31T15:52:53+00:00,1370218620990263296,1370218623456526336,85,8,1,5,1369507540269809664,8167,Christian Watson,WR,GB,"{""first_name"": ""Christian"", ""injury_status"": """", ""last_name"": ""Watson"", ""news_updated"": ""1780590607113"", ""number"": ""9"", ""player_id"": ""8167"", ""position"": ""WR"", ""sport"": ""nfl"", ""status"": ""Active"", ""team"": ""GB"", ""team_abbr"": """", ""team_changed_at"": """", ""years_exp"": ""4""}"
2026-08-31T15:52:53+00:00,1370218620990263296,1370218623456526336,86,8,2,10,1087855749369339904,421,Matthew Stafford,QB,LAR,"{""first_name"": ""Matthew"", ""injury_status"": """", ""last_name"": ""Stafford"", ""news_updated"": ""1781275851318"", ""number"": ""9"", ""player_id"": ""421"", ""position"": ""QB"", ""sport"": ""nfl"", ""status"": ""Active"", ""team"": ""LAR"", ""team_abbr"": """", ""team_changed_at"": """", ""years_exp"": ""17""}"
2026-08-31T15:52:53+00:00,1370218620990263296,1370218623456526336,87,8,3,11,214141231750443008,12490,Bhayshul Tuten,RB,JAX,"{""first_name"": ""Bhayshul"", ""injury_status"": """", ""last_name"": ""Tuten"", ""news_updated"": ""1781038240335"", ""number"": ""33"", ""player_id"": ""12490"", ""position"": ""RB"", ""sport"": ""nfl"", ""status"": ""Active"", ""team"": ""JAX"", ""team_abbr"": """", ""team_changed_at"": """", ""years_exp"": ""1""}"
2026-08-31T15:52:53+00:00,1370218620990263296,1370218623456526336,88,8,4,11,214141231750443008,3198,Derrick Henry,RB,BAL,"{""first_name"": ""Derrick"", ""injury_status"": """", ""last_name"": ""Henry"", ""news_updated"": ""1781359536326"", ""number"": ""22"", ""player_id"": ""3198"", ""position"": ""RB"", ""sport"": ""nfl"", ""status"": ""Active"", ""team"": ""BAL"", ""team_abbr"": """", ""team_changed_at"": """", ""years_exp"": ""10""}"
2026-08-31T15:52:53+00:00,1370218620990263296,1370218623456526336,89,8,5,2,1241276722213564416,4983,DJ Moore,WR,BUF,"{""first_name"": ""DJ"", ""injury_status"": """", ""last_name"": ""Moore"", ""news_updated"": ""1781376938356"", ""number"": ""2"", ""player_id"": ""4983"", ""position"": ""WR"", ""sport"": ""nfl"", ""status"": ""Active"", ""team"": ""BUF"", ""team_abbr"": """", ""team_changed_at"": """", ""years_exp"": ""8""}"
2026-08-31T15:52:53+00:00,1370218620990263296,1370218623456526336,90,8,6,6,998103180779155456,8142,Alec Pierce,WR,IND,"{""first_name"": ""Alec"", ""injury_status"": ""Questionable"", ""last_name"": ""Pierce"", ""news_updated"": ""1781141417365"", ""number"": ""14"", ""player_id"": ""8142"", ""position"": ""WR"", ""sport"": ""nfl"", ""status"": ""Active"", ""team"": ""IND"", ""team_abbr"": """", ""team_changed_at"": """", ""years_exp"": ""4""}"
2026-08-31T15:52:53+00:00,1370218620990263296,1370218623456526336,91,8,7,4,458310882858889216,10232,Michael Wilson,WR,ARI,"{""first_name"": ""Michael"", ""injury_status"": """", ""last_name"": ""Wilson"", ""news_updated"": ""1780458653428"", ""number"": ""14"", ""player_id"": ""10232"", ""position"": ""WR"", ""sport"": ""nfl"", ""status"": ""Active"", ""team"": ""ARI"", ""team_abbr"": """", ""team_changed_at"": """", ""years_exp"": ""3""}"
2026-08-31T15:52:53+00:00,1370218620990263296,1370218623456526336,92,8,8,1,978483609717858304,13330,Kenyon Sadiq,TE,NYJ,"{""first_name"": ""Kenyon"", ""injury_status"": ""Questionable"", ""last_name"": ""Sadiq"", ""news_updated"": ""1781679031330"", ""number"": ""16"", ""player_id"": ""13330"", ""position"": ""TE"", ""sport"": ""nfl"", ""status"": ""Active"", ""team"": ""NYJ"", ""team_abbr"": """", ""team_changed_at"": """", ""years_exp"": ""0""}"
2026-08-31T15:52:53+00:00,1370218620990263296,1370218623456526336,93,8,9,3,779583277362245632,6790,D'Andre Swift,RB,CHI,"{""first_name"": ""D'Andre"", ""injury_status"": """", ""last_name"": ""Swift"", ""news_updated"": ""1781382639100"", ""number"": ""4"", ""player_id"": ""6790"", ""position"": ""RB"", ""sport"": ""nfl"", ""status"": ""Active"", ""team"": ""CHI"", ""team_abbr"": """", ""team_changed_at"": """", ""years_exp"": ""6""}"
2026-08-31T15:52:53+00:00,1370218620990263296,1370218623456526336,94,8,10,8,725564023889817600,8161,Malik Willis,QB,MIA,"{""first_name"": ""Malik"", ""injury_status"": """", ""last_name"": ""Willis"", ""news_updated"": ""1781028639190"", ""number"": ""2"", ""player_id"": ""8161"", ""position"": ""QB"", ""sport"": ""nfl"", ""status"": ""Active"", ""team"": ""MIA"", ""team_abbr"": """", ""team_changed_at"": """", ""years_exp"": ""4""}"
2026-08-31T15:52:53+00:00,1370218620990263296,1370218623456526336,95,8,11,7,1241249556683821056,9756,Jordan Addison,WR,MIN,"{""first_name"": ""Jordan"", ""injury_status"": """", ""last_name"": ""Addison"", ""news_updated"": ""1781541657903"", ""number"": ""3"", ""player_id"": ""9756"", ""position"": ""WR"", ""sport"": ""nfl"", ""status"": ""Active"", ""team"": ""MIN"", ""team_abbr"": """", ""team_changed_at"": """", ""years_exp"": ""3""}"
2026-08-31T15:52:53+00:00,1370218620990263296,1370218623456526336,96,8,12,9,1225654710162182144,8126,Wan'Dale Robinson,WR,TEN,"{""first_name"": ""Wan'Dale"", ""injury_status"": """", ""last_name"": ""Robinson"", ""news_updated"": ""1780258253470"", ""number"": ""4"", ""player_id"": ""8126"", ""position"": ""WR"", ""sport"": ""nfl"", ""status"": ""Active"", ""team"": ""TEN"", ""team_abbr"": """", ""team_changed_at"": """", ""years_exp"": ""4""}"
2026-08-31T15:52:53+00:00,1370218620990263296,1370218623456526336,97,9,12,3,779583277362245632,9487,Parker Washington,WR,JAX,"{""first_name"": ""Parker"", ""injury_status"": """", ""last_name"": ""Washington"", ""news_updated"": ""1781310333460"", ""number"": ""11"", ""player_id"": ""9487"", ""position"": ""WR"", ""sport"": ""nfl"", ""status"": ""Active"", ""team"": ""JAX"", ""team_abbr"": """", ""team_changed_at"": """", ""years_exp"": ""3""}"
2026-08-31T15:52:53+00:00,1370218620990263296,1370218623456526336,98,9,11,7,1241249556683821056,11638,Ricky Pearsall,WR,SF,"{""first_name"": ""Ricky"", ""injury_status"": """", ""last_name"": ""Pearsall"", ""news_updated"": ""1780150244347"", ""number"": ""1"", ""player_id"": ""11638"", ""position"": ""WR"", ""sport"": ""nfl"", ""status"": ""Active"", ""team"": ""SF"", ""team_abbr"": """", ""team_changed_at"": """", ""years_exp"": ""2""}"
2026-08-31T15:52:53+00:00,1370218620990263296,1370218623456526336,99,9,10,8,725564023889817600,12493,Oronde Gadsden,TE,LAC,"{""first_name"": ""Oronde"", ""injury_status"": """", ""last_name"": ""Gadsden"", ""news_updated"": ""1780159245049"", ""number"": ""86"", ""player_id"": ""12493"", ""position"": ""TE"", ""sport"": ""nfl"", ""status"": ""Active"", ""team"": ""LAC"", ""team_abbr"": """", ""team_changed_at"": """", ""years_exp"": ""1""}"
2026-08-31T15:52:53+00:00,1370218620990263296,1370218623456526336,100,9,9,12,895461742359175168,5892,David Montgomery,RB,HOU,"{""first_name"": ""David"", ""injury_status"": """", ""last_name"": ""Montgomery"", ""news_updated"": ""1781029539264"", ""number"": ""32"", ""player_id"": ""5892"", ""position"": ""RB"", ""sport"": ""nfl"", ""status"": ""Active"", ""team"": ""HOU"", ""team_abbr"": """", ""team_changed_at"": """", ""years_exp"": ""7""}"
2026-08-31T15:52:53+00:00,1370218620990263296,1370218623456526336,101,9,8,1,978483609717858304,13275,Ty Simpson,QB,LAR,"{""first_name"": ""Ty"", ""injury_status"": """", ""last_name"": ""Simpson"", ""news_updated"": ""1781272550999"", ""number"": ""15"", ""player_id"": ""13275"", ""position"": ""QB"", ""sport"": ""nfl"", ""status"": ""Active"", ""team"": ""LAR"", ""team_abbr"": """", ""team_changed_at"": """", ""years_exp"": ""0""}"
2026-08-31T15:52:53+00:00,1370218620990263296,1370218623456526336,102,9,7,4,458310882858889216,12534,Kyle Monangai,RB,CHI,"{""first_name"": ""Kyle"", ""injury_status"": """", ""last_name"": ""Monangai"", ""news_updated"": ""1780583105665"", ""number"": ""25"", ""player_id"": ""12534"", ""position"": ""RB"", ""sport"": ""nfl"", ""status"": ""Active"", ""team"": ""CHI"", ""team_abbr"": """", ""team_changed_at"": """", ""years_exp"": ""1""}"
2026-08-31T15:52:53+00:00,1370218620990263296,1370218623456526336,103,9,6,6,998103180779155456,12489,RJ Harvey,RB,DEN,"{""first_name"": ""RJ"", ""injury_status"": """", ""last_name"": ""Harvey"", ""news_updated"": ""1781769916212"", ""number"": ""12"", ""player_id"": ""12489"", ""position"": ""RB"", ""sport"": ""nfl"", ""status"": ""Active"", ""team"": ""DEN"", ""team_abbr"": """", ""team_changed_at"": """", ""years_exp"": ""1""}"
2026-08-31T15:52:53+00:00,1370218620990263296,1370218623456526336,104,9,5,2,1241276722213564416,2133,Davante Adams,WR,LAR,"{""first_name"": ""Davante"", ""injury_status"": """", ""last_name"": ""Adams"", ""news_updated"": ""1780087839114"", ""number"": ""17"", ""player_id"": ""2133"", ""position"": ""WR"", ""sport"": ""nfl"", ""status"": ""Active"", ""team"": ""LAR"", ""team_abbr"": """", ""team_changed_at"": """", ""years_exp"": ""12""}"
2026-08-31T15:52:53+00:00,1370218620990263296,1370218623456526336,105,9,4,11,214141231750443008,5927,Terry McLaurin,WR,WAS,"{""first_name"": ""Terry"", ""injury_status"": """", ""last_name"": ""McLaurin"", ""news_updated"": ""1781112626103"", ""number"": ""17"", ""player_id"": ""5927"", ""position"": ""WR"", ""sport"": ""nfl"", ""status"": ""Active"", ""team"": ""WAS"", ""team_abbr"": """", ""team_changed_at"": """", ""years_exp"": ""7""}"
2026-08-31T15:52:53+00:00,1370218620990263296,1370218623456526336,106,9,3,3,779583277362245632,8110,Jake Ferguson,TE,DAL,"{""first_name"": ""Jake"", ""injury_status"": """", ""last_name"": ""Ferguson"", ""news_updated"": ""1781197522647"", ""number"": ""87"", ""player_id"": ""8110"", ""position"": ""TE"", ""sport"": ""nfl"", ""status"": ""Active"", ""team"": ""DAL"", ""team_abbr"": """", ""team_changed_at"": """", ""years_exp"": ""4""}"
2026-08-31T15:52:53+00:00,1370218620990263296,1370218623456526336,107,9,2,10,1087855749369339904,5870,Daniel Jones,QB,IND,"{""first_name"": ""Daniel"", ""injury_status"": ""Questionable"", ""last_name"": ""Jones"", ""news_updated"": ""1781204123154"", ""number"": ""17"", ""player_id"": ""5870"", ""position"": ""QB"", ""sport"": ""nfl"", ""status"": ""Active"", ""team"": ""IND"", ""team_abbr"": """", ""team_changed_at"": """", ""years_exp"": ""7""}"
2026-08-31T15:52:53+00:00,1370218620990263296,1370218623456526336,108,9,1,5,1369507540269809664,8131,Isaiah Likely,TE,NYG,"{""first_name"": ""Isaiah"", ""injury_status"": """", ""last_name"": ""Likely"", ""news_updated"": ""1781287252143"", ""number"": ""9"", ""player_id"": ""8131"", ""position"": ""TE"", ""sport"": ""nfl"", ""status"": ""Active"", ""team"": ""NYG"", ""team_abbr"": """", ""team_changed_at"": """", ""years_exp"": ""4""}"
2026-08-31T15:52:53+00:00,1370218620990263296,1370218623456526336,109,10,1,5,1369507540269809664,7594,Chuba Hubbard,RB,CAR,"{""first_name"": ""Chuba"", ""injury_status"": """", ""last_name"": ""Hubbard"", ""news_updated"": ""1781444746091"", ""number"": ""30"", ""player_id"": ""7594"", ""position"": ""RB"", ""sport"": ""nfl"", ""status"": ""Active"", ""team"": ""CAR"", ""team_abbr"": """", ""team_changed_at"": """", ""years_exp"": ""5""}"
2026-08-31T15:52:53+00:00,1370218620990263296,1370218623456526336,110,10,2,10,1087855749369339904,10236,Dalton Kincaid,TE,BUF,"{""first_name"": ""Dalton"", ""injury_status"": """", ""last_name"": ""Kincaid"", ""news_updated"": ""1781274651056"", ""number"": ""86"", ""player_id"": ""10236"", ""position"": ""TE"", ""sport"": ""nfl"", ""status"": ""Active"", ""team"": ""BUF"", ""team_abbr"": """", ""team_changed_at"": """", ""years_exp"": ""3""}"
2026-08-31T15:52:53+00:00,1370218620990263296,1370218623456526336,111,10,3,12,895461742359175168,9480,Brenton Strange,TE,JAX,"{""first_name"": ""Brenton"", ""injury_status"": """", ""last_name"": ""Strange"", ""news_updated"": ""1781287852342"", ""number"": ""85"", ""player_id"": ""9480"", ""position"": ""TE"", ""sport"": ""nfl"", ""status"": ""Active"", ""team"": ""JAX"", ""team_abbr"": """", ""team_changed_at"": """", ""years_exp"": ""3""}"
2026-08-31T15:52:53+00:00,1370218620990263296,1370218623456526336,112,10,4,11,214141231750443008,9754,Quentin Johnston,WR,LAC,"{""first_name"": ""Quentin"", ""injury_status"": """", ""last_name"": ""Johnston"", ""news_updated"": ""1781465748765"", ""number"": ""1"", ""player_id"": ""9754"", ""position"": ""WR"", ""sport"": ""nfl"", ""status"": ""Active"", ""team"": ""LAC"", ""team_abbr"": """", ""team_changed_at"": """", ""years_exp"": ""3""}"
2026-08-31T15:52:53+00:00,1370218620990263296,1370218623456526336,113,10,5,2,1241276722213564416,7611,Rhamondre Stevenson,RB,NE,"{""first_name"": ""Rhamondre"", ""injury_status"": """", ""last_name"": ""Stevenson"", ""news_updated"": ""1780086938273"", ""number"": ""38"", ""player_id"": ""7611"", ""position"": ""RB"", ""sport"": ""nfl"", ""status"": ""Active"", ""team"": ""NE"", ""team_abbr"": """", ""team_changed_at"": """", ""years_exp"": ""5""}"
2026-08-31T15:52:53+00:00,1370218620990263296,1370218623456526336,114,10,6,6,998103180779155456,9228,Bryce Young,QB,CAR,"{""first_name"": ""Bryce"", ""injury_status"": """", ""last_name"": ""Young"", ""news_updated"": ""1780323059977"", ""number"": ""9"", ""player_id"": ""9228"", ""position"": ""QB"", ""sport"": ""nfl"", ""status"": ""Active"", ""team"": ""CAR"", ""team_abbr"": """", ""team_changed_at"": """", ""years_exp"": ""3""}"
2026-08-31T15:52:53+00:00,1370218620990263296,1370218623456526336,115,10,7,4,458310882858889216,11586,Blake Corum,RB,LAR,"{""first_name"": ""Blake"", ""injury_status"": """", ""last_name"": ""Corum"", ""news_updated"": ""1780508457601"", ""number"": ""24"", ""player_id"": ""11586"", ""position"": ""RB"", ""sport"": ""nfl"", ""status"": ""Active"", ""team"": ""LAR"", ""team_abbr"": """", ""team_changed_at"": """", ""years_exp"": ""2""}"
2026-08-31T15:52:53+00:00,1370218620990263296,1370218623456526336,116,10,8,1,978483609717858304,11624,Xavier Worthy,WR,KC,"{""first_name"": ""Xavier"", ""injury_status"": ""Questionable"", ""last_name"": ""Worthy"", ""news_updated"": ""1781286352143"", ""number"": ""1"", ""player_id"": ""11624"", ""position"": ""WR"", ""sport"": ""nfl"", ""status"": ""Active"", ""team"": ""KC"", ""team_abbr"": """", ""team_changed_at"": """", ""years_exp"": ""2""}"
2026-08-31T15:52:53+00:00,1370218620990263296,1370218623456526336,117,10,9,12,895461742359175168,12484,Jayden Higgins,WR,HOU,"{""first_name"": ""Jayden"", ""injury_status"": """", ""last_name"": ""Higgins"", ""news_updated"": ""1780925709413"", ""number"": ""81"", ""player_id"": ""12484"", ""position"": ""WR"", ""sport"": ""nfl"", ""status"": ""Active"", ""team"": ""HOU"", ""team_abbr"": """", ""team_changed_at"": """", ""years_exp"": ""1""}"
2026-08-31T15:52:53+00:00,1370218620990263296,1370218623456526336,118,10,10,8,725564023889817600,12501,Matthew Golden,WR,GB,"{""first_name"": ""Matthew"", ""injury_status"": """", ""last_name"": ""Golden"", ""news_updated"": ""1781224546947"", ""number"": ""0"", ""player_id"": ""12501"", ""position"": ""WR"", ""sport"": ""nfl"", ""status"": ""Active"", ""team"": ""GB"", ""team_abbr"": """", ""team_changed_at"": """", ""years_exp"": ""1""}"
2026-08-31T15:52:53+00:00,1370218620990263296,1370218623456526336,119,10,11,7,1241249556683821056,13346,Denzel Boston,WR,CLE,"{""first_name"": ""Denzel"", ""injury_status"": """", ""last_name"": ""Boston"", ""news_updated"": ""1781036140156"", ""number"": ""12"", ""player_id"": ""13346"", ""position"": ""WR"", ""sport"": ""nfl"", ""status"": ""Active"", ""team"": ""CLE"", ""team_abbr"": """", ""team_changed_at"": """", ""years_exp"": ""0""}"
2026-08-31T15:52:53+00:00,1370218620990263296,1370218623456526336,120,10,12,9,1225654710162182144,5846,DK Metcalf,WR,PIT,"{""first_name"": ""DK"", ""injury_status"": """", ""last_name"": ""Metcalf"", ""news_updated"": ""1780777252793"", ""number"": ""4"", ""player_id"": ""5846"", ""position"": ""WR"", ""sport"": ""nfl"", ""status"": ""Active"", ""team"": ""PIT"", ""team_abbr"": """", ""team_changed_at"": """", ""years_exp"": ""7""}"
2026-08-31T15:52:53+00:00,1370218620990263296,1370218623456526336,121,11,12,9,1225654710162182144,8228,Jaylen Warren,RB,PIT,"{""first_name"": ""Jaylen"", ""injury_status"": """", ""last_name"": ""Warren"", ""news_updated"": ""1779999320680"", ""number"": ""30"", ""player_id"": ""8228"", ""position"": ""RB"", ""sport"": ""nfl"", ""status"": ""Active"", ""team"": ""PIT"", ""team_abbr"": """", ""team_changed_at"": """", ""years_exp"": ""4""}"
2026-08-31T15:52:53+00:00,1370218620990263296,1370218623456526336,122,11,11,7,1241249556683821056,7021,Rico Dowdle,RB,PIT,"{""first_name"": ""Rico"", ""injury_status"": """", ""last_name"": ""Dowdle"", ""news_updated"": ""1780085738304"", ""number"": ""13"", ""player_id"": ""7021"", ""position"": ""RB"", ""sport"": ""nfl"", ""status"": ""Active"", ""team"": ""PIT"", ""team_abbr"": """", ""team_changed_at"": """", ""years_exp"": ""6""}"
2026-08-31T15:52:53+00:00,1370218620990263296,1370218623456526336,123,11,10,8,725564023889817600,12530,Travis Hunter,WR,JAX,"{""first_name"": ""Travis"", ""injury_status"": ""Questionable"", ""last_name"": ""Hunter"", ""news_updated"": ""1781058343841"", ""number"": ""12"", ""player_id"": ""12530"", ""position"": ""WR"", ""sport"": ""nfl"", ""status"": ""Active"", ""team"": ""JAX"", ""team_abbr"": """", ""team_changed_at"": """", ""years_exp"": ""1""}"
2026-08-31T15:52:53+00:00,1370218620990263296,1370218623456526336,124,11,9,12,895461742359175168,13345,Jonah Coleman,RB,DEN,"{""first_name"": ""Jonah"", ""injury_status"": """", ""last_name"": ""Coleman"", ""news_updated"": ""1781817025279"", ""number"": ""20"", ""player_id"": ""13345"", ""position"": ""RB"", ""sport"": ""nfl"", ""status"": ""Active"", ""team"": ""DEN"", ""team_abbr"": """", ""team_changed_at"": """", ""years_exp"": ""0""}"
2026-08-31T15:52:53+00:00,1370218620990263296,1370218623456526336,125,11,8,1,978483609717858304,2216,Mike Evans,WR,SF,"{""first_name"": ""Mike"", ""injury_status"": """", ""last_name"": ""Evans"", ""news_updated"": ""1781011237680"", ""number"": ""5"", ""player_id"": ""2216"", ""position"": ""WR"", ""sport"": ""nfl"", ""status"": ""Active"", ""team"": ""SF"", ""team_abbr"": """", ""team_changed_at"": """", ""years_exp"": ""12""}"
2026-08-31T15:52:53+00:00,1370218620990263296,1370218623456526336,126,11,7,4,458310882858889216,10222,Jayden Reed,WR,GB,"{""first_name"": ""Jayden"", ""injury_status"": """", ""last_name"": ""Reed"", ""news_updated"": ""1780494955985"", ""number"": ""11"", ""player_id"": ""10222"", ""position"": ""WR"", ""sport"": ""nfl"", ""status"": ""Active"", ""team"": ""GB"", ""team_abbr"": """", ""team_changed_at"": """", ""years_exp"": ""3""}"
2026-08-31T15:52:53+00:00,1370218620990263296,1370218623456526336,127,11,6,6,998103180779155456,13349,Eli Stowers,TE,PHI,"{""first_name"": ""Eli"", ""injury_status"": ""Questionable"", ""last_name"": ""Stowers"", ""news_updated"": ""1781187921470"", ""number"": ""87"", ""player_id"": ""13349"", ""position"": ""TE"", ""sport"": ""nfl"", ""status"": ""Active"", ""team"": ""PHI"", ""team_abbr"": """", ""team_changed_at"": """", ""years_exp"": ""0""}"
2026-08-31T15:52:53+00:00,1370218620990263296,1370218623456526336,128,11,5,2,1241276722213564416,5844,T.J. Hockenson,TE,MIN,"{""first_name"": ""T.J."", ""injury_status"": """", ""last_name"": ""Hockenson"", ""news_updated"": ""1781541958215"", ""number"": ""87"", ""player_id"": ""5844"", ""position"": ""TE"", ""sport"": ""nfl"", ""status"": ""Active"", ""team"": ""MIN"", ""team_abbr"": """", ""team_changed_at"": """", ""years_exp"": ""7""}"
2026-08-31T15:52:53+00:00,1370218620990263296,1370218623456526336,129,11,4,11,214141231750443008,11583,Jonathon Brooks,RB,CAR,"{""first_name"": ""Jonathon"", ""injury_status"": """", ""last_name"": ""Brooks"", ""news_updated"": ""1781035241526"", ""number"": ""25"", ""player_id"": ""11583"", ""position"": ""RB"", ""sport"": ""nfl"", ""status"": ""Active"", ""team"": ""CAR"", ""team_abbr"": """", ""team_changed_at"": """", ""years_exp"": ""2""}"
2026-08-31T15:52:53+00:00,1370218620990263296,1370218623456526336,130,11,3,3,779583277362245632,9500,Josh Downs,WR,IND,"{""first_name"": ""Josh"", ""injury_status"": """", ""last_name"": ""Downs"", ""news_updated"": ""1780189847304"", ""number"": ""2"", ""player_id"": ""9500"", ""position"": ""WR"", ""sport"": ""nfl"", ""status"": ""Active"", ""team"": ""IND"", ""team_abbr"": """", ""team_changed_at"": """", ""years_exp"": ""3""}"
2026-08-31T15:52:53+00:00,1370218620990263296,1370218623456526336,131,11,2,10,1087855749369339904,6819,Michael Pittman,WR,PIT,"{""first_name"": ""Michael"", ""injury_status"": """", ""last_name"": ""Pittman"", ""news_updated"": ""1780778752957"", ""number"": ""11"", ""player_id"": ""6819"", ""position"": ""WR"", ""sport"": ""nfl"", ""status"": ""Active"", ""team"": ""PIT"", ""team_abbr"": """", ""team_changed_at"": """", ""years_exp"": ""6""}"
2026-08-31T15:52:53+00:00,1370218620990263296,1370218623456526336,132,11,1,5,1369507540269809664,5947,Jakobi Meyers,WR,JAX,"{""first_name"": ""Jakobi"", ""injury_status"": """", ""last_name"": ""Meyers"", ""news_updated"": ""1781486751341"", ""number"": ""3"", ""player_id"": ""5947"", ""position"": ""WR"", ""sport"": ""nfl"", ""status"": ""Active"", ""team"": ""JAX"", ""team_abbr"": """", ""team_changed_at"": """", ""years_exp"": ""7""}"
2026-08-31T15:52:53+00:00,1370218620990263296,1370218623456526336,133,12,1,5,1369507540269809664,9753,Zach Charbonnet,RB,SEA,"{""first_name"": ""Zach"", ""injury_status"": ""Questionable"", ""last_name"": ""Charbonnet"", ""news_updated"": ""1781194822545"", ""number"": ""26"", ""player_id"": ""9753"", ""position"": ""RB"", ""sport"": ""nfl"", ""status"": ""Active"", ""team"": ""SEA"", ""team_abbr"": """", ""team_changed_at"": """", ""years_exp"": ""3""}"
2026-08-31T15:52:53+00:00,1370218620990263296,1370218623456526336,134,12,2,10,1087855749369339904,8121,Romeo Doubs,WR,NE,"{""first_name"": ""Romeo"", ""injury_status"": """", ""last_name"": ""Doubs"", ""news_updated"": ""1780417546884"", ""number"": ""87"", ""player_id"": ""8121"", ""position"": ""WR"", ""sport"": ""nfl"", ""status"": ""Active"", ""team"": ""NE"", ""team_abbr"": """", ""team_changed_at"": """", ""years_exp"": ""4""}"
2026-08-31T15:52:53+00:00,1370218620990263296,1370218623456526336,135,12,3,3,779583277362245632,5045,Courtland Sutton,WR,DEN,"{""first_name"": ""Courtland"", ""injury_status"": """", ""last_name"": ""Sutton"", ""news_updated"": ""1780752649910"", ""number"": ""14"", ""player_id"": ""5045"", ""position"": ""WR"", ""sport"": ""nfl"", ""status"": ""Active"", ""team"": ""DEN"", ""team_abbr"": """", ""team_changed_at"": """", ""years_exp"": ""8""}"
2026-08-31T15:52:53+00:00,1370218620990263296,1370218623456526336,136,12,4,9,1225654710162182144,12533,Jacory Croskey-Merritt,RB,WAS,"{""first_name"": ""Jacory"", ""injury_status"": """", ""last_name"": ""Croskey-Merritt"", ""news_updated"": ""1781849427499"", ""number"": ""22"", ""player_id"": ""12533"", ""position"": ""RB"", ""sport"": ""nfl"", ""status"": ""Active"", ""team"": ""WAS"", ""team_abbr"": """", ""team_changed_at"": """", ""years_exp"": ""1""}"
2026-08-31T15:52:53+00:00,1370218620990263296,1370218623456526336,137,12,5,2,1241276722213564416,8132,Tyler Allgeier,RB,ARI,"{""first_name"": ""Tyler"", ""injury_status"": """", ""last_name"": ""Allgeier"", ""news_updated"": ""1780691443569"", ""number"": ""22"", ""player_id"": ""8132"", ""position"": ""RB"", ""sport"": ""nfl"", ""status"": ""Active"", ""team"": ""ARI"", ""team_abbr"": """", ""team_changed_at"": """", ""years_exp"": ""4""}"
2026-08-31T15:52:53+00:00,1370218620990263296,1370218623456526336,138,12,6,9,1225654710162182144,6806,J.K. Dobbins,RB,DEN,"{""first_name"": ""J.K."", ""injury_status"": """", ""last_name"": ""Dobbins"", ""news_updated"": ""1781576110379"", ""number"": ""27"", ""player_id"": ""6806"", ""position"": ""RB"", ""sport"": ""nfl"", ""status"": ""Active"", ""team"": ""DEN"", ""team_abbr"": """", ""team_changed_at"": """", ""years_exp"": ""6""}"
2026-08-31T15:52:53+00:00,1370218620990263296,1370218623456526336,139,12,7,4,458310882858889216,11646,Jalen Coker,WR,CAR,"{""first_name"": ""Jalen"", ""injury_status"": """", ""last_name"": ""Coker"", ""news_updated"": ""1781224246913"", ""number"": ""18"", ""player_id"": ""11646"", ""position"": ""WR"", ""sport"": ""nfl"", ""status"": ""Active"", ""team"": ""CAR"", ""team_abbr"": """", ""team_changed_at"": """", ""years_exp"": ""2""}"
2026-08-31T15:52:53+00:00,1370218620990263296,1370218623456526336,140,12,8,1,978483609717858304,11618,Jalen McMillan,WR,TB,"{""first_name"": ""Jalen"", ""injury_status"": """", ""last_name"": ""McMillan"", ""news_updated"": ""1780188647497"", ""number"": ""11"", ""player_id"": ""11618"", ""position"": ""WR"", ""sport"": ""nfl"", ""status"": ""Active"", ""team"": ""TB"", ""team_abbr"": """", ""team_changed_at"": """", ""years_exp"": ""2""}"
2026-08-31T15:52:53+00:00,1370218620990263296,1370218623456526336,141,12,9,12,895461742359175168,6768,Tua Tagovailoa,QB,ATL,"{""first_name"": ""Tua"", ""injury_status"": """", ""last_name"": ""Tagovailoa"", ""news_updated"": ""1781791816214"", ""number"": ""1"", ""player_id"": ""6768"", ""position"": ""QB"", ""sport"": ""nfl"", ""status"": ""Active"", ""team"": ""ATL"", ""team_abbr"": """", ""team_changed_at"": """", ""years_exp"": ""6""}"
2026-08-31T15:52:53+00:00,1370218620990263296,1370218623456526336,142,12,10,11,214141231750443008,13311,Chris Bell,WR,MIA,"{""first_name"": ""Chris"", ""injury_status"": ""Questionable"", ""last_name"": ""Bell"", ""news_updated"": ""1781543158426"", ""number"": ""18"", ""player_id"": ""13311"", ""position"": ""WR"", ""sport"": ""nfl"", ""status"": ""Active"", ""team"": ""MIA"", ""team_abbr"": """", ""team_changed_at"": """", ""years_exp"": ""0""}"
2026-08-31T15:52:53+00:00,1370218620990263296,1370218623456526336,143,12,11,7,1241249556683821056,13274,Germie Bernard,WR,PIT,"{""first_name"": ""Germie"", ""injury_status"": """", ""last_name"": ""Bernard"", ""news_updated"": ""1780331138704"", ""number"": ""17"", ""player_id"": ""13274"", ""position"": ""WR"", ""sport"": ""nfl"", ""status"": ""Active"", ""team"": ""PIT"", ""team_abbr"": """", ""team_changed_at"": """", ""years_exp"": ""0""}"
2026-08-31T15:52:53+00:00,1370218620990263296,1370218623456526336,144,12,12,9,1225654710162182144,13268,Elijah Sarratt,WR,BAL,"{""first_name"": ""Elijah"", ""injury_status"": """", ""last_name"": ""Sarratt"", ""news_updated"": ""1781488251460"", ""number"": ""13"", ""player_id"": ""13268"", ""position"": ""WR"", ""sport"": ""nfl"", ""status"": ""Active"", ""team"": ""BAL"", ""team_abbr"": """", ""team_changed_at"": """", ""years_exp"": ""0""}"
2026-08-31T15:52:53+00:00,1370218620990263296,1370218623456526336,145,13,12,9,1225654710162182144,13288,Nicholas Singleton,RB,TEN,"{""first_name"": ""Nicholas"", ""injury_status"": """", ""last_name"": ""Singleton"", ""news_updated"": ""1780433748434"", ""number"": ""32"", ""player_id"": ""13288"", ""position"": ""RB"", ""sport"": ""nfl"", ""status"": ""Active"", ""team"": ""TEN"", ""team_abbr"": """", ""team_changed_at"": """", ""years_exp"": ""0""}"
2026-08-31T15:52:53+00:00,1370218620990263296,1370218623456526336,146,13,11,7,1241249556683821056,5012,Mark Andrews,TE,BAL,"{""first_name"": ""Mark"", ""injury_status"": """", ""last_name"": ""Andrews"", ""news_updated"": ""1781111125961"", ""number"": ""89"", ""player_id"": ""5012"", ""position"": ""TE"", ""sport"": ""nfl"", ""status"": ""Active"", ""team"": ""BAL"", ""team_abbr"": """", ""team_changed_at"": """", ""years_exp"": ""8""}"
2026-08-31T15:52:53+00:00,1370218620990263296,1370218623456526336,147,13,10,8,725564023889817600,4217,George Kittle,TE,SF,"{""first_name"": ""George"", ""injury_status"": ""Questionable"", ""last_name"": ""Kittle"", ""news_updated"": ""1780605035810"", ""number"": ""85"", ""player_id"": ""4217"", ""position"": ""TE"", ""sport"": ""nfl"", ""status"": ""Active"", ""team"": ""SF"", ""team_abbr"": """", ""team_changed_at"": """", ""years_exp"": ""9""}"
2026-08-31T15:52:53+00:00,1370218620990263296,1370218623456526336,148,13,9,12,895461742359175168,4037,Chris Godwin,WR,TB,"{""first_name"": ""Chris"", ""injury_status"": """", ""last_name"": ""Godwin"", ""news_updated"": ""1780507857569"", ""number"": ""14"", ""player_id"": ""4037"", ""position"": ""WR"", ""sport"": ""nfl"", ""status"": ""Active"", ""team"": ""TB"", ""team_abbr"": """", ""team_changed_at"": """", ""years_exp"": ""9""}"
2026-08-31T15:52:53+00:00,1370218620990263296,1370218623456526336,149,13,8,9,1225654710162182144,12502,Gunnar Helm,TE,TEN,"{""first_name"": ""Gunnar"", ""injury_status"": """", ""last_name"": ""Helm"", ""news_updated"": ""1781467548965"", ""number"": ""84"", ""player_id"": ""12502"", ""position"": ""TE"", ""sport"": ""nfl"", ""status"": ""Active"", ""team"": ""TEN"", ""team_abbr"": """", ""team_changed_at"": """", ""years_exp"": ""1""}"
2026-08-31T15:52:53+00:00,1370218620990263296,1370218623456526336,150,13,7,4,458310882858889216,8136,Rachaad White,RB,WAS,"{""first_name"": ""Rachaad"", ""injury_status"": """", ""last_name"": ""White"", ""news_updated"": ""1781829322986"", ""number"": ""1"", ""player_id"": ""8136"", ""position"": ""RB"", ""sport"": ""nfl"", ""status"": ""Active"", ""team"": ""WAS"", ""team_abbr"": """", ""team_changed_at"": """", ""years_exp"": ""4""}"
2026-08-31T15:52:53+00:00,1370218620990263296,1370218623456526336,151,13,6,6,998103180779155456,8134,Khalil Shakir,WR,BUF,"{""first_name"": ""Khalil"", ""injury_status"": """", ""last_name"": ""Shakir"", ""news_updated"": ""1781486151296"", ""number"": ""10"", ""player_id"": ""8134"", ""position"": ""WR"", ""sport"": ""nfl"", ""status"": ""Active"", ""team"": ""BUF"", ""team_abbr"": """", ""team_changed_at"": """", ""years_exp"": ""4""}"
2026-08-31T15:52:53+00:00,1370218620990263296,1370218623456526336,152,13,5,2,1241276722213564416,7049,Jauan Jennings,WR,MIN,"{""first_name"": ""Jauan"", ""injury_status"": """", ""last_name"": ""Jennings"", ""news_updated"": ""1781626522821"", ""number"": ""14"", ""player_id"": ""7049"", ""position"": ""WR"", ""sport"": ""nfl"", ""status"": ""Active"", ""team"": ""MIN"", ""team_abbr"": """", ""team_changed_at"": """", ""years_exp"": ""6""}"
2026-08-31T15:52:53+00:00,1370218620990263296,1370218623456526336,153,13,4,11,214141231750443008,13320,Zachariah Branch,WR,ATL,"{""first_name"": ""Zachariah"", ""injury_status"": """", ""last_name"": ""Branch"", ""news_updated"": ""1780636538522"", ""number"": ""17"", ""player_id"": ""13320"", ""position"": ""WR"", ""sport"": ""nfl"", ""status"": ""Active"", ""team"": ""ATL"", ""team_abbr"": """", ""team_changed_at"": """", ""years_exp"": ""0""}"
2026-08-31T15:52:53+00:00,1370218620990263296,1370218623456526336,154,13,3,3,779583277362245632,11603,AJ Barner,TE,SEA,"{""first_name"": ""AJ"", ""injury_status"": ""Questionable"", ""last_name"": ""Barner"", ""news_updated"": ""1780640741557"", ""number"": ""88"", ""player_id"": ""11603"", ""position"": ""TE"", ""sport"": ""nfl"", ""status"": ""Active"", ""team"": ""SEA"", ""team_abbr"": """", ""team_changed_at"": """", ""years_exp"": ""2""}"
2026-08-31T15:52:53+00:00,1370218620990263296,1370218623456526336,155,13,2,10,1087855749369339904,13301,Antonio Williams,WR,WAS,"{""first_name"": ""Antonio"", ""injury_status"": """", ""last_name"": ""Williams"", ""news_updated"": ""1781703931403"", ""number"": ""14"", ""player_id"": ""13301"", ""position"": ""WR"", ""sport"": ""nfl"", ""status"": ""Active"", ""team"": ""WAS"", ""team_abbr"": """", ""team_changed_at"": """", ""years_exp"": ""0""}"
2026-08-31T15:52:53+00:00,1370218620990263296,1370218623456526336,156,13,1,5,1369507540269809664,7567,Kenny Gainwell,RB,TB,"{""first_name"": ""Kenneth"", ""injury_status"": """", ""last_name"": ""Gainwell"", ""news_updated"": ""1781768716033"", ""number"": ""1"", ""player_id"": ""7567"", ""position"": ""RB"", ""sport"": ""nfl"", ""status"": ""Active"", ""team"": ""TB"", ""team_abbr"": """", ""team_changed_at"": """", ""years_exp"": ""5""}"
2026-08-31T15:52:53+00:00,1370218620990263296,1370218623456526336,157,14,1,5,1369507540269809664,8676,Rashid Shaheed,WR,SEA,"{""first_name"": ""Rashid"", ""injury_status"": """", ""last_name"": ""Shaheed"", ""news_updated"": ""1780063828511"", ""number"": ""22"", ""player_id"": ""8676"", ""position"": ""WR"", ""sport"": ""nfl"", ""status"": ""Active"", ""team"": ""SEA"", ""team_abbr"": """", ""team_changed_at"": """", ""years_exp"": ""4""}"
2026-08-31T15:52:53+00:00,1370218620990263296,1370218623456526336,158,14,2,10,1087855749369339904,8210,Chig Okonkwo,TE,WAS,"{""first_name"": ""Chig"", ""injury_status"": """", ""last_name"": ""Okonkwo"", ""news_updated"": ""1781113215195"", ""number"": ""85"", ""player_id"": ""8210"", ""position"": ""TE"", ""sport"": ""nfl"", ""status"": ""Active"", ""team"": ""WAS"", ""team_abbr"": """", ""team_changed_at"": """", ""years_exp"": ""4""}"
2026-08-31T15:52:53+00:00,1370218620990263296,1370218623456526336,159,14,3,3,779583277362245632,13353,Chris Brazzell,WR,CAR,"{""first_name"": ""Chris"", ""injury_status"": """", ""last_name"": ""Brazzell"", ""news_updated"": ""1780422947420"", ""number"": ""19"", ""player_id"": ""13353"", ""position"": ""WR"", ""sport"": ""nfl"", ""status"": ""Active"", ""team"": ""CAR"", ""team_abbr"": """", ""team_changed_at"": """", ""years_exp"": ""0""}"
2026-08-31T15:52:53+00:00,1370218620990263296,1370218623456526336,160,14,4,11,214141231750443008,5022,Dallas Goedert,TE,PHI,"{""first_name"": ""Dallas"", ""injury_status"": """", ""last_name"": ""Goedert"", ""news_updated"": ""1780591506599"", ""number"": ""88"", ""player_id"": ""5022"", ""position"": ""TE"", ""sport"": ""nfl"", ""status"": ""Active"", ""team"": ""PHI"", ""team_abbr"": """", ""team_changed_at"": """", ""years_exp"": ""8""}"
2026-08-31T15:52:53+00:00,1370218620990263296,1370218623456526336,161,14,5,2,1241276722213564416,4033,David Njoku,TE,LAC,"{""first_name"": ""David"", ""injury_status"": """", ""last_name"": ""Njoku"", ""news_updated"": ""1780158645043"", ""number"": ""83"", ""player_id"": ""4033"", ""position"": ""TE"", ""sport"": ""nfl"", ""status"": ""Active"", ""team"": ""LAC"", ""team_abbr"": """", ""team_changed_at"": """", ""years_exp"": ""9""}"
2026-08-31T15:52:53+00:00,1370218620990263296,1370218623456526336,162,14,6,6,998103180779155456,13417,De'Zhaun Stribling,WR,SF,"{""first_name"": ""De'Zhaun"", ""injury_status"": """", ""last_name"": ""Stribling"", ""news_updated"": ""1781705131273"", ""number"": ""15"", ""player_id"": ""13417"", ""position"": ""WR"", ""sport"": ""nfl"", ""status"": ""Active"", ""team"": ""SF"", ""team_abbr"": """", ""team_changed_at"": """", ""years_exp"": ""0""}"
2026-08-31T15:52:53+00:00,1370218620990263296,1370218623456526336,163,14,7,4,458310882858889216,12498,Mason Taylor,TE,NYJ,"{""first_name"": ""Mason"", ""injury_status"": """", ""last_name"": ""Taylor"", ""news_updated"": ""1780333238805"", ""number"": ""85"", ""player_id"": ""12498"", ""position"": ""TE"", ""sport"": ""nfl"", ""status"": ""Active"", ""team"": ""NYJ"", ""team_abbr"": """", ""team_changed_at"": """", ""years_exp"": ""1""}"
2026-08-31T15:52:53+00:00,1370218620990263296,1370218623456526336,164,14,8,9,1225654710162182144,5967,Tony Pollard,RB,TEN,"{""first_name"": ""Tony"", ""injury_status"": """", ""last_name"": ""Pollard"", ""news_updated"": ""1780432248339"", ""number"": ""20"", ""player_id"": ""5967"", ""position"": ""RB"", ""sport"": ""nfl"", ""status"": ""Active"", ""team"": ""TEN"", ""team_abbr"": """", ""team_changed_at"": """", ""years_exp"": ""7""}"
2026-08-31T15:52:53+00:00,1370218620990263296,1370218623456526336,165,14,9,12,895461742359175168,7002,Juwan Johnson,TE,NO,"{""first_name"": ""Juwan"", ""injury_status"": """", ""last_name"": ""Johnson"", ""news_updated"": ""1781443846101"", ""number"": ""83"", ""player_id"": ""7002"", ""position"": ""TE"", ""sport"": ""nfl"", ""status"": ""Active"", ""team"": ""NO"", ""team_abbr"": """", ""team_changed_at"": """", ""years_exp"": ""6""}"
2026-08-31T15:52:53+00:00,1370218620990263296,1370218623456526336,166,14,10,8,725564023889817600,6803,Brandon Aiyuk,WR,SF,"{""first_name"": ""Brandon"", ""injury_status"": ""DNR"", ""last_name"": ""Aiyuk"", ""news_updated"": ""1780511757919"", ""number"": ""11"", ""player_id"": ""6803"", ""position"": ""WR"", ""sport"": ""nfl"", ""status"": ""Active"", ""team"": ""SF"", ""team_abbr"": """", ""team_changed_at"": """", ""years_exp"": ""6""}"
2026-08-31T15:52:53+00:00,1370218620990263296,1370218623456526336,167,14,11,7,1241249556683821056,11565,J.J. McCarthy,QB,MIN,"{""first_name"": ""J.J."", ""injury_status"": """", ""last_name"": ""McCarthy"", ""news_updated"": ""1781110826509"", ""number"": ""9"", ""player_id"": ""11565"", ""position"": ""QB"", ""sport"": ""nfl"", ""status"": ""Active"", ""team"": ""MIN"", ""team_abbr"": """", ""team_changed_at"": """", ""years_exp"": ""2""}"
2026-08-31T15:52:53+00:00,1370218620990263296,1370218623456526336,168,14,12,1,978483609717858304,11655,Tyrone Tracy,RB,NYG,"{""first_name"": ""Tyrone"", ""injury_status"": """", ""last_name"": ""Tracy"", ""news_updated"": ""1781191224366"", ""number"": ""29"", ""player_id"": ""11655"", ""position"": ""RB"", ""sport"": ""nfl"", ""status"": ""Active"", ""team"": ""NYG"", ""team_abbr"": """", ""team_changed_at"": """", ""years_exp"": ""2""}"
2026-08-31T15:52:53+00:00,1370218620990263296,1370218623456526336,169,15,12,9,1225654710162182144,7527,Mac Jones,QB,SF,"{""first_name"": ""Mac"", ""injury_status"": ""Questionable"", ""last_name"": ""Jones"", ""news_updated"": ""1780552504466"", ""number"": ""10"", ""player_id"": ""7527"", ""position"": ""QB"", ""sport"": ""nfl"", ""status"": ""Active"", ""team"": ""SF"", ""team_abbr"": """", ""team_changed_at"": """", ""years_exp"": ""5""}"
2026-08-31T15:52:53+00:00,1370218620990263296,1370218623456526336,170,15,11,7,1241249556683821056,8408,Jordan Mason,RB,MIN,"{""first_name"": ""Jordan"", ""injury_status"": """", ""last_name"": ""Mason"", ""news_updated"": ""1781446246411"", ""number"": ""27"", ""player_id"": ""8408"", ""position"": ""RB"", ""sport"": ""nfl"", ""status"": ""Active"", ""team"": ""MIN"", ""team_abbr"": """", ""team_changed_at"": """", ""years_exp"": ""4""}"
2026-08-31T15:52:53+00:00,1370218620990263296,1370218623456526336,171,15,10,8,725564023889817600,12492,Pat Bryant,WR,DEN,"{""first_name"": ""Pat"", ""injury_status"": """", ""last_name"": ""Bryant"", ""news_updated"": ""1782146110680"", ""number"": ""13"", ""player_id"": ""12492"", ""position"": ""WR"", ""sport"": ""nfl"", ""status"": ""Active"", ""team"": ""DEN"", ""team_abbr"": """", ""team_changed_at"": """", ""years_exp"": ""1""}"
2026-08-31T15:52:53+00:00,1370218620990263296,1370218623456526336,172,15,9,12,895461742359175168,1466,Travis Kelce,TE,KC,"{""first_name"": ""Travis"", ""injury_status"": """", ""last_name"": ""Kelce"", ""news_updated"": ""1781377838390"", ""number"": ""87"", ""player_id"": ""1466"", ""position"": ""TE"", ""sport"": ""nfl"", ""status"": ""Active"", ""team"": ""KC"", ""team_abbr"": """", ""team_changed_at"": """", ""years_exp"": ""13""}"
2026-08-31T15:52:53+00:00,1370218620990263296,1370218623456526336,173,15,8,1,978483609717858304,10219,Chris Rodriguez,RB,JAX,"{""first_name"": ""Chris"", ""injury_status"": ""Questionable"", ""last_name"": ""Rodriguez"", ""news_updated"": ""1780983337283"", ""number"": ""36"", ""player_id"": ""10219"", ""position"": ""RB"", ""sport"": ""nfl"", ""status"": ""Active"", ""team"": ""JAX"", ""team_abbr"": """", ""team_changed_at"": """", ""years_exp"": ""3""}"
2026-08-31T15:52:53+00:00,1370218620990263296,1370218623456526336,174,15,7,4,458310882858889216,13285,Malachi Fields,WR,NYG,"{""first_name"": ""Malachi"", ""injury_status"": """", ""last_name"": ""Fields"", ""news_updated"": ""1781195122617"", ""number"": ""0"", ""player_id"": ""13285"", ""position"": ""WR"", ""sport"": ""nfl"", ""status"": ""Active"", ""team"": ""NYG"", ""team_abbr"": """", ""team_changed_at"": """", ""years_exp"": ""0""}"
2026-08-31T15:52:53+00:00,1370218620990263296,1370218623456526336,175,15,6,6,998103180779155456,11559,Michael Penix,QB,ATL,"{""first_name"": ""Michael"", ""injury_status"": ""Questionable"", ""last_name"": ""Penix"", ""news_updated"": ""1781721611240"", ""number"": ""9"", ""player_id"": ""11559"", ""position"": ""QB"", ""sport"": ""nfl"", ""status"": ""Active"", ""team"": ""ATL"", ""team_abbr"": """", ""team_changed_at"": """", ""years_exp"": ""2""}"
2026-08-31T15:52:53+00:00,1370218620990263296,1370218623456526336,176,15,5,2,1241276722213564416,11589,Trey Benson,RB,ARI,"{""first_name"": ""Trey"", ""injury_status"": ""Questionable"", ""last_name"": ""Benson"", ""news_updated"": ""1781058343854"", ""number"": ""33"", ""player_id"": ""11589"", ""position"": ""RB"", ""sport"": ""nfl"", ""status"": ""Active"", ""team"": ""ARI"", ""team_abbr"": """", ""team_changed_at"": """", ""years_exp"": ""2""}"
2026-08-31T15:52:53+00:00,1370218620990263296,1370218623456526336,177,15,4,11,214141231750443008,3257,Jacoby Brissett,QB,ARI,"{""first_name"": ""Jacoby"", ""injury_status"": """", ""last_name"": ""Brissett"", ""news_updated"": ""1782070854305"", ""number"": ""7"", ""player_id"": ""3257"", ""position"": ""QB"", ""sport"": ""nfl"", ""status"": ""Active"", ""team"": ""ARI"", ""team_abbr"": """", ""team_changed_at"": """", ""years_exp"": ""10""}"
2026-08-31T15:52:53+00:00,1370218620990263296,1370218623456526336,178,15,3,3,779583277362245632,5001,Dalton Schultz,TE,HOU,"{""first_name"": ""Dalton"", ""injury_status"": """", ""last_name"": ""Schultz"", ""news_updated"": ""1781627723039"", ""number"": ""86"", ""player_id"": ""5001"", ""position"": ""TE"", ""sport"": ""nfl"", ""status"": ""Active"", ""team"": ""HOU"", ""team_abbr"": """", ""team_changed_at"": """", ""years_exp"": ""8""}"
2026-08-31T15:52:53+00:00,1370218620990263296,1370218623456526336,179,15,2,10,1087855749369339904,12469,Dylan Sampson,RB,CLE,"{""first_name"": ""Dylan"", ""injury_status"": """", ""last_name"": ""Sampson"", ""news_updated"": ""1780677342313"", ""number"": ""22"", ""player_id"": ""12469"", ""position"": ""RB"", ""sport"": ""nfl"", ""status"": ""Active"", ""team"": ""CLE"", ""team_abbr"": """", ""team_changed_at"": """", ""years_exp"": ""1""}"
2026-08-31T15:52:53+00:00,1370218620990263296,1370218623456526336,180,15,1,5,1369507540269809664,3214,Hunter Henry,TE,NE,"{""first_name"": ""Hunter"", ""injury_status"": """", ""last_name"": ""Henry"", ""news_updated"": ""1781104225274"", ""number"": ""85"", ""player_id"": ""3214"", ""position"": ""TE"", ""sport"": ""nfl"", ""status"": ""Active"", ""team"": ""NE"", ""team_abbr"": """", ""team_changed_at"": """", ""years_exp"": ""10""}"
2026-08-31T15:52:53+00:00,1370218620990263296,1370218623456526336,181,16,1,5,1369507540269809664,6783,Jerry Jeudy,WR,CLE,"{""first_name"": ""Jerry"", ""injury_status"": ""Questionable"", ""last_name"": ""Jeudy"", ""news_updated"": ""1781269852427"", ""number"": ""3"", ""player_id"": ""6783"", ""position"": ""WR"", ""sport"": ""nfl"", ""status"": ""Active"", ""team"": ""CLE"", ""team_abbr"": """", ""team_changed_at"": """", ""years_exp"": ""6""}"
2026-08-31T15:52:53+00:00,1370218620990263296,1370218623456526336,182,16,2,10,1087855749369339904,13421,Eli Raridon,TE,NE,"{""first_name"": ""Eli"", ""injury_status"": """", ""last_name"": ""Raridon"", ""news_updated"": ""1777750251843"", ""number"": ""82"", ""player_id"": ""13421"", ""position"": ""TE"", ""sport"": ""nfl"", ""status"": ""Active"", ""team"": ""NE"", ""team_abbr"": """", ""team_changed_at"": """", ""years_exp"": ""0""}"
2026-08-31T15:52:53+00:00,1370218620990263296,1370218623456526336,183,16,3,3,779583277362245632,8205,Isiah Pacheco,RB,DET,"{""first_name"": ""Isiah"", ""injury_status"": """", ""last_name"": ""Pacheco"", ""news_updated"": ""1782145510490"", ""number"": ""10"", ""player_id"": ""8205"", ""position"": ""RB"", ""sport"": ""nfl"", ""status"": ""Active"", ""team"": ""DET"", ""team_abbr"": """", ""team_changed_at"": """", ""years_exp"": ""4""}"
2026-08-31T15:52:53+00:00,1370218620990263296,1370218623456526336,184,16,4,11,214141231750443008,12487,Terrance Ferguson,TE,LAR,"{""first_name"": ""Terrance"", ""injury_status"": """", ""last_name"": ""Ferguson"", ""news_updated"": ""1780505457369"", ""number"": ""18"", ""player_id"": ""12487"", ""position"": ""TE"", ""sport"": ""nfl"", ""status"": ""Active"", ""team"": ""LAR"", ""team_abbr"": """", ""team_changed_at"": """", ""years_exp"": ""1""}"
2026-08-31T15:52:53+00:00,1370218620990263296,1370218623456526336,185,16,5,2,1241276722213564416,13272,Carson Beck,QB,ARI,"{""first_name"": ""Carson"", ""injury_status"": """", ""last_name"": ""Beck"", ""news_updated"": ""1781802339772"", ""number"": ""19"", ""player_id"": ""13272"", ""position"": ""QB"", ""sport"": ""nfl"", ""status"": ""Active"", ""team"": ""ARI"", ""team_abbr"": """", ""team_changed_at"": """", ""years_exp"": ""0""}"
2026-08-31T15:52:53+00:00,1370218620990263296,1370218623456526336,186,16,6,6,998103180779155456,13337,Emmett Johnson,RB,KC,"{""first_name"": ""Emmett"", ""injury_status"": """", ""last_name"": ""Johnson"", ""news_updated"": ""1781282751834"", ""number"": ""10"", ""player_id"": ""13337"", ""position"": ""RB"", ""sport"": ""nfl"", ""status"": ""Active"", ""team"": ""KC"", ""team_abbr"": """", ""team_changed_at"": """", ""years_exp"": ""0""}"
2026-08-31T15:52:53+00:00,1370218620990263296,1370218623456526336,187,16,7,4,458310882858889216,12524,Shedeur Sanders,QB,CLE,"{""first_name"": ""Shedeur"", ""injury_status"": """", ""last_name"": ""Sanders"", ""news_updated"": ""1781822124933"", ""number"": ""2"", ""player_id"": ""12524"", ""position"": ""QB"", ""sport"": ""nfl"", ""status"": ""Active"", ""team"": ""CLE"", ""team_abbr"": """", ""team_changed_at"": """", ""years_exp"": ""1""}"
2026-08-31T15:52:53+00:00,1370218620990263296,1370218623456526336,188,16,8,1,978483609717858304,9225,Tank Bigsby,RB,PHI,"{""first_name"": ""Tank"", ""injury_status"": """", ""last_name"": ""Bigsby"", ""news_updated"": ""1780676442186"", ""number"": ""8"", ""player_id"": ""9225"", ""position"": ""RB"", ""sport"": ""nfl"", ""status"": ""Active"", ""team"": ""PHI"", ""team_abbr"": """", ""team_changed_at"": """", ""years_exp"": ""3""}"
2026-08-31T15:52:53+00:00,1370218620990263296,1370218623456526336,189,16,9,12,895461742359175168,12535,Isaac TeSlaa,WR,DET,"{""first_name"": ""Isaac"", ""injury_status"": """", ""last_name"": ""TeSlaa"", ""news_updated"": ""1781768715987"", ""number"": ""18"", ""player_id"": ""12535"", ""position"": ""WR"", ""sport"": ""nfl"", ""status"": ""Active"", ""team"": ""DET"", ""team_abbr"": """", ""team_changed_at"": """", ""years_exp"": ""1""}"
2026-08-31T15:52:53+00:00,1370218620990263296,1370218623456526336,190,16,10,8,725564023889817600,12474,Woody Marks,RB,HOU,"{""first_name"": ""Woody"", ""injury_status"": """", ""last_name"": ""Marks"", ""news_updated"": ""1781713510577"", ""number"": ""4"", ""player_id"": ""12474"", ""position"": ""RB"", ""sport"": ""nfl"", ""status"": ""Active"", ""team"": ""HOU"", ""team_abbr"": """", ""team_changed_at"": """", ""years_exp"": ""1""}"
2026-08-31T15:52:53+00:00,1370218620990263296,1370218623456526336,191,16,11,7,1241249556683821056,12509,Tre' Harris,WR,LAC,"{""first_name"": ""Tre'"", ""injury_status"": """", ""last_name"": ""Harris"", ""news_updated"": ""1781618121806"", ""number"": ""9"", ""player_id"": ""12509"", ""position"": ""WR"", ""sport"": ""nfl"", ""status"": ""Active"", ""team"": ""LAC"", ""team_abbr"": """", ""team_changed_at"": """", ""years_exp"": ""1""}"
2026-08-31T15:52:53+00:00,1370218620990263296,1370218623456526336,192,16,12,9,1225654710162182144,9508,Tyjae Spears,RB,TEN,"{""first_name"": ""Tyjae"", ""injury_status"": """", ""last_name"": ""Spears"", ""news_updated"": ""1780520158813"", ""number"": ""2"", ""player_id"": ""9508"", ""position"": ""RB"", ""sport"": ""nfl"", ""status"": ""Active"", ""team"": ""TEN"", ""team_abbr"": """", ""team_changed_at"": """", ""years_exp"": ""3""}"
2026-08-31T15:52:53+00:00,1370218620990263296,1370218623456526336,193,17,12,1,978483609717858304,13278,Max Klare,TE,LAR,"{""first_name"": ""Max"", ""injury_status"": """", ""last_name"": ""Klare"", ""news_updated"": ""1780417847014"", ""number"": ""86"", ""player_id"": ""13278"", ""position"": ""TE"", ""sport"": ""nfl"", ""status"": ""Active"", ""team"": ""LAR"", ""team_abbr"": """", ""team_changed_at"": """", ""years_exp"": ""0""}"
2026-08-31T15:52:53+00:00,1370218620990263296,1370218623456526336,194,17,11,7,1241249556683821056,11627,Troy Franklin,WR,DEN,"{""first_name"": ""Troy"", ""injury_status"": """", ""last_name"": ""Franklin"", ""news_updated"": ""1781724911697"", ""number"": ""11"", ""player_id"": ""11627"", ""position"": ""WR"", ""sport"": ""nfl"", ""status"": ""Active"", ""team"": ""DEN"", ""team_abbr"": """", ""team_changed_at"": """", ""years_exp"": ""2""}"
2026-08-31T15:52:53+00:00,1370218620990263296,1370218623456526336,195,17,10,8,725564023889817600,4199,Aaron Jones,RB,MIN,"{""first_name"": ""Aaron"", ""injury_status"": """", ""last_name"": ""Jones"", ""news_updated"": ""1782146710749"", ""number"": ""33"", ""player_id"": ""4199"", ""position"": ""RB"", ""sport"": ""nfl"", ""status"": ""Active"", ""team"": ""MIN"", ""team_abbr"": """", ""team_changed_at"": """", ""years_exp"": ""9""}"
2026-08-31T15:52:53+00:00,1370218620990263296,1370218623456526336,196,17,9,12,895461742359175168,7591,Justin Fields,QB,KC,"{""first_name"": ""Justin"", ""injury_status"": """", ""last_name"": ""Fields"", ""news_updated"": ""1780592406747"", ""number"": ""6"", ""player_id"": ""7591"", ""position"": ""QB"", ""sport"": ""nfl"", ""status"": ""Active"", ""team"": ""KC"", ""team_abbr"": """", ""team_changed_at"": """", ""years_exp"": ""5""}"
2026-08-31T15:52:53+00:00,1370218620990263296,1370218623456526336,197,17,8,1,978483609717858304,13317,Ted Hurst,WR,TB,"{""first_name"": ""Ted"", ""injury_status"": """", ""last_name"": ""Hurst"", ""news_updated"": ""1780497056203"", ""number"": ""17"", ""player_id"": ""13317"", ""position"": ""WR"", ""sport"": ""nfl"", ""status"": ""Active"", ""team"": ""TB"", ""team_abbr"": """", ""team_changed_at"": """", ""years_exp"": ""0""}"
2026-08-31T15:52:53+00:00,1370218620990263296,1370218623456526336,198,17,7,4,458310882858889216,9229,Anthony Richardson,QB,IND,"{""first_name"": ""Anthony"", ""injury_status"": """", ""last_name"": ""Richardson"", ""news_updated"": ""1781190621748"", ""number"": ""5"", ""player_id"": ""9229"", ""position"": ""QB"", ""sport"": ""nfl"", ""status"": ""Active"", ""team"": ""IND"", ""team_abbr"": """", ""team_changed_at"": """", ""years_exp"": ""3""}"
2026-08-31T15:52:53+00:00,1370218620990263296,1370218623456526336,199,17,6,6,998103180779155456,11576,Braelon Allen,RB,NYJ,"{""first_name"": ""Braelon"", ""injury_status"": """", ""last_name"": ""Allen"", ""news_updated"": ""1781142917419"", ""number"": ""0"", ""player_id"": ""11576"", ""position"": ""RB"", ""sport"": ""nfl"", ""status"": ""Active"", ""team"": ""NYJ"", ""team_abbr"": """", ""team_changed_at"": """", ""years_exp"": ""2""}"
2026-08-31T15:52:53+00:00,1370218620990263296,1370218623456526336,200,17,5,2,1241276722213564416,9504,Kayshon Boutte,WR,HOU,"{""first_name"": ""Kayshon"", ""injury_status"": """", ""last_name"": ""Boutte"", ""news_updated"": ""1781102426691"", ""number"": ""9"", ""player_id"": ""9504"", ""position"": ""WR"", ""sport"": ""nfl"", ""status"": ""Active"", ""team"": ""NE"", ""team_abbr"": """", ""team_changed_at"": """", ""years_exp"": ""3""}"
2026-08-31T15:52:53+00:00,1370218620990263296,1370218623456526336,201,17,4,11,214141231750443008,13305,Mike Washington,RB,LV,"{""first_name"": ""Mike"", ""injury_status"": """", ""last_name"": ""Washington"", ""news_updated"": ""1780432848375"", ""number"": ""30"", ""player_id"": ""13305"", ""position"": ""RB"", ""sport"": ""nfl"", ""status"": ""Active"", ""team"": ""LV"", ""team_abbr"": """", ""team_changed_at"": """", ""years_exp"": ""0""}"
2026-08-31T15:52:53+00:00,1370218620990263296,1370218623456526336,202,17,3,3,779583277362245632,9502,Tank Dell,WR,HOU,"{""first_name"": ""Tank"", ""injury_status"": ""Questionable"", ""last_name"": ""Dell"", ""news_updated"": ""1781289652611"", ""number"": ""1"", ""player_id"": ""9502"", ""position"": ""WR"", ""sport"": ""nfl"", ""status"": ""Active"", ""team"": ""HOU"", ""team_abbr"": """", ""team_changed_at"": """", ""years_exp"": ""3""}"
2026-08-31T15:52:53+00:00,1370218620990263296,1370218623456526336,203,17,2,10,1087855749369339904,13319,Oscar Delp,TE,NO,"{""first_name"": ""Oscar"", ""injury_status"": """", ""last_name"": ""Delp"", ""news_updated"": ""1781768715975"", ""number"": ""88"", ""player_id"": ""13319"", ""position"": ""TE"", ""sport"": ""nfl"", ""status"": ""Active"", ""team"": ""NO"", ""team_abbr"": """", ""team_changed_at"": """", ""years_exp"": ""0""}"
2026-08-31T15:52:53+00:00,1370218620990263296,1370218623456526336,204,17,1,5,1369507540269809664,8111,Cade Otton,TE,TB,"{""first_name"": ""Cade"", ""injury_status"": """", ""last_name"": ""Otton"", ""news_updated"": ""1781541057814"", ""number"": ""88"", ""player_id"": ""8111"", ""position"": ""TE"", ""sport"": ""nfl"", ""status"": ""Active"", ""team"": ""TB"", ""team_abbr"": """", ""team_changed_at"": """", ""years_exp"": ""4""}"
2026-08-31T15:52:53+00:00,1370218620990263296,1370218623456526336,205,18,1,5,1369507540269809664,13405,Kaytron Allen,RB,WAS,"{""first_name"": ""Kaytron"", ""injury_status"": """", ""last_name"": ""Allen"", ""news_updated"": ""1780494055960"", ""number"": ""31"", ""player_id"": ""13405"", ""position"": ""RB"", ""sport"": ""nfl"", ""status"": ""Active"", ""team"": ""WAS"", ""team_abbr"": """", ""team_changed_at"": """", ""years_exp"": ""0""}"
2026-08-31T15:52:53+00:00,1370218620990263296,1370218623456526336,206,18,2,10,1087855749369339904,2449,Stefon Diggs,WR,WAS,"{""first_name"": ""Stefon"", ""injury_status"": """", ""last_name"": ""Diggs"", ""news_updated"": ""1781790316228"", ""number"": ""8"", ""player_id"": ""2449"", ""position"": ""WR"", ""sport"": ""nfl"", ""status"": ""Active"", ""team"": """", ""team_abbr"": """", ""team_changed_at"": """", ""years_exp"": ""11""}"
2026-08-31T15:52:53+00:00,1370218620990263296,1370218623456526336,207,18,3,3,779583277362245632,1373,Geno Smith,QB,NYJ,"{""first_name"": ""Geno"", ""injury_status"": """", ""last_name"": ""Smith"", ""news_updated"": ""1782235520984"", ""number"": ""7"", ""player_id"": ""1373"", ""position"": ""QB"", ""sport"": ""nfl"", ""status"": ""Active"", ""team"": ""NYJ"", ""team_abbr"": """", ""team_changed_at"": """", ""years_exp"": ""13""}"
2026-08-31T15:52:53+00:00,1370218620990263296,1370218623456526336,208,18,4,11,214141231750443008,12536,Jaylin Noel,WR,HOU,"{""first_name"": ""Jaylin"", ""injury_status"": """", ""last_name"": ""Noel"", ""news_updated"": ""1781374837940"", ""number"": ""13"", ""player_id"": ""12536"", ""position"": ""WR"", ""sport"": ""nfl"", ""status"": ""Active"", ""team"": ""HOU"", ""team_abbr"": """", ""team_changed_at"": """", ""years_exp"": ""1""}"
2026-08-31T15:52:53+00:00,1370218620990263296,1370218623456526336,209,18,5,2,1241276722213564416,7600,Pat Freiermuth,TE,PIT,"{""first_name"": ""Pat"", ""injury_status"": """", ""last_name"": ""Freiermuth"", ""news_updated"": ""1781466948992"", ""number"": ""88"", ""player_id"": ""7600"", ""position"": ""TE"", ""sport"": ""nfl"", ""status"": ""Active"", ""team"": ""PIT"", ""team_abbr"": """", ""team_changed_at"": """", ""years_exp"": ""5""}"
2026-08-31T15:52:53+00:00,1370218620990263296,1370218623456526336,210,18,6,6,998103180779155456,12510,Jalen Milroe,QB,SEA,"{""first_name"": ""Jalen"", ""injury_status"": """", ""last_name"": ""Milroe"", ""news_updated"": ""1781982943866"", ""number"": ""6"", ""player_id"": ""12510"", ""position"": ""QB"", ""sport"": ""nfl"", ""status"": ""Active"", ""team"": ""SEA"", ""team_abbr"": """", ""team_changed_at"": """", ""years_exp"": ""1""}"
2026-08-31T15:52:53+00:00,1370218620990263296,1370218623456526336,211,18,7,4,458310882858889216,13347,Demond Claiborne,RB,MIN,"{""first_name"": ""Demond"", ""injury_status"": """", ""last_name"": ""Claiborne"", ""news_updated"": ""1780493455568"", ""number"": ""21"", ""player_id"": ""13347"", ""position"": ""RB"", ""sport"": ""nfl"", ""status"": ""Active"", ""team"": ""MIN"", ""team_abbr"": """", ""team_changed_at"": """", ""years_exp"": ""0""}"
2026-08-31T15:52:53+00:00,1370218620990263296,1370218623456526336,212,18,8,1,978483609717858304,13293,Ja'Kobi Lane,WR,BAL,"{""first_name"": ""Ja'Kobi"", ""injury_status"": """", ""last_name"": ""Lane"", ""news_updated"": ""1780419947347"", ""number"": ""6"", ""player_id"": ""13293"", ""position"": ""WR"", ""sport"": ""nfl"", ""status"": ""Active"", ""team"": ""BAL"", ""team_abbr"": """", ""team_changed_at"": """", ""years_exp"": ""0""}"
2026-08-31T15:52:53+00:00,1370218620990263296,1370218623456526336,213,18,9,12,895461742359175168,5872,Deebo Samuel,WR,SF,"{""first_name"": ""Deebo"", ""injury_status"": """", ""last_name"": ""Samuel"", ""news_updated"": ""1782256224058"", ""number"": ""1"", ""player_id"": ""5872"", ""position"": ""WR"", ""sport"": ""nfl"", ""status"": ""Active"", ""team"": """", ""team_abbr"": """", ""team_changed_at"": """", ""years_exp"": ""7""}"
2026-08-31T15:52:53+00:00,1370218620990263296,1370218623456526336,214,18,10,8,725564023889817600,8698,Jake Tonges,TE,SF,"{""first_name"": ""Jake"", ""injury_status"": ""Questionable"", ""last_name"": ""Tonges"", ""news_updated"": ""1782147310639"", ""number"": ""88"", ""player_id"": ""8698"", ""position"": ""TE"", ""sport"": ""nfl"", ""status"": ""Active"", ""team"": ""SF"", ""team_abbr"": """", ""team_changed_at"": """", ""years_exp"": ""4""}"
2026-08-31T15:52:53+00:00,1370218620990263296,1370218623456526336,215,18,11,7,1241249556683821056,11647,Kimani Vidal,RB,LAC,"{""first_name"": ""Kimani"", ""injury_status"": """", ""last_name"": ""Vidal"", ""news_updated"": ""1781443545959"", ""number"": ""28"", ""player_id"": ""11647"", ""position"": ""RB"", ""sport"": ""nfl"", ""status"": ""Active"", ""team"": ""LAC"", ""team_abbr"": """", ""team_changed_at"": """", ""years_exp"": ""2""}"
2026-08-31T15:52:53+00:00,1370218620990263296,1370218623456526336,216,18,12,9,1225654710162182144,12483,Jack Bech,WR,LV,"{""first_name"": ""Jack"", ""injury_status"": """", ""last_name"": ""Bech"", ""news_updated"": ""1780860901914"", ""number"": ""18"", ""player_id"": ""12483"", ""position"": ""WR"", ""sport"": ""nfl"", ""status"": ""Active"", ""team"": ""LV"", ""team_abbr"": """", ""team_changed_at"": """", ""years_exp"": ""1""}"
2026-08-31T15:52:53+00:00,1370218620990263296,1370218623456526336,217,19,12,9,1225654710162182144,9511,Keaton Mitchell,RB,LAC,"{""first_name"": ""Keaton"", ""injury_status"": """", ""last_name"": ""Mitchell"", ""news_updated"": ""1780840259532"", ""number"": ""34"", ""player_id"": ""9511"", ""position"": ""RB"", ""sport"": ""nfl"", ""status"": ""Active"", ""team"": ""LAC"", ""team_abbr"": """", ""team_changed_at"": """", ""years_exp"": ""3""}"
2026-08-31T15:52:53+00:00,1370218620990263296,1370218623456526336,218,19,11,7,1241249556683821056,11597,Theo Johnson,TE,NYG,"{""first_name"": ""Theo"", ""injury_status"": """", ""last_name"": ""Johnson"", ""news_updated"": ""1780583105665"", ""number"": ""84"", ""player_id"": ""11597"", ""position"": ""TE"", ""sport"": ""nfl"", ""status"": ""Active"", ""team"": ""NYG"", ""team_abbr"": """", ""team_changed_at"": """", ""years_exp"": ""2""}"
2026-08-31T15:52:53+00:00,1370218620990263296,1370218623456526336,219,19,10,8,725564023889817600,8180,Jalen Nailor,WR,LV,"{""first_name"": ""Jalen"", ""injury_status"": """", ""last_name"": ""Nailor"", ""news_updated"": ""1781616021691"", ""number"": ""9"", ""player_id"": ""8180"", ""position"": ""WR"", ""sport"": ""nfl"", ""status"": ""Active"", ""team"": ""LV"", ""team_abbr"": """", ""team_changed_at"": """", ""years_exp"": ""4""}"
2026-08-31T15:52:53+00:00,1370218620990263296,1370218623456526336,220,19,9,12,895461742359175168,12504,Kaleb Johnson,RB,GB,"{""first_name"": ""Kaleb"", ""injury_status"": """", ""last_name"": ""Johnson"", ""news_updated"": ""1781715911998"", ""number"": ""20"", ""player_id"": ""12504"", ""position"": ""RB"", ""sport"": ""nfl"", ""status"": ""Active"", ""team"": ""PIT"", ""team_abbr"": """", ""team_changed_at"": """", ""years_exp"": ""1""}"
2026-08-31T15:52:53+00:00,1370218620990263296,1370218623456526336,221,19,8,1,978483609717858304,13400,Justin Joly,TE,DEN,"{""first_name"": ""Justin"", ""injury_status"": """", ""last_name"": ""Joly"", ""news_updated"": ""1777335620117"", ""number"": ""80"", ""player_id"": ""13400"", ""position"": ""TE"", ""sport"": ""nfl"", ""status"": ""Active"", ""team"": ""DEN"", ""team_abbr"": """", ""team_changed_at"": """", ""years_exp"": ""0""}"
2026-08-31T15:52:53+00:00,1370218620990263296,1370218623456526336,222,19,7,4,458310882858889216,12521,Elijah Arroyo,TE,SEA,"{""first_name"": ""Elijah"", ""injury_status"": """", ""last_name"": ""Arroyo"", ""news_updated"": ""1780862102099"", ""number"": ""18"", ""player_id"": ""12521"", ""position"": ""TE"", ""sport"": ""nfl"", ""status"": ""Active"", ""team"": ""SEA"", ""team_abbr"": """", ""team_changed_at"": """", ""years_exp"": ""1""}"
2026-08-31T15:52:53+00:00,1370218620990263296,1370218623456526336,223,19,6,6,998103180779155456,13414,Kaelon Black,RB,SF,"{""first_name"": ""Kaelon"", ""injury_status"": """", ""last_name"": ""Black"", ""news_updated"": ""1778732430218"", ""number"": ""26"", ""player_id"": ""13414"", ""position"": ""RB"", ""sport"": ""nfl"", ""status"": ""Active"", ""team"": ""SF"", ""team_abbr"": """", ""team_changed_at"": """", ""years_exp"": ""0""}"
2026-08-31T15:52:53+00:00,1370218620990263296,1370218623456526336,224,19,5,2,1241276722213564416,4137,James Conner,RB,ARI,"{""first_name"": ""James"", ""injury_status"": ""Questionable"", ""last_name"": ""Conner"", ""news_updated"": ""1781058343871"", ""number"": ""6"", ""player_id"": ""4137"", ""position"": ""RB"", ""sport"": ""nfl"", ""status"": ""Active"", ""team"": ""ARI"", ""team_abbr"": """", ""team_changed_at"": """", ""years_exp"": ""9""}"
2026-08-31T15:52:53+00:00,1370218620990263296,1370218623456526336,225,19,4,11,214141231750443008,11610,Malik Washington,WR,MIA,"{""first_name"": ""Malik"", ""injury_status"": """", ""last_name"": ""Washington"", ""news_updated"": ""1781790916260"", ""number"": ""6"", ""player_id"": ""11610"", ""position"": ""WR"", ""sport"": ""nfl"", ""status"": ""Active"", ""team"": ""MIA"", ""team_abbr"": """", ""team_changed_at"": """", ""years_exp"": ""2""}"
2026-08-31T15:52:53+00:00,1370218620990263296,1370218623456526336,226,19,3,3,779583277362245632,12497,Tory Horton,WR,SEA,"{""first_name"": ""Tory"", ""injury_status"": ""Questionable"", ""last_name"": ""Horton"", ""news_updated"": ""1781531756740"", ""number"": ""15"", ""player_id"": ""12497"", ""position"": ""WR"", ""sport"": ""nfl"", ""status"": ""Active"", ""team"": ""SEA"", ""team_abbr"": """", ""team_changed_at"": """", ""years_exp"": ""1""}"
2026-08-31T15:52:53+00:00,1370218620990263296,1370218623456526336,227,19,2,10,1087855749369339904,9482,Michael Mayer,TE,LV,"{""first_name"": ""Michael"", ""injury_status"": """", ""last_name"": ""Mayer"", ""news_updated"": ""1781704531386"", ""number"": ""87"", ""player_id"": ""9482"", ""position"": ""TE"", ""sport"": ""nfl"", ""status"": ""Active"", ""team"": ""LV"", ""team_abbr"": """", ""team_changed_at"": """", ""years_exp"": ""3""}"
2026-08-31T15:52:53+00:00,1370218620990263296,1370218623456526336,228,19,1,5,1369507540269809664,11625,Adonai Mitchell,WR,NYJ,"{""first_name"": ""Adonai"", ""injury_status"": """", ""last_name"": ""Mitchell"", ""news_updated"": ""1780540501291"", ""number"": ""15"", ""player_id"": ""11625"", ""position"": ""WR"", ""sport"": ""nfl"", ""status"": ""Active"", ""team"": ""NYJ"", ""team_abbr"": """", ""team_changed_at"": """", ""years_exp"": ""2""}"
2026-08-31T15:52:53+00:00,1370218620990263296,1370218623456526336,229,20,1,5,1369507540269809664,12499,Elic Ayomanor,WR,TEN,"{""first_name"": ""Elic"", ""injury_status"": """", ""last_name"": ""Ayomanor"", ""news_updated"": ""1780692943797"", ""number"": ""5"", ""player_id"": ""12499"", ""position"": ""WR"", ""sport"": ""nfl"", ""status"": ""Active"", ""team"": ""TEN"", ""team_abbr"": """", ""team_changed_at"": """", ""years_exp"": ""1""}"
2026-08-31T15:52:53+00:00,1370218620990263296,1370218623456526336,230,20,2,10,1087855749369339904,8154,Brian Robinson,RB,ATL,"{""first_name"": ""Brian"", ""injury_status"": """", ""last_name"": ""Robinson"", ""news_updated"": ""1781382938923"", ""number"": ""15"", ""player_id"": ""8154"", ""position"": ""RB"", ""sport"": ""nfl"", ""status"": ""Active"", ""team"": ""ATL"", ""team_abbr"": """", ""team_changed_at"": """", ""years_exp"": ""4""}"
2026-08-31T15:52:53+00:00,1370218620990263296,1370218623456526336,231,20,3,3,779583277362245632,1166,Kirk Cousins,QB,LV,"{""first_name"": ""Kirk"", ""injury_status"": """", ""last_name"": ""Cousins"", ""news_updated"": ""1781195722643"", ""number"": ""8"", ""player_id"": ""1166"", ""position"": ""QB"", ""sport"": ""nfl"", ""status"": ""Active"", ""team"": ""LV"", ""team_abbr"": """", ""team_changed_at"": """", ""years_exp"": ""14""}"
2026-08-31T15:52:53+00:00,1370218620990263296,1370218623456526336,232,20,4,11,214141231750443008,4017,Deshaun Watson,QB,CLE,"{""first_name"": ""Deshaun"", ""injury_status"": """", ""last_name"": ""Watson"", ""news_updated"": ""1781817923942"", ""number"": ""4"", ""player_id"": ""4017"", ""position"": ""QB"", ""sport"": ""nfl"", ""status"": ""Active"", ""team"": ""CLE"", ""team_abbr"": """", ""team_changed_at"": """", ""years_exp"": ""9""}"
2026-08-31T15:52:53+00:00,1370218620990263296,1370218623456526336,233,20,5,2,1241276722213564416,6865,Colby Parkinson,TE,LAR,"{""first_name"": ""Colby"", ""injury_status"": """", ""last_name"": ""Parkinson"", ""news_updated"": ""1780518958773"", ""number"": ""84"", ""player_id"": ""6865"", ""position"": ""TE"", ""sport"": ""nfl"", ""status"": ""Active"", ""team"": ""LAR"", ""team_abbr"": """", ""team_changed_at"": """", ""years_exp"": ""6""}"
2026-08-31T15:52:53+00:00,1370218620990263296,1370218623456526336,234,20,6,6,998103180779155456,13296,Caleb Douglas,WR,MIA,"{""first_name"": ""Caleb"", ""injury_status"": ""Questionable"", ""last_name"": ""Douglas"", ""news_updated"": ""1780605035782"", ""number"": ""7"", ""player_id"": ""13296"", ""position"": ""WR"", ""sport"": ""nfl"", ""status"": ""Active"", ""team"": ""MIA"", ""team_abbr"": """", ""team_changed_at"": """", ""years_exp"": ""0""}"
2026-08-31T15:52:53+00:00,1370218620990263296,1370218623456526336,235,20,7,4,458310882858889216,13402,Skyler Bell,WR,BUF,"{""first_name"": ""Skyler"", ""injury_status"": """", ""last_name"": ""Bell"", ""news_updated"": ""1780579505286"", ""number"": ""13"", ""player_id"": ""13402"", ""position"": ""WR"", ""sport"": ""nfl"", ""status"": ""Active"", ""team"": ""BUF"", ""team_abbr"": """", ""team_changed_at"": """", ""years_exp"": ""0""}"
2026-08-31T15:52:53+00:00,1370218620990263296,1370218623456526336,236,20,8,1,978483609717858304,96,Aaron Rodgers,QB,PIT,"{""first_name"": ""Aaron"", ""injury_status"": """", ""last_name"": ""Rodgers"", ""news_updated"": ""1781194522114"", ""number"": ""8"", ""player_id"": ""96"", ""position"": ""QB"", ""sport"": ""nfl"", ""status"": ""Active"", ""team"": ""PIT"", ""team_abbr"": """", ""team_changed_at"": """", ""years_exp"": ""21""}"
2026-08-31T15:52:53+00:00,1370218620990263296,1370218623456526336,237,20,9,12,895461742359175168,11637,Keon Coleman,WR,BUF,"{""first_name"": ""Keon"", ""injury_status"": """", ""last_name"": ""Coleman"", ""news_updated"": ""1782413121761"", ""number"": ""0"", ""player_id"": ""11637"", ""position"": ""WR"", ""sport"": ""nfl"", ""status"": ""Active"", ""team"": ""BUF"", ""team_abbr"": """", ""team_changed_at"": """", ""years_exp"": ""2""}"
2026-08-31T15:52:53+00:00,1370218620990263296,1370218623456526336,238,20,10,8,725564023889817600,10213,Tre Tucker,WR,LV,"{""first_name"": ""Tre"", ""injury_status"": """", ""last_name"": ""Tucker"", ""news_updated"": ""1780861202097"", ""number"": ""1"", ""player_id"": ""10213"", ""position"": ""WR"", ""sport"": ""nfl"", ""status"": ""Active"", ""team"": ""LV"", ""team_abbr"": """", ""team_changed_at"": """", ""years_exp"": ""3""}"
2026-08-31T15:52:53+00:00,1370218620990263296,1370218623456526336,239,20,11,7,1241249556683821056,12547,Kyle Williams,WR,NE,"{""first_name"": ""Kyle"", ""injury_status"": """", ""last_name"": ""Williams"", ""news_updated"": ""1781188821815"", ""number"": ""8"", ""player_id"": ""12547"", ""position"": ""WR"", ""sport"": ""nfl"", ""status"": ""Active"", ""team"": ""NE"", ""team_abbr"": """", ""team_changed_at"": """", ""years_exp"": ""1""}"
2026-08-31T15:52:53+00:00,1370218620990263296,1370218623456526336,240,20,12,9,1225654710162182144,12467,Jordan James,RB,SF,"{""first_name"": ""Jordan"", ""injury_status"": """", ""last_name"": ""James"", ""news_updated"": ""1781376338166"", ""number"": ""29"", ""player_id"": ""12467"", ""position"": ""RB"", ""sport"": ""nfl"", ""status"": ""Active"", ""team"": ""SF"", ""team_abbr"": """", ""team_changed_at"": """", ""years_exp"": ""1""}"
2026-08-31T15:52:53+00:00,1370218620990263296,1370218623456526336,241,21,12,9,1225654710162182144,12485,Tez Johnson,WR,TB,"{""first_name"": ""Tez"", ""injury_status"": """", ""last_name"": ""Johnson"", ""news_updated"": ""1781532356781"", ""number"": ""15"", ""player_id"": ""12485"", ""position"": ""WR"", ""sport"": ""nfl"", ""status"": ""Active"", ""team"": ""TB"", ""team_abbr"": """", ""team_changed_at"": """", ""years_exp"": ""1""}"
2026-08-31T15:52:53+00:00,1370218620990263296,1370218623456526336,242,21,11,7,1241249556683821056,9506,Sean Tucker,RB,TB,"{""first_name"": ""Sean"", ""injury_status"": """", ""last_name"": ""Tucker"", ""news_updated"": ""1782231920523"", ""number"": ""44"", ""player_id"": ""9506"", ""position"": ""RB"", ""sport"": ""nfl"", ""status"": ""Active"", ""team"": ""TB"", ""team_abbr"": """", ""team_changed_at"": """", ""years_exp"": ""3""}"
2026-08-31T15:52:53+00:00,1370218620990263296,1370218623456526336,243,21,10,8,725564023889817600,12471,DJ Giddens,RB,IND,"{""first_name"": ""DJ"", ""injury_status"": """", ""last_name"": ""Giddens"", ""news_updated"": ""1781189721705"", ""number"": ""21"", ""player_id"": ""12471"", ""position"": ""RB"", ""sport"": ""nfl"", ""status"": ""Active"", ""team"": ""IND"", ""team_abbr"": """", ""team_changed_at"": """", ""years_exp"": ""1""}"
2026-08-31T15:52:53+00:00,1370218620990263296,1370218623456526336,244,21,9,12,895461742359175168,11643,Jaylen Wright,RB,MIA,"{""first_name"": ""Jaylen"", ""injury_status"": """", ""last_name"": ""Wright"", ""news_updated"": ""1780606536162"", ""number"": ""5"", ""player_id"": ""11643"", ""position"": ""RB"", ""sport"": ""nfl"", ""status"": ""Active"", ""team"": ""MIA"", ""team_abbr"": """", ""team_changed_at"": """", ""years_exp"": ""2""}"
2026-08-31T15:52:53+00:00,1370218620990263296,1370218623456526336,245,21,8,1,978483609717858304,12511,Will Howard,QB,PIT,"{""first_name"": ""Will"", ""injury_status"": """", ""last_name"": ""Howard"", ""news_updated"": ""1780777552765"", ""number"": ""18"", ""player_id"": ""12511"", ""position"": ""QB"", ""sport"": ""nfl"", ""status"": ""Active"", ""team"": ""PIT"", ""team_abbr"": """", ""team_changed_at"": """", ""years_exp"": ""1""}"
2026-08-31T15:52:53+00:00,1370218620990263296,1370218623456526336,246,21,7,4,458310882858889216,13302,Adam Randall,RB,BAL,"{""first_name"": ""Adam"", ""injury_status"": """", ""last_name"": ""Randall"", ""news_updated"": ""1780434948540"", ""number"": ""23"", ""player_id"": ""13302"", ""position"": ""RB"", ""sport"": ""nfl"", ""status"": ""Active"", ""team"": ""BAL"", ""team_abbr"": """", ""team_changed_at"": """", ""years_exp"": ""0""}"
2026-08-31T15:52:53+00:00,1370218620990263296,1370218623456526336,247,21,6,6,998103180779155456,13289,Drew Allar,QB,PIT,"{""first_name"": ""Drew"", ""injury_status"": """", ""last_name"": ""Allar"", ""news_updated"": ""1781713210425"", ""number"": ""16"", ""player_id"": ""13289"", ""position"": ""QB"", ""sport"": ""nfl"", ""status"": ""Active"", ""team"": ""PIT"", ""team_abbr"": """", ""team_changed_at"": """", ""years_exp"": ""0""}"
2026-08-31T15:52:53+00:00,1370218620990263296,1370218623456526336,248,21,5,2,1241276722213564416,13338,Kevin Coleman,WR,MIA,"{""first_name"": ""Kevin"", ""injury_status"": """", ""last_name"": ""Coleman"", ""news_updated"": ""1781918736357"", ""number"": ""83"", ""player_id"": ""13338"", ""position"": ""WR"", ""sport"": ""nfl"", ""status"": ""Active"", ""team"": ""MIA"", ""team_abbr"": """", ""team_changed_at"": """", ""years_exp"": ""0""}"
2026-08-31T15:52:53+00:00,1370218620990263296,1370218623456526336,249,21,4,11,214141231750443008,11581,MarShawn Lloyd,RB,GB,"{""first_name"": ""MarShawn"", ""injury_status"": """", ""last_name"": ""Lloyd"", ""news_updated"": ""1781542558027"", ""number"": ""32"", ""player_id"": ""11581"", ""position"": ""RB"", ""sport"": ""nfl"", ""status"": ""Active"", ""team"": ""GB"", ""team_abbr"": """", ""team_changed_at"": """", ""years_exp"": ""2""}"
2026-08-31T15:52:53+00:00,1370218620990263296,1370218623456526336,250,21,3,3,779583277362245632,11435,Emanuel Wilson,RB,SEA,"{""first_name"": ""Emanuel"", ""injury_status"": """", ""last_name"": ""Wilson"", ""news_updated"": ""1781112915152"", ""number"": ""27"", ""player_id"": ""11435"", ""position"": ""RB"", ""sport"": ""nfl"", ""status"": ""Active"", ""team"": ""SEA"", ""team_abbr"": """", ""team_changed_at"": """", ""years_exp"": ""3""}"
2026-08-31T15:52:53+00:00,1370218620990263296,1370218623456526336,251,21,2,10,1087855749369339904,12457,Jaydon Blue,RB,DAL,"{""first_name"": ""Jaydon"", ""injury_status"": """", ""last_name"": ""Blue"", ""news_updated"": ""1782414021847"", ""number"": ""23"", ""player_id"": ""12457"", ""position"": ""RB"", ""sport"": ""nfl"", ""status"": ""Active"", ""team"": ""DAL"", ""team_abbr"": """", ""team_changed_at"": """", ""years_exp"": ""1""}"
2026-08-31T15:52:53+00:00,1370218620990263296,1370218623456526336,252,21,1,5,1369507540269809664,11575,Ray Davis,RB,BUF,"{""first_name"": ""Ray"", ""injury_status"": """", ""last_name"": ""Davis"", ""news_updated"": ""1781382038816"", ""number"": ""7"", ""player_id"": ""11575"", ""position"": ""RB"", ""sport"": ""nfl"", ""status"": ""Active"", ""team"": ""BUF"", ""team_abbr"": """", ""team_changed_at"": """", ""years_exp"": ""2""}"
2026-08-31T15:52:53+00:00,1370218620990263296,1370218623456526336,253,22,1,5,1369507540269809664,12540,Chimere Dike,WR,TEN,"{""first_name"": ""Chimere"", ""injury_status"": """", ""last_name"": ""Dike"", ""news_updated"": ""1781109626001"", ""number"": ""17"", ""player_id"": ""12540"", ""position"": ""WR"", ""sport"": ""nfl"", ""status"": ""Active"", ""team"": ""TEN"", ""team_abbr"": """", ""team_changed_at"": """", ""years_exp"": ""1""}"
2026-08-31T15:52:53+00:00,1370218620990263296,1370218623456526336,254,22,2,10,1087855749369339904,12495,Ollie Gordon,RB,MIA,"{""first_name"": ""Ollie"", ""injury_status"": """", ""last_name"": ""Gordon"", ""news_updated"": ""1780518958804"", ""number"": ""0"", ""player_id"": ""12495"", ""position"": ""RB"", ""sport"": ""nfl"", ""status"": ""Active"", ""team"": ""MIA"", ""team_abbr"": """", ""team_changed_at"": """", ""years_exp"": ""1""}"
2026-08-31T15:52:53+00:00,1370218620990263296,1370218623456526336,255,22,3,3,779583277362245632,12544,LeQuint Allen,RB,JAX,"{""first_name"": ""LeQuint"", ""injury_status"": """", ""last_name"": ""Allen"", ""news_updated"": ""1781544958318"", ""number"": ""5"", ""player_id"": ""12544"", ""position"": ""RB"", ""sport"": ""nfl"", ""status"": ""Active"", ""team"": ""JAX"", ""team_abbr"": """", ""team_changed_at"": """", ""years_exp"": ""1""}"
2026-08-31T15:52:53+00:00,1370218620990263296,1370218623456526336,256,22,4,11,214141231750443008,13413,Cyrus Allen,WR,KC,"{""first_name"": ""Cyrus"", ""injury_status"": """", ""last_name"": ""Allen"", ""news_updated"": ""1777501218303"", ""number"": ""13"", ""player_id"": ""13413"", ""position"": ""WR"", ""sport"": ""nfl"", ""status"": ""Active"", ""team"": ""KC"", ""team_abbr"": """", ""team_changed_at"": """", ""years_exp"": ""0""}"
2026-08-31T15:52:53+00:00,1370218620990263296,1370218623456526336,257,22,5,2,1241276722213564416,4066,Evan Engram,TE,DEN,"{""first_name"": ""Evan"", ""injury_status"": """", ""last_name"": ""Engram"", ""news_updated"": ""1781715010710"", ""number"": ""1"", ""player_id"": ""4066"", ""position"": ""TE"", ""sport"": ""nfl"", ""status"": ""Active"", ""team"": ""DEN"", ""team_abbr"": """", ""team_changed_at"": """", ""years_exp"": ""9""}"
2026-08-31T15:52:53+00:00,1370218620990263296,1370218623456526336,258,22,6,6,998103180779155456,11783,Ryan Flournoy,WR,DAL,"{""first_name"": ""Ryan"", ""injury_status"": """", ""last_name"": ""Flournoy"", ""news_updated"": ""1782507604201"", ""number"": ""19"", ""player_id"": ""11783"", ""position"": ""WR"", ""sport"": ""nfl"", ""status"": ""Active"", ""team"": ""DAL"", ""team_abbr"": """", ""team_changed_at"": """", ""years_exp"": ""2""}"
2026-08-31T15:52:53+00:00,1370218620990263296,1370218623456526336,259,22,7,4,458310882858889216,12505,Jalen Royals,WR,KC,"{""first_name"": ""Jalen"", ""injury_status"": """", ""last_name"": ""Royals"", ""news_updated"": ""1781223647950"", ""number"": ""11"", ""player_id"": ""12505"", ""position"": ""WR"", ""sport"": ""nfl"", ""status"": ""Active"", ""team"": ""KC"", ""team_abbr"": """", ""team_changed_at"": """", ""years_exp"": ""1""}"
2026-08-31T15:52:53+00:00,1370218620990263296,1370218623456526336,260,22,8,1,978483609717858304,13303,Cade Klubnik,QB,NYJ,"{""first_name"": ""Cade"", ""injury_status"": ""Questionable"", ""last_name"": ""Klubnik"", ""news_updated"": ""1781759716858"", ""number"": ""10"", ""player_id"": ""13303"", ""position"": ""QB"", ""sport"": ""nfl"", ""status"": ""Active"", ""team"": ""NYJ"", ""team_abbr"": """", ""team_changed_at"": """", ""years_exp"": ""0""}"
2026-08-31T15:52:53+00:00,1370218620990263296,1370218623456526336,261,22,9,12,895461742359175168,12503,Isaiah Bond,WR,CLE,"{""first_name"": ""Isaiah"", ""injury_status"": """", ""last_name"": ""Bond"", ""news_updated"": ""1782155411661"", ""number"": ""0"", ""player_id"": ""12503"", ""position"": ""WR"", ""sport"": ""nfl"", ""status"": ""Active"", ""team"": ""CLE"", ""team_abbr"": """", ""team_changed_at"": """", ""years_exp"": ""1""}"
2026-08-31T15:52:53+00:00,1370218620990263296,1370218623456526336,262,22,10,8,725564023889817600,12476,Devin Neal,RB,NO,"{""first_name"": ""Devin"", ""injury_status"": ""Questionable"", ""last_name"": ""Neal"", ""news_updated"": ""1782233120583"", ""number"": ""24"", ""player_id"": ""12476"", ""position"": ""RB"", ""sport"": ""nfl"", ""status"": ""Active"", ""team"": ""NO"", ""team_abbr"": """", ""team_changed_at"": """", ""years_exp"": ""1""}"
2026-08-31T15:52:53+00:00,1370218620990263296,1370218623456526336,263,22,11,7,1241249556683821056,13404,Garrett Nussmeier,QB,KC,"{""first_name"": ""Garrett"", ""injury_status"": """", ""last_name"": ""Nussmeier"", ""news_updated"": ""1781834723577"", ""number"": ""14"", ""player_id"": ""13404"", ""position"": ""QB"", ""sport"": ""nfl"", ""status"": ""Active"", ""team"": ""KC"", ""team_abbr"": """", ""team_changed_at"": """", ""years_exp"": ""0""}"
2026-08-31T15:52:53+00:00,1370218620990263296,1370218623456526336,264,22,12,9,1225654710162182144,12541,Dont'e Thornton,WR,LV,"{""first_name"": ""Dont'e"", ""injury_status"": """", ""last_name"": ""Thornton"", ""news_updated"": ""1781921436400"", ""number"": ""10"", ""player_id"": ""12541"", ""position"": ""WR"", ""sport"": ""nfl"", ""status"": ""Active"", ""team"": ""LV"", ""team_abbr"": """", ""team_changed_at"": """", ""years_exp"": ""1""}"
2026-08-31T15:52:53+00:00,1370218620990263296,1370218623456526336,265,23,12,9,1225654710162182144,3321,Tyreek Hill,WR,,"{""first_name"": ""Tyreek"", ""injury_status"": ""Questionable"", ""last_name"": ""Hill"", ""news_updated"": ""1781270450777"", ""number"": ""10"", ""player_id"": ""3321"", ""position"": ""WR"", ""sport"": ""nfl"", ""status"": ""Active"", ""team"": """", ""team_abbr"": """", ""team_changed_at"": """", ""years_exp"": ""10""}"
2026-08-31T15:52:53+00:00,1370218620990263296,1370218623456526336,266,23,11,7,1241249556683821056,13380,Brenen Thompson,WR,LAC,"{""first_name"": ""Brenen"", ""injury_status"": """", ""last_name"": ""Thompson"", ""news_updated"": ""1781822124918"", ""number"": ""89"", ""player_id"": ""13380"", ""position"": ""WR"", ""sport"": ""nfl"", ""status"": ""Active"", ""team"": ""LAC"", ""team_abbr"": """", ""team_changed_at"": """", ""years_exp"": ""0""}"
2026-08-31T15:52:53+00:00,1370218620990263296,1370218623456526336,267,23,10,8,725564023889817600,4993,Mike Gesicki,TE,CIN,"{""first_name"": ""Mike"", ""injury_status"": """", ""last_name"": ""Gesicki"", ""news_updated"": ""1781196922350"", ""number"": ""88"", ""player_id"": ""4993"", ""position"": ""TE"", ""sport"": ""nfl"", ""status"": ""Active"", ""team"": ""CIN"", ""team_abbr"": """", ""team_changed_at"": """", ""years_exp"": ""8""}"
2026-08-31T15:52:53+00:00,1370218620990263296,1370218623456526336,268,23,9,12,895461742359175168,11596,Ben Sinnott,TE,WAS,"{""first_name"": ""Ben"", ""injury_status"": """", ""last_name"": ""Sinnott"", ""news_updated"": ""1780594206871"", ""number"": ""82"", ""player_id"": ""11596"", ""position"": ""TE"", ""sport"": ""nfl"", ""status"": ""Active"", ""team"": ""WAS"", ""team_abbr"": """", ""team_changed_at"": """", ""years_exp"": ""2""}"
2026-08-31T15:52:53+00:00,1370218620990263296,1370218623456526336,269,23,8,1,978483609717858304,8119,Jahan Dotson,WR,ATL,"{""first_name"": ""Jahan"", ""injury_status"": """", ""last_name"": ""Dotson"", ""news_updated"": ""1776734435363"", ""number"": ""4"", ""player_id"": ""8119"", ""position"": ""WR"", ""sport"": ""nfl"", ""status"": ""Active"", ""team"": ""ATL"", ""team_abbr"": """", ""team_changed_at"": """", ""years_exp"": ""4""}"
2026-08-31T15:52:53+00:00,1370218620990263296,1370218623456526336,270,23,7,4,458310882858889216,13401,Michael Trigg,TE,DAL,"{""first_name"": ""Michael"", ""injury_status"": """", ""last_name"": ""Trigg"", ""news_updated"": ""1781790316012"", ""number"": ""46"", ""player_id"": ""13401"", ""position"": ""TE"", ""sport"": ""nfl"", ""status"": ""Active"", ""team"": ""DAL"", ""team_abbr"": """", ""team_changed_at"": """", ""years_exp"": ""0""}"
2026-08-31T15:52:53+00:00,1370218620990263296,1370218623456526336,271,23,6,6,998103180779155456,13420,Bryce Lance,WR,NO,"{""first_name"": ""Bryce"", ""injury_status"": """", ""last_name"": ""Lance"", ""news_updated"": ""1780433148575"", ""number"": ""18"", ""player_id"": ""13420"", ""position"": ""WR"", ""sport"": ""nfl"", ""status"": ""Active"", ""team"": ""NO"", ""team_abbr"": """", ""team_changed_at"": """", ""years_exp"": ""0""}"
2026-08-31T15:52:53+00:00,1370218620990263296,1370218623456526336,272,23,5,2,1241276722213564416,11626,Xavier Legette,WR,CAR,"{""first_name"": ""Xavier"", ""injury_status"": """", ""last_name"": ""Legette"", ""news_updated"": ""1781626222911"", ""number"": ""17"", ""player_id"": ""11626"", ""position"": ""WR"", ""sport"": ""nfl"", ""status"": ""Active"", ""team"": ""CAR"", ""team_abbr"": """", ""team_changed_at"": """", ""years_exp"": ""2""}"
2026-08-31T15:52:53+00:00,1370218620990263296,1370218623456526336,273,23,4,11,214141231750443008,13282,Jack Endries,TE,CIN,"{""first_name"": ""Jack"", ""injury_status"": """", ""last_name"": ""Endries"", ""news_updated"": ""1781876112160"", ""number"": ""84"", ""player_id"": ""13282"", ""position"": ""TE"", ""sport"": ""nfl"", ""status"": ""Active"", ""team"": ""CIN"", ""team_abbr"": """", ""team_changed_at"": """", ""years_exp"": ""0""}"
2026-08-31T15:52:53+00:00,1370218620990263296,1370218623456526336,274,23,3,3,779583277362245632,4035,Alvin Kamara,RB,NO,"{""first_name"": ""Alvin"", ""injury_status"": """", ""last_name"": ""Kamara"", ""news_updated"": ""1781189724204"", ""number"": ""41"", ""player_id"": ""4035"", ""position"": ""RB"", ""sport"": ""nfl"", ""status"": ""Active"", ""team"": ""NO"", ""team_abbr"": """", ""team_changed_at"": """", ""years_exp"": ""9""}"
2026-08-31T15:52:53+00:00,1370218620990263296,1370218623456526336,275,23,2,10,1087855749369339904,13408,Tanner Koziol,TE,JAX,"{""first_name"": ""Tanner"", ""injury_status"": """", ""last_name"": ""Koziol"", ""news_updated"": ""1782157811986"", ""number"": ""89"", ""player_id"": ""13408"", ""position"": ""TE"", ""sport"": ""nfl"", ""status"": ""Active"", ""team"": ""JAX"", ""team_abbr"": """", ""team_changed_at"": """", ""years_exp"": ""0""}"
2026-08-31T15:52:53+00:00,1370218620990263296,1370218623456526336,276,23,1,5,1369507540269809664,11571,Isaiah Davis,RB,NYJ,"{""first_name"": ""Isaiah"", ""injury_status"": """", ""last_name"": ""Davis"", ""news_updated"": ""1782318030853"", ""number"": ""32"", ""player_id"": ""11571"", ""position"": ""RB"", ""sport"": ""nfl"", ""status"": ""Active"", ""team"": ""NYJ"", ""team_abbr"": """", ""team_changed_at"": """", ""years_exp"": ""2""}"
2026-08-31T15:52:53+00:00,1370218620990263296,1370218623456526336,277,24,1,5,1369507540269809664,9479,Darnell Washington,TE,PIT,"{""first_name"": ""Darnell"", ""injury_status"": """", ""last_name"": ""Washington"", ""news_updated"": ""1782588311779"", ""number"": ""80"", ""player_id"": ""9479"", ""position"": ""TE"", ""sport"": ""nfl"", ""status"": ""Active"", ""team"": ""PIT"", ""team_abbr"": """", ""team_changed_at"": """", ""years_exp"": ""3""}"
2026-08-31T15:52:53+00:00,1370218620990263296,1370218623456526336,278,24,2,10,1087855749369339904,2307,Marcus Mariota,QB,WAS,"{""first_name"": ""Marcus"", ""injury_status"": """", ""last_name"": ""Mariota"", ""news_updated"": ""1779916830223"", ""number"": ""8"", ""player_id"": ""2307"", ""position"": ""QB"", ""sport"": ""nfl"", ""status"": ""Active"", ""team"": ""WAS"", ""team_abbr"": """", ""team_changed_at"": """", ""years_exp"": ""11""}"
2026-08-31T15:52:53+00:00,1370218620990263296,1370218623456526336,279,24,3,3,779583277362245632,4950,Christian Kirk,WR,SF,"{""first_name"": ""Christian"", ""injury_status"": """", ""last_name"": ""Kirk"", ""news_updated"": ""1780666841432"", ""number"": ""3"", ""player_id"": ""4950"", ""position"": ""WR"", ""sport"": ""nfl"", ""status"": ""Active"", ""team"": ""SF"", ""team_abbr"": """", ""team_changed_at"": """", ""years_exp"": ""8""}"
2026-08-31T15:52:53+00:00,1370218620990263296,1370218623456526336,280,24,4,3,779583277362245632,6826,Cole Kmet,TE,CHI,"{""first_name"": ""Cole"", ""injury_status"": """", ""last_name"": ""Kmet"", ""news_updated"": ""1782050151812"", ""number"": ""85"", ""player_id"": ""6826"", ""position"": ""TE"", ""sport"": ""nfl"", ""status"": ""Active"", ""team"": ""CHI"", ""team_abbr"": """", ""team_changed_at"": """", ""years_exp"": ""6""}"
2026-08-31T15:52:53+00:00,1370218620990263296,1370218623456526336,281,24,5,2,1241276722213564416,12500,Quinn Ewers,QB,JAX,"{""first_name"": ""Quinn"", ""injury_status"": """", ""last_name"": ""Ewers"", ""news_updated"": ""1782049551628"", ""number"": ""14"", ""player_id"": ""12500"", ""position"": ""QB"", ""sport"": ""nfl"", ""status"": ""Active"", ""team"": ""MIA"", ""team_abbr"": """", ""team_changed_at"": """", ""years_exp"": ""1""}"
2026-08-31T15:52:53+00:00,1370218620990263296,1370218623456526336,282,24,6,6,998103180779155456,8172,Greg Dulcich,TE,MIA,"{""first_name"": ""Greg"", ""injury_status"": """", ""last_name"": ""Dulcich"", ""news_updated"": ""1782239721357"", ""number"": ""85"", ""player_id"": ""8172"", ""position"": ""TE"", ""sport"": ""nfl"", ""status"": ""Active"", ""team"": ""MIA"", ""team_abbr"": """", ""team_changed_at"": """", ""years_exp"": ""4""}"
2026-08-31T15:52:53+00:00,1370218620990263296,1370218623456526336,283,24,7,4,458310882858889216,13306,Taylen Green,QB,CLE,"{""first_name"": ""Taylen"", ""injury_status"": """", ""last_name"": ""Green"", ""news_updated"": ""1781876411978"", ""number"": ""15"", ""player_id"": ""13306"", ""position"": ""QB"", ""sport"": ""nfl"", ""status"": ""Active"", ""team"": ""CLE"", ""team_abbr"": """", ""team_changed_at"": """", ""years_exp"": ""0""}"
2026-08-31T15:52:53+00:00,1370218620990263296,1370218623456526336,284,24,8,1,978483609717858304,13423,Eli Heidenreich,RB,PIT,"{""first_name"": ""Eli"", ""injury_status"": """", ""last_name"": ""Heidenreich"", ""news_updated"": ""1782573910166"", ""number"": ""29"", ""player_id"": ""13423"", ""position"": ""RB"", ""sport"": ""nfl"", ""status"": ""Active"", ""team"": ""PIT"", ""team_abbr"": """", ""team_changed_at"": """", ""years_exp"": ""0""}"
2026-08-31T15:52:53+00:00,1370218620990263296,1370218623456526336,285,24,9,12,895461742359175168,8188,Tyquan Thornton,WR,KC,"{""first_name"": ""Tyquan"", ""injury_status"": """", ""last_name"": ""Thornton"", ""news_updated"": ""1781227248037"", ""number"": ""2"", ""player_id"": ""8188"", ""position"": ""WR"", ""sport"": ""nfl"", ""status"": ""Active"", ""team"": ""KC"", ""team_abbr"": """", ""team_changed_at"": """", ""years_exp"": ""4""}"
2026-08-31T15:52:53+00:00,1370218620990263296,1370218623456526336,286,24,10,8,725564023889817600,4018,Joe Mixon,RB,,"{""first_name"": ""Joe"", ""injury_status"": ""Questionable"", ""last_name"": ""Mixon"", ""news_updated"": ""1781384139177"", ""number"": ""28"", ""player_id"": ""4018"", ""position"": ""RB"", ""sport"": ""nfl"", ""status"": ""Active"", ""team"": """", ""team_abbr"": """", ""team_changed_at"": """", ""years_exp"": ""9""}"
2026-08-31T15:52:53+00:00,1370218620990263296,1370218623456526336,287,24,11,7,1241249556683821056,7528,Najee Harris,RB,NYG,"{""first_name"": ""Najee"", ""injury_status"": ""Questionable"", ""last_name"": ""Harris"", ""news_updated"": ""1782137709448"", ""number"": ""22"", ""player_id"": ""7528"", ""position"": ""RB"", ""sport"": ""nfl"", ""status"": ""Active"", ""team"": """", ""team_abbr"": """", ""team_changed_at"": """", ""years_exp"": ""5""}"
2026-08-31T15:52:53+00:00,1370218620990263296,1370218623456526336,288,24,12,9,1225654710162182144,11600,Ja'Tavion Sanders,TE,CAR,"{""first_name"": ""Ja'Tavion"", ""injury_status"": """", ""last_name"": ""Sanders"", ""news_updated"": ""1782314731829"", ""number"": ""0"", ""player_id"": ""11600"", ""position"": ""TE"", ""sport"": ""nfl"", ""status"": ""Active"", ""team"": ""CAR"", ""team_abbr"": """", ""team_changed_at"": """", ""years_exp"": ""2""}"
2026-08-31T15:52:53+00:00,1370218620990263296,1370218623456526336,289,25,12,1,978483609717858304,9494,Marvin Mims,WR,DEN,"{""first_name"": ""Marvin"", ""injury_status"": """", ""last_name"": ""Mims"", ""news_updated"": ""1782321331374"", ""number"": ""19"", ""player_id"": ""9494"", ""position"": ""WR"", ""sport"": ""nfl"", ""status"": ""Active"", ""team"": ""DEN"", ""team_abbr"": """", ""team_changed_at"": """", ""years_exp"": ""3""}"
2026-08-31T15:52:53+00:00,1370218620990263296,1370218623456526336,290,25,11,7,1241249556683821056,13333,Deion Burks,WR,IND,"{""first_name"": ""Deion"", ""injury_status"": """", ""last_name"": ""Burks"", ""news_updated"": ""1777584057525"", ""number"": ""80"", ""player_id"": ""13333"", ""position"": ""WR"", ""sport"": ""nfl"", ""status"": ""Active"", ""team"": ""IND"", ""team_abbr"": """", ""team_changed_at"": """", ""years_exp"": ""0""}"
2026-08-31T15:52:53+00:00,1370218620990263296,1370218623456526336,291,25,10,8,725564023889817600,12455,Brashard Smith,RB,KC,"{""first_name"": ""Brashard"", ""injury_status"": """", ""last_name"": ""Smith"", ""news_updated"": ""1780665941322"", ""number"": ""24"", ""player_id"": ""12455"", ""position"": ""RB"", ""sport"": ""nfl"", ""status"": ""Active"", ""team"": ""KC"", ""team_abbr"": """", ""team_changed_at"": """", ""years_exp"": ""1""}"
2026-08-31T15:52:53+00:00,1370218620990263296,1370218623456526336,292,25,9,12,895461742359175168,12470,Riley Leonard,QB,IND,"{""first_name"": ""Riley"", ""injury_status"": """", ""last_name"": ""Leonard"", ""news_updated"": ""1781356835784"", ""number"": ""15"", ""player_id"": ""12470"", ""position"": ""QB"", ""sport"": ""nfl"", ""status"": ""Active"", ""team"": ""IND"", ""team_abbr"": """", ""team_changed_at"": """", ""years_exp"": ""1""}"
2026-08-31T15:52:53+00:00,1370218620990263296,1370218623456526336,293,25,8,1,978483609717858304,10226,Andrei Iosivas,WR,CIN,"{""first_name"": ""Andrei"", ""injury_status"": """", ""last_name"": ""Iosivas"", ""news_updated"": ""1782569409749"", ""number"": ""80"", ""player_id"": ""10226"", ""position"": ""WR"", ""sport"": ""nfl"", ""status"": ""Active"", ""team"": ""CIN"", ""team_abbr"": """", ""team_changed_at"": """", ""years_exp"": ""3""}"
2026-08-31T15:52:53+00:00,1370218620990263296,1370218623456526336,294,25,7,4,458310882858889216,9486,Dontayvion Wicks,WR,PHI,"{""first_name"": ""Dontayvion"", ""injury_status"": """", ""last_name"": ""Wicks"", ""news_updated"": ""1782326432486"", ""number"": ""13"", ""player_id"": ""9486"", ""position"": ""WR"", ""sport"": ""nfl"", ""status"": ""Active"", ""team"": ""PHI"", ""team_abbr"": """", ""team_changed_at"": """", ""years_exp"": ""3""}"
2026-08-31T15:52:53+00:00,1370218620990263296,1370218623456526336,295,25,6,6,998103180779155456,7571,Rashod Bateman,WR,BAL,"{""first_name"": ""Rashod"", ""injury_status"": ""Questionable"", ""last_name"": ""Bateman"", ""news_updated"": ""1781185821616"", ""number"": ""7"", ""player_id"": ""7571"", ""position"": ""WR"", ""sport"": ""nfl"", ""status"": ""Active"", ""team"": ""BAL"", ""team_abbr"": """", ""team_changed_at"": """", ""years_exp"": ""5""}"
2026-08-31T15:52:53+00:00,1370218620990263296,1370218623456526336,296,25,5,2,1241276722213564416,4981,Calvin Ridley,WR,TEN,"{""first_name"": ""Calvin"", ""injury_status"": """", ""last_name"": ""Ridley"", ""news_updated"": ""1781274951053"", ""number"": ""0"", ""player_id"": ""4981"", ""position"": ""WR"", ""sport"": ""nfl"", ""status"": ""Active"", ""team"": ""TEN"", ""team_abbr"": """", ""team_changed_at"": """", ""years_exp"": ""8""}"
2026-08-31T15:52:53+00:00,1370218620990263296,1370218623456526336,297,25,4,11,214141231750443008,12048,George Holani,RB,SEA,"{""first_name"": ""George"", ""injury_status"": """", ""last_name"": ""Holani"", ""news_updated"": ""1781112326177"", ""number"": ""36"", ""player_id"": ""12048"", ""position"": ""RB"", ""sport"": ""nfl"", ""status"": ""Active"", ""team"": ""SEA"", ""team_abbr"": """", ""team_changed_at"": """", ""years_exp"": ""2""}"
2026-08-31T15:52:53+00:00,1370218620990263296,1370218623456526336,298,25,3,3,779583277362245632,9757,Kendre Miller,RB,NO,"{""first_name"": ""Kendre"", ""injury_status"": ""Questionable"", ""last_name"": ""Miller"", ""news_updated"": ""1781228747629"", ""number"": ""5"", ""player_id"": ""9757"", ""position"": ""RB"", ""sport"": ""nfl"", ""status"": ""Active"", ""team"": ""NO"", ""team_abbr"": """", ""team_changed_at"": """", ""years_exp"": ""3""}"
2026-08-31T15:52:53+00:00,1370218620990263296,1370218623456526336,299,25,2,10,1087855749369339904,7585,Davis Mills,QB,HOU,"{""first_name"": ""Davis"", ""injury_status"": """", ""last_name"": ""Mills"", ""news_updated"": ""1779920430924"", ""number"": ""10"", ""player_id"": ""7585"", ""position"": ""QB"", ""sport"": ""nfl"", ""status"": ""Active"", ""team"": ""HOU"", ""team_abbr"": """", ""team_changed_at"": """", ""years_exp"": ""5""}"
2026-08-31T15:52:53+00:00,1370218620990263296,1370218623456526336,300,25,1,5,1369507540269809664,7090,Darnell Mooney,WR,NYG,"{""first_name"": ""Darnell"", ""injury_status"": """", ""last_name"": ""Mooney"", ""news_updated"": ""1782740726231"", ""number"": ""17"", ""player_id"": ""7090"", ""position"": ""WR"", ""sport"": ""nfl"", ""status"": ""Active"", ""team"": ""NYG"", ""team_abbr"": """", ""team_changed_at"": """", ""years_exp"": ""6""}"
2026-08-31T15:52:53+00:00,1370218620990263296,1370218623456526336,301,26,1,5,1369507540269809664,12531,Trevor Etienne,RB,CAR,"{""first_name"": ""Trevor"", ""injury_status"": """", ""last_name"": ""Etienne"", ""news_updated"": ""1780608936169"", ""number"": ""23"", ""player_id"": ""12531"", ""position"": ""RB"", ""sport"": ""nfl"", ""status"": ""Active"", ""team"": ""CAR"", ""team_abbr"": """", ""team_changed_at"": """", ""years_exp"": ""1""}"
2026-08-31T15:52:53+00:00,1370218620990263296,1370218623456526336,302,26,2,10,1087855749369339904,13329,Malik Benson,WR,LV,"{""first_name"": ""Malik"", ""injury_status"": """", ""last_name"": ""Benson"", ""news_updated"": ""1782579011092"", ""number"": ""19"", ""player_id"": ""13329"", ""position"": ""WR"", ""sport"": ""nfl"", ""status"": ""Active"", ""team"": ""LV"", ""team_abbr"": """", ""team_changed_at"": """", ""years_exp"": ""0""}"
2026-08-31T15:52:53+00:00,1370218620990263296,1370218623456526336,303,26,3,3,779583277362245632,2306,Jameis Winston,QB,NYG,"{""first_name"": ""Jameis"", ""injury_status"": """", ""last_name"": ""Winston"", ""news_updated"": ""1780095941477"", ""number"": ""19"", ""player_id"": ""2306"", ""position"": ""QB"", ""sport"": ""nfl"", ""status"": ""Active"", ""team"": ""NYG"", ""team_abbr"": """", ""team_changed_at"": """", ""years_exp"": ""11""}"
2026-08-31T15:52:53+00:00,1370218620990263296,1370218623456526336,304,26,4,11,214141231750443008,13270,CJ Daniels,WR,LAR,"{""first_name"": ""CJ"", ""injury_status"": """", ""last_name"": ""Daniels"", ""news_updated"": ""1781875212160"", ""number"": ""6"", ""player_id"": ""13270"", ""position"": ""WR"", ""sport"": ""nfl"", ""status"": ""Active"", ""team"": ""LAR"", ""team_abbr"": """", ""team_changed_at"": """", ""years_exp"": ""0""}"
2026-08-31T15:52:53+00:00,1370218620990263296,1370218623456526336,305,26,5,2,1241276722213564416,5848,Marquise Brown,WR,PHI,"{""first_name"": ""Marquise"", ""injury_status"": """", ""last_name"": ""Brown"", ""news_updated"": ""1782741326232"", ""number"": ""0"", ""player_id"": ""5848"", ""position"": ""WR"", ""sport"": ""nfl"", ""status"": ""Active"", ""team"": ""PHI"", ""team_abbr"": """", ""team_changed_at"": """", ""years_exp"": ""7""}"
2026-08-31T15:52:53+00:00,1370218620990263296,1370218623456526336,306,26,6,6,998103180779155456,13424,Seth McGowan,RB,IND,"{""first_name"": ""Seth"", ""injury_status"": """", ""last_name"": ""McGowan"", ""news_updated"": ""1781790016014"", ""number"": ""20"", ""player_id"": ""13424"", ""position"": ""RB"", ""sport"": ""nfl"", ""status"": ""Active"", ""team"": ""IND"", ""team_abbr"": """", ""team_changed_at"": """", ""years_exp"": ""0""}"
2026-08-31T15:52:53+00:00,1370218620990263296,1370218623456526336,307,26,7,4,458310882858889216,13322,Sam Roush,TE,CHI,"{""first_name"": ""Sam"", ""injury_status"": """", ""last_name"": ""Roush"", ""news_updated"": ""1777576824913"", ""number"": ""87"", ""player_id"": ""13322"", ""position"": ""TE"", ""sport"": ""nfl"", ""status"": ""Active"", ""team"": ""CHI"", ""team_abbr"": """", ""team_changed_at"": """", ""years_exp"": ""0""}"
2026-08-31T15:52:53+00:00,1370218620990263296,1370218623456526336,308,26,8,1,978483609717858304,7828,Noah Gray,TE,KC,"{""first_name"": ""Noah"", ""injury_status"": """", ""last_name"": ""Gray"", ""news_updated"": ""1777335619733"", ""number"": ""83"", ""player_id"": ""7828"", ""position"": ""TE"", ""sport"": ""nfl"", ""status"": ""Active"", ""team"": ""KC"", ""team_abbr"": """", ""team_changed_at"": """", ""years_exp"": ""5""}"
2026-08-31T15:52:53+00:00,1370218620990263296,1370218623456526336,309,26,9,12,895461742359175168,9501,DeMario Douglas,WR,NE,"{""first_name"": ""DeMario"", ""injury_status"": """", ""last_name"": ""Douglas"", ""news_updated"": ""1781962241132"", ""number"": ""3"", ""player_id"": ""9501"", ""position"": ""WR"", ""sport"": ""nfl"", ""status"": ""Active"", ""team"": ""NE"", ""team_abbr"": """", ""team_changed_at"": """", ""years_exp"": ""3""}"
2026-08-31T15:52:53+00:00,1370218620990263296,1370218623456526336,310,26,10,8,725564023889817600,1479,Keenan Allen,WR,IND,"{""first_name"": ""Keenan"", ""injury_status"": """", ""last_name"": ""Allen"", ""news_updated"": ""1782321931486"", ""number"": ""13"", ""player_id"": ""1479"", ""position"": ""WR"", ""sport"": ""nfl"", ""status"": ""Active"", ""team"": """", ""team_abbr"": """", ""team_changed_at"": """", ""years_exp"": ""13""}"
2026-08-31T15:52:53+00:00,1370218620990263296,1370218623456526336,311,26,11,7,1241249556683821056,13348,J'Mari Taylor,RB,JAX,"{""first_name"": ""J'Mari"", ""injury_status"": """", ""last_name"": ""Taylor"", ""news_updated"": ""1781832923278"", ""number"": ""30"", ""player_id"": ""13348"", ""position"": ""RB"", ""sport"": ""nfl"", ""status"": ""Active"", ""team"": ""JAX"", ""team_abbr"": """", ""team_changed_at"": """", ""years_exp"": ""0""}"
2026-08-31T15:52:53+00:00,1370218620990263296,1370218623456526336,312,26,12,9,1225654710162182144,10444,Cedric Tillman,WR,,"{""first_name"": ""Cedric"", ""injury_status"": """", ""last_name"": ""Tillman"", ""news_updated"": ""1781310033899"", ""number"": ""19"", ""player_id"": ""10444"", ""position"": ""WR"", ""sport"": ""nfl"", ""status"": ""Active"", ""team"": ""CLE"", ""team_abbr"": """", ""team_changed_at"": """", ""years_exp"": ""3""}"
2026-08-31T15:52:53+00:00,1370218620990263296,1370218623456526336,313,27,12,9,1225654710162182144,13418,Robert Henry,RB,WAS,"{""first_name"": ""Robert"", ""injury_status"": """", ""last_name"": ""Henry"", ""news_updated"": ""1777464033051"", ""number"": ""30"", ""player_id"": ""13418"", ""position"": ""RB"", ""sport"": ""nfl"", ""status"": ""Active"", ""team"": ""WAS"", ""team_abbr"": """", ""team_changed_at"": """", ""years_exp"": ""0""}"
2026-08-31T15:52:53+00:00,1370218620990263296,1370218623456526336,314,27,11,7,1241249556683821056,13422,Jaren Kanak,TE,TEN,"{""first_name"": ""Jaren"", ""injury_status"": """", ""last_name"": ""Kanak"", ""news_updated"": ""1780438850364"", ""number"": ""81"", ""player_id"": ""13422"", ""position"": ""TE"", ""sport"": ""nfl"", ""status"": ""Active"", ""team"": ""TEN"", ""team_abbr"": """", ""team_changed_at"": """", ""years_exp"": ""0""}"
2026-08-31T15:52:53+00:00,1370218620990263296,1370218623456526336,315,27,10,8,725564023889817600,13416,Roman Hemby,RB,LV,"{""first_name"": ""Roman"", ""injury_status"": """", ""last_name"": ""Hemby"", ""news_updated"": ""1781487651516"", ""number"": """", ""player_id"": ""13416"", ""position"": ""RB"", ""sport"": ""nfl"", ""status"": ""Active"", ""team"": ""LV"", ""team_abbr"": """", ""team_changed_at"": """", ""years_exp"": ""0""}"
2026-08-31T15:52:53+00:00,1370218620990263296,1370218623456526336,316,27,9,12,895461742359175168,13403,Jam Miller,RB,,"{""first_name"": ""Jam"", ""injury_status"": """", ""last_name"": ""Miller"", ""news_updated"": ""1781834123574"", ""number"": ""30"", ""player_id"": ""13403"", ""position"": ""RB"", ""sport"": ""nfl"", ""status"": ""Active"", ""team"": ""NE"", ""team_abbr"": """", ""team_changed_at"": """", ""years_exp"": ""0""}"
2026-08-31T15:52:53+00:00,1370218620990263296,1370218623456526336,317,27,8,1,978483609717858304,13394,Josh Cameron,WR,JAX,"{""first_name"": ""Josh"", ""injury_status"": """", ""last_name"": ""Cameron"", ""news_updated"": ""1781878212392"", ""number"": ""19"", ""player_id"": ""13394"", ""position"": ""WR"", ""sport"": ""nfl"", ""status"": ""Active"", ""team"": ""JAX"", ""team_abbr"": """", ""team_changed_at"": """", ""years_exp"": ""0""}"
2026-08-31T15:52:53+00:00,1370218620990263296,1370218623456526336,318,27,7,4,458310882858889216,13964,Myles Montgomery,RB,,"{""first_name"": ""Myles"", ""injury_status"": """", ""last_name"": ""Montgomery"", ""news_updated"": ""1778287243392"", ""number"": ""39"", ""player_id"": ""13964"", ""position"": ""RB"", ""sport"": ""nfl"", ""status"": ""Active"", ""team"": ""NE"", ""team_abbr"": """", ""team_changed_at"": """", ""years_exp"": ""0""}"
2026-08-31T15:52:53+00:00,1370218620990263296,1370218623456526336,319,27,6,6,998103180779155456,13411,Zavion Thomas,WR,CHI,"{""first_name"": ""Zavion"", ""injury_status"": """", ""last_name"": ""Thomas"", ""news_updated"": ""1777731049496"", ""number"": ""81"", ""player_id"": ""13411"", ""position"": ""WR"", ""sport"": ""nfl"", ""status"": ""Active"", ""team"": ""CHI"", ""team_abbr"": """", ""team_changed_at"": """", ""years_exp"": ""0""}"
2026-08-31T15:52:53+00:00,1370218620990263296,1370218623456526336,320,27,5,2,1241276722213564416,13277,CJ Donaldson,RB,NO,"{""first_name"": ""CJ"", ""injury_status"": """", ""last_name"": ""Donaldson"", ""news_updated"": ""1777271437512"", ""number"": ""43"", ""player_id"": ""13277"", ""position"": ""RB"", ""sport"": ""nfl"", ""status"": ""Active"", ""team"": ""NO"", ""team_abbr"": """", ""team_changed_at"": """", ""years_exp"": ""0""}"
2026-08-31T15:52:53+00:00,1370218620990263296,1370218623456526336,321,27,4,11,214141231750443008,11370,Chris Brooks,RB,GB,"{""first_name"": ""Chris"", ""injury_status"": """", ""last_name"": ""Brooks"", ""news_updated"": ""1781985343743"", ""number"": ""30"", ""player_id"": ""11370"", ""position"": ""RB"", ""sport"": ""nfl"", ""status"": ""Active"", ""team"": ""GB"", ""team_abbr"": """", ""team_changed_at"": """", ""years_exp"": ""3""}"
2026-08-31T15:52:53+00:00,1370218620990263296,1370218623456526336,322,27,3,3,779583277362245632,11834,Devaughn Vele,WR,NO,"{""first_name"": ""Devaughn"", ""injury_status"": """", ""last_name"": ""Vele"", ""news_updated"": ""1781282151795"", ""number"": ""14"", ""player_id"": ""11834"", ""position"": ""WR"", ""sport"": ""nfl"", ""status"": ""Active"", ""team"": ""NO"", ""team_abbr"": """", ""team_changed_at"": """", ""years_exp"": ""2""}"
2026-08-31T15:52:53+00:00,1370218620990263296,1370218623456526336,323,27,2,10,1087855749369339904,12543,Tahj Brooks,RB,CIN,"{""first_name"": ""Tahj"", ""injury_status"": """", ""last_name"": ""Brooks"", ""news_updated"": ""1778512808550"", ""number"": ""25"", ""player_id"": ""12543"", ""position"": ""RB"", ""sport"": ""nfl"", ""status"": ""Active"", ""team"": ""CIN"", ""team_abbr"": """", ""team_changed_at"": """", ""years_exp"": ""1""}"
2026-08-31T15:52:53+00:00,1370218620990263296,1370218623456526336,324,27,1,5,1369507540269809664,13335,Cole Payton,QB,PHI,"{""first_name"": ""Cole"", ""injury_status"": """", ""last_name"": ""Payton"", ""news_updated"": ""1781877612357"", ""number"": ""10"", ""player_id"": ""13335"", ""position"": ""QB"", ""sport"": ""nfl"", ""status"": ""Active"", ""team"": ""PHI"", ""team_abbr"": """", ""team_changed_at"": """", ""years_exp"": ""0""}"
2026-08-31T15:52:53+00:00,1370218620990263296,1370218623456526336,325,28,1,5,1369507540269809664,7670,Joshua Palmer,WR,BUF,"{""first_name"": ""Joshua"", ""injury_status"": """", ""last_name"": ""Palmer"", ""news_updated"": ""1781223647399"", ""number"": ""5"", ""player_id"": ""7670"", ""position"": ""WR"", ""sport"": ""nfl"", ""status"": ""Active"", ""team"": ""BUF"", ""team_abbr"": """", ""team_changed_at"": """", ""years_exp"": ""5""}"
2026-08-31T15:52:53+00:00,1370218620990263296,1370218623456526336,326,28,2,10,1087855749369339904,11569,Jarquez Hunter,RB,MIA,"{""first_name"": ""Jarquez"", ""injury_status"": """", ""last_name"": ""Hunter"", ""news_updated"": ""1780863002136"", ""number"": ""27"", ""player_id"": ""11569"", ""position"": ""RB"", ""sport"": ""nfl"", ""status"": ""Active"", ""team"": ""LAR"", ""team_abbr"": """", ""team_changed_at"": """", ""years_exp"": ""1""}"
2026-08-31T15:52:53+00:00,1370218620990263296,1370218623456526336,327,28,3,3,779583277362245632,9999,Will Levis,QB,TEN,"{""first_name"": ""Will"", ""injury_status"": """", ""last_name"": ""Levis"", ""news_updated"": ""1779392448731"", ""number"": ""8"", ""player_id"": ""9999"", ""position"": ""QB"", ""sport"": ""nfl"", ""status"": ""Active"", ""team"": ""TEN"", ""team_abbr"": """", ""team_changed_at"": """", ""years_exp"": ""3""}"
2026-08-31T15:52:53+00:00,1370218620990263296,1370218623456526336,328,28,4,11,214141231750443008,13324,Matt Hibner,TE,BAL,"{""first_name"": ""Matt"", ""injury_status"": """", ""last_name"": ""Hibner"", ""news_updated"": ""1777749351743"", ""number"": ""88"", ""player_id"": ""13324"", ""position"": ""TE"", ""sport"": ""nfl"", ""status"": ""Active"", ""team"": ""BAL"", ""team_abbr"": """", ""team_changed_at"": """", ""years_exp"": ""0""}"
2026-08-31T15:52:53+00:00,1370218620990263296,1370218623456526336,329,28,5,2,1241276722213564416,13336,Dane Key,WR,DEN,"{""first_name"": ""Dane"", ""injury_status"": """", ""last_name"": ""Key"", ""news_updated"": ""1778288143268"", ""number"": ""32"", ""player_id"": ""13336"", ""position"": ""WR"", ""sport"": ""nfl"", ""status"": ""Active"", ""team"": ""DEN"", ""team_abbr"": """", ""team_changed_at"": """", ""years_exp"": ""0""}"
2026-08-31T15:52:53+00:00,1370218620990263296,1370218623456526336,330,28,6,6,998103180779155456,4039,Cooper Kupp,WR,SEA,"{""first_name"": ""Cooper"", ""injury_status"": """", ""last_name"": ""Kupp"", ""news_updated"": ""1782221419337"", ""number"": ""10"", ""player_id"": ""4039"", ""position"": ""WR"", ""sport"": ""nfl"", ""status"": ""Active"", ""team"": ""SEA"", ""team_abbr"": """", ""team_changed_at"": """", ""years_exp"": ""9""}"
2026-08-31T15:52:53+00:00,1370218620990263296,1370218623456526336,331,28,7,4,458310882858889216,13307,Marlin Klein,TE,HOU,"{""first_name"": ""Marlin"", ""injury_status"": ""Questionable"", ""last_name"": ""Klein"", ""news_updated"": ""1780761353611"", ""number"": ""83"", ""player_id"": ""13307"", ""position"": ""TE"", ""sport"": ""nfl"", ""status"": ""Active"", ""team"": ""HOU"", ""team_abbr"": """", ""team_changed_at"": """", ""years_exp"": ""0""}"
2026-08-31T15:52:53+00:00,1370218620990263296,1370218623456526336,332,28,8,1,978483609717858304,13392,Jeff Caldwell,WR,KC,"{""first_name"": ""Jeff"", ""injury_status"": """", ""last_name"": ""Caldwell"", ""news_updated"": ""1777164924417"", ""number"": ""8"", ""player_id"": ""13392"", ""position"": ""WR"", ""sport"": ""nfl"", ""status"": ""Active"", ""team"": ""KC"", ""team_abbr"": """", ""team_changed_at"": """", ""years_exp"": ""0""}"
2026-08-31T15:52:53+00:00,1370218620990263296,1370218623456526336,333,28,9,12,895461742359175168,13318,Noah Thomas,WR,CIN,"{""first_name"": ""Noah"", ""injury_status"": """", ""last_name"": ""Thomas"", ""news_updated"": ""1778283943099"", ""number"": ""17"", ""player_id"": ""13318"", ""position"": ""WR"", ""sport"": ""nfl"", ""status"": ""Active"", ""team"": ""CIN"", ""team_abbr"": """", ""team_changed_at"": """", ""years_exp"": ""0""}"
2026-08-31T15:52:53+00:00,1370218620990263296,1370218623456526336,334,28,10,8,725564023889817600,8117,Jalen Tolbert,WR,MIA,"{""first_name"": ""Jalen"", ""injury_status"": """", ""last_name"": ""Tolbert"", ""news_updated"": ""1781964341340"", ""number"": ""1"", ""player_id"": ""8117"", ""position"": ""WR"", ""sport"": ""nfl"", ""status"": ""Active"", ""team"": ""MIA"", ""team_abbr"": """", ""team_changed_at"": """", ""years_exp"": ""4""}"
2026-08-31T15:52:53+00:00,1370218620990263296,1370218623456526336,335,28,11,7,1241249556683821056,13350,Joe Fagnano,QB,BAL,"{""first_name"": ""Joe"", ""injury_status"": """", ""last_name"": ""Fagnano"", ""news_updated"": ""1777477532069"", ""number"": """", ""player_id"": ""13350"", ""position"": ""QB"", ""sport"": ""nfl"", ""status"": ""Active"", ""team"": ""BAL"", ""team_abbr"": """", ""team_changed_at"": """", ""years_exp"": ""0""}"
2026-08-31T15:52:53+00:00,1370218620990263296,1370218623456526336,336,28,12,9,1225654710162182144,11256,Tyson Bagent,QB,CHI,"{""first_name"": ""Tyson"", ""injury_status"": """", ""last_name"": ""Bagent"", ""news_updated"": ""1779920431193"", ""number"": ""17"", ""player_id"": ""11256"", ""position"": ""QB"", ""sport"": ""nfl"", ""status"": ""Active"", ""team"": ""CHI"", ""team_abbr"": """", ""team_changed_at"": """", ""years_exp"": ""3""}"
2026-08-31T15:52:53+00:00,1370218620990263296,1370218623456526336,337,29,12,9,1225654710162182144,11557,Joe Milton,QB,DAL,"{""first_name"": ""Joe"", ""injury_status"": """", ""last_name"": ""Milton"", ""news_updated"": ""1781102426657"", ""number"": ""10"", ""player_id"": ""11557"", ""position"": ""QB"", ""sport"": ""nfl"", ""status"": ""Active"", ""team"": ""DAL"", ""team_abbr"": """", ""team_changed_at"": """", ""years_exp"": ""2""}"
2026-08-31T15:52:53+00:00,1370218620990263296,1370218623456526336,338,29,11,7,1241249556683821056,13308,Bauer Sharp,TE,TB,"{""first_name"": ""Bauer"", ""injury_status"": """", ""last_name"": ""Sharp"", ""news_updated"": ""1780442450830"", ""number"": ""84"", ""player_id"": ""13308"", ""position"": ""TE"", ""sport"": ""nfl"", ""status"": ""Active"", ""team"": ""TB"", ""team_abbr"": """", ""team_changed_at"": """", ""years_exp"": ""0""}"
2026-08-31T15:52:53+00:00,1370218620990263296,1370218623456526336,339,29,10,8,725564023889817600,5906,Dawson Knox,TE,BUF,"{""first_name"": ""Dawson"", ""injury_status"": """", ""last_name"": ""Knox"", ""news_updated"": ""1777335619640"", ""number"": ""88"", ""player_id"": ""5906"", ""position"": ""TE"", ""sport"": ""nfl"", ""status"": ""Active"", ""team"": ""BUF"", ""team_abbr"": """", ""team_changed_at"": """", ""years_exp"": ""7""}"
2026-08-31T15:52:53+00:00,1370218620990263296,1370218623456526336,340,29,9,12,895461742359175168,6039,Ty Johnson,RB,BUF,"{""first_name"": ""Ty"", ""injury_status"": """", ""last_name"": ""Johnson"", ""news_updated"": ""1779937532217"", ""number"": ""26"", ""player_id"": ""6039"", ""position"": ""RB"", ""sport"": ""nfl"", ""status"": ""Active"", ""team"": ""BUF"", ""team_abbr"": """", ""team_changed_at"": """", ""years_exp"": ""7""}"
2026-08-31T15:52:53+00:00,1370218620990263296,1370218623456526336,341,29,8,1,978483609717858304,12641,Jaylin Lane,WR,WAS,"{""first_name"": ""Jaylin"", ""injury_status"": """", ""last_name"": ""Lane"", ""news_updated"": ""1779910829192"", ""number"": ""83"", ""player_id"": ""12641"", ""position"": ""WR"", ""sport"": ""nfl"", ""status"": ""Active"", ""team"": ""WAS"", ""team_abbr"": """", ""team_changed_at"": """", ""years_exp"": ""1""}"
2026-08-31T15:52:53+00:00,1370218620990263296,1370218623456526336,342,29,7,4,458310882858889216,8800,Malik Davis,RB,DAL,"{""first_name"": ""Malik"", ""injury_status"": """", ""last_name"": ""Davis"", ""news_updated"": ""1780524359513"", ""number"": ""20"", ""player_id"": ""8800"", ""position"": ""RB"", ""sport"": ""nfl"", ""status"": ""Active"", ""team"": ""DAL"", ""team_abbr"": """", ""team_changed_at"": """", ""years_exp"": ""4""}"
2026-08-31T15:52:53+00:00,1370218620990263296,1370218623456526336,343,29,6,6,998103180779155456,13300,Le'Veon Moss,RB,,"{""first_name"": ""Le'Veon"", ""injury_status"": ""NA"", ""last_name"": ""Moss"", ""news_updated"": ""1778697028344"", ""number"": ""37"", ""player_id"": ""13300"", ""position"": ""RB"", ""sport"": ""nfl"", ""status"": ""Active"", ""team"": """", ""team_abbr"": """", ""team_changed_at"": """", ""years_exp"": ""0""}"
2026-08-31T15:52:53+00:00,1370218620990263296,1370218623456526336,344,29,5,2,1241276722213564416,13309,Aaron Anderson,WR,,"{""first_name"": ""Aaron"", ""injury_status"": """", ""last_name"": ""Anderson"", ""news_updated"": ""1779235836669"", ""number"": ""85"", ""player_id"": ""13309"", ""position"": ""WR"", ""sport"": ""nfl"", ""status"": ""Active"", ""team"": ""CLE"", ""team_abbr"": """", ""team_changed_at"": """", ""years_exp"": ""0""}"
2026-08-31T15:52:53+00:00,1370218620990263296,1370218623456526336,345,29,4,11,214141231750443008,10857,Stetson Bennett,QB,LAR,"{""first_name"": ""Stetson"", ""injury_status"": """", ""last_name"": ""Bennett"", ""news_updated"": ""1779920431148"", ""number"": ""13"", ""player_id"": ""10857"", ""position"": ""QB"", ""sport"": ""nfl"", ""status"": ""Active"", ""team"": ""LAR"", ""team_abbr"": """", ""team_changed_at"": """", ""years_exp"": ""3""}"
2026-08-31T15:52:53+00:00,1370218620990263296,1370218623456526336,346,29,3,3,779583277362245632,9481,Luke Musgrave,TE,GB,"{""first_name"": ""Luke"", ""injury_status"": ""Questionable"", ""last_name"": ""Musgrave"", ""news_updated"": ""1781151318337"", ""number"": ""88"", ""player_id"": ""9481"", ""position"": ""TE"", ""sport"": ""nfl"", ""status"": ""Active"", ""team"": ""GB"", ""team_abbr"": """", ""team_changed_at"": """", ""years_exp"": ""3""}"
2026-08-31T15:52:53+00:00,1370218620990263296,1370218623456526336,347,29,2,10,1087855749369339904,11562,Spencer Rattler,QB,NO,"{""first_name"": ""Spencer"", ""injury_status"": """", ""last_name"": ""Rattler"", ""news_updated"": ""1780011023765"", ""number"": ""2"", ""player_id"": ""11562"", ""position"": ""QB"", ""sport"": ""nfl"", ""status"": ""Active"", ""team"": ""NO"", ""team_abbr"": """", ""team_changed_at"": """", ""years_exp"": ""2""}"
2026-08-31T15:52:53+00:00,1370218620990263296,1370218623456526336,348,29,1,5,1369507540269809664,11439,Jaleel McLaughlin,RB,DEN,"{""first_name"": ""Jaleel"", ""injury_status"": """", ""last_name"": ""McLaughlin"", ""news_updated"": ""1778970052190"", ""number"": ""38"", ""player_id"": ""11439"", ""position"": ""RB"", ""sport"": ""nfl"", ""status"": ""Active"", ""team"": ""DEN"", ""team_abbr"": """", ""team_changed_at"": """", ""years_exp"": ""3""}"
2026-08-31T15:52:53+00:00,1370218620990263296,1370218623456526336,349,30,1,5,1369507540269809664,8225,Daniel Bellinger,TE,TEN,"{""first_name"": ""Daniel"", ""injury_status"": """", ""last_name"": ""Bellinger"", ""news_updated"": ""1777335619820"", ""number"": ""82"", ""player_id"": ""8225"", ""position"": ""TE"", ""sport"": ""nfl"", ""status"": ""Active"", ""team"": ""TEN"", ""team_abbr"": """", ""team_changed_at"": """", ""years_exp"": ""4""}"
2026-08-31T15:52:53+00:00,1370218620990263296,1370218623456526336,350,30,2,10,1087855749369339904,13273,Josh Cuevas,TE,BAL,"{""first_name"": ""Josh"", ""injury_status"": """", ""last_name"": ""Cuevas"", ""news_updated"": ""1777587956806"", ""number"": ""85"", ""player_id"": ""13273"", ""position"": ""TE"", ""sport"": ""nfl"", ""status"": ""Active"", ""team"": ""BAL"", ""team_abbr"": """", ""team_changed_at"": """", ""years_exp"": ""0""}"
2026-08-31T15:52:53+00:00,1370218620990263296,1370218623456526336,351,30,3,3,779583277362245632,13342,John Michael Gyllenborg,TE,KC,"{""first_name"": ""John Michael"", ""injury_status"": """", ""last_name"": ""Gyllenborg"", ""news_updated"": ""1777167324721"", ""number"": ""84"", ""player_id"": ""13342"", ""position"": ""TE"", ""sport"": ""nfl"", ""status"": ""Active"", ""team"": ""KC"", ""team_abbr"": """", ""team_changed_at"": """", ""years_exp"": ""0""}"
2026-08-31T15:52:53+00:00,1370218620990263296,1370218623456526336,352,30,4,11,214141231750443008,13316,Eric Rivers,WR,TB,"{""first_name"": ""Eric"", ""injury_status"": """", ""last_name"": ""Rivers"", ""news_updated"": ""1777170326354"", ""number"": ""83"", ""player_id"": ""13316"", ""position"": ""WR"", ""sport"": ""nfl"", ""status"": ""Active"", ""team"": ""TB"", ""team_abbr"": """", ""team_changed_at"": """", ""years_exp"": ""0""}"
2026-08-31T15:52:53+00:00,1370218620990263296,1370218623456526336,353,30,5,2,1241276722213564416,13355,DJ Rogers,TE,DAL,"{""first_name"": ""DJ"", ""injury_status"": """", ""last_name"": ""Rogers"", ""news_updated"": ""1777164625618"", ""number"": ""49"", ""player_id"": ""13355"", ""position"": ""TE"", ""sport"": ""nfl"", ""status"": ""Active"", ""team"": ""DAL"", ""team_abbr"": """", ""team_changed_at"": """", ""years_exp"": ""0""}"
2026-08-31T15:52:53+00:00,1370218620990263296,1370218623456526336,354,30,6,6,998103180779155456,13314,Luke Altmyer,QB,DET,"{""first_name"": ""Luke"", ""injury_status"": """", ""last_name"": ""Altmyer"", ""news_updated"": ""1777167924784"", ""number"": ""2"", ""player_id"": ""13314"", ""position"": ""QB"", ""sport"": ""nfl"", ""status"": ""Active"", ""team"": ""DET"", ""team_abbr"": """", ""team_changed_at"": """", ""years_exp"": ""0""}"
2026-08-31T15:52:53+00:00,1370218620990263296,1370218623456526336,355,30,7,4,458310882858889216,9230,Tanner McKee,QB,PHI,"{""first_name"": ""Tanner"", ""injury_status"": """", ""last_name"": ""McKee"", ""news_updated"": ""1781189423239"", ""number"": ""16"", ""player_id"": ""9230"", ""position"": ""QB"", ""sport"": ""nfl"", ""status"": ""Active"", ""team"": ""PHI"", ""team_abbr"": """", ""team_changed_at"": """", ""years_exp"": ""3""}"
2026-08-31T15:52:53+00:00,1370218620990263296,1370218623456526336,356,30,8,1,978483609717858304,13434,Will Kacmarek,TE,MIA,"{""first_name"": ""Will"", ""injury_status"": """", ""last_name"": ""Kacmarek"", ""news_updated"": ""1777335620167"", ""number"": ""82"", ""player_id"": ""13434"", ""position"": ""TE"", ""sport"": ""nfl"", ""status"": ""Active"", ""team"": ""MIA"", ""team_abbr"": """", ""team_changed_at"": """", ""years_exp"": ""0""}"
2026-08-31T15:52:53+00:00,1370218620990263296,1370218623456526336,357,30,9,12,895461742359175168,13299,Nate Boerkircher,TE,JAX,"{""first_name"": ""Nate"", ""injury_status"": """", ""last_name"": ""Boerkircher"", ""news_updated"": ""1779341143876"", ""number"": ""87"", ""player_id"": ""13299"", ""position"": ""TE"", ""sport"": ""nfl"", ""status"": ""Active"", ""team"": ""JAX"", ""team_abbr"": """", ""team_changed_at"": """", ""years_exp"": ""0""}"
2026-08-31T15:52:53+00:00,1370218620990263296,1370218623456526336,358,30,10,8,725564023889817600,11651,Isaac Guerendo,RB,SF,"{""first_name"": ""Isaac"", ""injury_status"": ""Questionable"", ""last_name"": ""Guerendo"", ""news_updated"": ""1782135309211"", ""number"": ""31"", ""player_id"": ""11651"", ""position"": ""RB"", ""sport"": ""nfl"", ""status"": ""Active"", ""team"": ""SF"", ""team_abbr"": """", ""team_changed_at"": """", ""years_exp"": ""2""}"
2026-08-31T15:52:53+00:00,1370218620990263296,1370218623456526336,359,30,11,7,1241249556683821056,13304,O'Mega Blake,WR,,"{""first_name"": ""O'Mega"", ""injury_status"": """", ""last_name"": ""Blake"", ""news_updated"": """", ""number"": """", ""player_id"": ""13304"", ""position"": ""WR"", ""sport"": ""nfl"", ""status"": ""Active"", ""team"": """", ""team_abbr"": """", ""team_changed_at"": """", ""years_exp"": ""0""}"
2026-08-31T15:52:53+00:00,1370218620990263296,1370218623456526336,360,30,12,9,1225654710162182144,13291,Kejon Owens,RB,,"{""first_name"": ""Kejon"", ""injury_status"": """", ""last_name"": ""Owens"", ""news_updated"": ""1777171826580"", ""number"": ""35"", ""player_id"": ""13291"", ""position"": ""RB"", ""sport"": ""nfl"", ""status"": ""Active"", ""team"": ""MIN"", ""team_abbr"": """", ""team_changed_at"": """", ""years_exp"": ""0""}"
2026-08-31T15:52:53+00:00,1366076769534251008,1366076770662518784,1,1,1,4,1127380007921328128,8130,Trey McBride,TE,ARI,"{""first_name"": ""Trey"", ""injury_status"": """", ""last_name"": ""McBride"", ""news_updated"": ""1785636347955"", ""number"": ""85"", ""player_id"": ""8130"", ""position"": ""TE"", ""sport"": ""nfl"", ""status"": ""Active"", ""team"": ""ARI"", ""team_abbr"": """", ""team_changed_at"": """", ""years_exp"": ""4""}"
2026-08-31T15:52:53+00:00,1366076769534251008,1366076770662518784,2,1,2,3,996120627872493568,9509,Bijan Robinson,RB,ATL,"{""first_name"": ""Bijan"", ""injury_status"": """", ""last_name"": ""Robinson"", ""news_updated"": ""1785608144281"", ""number"": ""7"", ""player_id"": ""9509"", ""position"": ""RB"", ""sport"": ""nfl"", ""status"": ""Active"", ""team"": ""ATL"", ""team_abbr"": """", ""team_changed_at"": """", ""years_exp"": ""3""}"
2026-08-31T15:52:53+00:00,1366076769534251008,1366076770662518784,3,1,3,8,609154836893601792,4984,Josh Allen,QB,BUF,"{""first_name"": ""Josh"", ""injury_status"": """", ""last_name"": ""Allen"", ""news_updated"": ""1784654706330"", ""number"": ""17"", ""player_id"": ""4984"", ""position"": ""QB"", ""sport"": ""nfl"", ""status"": ""Active"", ""team"": ""BUF"", ""team_abbr"": """", ""team_changed_at"": """", ""years_exp"": ""8""}"
2026-08-31T15:52:53+00:00,1366076769534251008,1366076770662518784,4,1,4,7,779583497248550912,11564,Drake Maye,QB,NE,"{""first_name"": ""Drake"", ""injury_status"": """", ""last_name"": ""Maye"", ""news_updated"": ""1785534334591"", ""number"": ""10"", ""player_id"": ""11564"", ""position"": ""QB"", ""sport"": ""nfl"", ""status"": ""Active"", ""team"": ""NE"", ""team_abbr"": """", ""team_changed_at"": """", ""years_exp"": ""2""}"
2026-08-31T15:52:53+00:00,1366076769534251008,1366076770662518784,5,1,5,10,854202549119594496,9488,Jaxon Smith-Njigba,WR,SEA,"{""first_name"": ""Jaxon"", ""injury_status"": """", ""last_name"": ""Smith-Njigba"", ""news_updated"": ""1785249657668"", ""number"": ""11"", ""player_id"": ""9488"", ""position"": ""WR"", ""sport"": ""nfl"", ""status"": ""Active"", ""team"": ""SEA"", ""team_abbr"": """", ""team_changed_at"": """", ""years_exp"": ""3""}"
2026-08-31T15:52:53+00:00,1366076769534251008,1366076770662518784,6,1,6,5,861663770647339008,9221,Jahmyr Gibbs,RB,DET,"{""first_name"": ""Jahmyr"", ""injury_status"": ""Questionable"", ""last_name"": ""Gibbs"", ""news_updated"": ""1785695455629"", ""number"": ""0"", ""player_id"": ""9221"", ""position"": ""RB"", ""sport"": ""nfl"", ""status"": ""Active"", ""team"": ""DET"", ""team_abbr"": """", ""team_changed_at"": """", ""years_exp"": ""3""}"
2026-08-31T15:52:53+00:00,1366076769534251008,1366076770662518784,7,1,7,1,779583277362245632,7547,Amon-Ra St. Brown,WR,DET,"{""first_name"": ""Amon-Ra"", ""injury_status"": """", ""last_name"": ""St. Brown"", ""news_updated"": ""1785693655414"", ""number"": ""14"", ""player_id"": ""7547"", ""position"": ""WR"", ""sport"": ""nfl"", ""status"": ""Active"", ""team"": ""DET"", ""team_abbr"": """", ""team_changed_at"": """", ""years_exp"": ""5""}"
2026-08-31T15:52:53+00:00,1366076769534251008,1366076770662518784,8,1,8,9,1128535741111402496,6797,Justin Herbert,QB,LAC,"{""first_name"": ""Justin"", ""injury_status"": """", ""last_name"": ""Herbert"", ""news_updated"": ""1785555337310"", ""number"": ""10"", ""player_id"": ""6797"", ""position"": ""QB"", ""sport"": ""nfl"", ""status"": ""Active"", ""team"": ""LAC"", ""team_abbr"": """", ""team_changed_at"": """", ""years_exp"": ""6""}"
2026-08-31T15:52:53+00:00,1366076769534251008,1366076770662518784,9,1,9,6,770802446909222912,7564,Ja'Marr Chase,WR,CIN,"{""first_name"": ""Ja'Marr"", ""injury_status"": """", ""last_name"": ""Chase"", ""news_updated"": ""1784921756228"", ""number"": ""1"", ""player_id"": ""7564"", ""position"": ""WR"", ""sport"": ""nfl"", ""status"": ""Active"", ""team"": ""CIN"", ""team_abbr"": """", ""team_changed_at"": """", ""years_exp"": ""5""}"
2026-08-31T15:52:53+00:00,1366076769534251008,1366076770662518784,10,1,10,2,1126612181929336832,9493,Puka Nacua,WR,LAR,"{""first_name"": ""Puka"", ""injury_status"": """", ""last_name"": ""Nacua"", ""news_updated"": ""1785599143399"", ""number"": ""12"", ""player_id"": ""9493"", ""position"": ""WR"", ""sport"": ""nfl"", ""status"": ""Active"", ""team"": ""LAR"", ""team_abbr"": """", ""team_changed_at"": """", ""years_exp"": ""3""}"
2026-08-31T15:52:53+00:00,1366076769534251008,1366076770662518784,11,2,10,2,1126612181929336832,4881,Lamar Jackson,QB,BAL,"{""first_name"": ""Lamar"", ""injury_status"": """", ""last_name"": ""Jackson"", ""news_updated"": ""1785595242665"", ""number"": ""8"", ""player_id"": ""4881"", ""position"": ""QB"", ""sport"": ""nfl"", ""status"": ""Active"", ""team"": ""BAL"", ""team_abbr"": """", ""team_changed_at"": """", ""years_exp"": ""8""}"
2026-08-31T15:52:53+00:00,1366076769534251008,1366076770662518784,12,2,9,6,770802446909222912,6770,Joe Burrow,QB,CIN,"{""first_name"": ""Joe"", ""injury_status"": """", ""last_name"": ""Burrow"", ""news_updated"": ""1784381427105"", ""number"": ""9"", ""player_id"": ""6770"", ""position"": ""QB"", ""sport"": ""nfl"", ""status"": ""Active"", ""team"": ""CIN"", ""team_abbr"": """", ""team_changed_at"": """", ""years_exp"": ""6""}"
2026-08-31T15:52:53+00:00,1366076769534251008,1366076770662518784,13,2,8,9,1128535741111402496,8138,James Cook,RB,BUF,"{""first_name"": ""James"", ""injury_status"": """", ""last_name"": ""Cook"", ""news_updated"": ""1785373213670"", ""number"": ""4"", ""player_id"": ""8138"", ""position"": ""RB"", ""sport"": ""nfl"", ""status"": ""Active"", ""team"": ""BUF"", ""team_abbr"": """", ""team_changed_at"": """", ""years_exp"": ""4""}"
2026-08-31T15:52:53+00:00,1366076769534251008,1366076770662518784,14,2,7,1,779583277362245632,11566,Jayden Daniels,QB,WAS,"{""first_name"": ""Jayden"", ""injury_status"": """", ""last_name"": ""Daniels"", ""news_updated"": ""1785281403181"", ""number"": ""5"", ""player_id"": ""11566"", ""position"": ""QB"", ""sport"": ""nfl"", ""status"": ""Active"", ""team"": ""WAS"", ""team_abbr"": """", ""team_changed_at"": """", ""years_exp"": ""2""}"
2026-08-31T15:52:53+00:00,1366076769534251008,1366076770662518784,15,2,6,5,861663770647339008,11604,Brock Bowers,TE,LV,"{""first_name"": ""Brock"", ""injury_status"": """", ""last_name"": ""Bowers"", ""news_updated"": ""1784908255074"", ""number"": ""89"", ""player_id"": ""11604"", ""position"": ""TE"", ""sport"": ""nfl"", ""status"": ""Active"", ""team"": ""LV"", ""team_abbr"": """", ""team_changed_at"": """", ""years_exp"": ""2""}"
2026-08-31T15:52:53+00:00,1366076769534251008,1366076770662518784,16,2,5,10,854202549119594496,4046,Patrick Mahomes,QB,KC,"{""first_name"": ""Patrick"", ""injury_status"": ""Questionable"", ""last_name"": ""Mahomes"", ""news_updated"": ""1785340809579"", ""number"": ""15"", ""player_id"": ""4046"", ""position"": ""QB"", ""sport"": ""nfl"", ""status"": ""Active"", ""team"": ""KC"", ""team_abbr"": """", ""team_changed_at"": """", ""years_exp"": ""9""}"
2026-08-31T15:52:53+00:00,1366076769534251008,1366076770662518784,17,2,4,7,779583497248550912,6813,Jonathan Taylor,RB,IND,"{""first_name"": ""Jonathan"", ""injury_status"": """", ""last_name"": ""Taylor"", ""news_updated"": ""1785696055812"", ""number"": ""28"", ""player_id"": ""6813"", ""position"": ""RB"", ""sport"": ""nfl"", ""status"": ""Active"", ""team"": ""IND"", ""team_abbr"": """", ""team_changed_at"": """", ""years_exp"": ""6""}"
2026-08-31T15:52:53+00:00,1366076769534251008,1366076770662518784,18,2,3,8,609154836893601792,6794,Justin Jefferson,WR,MIN,"{""first_name"": ""Justin"", ""injury_status"": """", ""last_name"": ""Jefferson"", ""news_updated"": ""1785602743639"", ""number"": ""18"", ""player_id"": ""6794"", ""position"": ""WR"", ""sport"": ""nfl"", ""status"": ""Active"", ""team"": ""MIN"", ""team_abbr"": """", ""team_changed_at"": """", ""years_exp"": ""6""}"
2026-08-31T15:52:53+00:00,1366076769534251008,1366076770662518784,19,2,2,3,996120627872493568,11632,Malik Nabers,WR,NYG,"{""first_name"": ""Malik"", ""injury_status"": ""Questionable"", ""last_name"": ""Nabers"", ""news_updated"": ""1785616246974"", ""number"": ""1"", ""player_id"": ""11632"", ""position"": ""WR"", ""sport"": ""nfl"", ""status"": ""Active"", ""team"": ""NYG"", ""team_abbr"": """", ""team_changed_at"": """", ""years_exp"": ""2""}"
2026-08-31T15:52:53+00:00,1366076769534251008,1366076770662518784,20,2,1,4,1127380007921328128,11560,Caleb Williams,QB,CHI,"{""first_name"": ""Caleb"", ""injury_status"": """", ""last_name"": ""Williams"", ""news_updated"": ""1785342309782"", ""number"": ""18"", ""player_id"": ""11560"", ""position"": ""QB"", ""sport"": ""nfl"", ""status"": ""Active"", ""team"": ""CHI"", ""team_abbr"": """", ""team_changed_at"": """", ""years_exp"": ""2""}"
2026-08-31T15:52:53+00:00,1366076769534251008,1366076770662518784,21,3,1,4,1127380007921328128,13287,Jeremiyah Love,RB,ARI,"{""first_name"": ""Jeremiyah"", ""injury_status"": """", ""last_name"": ""Love"", ""news_updated"": ""1785694255535"", ""number"": ""4"", ""player_id"": ""13287"", ""position"": ""RB"", ""sport"": ""nfl"", ""status"": ""Active"", ""team"": ""ARI"", ""team_abbr"": """", ""team_changed_at"": """", ""years_exp"": ""0""}"
2026-08-31T15:52:53+00:00,1366076769534251008,1366076770662518784,22,3,2,3,996120627872493568,12508,Jaxson Dart,QB,NYG,"{""first_name"": ""Jaxson"", ""injury_status"": """", ""last_name"": ""Dart"", ""news_updated"": ""1784901354738"", ""number"": ""6"", ""player_id"": ""12508"", ""position"": ""QB"", ""sport"": ""nfl"", ""status"": ""Active"", ""team"": ""NYG"", ""team_abbr"": """", ""team_changed_at"": """", ""years_exp"": ""1""}"
2026-08-31T15:52:53+00:00,1366076769534251008,1366076770662518784,23,3,3,8,609154836893601792,6786,CeeDee Lamb,WR,DAL,"{""first_name"": ""CeeDee"", ""injury_status"": """", ""last_name"": ""Lamb"", ""news_updated"": ""1785364813311"", ""number"": ""88"", ""player_id"": ""6786"", ""position"": ""WR"", ""sport"": ""nfl"", ""status"": ""Active"", ""team"": ""DAL"", ""team_abbr"": """", ""team_changed_at"": """", ""years_exp"": ""6""}"
2026-08-31T15:52:53+00:00,1366076769534251008,1366076770662518784,24,3,4,7,779583497248550912,4034,Christian McCaffrey,RB,SF,"{""first_name"": ""Christian"", ""injury_status"": """", ""last_name"": ""McCaffrey"", ""news_updated"": ""1785438022302"", ""number"": ""23"", ""player_id"": ""4034"", ""position"": ""RB"", ""sport"": ""nfl"", ""status"": ""Active"", ""team"": ""SF"", ""team_abbr"": """", ""team_changed_at"": """", ""years_exp"": ""9""}"
2026-08-31T15:52:53+00:00,1366076769534251008,1366076770662518784,25,3,5,10,854202549119594496,12527,Ashton Jeanty,RB,LV,"{""first_name"": ""Ashton"", ""injury_status"": """", ""last_name"": ""Jeanty"", ""news_updated"": ""1785419719678"", ""number"": ""2"", ""player_id"": ""12527"", ""position"": ""RB"", ""sport"": ""nfl"", ""status"": ""Active"", ""team"": ""LV"", ""team_abbr"": """", ""team_changed_at"": """", ""years_exp"": ""1""}"
2026-08-31T15:52:53+00:00,1366076769534251008,1366076770662518784,26,3,6,5,861663770647339008,12507,Omarion Hampton,RB,LAC,"{""first_name"": ""Omarion"", ""injury_status"": """", ""last_name"": ""Hampton"", ""news_updated"": ""1784922056465"", ""number"": ""8"", ""player_id"": ""12507"", ""position"": ""RB"", ""sport"": ""nfl"", ""status"": ""Active"", ""team"": ""LAC"", ""team_abbr"": """", ""team_changed_at"": """", ""years_exp"": ""1""}"
2026-08-31T15:52:53+00:00,1366076769534251008,1366076770662518784,27,3,7,1,779583277362245632,9226,De'Von Achane,RB,MIA,"{""first_name"": ""De'Von"", ""injury_status"": """", ""last_name"": ""Achane"", ""news_updated"": ""1785350110759"", ""number"": ""28"", ""player_id"": ""9226"", ""position"": ""RB"", ""sport"": ""nfl"", ""status"": ""Active"", ""team"": ""MIA"", ""team_abbr"": """", ""team_changed_at"": """", ""years_exp"": ""3""}"
2026-08-31T15:52:53+00:00,1366076769534251008,1366076770662518784,28,3,8,9,1128535741111402496,13269,Fernando Mendoza,QB,LV,"{""first_name"": ""Fernando"", ""injury_status"": """", ""last_name"": ""Mendoza"", ""news_updated"": ""1785271560693"", ""number"": ""15"", ""player_id"": ""13269"", ""position"": ""QB"", ""sport"": ""nfl"", ""status"": ""Active"", ""team"": ""LV"", ""team_abbr"": """", ""team_changed_at"": """", ""years_exp"": ""0""}"
2026-08-31T15:52:53+00:00,1366076769534251008,1366076770662518784,29,3,9,6,770802446909222912,8112,Drake London,WR,ATL,"{""first_name"": ""Drake"", ""injury_status"": """", ""last_name"": ""London"", ""news_updated"": ""1785421220074"", ""number"": ""5"", ""player_id"": ""8112"", ""position"": ""WR"", ""sport"": ""nfl"", ""status"": ""Active"", ""team"": ""ATL"", ""team_abbr"": """", ""team_changed_at"": """", ""years_exp"": ""4""}"
2026-08-31T15:52:53+00:00,1366076769534251008,1366076770662518784,30,3,10,2,1126612181929336832,8151,Kenneth Walker,RB,KC,"{""first_name"": ""Kenneth"", ""injury_status"": """", ""last_name"": ""Walker"", ""news_updated"": ""1785469226090"", ""number"": ""9"", ""player_id"": ""8151"", ""position"": ""RB"", ""sport"": ""nfl"", ""status"": ""Active"", ""team"": ""KC"", ""team_abbr"": """", ""team_changed_at"": """", ""years_exp"": ""4""}"
2026-08-31T15:52:53+00:00,1366076769534251008,1366076770662518784,31,4,10,2,1126612181929336832,12517,Colston Loveland,TE,CHI,"{""first_name"": ""Colston"", ""injury_status"": """", ""last_name"": ""Loveland"", ""news_updated"": ""1784684409471"", ""number"": ""84"", ""player_id"": ""12517"", ""position"": ""TE"", ""sport"": ""nfl"", ""status"": ""Active"", ""team"": ""CHI"", ""team_abbr"": """", ""team_changed_at"": """", ""years_exp"": ""1""}"
2026-08-31T15:52:53+00:00,1366076769534251008,1366076770662518784,32,4,9,6,770802446909222912,7523,Trevor Lawrence,QB,JAX,"{""first_name"": ""Trevor"", ""injury_status"": """", ""last_name"": ""Lawrence"", ""news_updated"": ""1785594642606"", ""number"": ""16"", ""player_id"": ""7523"", ""position"": ""QB"", ""sport"": ""nfl"", ""status"": ""Active"", ""team"": ""JAX"", ""team_abbr"": """", ""team_changed_at"": """", ""years_exp"": ""5""}"
2026-08-31T15:52:53+00:00,1366076769534251008,1366076770662518784,33,4,8,9,1128535741111402496,13294,Makai Lemon,WR,PHI,"{""first_name"": ""Makai"", ""injury_status"": """", ""last_name"": ""Lemon"", ""news_updated"": ""1785591042184"", ""number"": ""9"", ""player_id"": ""13294"", ""position"": ""WR"", ""sport"": ""nfl"", ""status"": ""Active"", ""team"": ""PHI"", ""team_abbr"": """", ""team_changed_at"": """", ""years_exp"": ""0""}"
2026-08-31T15:52:53+00:00,1366076769534251008,1366076770662518784,34,4,7,1,779583277362245632,12526,Tetairoa McMillan,WR,CAR,"{""first_name"": ""Tetairoa"", ""injury_status"": """", ""last_name"": ""McMillan"", ""news_updated"": ""1784912155607"", ""number"": ""4"", ""player_id"": ""12526"", ""position"": ""WR"", ""sport"": ""nfl"", ""status"": ""Active"", ""team"": ""CAR"", ""team_abbr"": """", ""team_changed_at"": """", ""years_exp"": ""1""}"
2026-08-31T15:52:53+00:00,1366076769534251008,1366076770662518784,35,4,6,5,861663770647339008,11563,Bo Nix,QB,DEN,"{""first_name"": ""Bo"", ""injury_status"": """", ""last_name"": ""Nix"", ""news_updated"": ""1785677453405"", ""number"": ""10"", ""player_id"": ""11563"", ""position"": ""QB"", ""sport"": ""nfl"", ""status"": ""Active"", ""team"": ""DEN"", ""team_abbr"": """", ""team_changed_at"": """", ""years_exp"": ""2""}"
2026-08-31T15:52:53+00:00,1366076769534251008,1366076770662518784,36,4,5,10,854202549119594496,12529,TreVeyon Henderson,RB,NE,"{""first_name"": ""TreVeyon"", ""injury_status"": """", ""last_name"": ""Henderson"", ""news_updated"": ""1785422720086"", ""number"": ""32"", ""player_id"": ""12529"", ""position"": ""RB"", ""sport"": ""nfl"", ""status"": ""Active"", ""team"": ""NE"", ""team_abbr"": """", ""team_changed_at"": """", ""years_exp"": ""1""}"
2026-08-31T15:52:53+00:00,1366076769534251008,1366076770662518784,37,4,4,7,779583497248550912,12514,Emeka Egbuka,WR,TB,"{""first_name"": ""Emeka"", ""injury_status"": """", ""last_name"": ""Egbuka"", ""news_updated"": ""1785530434174"", ""number"": ""2"", ""player_id"": ""12514"", ""position"": ""WR"", ""sport"": ""nfl"", ""status"": ""Active"", ""team"": ""TB"", ""team_abbr"": """", ""team_changed_at"": """", ""years_exp"": ""1""}"
2026-08-31T15:52:53+00:00,1366076769534251008,1366076770662518784,38,4,3,8,609154836893601792,12518,Tyler Warren,TE,IND,"{""first_name"": ""Tyler"", ""injury_status"": """", ""last_name"": ""Warren"", ""news_updated"": ""1785247856855"", ""number"": ""84"", ""player_id"": ""12518"", ""position"": ""TE"", ""sport"": ""nfl"", ""status"": ""Active"", ""team"": ""IND"", ""team_abbr"": """", ""team_changed_at"": """", ""years_exp"": ""1""}"
2026-08-31T15:52:53+00:00,1366076769534251008,1366076770662518784,39,4,2,3,996120627872493568,7569,Nico Collins,WR,HOU,"{""first_name"": ""Nico"", ""injury_status"": """", ""last_name"": ""Collins"", ""news_updated"": ""1784652906291"", ""number"": ""12"", ""player_id"": ""7569"", ""position"": ""WR"", ""sport"": ""nfl"", ""status"": ""Active"", ""team"": ""HOU"", ""team_abbr"": """", ""team_changed_at"": """", ""years_exp"": ""5""}"
2026-08-31T15:52:53+00:00,1366076769534251008,1366076770662518784,40,4,1,4,1127380007921328128,9224,Chase Brown,RB,CIN,"{""first_name"": ""Chase"", ""injury_status"": """", ""last_name"": ""Brown"", ""news_updated"": ""1785419119481"", ""number"": ""30"", ""player_id"": ""9224"", ""position"": ""RB"", ""sport"": ""nfl"", ""status"": ""Active"", ""team"": ""CIN"", ""team_abbr"": """", ""team_changed_at"": """", ""years_exp"": ""3""}"
2026-08-31T15:52:53+00:00,1366076769534251008,1366076770662518784,41,5,1,4,1127380007921328128,13279,Carnell Tate,WR,TEN,"{""first_name"": ""Carnell"", ""injury_status"": """", ""last_name"": ""Tate"", ""news_updated"": ""1784580333511"", ""number"": ""14"", ""player_id"": ""13279"", ""position"": ""WR"", ""sport"": ""nfl"", ""status"": ""Active"", ""team"": ""TEN"", ""team_abbr"": """", ""team_changed_at"": """", ""years_exp"": ""0""}"
2026-08-31T15:52:53+00:00,1366076769534251008,1366076770662518784,42,5,2,3,996120627872493568,11584,Bucky Irving,RB,TB,"{""first_name"": ""Bucky"", ""injury_status"": """", ""last_name"": ""Irving"", ""news_updated"": ""1785528933822"", ""number"": ""7"", ""player_id"": ""11584"", ""position"": ""RB"", ""sport"": ""nfl"", ""status"": ""Active"", ""team"": ""TB"", ""team_abbr"": """", ""team_changed_at"": """", ""years_exp"": ""2""}"
2026-08-31T15:52:53+00:00,1366076769534251008,1366076770662518784,43,5,3,8,609154836893601792,12512,Quinshon Judkins,RB,CLE,"{""first_name"": ""Quinshon"", ""injury_status"": """", ""last_name"": ""Judkins"", ""news_updated"": ""1785520232777"", ""number"": ""10"", ""player_id"": ""12512"", ""position"": ""RB"", ""sport"": ""nfl"", ""status"": ""Active"", ""team"": ""CLE"", ""team_abbr"": """", ""team_changed_at"": """", ""years_exp"": ""1""}"
2026-08-31T15:52:53+00:00,1366076769534251008,1366076770662518784,44,5,4,7,779583497248550912,8144,Chris Olave,WR,NO,"{""first_name"": ""Chris"", ""injury_status"": """", ""last_name"": ""Olave"", ""news_updated"": ""1785532234175"", ""number"": ""12"", ""player_id"": ""8144"", ""position"": ""WR"", ""sport"": ""nfl"", ""status"": ""Active"", ""team"": ""NO"", ""team_abbr"": """", ""team_changed_at"": """", ""years_exp"": ""4""}"
2026-08-31T15:52:53+00:00,1366076769534251008,1366076770662518784,45,5,5,10,854202549119594496,11635,Ladd McConkey,WR,LAC,"{""first_name"": ""Ladd"", ""injury_status"": """", ""last_name"": ""McConkey"", ""news_updated"": ""1785264059168"", ""number"": ""15"", ""player_id"": ""11635"", ""position"": ""WR"", ""sport"": ""nfl"", ""status"": ""Active"", ""team"": ""LAC"", ""team_abbr"": """", ""team_changed_at"": """", ""years_exp"": ""2""}"
2026-08-31T15:52:53+00:00,1366076769534251008,1366076770662518784,46,5,6,5,861663770647339008,8137,George Pickens,WR,DAL,"{""first_name"": ""George"", ""injury_status"": """", ""last_name"": ""Pickens"", ""news_updated"": ""1785201950663"", ""number"": ""3"", ""player_id"": ""8137"", ""position"": ""WR"", ""sport"": ""nfl"", ""status"": ""Active"", ""team"": ""DAL"", ""team_abbr"": """", ""team_changed_at"": """", ""years_exp"": ""4""}"
2026-08-31T15:52:53+00:00,1366076769534251008,1366076770662518784,47,5,7,1,779583277362245632,8146,Garrett Wilson,WR,NYJ,"{""first_name"": ""Garrett"", ""injury_status"": """", ""last_name"": ""Wilson"", ""news_updated"": ""1785683153959"", ""number"": ""5"", ""player_id"": ""8146"", ""position"": ""WR"", ""sport"": ""nfl"", ""status"": ""Active"", ""team"": ""NYJ"", ""team_abbr"": """", ""team_changed_at"": """", ""years_exp"": ""4""}"
2026-08-31T15:52:53+00:00,1366076769534251008,1366076770662518784,48,5,8,9,1128535741111402496,12506,Harold Fannin,TE,CLE,"{""first_name"": ""Harold"", ""injury_status"": """", ""last_name"": ""Fannin"", ""news_updated"": ""1785520234130"", ""number"": ""44"", ""player_id"": ""12506"", ""position"": ""TE"", ""sport"": ""nfl"", ""status"": ""Active"", ""team"": ""CLE"", ""team_abbr"": """", ""team_changed_at"": """", ""years_exp"": ""1""}"
2026-08-31T15:52:53+00:00,1366076769534251008,1366076770662518784,49,5,9,6,770802446909222912,10229,Rashee Rice,WR,KC,"{""first_name"": ""Rashee"", ""injury_status"": """", ""last_name"": ""Rice"", ""news_updated"": ""1785532834498"", ""number"": ""4"", ""player_id"": ""10229"", ""position"": ""WR"", ""sport"": ""nfl"", ""status"": ""Active"", ""team"": ""KC"", ""team_abbr"": """", ""team_changed_at"": """", ""years_exp"": ""3""}"
2026-08-31T15:52:53+00:00,1366076769534251008,1366076770662518784,50,5,10,2,1126612181929336832,5859,A.J. Brown,WR,NE,"{""first_name"": ""A.J."", ""injury_status"": """", ""last_name"": ""Brown"", ""news_updated"": ""1785526833992"", ""number"": ""1"", ""player_id"": ""5859"", ""position"": ""WR"", ""sport"": ""nfl"", ""status"": ""Active"", ""team"": ""NE"", ""team_abbr"": """", ""team_changed_at"": """", ""years_exp"": ""7""}"
2026-08-31T15:52:53+00:00,1366076769534251008,1366076770662518784,51,6,10,2,1126612181929336832,4866,Saquon Barkley,RB,PHI,"{""first_name"": ""Saquon"", ""injury_status"": """", ""last_name"": ""Barkley"", ""news_updated"": ""1785504030788"", ""number"": ""26"", ""player_id"": ""4866"", ""position"": ""RB"", ""sport"": ""nfl"", ""status"": ""Active"", ""team"": ""PHI"", ""team_abbr"": """", ""team_changed_at"": """", ""years_exp"": ""8""}"
2026-08-31T15:52:53+00:00,1366076769534251008,1366076770662518784,52,6,9,6,770802446909222912,8155,Breece Hall,RB,NYJ,"{""first_name"": ""Breece"", ""injury_status"": """", ""last_name"": ""Hall"", ""news_updated"": ""1784834113567"", ""number"": ""20"", ""player_id"": ""8155"", ""position"": ""RB"", ""sport"": ""nfl"", ""status"": ""Active"", ""team"": ""NYJ"", ""team_abbr"": """", ""team_changed_at"": """", ""years_exp"": ""4""}"
2026-08-31T15:52:53+00:00,1366076769534251008,1366076770662518784,53,6,8,9,1128535741111402496,11628,Marvin Harrison,WR,ARI,"{""first_name"": ""Marvin"", ""injury_status"": """", ""last_name"": ""Harrison"", ""news_updated"": ""1785285602333"", ""number"": ""18"", ""player_id"": ""11628"", ""position"": ""WR"", ""sport"": ""nfl"", ""status"": ""Active"", ""team"": ""ARI"", ""team_abbr"": """", ""team_changed_at"": """", ""years_exp"": ""2""}"
2026-08-31T15:52:53+00:00,1366076769534251008,1366076770662518784,54,6,7,1,779583277362245632,3294,Dak Prescott,QB,DAL,"{""first_name"": ""Dak"", ""injury_status"": """", ""last_name"": ""Prescott"", ""news_updated"": ""1785356111694"", ""number"": ""4"", ""player_id"": ""3294"", ""position"": ""QB"", ""sport"": ""nfl"", ""status"": ""Active"", ""team"": ""DAL"", ""team_abbr"": """", ""team_changed_at"": """", ""years_exp"": ""10""}"
2026-08-31T15:52:53+00:00,1366076769534251008,1366076770662518784,55,6,6,5,861663770647339008,6904,Jalen Hurts,QB,PHI,"{""first_name"": ""Jalen"", ""injury_status"": """", ""last_name"": ""Hurts"", ""news_updated"": ""1784646005438"", ""number"": ""1"", ""player_id"": ""6904"", ""position"": ""QB"", ""sport"": ""nfl"", ""status"": ""Active"", ""team"": ""PHI"", ""team_abbr"": """", ""team_changed_at"": """", ""years_exp"": ""6""}"
2026-08-31T15:52:53+00:00,1366076769534251008,1366076770662518784,56,6,5,10,854202549119594496,8183,Brock Purdy,QB,SF,"{""first_name"": ""Brock"", ""injury_status"": """", ""last_name"": ""Purdy"", ""news_updated"": ""1785603343722"", ""number"": ""13"", ""player_id"": ""8183"", ""position"": ""QB"", ""sport"": ""nfl"", ""status"": ""Active"", ""team"": ""SF"", ""team_abbr"": """", ""team_changed_at"": """", ""years_exp"": ""4""}"
2026-08-31T15:52:53+00:00,1366076769534251008,1366076770662518784,57,6,4,7,779583497248550912,9484,Tucker Kraft,TE,GB,"{""first_name"": ""Tucker"", ""injury_status"": ""Questionable"", ""last_name"": ""Kraft"", ""news_updated"": ""1785696355806"", ""number"": ""85"", ""player_id"": ""9484"", ""position"": ""TE"", ""sport"": ""nfl"", ""status"": ""Active"", ""team"": ""GB"", ""team_abbr"": """", ""team_changed_at"": """", ""years_exp"": ""3""}"
2026-08-31T15:52:53+00:00,1366076769534251008,1366076770662518784,58,6,3,8,609154836893601792,8150,Kyren Williams,RB,LAR,"{""first_name"": ""Kyren"", ""injury_status"": """", ""last_name"": ""Williams"", ""news_updated"": ""1785609344534"", ""number"": ""23"", ""player_id"": ""8150"", ""position"": ""RB"", ""sport"": ""nfl"", ""status"": ""Active"", ""team"": ""LAR"", ""team_abbr"": """", ""team_changed_at"": """", ""years_exp"": ""4""}"
2026-08-31T15:52:53+00:00,1366076769534251008,1366076770662518784,59,6,2,3,996120627872493568,11620,Rome Odunze,WR,CHI,"{""first_name"": ""Rome"", ""injury_status"": """", ""last_name"": ""Odunze"", ""news_updated"": ""1785458724707"", ""number"": ""15"", ""player_id"": ""11620"", ""position"": ""WR"", ""sport"": ""nfl"", ""status"": ""Active"", ""team"": ""CHI"", ""team_abbr"": """", ""team_changed_at"": """", ""years_exp"": ""2""}"
2026-08-31T15:52:53+00:00,1366076769534251008,1366076770662518784,60,6,1,4,1127380007921328128,3163,Jared Goff,QB,DET,"{""first_name"": ""Jared"", ""injury_status"": """", ""last_name"": ""Goff"", ""news_updated"": ""1784837113989"", ""number"": ""16"", ""player_id"": ""3163"", ""position"": ""QB"", ""sport"": ""nfl"", ""status"": ""Active"", ""team"": ""DET"", ""team_abbr"": """", ""team_changed_at"": """", ""years_exp"": ""10""}"
2026-08-31T15:52:53+00:00,1366076769534251008,1366076770662518784,61,7,1,4,1127380007921328128,10859,Sam LaPorta,TE,DET,"{""first_name"": ""Sam"", ""injury_status"": """", ""last_name"": ""LaPorta"", ""news_updated"": ""1785627346913"", ""number"": ""87"", ""player_id"": ""10859"", ""position"": ""TE"", ""sport"": ""nfl"", ""status"": ""Active"", ""team"": ""DET"", ""team_abbr"": """", ""team_changed_at"": """", ""years_exp"": ""3""}"
2026-08-31T15:52:53+00:00,1366076769534251008,1366076770662518784,62,7,2,3,996120627872493568,11631,Brian Thomas,WR,JAX,"{""first_name"": ""Brian"", ""injury_status"": """", ""last_name"": ""Thomas"", ""news_updated"": ""1785605143890"", ""number"": ""7"", ""player_id"": ""11631"", ""position"": ""WR"", ""sport"": ""nfl"", ""status"": ""Active"", ""team"": ""JAX"", ""team_abbr"": """", ""team_changed_at"": """", ""years_exp"": ""2""}"
2026-08-31T15:52:53+00:00,1366076769534251008,1366076770662518784,63,7,3,8,609154836893601792,6804,Jordan Love,QB,GB,"{""first_name"": ""Jordan"", ""injury_status"": """", ""last_name"": ""Love"", ""news_updated"": ""1785162017997"", ""number"": ""10"", ""player_id"": ""6804"", ""position"": ""QB"", ""sport"": ""nfl"", ""status"": ""Active"", ""team"": ""GB"", ""team_abbr"": """", ""team_changed_at"": """", ""years_exp"": ""6""}"
2026-08-31T15:52:53+00:00,1366076769534251008,1366076770662518784,64,7,4,7,779583497248550912,4892,Baker Mayfield,QB,TB,"{""first_name"": ""Baker"", ""injury_status"": """", ""last_name"": ""Mayfield"", ""news_updated"": ""1785525933530"", ""number"": ""6"", ""player_id"": ""4892"", ""position"": ""QB"", ""sport"": ""nfl"", ""status"": ""Active"", ""team"": ""TB"", ""team_abbr"": """", ""team_changed_at"": """", ""years_exp"": ""8""}"
2026-08-31T15:52:53+00:00,1366076769534251008,1366076770662518784,65,7,5,10,854202549119594496,8148,Jameson Williams,WR,DET,"{""first_name"": ""Jameson"", ""injury_status"": """", ""last_name"": ""Williams"", ""news_updated"": ""1785597343036"", ""number"": ""1"", ""player_id"": ""8148"", ""position"": ""WR"", ""sport"": ""nfl"", ""status"": ""Active"", ""team"": ""DET"", ""team_abbr"": """", ""team_changed_at"": """", ""years_exp"": ""4""}"
2026-08-31T15:52:53+00:00,1366076769534251008,1366076770662518784,66,7,6,5,861663770647339008,7525,DeVonta Smith,WR,PHI,"{""first_name"": ""DeVonta"", ""injury_status"": """", ""last_name"": ""Smith"", ""news_updated"": ""1784953859286"", ""number"": ""6"", ""player_id"": ""7525"", ""position"": ""WR"", ""sport"": ""nfl"", ""status"": ""Active"", ""team"": ""PHI"", ""team_abbr"": """", ""team_changed_at"": """", ""years_exp"": ""5""}"
2026-08-31T15:52:53+00:00,1366076769534251008,1366076770662518784,67,7,7,1,779583277362245632,12519,Luther Burden,WR,CHI,"{""first_name"": ""Luther"", ""injury_status"": """", ""last_name"": ""Burden"", ""news_updated"": ""1785504630628"", ""number"": ""10"", ""player_id"": ""12519"", ""position"": ""WR"", ""sport"": ""nfl"", ""status"": ""Active"", ""team"": ""CHI"", ""team_abbr"": """", ""team_changed_at"": """", ""years_exp"": ""1""}"
2026-08-31T15:52:53+00:00,1366076769534251008,1366076770662518784,68,7,8,9,1128535741111402496,13281,Jordyn Tyson,WR,NO,"{""first_name"": ""Jordyn"", ""injury_status"": """", ""last_name"": ""Tyson"", ""news_updated"": ""1785591642178"", ""number"": ""0"", ""player_id"": ""13281"", ""position"": ""WR"", ""sport"": ""nfl"", ""status"": ""Active"", ""team"": ""NO"", ""team_abbr"": """", ""team_changed_at"": """", ""years_exp"": ""0""}"
2026-08-31T15:52:53+00:00,1366076769534251008,1366076770662518784,69,7,9,6,770802446909222912,12481,Cam Skattebo,RB,NYG,"{""first_name"": ""Cam"", ""injury_status"": """", ""last_name"": ""Skattebo"", ""news_updated"": ""1785629446929"", ""number"": ""44"", ""player_id"": ""12481"", ""position"": ""RB"", ""sport"": ""nfl"", ""status"": ""Active"", ""team"": ""NYG"", ""team_abbr"": """", ""team_changed_at"": """", ""years_exp"": ""1""}"
2026-08-31T15:52:53+00:00,1366076769534251008,1366076770662518784,70,7,10,2,1126612181929336832,4943,Sam Darnold,QB,SEA,"{""first_name"": ""Sam"", ""injury_status"": """", ""last_name"": ""Darnold"", ""news_updated"": ""1784393728159"", ""number"": ""14"", ""player_id"": ""4943"", ""position"": ""QB"", ""sport"": ""nfl"", ""status"": ""Active"", ""team"": ""SEA"", ""team_abbr"": """", ""team_changed_at"": """", ""years_exp"": ""8""}"
2026-08-31T15:52:53+00:00,1366076769534251008,1366076770662518784,71,8,10,2,1126612181929336832,7588,Javonte Williams,RB,DAL,"{""first_name"": ""Javonte"", ""injury_status"": """", ""last_name"": ""Williams"", ""news_updated"": ""1785697555890"", ""number"": ""33"", ""player_id"": ""7588"", ""position"": ""RB"", ""sport"": ""nfl"", ""status"": ""Active"", ""team"": ""DAL"", ""team_abbr"": """", ""team_changed_at"": """", ""years_exp"": ""5""}"
2026-08-31T15:52:53+00:00,1366076769534251008,1366076770662518784,72,8,9,6,770802446909222912,3198,Derrick Henry,RB,BAL,"{""first_name"": ""Derrick"", ""injury_status"": """", ""last_name"": ""Henry"", ""news_updated"": ""1785462025080"", ""number"": ""22"", ""player_id"": ""3198"", ""position"": ""RB"", ""sport"": ""nfl"", ""status"": ""Active"", ""team"": ""BAL"", ""team_abbr"": """", ""team_changed_at"": """", ""years_exp"": ""10""}"
2026-08-31T15:52:53+00:00,1366076769534251008,1366076770662518784,73,8,8,9,1128535741111402496,6801,Tee Higgins,WR,CIN,"{""first_name"": ""Tee"", ""injury_status"": """", ""last_name"": ""Higgins"", ""news_updated"": ""1784920856526"", ""number"": ""5"", ""player_id"": ""6801"", ""position"": ""WR"", ""sport"": ""nfl"", ""status"": ""Active"", ""team"": ""CIN"", ""team_abbr"": """", ""team_changed_at"": """", ""years_exp"": ""6""}"
2026-08-31T15:52:53+00:00,1366076769534251008,1366076770662518784,74,8,7,1,779583277362245632,9997,Zay Flowers,WR,BAL,"{""first_name"": ""Zay"", ""injury_status"": """", ""last_name"": ""Flowers"", ""news_updated"": ""1784899254484"", ""number"": ""4"", ""player_id"": ""9997"", ""position"": ""WR"", ""sport"": ""nfl"", ""status"": ""Active"", ""team"": ""BAL"", ""team_abbr"": """", ""team_changed_at"": """", ""years_exp"": ""3""}"
2026-08-31T15:52:53+00:00,1366076769534251008,1366076770662518784,75,8,6,5,861663770647339008,7553,Kyle Pitts,TE,ATL,"{""first_name"": ""Kyle"", ""injury_status"": """", ""last_name"": ""Pitts"", ""news_updated"": ""1785635447739"", ""number"": ""8"", ""player_id"": ""7553"", ""position"": ""TE"", ""sport"": ""nfl"", ""status"": ""Active"", ""team"": ""ATL"", ""team_abbr"": """", ""team_changed_at"": """", ""years_exp"": ""5""}"
2026-08-31T15:52:53+00:00,1366076769534251008,1366076770662518784,76,8,5,10,854202549119594496,5846,DK Metcalf,WR,PIT,"{""first_name"": ""DK"", ""injury_status"": """", ""last_name"": ""Metcalf"", ""news_updated"": ""1785255358101"", ""number"": ""4"", ""player_id"": ""5846"", ""position"": ""WR"", ""sport"": ""nfl"", ""status"": ""Active"", ""team"": ""PIT"", ""team_abbr"": """", ""team_changed_at"": """", ""years_exp"": ""7""}"
2026-08-31T15:52:53+00:00,1366076769534251008,1366076770662518784,77,8,4,7,779583497248550912,10232,Michael Wilson,WR,ARI,"{""first_name"": ""Michael"", ""injury_status"": """", ""last_name"": ""Wilson"", ""news_updated"": ""1785533734437"", ""number"": ""14"", ""player_id"": ""10232"", ""position"": ""WR"", ""sport"": ""nfl"", ""status"": ""Active"", ""team"": ""ARI"", ""team_abbr"": """", ""team_changed_at"": """", ""years_exp"": ""3""}"
2026-08-31T15:52:53+00:00,1366076769534251008,1366076770662518784,78,8,3,8,609154836893601792,5850,Josh Jacobs,RB,GB,"{""first_name"": ""Josh"", ""injury_status"": """", ""last_name"": ""Jacobs"", ""news_updated"": ""1785339310702"", ""number"": ""8"", ""player_id"": ""5850"", ""position"": ""RB"", ""sport"": ""nfl"", ""status"": ""Active"", ""team"": ""GB"", ""team_abbr"": """", ""team_changed_at"": """", ""years_exp"": ""7""}"
2026-08-31T15:52:53+00:00,1366076769534251008,1366076770662518784,79,8,2,3,996120627872493568,8131,Isaiah Likely,TE,NYG,"{""first_name"": ""Isaiah"", ""injury_status"": """", ""last_name"": ""Likely"", ""news_updated"": ""1785679553473"", ""number"": ""9"", ""player_id"": ""8131"", ""position"": ""TE"", ""sport"": ""nfl"", ""status"": ""Active"", ""team"": ""NYG"", ""team_abbr"": """", ""team_changed_at"": """", ""years_exp"": ""4""}"
2026-08-31T15:52:53+00:00,1366076769534251008,1366076770662518784,80,8,1,4,1127380007921328128,7526,Jaylen Waddle,WR,DEN,"{""first_name"": ""Jaylen"", ""injury_status"": """", ""last_name"": ""Waddle"", ""news_updated"": ""1785632147386"", ""number"": ""17"", ""player_id"": ""7526"", ""position"": ""WR"", ""sport"": ""nfl"", ""status"": ""Active"", ""team"": ""DEN"", ""team_abbr"": """", ""team_changed_at"": """", ""years_exp"": ""5""}"
2026-08-31T15:52:53+00:00,1366076769534251008,1366076770662518784,81,9,1,4,1127380007921328128,13298,KC Concepcion,WR,CLE,"{""first_name"": ""KC"", ""injury_status"": """", ""last_name"": ""Concepcion"", ""news_updated"": ""1785681953749"", ""number"": ""1"", ""player_id"": ""13298"", ""position"": ""WR"", ""sport"": ""nfl"", ""status"": ""Active"", ""team"": ""CLE"", ""team_abbr"": """", ""team_changed_at"": """", ""years_exp"": ""0""}"
2026-08-31T15:52:53+00:00,1366076769534251008,1366076770662518784,82,9,2,3,996120627872493568,9758,C.J. Stroud,QB,HOU,"{""first_name"": ""C.J."", ""injury_status"": """", ""last_name"": ""Stroud"", ""news_updated"": ""1785372013823"", ""number"": ""7"", ""player_id"": ""9758"", ""position"": ""QB"", ""sport"": ""nfl"", ""status"": ""Active"", ""team"": ""HOU"", ""team_abbr"": """", ""team_changed_at"": """", ""years_exp"": ""3""}"
2026-08-31T15:52:53+00:00,1366076769534251008,1366076770662518784,83,9,3,8,609154836893601792,12489,RJ Harvey,RB,DEN,"{""first_name"": ""RJ"", ""injury_status"": """", ""last_name"": ""Harvey"", ""news_updated"": ""1785613244987"", ""number"": ""12"", ""player_id"": ""12489"", ""position"": ""RB"", ""sport"": ""nfl"", ""status"": ""Active"", ""team"": ""DEN"", ""team_abbr"": """", ""team_changed_at"": """", ""years_exp"": ""1""}"
2026-08-31T15:52:53+00:00,1366076769534251008,1366076770662518784,84,9,4,7,779583497248550912,13286,Jadarian Price,RB,SEA,"{""first_name"": ""Jadarian"", ""injury_status"": """", ""last_name"": ""Price"", ""news_updated"": ""1785609944567"", ""number"": ""8"", ""player_id"": ""13286"", ""position"": ""RB"", ""sport"": ""nfl"", ""status"": ""Active"", ""team"": ""SEA"", ""team_abbr"": """", ""team_changed_at"": """", ""years_exp"": ""0""}"
2026-08-31T15:52:53+00:00,1366076769534251008,1366076770662518784,85,9,5,10,854202549119594496,13330,Kenyon Sadiq,TE,NYJ,"{""first_name"": ""Kenyon"", ""injury_status"": """", ""last_name"": ""Sadiq"", ""news_updated"": ""1785469825954"", ""number"": ""16"", ""player_id"": ""13330"", ""position"": ""TE"", ""sport"": ""nfl"", ""status"": ""Active"", ""team"": ""NYJ"", ""team_abbr"": """", ""team_changed_at"": """", ""years_exp"": ""0""}"
2026-08-31T15:52:53+00:00,1366076769534251008,1366076770662518784,86,9,6,5,861663770647339008,7543,Travis Etienne,RB,NO,"{""first_name"": ""Travis"", ""injury_status"": """", ""last_name"": ""Etienne"", ""news_updated"": ""1785341711223"", ""number"": ""3"", ""player_id"": ""7543"", ""position"": ""RB"", ""sport"": ""nfl"", ""status"": ""Active"", ""team"": ""NO"", ""team_abbr"": """", ""team_changed_at"": """", ""years_exp"": ""5""}"
2026-08-31T15:52:53+00:00,1366076769534251008,1366076770662518784,87,9,7,1,779583277362245632,6790,D'Andre Swift,RB,CHI,"{""first_name"": ""D'Andre"", ""injury_status"": """", ""last_name"": ""Swift"", ""news_updated"": ""1784567745441"", ""number"": ""4"", ""player_id"": ""6790"", ""position"": ""RB"", ""sport"": ""nfl"", ""status"": ""Active"", ""team"": ""CHI"", ""team_abbr"": """", ""team_changed_at"": """", ""years_exp"": ""6""}"
2026-08-31T15:52:53+00:00,1366076769534251008,1366076770662518784,88,9,8,9,1128535741111402496,12490,Bhayshul Tuten,RB,JAX,"{""first_name"": ""Bhayshul"", ""injury_status"": """", ""last_name"": ""Tuten"", ""news_updated"": ""1785590441998"", ""number"": ""33"", ""player_id"": ""12490"", ""position"": ""RB"", ""sport"": ""nfl"", ""status"": ""Active"", ""team"": ""JAX"", ""team_abbr"": """", ""team_changed_at"": """", ""years_exp"": ""1""}"
2026-08-31T15:52:53+00:00,1366076769534251008,1366076770662518784,89,9,9,6,770802446909222912,12493,Oronde Gadsden,TE,LAC,"{""first_name"": ""Oronde"", ""injury_status"": """", ""last_name"": ""Gadsden"", ""news_updated"": ""1785556237367"", ""number"": ""86"", ""player_id"": ""12493"", ""position"": ""TE"", ""sport"": ""nfl"", ""status"": ""Active"", ""team"": ""LAC"", ""team_abbr"": """", ""team_changed_at"": """", ""years_exp"": ""1""}"
2026-08-31T15:52:53+00:00,1366076769534251008,1366076770662518784,90,9,10,2,1126612181929336832,5927,Terry McLaurin,WR,WAS,"{""first_name"": ""Terry"", ""injury_status"": """", ""last_name"": ""McLaurin"", ""news_updated"": ""1784663707306"", ""number"": ""17"", ""player_id"": ""5927"", ""position"": ""WR"", ""sport"": ""nfl"", ""status"": ""Active"", ""team"": ""WAS"", ""team_abbr"": """", ""team_changed_at"": """", ""years_exp"": ""7""}"
2026-08-31T15:52:53+00:00,1366076769534251008,1366076770662518784,91,10,10,2,1126612181929336832,12545,Tyler Shough,QB,NO,"{""first_name"": ""Tyler"", ""injury_status"": """", ""last_name"": ""Shough"", ""news_updated"": ""1785696355806"", ""number"": ""6"", ""player_id"": ""12545"", ""position"": ""QB"", ""sport"": ""nfl"", ""status"": ""Active"", ""team"": ""NO"", ""team_abbr"": """", ""team_changed_at"": """", ""years_exp"": ""1""}"
2026-08-31T15:52:53+00:00,1366076769534251008,1366076770662518784,92,10,9,6,770802446909222912,8142,Alec Pierce,WR,IND,"{""first_name"": ""Alec"", ""injury_status"": ""PUP"", ""last_name"": ""Pierce"", ""news_updated"": ""1785334208692"", ""number"": ""14"", ""player_id"": ""8142"", ""position"": ""WR"", ""sport"": ""nfl"", ""status"": ""Active"", ""team"": ""IND"", ""team_abbr"": """", ""team_changed_at"": """", ""years_exp"": ""4""}"
2026-08-31T15:52:53+00:00,1366076769534251008,1366076770662518784,93,10,8,9,1128535741111402496,5892,David Montgomery,RB,HOU,"{""first_name"": ""David"", ""injury_status"": """", ""last_name"": ""Montgomery"", ""news_updated"": ""1784644205307"", ""number"": ""32"", ""player_id"": ""5892"", ""position"": ""RB"", ""sport"": ""nfl"", ""status"": ""Active"", ""team"": ""HOU"", ""team_abbr"": """", ""team_changed_at"": """", ""years_exp"": ""7""}"
2026-08-31T15:52:53+00:00,1366076769534251008,1366076770662518784,94,10,7,1,779583277362245632,8110,Jake Ferguson,TE,DAL,"{""first_name"": ""Jake"", ""injury_status"": """", ""last_name"": ""Ferguson"", ""news_updated"": ""1785657651916"", ""number"": ""87"", ""player_id"": ""8110"", ""position"": ""TE"", ""sport"": ""nfl"", ""status"": ""Active"", ""team"": ""DAL"", ""team_abbr"": """", ""team_changed_at"": """", ""years_exp"": ""4""}"
2026-08-31T15:52:53+00:00,1366076769534251008,1366076770662518784,95,10,6,5,861663770647339008,2133,Davante Adams,WR,LAR,"{""first_name"": ""Davante"", ""injury_status"": """", ""last_name"": ""Adams"", ""news_updated"": ""1785546636169"", ""number"": ""17"", ""player_id"": ""2133"", ""position"": ""WR"", ""sport"": ""nfl"", ""status"": ""Active"", ""team"": ""LAR"", ""team_abbr"": """", ""team_changed_at"": """", ""years_exp"": ""12""}"
2026-08-31T15:52:53+00:00,1366076769534251008,1366076770662518784,96,10,5,10,854202549119594496,13276,Omar Cooper,WR,NYJ,"{""first_name"": ""Omar"", ""injury_status"": """", ""last_name"": ""Cooper"", ""news_updated"": ""1784574346322"", ""number"": ""83"", ""player_id"": ""13276"", ""position"": ""WR"", ""sport"": ""nfl"", ""status"": ""Active"", ""team"": ""NYJ"", ""team_abbr"": """", ""team_changed_at"": """", ""years_exp"": ""0""}"
2026-08-31T15:52:53+00:00,1366076769534251008,1366076770662518784,97,10,4,7,779583497248550912,8167,Christian Watson,WR,GB,"{""first_name"": ""Christian"", ""injury_status"": """", ""last_name"": ""Watson"", ""news_updated"": ""1784562344880"", ""number"": ""9"", ""player_id"": ""8167"", ""position"": ""WR"", ""sport"": ""nfl"", ""status"": ""Active"", ""team"": ""GB"", ""team_abbr"": """", ""team_changed_at"": """", ""years_exp"": ""4""}"
2026-08-31T15:52:53+00:00,1366076769534251008,1366076770662518784,98,10,3,8,609154836893601792,9228,Bryce Young,QB,CAR,"{""first_name"": ""Bryce"", ""injury_status"": """", ""last_name"": ""Young"", ""news_updated"": ""1784380827038"", ""number"": ""9"", ""player_id"": ""9228"", ""position"": ""QB"", ""sport"": ""nfl"", ""status"": ""Active"", ""team"": ""CAR"", ""team_abbr"": """", ""team_changed_at"": """", ""years_exp"": ""3""}"
2026-08-31T15:52:53+00:00,1366076769534251008,1366076770662518784,99,10,2,3,996120627872493568,12534,Kyle Monangai,RB,CHI,"{""first_name"": ""Kyle"", ""injury_status"": ""Questionable"", ""last_name"": ""Monangai"", ""news_updated"": ""1785658252197"", ""number"": ""25"", ""player_id"": ""12534"", ""position"": ""RB"", ""sport"": ""nfl"", ""status"": ""Active"", ""team"": ""CHI"", ""team_abbr"": """", ""team_changed_at"": """", ""years_exp"": ""1""}"
2026-08-31T15:52:53+00:00,1366076769534251008,1366076770662518784,100,10,1,4,1127380007921328128,421,Matthew Stafford,QB,LAR,"{""first_name"": ""Matthew"", ""injury_status"": """", ""last_name"": ""Stafford"", ""news_updated"": ""1785011703922"", ""number"": ""9"", ""player_id"": ""421"", ""position"": ""QB"", ""sport"": ""nfl"", ""status"": ""Active"", ""team"": ""LAR"", ""team_abbr"": """", ""team_changed_at"": """", ""years_exp"": ""17""}"
2026-08-31T15:52:53+00:00,1366076769534251008,1366076770662518784,101,11,1,4,1127380007921328128,13346,Denzel Boston,WR,CLE,"{""first_name"": ""Denzel"", ""injury_status"": """", ""last_name"": ""Boston"", ""news_updated"": ""1784468735090"", ""number"": ""12"", ""player_id"": ""13346"", ""position"": ""WR"", ""sport"": ""nfl"", ""status"": ""Active"", ""team"": ""CLE"", ""team_abbr"": """", ""team_changed_at"": """", ""years_exp"": ""0""}"
2026-08-31T15:52:53+00:00,1366076769534251008,1366076770662518784,102,11,2,3,996120627872493568,12522,Cam Ward,QB,TEN,"{""first_name"": ""Cam"", ""injury_status"": """", ""last_name"": ""Ward"", ""news_updated"": ""1785697255866"", ""number"": ""1"", ""player_id"": ""12522"", ""position"": ""QB"", ""sport"": ""nfl"", ""status"": ""Active"", ""team"": ""TEN"", ""team_abbr"": """", ""team_changed_at"": """", ""years_exp"": ""1""}"
2026-08-31T15:52:53+00:00,1366076769534251008,1366076770662518784,103,11,3,8,609154836893601792,10236,Dalton Kincaid,TE,BUF,"{""first_name"": ""Dalton"", ""injury_status"": """", ""last_name"": ""Kincaid"", ""news_updated"": ""1784747703943"", ""number"": ""86"", ""player_id"": ""10236"", ""position"": ""TE"", ""sport"": ""nfl"", ""status"": ""Active"", ""team"": ""BUF"", ""team_abbr"": """", ""team_changed_at"": """", ""years_exp"": ""3""}"
2026-08-31T15:52:53+00:00,1366076769534251008,1366076770662518784,104,11,4,7,779583497248550912,4983,DJ Moore,WR,BUF,"{""first_name"": ""DJ"", ""injury_status"": """", ""last_name"": ""Moore"", ""news_updated"": ""1784572845894"", ""number"": ""2"", ""player_id"": ""4983"", ""position"": ""WR"", ""sport"": ""nfl"", ""status"": ""Active"", ""team"": ""BUF"", ""team_abbr"": """", ""team_changed_at"": """", ""years_exp"": ""8""}"
2026-08-31T15:52:53+00:00,1366076769534251008,1366076770662518784,105,11,5,10,854202549119594496,9756,Jordan Addison,WR,MIN,"{""first_name"": ""Jordan"", ""injury_status"": """", ""last_name"": ""Addison"", ""news_updated"": ""1785363012633"", ""number"": ""3"", ""player_id"": ""9756"", ""position"": ""WR"", ""sport"": ""nfl"", ""status"": ""Active"", ""team"": ""MIN"", ""team_abbr"": """", ""team_changed_at"": """", ""years_exp"": ""3""}"
2026-08-31T15:52:53+00:00,1366076769534251008,1366076770662518784,106,11,6,5,861663770647339008,5849,Kyler Murray,QB,MIN,"{""first_name"": ""Kyler"", ""injury_status"": """", ""last_name"": ""Murray"", ""news_updated"": ""1785631547277"", ""number"": ""1"", ""player_id"": ""5849"", ""position"": ""QB"", ""sport"": ""nfl"", ""status"": ""Active"", ""team"": ""MIN"", ""team_abbr"": """", ""team_changed_at"": """", ""years_exp"": ""7""}"
2026-08-31T15:52:53+00:00,1366076769534251008,1366076770662518784,107,11,7,1,779583277362245632,2216,Mike Evans,WR,SF,"{""first_name"": ""Mike"", ""injury_status"": """", ""last_name"": ""Evans"", ""news_updated"": ""1785159918000"", ""number"": ""5"", ""player_id"": ""2216"", ""position"": ""WR"", ""sport"": ""nfl"", ""status"": ""Active"", ""team"": ""SF"", ""team_abbr"": """", ""team_changed_at"": """", ""years_exp"": ""12""}"
2026-08-31T15:52:53+00:00,1366076769534251008,1366076770662518784,108,11,8,9,1128535741111402496,8126,Wan'Dale Robinson,WR,TEN,"{""first_name"": ""Wan'Dale"", ""injury_status"": """", ""last_name"": ""Robinson"", ""news_updated"": ""1785528933822"", ""number"": ""4"", ""player_id"": ""8126"", ""position"": ""WR"", ""sport"": ""nfl"", ""status"": ""Active"", ""team"": ""TEN"", ""team_abbr"": """", ""team_changed_at"": """", ""years_exp"": ""4""}"
2026-08-31T15:52:53+00:00,1366076769534251008,1366076770662518784,109,11,9,6,770802446909222912,5870,Daniel Jones,QB,IND,"{""first_name"": ""Daniel"", ""injury_status"": """", ""last_name"": ""Jones"", ""news_updated"": ""1785352811191"", ""number"": ""17"", ""player_id"": ""5870"", ""position"": ""QB"", ""sport"": ""nfl"", ""status"": ""Active"", ""team"": ""IND"", ""team_abbr"": """", ""team_changed_at"": """", ""years_exp"": ""7""}"
2026-08-31T15:52:53+00:00,1366076769534251008,1366076770662518784,110,11,10,2,1126612181929336832,7021,Rico Dowdle,RB,PIT,"{""first_name"": ""Rico"", ""injury_status"": """", ""last_name"": ""Dowdle"", ""news_updated"": ""1785507331667"", ""number"": ""13"", ""player_id"": ""7021"", ""position"": ""RB"", ""sport"": ""nfl"", ""status"": ""Active"", ""team"": ""PIT"", ""team_abbr"": """", ""team_changed_at"": """", ""years_exp"": ""6""}"
2026-08-31T15:52:53+00:00,1366076769534251008,1366076770662518784,111,12,10,2,1126612181929336832,12484,Jayden Higgins,WR,HOU,"{""first_name"": ""Jayden"", ""injury_status"": """", ""last_name"": ""Higgins"", ""news_updated"": ""1785435323454"", ""number"": ""81"", ""player_id"": ""12484"", ""position"": ""WR"", ""sport"": ""nfl"", ""status"": ""Active"", ""team"": ""HOU"", ""team_abbr"": """", ""team_changed_at"": """", ""years_exp"": ""1""}"
2026-08-31T15:52:53+00:00,1366076769534251008,1366076770662518784,112,12,9,6,770802446909222912,9754,Quentin Johnston,WR,LAC,"{""first_name"": ""Quentin"", ""injury_status"": """", ""last_name"": ""Johnston"", ""news_updated"": ""1785255057882"", ""number"": ""1"", ""player_id"": ""9754"", ""position"": ""WR"", ""sport"": ""nfl"", ""status"": ""Active"", ""team"": ""LAC"", ""team_abbr"": """", ""team_changed_at"": """", ""years_exp"": ""3""}"
2026-08-31T15:52:53+00:00,1366076769534251008,1366076770662518784,113,12,8,9,1128535741111402496,12530,Travis Hunter,WR,JAX,"{""first_name"": ""Travis"", ""injury_status"": """", ""last_name"": ""Hunter"", ""news_updated"": ""1785682553890"", ""number"": ""12"", ""player_id"": ""12530"", ""position"": ""WR"", ""sport"": ""nfl"", ""status"": ""Active"", ""team"": ""JAX"", ""team_abbr"": """", ""team_changed_at"": """", ""years_exp"": ""1""}"
2026-08-31T15:52:53+00:00,1366076769534251008,1366076770662518784,114,12,7,1,779583277362245632,7594,Chuba Hubbard,RB,CAR,"{""first_name"": ""Chuba"", ""injury_status"": """", ""last_name"": ""Hubbard"", ""news_updated"": ""1785519332659"", ""number"": ""30"", ""player_id"": ""7594"", ""position"": ""RB"", ""sport"": ""nfl"", ""status"": ""Active"", ""team"": ""CAR"", ""team_abbr"": """", ""team_changed_at"": """", ""years_exp"": ""5""}"
2026-08-31T15:52:53+00:00,1366076769534251008,1366076770662518784,115,12,6,5,861663770647339008,8676,Rashid Shaheed,WR,SEA,"{""first_name"": ""Rashid"", ""injury_status"": """", ""last_name"": ""Shaheed"", ""news_updated"": ""1785375013978"", ""number"": ""22"", ""player_id"": ""8676"", ""position"": ""WR"", ""sport"": ""nfl"", ""status"": ""Active"", ""team"": ""SEA"", ""team_abbr"": """", ""team_changed_at"": """", ""years_exp"": ""4""}"
2026-08-31T15:52:53+00:00,1366076769534251008,1366076770662518784,116,12,5,10,854202549119594496,9480,Brenton Strange,TE,JAX,"{""first_name"": ""Brenton"", ""injury_status"": """", ""last_name"": ""Strange"", ""news_updated"": ""1785515132125"", ""number"": ""85"", ""player_id"": ""9480"", ""position"": ""TE"", ""sport"": ""nfl"", ""status"": ""Active"", ""team"": ""JAX"", ""team_abbr"": """", ""team_changed_at"": """", ""years_exp"": ""3""}"
2026-08-31T15:52:53+00:00,1366076769534251008,1366076770662518784,117,12,4,7,779583497248550912,11586,Blake Corum,RB,LAR,"{""first_name"": ""Blake"", ""injury_status"": """", ""last_name"": ""Corum"", ""news_updated"": ""1785696655823"", ""number"": ""24"", ""player_id"": ""11586"", ""position"": ""RB"", ""sport"": ""nfl"", ""status"": ""Active"", ""team"": ""LAR"", ""team_abbr"": """", ""team_changed_at"": """", ""years_exp"": ""2""}"
2026-08-31T15:52:53+00:00,1366076769534251008,1366076770662518784,118,12,3,8,609154836893601792,6819,Michael Pittman,WR,PIT,"{""first_name"": ""Michael"", ""injury_status"": """", ""last_name"": ""Pittman"", ""news_updated"": ""1785634247794"", ""number"": ""11"", ""player_id"": ""6819"", ""position"": ""WR"", ""sport"": ""nfl"", ""status"": ""Active"", ""team"": ""PIT"", ""team_abbr"": """", ""team_changed_at"": """", ""years_exp"": ""6""}"
2026-08-31T15:52:53+00:00,1366076769534251008,1366076770662518784,119,12,2,3,996120627872493568,9487,Parker Washington,WR,JAX,"{""first_name"": ""Parker"", ""injury_status"": """", ""last_name"": ""Washington"", ""news_updated"": ""1785692455241"", ""number"": ""11"", ""player_id"": ""9487"", ""position"": ""WR"", ""sport"": ""nfl"", ""status"": ""Active"", ""team"": ""JAX"", ""team_abbr"": """", ""team_changed_at"": """", ""years_exp"": ""3""}"
2026-08-31T15:52:53+00:00,1366076769534251008,1366076770662518784,120,12,1,4,1127380007921328128,7611,Rhamondre Stevenson,RB,NE,"{""first_name"": ""Rhamondre"", ""injury_status"": """", ""last_name"": ""Stevenson"", ""news_updated"": ""1785441022584"", ""number"": ""38"", ""player_id"": ""7611"", ""position"": ""RB"", ""sport"": ""nfl"", ""status"": ""Active"", ""team"": ""NE"", ""team_abbr"": """", ""team_changed_at"": """", ""years_exp"": ""5""}"
2026-08-31T15:52:53+00:00,1366076769534251008,1366076770662518784,121,13,1,4,1127380007921328128,3214,Hunter Henry,TE,NE,"{""first_name"": ""Hunter"", ""injury_status"": """", ""last_name"": ""Henry"", ""news_updated"": ""1785256858442"", ""number"": ""85"", ""player_id"": ""3214"", ""position"": ""TE"", ""sport"": ""nfl"", ""status"": ""Active"", ""team"": ""NE"", ""team_abbr"": """", ""team_changed_at"": """", ""years_exp"": ""10""}"
2026-08-31T15:52:53+00:00,1366076769534251008,1366076770662518784,122,13,2,3,996120627872493568,8161,Malik Willis,QB,MIA,"{""first_name"": ""Malik"", ""injury_status"": """", ""last_name"": ""Willis"", ""news_updated"": ""1784643605268"", ""number"": ""2"", ""player_id"": ""8161"", ""position"": ""QB"", ""sport"": ""nfl"", ""status"": ""Active"", ""team"": ""MIA"", ""team_abbr"": """", ""team_changed_at"": """", ""years_exp"": ""4""}"
2026-08-31T15:52:53+00:00,1366076769534251008,1366076770662518784,123,13,3,8,609154836893601792,8121,Romeo Doubs,WR,NE,"{""first_name"": ""Romeo"", ""injury_status"": """", ""last_name"": ""Doubs"", ""news_updated"": ""1785163518278"", ""number"": ""87"", ""player_id"": ""8121"", ""position"": ""WR"", ""sport"": ""nfl"", ""status"": ""Active"", ""team"": ""NE"", ""team_abbr"": """", ""team_changed_at"": """", ""years_exp"": ""4""}"
2026-08-31T15:52:53+00:00,1366076769534251008,1366076770662518784,124,13,4,7,779583497248550912,5045,Courtland Sutton,WR,DEN,"{""first_name"": ""Courtland"", ""injury_status"": """", ""last_name"": ""Sutton"", ""news_updated"": ""1785522632995"", ""number"": ""14"", ""player_id"": ""5045"", ""position"": ""WR"", ""sport"": ""nfl"", ""status"": ""Active"", ""team"": ""DEN"", ""team_abbr"": """", ""team_changed_at"": """", ""years_exp"": ""8""}"
2026-08-31T15:52:53+00:00,1366076769534251008,1366076770662518784,125,13,5,10,854202549119594496,8228,Jaylen Warren,RB,PIT,"{""first_name"": ""Jaylen"", ""injury_status"": """", ""last_name"": ""Warren"", ""news_updated"": ""1785600343367"", ""number"": ""30"", ""player_id"": ""8228"", ""position"": ""RB"", ""sport"": ""nfl"", ""status"": ""Active"", ""team"": ""PIT"", ""team_abbr"": """", ""team_changed_at"": """", ""years_exp"": ""4""}"
2026-08-31T15:52:53+00:00,1366076769534251008,1366076770662518784,126,13,6,5,861663770647339008,9500,Josh Downs,WR,IND,"{""first_name"": ""Josh"", ""injury_status"": """", ""last_name"": ""Downs"", ""news_updated"": ""1785676853120"", ""number"": ""2"", ""player_id"": ""9500"", ""position"": ""WR"", ""sport"": ""nfl"", ""status"": ""Active"", ""team"": ""IND"", ""team_abbr"": """", ""team_changed_at"": """", ""years_exp"": ""3""}"
2026-08-31T15:52:53+00:00,1366076769534251008,1366076770662518784,127,13,7,1,779583277362245632,13349,Eli Stowers,TE,PHI,"{""first_name"": ""Eli"", ""injury_status"": """", ""last_name"": ""Stowers"", ""news_updated"": ""1785592842352"", ""number"": ""87"", ""player_id"": ""13349"", ""position"": ""TE"", ""sport"": ""nfl"", ""status"": ""Active"", ""team"": ""PHI"", ""team_abbr"": """", ""team_changed_at"": """", ""years_exp"": ""0""}"
2026-08-31T15:52:53+00:00,1366076769534251008,1366076770662518784,128,13,8,9,1128535741111402496,8132,Tyler Allgeier,RB,ARI,"{""first_name"": ""Tyler"", ""injury_status"": """", ""last_name"": ""Allgeier"", ""news_updated"": ""1785694855568"", ""number"": ""22"", ""player_id"": ""8132"", ""position"": ""RB"", ""sport"": ""nfl"", ""status"": ""Active"", ""team"": ""ARI"", ""team_abbr"": """", ""team_changed_at"": """", ""years_exp"": ""4""}"
2026-08-31T15:52:53+00:00,1366076769534251008,1366076770662518784,129,13,9,6,770802446909222912,6806,J.K. Dobbins,RB,DEN,"{""first_name"": ""J.K."", ""injury_status"": """", ""last_name"": ""Dobbins"", ""news_updated"": ""1784994603023"", ""number"": ""27"", ""player_id"": ""6806"", ""position"": ""RB"", ""sport"": ""nfl"", ""status"": ""Active"", ""team"": ""DEN"", ""team_abbr"": """", ""team_changed_at"": """", ""years_exp"": ""6""}"
2026-08-31T15:52:53+00:00,1366076769534251008,1366076770662518784,130,13,10,2,1126612181929336832,5844,T.J. Hockenson,TE,MIN,"{""first_name"": ""T.J."", ""injury_status"": """", ""last_name"": ""Hockenson"", ""news_updated"": ""1784839814228"", ""number"": ""87"", ""player_id"": ""5844"", ""position"": ""TE"", ""sport"": ""nfl"", ""status"": ""Active"", ""team"": ""MIN"", ""team_abbr"": """", ""team_changed_at"": """", ""years_exp"": ""7""}"
2026-08-31T15:52:53+00:00,1366076769534251008,1366076770662518784,131,14,10,2,1126612181929336832,4037,Chris Godwin,WR,TB,"{""first_name"": ""Chris"", ""injury_status"": """", ""last_name"": ""Godwin"", ""news_updated"": ""1784572545967"", ""number"": ""14"", ""player_id"": ""4037"", ""position"": ""WR"", ""sport"": ""nfl"", ""status"": ""Active"", ""team"": ""TB"", ""team_abbr"": """", ""team_changed_at"": """", ""years_exp"": ""9""}"
2026-08-31T15:52:53+00:00,1366076769534251008,1366076770662518784,132,14,9,6,770802446909222912,4217,George Kittle,TE,SF,"{""first_name"": ""George"", ""injury_status"": ""PUP"", ""last_name"": ""Kittle"", ""news_updated"": ""1785005703725"", ""number"": ""85"", ""player_id"": ""4217"", ""position"": ""TE"", ""sport"": ""nfl"", ""status"": ""Active"", ""team"": ""SF"", ""team_abbr"": """", ""team_changed_at"": """", ""years_exp"": ""9""}"
2026-08-31T15:52:53+00:00,1366076769534251008,1366076770662518784,133,14,8,9,1128535741111402496,12498,Mason Taylor,TE,NYJ,"{""first_name"": ""Mason"", ""injury_status"": """", ""last_name"": ""Taylor"", ""news_updated"": ""1784383527096"", ""number"": ""85"", ""player_id"": ""12498"", ""position"": ""TE"", ""sport"": ""nfl"", ""status"": ""Active"", ""team"": ""NYJ"", ""team_abbr"": """", ""team_changed_at"": """", ""years_exp"": ""1""}"
2026-08-31T15:52:53+00:00,1366076769534251008,1366076770662518784,134,14,7,1,779583277362245632,11583,Jonathon Brooks,RB,CAR,"{""first_name"": ""Jonathon"", ""injury_status"": """", ""last_name"": ""Brooks"", ""news_updated"": ""1785258959331"", ""number"": ""25"", ""player_id"": ""11583"", ""position"": ""RB"", ""sport"": ""nfl"", ""status"": ""Active"", ""team"": ""CAR"", ""team_abbr"": """", ""team_changed_at"": """", ""years_exp"": ""2""}"
2026-08-31T15:52:53+00:00,1366076769534251008,1366076770662518784,135,14,6,5,861663770647339008,3257,Jacoby Brissett,QB,ARI,"{""first_name"": ""Jacoby"", ""injury_status"": """", ""last_name"": ""Brissett"", ""news_updated"": ""1785170421497"", ""number"": ""7"", ""player_id"": ""3257"", ""position"": ""QB"", ""sport"": ""nfl"", ""status"": ""Active"", ""team"": ""ARI"", ""team_abbr"": """", ""team_changed_at"": """", ""years_exp"": ""10""}"
2026-08-31T15:52:53+00:00,1366076769534251008,1366076770662518784,136,14,5,10,854202549119594496,4033,David Njoku,TE,LAC,"{""first_name"": ""David"", ""injury_status"": """", ""last_name"": ""Njoku"", ""news_updated"": ""1785768905141"", ""number"": ""83"", ""player_id"": ""4033"", ""position"": ""TE"", ""sport"": ""nfl"", ""status"": ""Active"", ""team"": ""LAC"", ""team_abbr"": """", ""team_changed_at"": """", ""years_exp"": ""9""}"
2026-08-31T15:52:53+00:00,1366076769534251008,1366076770662518784,137,14,4,7,779583497248550912,5967,Tony Pollard,RB,TEN,"{""first_name"": ""Tony"", ""injury_status"": """", ""last_name"": ""Pollard"", ""news_updated"": ""1784403928805"", ""number"": ""20"", ""player_id"": ""5967"", ""position"": ""RB"", ""sport"": ""nfl"", ""status"": ""Active"", ""team"": ""TEN"", ""team_abbr"": """", ""team_changed_at"": """", ""years_exp"": ""7""}"
2026-08-31T15:52:53+00:00,1366076769534251008,1366076770662518784,138,14,3,8,609154836893601792,11603,AJ Barner,TE,SEA,"{""first_name"": ""AJ"", ""injury_status"": """", ""last_name"": ""Barner"", ""news_updated"": ""1785162618795"", ""number"": ""88"", ""player_id"": ""11603"", ""position"": ""TE"", ""sport"": ""nfl"", ""status"": ""Active"", ""team"": ""SEA"", ""team_abbr"": """", ""team_changed_at"": """", ""years_exp"": ""2""}"
2026-08-31T15:52:53+00:00,1366076769534251008,1366076770662518784,139,14,2,3,996120627872493568,5012,Mark Andrews,TE,BAL,"{""first_name"": ""Mark"", ""injury_status"": """", ""last_name"": ""Andrews"", ""news_updated"": ""1784662507512"", ""number"": ""89"", ""player_id"": ""5012"", ""position"": ""TE"", ""sport"": ""nfl"", ""status"": ""Active"", ""team"": ""BAL"", ""team_abbr"": """", ""team_changed_at"": """", ""years_exp"": ""8""}"
2026-08-31T15:52:53+00:00,1366076769534251008,1366076770662518784,140,14,1,4,1127380007921328128,13274,Germie Bernard,WR,PIT,"{""first_name"": ""Germie"", ""injury_status"": """", ""last_name"": ""Bernard"", ""news_updated"": ""1785517832351"", ""number"": ""17"", ""player_id"": ""13274"", ""position"": ""WR"", ""sport"": ""nfl"", ""status"": ""Active"", ""team"": ""PIT"", ""team_abbr"": """", ""team_changed_at"": """", ""years_exp"": ""0""}"
2026-08-31T15:52:53+00:00,1366076769534251008,1366076770662518784,141,15,1,4,1127380007921328128,13268,Elijah Sarratt,WR,BAL,"{""first_name"": ""Elijah"", ""injury_status"": """", ""last_name"": ""Sarratt"", ""news_updated"": ""1784829913063"", ""number"": ""13"", ""player_id"": ""13268"", ""position"": ""WR"", ""sport"": ""nfl"", ""status"": ""Active"", ""team"": ""BAL"", ""team_abbr"": """", ""team_changed_at"": """", ""years_exp"": ""0""}"
2026-08-31T15:52:53+00:00,1366076769534251008,1366076770662518784,142,15,2,3,996120627872493568,12501,Matthew Golden,WR,GB,"{""first_name"": ""Matthew"", ""injury_status"": """", ""last_name"": ""Golden"", ""news_updated"": ""1785721859214"", ""number"": ""0"", ""player_id"": ""12501"", ""position"": ""WR"", ""sport"": ""nfl"", ""status"": ""Active"", ""team"": ""GB"", ""team_abbr"": """", ""team_changed_at"": """", ""years_exp"": ""1""}"
2026-08-31T15:52:53+00:00,1366076769534251008,1366076770662518784,143,15,3,8,609154836893601792,8136,Rachaad White,RB,WAS,"{""first_name"": ""Rachaad"", ""injury_status"": """", ""last_name"": ""White"", ""news_updated"": ""1785090311473"", ""number"": ""1"", ""player_id"": ""8136"", ""position"": ""RB"", ""sport"": ""nfl"", ""status"": ""Active"", ""team"": ""WAS"", ""team_abbr"": """", ""team_changed_at"": """", ""years_exp"": ""4""}"
2026-08-31T15:52:53+00:00,1366076769534251008,1366076770662518784,144,15,4,7,779583497248550912,11655,Tyrone Tracy,RB,NYG,"{""first_name"": ""Tyrone"", ""injury_status"": """", ""last_name"": ""Tracy"", ""news_updated"": ""1784661607400"", ""number"": ""29"", ""player_id"": ""11655"", ""position"": ""RB"", ""sport"": ""nfl"", ""status"": ""Active"", ""team"": ""NYG"", ""team_abbr"": """", ""team_changed_at"": """", ""years_exp"": ""2""}"
2026-08-31T15:52:53+00:00,1366076769534251008,1366076770662518784,145,15,5,10,854202549119594496,5001,Dalton Schultz,TE,HOU,"{""first_name"": ""Dalton"", ""injury_status"": """", ""last_name"": ""Schultz"", ""news_updated"": ""1784903454707"", ""number"": ""86"", ""player_id"": ""5001"", ""position"": ""TE"", ""sport"": ""nfl"", ""status"": ""Active"", ""team"": ""HOU"", ""team_abbr"": """", ""team_changed_at"": """", ""years_exp"": ""8""}"
2026-08-31T15:52:53+00:00,1366076769534251008,1366076770662518784,146,15,6,5,861663770647339008,8408,Jordan Mason,RB,MIN,"{""first_name"": ""Jordan"", ""injury_status"": """", ""last_name"": ""Mason"", ""news_updated"": ""1784828112992"", ""number"": ""27"", ""player_id"": ""8408"", ""position"": ""RB"", ""sport"": ""nfl"", ""status"": ""Active"", ""team"": ""MIN"", ""team_abbr"": """", ""team_changed_at"": """", ""years_exp"": ""4""}"
2026-08-31T15:52:53+00:00,1366076769534251008,1366076770662518784,147,15,7,1,779583277362245632,12474,Woody Marks,RB,HOU,"{""first_name"": ""Woody"", ""injury_status"": """", ""last_name"": ""Marks"", ""news_updated"": ""1785440122361"", ""number"": ""4"", ""player_id"": ""12474"", ""position"": ""RB"", ""sport"": ""nfl"", ""status"": ""Active"", ""team"": ""HOU"", ""team_abbr"": """", ""team_changed_at"": """", ""years_exp"": ""1""}"
2026-08-31T15:52:53+00:00,1366076769534251008,1366076770662518784,148,15,8,9,1128535741111402496,13345,Jonah Coleman,RB,DEN,"{""first_name"": ""Jonah"", ""injury_status"": """", ""last_name"": ""Coleman"", ""news_updated"": ""1784900754502"", ""number"": ""20"", ""player_id"": ""13345"", ""position"": ""RB"", ""sport"": ""nfl"", ""status"": ""Active"", ""team"": ""DEN"", ""team_abbr"": """", ""team_changed_at"": """", ""years_exp"": ""0""}"
2026-08-31T15:52:53+00:00,1366076769534251008,1366076770662518784,149,15,9,6,770802446909222912,13288,Nicholas Singleton,RB,TEN,"{""first_name"": ""Nicholas"", ""injury_status"": """", ""last_name"": ""Singleton"", ""news_updated"": ""1784554844216"", ""number"": ""32"", ""player_id"": ""13288"", ""position"": ""RB"", ""sport"": ""nfl"", ""status"": ""Active"", ""team"": ""TEN"", ""team_abbr"": """", ""team_changed_at"": """", ""years_exp"": ""0""}"
2026-08-31T15:52:53+00:00,1366076769534251008,1366076770662518784,150,15,10,2,1126612181929336832,13305,Mike Washington,RB,LV,"{""first_name"": ""Mike"", ""injury_status"": """", ""last_name"": ""Washington"", ""news_updated"": ""1784736015620"", ""number"": ""30"", ""player_id"": ""13305"", ""position"": ""RB"", ""sport"": ""nfl"", ""status"": ""Active"", ""team"": ""LV"", ""team_abbr"": """", ""team_changed_at"": """", ""years_exp"": ""0""}"
2026-08-31T15:52:53+00:00,1366076769534251008,1366076770662518784,151,16,10,2,1126612181929336832,9511,Keaton Mitchell,RB,LAC,"{""first_name"": ""Keaton"", ""injury_status"": """", ""last_name"": ""Mitchell"", ""news_updated"": ""1785678353314"", ""number"": ""34"", ""player_id"": ""9511"", ""position"": ""RB"", ""sport"": ""nfl"", ""status"": ""Active"", ""team"": ""LAC"", ""team_abbr"": """", ""team_changed_at"": """", ""years_exp"": ""3""}"
2026-08-31T15:52:53+00:00,1366076769534251008,1366076770662518784,152,16,9,6,770802446909222912,12509,Tre' Harris,WR,LAC,"{""first_name"": ""Tre'"", ""injury_status"": """", ""last_name"": ""Harris"", ""news_updated"": ""1784840714334"", ""number"": ""9"", ""player_id"": ""12509"", ""position"": ""WR"", ""sport"": ""nfl"", ""status"": ""Active"", ""team"": ""LAC"", ""team_abbr"": """", ""team_changed_at"": """", ""years_exp"": ""1""}"
2026-08-31T15:52:53+00:00,1366076769534251008,1366076770662518784,153,16,8,9,1128535741111402496,7567,Kenny Gainwell,RB,TB,"{""first_name"": ""Kenny"", ""injury_status"": """", ""last_name"": ""Gainwell"", ""news_updated"": ""1785530134454"", ""number"": ""1"", ""player_id"": ""7567"", ""position"": ""RB"", ""sport"": ""nfl"", ""status"": ""Active"", ""team"": ""TB"", ""team_abbr"": """", ""team_changed_at"": """", ""years_exp"": ""5""}"
2026-08-31T15:52:53+00:00,1366076769534251008,1366076770662518784,154,16,7,1,779583277362245632,10222,Jayden Reed,WR,GB,"{""first_name"": ""Jayden"", ""injury_status"": """", ""last_name"": ""Reed"", ""news_updated"": ""1785442222521"", ""number"": ""11"", ""player_id"": ""10222"", ""position"": ""WR"", ""sport"": ""nfl"", ""status"": ""Active"", ""team"": ""GB"", ""team_abbr"": """", ""team_changed_at"": """", ""years_exp"": ""3""}"
2026-08-31T15:52:53+00:00,1366076769534251008,1366076770662518784,155,16,6,5,861663770647339008,12533,Jacory Croskey-Merritt,RB,WAS,"{""first_name"": ""Jacory"", ""injury_status"": """", ""last_name"": ""Croskey-Merritt"", ""news_updated"": ""1784919956089"", ""number"": ""22"", ""player_id"": ""12533"", ""position"": ""RB"", ""sport"": ""nfl"", ""status"": ""Active"", ""team"": ""WAS"", ""team_abbr"": """", ""team_changed_at"": """", ""years_exp"": ""1""}"
2026-08-31T15:52:53+00:00,1366076769534251008,1366076770662518784,156,16,5,10,854202549119594496,12524,Shedeur Sanders,QB,CLE,"{""first_name"": ""Shedeur"", ""injury_status"": """", ""last_name"": ""Sanders"", ""news_updated"": ""1785692155247"", ""number"": ""2"", ""player_id"": ""12524"", ""position"": ""QB"", ""sport"": ""nfl"", ""status"": ""Active"", ""team"": ""CLE"", ""team_abbr"": """", ""team_changed_at"": """", ""years_exp"": ""1""}"
2026-08-31T15:52:53+00:00,1366076769534251008,1366076770662518784,157,16,4,7,779583497248550912,96,Aaron Rodgers,QB,PIT,"{""first_name"": ""Aaron"", ""injury_status"": """", ""last_name"": ""Rodgers"", ""news_updated"": ""1785806111038"", ""number"": ""8"", ""player_id"": ""96"", ""position"": ""QB"", ""sport"": ""nfl"", ""status"": ""Active"", ""team"": ""PIT"", ""team_abbr"": """", ""team_changed_at"": """", ""years_exp"": ""21""}"
2026-08-31T15:52:53+00:00,1366076769534251008,1366076770662518784,158,16,3,8,609154836893601792,5872,Deebo Samuel,WR,SF,"{""first_name"": ""Deebo"", ""injury_status"": """", ""last_name"": ""Samuel"", ""news_updated"": ""1785633347675"", ""number"": ""19"", ""player_id"": ""5872"", ""position"": ""WR"", ""sport"": ""nfl"", ""status"": ""Active"", ""team"": ""SF"", ""team_abbr"": """", ""team_changed_at"": """", ""years_exp"": ""7""}"
2026-08-31T15:52:53+00:00,1366076769534251008,1366076770662518784,159,16,2,3,996120627872493568,9225,Tank Bigsby,RB,PHI,"{""first_name"": ""Tank"", ""injury_status"": """", ""last_name"": ""Bigsby"", ""news_updated"": ""1785428721006"", ""number"": ""8"", ""player_id"": ""9225"", ""position"": ""RB"", ""sport"": ""nfl"", ""status"": ""Active"", ""team"": ""PHI"", ""team_abbr"": """", ""team_changed_at"": """", ""years_exp"": ""3""}"
2026-08-31T15:52:53+00:00,1366076769534251008,1366076770662518784,160,16,1,4,1127380007921328128,1466,Travis Kelce,TE,KC,"{""first_name"": ""Travis"", ""injury_status"": """", ""last_name"": ""Kelce"", ""news_updated"": ""1785441622858"", ""number"": ""87"", ""player_id"": ""1466"", ""position"": ""TE"", ""sport"": ""nfl"", ""status"": ""Active"", ""team"": ""KC"", ""team_abbr"": """", ""team_changed_at"": """", ""years_exp"": ""13""}"
2026-08-31T15:52:53+00:00,1366076769534251008,1366076770662518784,161,17,1,4,1127380007921328128,13275,Ty Simpson,QB,LAR,"{""first_name"": ""Ty"", ""injury_status"": """", ""last_name"": ""Simpson"", ""news_updated"": ""1785597943075"", ""number"": ""15"", ""player_id"": ""13275"", ""position"": ""QB"", ""sport"": ""nfl"", ""status"": ""Active"", ""team"": ""LAR"", ""team_abbr"": """", ""team_changed_at"": """", ""years_exp"": ""0""}"
2026-08-31T15:52:53+00:00,1366076769534251008,1366076770662518784,162,17,2,3,996120627872493568,11589,Trey Benson,RB,ARI,"{""first_name"": ""Trey"", ""injury_status"": """", ""last_name"": ""Benson"", ""news_updated"": ""1785873908539"", ""number"": ""33"", ""player_id"": ""11589"", ""position"": ""RB"", ""sport"": ""nfl"", ""status"": ""Active"", ""team"": ""ARI"", ""team_abbr"": """", ""team_changed_at"": """", ""years_exp"": ""2""}"
2026-08-31T15:52:53+00:00,1366076769534251008,1366076770662518784,163,17,3,8,609154836893601792,12487,Terrance Ferguson,TE,LAR,"{""first_name"": ""Terrance"", ""injury_status"": """", ""last_name"": ""Ferguson"", ""news_updated"": ""1785610844748"", ""number"": ""18"", ""player_id"": ""12487"", ""position"": ""TE"", ""sport"": ""nfl"", ""status"": ""Active"", ""team"": ""LAR"", ""team_abbr"": """", ""team_changed_at"": """", ""years_exp"": ""1""}"
2026-08-31T15:52:53+00:00,1366076769534251008,1366076770662518784,164,17,4,7,779583497248550912,11624,Xavier Worthy,WR,KC,"{""first_name"": ""Xavier"", ""injury_status"": ""Questionable"", ""last_name"": ""Worthy"", ""news_updated"": ""1785787809958"", ""number"": ""1"", ""player_id"": ""11624"", ""position"": ""WR"", ""sport"": ""nfl"", ""status"": ""Active"", ""team"": ""KC"", ""team_abbr"": """", ""team_changed_at"": """", ""years_exp"": ""2""}"
2026-08-31T15:52:53+00:00,1366076769534251008,1366076770662518784,165,17,5,10,854202549119594496,11576,Braelon Allen,RB,NYJ,"{""first_name"": ""Braelon"", ""injury_status"": """", ""last_name"": ""Allen"", ""news_updated"": ""1784685309795"", ""number"": ""0"", ""player_id"": ""11576"", ""position"": ""RB"", ""sport"": ""nfl"", ""status"": ""Active"", ""team"": ""NYJ"", ""team_abbr"": """", ""team_changed_at"": """", ""years_exp"": ""2""}"
2026-08-31T15:52:53+00:00,1366076769534251008,1366076770662518784,166,17,6,5,861663770647339008,9753,Zach Charbonnet,RB,SEA,"{""first_name"": ""Zach"", ""injury_status"": ""PUP"", ""last_name"": ""Charbonnet"", ""news_updated"": ""1785268259768"", ""number"": ""26"", ""player_id"": ""9753"", ""position"": ""RB"", ""sport"": ""nfl"", ""status"": ""Active"", ""team"": ""SEA"", ""team_abbr"": """", ""team_changed_at"": """", ""years_exp"": ""3""}"
2026-08-31T15:52:53+00:00,1366076769534251008,1366076770662518784,167,17,7,1,779583277362245632,13337,Emmett Johnson,RB,KC,"{""first_name"": ""Emmett"", ""injury_status"": """", ""last_name"": ""Johnson"", ""news_updated"": ""1784772306296"", ""number"": ""10"", ""player_id"": ""13337"", ""position"": ""RB"", ""sport"": ""nfl"", ""status"": ""Active"", ""team"": ""KC"", ""team_abbr"": """", ""team_changed_at"": """", ""years_exp"": ""0""}"
2026-08-31T15:52:53+00:00,1366076769534251008,1366076770662518784,168,17,8,9,1128535741111402496,5947,Jakobi Meyers,WR,JAX,"{""first_name"": ""Jakobi"", ""injury_status"": """", ""last_name"": ""Meyers"", ""news_updated"": ""1784829313035"", ""number"": ""3"", ""player_id"": ""5947"", ""position"": ""WR"", ""sport"": ""nfl"", ""status"": ""Active"", ""team"": ""JAX"", ""team_abbr"": """", ""team_changed_at"": """", ""years_exp"": ""7""}"
2026-08-31T15:52:53+00:00,1366076769534251008,1366076770662518784,169,17,9,6,770802446909222912,11618,Jalen McMillan,WR,TB,"{""first_name"": ""Jalen"", ""injury_status"": ""Questionable"", ""last_name"": ""McMillan"", ""news_updated"": ""1785905127517"", ""number"": ""11"", ""player_id"": ""11618"", ""position"": ""WR"", ""sport"": ""nfl"", ""status"": ""Active"", ""team"": ""TB"", ""team_abbr"": """", ""team_changed_at"": """", ""years_exp"": ""2""}"
2026-08-31T15:52:53+00:00,1366076769534251008,1366076770662518784,170,17,10,2,1126612181929336832,13320,Zachariah Branch,WR,ATL,"{""first_name"": ""Zachariah"", ""injury_status"": """", ""last_name"": ""Branch"", ""news_updated"": ""1785518432415"", ""number"": ""17"", ""player_id"": ""13320"", ""position"": ""WR"", ""sport"": ""nfl"", ""status"": ""Active"", ""team"": ""ATL"", ""team_abbr"": """", ""team_changed_at"": """", ""years_exp"": ""0""}"
2026-08-31T15:52:53+00:00,1366076769534251008,1366076770662518784,171,18,10,2,1126612181929336832,13301,Antonio Williams,WR,WAS,"{""first_name"": ""Antonio"", ""injury_status"": """", ""last_name"": ""Williams"", ""news_updated"": ""1785865507005"", ""number"": ""14"", ""player_id"": ""13301"", ""position"": ""WR"", ""sport"": ""nfl"", ""status"": ""Active"", ""team"": ""WAS"", ""team_abbr"": """", ""team_changed_at"": """", ""years_exp"": ""0""}"
2026-08-31T15:52:53+00:00,1366076769534251008,1366076770662518784,172,18,9,6,770802446909222912,5022,Dallas Goedert,TE,PHI,"{""first_name"": ""Dallas"", ""injury_status"": """", ""last_name"": ""Goedert"", ""news_updated"": ""1784562944898"", ""number"": ""88"", ""player_id"": ""5022"", ""position"": ""TE"", ""sport"": ""nfl"", ""status"": ""Active"", ""team"": ""PHI"", ""team_abbr"": """", ""team_changed_at"": """", ""years_exp"": ""8""}"
2026-08-31T15:52:53+00:00,1366076769534251008,1366076770662518784,173,18,8,9,1128535741111402496,6768,Tua Tagovailoa,QB,ATL,"{""first_name"": ""Tua"", ""injury_status"": ""Questionable"", ""last_name"": ""Tagovailoa"", ""news_updated"": ""1785878409415"", ""number"": ""1"", ""player_id"": ""6768"", ""position"": ""QB"", ""sport"": ""nfl"", ""status"": ""Active"", ""team"": ""ATL"", ""team_abbr"": """", ""team_changed_at"": """", ""years_exp"": ""6""}"
2026-08-31T15:52:53+00:00,1366076769534251008,1366076770662518784,174,18,7,1,779583277362245632,7527,Mac Jones,QB,SF,"{""first_name"": ""Mac"", ""injury_status"": """", ""last_name"": ""Jones"", ""news_updated"": ""1785443422865"", ""number"": ""10"", ""player_id"": ""7527"", ""position"": ""QB"", ""sport"": ""nfl"", ""status"": ""Active"", ""team"": ""SF"", ""team_abbr"": """", ""team_changed_at"": """", ""years_exp"": ""5""}"
2026-08-31T15:52:53+00:00,1366076769534251008,1366076770662518784,175,18,6,5,861663770647339008,8205,Isiah Pacheco,RB,DET,"{""first_name"": ""Isiah"", ""injury_status"": """", ""last_name"": ""Pacheco"", ""news_updated"": ""1785507031045"", ""number"": ""10"", ""player_id"": ""8205"", ""position"": ""RB"", ""sport"": ""nfl"", ""status"": ""Active"", ""team"": ""DET"", ""team_abbr"": """", ""team_changed_at"": """", ""years_exp"": ""4""}"
2026-08-31T15:52:53+00:00,1366076769534251008,1366076770662518784,176,18,5,10,854202549119594496,9508,Tyjae Spears,RB,TEN,"{""first_name"": ""Tyjae"", ""injury_status"": """", ""last_name"": ""Spears"", ""news_updated"": ""1785436221910"", ""number"": ""2"", ""player_id"": ""9508"", ""position"": ""RB"", ""sport"": ""nfl"", ""status"": ""Active"", ""team"": ""TEN"", ""team_abbr"": """", ""team_changed_at"": """", ""years_exp"": ""3""}"
2026-08-31T15:52:53+00:00,1366076769534251008,1366076770662518784,177,18,4,7,779583497248550912,9502,Tank Dell,WR,HOU,"{""first_name"": ""Tank"", ""injury_status"": ""Questionable"", ""last_name"": ""Dell"", ""news_updated"": ""1785944438236"", ""number"": ""1"", ""player_id"": ""9502"", ""position"": ""WR"", ""sport"": ""nfl"", ""status"": ""Active"", ""team"": ""HOU"", ""team_abbr"": """", ""team_changed_at"": """", ""years_exp"": ""3""}"
2026-08-31T15:52:53+00:00,1366076769534251008,1366076770662518784,178,18,3,8,609154836893601792,12535,Isaac TeSlaa,WR,DET,"{""first_name"": ""Isaac"", ""injury_status"": """", ""last_name"": ""TeSlaa"", ""news_updated"": ""1784899854663"", ""number"": ""18"", ""player_id"": ""12535"", ""position"": ""WR"", ""sport"": ""nfl"", ""status"": ""Active"", ""team"": ""DET"", ""team_abbr"": """", ""team_changed_at"": """", ""years_exp"": ""1""}"
2026-08-31T15:52:53+00:00,1366076769534251008,1366076770662518784,179,18,2,3,996120627872493568,8134,Khalil Shakir,WR,BUF,"{""first_name"": ""Khalil"", ""injury_status"": """", ""last_name"": ""Shakir"", ""news_updated"": ""1784828712780"", ""number"": ""10"", ""player_id"": ""8134"", ""position"": ""WR"", ""sport"": ""nfl"", ""status"": ""Active"", ""team"": ""BUF"", ""team_abbr"": """", ""team_changed_at"": """", ""years_exp"": ""4""}"
2026-08-31T15:52:53+00:00,1366076769534251008,1366076770662518784,180,18,1,4,1127380007921328128,2449,Stefon Diggs,WR,WAS,"{""first_name"": ""Stefon"", ""injury_status"": """", ""last_name"": ""Diggs"", ""news_updated"": ""1785960640141"", ""number"": ""8"", ""player_id"": ""2449"", ""position"": ""WR"", ""sport"": ""nfl"", ""status"": ""Active"", ""team"": ""WAS"", ""team_abbr"": """", ""team_changed_at"": """", ""years_exp"": ""11""}"
2026-08-31T15:52:53+00:00,1366076769534251008,1366076770662518784,181,19,1,4,1127380007921328128,9504,Kayshon Boutte,WR,HOU,"{""first_name"": ""Kayshon"", ""injury_status"": """", ""last_name"": ""Boutte"", ""news_updated"": ""1785862219282"", ""number"": ""9"", ""player_id"": ""9504"", ""position"": ""WR"", ""sport"": ""nfl"", ""status"": ""Active"", ""team"": ""NE"", ""team_abbr"": """", ""team_changed_at"": """", ""years_exp"": ""3""}"
2026-08-31T15:52:53+00:00,1366076769534251008,1366076770662518784,182,19,2,3,996120627872493568,8210,Chig Okonkwo,TE,WAS,"{""first_name"": ""Chig"", ""injury_status"": """", ""last_name"": ""Okonkwo"", ""news_updated"": ""1785936937113"", ""number"": ""85"", ""player_id"": ""8210"", ""position"": ""TE"", ""sport"": ""nfl"", ""status"": ""Active"", ""team"": ""WAS"", ""team_abbr"": """", ""team_changed_at"": """", ""years_exp"": ""4""}"
2026-08-31T15:52:53+00:00,1366076769534251008,1366076770662518784,183,19,3,8,609154836893601792,8698,Jake Tonges,TE,SF,"{""first_name"": ""Jake"", ""injury_status"": """", ""last_name"": ""Tonges"", ""news_updated"": ""1785182147831"", ""number"": ""88"", ""player_id"": ""8698"", ""position"": ""TE"", ""sport"": ""nfl"", ""status"": ""Active"", ""team"": ""SF"", ""team_abbr"": """", ""team_changed_at"": """", ""years_exp"": ""4""}"
2026-08-31T15:52:53+00:00,1366076769534251008,1366076770662518784,184,19,4,7,779583497248550912,8111,Cade Otton,TE,TB,"{""first_name"": ""Cade"", ""injury_status"": """", ""last_name"": ""Otton"", ""news_updated"": ""1784838014948"", ""number"": ""88"", ""player_id"": ""8111"", ""position"": ""TE"", ""sport"": ""nfl"", ""status"": ""Active"", ""team"": ""TB"", ""team_abbr"": """", ""team_changed_at"": """", ""years_exp"": ""4""}"
2026-08-31T15:52:53+00:00,1366076769534251008,1366076770662518784,185,19,5,10,854202549119594496,12469,Dylan Sampson,RB,CLE,"{""first_name"": ""Dylan"", ""injury_status"": """", ""last_name"": ""Sampson"", ""news_updated"": ""1784578833395"", ""number"": ""22"", ""player_id"": ""12469"", ""position"": ""RB"", ""sport"": ""nfl"", ""status"": ""Active"", ""team"": ""CLE"", ""team_abbr"": """", ""team_changed_at"": """", ""years_exp"": ""1""}"
2026-08-31T15:52:53+00:00,1366076769534251008,1366076770662518784,186,19,6,5,861663770647339008,11637,Keon Coleman,WR,BUF,"{""first_name"": ""Keon"", ""injury_status"": """", ""last_name"": ""Coleman"", ""news_updated"": ""1785867307201"", ""number"": ""0"", ""player_id"": ""11637"", ""position"": ""WR"", ""sport"": ""nfl"", ""status"": ""Active"", ""team"": ""BUF"", ""team_abbr"": """", ""team_changed_at"": """", ""years_exp"": ""2""}"
2026-08-31T15:52:53+00:00,1366076769534251008,1366076770662518784,187,19,7,1,779583277362245632,10219,Chris Rodriguez,RB,JAX,"{""first_name"": ""Chris"", ""injury_status"": """", ""last_name"": ""Rodriguez"", ""news_updated"": ""1785806710859"", ""number"": ""24"", ""player_id"": ""10219"", ""position"": ""RB"", ""sport"": ""nfl"", ""status"": ""Active"", ""team"": ""JAX"", ""team_abbr"": """", ""team_changed_at"": """", ""years_exp"": ""3""}"
2026-08-31T15:52:53+00:00,1366076769534251008,1366076770662518784,188,19,8,9,1128535741111402496,11559,Michael Penix,QB,ATL,"{""first_name"": ""Michael"", ""injury_status"": ""Questionable"", ""last_name"": ""Penix"", ""news_updated"": ""1785535534672"", ""number"": ""9"", ""player_id"": ""11559"", ""position"": ""QB"", ""sport"": ""nfl"", ""status"": ""Active"", ""team"": ""ATL"", ""team_abbr"": """", ""team_changed_at"": """", ""years_exp"": ""2""}"
2026-08-31T15:52:53+00:00,1366076769534251008,1366076770662518784,189,19,9,6,770802446909222912,11646,Jalen Coker,WR,CAR,"{""first_name"": ""Jalen"", ""injury_status"": """", ""last_name"": ""Coker"", ""news_updated"": ""1785548436400"", ""number"": ""18"", ""player_id"": ""11646"", ""position"": ""WR"", ""sport"": ""nfl"", ""status"": ""Active"", ""team"": ""CAR"", ""team_abbr"": """", ""team_changed_at"": """", ""years_exp"": ""2""}"
2026-08-31T15:52:53+00:00,1366076769534251008,1366076770662518784,190,19,10,2,1126612181929336832,12502,Gunnar Helm,TE,TEN,"{""first_name"": ""Gunnar"", ""injury_status"": """", ""last_name"": ""Helm"", ""news_updated"": ""1784907355232"", ""number"": ""84"", ""player_id"": ""12502"", ""position"": ""TE"", ""sport"": ""nfl"", ""status"": ""Active"", ""team"": ""TEN"", ""team_abbr"": """", ""team_changed_at"": """", ""years_exp"": ""1""}"
2026-08-31T15:52:53+00:00,1366076769534251008,1366076770662518784,191,20,10,2,1126612181929336832,11647,Kimani Vidal,RB,LAC,"{""first_name"": ""Kimani"", ""injury_status"": """", ""last_name"": ""Vidal"", ""news_updated"": ""1784818811974"", ""number"": ""28"", ""player_id"": ""11647"", ""position"": ""RB"", ""sport"": ""nfl"", ""status"": ""Active"", ""team"": ""LAC"", ""team_abbr"": """", ""team_changed_at"": """", ""years_exp"": ""2""}"
2026-08-31T15:52:53+00:00,1366076769534251008,1366076770662518784,192,20,9,6,770802446909222912,4199,Aaron Jones,RB,MIN,"{""first_name"": ""Aaron"", ""injury_status"": """", ""last_name"": ""Jones"", ""news_updated"": ""1785356711581"", ""number"": ""33"", ""player_id"": ""4199"", ""position"": ""RB"", ""sport"": ""nfl"", ""status"": ""Active"", ""team"": ""MIN"", ""team_abbr"": """", ""team_changed_at"": """", ""years_exp"": ""9""}"
2026-08-31T15:52:53+00:00,1366076769534251008,1366076770662518784,193,20,8,9,1128535741111402496,7002,Juwan Johnson,TE,NO,"{""first_name"": ""Juwan"", ""injury_status"": """", ""last_name"": ""Johnson"", ""news_updated"": ""1785596742851"", ""number"": ""83"", ""player_id"": ""7002"", ""position"": ""TE"", ""sport"": ""nfl"", ""status"": ""Active"", ""team"": ""NO"", ""team_abbr"": """", ""team_changed_at"": """", ""years_exp"": ""6""}"
2026-08-31T15:52:53+00:00,1366076769534251008,1366076770662518784,194,20,7,1,779583277362245632,13272,Carson Beck,QB,ARI,"{""first_name"": ""Carson"", ""injury_status"": """", ""last_name"": ""Beck"", ""news_updated"": ""1785879609491"", ""number"": ""19"", ""player_id"": ""13272"", ""position"": ""QB"", ""sport"": ""nfl"", ""status"": ""Active"", ""team"": ""ARI"", ""team_abbr"": """", ""team_changed_at"": """", ""years_exp"": ""0""}"
2026-08-31T15:52:53+00:00,1366076769534251008,1366076770662518784,195,20,6,5,861663770647339008,11638,Ricky Pearsall,WR,SF,"{""first_name"": ""Ricky"", ""injury_status"": ""IR"", ""last_name"": ""Pearsall"", ""news_updated"": ""1785875407724"", ""number"": ""1"", ""player_id"": ""11638"", ""position"": ""WR"", ""sport"": ""nfl"", ""status"": ""Inactive"", ""team"": ""SF"", ""team_abbr"": """", ""team_changed_at"": """", ""years_exp"": ""2""}"
2026-08-31T15:52:53+00:00,1366076769534251008,1366076770662518784,196,20,5,10,854202549119594496,11565,J.J. McCarthy,QB,MIN,"{""first_name"": ""J.J."", ""injury_status"": """", ""last_name"": ""McCarthy"", ""news_updated"": ""1785262859527"", ""number"": ""9"", ""player_id"": ""11565"", ""position"": ""QB"", ""sport"": ""nfl"", ""status"": ""Active"", ""team"": ""MIN"", ""team_abbr"": """", ""team_changed_at"": """", ""years_exp"": ""2""}"
2026-08-31T15:52:53+00:00,1366076769534251008,1366076770662518784,197,20,4,7,779583497248550912,8154,Brian Robinson,RB,ATL,"{""first_name"": ""Brian"", ""injury_status"": """", ""last_name"": ""Robinson"", ""news_updated"": ""1784817011616"", ""number"": ""15"", ""player_id"": ""8154"", ""position"": ""RB"", ""sport"": ""nfl"", ""status"": ""Active"", ""team"": ""ATL"", ""team_abbr"": """", ""team_changed_at"": """", ""years_exp"": ""4""}"
2026-08-31T15:52:53+00:00,1366076769534251008,1366076770662518784,198,20,3,8,609154836893601792,11627,Troy Franklin,WR,DEN,"{""first_name"": ""Troy"", ""injury_status"": """", ""last_name"": ""Franklin"", ""news_updated"": ""1785695755733"", ""number"": ""11"", ""player_id"": ""11627"", ""position"": ""WR"", ""sport"": ""nfl"", ""status"": ""Active"", ""team"": ""DEN"", ""team_abbr"": """", ""team_changed_at"": """", ""years_exp"": ""2""}"
2026-08-31T15:52:53+00:00,1366076769534251008,1366076770662518784,199,20,2,3,996120627872493568,11643,Jaylen Wright,RB,MIA,"{""first_name"": ""Jaylen"", ""injury_status"": """", ""last_name"": ""Wright"", ""news_updated"": ""1785957939465"", ""number"": ""5"", ""player_id"": ""11643"", ""position"": ""RB"", ""sport"": ""nfl"", ""status"": ""Active"", ""team"": ""MIA"", ""team_abbr"": """", ""team_changed_at"": """", ""years_exp"": ""2""}"
2026-08-31T15:52:53+00:00,1366076769534251008,1366076770662518784,200,20,1,4,1127380007921328128,7049,Jauan Jennings,WR,MIN,"{""first_name"": ""Jauan"", ""injury_status"": """", ""last_name"": ""Jennings"", ""news_updated"": ""1784902854795"", ""number"": ""14"", ""player_id"": ""7049"", ""position"": ""WR"", ""sport"": ""nfl"", ""status"": ""Active"", ""team"": ""MIN"", ""team_abbr"": """", ""team_changed_at"": """", ""years_exp"": ""6""}"
2026-08-31T15:52:53+00:00,1366076769534251008,1366076770662518784,201,21,1,4,1127380007921328128,4035,Alvin Kamara,RB,NO,"{""first_name"": ""Alvin"", ""injury_status"": """", ""last_name"": ""Kamara"", ""news_updated"": ""1785888009873"", ""number"": ""41"", ""player_id"": ""4035"", ""position"": ""RB"", ""sport"": ""nfl"", ""status"": ""Active"", ""team"": ""NO"", ""team_abbr"": """", ""team_changed_at"": """", ""years_exp"": ""9""}"
2026-08-31T15:52:53+00:00,1366076769534251008,1366076770662518784,202,21,2,3,996120627872493568,12510,Jalen Milroe,QB,SEA,"{""first_name"": ""Jalen"", ""injury_status"": """", ""last_name"": ""Milroe"", ""news_updated"": ""1781982943866"", ""number"": ""6"", ""player_id"": ""12510"", ""position"": ""QB"", ""sport"": ""nfl"", ""status"": ""Active"", ""team"": ""SEA"", ""team_abbr"": """", ""team_changed_at"": """", ""years_exp"": ""1""}"
2026-08-31T15:52:53+00:00,1366076769534251008,1366076770662518784,203,21,3,8,609154836893601792,12497,Tory Horton,WR,SEA,"{""first_name"": ""Tory"", ""injury_status"": """", ""last_name"": ""Horton"", ""news_updated"": ""1785593442508"", ""number"": ""15"", ""player_id"": ""12497"", ""position"": ""WR"", ""sport"": ""nfl"", ""status"": ""Active"", ""team"": ""SEA"", ""team_abbr"": """", ""team_changed_at"": """", ""years_exp"": ""1""}"
2026-08-31T15:52:53+00:00,1366076769534251008,1366076770662518784,204,21,4,7,779583497248550912,12511,Will Howard,QB,PIT,"{""first_name"": ""Will"", ""injury_status"": """", ""last_name"": ""Howard"", ""news_updated"": ""1784955059354"", ""number"": ""18"", ""player_id"": ""12511"", ""position"": ""QB"", ""sport"": ""nfl"", ""status"": ""Active"", ""team"": ""PIT"", ""team_abbr"": """", ""team_changed_at"": """", ""years_exp"": ""1""}"
2026-08-31T15:52:53+00:00,1366076769534251008,1366076770662518784,205,21,5,10,854202549119594496,6803,Brandon Aiyuk,WR,SF,"{""first_name"": ""Brandon"", ""injury_status"": ""DNR"", ""last_name"": ""Aiyuk"", ""news_updated"": ""1785970541391"", ""number"": ""11"", ""player_id"": ""6803"", ""position"": ""WR"", ""sport"": ""nfl"", ""status"": ""Active"", ""team"": ""SF"", ""team_abbr"": """", ""team_changed_at"": """", ""years_exp"": ""6""}"
2026-08-31T15:52:53+00:00,1366076769534251008,1366076770662518784,206,21,6,5,861663770647339008,4137,James Conner,RB,ARI,"{""first_name"": ""James"", ""injury_status"": ""Questionable"", ""last_name"": ""Conner"", ""news_updated"": ""1785380416587"", ""number"": ""6"", ""player_id"": ""4137"", ""position"": ""RB"", ""sport"": ""nfl"", ""status"": ""Active"", ""team"": ""ARI"", ""team_abbr"": """", ""team_changed_at"": """", ""years_exp"": ""9""}"
2026-08-31T15:52:53+00:00,1366076769534251008,1366076770662518784,207,21,7,1,779583277362245632,12492,Pat Bryant,WR,DEN,"{""first_name"": ""Pat"", ""injury_status"": """", ""last_name"": ""Bryant"", ""news_updated"": ""1785893409197"", ""number"": ""13"", ""player_id"": ""12492"", ""position"": ""WR"", ""sport"": ""nfl"", ""status"": ""Active"", ""team"": ""DEN"", ""team_abbr"": """", ""team_changed_at"": """", ""years_exp"": ""1""}"
2026-08-31T15:52:53+00:00,1366076769534251008,1366076770662518784,208,21,8,9,1128535741111402496,9229,Anthony Richardson,QB,IND,"{""first_name"": ""Anthony"", ""injury_status"": """", ""last_name"": ""Richardson"", ""news_updated"": ""1786028748685"", ""number"": ""5"", ""player_id"": ""9229"", ""position"": ""QB"", ""sport"": ""nfl"", ""status"": ""Active"", ""team"": ""IND"", ""team_abbr"": """", ""team_changed_at"": """", ""years_exp"": ""3""}"
2026-08-31T15:52:53+00:00,1366076769534251008,1366076770662518784,209,21,9,6,770802446909222912,13317,Ted Hurst,WR,TB,"{""first_name"": ""Ted"", ""injury_status"": """", ""last_name"": ""Hurst"", ""news_updated"": ""1786026948394"", ""number"": ""17"", ""player_id"": ""13317"", ""position"": ""WR"", ""sport"": ""nfl"", ""status"": ""Active"", ""team"": ""TB"", ""team_abbr"": """", ""team_changed_at"": """", ""years_exp"": ""0""}"
2026-08-31T15:52:53+00:00,1366076769534251008,1366076770662518784,210,21,10,2,1126612181929336832,13285,Malachi Fields,WR,NYG,"{""first_name"": ""Malachi"", ""injury_status"": """", ""last_name"": ""Fields"", ""news_updated"": ""1785995746191"", ""number"": ""0"", ""player_id"": ""13285"", ""position"": ""WR"", ""sport"": ""nfl"", ""status"": ""Active"", ""team"": ""NYG"", ""team_abbr"": """", ""team_changed_at"": """", ""years_exp"": ""0""}"
2026-08-31T15:52:53+00:00,1366076769534251008,1366076770662518784,211,22,10,2,1126612181929336832,11575,Ray Davis,RB,BUF,"{""first_name"": ""Ray"", ""injury_status"": """", ""last_name"": ""Davis"", ""news_updated"": ""1785851717838"", ""number"": ""7"", ""player_id"": ""11575"", ""position"": ""RB"", ""sport"": ""nfl"", ""status"": ""Active"", ""team"": ""BUF"", ""team_abbr"": """", ""team_changed_at"": """", ""years_exp"": ""2""}"
2026-08-31T15:52:53+00:00,1366076769534251008,1366076770662518784,212,22,9,6,770802446909222912,1373,Geno Smith,QB,NYJ,"{""first_name"": ""Geno"", ""injury_status"": """", ""last_name"": ""Smith"", ""news_updated"": ""1786065907796"", ""number"": ""7"", ""player_id"": ""1373"", ""position"": ""QB"", ""sport"": ""nfl"", ""status"": ""Active"", ""team"": ""NYJ"", ""team_abbr"": """", ""team_changed_at"": """", ""years_exp"": ""13""}"
2026-08-31T15:52:53+00:00,1366076769534251008,1366076770662518784,213,22,8,9,1128535741111402496,11597,Theo Johnson,TE,NYG,"{""first_name"": ""Theo"", ""injury_status"": """", ""last_name"": ""Johnson"", ""news_updated"": ""1785899725755"", ""number"": ""84"", ""player_id"": ""11597"", ""position"": ""TE"", ""sport"": ""nfl"", ""status"": ""Active"", ""team"": ""NYG"", ""team_abbr"": """", ""team_changed_at"": """", ""years_exp"": ""2""}"
2026-08-31T15:52:53+00:00,1366076769534251008,1366076770662518784,214,22,7,1,779583277362245632,11610,Malik Washington,WR,MIA,"{""first_name"": ""Malik"", ""injury_status"": """", ""last_name"": ""Washington"", ""news_updated"": ""1785874207498"", ""number"": ""6"", ""player_id"": ""11610"", ""position"": ""WR"", ""sport"": ""nfl"", ""status"": ""Active"", ""team"": ""MIA"", ""team_abbr"": """", ""team_changed_at"": """", ""years_exp"": ""2""}"
2026-08-31T15:52:53+00:00,1366076769534251008,1366076770662518784,215,22,6,5,861663770647339008,12470,Riley Leonard,QB,IND,"{""first_name"": ""Riley"", ""injury_status"": """", ""last_name"": ""Leonard"", ""news_updated"": ""1785463526979"", ""number"": ""15"", ""player_id"": ""12470"", ""position"": ""QB"", ""sport"": ""nfl"", ""status"": ""Active"", ""team"": ""IND"", ""team_abbr"": """", ""team_changed_at"": """", ""years_exp"": ""1""}"
2026-08-31T15:52:53+00:00,1366076769534251008,1366076770662518784,216,22,5,10,854202549119594496,12540,Chimere Dike,WR,TEN,"{""first_name"": ""Chimere"", ""injury_status"": """", ""last_name"": ""Dike"", ""news_updated"": ""1786067707640"", ""number"": ""17"", ""player_id"": ""12540"", ""position"": ""WR"", ""sport"": ""nfl"", ""status"": ""Active"", ""team"": ""TEN"", ""team_abbr"": """", ""team_changed_at"": """", ""years_exp"": ""1""}"
2026-08-31T15:52:53+00:00,1366076769534251008,1366076770662518784,217,22,4,7,779583497248550912,13417,De'Zhaun Stribling,WR,SF,"{""first_name"": ""De'Zhaun"", ""injury_status"": ""Questionable"", ""last_name"": ""Stribling"", ""news_updated"": ""1786042850847"", ""number"": ""15"", ""player_id"": ""13417"", ""position"": ""WR"", ""sport"": ""nfl"", ""status"": ""Active"", ""team"": ""SF"", ""team_abbr"": """", ""team_changed_at"": """", ""years_exp"": ""0""}"
2026-08-31T15:52:53+00:00,1366076769534251008,1366076770662518784,218,22,3,8,609154836893601792,4950,Christian Kirk,WR,SF,"{""first_name"": ""Christian"", ""injury_status"": ""Questionable"", ""last_name"": ""Kirk"", ""news_updated"": ""1785808511311"", ""number"": ""3"", ""player_id"": ""4950"", ""position"": ""WR"", ""sport"": ""nfl"", ""status"": ""Active"", ""team"": ""SF"", ""team_abbr"": """", ""team_changed_at"": """", ""years_exp"": ""8""}"
2026-08-31T15:52:53+00:00,1366076769534251008,1366076770662518784,219,22,2,3,996120627872493568,6783,Jerry Jeudy,WR,CLE,"{""first_name"": ""Jerry"", ""injury_status"": """", ""last_name"": ""Jeudy"", ""news_updated"": ""1785937836873"", ""number"": ""3"", ""player_id"": ""6783"", ""position"": ""WR"", ""sport"": ""nfl"", ""status"": ""Active"", ""team"": ""CLE"", ""team_abbr"": """", ""team_changed_at"": """", ""years_exp"": ""6""}"
2026-08-31T15:52:53+00:00,1366076769534251008,1366076770662518784,220,22,1,4,1127380007921328128,13413,Cyrus Allen,WR,KC,"{""first_name"": ""Cyrus"", ""injury_status"": """", ""last_name"": ""Allen"", ""news_updated"": ""1786116628667"", ""number"": ""13"", ""player_id"": ""13413"", ""position"": ""WR"", ""sport"": ""nfl"", ""status"": ""Active"", ""team"": ""KC"", ""team_abbr"": """", ""team_changed_at"": """", ""years_exp"": ""0""}"
2026-08-31T15:52:53+00:00,1366076769534251008,1366076770662518784,221,23,1,4,1127380007921328128,13293,Ja'Kobi Lane,WR,BAL,"{""first_name"": ""Ja'Kobi"", ""injury_status"": """", ""last_name"": ""Lane"", ""news_updated"": ""1785946537907"", ""number"": ""6"", ""player_id"": ""13293"", ""position"": ""WR"", ""sport"": ""nfl"", ""status"": ""Active"", ""team"": ""BAL"", ""team_abbr"": """", ""team_changed_at"": """", ""years_exp"": ""0""}"
2026-08-31T15:52:53+00:00,1366076769534251008,1366076770662518784,222,23,2,3,996120627872493568,12547,Kyle Williams,WR,NE,"{""first_name"": ""Kyle"", ""injury_status"": """", ""last_name"": ""Williams"", ""news_updated"": ""1786130414507"", ""number"": ""8"", ""player_id"": ""12547"", ""position"": ""WR"", ""sport"": ""nfl"", ""status"": ""Active"", ""team"": ""NE"", ""team_abbr"": """", ""team_changed_at"": """", ""years_exp"": ""1""}"
2026-08-31T15:52:53+00:00,1366076769534251008,1366076770662518784,223,23,3,8,609154836893601792,13405,Kaytron Allen,RB,WAS,"{""first_name"": ""Kaytron"", ""injury_status"": """", ""last_name"": ""Allen"", ""news_updated"": ""1785872407292"", ""number"": ""31"", ""player_id"": ""13405"", ""position"": ""RB"", ""sport"": ""nfl"", ""status"": ""Active"", ""team"": ""WAS"", ""team_abbr"": """", ""team_changed_at"": """", ""years_exp"": ""0""}"
2026-08-31T15:52:53+00:00,1366076769534251008,1366076770662518784,224,23,4,7,779583497248550912,7828,Noah Gray,TE,KC,"{""first_name"": ""Noah"", ""injury_status"": """", ""last_name"": ""Gray"", ""news_updated"": ""1785088811338"", ""number"": ""83"", ""player_id"": ""7828"", ""position"": ""TE"", ""sport"": ""nfl"", ""status"": ""Active"", ""team"": ""KC"", ""team_abbr"": """", ""team_changed_at"": """", ""years_exp"": ""5""}"
2026-08-31T15:52:53+00:00,1366076769534251008,1366076770662518784,225,23,5,10,854202549119594496,12499,Elic Ayomanor,WR,TEN,"{""first_name"": ""Elic"", ""injury_status"": """", ""last_name"": ""Ayomanor"", ""news_updated"": ""1786146023792"", ""number"": ""5"", ""player_id"": ""12499"", ""position"": ""WR"", ""sport"": ""nfl"", ""status"": ""Active"", ""team"": ""TEN"", ""team_abbr"": """", ""team_changed_at"": """", ""years_exp"": ""1""}"
2026-08-31T15:52:53+00:00,1366076769534251008,1366076770662518784,226,23,6,5,861663770647339008,8180,Jalen Nailor,WR,LV,"{""first_name"": ""Jalen"", ""injury_status"": """", ""last_name"": ""Nailor"", ""news_updated"": ""1785873307471"", ""number"": ""9"", ""player_id"": ""8180"", ""position"": ""WR"", ""sport"": ""nfl"", ""status"": ""Active"", ""team"": ""LV"", ""team_abbr"": """", ""team_changed_at"": """", ""years_exp"": ""4""}"
2026-08-31T15:52:53+00:00,1366076769534251008,1366076770662518784,227,23,7,1,779583277362245632,13421,Eli Raridon,TE,NE,"{""first_name"": ""Eli"", ""injury_status"": """", ""last_name"": ""Raridon"", ""news_updated"": ""1785519032521"", ""number"": ""82"", ""player_id"": ""13421"", ""position"": ""TE"", ""sport"": ""nfl"", ""status"": ""Active"", ""team"": ""NE"", ""team_abbr"": """", ""team_changed_at"": """", ""years_exp"": ""0""}"
2026-08-31T15:52:53+00:00,1366076769534251008,1366076770662518784,228,23,8,9,1128535741111402496,12504,Kaleb Johnson,RB,GB,"{""first_name"": ""Kaleb"", ""injury_status"": """", ""last_name"": ""Johnson"", ""news_updated"": ""1785511231607"", ""number"": ""20"", ""player_id"": ""12504"", ""position"": ""RB"", ""sport"": ""nfl"", ""status"": ""Active"", ""team"": ""PIT"", ""team_abbr"": """", ""team_changed_at"": """", ""years_exp"": ""1""}"
2026-08-31T15:52:53+00:00,1366076769534251008,1366076770662518784,229,23,9,6,770802446909222912,12471,DJ Giddens,RB,IND,"{""first_name"": ""DJ"", ""injury_status"": """", ""last_name"": ""Giddens"", ""news_updated"": ""1786203329313"", ""number"": ""21"", ""player_id"": ""12471"", ""position"": ""RB"", ""sport"": ""nfl"", ""status"": ""Active"", ""team"": ""IND"", ""team_abbr"": """", ""team_changed_at"": """", ""years_exp"": ""1""}"
2026-08-31T15:52:53+00:00,1366076769534251008,1366076770662518784,230,23,10,2,1126612181929336832,12483,Jack Bech,WR,LV,"{""first_name"": ""Jack"", ""injury_status"": """", ""last_name"": ""Bech"", ""news_updated"": ""1786041050079"", ""number"": ""18"", ""player_id"": ""12483"", ""position"": ""WR"", ""sport"": ""nfl"", ""status"": ""Active"", ""team"": ""LV"", ""team_abbr"": """", ""team_changed_at"": """", ""years_exp"": ""1""}"
2026-08-31T15:52:53+00:00,1366076769534251008,1366076770662518784,231,24,10,2,1126612181929336832,12457,Jaydon Blue,RB,DAL,"{""first_name"": ""Jaydon"", ""injury_status"": """", ""last_name"": ""Blue"", ""news_updated"": ""1785524433490"", ""number"": ""23"", ""player_id"": ""12457"", ""position"": ""RB"", ""sport"": ""nfl"", ""status"": ""Active"", ""team"": ""DAL"", ""team_abbr"": """", ""team_changed_at"": """", ""years_exp"": ""1""}"
2026-08-31T15:52:53+00:00,1366076769534251008,1366076770662518784,232,24,9,6,770802446909222912,11626,Xavier Legette,WR,CAR,"{""first_name"": ""Xavier"", ""injury_status"": """", ""last_name"": ""Legette"", ""news_updated"": ""1786077608835"", ""number"": ""17"", ""player_id"": ""11626"", ""position"": ""WR"", ""sport"": ""nfl"", ""status"": ""Active"", ""team"": ""CAR"", ""team_abbr"": """", ""team_changed_at"": """", ""years_exp"": ""2""}"
2026-08-31T15:52:53+00:00,1366076769534251008,1366076770662518784,233,24,8,9,1128535741111402496,11625,Adonai Mitchell,WR,NYJ,"{""first_name"": ""Adonai"", ""injury_status"": """", ""last_name"": ""Mitchell"", ""news_updated"": ""1785680453611"", ""number"": ""15"", ""player_id"": ""11625"", ""position"": ""WR"", ""sport"": ""nfl"", ""status"": ""Active"", ""team"": ""NYJ"", ""team_abbr"": """", ""team_changed_at"": """", ""years_exp"": ""2""}"
2026-08-31T15:52:53+00:00,1366076769534251008,1366076770662518784,234,24,7,1,779583277362245632,9506,Sean Tucker,RB,TB,"{""first_name"": ""Sean"", ""injury_status"": """", ""last_name"": ""Tucker"", ""news_updated"": ""1785554737137"", ""number"": ""44"", ""player_id"": ""9506"", ""position"": ""RB"", ""sport"": ""nfl"", ""status"": ""Active"", ""team"": ""TB"", ""team_abbr"": """", ""team_changed_at"": """", ""years_exp"": ""3""}"
2026-08-31T15:52:53+00:00,1366076769534251008,1366076770662518784,235,24,6,5,861663770647339008,7090,Darnell Mooney,WR,NYG,"{""first_name"": ""Darnell"", ""injury_status"": """", ""last_name"": ""Mooney"", ""news_updated"": ""1784993402679"", ""number"": ""17"", ""player_id"": ""7090"", ""position"": ""WR"", ""sport"": ""nfl"", ""status"": ""Active"", ""team"": ""NYG"", ""team_abbr"": """", ""team_changed_at"": """", ""years_exp"": ""6""}"
2026-08-31T15:52:53+00:00,1366076769534251008,1366076770662518784,236,24,5,10,854202549119594496,3321,Tyreek Hill,WR,,"{""first_name"": ""Tyreek"", ""injury_status"": ""Questionable"", ""last_name"": ""Hill"", ""news_updated"": ""1786159224198"", ""number"": ""10"", ""player_id"": ""3321"", ""position"": ""WR"", ""sport"": ""nfl"", ""status"": ""Active"", ""team"": """", ""team_abbr"": """", ""team_changed_at"": """", ""years_exp"": ""10""}"
2026-08-31T15:52:53+00:00,1366076769534251008,1366076770662518784,237,24,4,7,779583497248550912,6865,Colby Parkinson,TE,LAR,"{""first_name"": ""Colby"", ""injury_status"": """", ""last_name"": ""Parkinson"", ""news_updated"": ""1785607544236"", ""number"": ""84"", ""player_id"": ""6865"", ""position"": ""TE"", ""sport"": ""nfl"", ""status"": ""Active"", ""team"": ""LAR"", ""team_abbr"": """", ""team_changed_at"": """", ""years_exp"": ""6""}"
2026-08-31T15:52:53+00:00,1366076769534251008,1366076770662518784,238,24,3,8,609154836893601792,13289,Drew Allar,QB,PIT,"{""first_name"": ""Drew"", ""injury_status"": """", ""last_name"": ""Allar"", ""news_updated"": ""1785691555073"", ""number"": ""16"", ""player_id"": ""13289"", ""position"": ""QB"", ""sport"": ""nfl"", ""status"": ""Active"", ""team"": ""PIT"", ""team_abbr"": """", ""team_changed_at"": """", ""years_exp"": ""0""}"
2026-08-31T15:52:53+00:00,1366076769534251008,1366076770662518784,239,24,2,3,996120627872493568,13348,J'Mari Taylor,RB,JAX,"{""first_name"": ""J'Mari"", ""injury_status"": """", ""last_name"": ""Taylor"", ""news_updated"": ""1781832923278"", ""number"": ""30"", ""player_id"": ""13348"", ""position"": ""RB"", ""sport"": ""nfl"", ""status"": ""Active"", ""team"": ""JAX"", ""team_abbr"": """", ""team_changed_at"": """", ""years_exp"": ""0""}"
2026-08-31T15:52:53+00:00,1366076769534251008,1366076770662518784,240,24,1,4,1127380007921328128,12521,Elijah Arroyo,TE,SEA,"{""first_name"": ""Elijah"", ""injury_status"": """", ""last_name"": ""Arroyo"", ""news_updated"": ""1785690654989"", ""number"": ""18"", ""player_id"": ""12521"", ""position"": ""TE"", ""sport"": ""nfl"", ""status"": ""Active"", ""team"": ""SEA"", ""team_abbr"": """", ""team_changed_at"": """", ""years_exp"": ""1""}"
2026-08-31T15:52:53+00:00,1366076769534251008,1366076770662518784,241,25,1,4,1127380007921328128,8188,Tyquan Thornton,WR,KC,"{""first_name"": ""Tyquan"", ""injury_status"": """", ""last_name"": ""Thornton"", ""news_updated"": ""1786212030594"", ""number"": ""2"", ""player_id"": ""8188"", ""position"": ""WR"", ""sport"": ""nfl"", ""status"": ""Active"", ""team"": ""KC"", ""team_abbr"": """", ""team_changed_at"": """", ""years_exp"": ""4""}"
2026-08-31T15:52:53+00:00,1366076769534251008,1366076770662518784,242,25,2,3,996120627872493568,13403,Jam Miller,RB,,"{""first_name"": ""Jam"", ""injury_status"": """", ""last_name"": ""Miller"", ""news_updated"": ""1785771606268"", ""number"": ""30"", ""player_id"": ""13403"", ""position"": ""RB"", ""sport"": ""nfl"", ""status"": ""Active"", ""team"": ""NE"", ""team_abbr"": """", ""team_changed_at"": """", ""years_exp"": ""0""}"
2026-08-31T15:52:53+00:00,1366076769534251008,1366076770662518784,243,25,3,8,609154836893601792,13414,Kaelon Black,RB,SF,"{""first_name"": ""Kaelon"", ""injury_status"": ""Questionable"", ""last_name"": ""Black"", ""news_updated"": ""1785783007680"", ""number"": ""26"", ""player_id"": ""13414"", ""position"": ""RB"", ""sport"": ""nfl"", ""status"": ""Active"", ""team"": ""SF"", ""team_abbr"": """", ""team_changed_at"": """", ""years_exp"": ""0""}"
2026-08-31T15:52:53+00:00,1366076769534251008,1366076770662518784,244,25,4,7,779583497248550912,11435,Emanuel Wilson,RB,SEA,"{""first_name"": ""Emanuel"", ""injury_status"": """", ""last_name"": ""Wilson"", ""news_updated"": ""1785693055368"", ""number"": ""27"", ""player_id"": ""11435"", ""position"": ""RB"", ""sport"": ""nfl"", ""status"": ""Active"", ""team"": ""SEA"", ""team_abbr"": """", ""team_changed_at"": """", ""years_exp"": ""3""}"
2026-08-31T15:52:53+00:00,1366076769534251008,1366076770662518784,245,25,5,10,854202549119594496,7591,Justin Fields,QB,KC,"{""first_name"": ""Justin"", ""injury_status"": """", ""last_name"": ""Fields"", ""news_updated"": ""1785447923379"", ""number"": ""6"", ""player_id"": ""7591"", ""position"": ""QB"", ""sport"": ""nfl"", ""status"": ""Active"", ""team"": ""KC"", ""team_abbr"": """", ""team_changed_at"": """", ""years_exp"": ""5""}"
2026-08-31T15:52:53+00:00,1366076769534251008,1366076770662518784,246,25,6,5,861663770647339008,12536,Jaylin Noel,WR,HOU,"{""first_name"": ""Jaylin"", ""injury_status"": ""Questionable"", ""last_name"": ""Noel"", ""news_updated"": ""1786121713748"", ""number"": ""13"", ""player_id"": ""12536"", ""position"": ""WR"", ""sport"": ""nfl"", ""status"": ""Active"", ""team"": ""HOU"", ""team_abbr"": """", ""team_changed_at"": """", ""years_exp"": ""1""}"
2026-08-31T15:52:53+00:00,1366076769534251008,1366076770662518784,247,25,7,1,779583277362245632,7600,Pat Freiermuth,TE,PIT,"{""first_name"": ""Pat"", ""injury_status"": """", ""last_name"": ""Freiermuth"", ""news_updated"": ""1785696955824"", ""number"": ""88"", ""player_id"": ""7600"", ""position"": ""TE"", ""sport"": ""nfl"", ""status"": ""Active"", ""team"": ""PIT"", ""team_abbr"": """", ""team_changed_at"": """", ""years_exp"": ""5""}"
2026-08-31T15:52:53+00:00,1366076769534251008,1366076770662518784,248,25,8,9,1128535741111402496,12476,Devin Neal,RB,NO,"{""first_name"": ""Devin"", ""injury_status"": ""Questionable"", ""last_name"": ""Neal"", ""news_updated"": ""1786248022202"", ""number"": ""24"", ""player_id"": ""12476"", ""position"": ""RB"", ""sport"": ""nfl"", ""status"": ""Active"", ""team"": ""NO"", ""team_abbr"": """", ""team_changed_at"": """", ""years_exp"": ""1""}"
2026-08-31T15:52:53+00:00,1366076769534251008,1366076770662518784,249,25,9,6,770802446909222912,13311,Chris Bell,WR,MIA,"{""first_name"": ""Chris"", ""injury_status"": ""PUP"", ""last_name"": ""Bell"", ""news_updated"": ""1786123213737"", ""number"": ""18"", ""player_id"": ""13311"", ""position"": ""WR"", ""sport"": ""nfl"", ""status"": ""Active"", ""team"": ""MIA"", ""team_abbr"": """", ""team_changed_at"": """", ""years_exp"": ""0""}"
2026-08-31T15:52:53+00:00,1366076769534251008,1366076770662518784,250,25,10,2,1126612181929336832,9482,Michael Mayer,TE,LV,"{""first_name"": ""Michael"", ""injury_status"": """", ""last_name"": ""Mayer"", ""news_updated"": ""1786040750040"", ""number"": ""87"", ""player_id"": ""9482"", ""position"": ""TE"", ""sport"": ""nfl"", ""status"": ""Active"", ""team"": ""LV"", ""team_abbr"": """", ""team_changed_at"": """", ""years_exp"": ""3""}"
2026-08-31T15:52:53+00:00,1366076769534251008,1366076770662518784,251,26,10,2,1126612181929336832,13402,Skyler Bell,WR,BUF,"{""first_name"": ""Skyler"", ""injury_status"": """", ""last_name"": ""Bell"", ""news_updated"": ""1786301730223"", ""number"": ""13"", ""player_id"": ""13402"", ""position"": ""WR"", ""sport"": ""nfl"", ""status"": ""Active"", ""team"": ""BUF"", ""team_abbr"": """", ""team_changed_at"": """", ""years_exp"": ""0""}"
2026-08-31T15:52:53+00:00,1366076769534251008,1366076770662518784,252,26,9,6,770802446909222912,13278,Max Klare,TE,LAR,"{""first_name"": ""Max"", ""injury_status"": """", ""last_name"": ""Klare"", ""news_updated"": ""1782482134332"", ""number"": ""86"", ""player_id"": ""13278"", ""position"": ""TE"", ""sport"": ""nfl"", ""status"": ""Active"", ""team"": ""LAR"", ""team_abbr"": """", ""team_changed_at"": """", ""years_exp"": ""0""}"
2026-08-31T15:52:53+00:00,1366076769534251008,1366076770662518784,253,26,8,9,1128535741111402496,13404,Garrett Nussmeier,QB,KC,"{""first_name"": ""Garrett"", ""injury_status"": """", ""last_name"": ""Nussmeier"", ""news_updated"": ""1781834723577"", ""number"": ""14"", ""player_id"": ""13404"", ""position"": ""QB"", ""sport"": ""nfl"", ""status"": ""Active"", ""team"": ""KC"", ""team_abbr"": """", ""team_changed_at"": """", ""years_exp"": ""0""}"
2026-08-31T15:52:53+00:00,1366076769534251008,1366076770662518784,254,26,7,1,779583277362245632,12544,LeQuint Allen,RB,JAX,"{""first_name"": ""LeQuint"", ""injury_status"": """", ""last_name"": ""Allen"", ""news_updated"": ""1785436521962"", ""number"": ""5"", ""player_id"": ""12544"", ""position"": ""RB"", ""sport"": ""nfl"", ""status"": ""Active"", ""team"": ""JAX"", ""team_abbr"": """", ""team_changed_at"": """", ""years_exp"": ""1""}"
2026-08-31T15:52:53+00:00,1366076769534251008,1366076770662518784,255,26,6,5,861663770647339008,1166,Kirk Cousins,QB,LV,"{""first_name"": ""Kirk"", ""injury_status"": """", ""last_name"": ""Cousins"", ""news_updated"": ""1786210830334"", ""number"": ""8"", ""player_id"": ""1166"", ""position"": ""QB"", ""sport"": ""nfl"", ""status"": ""Active"", ""team"": ""LV"", ""team_abbr"": """", ""team_changed_at"": """", ""years_exp"": ""14""}"
2026-08-31T15:52:53+00:00,1366076769534251008,1366076770662518784,256,26,5,10,854202549119594496,12503,Isaiah Bond,WR,CLE,"{""first_name"": ""Isaiah"", ""injury_status"": """", ""last_name"": ""Bond"", ""news_updated"": ""1784150450768"", ""number"": ""0"", ""player_id"": ""12503"", ""position"": ""WR"", ""sport"": ""nfl"", ""status"": ""Active"", ""team"": ""CLE"", ""team_abbr"": """", ""team_changed_at"": """", ""years_exp"": ""1""}"
2026-08-31T15:52:53+00:00,1366076769534251008,1366076770662518784,257,26,4,7,779583497248550912,12467,Jordan James,RB,SF,"{""first_name"": ""Jordan"", ""injury_status"": ""Questionable"", ""last_name"": ""James"", ""news_updated"": ""1785528935726"", ""number"": ""29"", ""player_id"": ""12467"", ""position"": ""RB"", ""sport"": ""nfl"", ""status"": ""Active"", ""team"": ""SF"", ""team_abbr"": """", ""team_changed_at"": """", ""years_exp"": ""1""}"
2026-08-31T15:52:53+00:00,1366076769534251008,1366076770662518784,258,26,3,8,609154836893601792,13380,Brenen Thompson,WR,LAC,"{""first_name"": ""Brenen"", ""injury_status"": """", ""last_name"": ""Thompson"", ""news_updated"": ""1786157123934"", ""number"": ""89"", ""player_id"": ""13380"", ""position"": ""WR"", ""sport"": ""nfl"", ""status"": ""Active"", ""team"": ""LAC"", ""team_abbr"": """", ""team_changed_at"": """", ""years_exp"": ""0""}"
2026-08-31T15:52:53+00:00,1366076769534251008,1366076770662518784,259,26,2,3,996120627872493568,11600,Ja'Tavion Sanders,TE,CAR,"{""first_name"": ""Ja'Tavion"", ""injury_status"": """", ""last_name"": ""Sanders"", ""news_updated"": ""1786075210324"", ""number"": ""0"", ""player_id"": ""11600"", ""position"": ""TE"", ""sport"": ""nfl"", ""status"": ""Active"", ""team"": ""CAR"", ""team_abbr"": """", ""team_changed_at"": """", ""years_exp"": ""2""}"
2026-08-31T15:52:53+00:00,1366076769534251008,1366076770662518784,260,26,1,4,1127380007921328128,4017,Deshaun Watson,QB,CLE,"{""first_name"": ""Deshaun"", ""injury_status"": """", ""last_name"": ""Watson"", ""news_updated"": ""1786297829837"", ""number"": ""4"", ""player_id"": ""4017"", ""position"": ""QB"", ""sport"": ""nfl"", ""status"": ""Active"", ""team"": ""CLE"", ""team_abbr"": """", ""team_changed_at"": """", ""years_exp"": ""9""}"
2026-08-31T15:52:53+00:00,1366076769534251008,1366076770662518784,261,27,1,4,1127380007921328128,5848,Marquise Brown,WR,PHI,"{""first_name"": ""Marquise"", ""injury_status"": """", ""last_name"": ""Brown"", ""news_updated"": ""1785960040045"", ""number"": ""0"", ""player_id"": ""5848"", ""position"": ""WR"", ""sport"": ""nfl"", ""status"": ""Active"", ""team"": ""PHI"", ""team_abbr"": """", ""team_changed_at"": """", ""years_exp"": ""7""}"
2026-08-31T15:52:53+00:00,1366076769534251008,1366076770662518784,262,27,2,3,996120627872493568,12500,Quinn Ewers,QB,JAX,"{""first_name"": ""Quinn"", ""injury_status"": """", ""last_name"": ""Ewers"", ""news_updated"": ""1782049551628"", ""number"": ""14"", ""player_id"": ""12500"", ""position"": ""QB"", ""sport"": ""nfl"", ""status"": ""Active"", ""team"": ""MIA"", ""team_abbr"": """", ""team_changed_at"": """", ""years_exp"": ""1""}"
2026-08-31T15:52:53+00:00,1366076769534251008,1366076770662518784,263,27,3,8,609154836893601792,4066,Evan Engram,TE,DEN,"{""first_name"": ""Evan"", ""injury_status"": """", ""last_name"": ""Engram"", ""news_updated"": ""1785521132806"", ""number"": ""1"", ""player_id"": ""4066"", ""position"": ""TE"", ""sport"": ""nfl"", ""status"": ""Active"", ""team"": ""DEN"", ""team_abbr"": """", ""team_changed_at"": """", ""years_exp"": ""9""}"
2026-08-31T15:52:53+00:00,1366076769534251008,1366076770662518784,264,27,4,7,779583497248550912,13420,Bryce Lance,WR,NO,"{""first_name"": ""Bryce"", ""injury_status"": """", ""last_name"": ""Lance"", ""news_updated"": ""1784742316480"", ""number"": ""18"", ""player_id"": ""13420"", ""position"": ""WR"", ""sport"": ""nfl"", ""status"": ""Active"", ""team"": ""NO"", ""team_abbr"": """", ""team_changed_at"": """", ""years_exp"": ""0""}"
2026-08-31T15:52:53+00:00,1366076769534251008,1366076770662518784,265,27,5,10,854202549119594496,10213,Tre Tucker,WR,LV,"{""first_name"": ""Tre"", ""injury_status"": """", ""last_name"": ""Tucker"", ""news_updated"": ""1786149023074"", ""number"": ""1"", ""player_id"": ""10213"", ""position"": ""WR"", ""sport"": ""nfl"", ""status"": ""Active"", ""team"": ""LV"", ""team_abbr"": """", ""team_changed_at"": """", ""years_exp"": ""3""}"
2026-08-31T15:52:53+00:00,1366076769534251008,1366076770662518784,266,27,6,5,861663770647339008,12495,Ollie Gordon,RB,MIA,"{""first_name"": ""Ollie"", ""injury_status"": """", ""last_name"": ""Gordon"", ""news_updated"": ""1785784507878"", ""number"": ""0"", ""player_id"": ""12495"", ""position"": ""RB"", ""sport"": ""nfl"", ""status"": ""Active"", ""team"": ""MIA"", ""team_abbr"": """", ""team_changed_at"": """", ""years_exp"": ""1""}"
2026-08-31T15:52:53+00:00,1366076769534251008,1366076770662518784,267,27,7,1,779583277362245632,13353,Chris Brazzell,WR,CAR,"{""first_name"": ""Chris"", ""injury_status"": ""IR"", ""last_name"": ""Brazzell"", ""news_updated"": ""1785555638825"", ""number"": ""19"", ""player_id"": ""13353"", ""position"": ""WR"", ""sport"": ""nfl"", ""status"": ""Inactive"", ""team"": ""CAR"", ""team_abbr"": """", ""team_changed_at"": """", ""years_exp"": ""0""}"
2026-08-31T15:52:53+00:00,1366076769534251008,1366076770662518784,268,27,8,9,1128535741111402496,12485,Tez Johnson,WR,TB,"{""first_name"": ""Tez"", ""injury_status"": ""Questionable"", ""last_name"": ""Johnson"", ""news_updated"": ""1785943237686"", ""number"": ""15"", ""player_id"": ""12485"", ""position"": ""WR"", ""sport"": ""nfl"", ""status"": ""Active"", ""team"": ""TB"", ""team_abbr"": """", ""team_changed_at"": """", ""years_exp"": ""1""}"
2026-08-31T15:52:53+00:00,1366076769534251008,1366076770662518784,269,27,9,6,770802446909222912,9486,Dontayvion Wicks,WR,PHI,"{""first_name"": ""Dontayvion"", ""injury_status"": """", ""last_name"": ""Wicks"", ""news_updated"": ""1785980442829"", ""number"": ""13"", ""player_id"": ""9486"", ""position"": ""WR"", ""sport"": ""nfl"", ""status"": ""Active"", ""team"": ""PHI"", ""team_abbr"": """", ""team_changed_at"": """", ""years_exp"": ""3""}"
2026-08-31T15:52:53+00:00,1366076769534251008,1366076770662518784,270,27,10,2,1126612181929336832,12455,Brashard Smith,RB,KC,"{""first_name"": ""Brashard"", ""injury_status"": """", ""last_name"": ""Smith"", ""news_updated"": ""1785959139953"", ""number"": ""24"", ""player_id"": ""12455"", ""position"": ""RB"", ""sport"": ""nfl"", ""status"": ""Active"", ""team"": ""KC"", ""team_abbr"": """", ""team_changed_at"": """", ""years_exp"": ""1""}"
2026-08-31T15:52:53+00:00,1366076769534251008,1366076770662518784,271,28,10,2,1126612181929336832,13347,Demond Claiborne,RB,MIN,"{""first_name"": ""Demond"", ""injury_status"": """", ""last_name"": ""Claiborne"", ""news_updated"": ""1786285227475"", ""number"": ""21"", ""player_id"": ""13347"", ""position"": ""RB"", ""sport"": ""nfl"", ""status"": ""Active"", ""team"": ""MIN"", ""team_abbr"": """", ""team_changed_at"": """", ""years_exp"": ""0""}"
2026-08-31T15:52:53+00:00,1366076769534251008,1366076770662518784,272,28,9,6,770802446909222912,13302,Adam Randall,RB,BAL,"{""first_name"": ""Adam"", ""injury_status"": """", ""last_name"": ""Randall"", ""news_updated"": ""1784743816268"", ""number"": ""23"", ""player_id"": ""13302"", ""position"": ""RB"", ""sport"": ""nfl"", ""status"": ""Active"", ""team"": ""BAL"", ""team_abbr"": """", ""team_changed_at"": """", ""years_exp"": ""0""}"
2026-08-31T15:52:53+00:00,1366076769534251008,1366076770662518784,273,28,8,9,1128535741111402496,11834,Devaughn Vele,WR,NO,"{""first_name"": ""Devaughn"", ""injury_status"": """", ""last_name"": ""Vele"", ""news_updated"": ""1786158024254"", ""number"": ""14"", ""player_id"": ""11834"", ""position"": ""WR"", ""sport"": ""nfl"", ""status"": ""Active"", ""team"": ""NO"", ""team_abbr"": """", ""team_changed_at"": """", ""years_exp"": ""2""}"
2026-08-31T15:52:53+00:00,1366076769534251008,1366076770662518784,274,28,7,1,779583277362245632,4993,Mike Gesicki,TE,CIN,"{""first_name"": ""Mike"", ""injury_status"": """", ""last_name"": ""Gesicki"", ""news_updated"": ""1786155623829"", ""number"": ""88"", ""player_id"": ""4993"", ""position"": ""TE"", ""sport"": ""nfl"", ""status"": ""Active"", ""team"": ""CIN"", ""team_abbr"": """", ""team_changed_at"": """", ""years_exp"": ""8""}"
2026-08-31T15:52:53+00:00,1366076769534251008,1366076770662518784,275,28,6,5,861663770647339008,13303,Cade Klubnik,QB,NYJ,"{""first_name"": ""Cade"", ""injury_status"": """", ""last_name"": ""Klubnik"", ""news_updated"": ""1786200928849"", ""number"": ""10"", ""player_id"": ""13303"", ""position"": ""QB"", ""sport"": ""nfl"", ""status"": ""Active"", ""team"": ""NYJ"", ""team_abbr"": """", ""team_changed_at"": """", ""years_exp"": ""0""}"
2026-08-31T15:52:53+00:00,1366076769534251008,1366076770662518784,276,28,5,10,854202549119594496,13338,Kevin Coleman,WR,MIA,"{""first_name"": ""Kevin"", ""injury_status"": ""Questionable"", ""last_name"": ""Coleman"", ""news_updated"": ""1786116013867"", ""number"": ""83"", ""player_id"": ""13338"", ""position"": ""WR"", ""sport"": ""nfl"", ""status"": ""Active"", ""team"": ""MIA"", ""team_abbr"": """", ""team_changed_at"": """", ""years_exp"": ""0""}"
2026-08-31T15:52:53+00:00,1366076769534251008,1366076770662518784,277,28,4,7,779583497248550912,13423,Eli Heidenreich,RB,PIT,"{""first_name"": ""Eli"", ""injury_status"": """", ""last_name"": ""Heidenreich"", ""news_updated"": ""1785973841854"", ""number"": ""29"", ""player_id"": ""13423"", ""position"": ""RB"", ""sport"": ""nfl"", ""status"": ""Active"", ""team"": ""PIT"", ""team_abbr"": """", ""team_changed_at"": """", ""years_exp"": ""0""}"
2026-08-31T15:52:53+00:00,1366076769534251008,1366076770662518784,278,28,3,8,609154836893601792,11596,Ben Sinnott,TE,WAS,"{""first_name"": ""Ben"", ""injury_status"": """", ""last_name"": ""Sinnott"", ""news_updated"": ""1785536734807"", ""number"": ""82"", ""player_id"": ""11596"", ""position"": ""TE"", ""sport"": ""nfl"", ""status"": ""Active"", ""team"": ""WAS"", ""team_abbr"": """", ""team_changed_at"": """", ""years_exp"": ""2""}"
2026-08-31T15:52:53+00:00,1366076769534251008,1366076770662518784,279,28,2,3,996120627872493568,7528,Najee Harris,RB,NYG,"{""first_name"": ""Najee"", ""injury_status"": ""Questionable"", ""last_name"": ""Harris"", ""news_updated"": ""1785207951580"", ""number"": ""22"", ""player_id"": ""7528"", ""position"": ""RB"", ""sport"": ""nfl"", ""status"": ""Active"", ""team"": """", ""team_abbr"": """", ""team_changed_at"": """", ""years_exp"": ""5""}"
2026-08-31T15:52:53+00:00,1366076769534251008,1366076770662518784,280,28,1,4,1127380007921328128,13424,Seth McGowan,RB,IND,"{""first_name"": ""Seth"", ""injury_status"": """", ""last_name"": ""McGowan"", ""news_updated"": ""1786374041280"", ""number"": ""20"", ""player_id"": ""13424"", ""position"": ""RB"", ""sport"": ""nfl"", ""status"": ""Active"", ""team"": ""IND"", ""team_abbr"": """", ""team_changed_at"": """", ""years_exp"": ""0""}"
2026-08-31T15:52:53+00:00,1366076769534251008,1366076770662518784,281,29,1,4,1127380007921328128,4039,Cooper Kupp,WR,SEA,"{""first_name"": ""Cooper"", ""injury_status"": """", ""last_name"": ""Kupp"", ""news_updated"": ""1786388142591"", ""number"": ""10"", ""player_id"": ""4039"", ""position"": ""WR"", ""sport"": ""nfl"", ""status"": ""Active"", ""team"": ""SEA"", ""team_abbr"": """", ""team_changed_at"": """", ""years_exp"": ""9""}"
2026-08-31T15:52:53+00:00,1366076769534251008,1366076770662518784,282,29,2,3,996120627872493568,13333,Deion Burks,WR,IND,"{""first_name"": ""Deion"", ""injury_status"": """", ""last_name"": ""Burks"", ""news_updated"": ""1777584057525"", ""number"": ""80"", ""player_id"": ""13333"", ""position"": ""WR"", ""sport"": ""nfl"", ""status"": ""Active"", ""team"": ""IND"", ""team_abbr"": """", ""team_changed_at"": """", ""years_exp"": ""0""}"
2026-08-31T15:52:53+00:00,1366076769534251008,1366076770662518784,283,29,3,8,609154836893601792,13336,Dane Key,WR,DEN,"{""first_name"": ""Dane"", ""injury_status"": """", ""last_name"": ""Key"", ""news_updated"": ""1778288143268"", ""number"": ""32"", ""player_id"": ""13336"", ""position"": ""WR"", ""sport"": ""nfl"", ""status"": ""Active"", ""team"": ""DEN"", ""team_abbr"": """", ""team_changed_at"": """", ""years_exp"": ""0""}"
2026-08-31T15:52:53+00:00,1366076769534251008,1366076770662518784,284,29,4,7,779583497248550912,11783,Ryan Flournoy,WR,DAL,"{""first_name"": ""Ryan"", ""injury_status"": """", ""last_name"": ""Flournoy"", ""news_updated"": ""1785443422868"", ""number"": ""19"", ""player_id"": ""11783"", ""position"": ""WR"", ""sport"": ""nfl"", ""status"": ""Active"", ""team"": ""DAL"", ""team_abbr"": """", ""team_changed_at"": """", ""years_exp"": ""2""}"
2026-08-31T15:52:53+00:00,1366076769534251008,1366076770662518784,285,29,5,10,854202549119594496,13319,Oscar Delp,TE,NO,"{""first_name"": ""Oscar"", ""injury_status"": """", ""last_name"": ""Delp"", ""news_updated"": ""1781768715975"", ""number"": ""88"", ""player_id"": ""13319"", ""position"": ""TE"", ""sport"": ""nfl"", ""status"": ""Active"", ""team"": ""NO"", ""team_abbr"": """", ""team_changed_at"": """", ""years_exp"": ""0""}"
2026-08-31T15:52:53+00:00,1366076769534251008,1366076770662518784,286,29,6,5,861663770647339008,8119,Jahan Dotson,WR,ATL,"{""first_name"": ""Jahan"", ""injury_status"": """", ""last_name"": ""Dotson"", ""news_updated"": ""1785446423333"", ""number"": ""4"", ""player_id"": ""8119"", ""position"": ""WR"", ""sport"": ""nfl"", ""status"": ""Active"", ""team"": ""ATL"", ""team_abbr"": """", ""team_changed_at"": """", ""years_exp"": ""4""}"
2026-08-31T15:52:53+00:00,1366076769534251008,1366076770662518784,287,29,7,1,779583277362245632,7571,Rashod Bateman,WR,BAL,"{""first_name"": ""Rashod"", ""injury_status"": """", ""last_name"": ""Bateman"", ""news_updated"": ""1786139415697"", ""number"": ""7"", ""player_id"": ""7571"", ""position"": ""WR"", ""sport"": ""nfl"", ""status"": ""Active"", ""team"": ""BAL"", ""team_abbr"": """", ""team_changed_at"": """", ""years_exp"": ""5""}"
2026-08-31T15:52:53+00:00,1366076769534251008,1366076770662518784,288,29,8,9,1128535741111402496,9494,Marvin Mims,WR,DEN,"{""first_name"": ""Marvin"", ""injury_status"": ""Questionable"", ""last_name"": ""Mims"", ""news_updated"": ""1786412431902"", ""number"": ""19"", ""player_id"": ""9494"", ""position"": ""WR"", ""sport"": ""nfl"", ""status"": ""Active"", ""team"": ""DEN"", ""team_abbr"": """", ""team_changed_at"": """", ""years_exp"": ""3""}"
2026-08-31T15:52:53+00:00,1366076769534251008,1366076770662518784,289,29,9,6,770802446909222912,4981,Calvin Ridley,WR,TEN,"{""first_name"": ""Calvin"", ""injury_status"": """", ""last_name"": ""Ridley"", ""news_updated"": ""1785612344847"", ""number"": ""0"", ""player_id"": ""4981"", ""position"": ""WR"", ""sport"": ""nfl"", ""status"": ""Active"", ""team"": ""TEN"", ""team_abbr"": """", ""team_changed_at"": """", ""years_exp"": ""8""}"
2026-08-31T15:52:53+00:00,1366076769534251008,1366076770662518784,290,29,10,2,1126612181929336832,12505,Jalen Royals,WR,KC,"{""first_name"": ""Jalen"", ""injury_status"": """", ""last_name"": ""Royals"", ""news_updated"": ""1786403730597"", ""number"": ""11"", ""player_id"": ""12505"", ""position"": ""WR"", ""sport"": ""nfl"", ""status"": ""Active"", ""team"": ""KC"", ""team_abbr"": """", ""team_changed_at"": """", ""years_exp"": ""1""}"
2026-08-31T15:52:53+00:00,1366076769534251008,1366076770662518784,291,30,10,2,1126612181929336832,9501,DeMario Douglas,WR,NE,"{""first_name"": ""DeMario"", ""injury_status"": """", ""last_name"": ""Douglas"", ""news_updated"": ""1786195228378"", ""number"": ""3"", ""player_id"": ""9501"", ""position"": ""WR"", ""sport"": ""nfl"", ""status"": ""Active"", ""team"": ""NE"", ""team_abbr"": """", ""team_changed_at"": """", ""years_exp"": ""3""}"
2026-08-31T15:52:53+00:00,1366076769534251008,1366076770662518784,292,30,9,6,770802446909222912,4018,Joe Mixon,RB,,"{""first_name"": ""Joe"", ""injury_status"": ""Questionable"", ""last_name"": ""Mixon"", ""news_updated"": ""1784826620401"", ""number"": ""28"", ""player_id"": ""4018"", ""position"": ""RB"", ""sport"": ""nfl"", ""status"": ""Active"", ""team"": """", ""team_abbr"": """", ""team_changed_at"": """", ""years_exp"": ""9""}"
2026-08-31T15:52:53+00:00,1366076769534251008,1366076770662518784,293,30,8,9,1128535741111402496,12541,Dont'e Thornton,WR,LV,"{""first_name"": ""Dont'e"", ""injury_status"": ""Questionable"", ""last_name"": ""Thornton"", ""news_updated"": ""1786561820767"", ""number"": ""10"", ""player_id"": ""12541"", ""position"": ""WR"", ""sport"": ""nfl"", ""status"": ""Active"", ""team"": ""LV"", ""team_abbr"": """", ""team_changed_at"": """", ""years_exp"": ""1""}"
2026-08-31T15:52:53+00:00,1366076769534251008,1366076770662518784,294,30,7,1,779583277362245632,13282,Jack Endries,TE,CIN,"{""first_name"": ""Jack"", ""injury_status"": """", ""last_name"": ""Endries"", ""news_updated"": ""1781876112160"", ""number"": ""84"", ""player_id"": ""13282"", ""position"": ""TE"", ""sport"": ""nfl"", ""status"": ""Active"", ""team"": ""CIN"", ""team_abbr"": """", ""team_changed_at"": """", ""years_exp"": ""0""}"
2026-08-31T15:52:53+00:00,1366076769534251008,1366076770662518784,295,30,6,5,861663770647339008,11557,Joe Milton,QB,DAL,"{""first_name"": ""Joe"", ""injury_status"": """", ""last_name"": ""Milton"", ""news_updated"": ""1781102426657"", ""number"": ""10"", ""player_id"": ""11557"", ""position"": ""QB"", ""sport"": ""nfl"", ""status"": ""Active"", ""team"": ""DAL"", ""team_abbr"": """", ""team_changed_at"": """", ""years_exp"": ""2""}"
2026-08-31T15:52:53+00:00,1366076769534251008,1366076770662518784,296,30,5,10,854202549119594496,2307,Marcus Mariota,QB,WAS,"{""first_name"": ""Marcus"", ""injury_status"": """", ""last_name"": ""Mariota"", ""news_updated"": ""1779916830223"", ""number"": ""8"", ""player_id"": ""2307"", ""position"": ""QB"", ""sport"": ""nfl"", ""status"": ""Active"", ""team"": ""WAS"", ""team_abbr"": """", ""team_changed_at"": """", ""years_exp"": ""11""}"
2026-08-31T15:52:53+00:00,1366076769534251008,1366076770662518784,297,30,4,7,779583497248550912,9479,Darnell Washington,TE,PIT,"{""first_name"": ""Darnell"", ""injury_status"": """", ""last_name"": ""Washington"", ""news_updated"": ""1785897910483"", ""number"": ""80"", ""player_id"": ""9479"", ""position"": ""TE"", ""sport"": ""nfl"", ""status"": ""Active"", ""team"": ""PIT"", ""team_abbr"": """", ""team_changed_at"": """", ""years_exp"": ""3""}"
2026-08-31T15:52:53+00:00,1366076769534251008,1366076770662518784,298,30,3,8,609154836893601792,13329,Malik Benson,WR,LV,"{""first_name"": ""Malik"", ""injury_status"": """", ""last_name"": ""Benson"", ""news_updated"": ""1786482042275"", ""number"": ""19"", ""player_id"": ""13329"", ""position"": ""WR"", ""sport"": ""nfl"", ""status"": ""Active"", ""team"": ""LV"", ""team_abbr"": """", ""team_changed_at"": """", ""years_exp"": ""0""}"
2026-08-31T15:52:53+00:00,1366076769534251008,1366076770662518784,299,30,2,3,996120627872493568,8172,Greg Dulcich,TE,MIA,"{""first_name"": ""Greg"", ""injury_status"": """", ""last_name"": ""Dulcich"", ""news_updated"": ""1786419632875"", ""number"": ""85"", ""player_id"": ""8172"", ""position"": ""TE"", ""sport"": ""nfl"", ""status"": ""Active"", ""team"": ""MIA"", ""team_abbr"": """", ""team_changed_at"": """", ""years_exp"": ""4""}"
2026-08-31T15:52:53+00:00,1366076769534251008,1366076770662518784,300,30,1,4,1127380007921328128,13477,Colbie Young,WR,CIN,"{""first_name"": ""Colbie"", ""injury_status"": """", ""last_name"": ""Young"", ""news_updated"": ""1782322531629"", ""number"": ""86"", ""player_id"": ""13477"", ""position"": ""WR"", ""sport"": ""nfl"", ""status"": ""Active"", ""team"": ""CIN"", ""team_abbr"": """", ""team_changed_at"": """", ""years_exp"": ""0""}"
2026-08-31T15:52:53+00:00,1366076769534251008,1366076770662518784,301,31,1,4,1127380007921328128,13434,Will Kacmarek,TE,MIA,"{""first_name"": ""Will"", ""injury_status"": """", ""last_name"": ""Kacmarek"", ""news_updated"": ""1777335620167"", ""number"": ""82"", ""player_id"": ""13434"", ""position"": ""TE"", ""sport"": ""nfl"", ""status"": ""Active"", ""team"": ""MIA"", ""team_abbr"": """", ""team_changed_at"": """", ""years_exp"": ""0""}"
2026-08-31T15:52:53+00:00,1359546418284494848,1359546419505029120,3,1,3,3,779583497248550912,9221,Jahmyr Gibbs,RB,DET,"{""first_name"": ""Jahmyr"", ""injury_status"": """", ""last_name"": ""Gibbs"", ""news_updated"": ""1787807460056"", ""number"": ""0"", ""player_id"": ""9221"", ""position"": ""RB"", ""sport"": ""nfl"", ""status"": ""Active"", ""team"": ""DET"", ""team_abbr"": """", ""team_changed_at"": """", ""years_exp"": ""3""}"
2026-08-31T15:52:53+00:00,1359546418284494848,1359546419505029120,4,1,4,8,1262823409977393152,9509,Bijan Robinson,RB,ATL,"{""first_name"": ""Bijan"", ""injury_status"": """", ""last_name"": ""Robinson"", ""news_updated"": ""1787794258583"", ""number"": ""7"", ""player_id"": ""9509"", ""position"": ""RB"", ""sport"": ""nfl"", ""status"": ""Active"", ""team"": ""ATL"", ""team_abbr"": """", ""team_changed_at"": """", ""years_exp"": ""3""}"
2026-08-31T15:52:53+00:00,1359546418284494848,1359546419505029120,5,1,5,4,861663770647339008,9493,Puka Nacua,WR,LAR,"{""first_name"": ""Puka"", ""injury_status"": ""Questionable"", ""last_name"": ""Nacua"", ""news_updated"": ""1787686239599"", ""number"": ""12"", ""player_id"": ""9493"", ""position"": ""WR"", ""sport"": ""nfl"", ""status"": ""Active"", ""team"": ""LAR"", ""team_abbr"": """", ""team_changed_at"": """", ""years_exp"": ""3""}"
2026-08-31T15:52:53+00:00,1359546418284494848,1359546419505029120,7,1,7,10,1129803532904914944,6794,Justin Jefferson,WR,MIN,"{""first_name"": ""Justin"", ""injury_status"": """", ""last_name"": ""Jefferson"", ""news_updated"": ""1787607640888"", ""number"": ""18"", ""player_id"": ""6794"", ""position"": ""WR"", ""sport"": ""nfl"", ""status"": ""Active"", ""team"": ""MIN"", ""team_abbr"": """", ""team_changed_at"": """", ""years_exp"": ""6""}"
2026-08-31T15:52:53+00:00,1359546418284494848,1359546419505029120,10,1,10,12,860386640982589440,7547,Amon-Ra St. Brown,WR,DET,"{""first_name"": ""Amon-Ra"", ""injury_status"": """", ""last_name"": ""St. Brown"", ""news_updated"": ""1787841350262"", ""number"": ""14"", ""player_id"": ""7547"", ""position"": ""WR"", ""sport"": ""nfl"", ""status"": ""Active"", ""team"": ""DET"", ""team_abbr"": """", ""team_changed_at"": """", ""years_exp"": ""5""}"
2026-08-31T15:52:53+00:00,1359546418284494848,1359546419505029120,11,1,11,9,872239354578415616,4034,Christian McCaffrey,RB,SF,"{""first_name"": ""Christian"", ""injury_status"": ""Questionable"", ""last_name"": ""McCaffrey"", ""news_updated"": ""1787534734440"", ""number"": ""23"", ""player_id"": ""4034"", ""position"": ""RB"", ""sport"": ""nfl"", ""status"": ""Active"", ""team"": ""SF"", ""team_abbr"": """", ""team_changed_at"": """", ""years_exp"": ""9""}"
2026-08-31T15:52:53+00:00,1359546418284494848,1359546419505029120,17,2,8,11,1128436496693874688,6813,Jonathan Taylor,RB,IND,"{""first_name"": ""Jonathan"", ""injury_status"": """", ""last_name"": ""Taylor"", ""news_updated"": ""1787803859616"", ""number"": ""28"", ""player_id"": ""6813"", ""position"": ""RB"", ""sport"": ""nfl"", ""status"": ""Active"", ""team"": ""IND"", ""team_abbr"": """", ""team_changed_at"": """", ""years_exp"": ""6""}"
2026-08-31T15:52:53+00:00,1359546418284494848,1359546419505029120,22,2,3,3,779583497248550912,9488,Jaxon Smith-Njigba,WR,SEA,"{""first_name"": ""Jaxon"", ""injury_status"": """", ""last_name"": ""Smith-Njigba"", ""news_updated"": ""1787512532590"", ""number"": ""11"", ""player_id"": ""9488"", ""position"": ""WR"", ""sport"": ""nfl"", ""status"": ""Active"", ""team"": ""SEA"", ""team_abbr"": """", ""team_changed_at"": """", ""years_exp"": ""3""}"
2026-08-31T15:52:53+00:00,1359546418284494848,1359546419505029120,28,3,4,8,1262823409977393152,8130,Trey McBride,TE,ARI,"{""first_name"": ""Trey"", ""injury_status"": """", ""last_name"": ""McBride"", ""news_updated"": ""1787773548642"", ""number"": ""85"", ""player_id"": ""8130"", ""position"": ""TE"", ""sport"": ""nfl"", ""status"": ""Active"", ""team"": ""ARI"", ""team_abbr"": """", ""team_changed_at"": """", ""years_exp"": ""4""}"
2026-08-31T15:52:53+00:00,1359546418284494848,1359546419505029120,29,3,5,4,861663770647339008,4984,Josh Allen,QB,BUF,"{""first_name"": ""Josh"", ""injury_status"": """", ""last_name"": ""Allen"", ""news_updated"": ""1787676047663"", ""number"": ""17"", ""player_id"": ""4984"", ""position"": ""QB"", ""sport"": ""nfl"", ""status"": ""Active"", ""team"": ""BUF"", ""team_abbr"": """", ""team_changed_at"": """", ""years_exp"": ""8""}"
2026-08-31T15:52:53+00:00,1359546418284494848,1359546419505029120,30,3,6,7,854202549119594496,8155,Breece Hall,RB,NYJ,"{""first_name"": ""Breece"", ""injury_status"": ""Questionable"", ""last_name"": ""Hall"", ""news_updated"": ""1788064251431"", ""number"": ""20"", ""player_id"": ""8155"", ""position"": ""RB"", ""sport"": ""nfl"", ""status"": ""Active"", ""team"": ""NYJ"", ""team_abbr"": """", ""team_changed_at"": """", ""years_exp"": ""4""}"
2026-08-31T15:52:53+00:00,1359546418284494848,1359546419505029120,33,3,9,6,1266474061580480512,8138,James Cook,RB,BUF,"{""first_name"": ""James"", ""injury_status"": """", ""last_name"": ""Cook"", ""news_updated"": ""1787428825186"", ""number"": ""4"", ""player_id"": ""8138"", ""position"": ""RB"", ""sport"": ""nfl"", ""status"": ""Active"", ""team"": ""BUF"", ""team_abbr"": """", ""team_changed_at"": """", ""years_exp"": ""4""}"
2026-08-31T15:52:53+00:00,1359546418284494848,1359546419505029120,36,3,12,5,770802446909222912,12507,Omarion Hampton,RB,LAC,"{""first_name"": ""Omarion"", ""injury_status"": """", ""last_name"": ""Hampton"", ""news_updated"": ""1787418023945"", ""number"": ""8"", ""player_id"": ""12507"", ""position"": ""RB"", ""sport"": ""nfl"", ""status"": ""Active"", ""team"": ""LAC"", ""team_abbr"": """", ""team_changed_at"": """", ""years_exp"": ""1""}"
2026-08-31T15:52:53+00:00,1359546418284494848,1359546419505029120,39,4,10,12,860386640982589440,9226,De'Von Achane,RB,MIA,"{""first_name"": ""De'Von"", ""injury_status"": """", ""last_name"": ""Achane"", ""news_updated"": ""1787751946293"", ""number"": ""28"", ""player_id"": ""9226"", ""position"": ""RB"", ""sport"": ""nfl"", ""status"": ""Active"", ""team"": ""MIA"", ""team_abbr"": """", ""team_changed_at"": """", ""years_exp"": ""3""}"
2026-08-31T15:52:53+00:00,1359546418284494848,1359546419505029120,50,5,2,2,609154836893601792,8137,George Pickens,WR,DAL,"{""first_name"": ""George"", ""injury_status"": """", ""last_name"": ""Pickens"", ""news_updated"": ""1787752546416"", ""number"": ""3"", ""player_id"": ""8137"", ""position"": ""WR"", ""sport"": ""nfl"", ""status"": ""Active"", ""team"": ""DAL"", ""team_abbr"": """", ""team_changed_at"": """", ""years_exp"": ""4""}"
2026-08-31T15:52:53+00:00,1359546418284494848,1359546419505029120,61,6,12,5,770802446909222912,12514,Emeka Egbuka,WR,TB,"{""first_name"": ""Emeka"", ""injury_status"": ""Questionable"", ""last_name"": ""Egbuka"", ""news_updated"": ""1787682939322"", ""number"": ""2"", ""player_id"": ""12514"", ""position"": ""WR"", ""sport"": ""nfl"", ""status"": ""Active"", ""team"": ""TB"", ""team_abbr"": """", ""team_changed_at"": """", ""years_exp"": ""1""}"
2026-08-31T15:52:53+00:00,1359546418284494848,1359546419505029120,67,6,6,7,854202549119594496,4046,Patrick Mahomes,QB,KC,"{""first_name"": ""Patrick"", ""injury_status"": ""Questionable"", ""last_name"": ""Mahomes"", ""news_updated"": ""1788027047609"", ""number"": ""15"", ""player_id"": ""4046"", ""position"": ""QB"", ""sport"": ""nfl"", ""status"": ""Active"", ""team"": ""KC"", ""team_abbr"": """", ""team_changed_at"": """", ""years_exp"": ""9""}"
2026-08-31T15:52:53+00:00,1359546418284494848,1359546419505029120,74,7,2,2,609154836893601792,12506,Harold Fannin,TE,CLE,"{""first_name"": ""Harold"", ""injury_status"": """", ""last_name"": ""Fannin"", ""news_updated"": ""1788063951416"", ""number"": ""44"", ""player_id"": ""12506"", ""position"": ""TE"", ""sport"": ""nfl"", ""status"": ""Active"", ""team"": ""CLE"", ""team_abbr"": """", ""team_changed_at"": """", ""years_exp"": ""1""}"
2026-08-31T15:52:53+00:00,1359546418284494848,1359546419505029120,79,7,7,10,1129803532904914944,12526,Tetairoa McMillan,WR,CAR,"{""first_name"": ""Tetairoa"", ""injury_status"": """", ""last_name"": ""McMillan"", ""news_updated"": ""1787367930425"", ""number"": ""4"", ""player_id"": ""12526"", ""position"": ""WR"", ""sport"": ""nfl"", ""status"": ""Active"", ""team"": ""CAR"", ""team_abbr"": """", ""team_changed_at"": """", ""years_exp"": ""1""}"
2026-08-31T15:52:53+00:00,1359546418284494848,1359546419505029120,104,9,8,11,1128436496693874688,12518,Tyler Warren,TE,IND,"{""first_name"": ""Tyler"", ""injury_status"": ""Questionable"", ""last_name"": ""Warren"", ""news_updated"": ""1787767250313"", ""number"": ""84"", ""player_id"": ""12518"", ""position"": ""TE"", ""sport"": ""nfl"", ""status"": ""Active"", ""team"": ""IND"", ""team_abbr"": """", ""team_changed_at"": """", ""years_exp"": ""1""}"
2026-08-31T15:52:53+00:00,1359546418284494848,1359546419505029120,121,11,1,1,779583277362245632,8228,Jaylen Warren,RB,PIT,"{""first_name"": ""Jaylen"", ""injury_status"": """", ""last_name"": ""Warren"", ""news_updated"": ""1787378130940"", ""number"": ""30"", ""player_id"": ""8228"", ""position"": ""RB"", ""sport"": ""nfl"", ""status"": ""Active"", ""team"": ""PIT"", ""team_abbr"": """", ""team_changed_at"": """", ""years_exp"": ""4""}"
2026-08-31T15:52:53+00:00,1359546418284494848,1359546419505029120,168,14,1,1,779583277362245632,11564,Drake Maye,QB,NE,"{""first_name"": ""Drake"", ""injury_status"": """", ""last_name"": ""Maye"", ""news_updated"": ""1787836849745"", ""number"": ""10"", ""player_id"": ""11564"", ""position"": ""QB"", ""sport"": ""nfl"", ""status"": ""Active"", ""team"": ""NE"", ""team_abbr"": """", ""team_changed_at"": """", ""years_exp"": ""2""}"
2026-08-31T15:52:53+00:00,1359546418284494848,1359546419505029120,203,17,11,9,872239354578415616,8142,Alec Pierce,WR,IND,"{""first_name"": ""Alec"", ""injury_status"": ""Questionable"", ""last_name"": ""Pierce"", ""news_updated"": ""1787842250256"", ""number"": ""14"", ""player_id"": ""8142"", ""position"": ""WR"", ""sport"": ""nfl"", ""status"": ""Active"", ""team"": ""IND"", ""team_abbr"": """", ""team_changed_at"": """", ""years_exp"": ""4""}"
