snapshot_utc,league_id,week,matchup_id,roster_id,points,players,starters,players_points,starters_points
2026-10-10T13:26:55+00:00,1389740418316374016,1,5,1,151.36,"[""11628"", ""12015"", ""12507"", ""13286"", ""4881"", ""5892"", ""6804"", ""7525"", ""7567"", ""8130"", ""8131"", ""8148"", ""9488"", ""9754"", ""LAC""]","[""4881"", ""12507"", ""5892"", ""9488"", ""7525"", ""8130"", ""8148"", ""9754"", ""12015"", ""LAC""]","{""11628"": 4.3, ""12015"": 1.0, ""12507"": 8.3, ""13286"": 7.8, ""4881"": 36.96, ""5892"": 28.9, ""6804"": 34.48, ""7525"": 8.3, ""7567"": 2.8, ""8130"": 24.5, ""8131"": 27.8, ""8148"": 8.5, ""9488"": 30.2, ""9754"": 3.7, ""LAC"": 1.0}","[36.96, 8.3, 28.9, 30.2, 8.3, 24.5, 8.5, 3.7, 1.0, 1.0]"
2026-10-10T13:26:55+00:00,1389740418316374016,1,2,2,130.8,"[""10222"", ""11581"", ""11583"", ""11631"", ""11792"", ""12517"", ""12519"", ""5927"", ""6806"", ""7547"", ""7588"", ""8138"", ""8183"", ""8408"", ""JAX""]","[""8183"", ""8138"", ""7588"", ""7547"", ""5927"", ""12517"", ""12519"", ""10222"", ""11792"", ""JAX""]","{""10222"": 5.0, ""11581"": 3.7, ""11583"": 9.2, ""11631"": 7.0, ""11792"": 7.0, ""12517"": 0.0, ""12519"": 9.5, ""5927"": 3.4, ""6806"": 3.6, ""7547"": 28.7, ""7588"": 24.2, ""8138"": 9.9, ""8183"": 28.1, ""8408"": 11.9, ""JAX"": 15.0}","[28.1, 9.9, 24.2, 28.7, 3.4, 0.0, 9.5, 5.0, 7.0, 15.0]"
2026-10-10T13:26:55+00:00,1389740418316374016,1,2,3,164.94,"[""10232"", ""11584"", ""11632"", ""12529"", ""12713"", ""13279"", ""13281"", ""2216"", ""3163"", ""3198"", ""4892"", ""5012"", ""6819"", ""8146"", ""9509"", ""HOU""]","[""3163"", ""9509"", ""3198"", ""11632"", ""2216"", ""5012"", ""8146"", ""11584"", ""12713"", ""HOU""]","{""10232"": 10.6, ""11584"": 20.3, ""11632"": 12.9, ""12529"": 0.0, ""12713"": 6.0, ""13279"": 7.8, ""13281"": 0.0, ""2216"": 16.9, ""3163"": 20.44, ""3198"": 35.3, ""4892"": 11.64, ""5012"": 8.9, ""6819"": 8.8, ""8146"": 13.9, ""9509"": 31.3, ""HOU"": -1.0}","[20.44, 31.3, 35.3, 12.9, 16.9, 8.9, 13.9, 20.3, 6.0, -1.0]"
2026-10-10T13:26:55+00:00,1389740418316374016,1,1,4,133.16,"[""11533"", ""11566"", ""12512"", ""12526"", ""12527"", ""12533"", ""13298"", ""5872"", ""6797"", ""7543"", ""7564"", ""8110"", ""8142"", ""8151"", ""PHI""]","[""6797"", ""12527"", ""12512"", ""7564"", ""12526"", ""8110"", ""7543"", ""8151"", ""11533"", ""PHI""]","{""11533"": 1.0, ""11566"": 21.66, ""12512"": 7.0, ""12526"": 10.5, ""12527"": 32.7, ""12533"": 12.6, ""13298"": 7.8, ""5872"": 18.0, ""6797"": 16.26, ""7543"": 14.8, ""7564"": 3.2, ""8110"": 2.6, ""8142"": 10.1, ""8151"": 41.1, ""PHI"": 4.0}","[16.26, 32.7, 7.0, 3.2, 10.5, 2.6, 14.8, 41.1, 1.0, 4.0]"
2026-10-10T13:26:55+00:00,1389740418316374016,1,1,5,160.42,"[""10213"", ""10229"", ""11786"", ""12481"", ""12508"", ""2449"", ""5022"", ""6904"", ""7021"", ""7526"", ""7553"", ""8112"", ""8167"", ""9226"", ""DEN""]","[""6904"", ""9226"", ""12481"", ""8112"", ""10229"", ""5022"", ""7526"", ""8167"", ""11786"", ""DEN""]","{""10213"": 4.7, ""10229"": 9.9, ""11786"": 12.0, ""12481"": 14.1, ""12508"": 32.6, ""2449"": 15.5, ""5022"": 27.7, ""6904"": 36.72, ""7021"": 4.1, ""7526"": 1.2, ""7553"": 0.0, ""8112"": 5.5, ""8167"": 39.7, ""9226"": 10.6, ""DEN"": 3.0}","[36.72, 10.6, 14.1, 5.5, 9.9, 27.7, 1.2, 39.7, 12.0, 3.0]"
2026-10-10T13:26:55+00:00,1389740418316374016,1,3,6,152.4,"[""11564"", ""11646"", ""12506"", ""13294"", ""1945"", ""3214"", ""4034"", ""5859"", ""6790"", ""7523"", ""7569"", ""7611"", ""9487"", ""9500"", ""SEA""]","[""7523"", ""4034"", ""6790"", ""5859"", ""7569"", ""12506"", ""7611"", ""9500"", ""1945"", ""SEA""]","{""11564"": 14.82, ""11646"": 40.8, ""12506"": 4.1, ""13294"": 2.5, ""1945"": 8.0, ""3214"": 5.6, ""4034"": 13.8, ""5859"": 5.6, ""6790"": 32.4, ""7523"": 34.1, ""7569"": 21.2, ""7611"": 14.5, ""9487"": 19.3, ""9500"": 5.7, ""SEA"": 13.0}","[34.1, 13.8, 32.4, 5.6, 21.2, 4.1, 14.5, 5.7, 8.0, 13.0]"
2026-10-10T13:26:55+00:00,1389740418316374016,1,3,7,118.2,"[""11604"", ""2133"", ""2747"", ""3294"", ""4046"", ""4866"", ""5850"", ""5967"", ""7002"", ""7594"", ""8126"", ""8136"", ""9493"", ""9756"", ""9997"", ""BAL""]","[""3294"", ""4866"", ""5967"", ""9493"", ""9997"", ""7002"", ""2133"", ""9756"", ""2747"", ""BAL""]","{""11604"": 0.0, ""2133"": 5.6, ""2747"": 7.0, ""3294"": 19.4, ""4046"": 28.66, ""4866"": 11.0, ""5850"": 0.0, ""5967"": 4.4, ""7002"": 14.4, ""7594"": 23.7, ""8126"": 8.8, ""8136"": 4.7, ""9493"": 14.4, ""9756"": 0.0, ""9997"": 35.0, ""BAL"": 7.0}","[19.4, 11.0, 4.4, 14.4, 35.0, 14.4, 5.6, 0.0, 7.0, 7.0]"
2026-10-10T13:26:55+00:00,1389740418316374016,1,5,8,158.46,"[""11539"", ""11560"", ""11563"", ""12501"", ""12514"", ""12518"", ""12534"", ""13287"", ""5045"", ""5947"", ""6786"", ""6794"", ""8150"", ""9484"", ""LAR""]","[""11560"", ""8150"", ""13287"", ""6786"", ""6794"", ""12518"", ""12514"", ""9484"", ""11539"", ""LAR""]","{""11539"": 7.0, ""11560"": 43.26, ""11563"": 8.44, ""12501"": 17.5, ""12514"": 11.3, ""12518"": 10.3, ""12534"": 27.4, ""13287"": 13.0, ""5045"": 3.1, ""5947"": 12.2, ""6786"": 15.4, ""6794"": 31.2, ""8150"": 15.5, ""9484"": 9.5, ""LAR"": 2.0}","[43.26, 15.5, 13.0, 15.4, 31.2, 10.3, 11.3, 9.5, 7.0, 2.0]"
2026-10-10T13:26:55+00:00,1389740418316374016,1,4,9,188.56,"[""10236"", ""10859"", ""11635"", ""12489"", ""12490"", ""3451"", ""4037"", ""4199"", ""4984"", ""5846"", ""6813"", ""8121"", ""8144"", ""8155"", ""MIN""]","[""4984"", ""6813"", ""8155"", ""8144"", ""11635"", ""10859"", ""12490"", ""5846"", ""3451"", ""MIN""]","{""10236"": 20.0, ""10859"": 9.8, ""11635"": 19.2, ""12489"": 8.1, ""12490"": 9.8, ""3451"": 9.0, ""4037"": 8.3, ""4199"": 10.0, ""4984"": 45.66, ""5846"": 8.0, ""6813"": 25.1, ""8121"": 0.0, ""8144"": 32.2, ""8155"": 19.8, ""MIN"": 10.0}","[45.66, 25.1, 19.8, 32.2, 19.2, 9.8, 9.8, 8.0, 9.0, 10.0]"
2026-10-10T13:26:55+00:00,1389740418316374016,1,4,10,130.76,"[""11586"", ""11620"", ""1466"", ""421"", ""4217"", ""4983"", ""6770"", ""6801"", ""8134"", ""8137"", ""8228"", ""8259"", ""9221"", ""9224"", ""NE""]","[""6770"", ""9221"", ""9224"", ""8137"", ""6801"", ""4217"", ""8228"", ""4983"", ""8259"", ""NE""]","{""11586"": 5.4, ""11620"": 9.2, ""1466"": 12.1, ""421"": 7.1, ""4217"": 3.2, ""4983"": 25.0, ""6770"": 17.16, ""6801"": 8.9, ""8134"": 9.0, ""8137"": 5.8, ""8228"": 10.3, ""8259"": 2.0, ""9221"": 33.6, ""9224"": 18.8, ""NE"": 6.0}","[17.16, 33.6, 18.8, 5.8, 8.9, 3.2, 10.3, 25.0, 2.0, 6.0]"
2026-10-10T13:26:55+00:00,1389740418316374016,2,4,1,152.7,"[""11628"", ""12015"", ""12507"", ""13286"", ""4881"", ""5892"", ""6804"", ""7525"", ""7567"", ""8130"", ""8131"", ""8148"", ""9488"", ""9754"", ""LAC""]","[""4881"", ""12507"", ""5892"", ""9488"", ""7525"", ""8130"", ""8148"", ""9754"", ""12015"", ""LAC""]","{""11628"": 0.0, ""12015"": 3.0, ""12507"": 17.5, ""13286"": 5.0, ""4881"": 19.8, ""5892"": 4.4, ""6804"": 17.8, ""7525"": 27.7, ""7567"": 4.5, ""8130"": 18.1, ""8131"": 8.3, ""8148"": 5.3, ""9488"": 49.5, ""9754"": 2.4, ""LAC"": 5.0}","[19.8, 17.5, 4.4, 49.5, 27.7, 18.1, 5.3, 2.4, 3.0, 5.0]"
2026-10-10T13:26:55+00:00,1389740418316374016,2,3,2,139.88,"[""10222"", ""11583"", ""11631"", ""12517"", ""12519"", ""13296"", ""4037"", ""4227"", ""5927"", ""6806"", ""7547"", ""7588"", ""8138"", ""8183"", ""8408"", ""TB""]","[""8183"", ""8138"", ""7588"", ""7547"", ""5927"", ""12517"", ""12519"", ""4037"", ""4227"", ""TB""]","{""10222"": 1.4, ""11583"": 2.1, ""11631"": 7.0, ""12517"": 1.3, ""12519"": 6.2, ""13296"": 3.9, ""4037"": 8.8, ""4227"": 16.0, ""5927"": 7.0, ""6806"": 3.6, ""7547"": 35.2, ""7588"": 8.0, ""8138"": 20.9, ""8183"": 34.48, ""8408"": 0.0, ""TB"": 2.0}","[34.48, 20.9, 8.0, 35.2, 7.0, 1.3, 6.2, 8.8, 16.0, 2.0]"
2026-10-10T13:26:55+00:00,1389740418316374016,2,1,3,130.68,"[""10232"", ""11584"", ""11632"", ""12529"", ""12713"", ""13279"", ""13281"", ""2216"", ""3163"", ""3198"", ""4892"", ""5012"", ""6819"", ""8146"", ""9509"", ""HOU""]","[""3163"", ""9509"", ""3198"", ""11632"", ""2216"", ""5012"", ""8146"", ""11584"", ""12713"", ""HOU""]","{""10232"": 3.8, ""11584"": 13.0, ""11632"": 1.1, ""12529"": 13.6, ""12713"": 8.0, ""13279"": 5.7, ""13281"": 0.0, ""2216"": 8.4, ""3163"": 37.78, ""3198"": 17.7, ""4892"": 17.18, ""5012"": 10.9, ""6819"": 0.0, ""8146"": 16.7, ""9509"": 11.1, ""HOU"": 6.0}","[37.78, 11.1, 17.7, 1.1, 8.4, 10.9, 16.7, 13.0, 8.0, 6.0]"
2026-10-10T13:26:55+00:00,1389740418316374016,2,2,4,149.04,"[""11533"", ""11566"", ""12512"", ""12526"", ""12527"", ""12533"", ""13298"", ""5872"", ""6797"", ""7543"", ""7564"", ""8110"", ""8142"", ""8151"", ""PHI""]","[""11566"", ""12527"", ""12512"", ""7564"", ""12526"", ""8110"", ""5872"", ""8151"", ""11533"", ""PHI""]","{""11533"": 16.0, ""11566"": 16.74, ""12512"": 9.8, ""12526"": 15.1, ""12527"": 10.3, ""12533"": 5.8, ""13298"": 8.2, ""5872"": 6.5, ""6797"": 13.88, ""7543"": 7.1, ""7564"": 26.5, ""8110"": 20.3, ""8142"": 2.1, ""8151"": 23.8, ""PHI"": 4.0}","[16.74, 10.3, 9.8, 26.5, 15.1, 20.3, 6.5, 23.8, 16.0, 4.0]"
2026-10-10T13:26:55+00:00,1389740418316374016,2,1,5,119.46,"[""10213"", ""10229"", ""11786"", ""12481"", ""12508"", ""2449"", ""4993"", ""5022"", ""6904"", ""7021"", ""7526"", ""8112"", ""8167"", ""9226"", ""DEN""]","[""6904"", ""9226"", ""12481"", ""8112"", ""10229"", ""5022"", ""7526"", ""8167"", ""11786"", ""DEN""]","{""10213"": 28.9, ""10229"": 12.3, ""11786"": 7.0, ""12481"": 9.5, ""12508"": 0.8, ""2449"": 21.7, ""4993"": 0.0, ""5022"": 1.4, ""6904"": 22.16, ""7021"": 6.4, ""7526"": 23.8, ""8112"": 8.9, ""8167"": 14.1, ""9226"": 12.3, ""DEN"": 8.0}","[22.16, 12.3, 9.5, 8.9, 12.3, 1.4, 23.8, 14.1, 7.0, 8.0]"
2026-10-10T13:26:55+00:00,1389740418316374016,2,2,6,96.66,"[""11564"", ""11646"", ""12506"", ""13294"", ""1945"", ""3214"", ""4034"", ""5859"", ""6790"", ""7523"", ""7569"", ""7611"", ""9487"", ""9500"", ""SEA""]","[""7523"", ""4034"", ""6790"", ""11646"", ""7569"", ""3214"", ""7611"", ""9487"", ""1945"", ""SEA""]","{""11564"": 11.02, ""11646"": 14.6, ""12506"": 10.4, ""13294"": 1.9, ""1945"": 4.0, ""3214"": 7.0, ""4034"": 22.6, ""5859"": 0.0, ""6790"": 12.9, ""7523"": 7.16, ""7569"": 0.0, ""7611"": 3.6, ""9487"": 16.8, ""9500"": 14.2, ""SEA"": 8.0}","[7.16, 22.6, 12.9, 14.6, 0.0, 7.0, 3.6, 16.8, 4.0, 8.0]"
2026-10-10T13:26:55+00:00,1389740418316374016,2,4,7,135.66,"[""11604"", ""2133"", ""2747"", ""3294"", ""4046"", ""4866"", ""5850"", ""5967"", ""7002"", ""7594"", ""8126"", ""8136"", ""9493"", ""9756"", ""9997"", ""BAL""]","[""3294"", ""4866"", ""7594"", ""2133"", ""9756"", ""7002"", ""9493"", ""8136"", ""2747"", ""BAL""]","{""11604"": 0.0, ""2133"": 41.5, ""2747"": 7.0, ""3294"": 37.76, ""4046"": 36.98, ""4866"": 3.0, ""5850"": 0.0, ""5967"": 7.5, ""7002"": 10.6, ""7594"": 14.4, ""8126"": 1.9, ""8136"": 14.3, ""9493"": 0.0, ""9756"": 4.1, ""9997"": 0.0, ""BAL"": 3.0}","[37.76, 3.0, 14.4, 41.5, 4.1, 10.6, 0.0, 14.3, 7.0, 3.0]"
2026-10-10T13:26:55+00:00,1389740418316374016,2,5,8,122.92,"[""11539"", ""11560"", ""11563"", ""12501"", ""12514"", ""12518"", ""12534"", ""13287"", ""5045"", ""5947"", ""6786"", ""6794"", ""8150"", ""9484"", ""LAR""]","[""11560"", ""8150"", ""13287"", ""6786"", ""6794"", ""12518"", ""12514"", ""9484"", ""11539"", ""LAR""]","{""11539"": 7.0, ""11560"": 8.72, ""11563"": 19.12, ""12501"": 9.8, ""12514"": 10.3, ""12518"": 14.4, ""12534"": 7.8, ""13287"": 7.5, ""5045"": 5.5, ""5947"": 3.8, ""6786"": 35.3, ""6794"": 8.5, ""8150"": 15.7, ""9484"": 3.5, ""LAR"": 12.0}","[8.72, 15.7, 7.5, 35.3, 8.5, 14.4, 10.3, 3.5, 7.0, 12.0]"
2026-10-10T13:26:55+00:00,1389740418316374016,2,3,9,189.02,"[""10236"", ""10859"", ""11635"", ""11834"", ""12489"", ""12490"", ""3451"", ""4199"", ""4984"", ""5846"", ""6813"", ""8121"", ""8144"", ""8155"", ""MIN""]","[""4984"", ""6813"", ""8155"", ""8144"", ""11635"", ""10236"", ""4199"", ""5846"", ""3451"", ""MIN""]","{""10236"": 22.5, ""10859"": 17.2, ""11635"": 6.5, ""11834"": 11.4, ""12489"": 0.0, ""12490"": 14.2, ""3451"": 6.0, ""4199"": 10.5, ""4984"": 50.82, ""5846"": 6.7, ""6813"": 29.2, ""8121"": 14.6, ""8144"": 22.6, ""8155"": 16.2, ""MIN"": 18.0}","[50.82, 29.2, 16.2, 22.6, 6.5, 22.5, 10.5, 6.7, 6.0, 18.0]"
2026-10-10T13:26:55+00:00,1389740418316374016,2,5,10,137.88,"[""11586"", ""11620"", ""1466"", ""421"", ""4217"", ""4983"", ""6770"", ""6801"", ""8134"", ""8137"", ""8228"", ""8259"", ""9221"", ""9224"", ""NE""]","[""6770"", ""9221"", ""9224"", ""8137"", ""6801"", ""1466"", ""8228"", ""4983"", ""8259"", ""NE""]","{""11586"": 10.2, ""11620"": 7.3, ""1466"": 25.1, ""421"": 37.98, ""4217"": 20.0, ""4983"": -0.1, ""6770"": 20.18, ""6801"": 14.5, ""8134"": 6.8, ""8137"": 10.0, ""8228"": 9.7, ""8259"": 1.0, ""9221"": 23.3, ""9224"": 11.2, ""NE"": 23.0}","[20.18, 23.3, 11.2, 10.0, 14.5, 25.1, 9.7, -0.1, 1.0, 23.0]"
2026-10-10T13:26:55+00:00,1389740418316374016,3,3,1,150.1,"[""11628"", ""12015"", ""12507"", ""13286"", ""4881"", ""5892"", ""6804"", ""7525"", ""7567"", ""8130"", ""8131"", ""8148"", ""9488"", ""9754"", ""LAC""]","[""4881"", ""12507"", ""5892"", ""9488"", ""7525"", ""8130"", ""8148"", ""9754"", ""12015"", ""LAC""]","{""11628"": 7.0, ""12015"": 16.0, ""12507"": 5.6, ""13286"": 1.2, ""4881"": 24.44, ""5892"": 6.8, ""6804"": 25.48, ""7525"": 12.5, ""7567"": 3.0, ""8130"": 16.5, ""8131"": 3.3, ""8148"": 8.9, ""9488"": 35.36, ""9754"": 7.0, ""LAC"": 17.0}","[24.44, 5.6, 6.8, 35.36, 12.5, 16.5, 8.9, 7.0, 16.0, 17.0]"
2026-10-10T13:26:55+00:00,1389740418316374016,3,4,2,134.98,"[""11631"", ""12493"", ""12517"", ""12519"", ""12527"", ""4037"", ""5189"", ""5872"", ""5927"", ""6806"", ""7547"", ""8138"", ""8183"", ""8408"", ""9486"", ""KC""]","[""8183"", ""8138"", ""12527"", ""7547"", ""5872"", ""12493"", ""9486"", ""4037"", ""5189"", ""KC""]","{""11631"": 1.8, ""12493"": 0.0, ""12517"": 7.1, ""12519"": 19.8, ""12527"": 12.3, ""4037"": 5.5, ""5189"": 6.0, ""5872"": 20.4, ""5927"": 19.7, ""6806"": 6.3, ""7547"": 11.9, ""8138"": 19.4, ""8183"": 45.28, ""8408"": 0.0, ""9486"": 5.2, ""KC"": 9.0}","[45.28, 19.4, 12.3, 11.9, 20.4, 0.0, 5.2, 5.5, 6.0, 9.0]"
2026-10-10T13:26:55+00:00,1389740418316374016,3,2,3,163.46,"[""10232"", ""11584"", ""11632"", ""12529"", ""12713"", ""13279"", ""13281"", ""2216"", ""3163"", ""3198"", ""4892"", ""5012"", ""6819"", ""8146"", ""9509"", ""HOU""]","[""3163"", ""9509"", ""3198"", ""11632"", ""2216"", ""5012"", ""8146"", ""11584"", ""12713"", ""HOU""]","{""10232"": 25.9, ""11584"": 7.8, ""11632"": 7.6, ""12529"": 3.9, ""12713"": 6.0, ""13279"": 11.8, ""13281"": 0.0, ""2216"": 12.4, ""3163"": 25.36, ""3198"": 21.9, ""4892"": 18.28, ""5012"": 5.4, ""6819"": 3.6, ""8146"": 26.7, ""9509"": 37.3, ""HOU"": 13.0}","[25.36, 37.3, 21.9, 7.6, 12.4, 5.4, 26.7, 7.8, 6.0, 13.0]"
2026-10-10T13:26:55+00:00,1389740418316374016,3,3,4,119.74,"[""11533"", ""11625"", ""12512"", ""12526"", ""12533"", ""13346"", ""5001"", ""6797"", ""7543"", ""7564"", ""7588"", ""8142"", ""8151"", ""9225"", ""9228"", ""PHI""]","[""9228"", ""7588"", ""8151"", ""7564"", ""12526"", ""5001"", ""13346"", ""12512"", ""11533"", ""PHI""]","{""11533"": 10.0, ""11625"": 0.0, ""12512"": 9.9, ""12526"": 3.7, ""12533"": 5.3, ""13346"": 8.1, ""5001"": 6.0, ""6797"": 15.74, ""7543"": 9.0, ""7564"": 24.8, ""7588"": 18.3, ""8142"": 0.0, ""8151"": 21.3, ""9225"": -0.5, ""9228"": 16.64, ""PHI"": 1.0}","[16.64, 18.3, 21.3, 24.8, 3.7, 6.0, 8.1, 9.9, 10.0, 1.0]"
2026-10-10T13:26:55+00:00,1389740418316374016,3,1,5,108.52,"[""10213"", ""10229"", ""11786"", ""12481"", ""12508"", ""12545"", ""2449"", ""2505"", ""5022"", ""6904"", ""7021"", ""7526"", ""8112"", ""8167"", ""9226"", ""DEN""]","[""6904"", ""9226"", ""12481"", ""2449"", ""10229"", ""2505"", ""7526"", ""8167"", ""11786"", ""DEN""]","{""10213"": 8.3, ""10229"": 15.8, ""11786"": 4.0, ""12481"": 13.0, ""12508"": 0.0, ""12545"": 32.8, ""2449"": 7.3, ""2505"": 10.1, ""5022"": 0.0, ""6904"": 13.62, ""7021"": 0.0, ""7526"": 6.4, ""8112"": 32.4, ""8167"": 22.6, ""9226"": 1.7, ""DEN"": 14.0}","[13.62, 1.7, 13.0, 7.3, 15.8, 10.1, 6.4, 22.6, 4.0, 14.0]"
2026-10-10T13:26:55+00:00,1389740418316374016,3,1,6,105.18,"[""11564"", ""11646"", ""12506"", ""13294"", ""1945"", ""3214"", ""4034"", ""5859"", ""6790"", ""7523"", ""7569"", ""7611"", ""9487"", ""9500"", ""SEA""]","[""7523"", ""4034"", ""6790"", ""11646"", ""7569"", ""3214"", ""9500"", ""9487"", ""1945"", ""SEA""]","{""11564"": 5.76, ""11646"": 3.8, ""12506"": 24.1, ""13294"": 5.9, ""1945"": 13.0, ""3214"": 1.5, ""4034"": 21.6, ""5859"": 0.0, ""6790"": 10.8, ""7523"": 26.78, ""7569"": 0.0, ""7611"": 6.8, ""9487"": 13.0, ""9500"": 12.7, ""SEA"": 2.0}","[26.78, 21.6, 10.8, 3.8, 0.0, 1.5, 12.7, 13.0, 13.0, 2.0]"
2026-10-10T13:26:55+00:00,1389740418316374016,3,5,7,138.74,"[""11604"", ""11624"", ""2133"", ""2747"", ""3294"", ""4046"", ""4866"", ""5850"", ""5967"", ""7002"", ""7594"", ""8136"", ""9493"", ""9756"", ""9997"", ""BAL""]","[""4046"", ""4866"", ""7594"", ""2133"", ""9997"", ""11604"", ""9493"", ""8136"", ""2747"", ""BAL""]","{""11604"": 27.6, ""11624"": 4.0, ""2133"": 22.7, ""2747"": 9.0, ""3294"": 22.94, ""4046"": 22.94, ""4866"": 9.0, ""5850"": 0.0, ""5967"": 13.6, ""7002"": 23.3, ""7594"": 15.0, ""8136"": 11.1, ""9493"": 0.0, ""9756"": 24.0, ""9997"": 15.4, ""BAL"": 6.0}","[22.94, 9.0, 15.0, 22.7, 15.4, 27.6, 0.0, 11.1, 9.0, 6.0]"
2026-10-10T13:26:55+00:00,1389740418316374016,3,4,8,144.74,"[""11539"", ""11560"", ""11563"", ""12501"", ""12514"", ""12518"", ""12534"", ""13287"", ""13345"", ""5045"", ""6786"", ""6794"", ""8150"", ""9484"", ""LAR""]","[""11563"", ""8150"", ""13287"", ""6786"", ""6794"", ""12518"", ""12514"", ""5045"", ""11539"", ""LAR""]","{""11539"": 7.0, ""11560"": 0.0, ""11563"": 29.14, ""12501"": 23.0, ""12514"": 11.2, ""12518"": 14.7, ""12534"": 3.1, ""13287"": 21.9, ""13345"": 0.0, ""5045"": 7.6, ""6786"": 22.2, ""6794"": 5.2, ""8150"": 21.8, ""9484"": 6.6, ""LAR"": 4.0}","[29.14, 21.8, 21.9, 22.2, 5.2, 14.7, 11.2, 7.6, 7.0, 4.0]"
2026-10-10T13:26:55+00:00,1389740418316374016,3,2,9,117.66,"[""10236"", ""10859"", ""11435"", ""11635"", ""11834"", ""12490"", ""3451"", ""4199"", ""4984"", ""5846"", ""6813"", ""8121"", ""8144"", ""8155"", ""MIN""]","[""4984"", ""6813"", ""8155"", ""8144"", ""11635"", ""10236"", ""12490"", ""10859"", ""3451"", ""MIN""]","{""10236"": 3.8, ""10859"": 7.4, ""11435"": 1.4, ""11635"": 10.6, ""11834"": 6.9, ""12490"": 17.0, ""3451"": 5.0, ""4199"": 14.2, ""4984"": 19.46, ""5846"": 12.1, ""6813"": 9.2, ""8121"": 7.9, ""8144"": 19.7, ""8155"": 8.5, ""MIN"": 17.0}","[19.46, 9.2, 8.5, 19.7, 10.6, 3.8, 17.0, 7.4, 5.0, 17.0]"
2026-10-10T13:26:55+00:00,1389740418316374016,3,5,10,172.28,"[""11586"", ""11620"", ""1466"", ""421"", ""4217"", ""4983"", ""6770"", ""6801"", ""8134"", ""8137"", ""8228"", ""8259"", ""9221"", ""9224"", ""NE""]","[""6770"", ""9221"", ""9224"", ""8137"", ""6801"", ""1466"", ""8228"", ""4983"", ""8259"", ""NE""]","{""11586"": 3.5, ""11620"": 7.4, ""1466"": 15.9, ""421"": 32.9, ""4217"": 26.2, ""4983"": 12.7, ""6770"": 28.58, ""6801"": 21.0, ""8134"": 1.6, ""8137"": 15.2, ""8228"": 20.6, ""8259"": 9.0, ""9221"": 41.4, ""9224"": 8.9, ""NE"": -1.0}","[28.58, 41.4, 8.9, 15.2, 21.0, 15.9, 20.6, 12.7, 9.0, -1.0]"
2026-10-10T13:26:55+00:00,1389740418316374016,4,2,1,115.98,"[""11628"", ""12015"", ""12507"", ""13286"", ""4881"", ""5892"", ""6804"", ""7525"", ""7567"", ""8130"", ""8131"", ""8148"", ""9488"", ""9754"", ""LAC""]","[""4881"", ""12507"", ""5892"", ""9488"", ""8148"", ""8130"", ""9754"", ""8131"", ""12015"", ""LAC""]","{""11628"": 8.2, ""12015"": 6.0, ""12507"": 13.3, ""13286"": 0.0, ""4881"": 24.88, ""5892"": 4.3, ""6804"": 18.08, ""7525"": 0.0, ""7567"": 10.7, ""8130"": 10.1, ""8131"": 13.6, ""8148"": 18.2, ""9488"": 12.6, ""9754"": 7.0, ""LAC"": 6.0}","[24.88, 13.3, 4.3, 12.6, 18.2, 10.1, 7.0, 13.6, 6.0, 6.0]"
2026-10-10T13:26:55+00:00,1389740418316374016,4,5,2,134.42,"[""10213"", ""12517"", ""12519"", ""12527"", ""12711"", ""1479"", ""3321"", ""4037"", ""5872"", ""7526"", ""7547"", ""8138"", ""8183"", ""8408"", ""9486"", ""BUF""]","[""8183"", ""8138"", ""12527"", ""7547"", ""12519"", ""12517"", ""9486"", ""7526"", ""12711"", ""BUF""]","{""10213"": 8.4, ""12517"": 11.7, ""12519"": 11.4, ""12527"": 18.6, ""12711"": 7.0, ""1479"": 0.0, ""3321"": 0.0, ""4037"": 9.1, ""5872"": 18.0, ""7526"": 14.5, ""7547"": 15.5, ""8138"": 16.3, ""8183"": 29.62, ""8408"": 0.0, ""9486"": 4.8, ""BUF"": 5.0}","[29.62, 16.3, 18.6, 15.5, 11.4, 11.7, 4.8, 14.5, 7.0, 5.0]"
2026-10-10T13:26:55+00:00,1389740418316374016,4,3,3,149.28,"[""10232"", ""11584"", ""11632"", ""12529"", ""12713"", ""13279"", ""13281"", ""2216"", ""3163"", ""3198"", ""4892"", ""5012"", ""6819"", ""8146"", ""9509"", ""HOU""]","[""3163"", ""9509"", ""3198"", ""11632"", ""10232"", ""5012"", ""8146"", ""11584"", ""12713"", ""HOU""]","{""10232"": 16.5, ""11584"": 6.1, ""11632"": 23.2, ""12529"": 4.2, ""12713"": 3.0, ""13279"": 21.5, ""13281"": 0.0, ""2216"": 12.6, ""3163"": 26.48, ""3198"": 15.9, ""4892"": 0.0, ""5012"": 13.7, ""6819"": 3.5, ""8146"": 5.7, ""9509"": 34.7, ""HOU"": 4.0}","[26.48, 34.7, 15.9, 23.2, 16.5, 13.7, 5.7, 6.1, 3.0, 4.0]"
2026-10-10T13:26:55+00:00,1389740418316374016,4,4,4,172.76,"[""11533"", ""11576"", ""12512"", ""12526"", ""12533"", ""13346"", ""3634"", ""5001"", ""6797"", ""7564"", ""7588"", ""8142"", ""8151"", ""9228"", ""9753"", ""PIT""]","[""9228"", ""7588"", ""8151"", ""7564"", ""12526"", ""5001"", ""3634"", ""11576"", ""11533"", ""PIT""]","{""11533"": 10.0, ""11576"": 8.7, ""12512"": 21.6, ""12526"": 45.2, ""12533"": 7.0, ""13346"": 14.9, ""3634"": 2.6, ""5001"": 2.9, ""6797"": 15.56, ""7564"": 5.7, ""7588"": 31.3, ""8142"": 0.0, ""8151"": 32.9, ""9228"": 25.46, ""9753"": 0.0, ""PIT"": 8.0}","[25.46, 31.3, 32.9, 5.7, 45.2, 2.9, 2.6, 8.7, 10.0, 8.0]"
2026-10-10T13:26:55+00:00,1389740418316374016,4,1,5,113.12,"[""10229"", ""11786"", ""12481"", ""12489"", ""12495"", ""12545"", ""2449"", ""2505"", ""4035"", ""5927"", ""6806"", ""6904"", ""8112"", ""8167"", ""9226"", ""DEN""]","[""6904"", ""4035"", ""12481"", ""8112"", ""10229"", ""2505"", ""12489"", ""8167"", ""11786"", ""DEN""]","{""10229"": 0.0, ""11786"": 14.0, ""12481"": 7.6, ""12489"": 19.3, ""12495"": 20.0, ""12545"": 19.94, ""2449"": 8.5, ""2505"": 6.6, ""4035"": 22.8, ""5927"": 0.0, ""6806"": 7.2, ""6904"": 17.52, ""8112"": 14.6, ""8167"": 7.7, ""9226"": 0.0, ""DEN"": 3.0}","[17.52, 22.8, 7.6, 14.6, 0.0, 6.6, 19.3, 7.7, 14.0, 3.0]"
2026-10-10T13:26:55+00:00,1389740418316374016,4,2,6,104.58,"[""11564"", ""11646"", ""12506"", ""13294"", ""1945"", ""3214"", ""4034"", ""5859"", ""6790"", ""7523"", ""7569"", ""7611"", ""9487"", ""9500"", ""SEA""]","[""7523"", ""4034"", ""6790"", ""11646"", ""7569"", ""12506"", ""9500"", ""9487"", ""1945"", ""SEA""]","{""11564"": 33.16, ""11646"": 0.0, ""12506"": 11.7, ""13294"": 5.7, ""1945"": 3.0, ""3214"": 11.2, ""4034"": 16.0, ""5859"": 0.0, ""6790"": 7.4, ""7523"": 15.08, ""7569"": 32.8, ""7611"": 18.4, ""9487"": 2.0, ""9500"": 4.6, ""SEA"": 12.0}","[15.08, 16.0, 7.4, 0.0, 32.8, 11.7, 4.6, 2.0, 3.0, 12.0]"
2026-10-10T13:26:55+00:00,1389740418316374016,4,5,7,159.3,"[""11604"", ""11624"", ""2133"", ""2747"", ""3294"", ""4046"", ""4866"", ""5850"", ""5967"", ""7002"", ""7594"", ""8136"", ""9493"", ""9756"", ""9997"", ""BAL""]","[""4046"", ""4866"", ""7594"", ""2133"", ""9997"", ""11604"", ""9493"", ""9756"", ""2747"", ""BAL""]","{""11604"": 20.6, ""11624"": 13.0, ""2133"": 7.2, ""2747"": 5.0, ""3294"": 22.1, ""4046"": 27.0, ""4866"": 2.0, ""5850"": 0.0, ""5967"": 13.0, ""7002"": 11.9, ""7594"": 25.9, ""8136"": 0.0, ""9493"": 27.7, ""9756"": 9.1, ""9997"": 27.8, ""BAL"": 7.0}","[27.0, 2.0, 25.9, 7.2, 27.8, 20.6, 27.7, 9.1, 5.0, 7.0]"
2026-10-10T13:26:55+00:00,1389740418316374016,4,3,8,176.16,"[""11539"", ""11560"", ""11563"", ""12501"", ""12514"", ""12518"", ""12534"", ""13287"", ""13345"", ""5045"", ""6786"", ""6794"", ""8150"", ""9484"", ""LAR""]","[""11563"", ""8150"", ""13287"", ""6786"", ""12501"", ""12518"", ""12514"", ""12534"", ""11539"", ""LAR""]","{""11539"": 18.0, ""11560"": 0.0, ""11563"": 15.56, ""12501"": 11.7, ""12514"": 3.3, ""12518"": 9.1, ""12534"": 28.0, ""13287"": 6.5, ""13345"": 0.0, ""5045"": 1.4, ""6786"": 41.3, ""6794"": 0.0, ""8150"": 36.7, ""9484"": 16.5, ""LAR"": 6.0}","[15.56, 36.7, 6.5, 41.3, 11.7, 9.1, 3.3, 28.0, 18.0, 6.0]"
2026-10-10T13:26:55+00:00,1389740418316374016,4,1,9,133.82,"[""10236"", ""10859"", ""11435"", ""11635"", ""11834"", ""12490"", ""4199"", ""4984"", ""5846"", ""6813"", ""7839"", ""8121"", ""8126"", ""8144"", ""8155"", ""MIN""]","[""4984"", ""6813"", ""4199"", ""8144"", ""11635"", ""10236"", ""12490"", ""10859"", ""7839"", ""MIN""]","{""10236"": 1.7, ""10859"": 22.4, ""11435"": 27.0, ""11635"": 0.0, ""11834"": 17.4, ""12490"": 11.1, ""4199"": 16.8, ""4984"": 23.52, ""5846"": 18.5, ""6813"": 22.7, ""7839"": 5.0, ""8121"": 23.8, ""8126"": 11.0, ""8144"": 21.6, ""8155"": 0.0, ""MIN"": 9.0}","[23.52, 22.7, 16.8, 21.6, 0.0, 1.7, 11.1, 22.4, 5.0, 9.0]"
2026-10-10T13:26:55+00:00,1389740418316374016,4,4,10,146.52,"[""11586"", ""11620"", ""12185"", ""13330"", ""1466"", ""421"", ""4217"", ""4983"", ""6770"", ""6801"", ""8137"", ""8228"", ""9221"", ""9224"", ""NE""]","[""6770"", ""9221"", ""8228"", ""6801"", ""8137"", ""1466"", ""9224"", ""4983"", ""12185"", ""NE""]","{""11586"": 3.1, ""11620"": 15.4, ""12185"": 16.0, ""13330"": 0.0, ""1466"": 3.5, ""421"": 11.68, ""4217"": 24.0, ""4983"": 2.7, ""6770"": 27.72, ""6801"": 26.7, ""8137"": 11.5, ""8228"": 15.6, ""9221"": 17.7, ""9224"": 19.1, ""NE"": 6.0}","[27.72, 17.7, 15.6, 26.7, 11.5, 3.5, 19.1, 2.7, 16.0, 6.0]"
2026-10-10T13:26:55+00:00,1389740418316374016,5,1,1,5.8,"[""11628"", ""11637"", ""12015"", ""12507"", ""13264"", ""13286"", ""4881"", ""5892"", ""6804"", ""7525"", ""7567"", ""8130"", ""8131"", ""8148"", ""9488"", ""LAC""]","[""6804"", ""7567"", ""5892"", ""9488"", ""8148"", ""8130"", ""11637"", ""8131"", ""12015"", ""LAC""]","{""11628"": 0.0, ""11637"": 0.0, ""12015"": 0.0, ""12507"": 0.0, ""13264"": 0.0, ""13286"": 0.0, ""4881"": 0.0, ""5892"": 0.0, ""6804"": 0.0, ""7525"": 0.0, ""7567"": 5.8, ""8130"": 0.0, ""8131"": 0.0, ""8148"": 0.0, ""9488"": 0.0, ""LAC"": 0.0}","[0.0, 5.8, 0.0, 0.0, 0.0, 0.0, 0.0, 0.0, 0.0, 0.0]"
2026-10-10T13:26:55+00:00,1389740418316374016,5,5,2,1.0,"[""12517"", ""12519"", ""12527"", ""12711"", ""1479"", ""3321"", ""4037"", ""5872"", ""5927"", ""7021"", ""7526"", ""7547"", ""8138"", ""8183"", ""8408"", ""DAL""]","[""8183"", ""8138"", ""12527"", ""7547"", ""12519"", ""12517"", ""5872"", ""7526"", ""12711"", ""DAL""]","{""12517"": 0.0, ""12519"": 0.0, ""12527"": 0.0, ""12711"": 0.0, ""1479"": 0.0, ""3321"": 0.0, ""4037"": 7.0, ""5872"": 0.0, ""5927"": 0.0, ""7021"": 0.0, ""7526"": 0.0, ""7547"": 0.0, ""8138"": 0.0, ""8183"": 0.0, ""8408"": 0.0, ""DAL"": 1.0}","[0.0, 0.0, 0.0, 0.0, 0.0, 0.0, 0.0, 0.0, 0.0, 1.0]"
2026-10-10T13:26:55+00:00,1389740418316374016,5,4,3,33.5,"[""10232"", ""11584"", ""11632"", ""12529"", ""12713"", ""13279"", ""13281"", ""2216"", ""3163"", ""3198"", ""4892"", ""5012"", ""6819"", ""8146"", ""9509"", ""HOU""]","[""3163"", ""9509"", ""3198"", ""11632"", ""10232"", ""5012"", ""8146"", ""11584"", ""12713"", ""HOU""]","{""10232"": 0.0, ""11584"": 33.5, ""11632"": 0.0, ""12529"": 0.0, ""12713"": 0.0, ""13279"": 0.0, ""13281"": 0.0, ""2216"": 0.0, ""3163"": 0.0, ""3198"": 0.0, ""4892"": 0.0, ""5012"": 0.0, ""6819"": 0.0, ""8146"": 0.0, ""9509"": 0.0, ""HOU"": 0.0}","[0.0, 0.0, 0.0, 0.0, 0.0, 0.0, 0.0, 33.5, 0.0, 0.0]"
2026-10-10T13:26:55+00:00,1389740418316374016,5,5,4,19.2,"[""11533"", ""11576"", ""11577"", ""1166"", ""12512"", ""12526"", ""13346"", ""3634"", ""5001"", ""7564"", ""7588"", ""8142"", ""8151"", ""9228"", ""9753"", ""CIN""]","[""1166"", ""7588"", ""12512"", ""7564"", ""13346"", ""5001"", ""11577"", ""11576"", ""11533"", ""CIN""]","{""11533"": 5.0, ""11576"": 0.0, ""11577"": 0.0, ""1166"": 0.0, ""12512"": 0.0, ""12526"": 0.0, ""13346"": 0.0, ""3634"": 0.0, ""5001"": 0.0, ""7564"": 0.0, ""7588"": 14.2, ""8142"": 0.0, ""8151"": 0.0, ""9228"": 0.0, ""9753"": 0.0, ""CIN"": 0.0}","[0.0, 14.2, 0.0, 0.0, 0.0, 0.0, 0.0, 0.0, 5.0, 0.0]"
2026-10-10T13:26:55+00:00,1389740418316374016,5,1,5,0.0,"[""10229"", ""11610"", ""11786"", ""12481"", ""12489"", ""12495"", ""12545"", ""2449"", ""2505"", ""4035"", ""5844"", ""6904"", ""8112"", ""8167"", ""9226"", ""DEN""]","[""6904"", ""12495"", ""12481"", ""8112"", ""8167"", ""5844"", ""12489"", ""11610"", ""11786"", ""DEN""]","{""10229"": 0.0, ""11610"": 0.0, ""11786"": 0.0, ""12481"": 0.0, ""12489"": 0.0, ""12495"": 0.0, ""12545"": 0.0, ""2449"": 0.0, ""2505"": 0.0, ""4035"": 0.0, ""5844"": 0.0, ""6904"": 0.0, ""8112"": 0.0, ""8167"": 0.0, ""9226"": 0.0, ""DEN"": 0.0}","[0.0, 0.0, 0.0, 0.0, 0.0, 0.0, 0.0, 0.0, 0.0, 0.0]"
2026-10-10T13:26:55+00:00,1389740418316374016,5,3,6,0.0,"[""11564"", ""11646"", ""12506"", ""13294"", ""1945"", ""3214"", ""4034"", ""5859"", ""6790"", ""7523"", ""7569"", ""7611"", ""9487"", ""9500"", ""SEA""]","[""11564"", ""4034"", ""6790"", ""9500"", ""7569"", ""12506"", ""7611"", ""9487"", ""1945"", ""SEA""]","{""11564"": 0.0, ""11646"": 0.0, ""12506"": 0.0, ""13294"": 0.0, ""1945"": 0.0, ""3214"": 0.0, ""4034"": 0.0, ""5859"": 0.0, ""6790"": 0.0, ""7523"": 0.0, ""7569"": 0.0, ""7611"": 0.0, ""9487"": 0.0, ""9500"": 0.0, ""SEA"": 0.0}","[0.0, 0.0, 0.0, 0.0, 0.0, 0.0, 0.0, 0.0, 0.0, 0.0]"
2026-10-10T13:26:55+00:00,1389740418316374016,5,4,7,0.0,"[""11604"", ""11624"", ""2133"", ""2747"", ""3294"", ""4046"", ""4866"", ""4943"", ""5850"", ""5967"", ""7002"", ""7594"", ""9493"", ""9756"", ""9997"", ""BAL""]","[""4943"", ""4866"", ""5967"", ""2133"", ""9997"", ""11604"", ""9493"", ""7002"", ""2747"", ""BAL""]","{""11604"": 0.0, ""11624"": 0.0, ""2133"": 0.0, ""2747"": 0.0, ""3294"": 18.64, ""4046"": 0.0, ""4866"": 0.0, ""4943"": 0.0, ""5850"": 0.0, ""5967"": 0.0, ""7002"": 0.0, ""7594"": 0.0, ""9493"": 0.0, ""9756"": 0.0, ""9997"": 0.0, ""BAL"": 0.0}","[0.0, 0.0, 0.0, 0.0, 0.0, 0.0, 0.0, 0.0, 0.0, 0.0]"
2026-10-10T13:26:55+00:00,1389740418316374016,5,2,8,20.1,"[""11539"", ""11560"", ""11563"", ""11630"", ""12501"", ""12514"", ""12518"", ""12534"", ""13287"", ""13345"", ""5045"", ""6786"", ""6794"", ""8150"", ""9484"", ""LAR""]","[""11563"", ""8150"", ""13287"", ""6786"", ""6794"", ""12518"", ""12514"", ""12501"", ""11539"", ""LAR""]","{""11539"": 0.0, ""11560"": 0.0, ""11563"": 0.0, ""11630"": 0.0, ""12501"": 0.0, ""12514"": 17.2, ""12518"": 0.0, ""12534"": 0.0, ""13287"": 0.0, ""13345"": 0.0, ""5045"": 0.0, ""6786"": 2.9, ""6794"": 0.0, ""8150"": 0.0, ""9484"": 0.0, ""LAR"": 0.0}","[0.0, 0.0, 0.0, 2.9, 0.0, 0.0, 17.2, 0.0, 0.0, 0.0]"
2026-10-10T13:26:55+00:00,1389740418316374016,5,2,9,0.0,"[""10236"", ""10859"", ""11435"", ""11635"", ""11834"", ""12490"", ""4199"", ""4984"", ""5846"", ""6813"", ""7839"", ""8121"", ""8126"", ""8144"", ""8155"", ""MIN""]","[""4984"", ""6813"", ""4199"", ""8144"", ""5846"", ""10859"", ""8121"", ""11435"", ""7839"", ""MIN""]","{""10236"": 0.0, ""10859"": 0.0, ""11435"": 0.0, ""11635"": 0.0, ""11834"": 0.0, ""12490"": 0.0, ""4199"": 0.0, ""4984"": 0.0, ""5846"": 0.0, ""6813"": 0.0, ""7839"": 0.0, ""8121"": 0.0, ""8126"": 0.0, ""8144"": 0.0, ""8155"": 0.0, ""MIN"": 0.0}","[0.0, 0.0, 0.0, 0.0, 0.0, 0.0, 0.0, 0.0, 0.0, 0.0]"
2026-10-10T13:26:55+00:00,1389740418316374016,5,3,10,28.0,"[""11586"", ""11620"", ""12185"", ""13298"", ""1466"", ""421"", ""4217"", ""4983"", ""6770"", ""6801"", ""8137"", ""8228"", ""9221"", ""9224"", ""NE""]","[""6770"", ""9221"", ""8228"", ""6801"", ""8137"", ""4217"", ""9224"", ""4983"", ""12185"", ""NE""]","{""11586"": 0.0, ""11620"": 0.0, ""12185"": 0.0, ""13298"": 0.0, ""1466"": 0.0, ""421"": 0.0, ""4217"": 0.0, ""4983"": 0.0, ""6770"": 0.0, ""6801"": 0.0, ""8137"": 28.0, ""8228"": 0.0, ""9221"": 0.0, ""9224"": 0.0, ""NE"": 0.0}","[0.0, 0.0, 0.0, 0.0, 28.0, 0.0, 0.0, 0.0, 0.0, 0.0]"
2026-10-10T13:26:55+00:00,1389740418316374016,6,2,1,0.0,"[""11628"", ""11637"", ""12015"", ""12507"", ""13264"", ""13286"", ""4881"", ""5892"", ""6804"", ""7525"", ""7567"", ""8130"", ""8131"", ""8148"", ""9488"", ""LAC""]","[""6804"", ""7567"", ""5892"", ""9488"", ""8148"", ""8130"", ""11637"", ""8131"", ""12015"", ""LAC""]","{""11628"": 0.0, ""11637"": 0.0, ""12015"": 0.0, ""12507"": 0.0, ""13264"": 0.0, ""13286"": 0.0, ""4881"": 0.0, ""5892"": 0.0, ""6804"": 0.0, ""7525"": 0.0, ""7567"": 0.0, ""8130"": 0.0, ""8131"": 0.0, ""8148"": 0.0, ""9488"": 0.0, ""LAC"": 0.0}","[0.0, 0.0, 0.0, 0.0, 0.0, 0.0, 0.0, 0.0, 0.0, 0.0]"
2026-10-10T13:26:55+00:00,1389740418316374016,6,4,2,0.0,"[""12517"", ""12519"", ""12527"", ""12711"", ""1479"", ""3321"", ""4037"", ""5872"", ""5927"", ""7021"", ""7526"", ""7547"", ""8138"", ""8183"", ""8408"", ""DAL""]","[""8183"", ""8138"", ""12527"", ""7547"", ""12519"", ""12517"", ""5872"", ""7526"", ""12711"", ""DAL""]","{""12517"": 0.0, ""12519"": 0.0, ""12527"": 0.0, ""12711"": 0.0, ""1479"": 0.0, ""3321"": 0.0, ""4037"": 0.0, ""5872"": 0.0, ""5927"": 0.0, ""7021"": 0.0, ""7526"": 0.0, ""7547"": 0.0, ""8138"": 0.0, ""8183"": 0.0, ""8408"": 0.0, ""DAL"": 0.0}","[0.0, 0.0, 0.0, 0.0, 0.0, 0.0, 0.0, 0.0, 0.0, 0.0]"
2026-10-10T13:26:55+00:00,1389740418316374016,6,5,3,0.0,"[""10232"", ""11584"", ""11632"", ""12529"", ""12713"", ""13279"", ""13281"", ""2216"", ""3163"", ""3198"", ""4892"", ""5012"", ""6819"", ""8146"", ""9509"", ""HOU""]","[""3163"", ""9509"", ""3198"", ""11632"", ""10232"", ""5012"", ""8146"", ""11584"", ""12713"", ""HOU""]","{""10232"": 0.0, ""11584"": 0.0, ""11632"": 0.0, ""12529"": 0.0, ""12713"": 0.0, ""13279"": 0.0, ""13281"": 0.0, ""2216"": 0.0, ""3163"": 0.0, ""3198"": 0.0, ""4892"": 0.0, ""5012"": 0.0, ""6819"": 0.0, ""8146"": 0.0, ""9509"": 0.0, ""HOU"": 0.0}","[0.0, 0.0, 0.0, 0.0, 0.0, 0.0, 0.0, 0.0, 0.0, 0.0]"
2026-10-10T13:26:55+00:00,1389740418316374016,6,5,4,0.0,"[""11533"", ""11576"", ""11577"", ""1166"", ""12512"", ""12526"", ""13346"", ""3634"", ""5001"", ""7564"", ""7588"", ""8142"", ""8151"", ""9228"", ""9753"", ""CIN""]","[""1166"", ""7588"", ""12512"", ""7564"", ""13346"", ""5001"", ""11577"", ""11576"", ""11533"", ""CIN""]","{""11533"": 0.0, ""11576"": 0.0, ""11577"": 0.0, ""1166"": 0.0, ""12512"": 0.0, ""12526"": 0.0, ""13346"": 0.0, ""3634"": 0.0, ""5001"": 0.0, ""7564"": 0.0, ""7588"": 0.0, ""8142"": 0.0, ""8151"": 0.0, ""9228"": 0.0, ""9753"": 0.0, ""CIN"": 0.0}","[0.0, 0.0, 0.0, 0.0, 0.0, 0.0, 0.0, 0.0, 0.0, 0.0]"
2026-10-10T13:26:55+00:00,1389740418316374016,6,1,5,0.0,"[""10229"", ""11610"", ""11786"", ""12481"", ""12489"", ""12495"", ""12545"", ""2449"", ""2505"", ""4035"", ""5844"", ""6904"", ""8112"", ""8167"", ""9226"", ""DEN""]","[""6904"", ""12495"", ""12481"", ""8112"", ""8167"", ""5844"", ""12489"", ""11610"", ""11786"", ""DEN""]","{""10229"": 0.0, ""11610"": 0.0, ""11786"": 0.0, ""12481"": 0.0, ""12489"": 0.0, ""12495"": 0.0, ""12545"": 0.0, ""2449"": 0.0, ""2505"": 0.0, ""4035"": 0.0, ""5844"": 0.0, ""6904"": 0.0, ""8112"": 0.0, ""8167"": 0.0, ""9226"": 0.0, ""DEN"": 0.0}","[0.0, 0.0, 0.0, 0.0, 0.0, 0.0, 0.0, 0.0, 0.0, 0.0]"
2026-10-10T13:26:55+00:00,1389740418316374016,6,4,6,0.0,"[""11564"", ""11646"", ""12506"", ""13294"", ""1945"", ""3214"", ""4034"", ""5859"", ""6790"", ""7523"", ""7569"", ""7611"", ""9487"", ""9500"", ""SEA""]","[""11564"", ""4034"", ""6790"", ""9500"", ""7569"", ""12506"", ""7611"", ""9487"", ""1945"", ""SEA""]","{""11564"": 0.0, ""11646"": 0.0, ""12506"": 0.0, ""13294"": 0.0, ""1945"": 0.0, ""3214"": 0.0, ""4034"": 0.0, ""5859"": 0.0, ""6790"": 0.0, ""7523"": 0.0, ""7569"": 0.0, ""7611"": 0.0, ""9487"": 0.0, ""9500"": 0.0, ""SEA"": 0.0}","[0.0, 0.0, 0.0, 0.0, 0.0, 0.0, 0.0, 0.0, 0.0, 0.0]"
2026-10-10T13:26:55+00:00,1389740418316374016,6,3,7,0.0,"[""11604"", ""11624"", ""2133"", ""2747"", ""3294"", ""4046"", ""4866"", ""4943"", ""5850"", ""5967"", ""7002"", ""7594"", ""9493"", ""9756"", ""9997"", ""BAL""]","[""4943"", ""4866"", ""5967"", ""2133"", ""9997"", ""11604"", ""9493"", ""7002"", ""2747"", ""BAL""]","{""11604"": 0.0, ""11624"": 0.0, ""2133"": 0.0, ""2747"": 0.0, ""3294"": 0.0, ""4046"": 0.0, ""4866"": 0.0, ""4943"": 0.0, ""5850"": 0.0, ""5967"": 0.0, ""7002"": 0.0, ""7594"": 0.0, ""9493"": 0.0, ""9756"": 0.0, ""9997"": 0.0, ""BAL"": 0.0}","[0.0, 0.0, 0.0, 0.0, 0.0, 0.0, 0.0, 0.0, 0.0, 0.0]"
2026-10-10T13:26:55+00:00,1389740418316374016,6,1,8,0.0,"[""11539"", ""11560"", ""11563"", ""11630"", ""12501"", ""12514"", ""12518"", ""12534"", ""13287"", ""13345"", ""5045"", ""6786"", ""6794"", ""8150"", ""9484"", ""LAR""]","[""11563"", ""8150"", ""13287"", ""6786"", ""6794"", ""12518"", ""12514"", ""12501"", ""11539"", ""LAR""]","{""11539"": 0.0, ""11560"": 0.0, ""11563"": 0.0, ""11630"": 0.0, ""12501"": 0.0, ""12514"": 0.0, ""12518"": 0.0, ""12534"": 0.0, ""13287"": 0.0, ""13345"": 0.0, ""5045"": 0.0, ""6786"": 0.0, ""6794"": 0.0, ""8150"": 0.0, ""9484"": 0.0, ""LAR"": 0.0}","[0.0, 0.0, 0.0, 0.0, 0.0, 0.0, 0.0, 0.0, 0.0, 0.0]"
2026-10-10T13:26:55+00:00,1389740418316374016,6,3,9,0.0,"[""10236"", ""10859"", ""11435"", ""11635"", ""11834"", ""12490"", ""4199"", ""4984"", ""5846"", ""6813"", ""7839"", ""8121"", ""8126"", ""8144"", ""8155"", ""MIN""]","[""4984"", ""6813"", ""4199"", ""8144"", ""5846"", ""10859"", ""8121"", ""11435"", ""7839"", ""MIN""]","{""10236"": 0.0, ""10859"": 0.0, ""11435"": 0.0, ""11635"": 0.0, ""11834"": 0.0, ""12490"": 0.0, ""4199"": 0.0, ""4984"": 0.0, ""5846"": 0.0, ""6813"": 0.0, ""7839"": 0.0, ""8121"": 0.0, ""8126"": 0.0, ""8144"": 0.0, ""8155"": 0.0, ""MIN"": 0.0}","[0.0, 0.0, 0.0, 0.0, 0.0, 0.0, 0.0, 0.0, 0.0, 0.0]"
2026-10-10T13:26:55+00:00,1389740418316374016,6,2,10,0.0,"[""11586"", ""11620"", ""12185"", ""13298"", ""1466"", ""421"", ""4217"", ""4983"", ""6770"", ""6801"", ""8137"", ""8228"", ""9221"", ""9224"", ""NE""]","[""6770"", ""9221"", ""8228"", ""6801"", ""8137"", ""4217"", ""9224"", ""4983"", ""12185"", ""NE""]","{""11586"": 0.0, ""11620"": 0.0, ""12185"": 0.0, ""13298"": 0.0, ""1466"": 0.0, ""421"": 0.0, ""4217"": 0.0, ""4983"": 0.0, ""6770"": 0.0, ""6801"": 0.0, ""8137"": 0.0, ""8228"": 0.0, ""9221"": 0.0, ""9224"": 0.0, ""NE"": 0.0}","[0.0, 0.0, 0.0, 0.0, 0.0, 0.0, 0.0, 0.0, 0.0, 0.0]"
2026-10-10T13:26:55+00:00,1389740418316374016,7,3,1,0.0,"[""11628"", ""11637"", ""12015"", ""12507"", ""13264"", ""13286"", ""4881"", ""5892"", ""6804"", ""7525"", ""7567"", ""8130"", ""8131"", ""8148"", ""9488"", ""LAC""]","[""6804"", ""7567"", ""5892"", ""9488"", ""8148"", ""8130"", ""11637"", ""8131"", ""12015"", ""LAC""]","{""11628"": 0.0, ""11637"": 0.0, ""12015"": 0.0, ""12507"": 0.0, ""13264"": 0.0, ""13286"": 0.0, ""4881"": 0.0, ""5892"": 0.0, ""6804"": 0.0, ""7525"": 0.0, ""7567"": 0.0, ""8130"": 0.0, ""8131"": 0.0, ""8148"": 0.0, ""9488"": 0.0, ""LAC"": 0.0}","[0.0, 0.0, 0.0, 0.0, 0.0, 0.0, 0.0, 0.0, 0.0, 0.0]"
2026-10-10T13:26:55+00:00,1389740418316374016,7,3,2,0.0,"[""12517"", ""12519"", ""12527"", ""12711"", ""1479"", ""3321"", ""4037"", ""5872"", ""5927"", ""7021"", ""7526"", ""7547"", ""8138"", ""8183"", ""8408"", ""DAL""]","[""8183"", ""8138"", ""12527"", ""7547"", ""12519"", ""12517"", ""5872"", ""7526"", ""12711"", ""DAL""]","{""12517"": 0.0, ""12519"": 0.0, ""12527"": 0.0, ""12711"": 0.0, ""1479"": 0.0, ""3321"": 0.0, ""4037"": 0.0, ""5872"": 0.0, ""5927"": 0.0, ""7021"": 0.0, ""7526"": 0.0, ""7547"": 0.0, ""8138"": 0.0, ""8183"": 0.0, ""8408"": 0.0, ""DAL"": 0.0}","[0.0, 0.0, 0.0, 0.0, 0.0, 0.0, 0.0, 0.0, 0.0, 0.0]"
2026-10-10T13:26:55+00:00,1389740418316374016,7,5,3,0.0,"[""10232"", ""11584"", ""11632"", ""12529"", ""12713"", ""13279"", ""13281"", ""2216"", ""3163"", ""3198"", ""4892"", ""5012"", ""6819"", ""8146"", ""9509"", ""HOU""]","[""3163"", ""9509"", ""3198"", ""11632"", ""10232"", ""5012"", ""8146"", ""11584"", ""12713"", ""HOU""]","{""10232"": 0.0, ""11584"": 0.0, ""11632"": 0.0, ""12529"": 0.0, ""12713"": 0.0, ""13279"": 0.0, ""13281"": 0.0, ""2216"": 0.0, ""3163"": 0.0, ""3198"": 0.0, ""4892"": 0.0, ""5012"": 0.0, ""6819"": 0.0, ""8146"": 0.0, ""9509"": 0.0, ""HOU"": 0.0}","[0.0, 0.0, 0.0, 0.0, 0.0, 0.0, 0.0, 0.0, 0.0, 0.0]"
2026-10-10T13:26:55+00:00,1389740418316374016,7,4,4,0.0,"[""11533"", ""11576"", ""11577"", ""1166"", ""12512"", ""12526"", ""13346"", ""3634"", ""5001"", ""7564"", ""7588"", ""8142"", ""8151"", ""9228"", ""9753"", ""CIN""]","[""1166"", ""7588"", ""12512"", ""7564"", ""13346"", ""5001"", ""11577"", ""11576"", ""11533"", ""CIN""]","{""11533"": 0.0, ""11576"": 0.0, ""11577"": 0.0, ""1166"": 0.0, ""12512"": 0.0, ""12526"": 0.0, ""13346"": 0.0, ""3634"": 0.0, ""5001"": 0.0, ""7564"": 0.0, ""7588"": 0.0, ""8142"": 0.0, ""8151"": 0.0, ""9228"": 0.0, ""9753"": 0.0, ""CIN"": 0.0}","[0.0, 0.0, 0.0, 0.0, 0.0, 0.0, 0.0, 0.0, 0.0, 0.0]"
2026-10-10T13:26:55+00:00,1389740418316374016,7,1,5,0.0,"[""10229"", ""11610"", ""11786"", ""12481"", ""12489"", ""12495"", ""12545"", ""2449"", ""2505"", ""4035"", ""5844"", ""6904"", ""8112"", ""8167"", ""9226"", ""DEN""]","[""6904"", ""12495"", ""12481"", ""8112"", ""8167"", ""5844"", ""12489"", ""11610"", ""11786"", ""DEN""]","{""10229"": 0.0, ""11610"": 0.0, ""11786"": 0.0, ""12481"": 0.0, ""12489"": 0.0, ""12495"": 0.0, ""12545"": 0.0, ""2449"": 0.0, ""2505"": 0.0, ""4035"": 0.0, ""5844"": 0.0, ""6904"": 0.0, ""8112"": 0.0, ""8167"": 0.0, ""9226"": 0.0, ""DEN"": 0.0}","[0.0, 0.0, 0.0, 0.0, 0.0, 0.0, 0.0, 0.0, 0.0, 0.0]"
2026-10-10T13:26:55+00:00,1389740418316374016,7,5,6,0.0,"[""11564"", ""11646"", ""12506"", ""13294"", ""1945"", ""3214"", ""4034"", ""5859"", ""6790"", ""7523"", ""7569"", ""7611"", ""9487"", ""9500"", ""SEA""]","[""11564"", ""4034"", ""6790"", ""9500"", ""7569"", ""12506"", ""7611"", ""9487"", ""1945"", ""SEA""]","{""11564"": 0.0, ""11646"": 0.0, ""12506"": 0.0, ""13294"": 0.0, ""1945"": 0.0, ""3214"": 0.0, ""4034"": 0.0, ""5859"": 0.0, ""6790"": 0.0, ""7523"": 0.0, ""7569"": 0.0, ""7611"": 0.0, ""9487"": 0.0, ""9500"": 0.0, ""SEA"": 0.0}","[0.0, 0.0, 0.0, 0.0, 0.0, 0.0, 0.0, 0.0, 0.0, 0.0]"
2026-10-10T13:26:55+00:00,1389740418316374016,7,2,7,0.0,"[""11604"", ""11624"", ""2133"", ""2747"", ""3294"", ""4046"", ""4866"", ""4943"", ""5850"", ""5967"", ""7002"", ""7594"", ""9493"", ""9756"", ""9997"", ""BAL""]","[""4943"", ""4866"", ""5967"", ""2133"", ""9997"", ""11604"", ""9493"", ""7002"", ""2747"", ""BAL""]","{""11604"": 0.0, ""11624"": 0.0, ""2133"": 0.0, ""2747"": 0.0, ""3294"": 0.0, ""4046"": 0.0, ""4866"": 0.0, ""4943"": 0.0, ""5850"": 0.0, ""5967"": 0.0, ""7002"": 0.0, ""7594"": 0.0, ""9493"": 0.0, ""9756"": 0.0, ""9997"": 0.0, ""BAL"": 0.0}","[0.0, 0.0, 0.0, 0.0, 0.0, 0.0, 0.0, 0.0, 0.0, 0.0]"
2026-10-10T13:26:55+00:00,1389740418316374016,7,2,8,0.0,"[""11539"", ""11560"", ""11563"", ""11630"", ""12501"", ""12514"", ""12518"", ""12534"", ""13287"", ""13345"", ""5045"", ""6786"", ""6794"", ""8150"", ""9484"", ""LAR""]","[""11563"", ""8150"", ""13287"", ""6786"", ""6794"", ""12518"", ""12514"", ""12501"", ""11539"", ""LAR""]","{""11539"": 0.0, ""11560"": 0.0, ""11563"": 0.0, ""11630"": 0.0, ""12501"": 0.0, ""12514"": 0.0, ""12518"": 0.0, ""12534"": 0.0, ""13287"": 0.0, ""13345"": 0.0, ""5045"": 0.0, ""6786"": 0.0, ""6794"": 0.0, ""8150"": 0.0, ""9484"": 0.0, ""LAR"": 0.0}","[0.0, 0.0, 0.0, 0.0, 0.0, 0.0, 0.0, 0.0, 0.0, 0.0]"
2026-10-10T13:26:55+00:00,1389740418316374016,7,4,9,0.0,"[""10236"", ""10859"", ""11435"", ""11635"", ""11834"", ""12490"", ""4199"", ""4984"", ""5846"", ""6813"", ""7839"", ""8121"", ""8126"", ""8144"", ""8155"", ""MIN""]","[""4984"", ""6813"", ""4199"", ""8144"", ""5846"", ""10859"", ""8121"", ""11435"", ""7839"", ""MIN""]","{""10236"": 0.0, ""10859"": 0.0, ""11435"": 0.0, ""11635"": 0.0, ""11834"": 0.0, ""12490"": 0.0, ""4199"": 0.0, ""4984"": 0.0, ""5846"": 0.0, ""6813"": 0.0, ""7839"": 0.0, ""8121"": 0.0, ""8126"": 0.0, ""8144"": 0.0, ""8155"": 0.0, ""MIN"": 0.0}","[0.0, 0.0, 0.0, 0.0, 0.0, 0.0, 0.0, 0.0, 0.0, 0.0]"
2026-10-10T13:26:55+00:00,1389740418316374016,7,1,10,0.0,"[""11586"", ""11620"", ""12185"", ""13298"", ""1466"", ""421"", ""4217"", ""4983"", ""6770"", ""6801"", ""8137"", ""8228"", ""9221"", ""9224"", ""NE""]","[""6770"", ""9221"", ""8228"", ""6801"", ""8137"", ""4217"", ""9224"", ""4983"", ""12185"", ""NE""]","{""11586"": 0.0, ""11620"": 0.0, ""12185"": 0.0, ""13298"": 0.0, ""1466"": 0.0, ""421"": 0.0, ""4217"": 0.0, ""4983"": 0.0, ""6770"": 0.0, ""6801"": 0.0, ""8137"": 0.0, ""8228"": 0.0, ""9221"": 0.0, ""9224"": 0.0, ""NE"": 0.0}","[0.0, 0.0, 0.0, 0.0, 0.0, 0.0, 0.0, 0.0, 0.0, 0.0]"
2026-10-10T13:26:55+00:00,1389740418316374016,8,4,1,0.0,"[""11628"", ""11637"", ""12015"", ""12507"", ""13264"", ""13286"", ""4881"", ""5892"", ""6804"", ""7525"", ""7567"", ""8130"", ""8131"", ""8148"", ""9488"", ""LAC""]","[""6804"", ""7567"", ""5892"", ""9488"", ""8148"", ""8130"", ""11637"", ""8131"", ""12015"", ""LAC""]","{""11628"": 0.0, ""11637"": 0.0, ""12015"": 0.0, ""12507"": 0.0, ""13264"": 0.0, ""13286"": 0.0, ""4881"": 0.0, ""5892"": 0.0, ""6804"": 0.0, ""7525"": 0.0, ""7567"": 0.0, ""8130"": 0.0, ""8131"": 0.0, ""8148"": 0.0, ""9488"": 0.0, ""LAC"": 0.0}","[0.0, 0.0, 0.0, 0.0, 0.0, 0.0, 0.0, 0.0, 0.0, 0.0]"
2026-10-10T13:26:55+00:00,1389740418316374016,8,2,2,0.0,"[""12517"", ""12519"", ""12527"", ""12711"", ""1479"", ""3321"", ""4037"", ""5872"", ""5927"", ""7021"", ""7526"", ""7547"", ""8138"", ""8183"", ""8408"", ""DAL""]","[""8183"", ""8138"", ""12527"", ""7547"", ""12519"", ""12517"", ""5872"", ""7526"", ""12711"", ""DAL""]","{""12517"": 0.0, ""12519"": 0.0, ""12527"": 0.0, ""12711"": 0.0, ""1479"": 0.0, ""3321"": 0.0, ""4037"": 0.0, ""5872"": 0.0, ""5927"": 0.0, ""7021"": 0.0, ""7526"": 0.0, ""7547"": 0.0, ""8138"": 0.0, ""8183"": 0.0, ""8408"": 0.0, ""DAL"": 0.0}","[0.0, 0.0, 0.0, 0.0, 0.0, 0.0, 0.0, 0.0, 0.0, 0.0]"
2026-10-10T13:26:55+00:00,1389740418316374016,8,4,3,0.0,"[""10232"", ""11584"", ""11632"", ""12529"", ""12713"", ""13279"", ""13281"", ""2216"", ""3163"", ""3198"", ""4892"", ""5012"", ""6819"", ""8146"", ""9509"", ""HOU""]","[""3163"", ""9509"", ""3198"", ""11632"", ""10232"", ""5012"", ""8146"", ""11584"", ""12713"", ""HOU""]","{""10232"": 0.0, ""11584"": 0.0, ""11632"": 0.0, ""12529"": 0.0, ""12713"": 0.0, ""13279"": 0.0, ""13281"": 0.0, ""2216"": 0.0, ""3163"": 0.0, ""3198"": 0.0, ""4892"": 0.0, ""5012"": 0.0, ""6819"": 0.0, ""8146"": 0.0, ""9509"": 0.0, ""HOU"": 0.0}","[0.0, 0.0, 0.0, 0.0, 0.0, 0.0, 0.0, 0.0, 0.0, 0.0]"
2026-10-10T13:26:55+00:00,1389740418316374016,8,3,4,0.0,"[""11533"", ""11576"", ""11577"", ""1166"", ""12512"", ""12526"", ""13346"", ""3634"", ""5001"", ""7564"", ""7588"", ""8142"", ""8151"", ""9228"", ""9753"", ""CIN""]","[""1166"", ""7588"", ""12512"", ""7564"", ""13346"", ""5001"", ""11577"", ""11576"", ""11533"", ""CIN""]","{""11533"": 0.0, ""11576"": 0.0, ""11577"": 0.0, ""1166"": 0.0, ""12512"": 0.0, ""12526"": 0.0, ""13346"": 0.0, ""3634"": 0.0, ""5001"": 0.0, ""7564"": 0.0, ""7588"": 0.0, ""8142"": 0.0, ""8151"": 0.0, ""9228"": 0.0, ""9753"": 0.0, ""CIN"": 0.0}","[0.0, 0.0, 0.0, 0.0, 0.0, 0.0, 0.0, 0.0, 0.0, 0.0]"
2026-10-10T13:26:55+00:00,1389740418316374016,8,1,5,0.0,"[""10229"", ""11610"", ""11786"", ""12481"", ""12489"", ""12495"", ""12545"", ""2449"", ""2505"", ""4035"", ""5844"", ""6904"", ""8112"", ""8167"", ""9226"", ""DEN""]","[""6904"", ""12495"", ""12481"", ""8112"", ""8167"", ""5844"", ""12489"", ""11610"", ""11786"", ""DEN""]","{""10229"": 0.0, ""11610"": 0.0, ""11786"": 0.0, ""12481"": 0.0, ""12489"": 0.0, ""12495"": 0.0, ""12545"": 0.0, ""2449"": 0.0, ""2505"": 0.0, ""4035"": 0.0, ""5844"": 0.0, ""6904"": 0.0, ""8112"": 0.0, ""8167"": 0.0, ""9226"": 0.0, ""DEN"": 0.0}","[0.0, 0.0, 0.0, 0.0, 0.0, 0.0, 0.0, 0.0, 0.0, 0.0]"
2026-10-10T13:26:55+00:00,1389740418316374016,8,5,6,0.0,"[""11564"", ""11646"", ""12506"", ""13294"", ""1945"", ""3214"", ""4034"", ""5859"", ""6790"", ""7523"", ""7569"", ""7611"", ""9487"", ""9500"", ""SEA""]","[""11564"", ""4034"", ""6790"", ""9500"", ""7569"", ""12506"", ""7611"", ""9487"", ""1945"", ""SEA""]","{""11564"": 0.0, ""11646"": 0.0, ""12506"": 0.0, ""13294"": 0.0, ""1945"": 0.0, ""3214"": 0.0, ""4034"": 0.0, ""5859"": 0.0, ""6790"": 0.0, ""7523"": 0.0, ""7569"": 0.0, ""7611"": 0.0, ""9487"": 0.0, ""9500"": 0.0, ""SEA"": 0.0}","[0.0, 0.0, 0.0, 0.0, 0.0, 0.0, 0.0, 0.0, 0.0, 0.0]"
2026-10-10T13:26:55+00:00,1389740418316374016,8,1,7,0.0,"[""11604"", ""11624"", ""2133"", ""2747"", ""3294"", ""4046"", ""4866"", ""4943"", ""5850"", ""5967"", ""7002"", ""7594"", ""9493"", ""9756"", ""9997"", ""BAL""]","[""4943"", ""4866"", ""5967"", ""2133"", ""9997"", ""11604"", ""9493"", ""7002"", ""2747"", ""BAL""]","{""11604"": 0.0, ""11624"": 0.0, ""2133"": 0.0, ""2747"": 0.0, ""3294"": 0.0, ""4046"": 0.0, ""4866"": 0.0, ""4943"": 0.0, ""5850"": 0.0, ""5967"": 0.0, ""7002"": 0.0, ""7594"": 0.0, ""9493"": 0.0, ""9756"": 0.0, ""9997"": 0.0, ""BAL"": 0.0}","[0.0, 0.0, 0.0, 0.0, 0.0, 0.0, 0.0, 0.0, 0.0, 0.0]"
2026-10-10T13:26:55+00:00,1389740418316374016,8,3,8,0.0,"[""11539"", ""11560"", ""11563"", ""11630"", ""12501"", ""12514"", ""12518"", ""12534"", ""13287"", ""13345"", ""5045"", ""6786"", ""6794"", ""8150"", ""9484"", ""LAR""]","[""11563"", ""8150"", ""13287"", ""6786"", ""6794"", ""12518"", ""12514"", ""12501"", ""11539"", ""LAR""]","{""11539"": 0.0, ""11560"": 0.0, ""11563"": 0.0, ""11630"": 0.0, ""12501"": 0.0, ""12514"": 0.0, ""12518"": 0.0, ""12534"": 0.0, ""13287"": 0.0, ""13345"": 0.0, ""5045"": 0.0, ""6786"": 0.0, ""6794"": 0.0, ""8150"": 0.0, ""9484"": 0.0, ""LAR"": 0.0}","[0.0, 0.0, 0.0, 0.0, 0.0, 0.0, 0.0, 0.0, 0.0, 0.0]"
2026-10-10T13:26:55+00:00,1389740418316374016,8,5,9,0.0,"[""10236"", ""10859"", ""11435"", ""11635"", ""11834"", ""12490"", ""4199"", ""4984"", ""5846"", ""6813"", ""7839"", ""8121"", ""8126"", ""8144"", ""8155"", ""MIN""]","[""4984"", ""6813"", ""4199"", ""8144"", ""5846"", ""10859"", ""8121"", ""11435"", ""7839"", ""MIN""]","{""10236"": 0.0, ""10859"": 0.0, ""11435"": 0.0, ""11635"": 0.0, ""11834"": 0.0, ""12490"": 0.0, ""4199"": 0.0, ""4984"": 0.0, ""5846"": 0.0, ""6813"": 0.0, ""7839"": 0.0, ""8121"": 0.0, ""8126"": 0.0, ""8144"": 0.0, ""8155"": 0.0, ""MIN"": 0.0}","[0.0, 0.0, 0.0, 0.0, 0.0, 0.0, 0.0, 0.0, 0.0, 0.0]"
2026-10-10T13:26:55+00:00,1389740418316374016,8,2,10,0.0,"[""11586"", ""11620"", ""12185"", ""13298"", ""1466"", ""421"", ""4217"", ""4983"", ""6770"", ""6801"", ""8137"", ""8228"", ""9221"", ""9224"", ""NE""]","[""6770"", ""9221"", ""8228"", ""6801"", ""8137"", ""4217"", ""9224"", ""4983"", ""12185"", ""NE""]","{""11586"": 0.0, ""11620"": 0.0, ""12185"": 0.0, ""13298"": 0.0, ""1466"": 0.0, ""421"": 0.0, ""4217"": 0.0, ""4983"": 0.0, ""6770"": 0.0, ""6801"": 0.0, ""8137"": 0.0, ""8228"": 0.0, ""9221"": 0.0, ""9224"": 0.0, ""NE"": 0.0}","[0.0, 0.0, 0.0, 0.0, 0.0, 0.0, 0.0, 0.0, 0.0, 0.0]"
2026-10-10T13:26:55+00:00,1389740418316374016,9,5,1,0.0,"[""11628"", ""11637"", ""12015"", ""12507"", ""13264"", ""13286"", ""4881"", ""5892"", ""6804"", ""7525"", ""7567"", ""8130"", ""8131"", ""8148"", ""9488"", ""LAC""]","[""6804"", ""7567"", ""5892"", ""9488"", ""8148"", ""8130"", ""11637"", ""8131"", ""12015"", ""LAC""]","{""11628"": 0.0, ""11637"": 0.0, ""12015"": 0.0, ""12507"": 0.0, ""13264"": 0.0, ""13286"": 0.0, ""4881"": 0.0, ""5892"": 0.0, ""6804"": 0.0, ""7525"": 0.0, ""7567"": 0.0, ""8130"": 0.0, ""8131"": 0.0, ""8148"": 0.0, ""9488"": 0.0, ""LAC"": 0.0}","[0.0, 0.0, 0.0, 0.0, 0.0, 0.0, 0.0, 0.0, 0.0, 0.0]"
2026-10-10T13:26:55+00:00,1389740418316374016,9,1,2,0.0,"[""12517"", ""12519"", ""12527"", ""12711"", ""1479"", ""3321"", ""4037"", ""5872"", ""5927"", ""7021"", ""7526"", ""7547"", ""8138"", ""8183"", ""8408"", ""DAL""]","[""8183"", ""8138"", ""12527"", ""7547"", ""12519"", ""12517"", ""5872"", ""7526"", ""12711"", ""DAL""]","{""12517"": 0.0, ""12519"": 0.0, ""12527"": 0.0, ""12711"": 0.0, ""1479"": 0.0, ""3321"": 0.0, ""4037"": 0.0, ""5872"": 0.0, ""5927"": 0.0, ""7021"": 0.0, ""7526"": 0.0, ""7547"": 0.0, ""8138"": 0.0, ""8183"": 0.0, ""8408"": 0.0, ""DAL"": 0.0}","[0.0, 0.0, 0.0, 0.0, 0.0, 0.0, 0.0, 0.0, 0.0, 0.0]"
2026-10-10T13:26:55+00:00,1389740418316374016,9,3,3,0.0,"[""10232"", ""11584"", ""11632"", ""12529"", ""12713"", ""13279"", ""13281"", ""2216"", ""3163"", ""3198"", ""4892"", ""5012"", ""6819"", ""8146"", ""9509"", ""HOU""]","[""3163"", ""9509"", ""3198"", ""11632"", ""10232"", ""5012"", ""8146"", ""11584"", ""12713"", ""HOU""]","{""10232"": 0.0, ""11584"": 0.0, ""11632"": 0.0, ""12529"": 0.0, ""12713"": 0.0, ""13279"": 0.0, ""13281"": 0.0, ""2216"": 0.0, ""3163"": 0.0, ""3198"": 0.0, ""4892"": 0.0, ""5012"": 0.0, ""6819"": 0.0, ""8146"": 0.0, ""9509"": 0.0, ""HOU"": 0.0}","[0.0, 0.0, 0.0, 0.0, 0.0, 0.0, 0.0, 0.0, 0.0, 0.0]"
2026-10-10T13:26:55+00:00,1389740418316374016,9,2,4,0.0,"[""11533"", ""11576"", ""11577"", ""1166"", ""12512"", ""12526"", ""13346"", ""3634"", ""5001"", ""7564"", ""7588"", ""8142"", ""8151"", ""9228"", ""9753"", ""CIN""]","[""1166"", ""7588"", ""12512"", ""7564"", ""13346"", ""5001"", ""11577"", ""11576"", ""11533"", ""CIN""]","{""11533"": 0.0, ""11576"": 0.0, ""11577"": 0.0, ""1166"": 0.0, ""12512"": 0.0, ""12526"": 0.0, ""13346"": 0.0, ""3634"": 0.0, ""5001"": 0.0, ""7564"": 0.0, ""7588"": 0.0, ""8142"": 0.0, ""8151"": 0.0, ""9228"": 0.0, ""9753"": 0.0, ""CIN"": 0.0}","[0.0, 0.0, 0.0, 0.0, 0.0, 0.0, 0.0, 0.0, 0.0, 0.0]"
2026-10-10T13:26:55+00:00,1389740418316374016,9,1,5,0.0,"[""10229"", ""11610"", ""11786"", ""12481"", ""12489"", ""12495"", ""12545"", ""2449"", ""2505"", ""4035"", ""5844"", ""6904"", ""8112"", ""8167"", ""9226"", ""DEN""]","[""6904"", ""12495"", ""12481"", ""8112"", ""8167"", ""5844"", ""12489"", ""11610"", ""11786"", ""DEN""]","{""10229"": 0.0, ""11610"": 0.0, ""11786"": 0.0, ""12481"": 0.0, ""12489"": 0.0, ""12495"": 0.0, ""12545"": 0.0, ""2449"": 0.0, ""2505"": 0.0, ""4035"": 0.0, ""5844"": 0.0, ""6904"": 0.0, ""8112"": 0.0, ""8167"": 0.0, ""9226"": 0.0, ""DEN"": 0.0}","[0.0, 0.0, 0.0, 0.0, 0.0, 0.0, 0.0, 0.0, 0.0, 0.0]"
2026-10-10T13:26:55+00:00,1389740418316374016,9,4,6,0.0,"[""11564"", ""11646"", ""12506"", ""13294"", ""1945"", ""3214"", ""4034"", ""5859"", ""6790"", ""7523"", ""7569"", ""7611"", ""9487"", ""9500"", ""SEA""]","[""11564"", ""4034"", ""6790"", ""9500"", ""7569"", ""12506"", ""7611"", ""9487"", ""1945"", ""SEA""]","{""11564"": 0.0, ""11646"": 0.0, ""12506"": 0.0, ""13294"": 0.0, ""1945"": 0.0, ""3214"": 0.0, ""4034"": 0.0, ""5859"": 0.0, ""6790"": 0.0, ""7523"": 0.0, ""7569"": 0.0, ""7611"": 0.0, ""9487"": 0.0, ""9500"": 0.0, ""SEA"": 0.0}","[0.0, 0.0, 0.0, 0.0, 0.0, 0.0, 0.0, 0.0, 0.0, 0.0]"
2026-10-10T13:26:55+00:00,1389740418316374016,9,2,7,0.0,"[""11604"", ""11624"", ""2133"", ""2747"", ""3294"", ""4046"", ""4866"", ""4943"", ""5850"", ""5967"", ""7002"", ""7594"", ""9493"", ""9756"", ""9997"", ""BAL""]","[""4943"", ""4866"", ""5967"", ""2133"", ""9997"", ""11604"", ""9493"", ""7002"", ""2747"", ""BAL""]","{""11604"": 0.0, ""11624"": 0.0, ""2133"": 0.0, ""2747"": 0.0, ""3294"": 0.0, ""4046"": 0.0, ""4866"": 0.0, ""4943"": 0.0, ""5850"": 0.0, ""5967"": 0.0, ""7002"": 0.0, ""7594"": 0.0, ""9493"": 0.0, ""9756"": 0.0, ""9997"": 0.0, ""BAL"": 0.0}","[0.0, 0.0, 0.0, 0.0, 0.0, 0.0, 0.0, 0.0, 0.0, 0.0]"
2026-10-10T13:26:55+00:00,1389740418316374016,9,4,8,0.0,"[""11539"", ""11560"", ""11563"", ""11630"", ""12501"", ""12514"", ""12518"", ""12534"", ""13287"", ""13345"", ""5045"", ""6786"", ""6794"", ""8150"", ""9484"", ""LAR""]","[""11563"", ""8150"", ""13287"", ""6786"", ""6794"", ""12518"", ""12514"", ""12501"", ""11539"", ""LAR""]","{""11539"": 0.0, ""11560"": 0.0, ""11563"": 0.0, ""11630"": 0.0, ""12501"": 0.0, ""12514"": 0.0, ""12518"": 0.0, ""12534"": 0.0, ""13287"": 0.0, ""13345"": 0.0, ""5045"": 0.0, ""6786"": 0.0, ""6794"": 0.0, ""8150"": 0.0, ""9484"": 0.0, ""LAR"": 0.0}","[0.0, 0.0, 0.0, 0.0, 0.0, 0.0, 0.0, 0.0, 0.0, 0.0]"
2026-10-10T13:26:55+00:00,1389740418316374016,9,5,9,0.0,"[""10236"", ""10859"", ""11435"", ""11635"", ""11834"", ""12490"", ""4199"", ""4984"", ""5846"", ""6813"", ""7839"", ""8121"", ""8126"", ""8144"", ""8155"", ""MIN""]","[""4984"", ""6813"", ""4199"", ""8144"", ""5846"", ""10859"", ""8121"", ""11435"", ""7839"", ""MIN""]","{""10236"": 0.0, ""10859"": 0.0, ""11435"": 0.0, ""11635"": 0.0, ""11834"": 0.0, ""12490"": 0.0, ""4199"": 0.0, ""4984"": 0.0, ""5846"": 0.0, ""6813"": 0.0, ""7839"": 0.0, ""8121"": 0.0, ""8126"": 0.0, ""8144"": 0.0, ""8155"": 0.0, ""MIN"": 0.0}","[0.0, 0.0, 0.0, 0.0, 0.0, 0.0, 0.0, 0.0, 0.0, 0.0]"
2026-10-10T13:26:55+00:00,1389740418316374016,9,3,10,0.0,"[""11586"", ""11620"", ""12185"", ""13298"", ""1466"", ""421"", ""4217"", ""4983"", ""6770"", ""6801"", ""8137"", ""8228"", ""9221"", ""9224"", ""NE""]","[""6770"", ""9221"", ""8228"", ""6801"", ""8137"", ""4217"", ""9224"", ""4983"", ""12185"", ""NE""]","{""11586"": 0.0, ""11620"": 0.0, ""12185"": 0.0, ""13298"": 0.0, ""1466"": 0.0, ""421"": 0.0, ""4217"": 0.0, ""4983"": 0.0, ""6770"": 0.0, ""6801"": 0.0, ""8137"": 0.0, ""8228"": 0.0, ""9221"": 0.0, ""9224"": 0.0, ""NE"": 0.0}","[0.0, 0.0, 0.0, 0.0, 0.0, 0.0, 0.0, 0.0, 0.0, 0.0]"
2026-10-10T13:26:55+00:00,1389740418316374016,10,5,1,0.0,"[""11628"", ""11637"", ""12015"", ""12507"", ""13264"", ""13286"", ""4881"", ""5892"", ""6804"", ""7525"", ""7567"", ""8130"", ""8131"", ""8148"", ""9488"", ""LAC""]","[""6804"", ""7567"", ""5892"", ""9488"", ""8148"", ""8130"", ""11637"", ""8131"", ""12015"", ""LAC""]","{""11628"": 0.0, ""11637"": 0.0, ""12015"": 0.0, ""12507"": 0.0, ""13264"": 0.0, ""13286"": 0.0, ""4881"": 0.0, ""5892"": 0.0, ""6804"": 0.0, ""7525"": 0.0, ""7567"": 0.0, ""8130"": 0.0, ""8131"": 0.0, ""8148"": 0.0, ""9488"": 0.0, ""LAC"": 0.0}","[0.0, 0.0, 0.0, 0.0, 0.0, 0.0, 0.0, 0.0, 0.0, 0.0]"
2026-10-10T13:26:55+00:00,1389740418316374016,10,2,2,0.0,"[""12517"", ""12519"", ""12527"", ""12711"", ""1479"", ""3321"", ""4037"", ""5872"", ""5927"", ""7021"", ""7526"", ""7547"", ""8138"", ""8183"", ""8408"", ""DAL""]","[""8183"", ""8138"", ""12527"", ""7547"", ""12519"", ""12517"", ""5872"", ""7526"", ""12711"", ""DAL""]","{""12517"": 0.0, ""12519"": 0.0, ""12527"": 0.0, ""12711"": 0.0, ""1479"": 0.0, ""3321"": 0.0, ""4037"": 0.0, ""5872"": 0.0, ""5927"": 0.0, ""7021"": 0.0, ""7526"": 0.0, ""7547"": 0.0, ""8138"": 0.0, ""8183"": 0.0, ""8408"": 0.0, ""DAL"": 0.0}","[0.0, 0.0, 0.0, 0.0, 0.0, 0.0, 0.0, 0.0, 0.0, 0.0]"
2026-10-10T13:26:55+00:00,1389740418316374016,10,2,3,0.0,"[""10232"", ""11584"", ""11632"", ""12529"", ""12713"", ""13279"", ""13281"", ""2216"", ""3163"", ""3198"", ""4892"", ""5012"", ""6819"", ""8146"", ""9509"", ""HOU""]","[""3163"", ""9509"", ""3198"", ""11632"", ""10232"", ""5012"", ""8146"", ""11584"", ""12713"", ""HOU""]","{""10232"": 0.0, ""11584"": 0.0, ""11632"": 0.0, ""12529"": 0.0, ""12713"": 0.0, ""13279"": 0.0, ""13281"": 0.0, ""2216"": 0.0, ""3163"": 0.0, ""3198"": 0.0, ""4892"": 0.0, ""5012"": 0.0, ""6819"": 0.0, ""8146"": 0.0, ""9509"": 0.0, ""HOU"": 0.0}","[0.0, 0.0, 0.0, 0.0, 0.0, 0.0, 0.0, 0.0, 0.0, 0.0]"
2026-10-10T13:26:55+00:00,1389740418316374016,10,1,4,0.0,"[""11533"", ""11576"", ""11577"", ""1166"", ""12512"", ""12526"", ""13346"", ""3634"", ""5001"", ""7564"", ""7588"", ""8142"", ""8151"", ""9228"", ""9753"", ""CIN""]","[""1166"", ""7588"", ""12512"", ""7564"", ""13346"", ""5001"", ""11577"", ""11576"", ""11533"", ""CIN""]","{""11533"": 0.0, ""11576"": 0.0, ""11577"": 0.0, ""1166"": 0.0, ""12512"": 0.0, ""12526"": 0.0, ""13346"": 0.0, ""3634"": 0.0, ""5001"": 0.0, ""7564"": 0.0, ""7588"": 0.0, ""8142"": 0.0, ""8151"": 0.0, ""9228"": 0.0, ""9753"": 0.0, ""CIN"": 0.0}","[0.0, 0.0, 0.0, 0.0, 0.0, 0.0, 0.0, 0.0, 0.0, 0.0]"
2026-10-10T13:26:55+00:00,1389740418316374016,10,1,5,0.0,"[""10229"", ""11610"", ""11786"", ""12481"", ""12489"", ""12495"", ""12545"", ""2449"", ""2505"", ""4035"", ""5844"", ""6904"", ""8112"", ""8167"", ""9226"", ""DEN""]","[""6904"", ""12495"", ""12481"", ""8112"", ""8167"", ""5844"", ""12489"", ""11610"", ""11786"", ""DEN""]","{""10229"": 0.0, ""11610"": 0.0, ""11786"": 0.0, ""12481"": 0.0, ""12489"": 0.0, ""12495"": 0.0, ""12545"": 0.0, ""2449"": 0.0, ""2505"": 0.0, ""4035"": 0.0, ""5844"": 0.0, ""6904"": 0.0, ""8112"": 0.0, ""8167"": 0.0, ""9226"": 0.0, ""DEN"": 0.0}","[0.0, 0.0, 0.0, 0.0, 0.0, 0.0, 0.0, 0.0, 0.0, 0.0]"
2026-10-10T13:26:55+00:00,1389740418316374016,10,3,6,0.0,"[""11564"", ""11646"", ""12506"", ""13294"", ""1945"", ""3214"", ""4034"", ""5859"", ""6790"", ""7523"", ""7569"", ""7611"", ""9487"", ""9500"", ""SEA""]","[""11564"", ""4034"", ""6790"", ""9500"", ""7569"", ""12506"", ""7611"", ""9487"", ""1945"", ""SEA""]","{""11564"": 0.0, ""11646"": 0.0, ""12506"": 0.0, ""13294"": 0.0, ""1945"": 0.0, ""3214"": 0.0, ""4034"": 0.0, ""5859"": 0.0, ""6790"": 0.0, ""7523"": 0.0, ""7569"": 0.0, ""7611"": 0.0, ""9487"": 0.0, ""9500"": 0.0, ""SEA"": 0.0}","[0.0, 0.0, 0.0, 0.0, 0.0, 0.0, 0.0, 0.0, 0.0, 0.0]"
2026-10-10T13:26:55+00:00,1389740418316374016,10,3,7,0.0,"[""11604"", ""11624"", ""2133"", ""2747"", ""3294"", ""4046"", ""4866"", ""4943"", ""5850"", ""5967"", ""7002"", ""7594"", ""9493"", ""9756"", ""9997"", ""BAL""]","[""4943"", ""4866"", ""5967"", ""2133"", ""9997"", ""11604"", ""9493"", ""7002"", ""2747"", ""BAL""]","{""11604"": 0.0, ""11624"": 0.0, ""2133"": 0.0, ""2747"": 0.0, ""3294"": 0.0, ""4046"": 0.0, ""4866"": 0.0, ""4943"": 0.0, ""5850"": 0.0, ""5967"": 0.0, ""7002"": 0.0, ""7594"": 0.0, ""9493"": 0.0, ""9756"": 0.0, ""9997"": 0.0, ""BAL"": 0.0}","[0.0, 0.0, 0.0, 0.0, 0.0, 0.0, 0.0, 0.0, 0.0, 0.0]"
2026-10-10T13:26:55+00:00,1389740418316374016,10,5,8,0.0,"[""11539"", ""11560"", ""11563"", ""11630"", ""12501"", ""12514"", ""12518"", ""12534"", ""13287"", ""13345"", ""5045"", ""6786"", ""6794"", ""8150"", ""9484"", ""LAR""]","[""11563"", ""8150"", ""13287"", ""6786"", ""6794"", ""12518"", ""12514"", ""12501"", ""11539"", ""LAR""]","{""11539"": 0.0, ""11560"": 0.0, ""11563"": 0.0, ""11630"": 0.0, ""12501"": 0.0, ""12514"": 0.0, ""12518"": 0.0, ""12534"": 0.0, ""13287"": 0.0, ""13345"": 0.0, ""5045"": 0.0, ""6786"": 0.0, ""6794"": 0.0, ""8150"": 0.0, ""9484"": 0.0, ""LAR"": 0.0}","[0.0, 0.0, 0.0, 0.0, 0.0, 0.0, 0.0, 0.0, 0.0, 0.0]"
2026-10-10T13:26:55+00:00,1389740418316374016,10,4,9,0.0,"[""10236"", ""10859"", ""11435"", ""11635"", ""11834"", ""12490"", ""4199"", ""4984"", ""5846"", ""6813"", ""7839"", ""8121"", ""8126"", ""8144"", ""8155"", ""MIN""]","[""4984"", ""6813"", ""4199"", ""8144"", ""5846"", ""10859"", ""8121"", ""11435"", ""7839"", ""MIN""]","{""10236"": 0.0, ""10859"": 0.0, ""11435"": 0.0, ""11635"": 0.0, ""11834"": 0.0, ""12490"": 0.0, ""4199"": 0.0, ""4984"": 0.0, ""5846"": 0.0, ""6813"": 0.0, ""7839"": 0.0, ""8121"": 0.0, ""8126"": 0.0, ""8144"": 0.0, ""8155"": 0.0, ""MIN"": 0.0}","[0.0, 0.0, 0.0, 0.0, 0.0, 0.0, 0.0, 0.0, 0.0, 0.0]"
2026-10-10T13:26:55+00:00,1389740418316374016,10,4,10,0.0,"[""11586"", ""11620"", ""12185"", ""13298"", ""1466"", ""421"", ""4217"", ""4983"", ""6770"", ""6801"", ""8137"", ""8228"", ""9221"", ""9224"", ""NE""]","[""6770"", ""9221"", ""8228"", ""6801"", ""8137"", ""4217"", ""9224"", ""4983"", ""12185"", ""NE""]","{""11586"": 0.0, ""11620"": 0.0, ""12185"": 0.0, ""13298"": 0.0, ""1466"": 0.0, ""421"": 0.0, ""4217"": 0.0, ""4983"": 0.0, ""6770"": 0.0, ""6801"": 0.0, ""8137"": 0.0, ""8228"": 0.0, ""9221"": 0.0, ""9224"": 0.0, ""NE"": 0.0}","[0.0, 0.0, 0.0, 0.0, 0.0, 0.0, 0.0, 0.0, 0.0, 0.0]"
2026-10-10T13:26:55+00:00,1389740418316374016,11,4,1,0.0,"[""11628"", ""11637"", ""12015"", ""12507"", ""13264"", ""13286"", ""4881"", ""5892"", ""6804"", ""7525"", ""7567"", ""8130"", ""8131"", ""8148"", ""9488"", ""LAC""]","[""6804"", ""7567"", ""5892"", ""9488"", ""8148"", ""8130"", ""11637"", ""8131"", ""12015"", ""LAC""]","{""11628"": 0.0, ""11637"": 0.0, ""12015"": 0.0, ""12507"": 0.0, ""13264"": 0.0, ""13286"": 0.0, ""4881"": 0.0, ""5892"": 0.0, ""6804"": 0.0, ""7525"": 0.0, ""7567"": 0.0, ""8130"": 0.0, ""8131"": 0.0, ""8148"": 0.0, ""9488"": 0.0, ""LAC"": 0.0}","[0.0, 0.0, 0.0, 0.0, 0.0, 0.0, 0.0, 0.0, 0.0, 0.0]"
2026-10-10T13:26:55+00:00,1389740418316374016,11,3,2,0.0,"[""12517"", ""12519"", ""12527"", ""12711"", ""1479"", ""3321"", ""4037"", ""5872"", ""5927"", ""7021"", ""7526"", ""7547"", ""8138"", ""8183"", ""8408"", ""DAL""]","[""8183"", ""8138"", ""12527"", ""7547"", ""12519"", ""12517"", ""5872"", ""7526"", ""12711"", ""DAL""]","{""12517"": 0.0, ""12519"": 0.0, ""12527"": 0.0, ""12711"": 0.0, ""1479"": 0.0, ""3321"": 0.0, ""4037"": 0.0, ""5872"": 0.0, ""5927"": 0.0, ""7021"": 0.0, ""7526"": 0.0, ""7547"": 0.0, ""8138"": 0.0, ""8183"": 0.0, ""8408"": 0.0, ""DAL"": 0.0}","[0.0, 0.0, 0.0, 0.0, 0.0, 0.0, 0.0, 0.0, 0.0, 0.0]"
2026-10-10T13:26:55+00:00,1389740418316374016,11,1,3,0.0,"[""10232"", ""11584"", ""11632"", ""12529"", ""12713"", ""13279"", ""13281"", ""2216"", ""3163"", ""3198"", ""4892"", ""5012"", ""6819"", ""8146"", ""9509"", ""HOU""]","[""3163"", ""9509"", ""3198"", ""11632"", ""10232"", ""5012"", ""8146"", ""11584"", ""12713"", ""HOU""]","{""10232"": 0.0, ""11584"": 0.0, ""11632"": 0.0, ""12529"": 0.0, ""12713"": 0.0, ""13279"": 0.0, ""13281"": 0.0, ""2216"": 0.0, ""3163"": 0.0, ""3198"": 0.0, ""4892"": 0.0, ""5012"": 0.0, ""6819"": 0.0, ""8146"": 0.0, ""9509"": 0.0, ""HOU"": 0.0}","[0.0, 0.0, 0.0, 0.0, 0.0, 0.0, 0.0, 0.0, 0.0, 0.0]"
2026-10-10T13:26:55+00:00,1389740418316374016,11,2,4,0.0,"[""11533"", ""11576"", ""11577"", ""1166"", ""12512"", ""12526"", ""13346"", ""3634"", ""5001"", ""7564"", ""7588"", ""8142"", ""8151"", ""9228"", ""9753"", ""CIN""]","[""1166"", ""7588"", ""12512"", ""7564"", ""13346"", ""5001"", ""11577"", ""11576"", ""11533"", ""CIN""]","{""11533"": 0.0, ""11576"": 0.0, ""11577"": 0.0, ""1166"": 0.0, ""12512"": 0.0, ""12526"": 0.0, ""13346"": 0.0, ""3634"": 0.0, ""5001"": 0.0, ""7564"": 0.0, ""7588"": 0.0, ""8142"": 0.0, ""8151"": 0.0, ""9228"": 0.0, ""9753"": 0.0, ""CIN"": 0.0}","[0.0, 0.0, 0.0, 0.0, 0.0, 0.0, 0.0, 0.0, 0.0, 0.0]"
2026-10-10T13:26:55+00:00,1389740418316374016,11,1,5,0.0,"[""10229"", ""11610"", ""11786"", ""12481"", ""12489"", ""12495"", ""12545"", ""2449"", ""2505"", ""4035"", ""5844"", ""6904"", ""8112"", ""8167"", ""9226"", ""DEN""]","[""6904"", ""12495"", ""12481"", ""8112"", ""8167"", ""5844"", ""12489"", ""11610"", ""11786"", ""DEN""]","{""10229"": 0.0, ""11610"": 0.0, ""11786"": 0.0, ""12481"": 0.0, ""12489"": 0.0, ""12495"": 0.0, ""12545"": 0.0, ""2449"": 0.0, ""2505"": 0.0, ""4035"": 0.0, ""5844"": 0.0, ""6904"": 0.0, ""8112"": 0.0, ""8167"": 0.0, ""9226"": 0.0, ""DEN"": 0.0}","[0.0, 0.0, 0.0, 0.0, 0.0, 0.0, 0.0, 0.0, 0.0, 0.0]"
2026-10-10T13:26:55+00:00,1389740418316374016,11,2,6,0.0,"[""11564"", ""11646"", ""12506"", ""13294"", ""1945"", ""3214"", ""4034"", ""5859"", ""6790"", ""7523"", ""7569"", ""7611"", ""9487"", ""9500"", ""SEA""]","[""11564"", ""4034"", ""6790"", ""9500"", ""7569"", ""12506"", ""7611"", ""9487"", ""1945"", ""SEA""]","{""11564"": 0.0, ""11646"": 0.0, ""12506"": 0.0, ""13294"": 0.0, ""1945"": 0.0, ""3214"": 0.0, ""4034"": 0.0, ""5859"": 0.0, ""6790"": 0.0, ""7523"": 0.0, ""7569"": 0.0, ""7611"": 0.0, ""9487"": 0.0, ""9500"": 0.0, ""SEA"": 0.0}","[0.0, 0.0, 0.0, 0.0, 0.0, 0.0, 0.0, 0.0, 0.0, 0.0]"
2026-10-10T13:26:55+00:00,1389740418316374016,11,4,7,0.0,"[""11604"", ""11624"", ""2133"", ""2747"", ""3294"", ""4046"", ""4866"", ""4943"", ""5850"", ""5967"", ""7002"", ""7594"", ""9493"", ""9756"", ""9997"", ""BAL""]","[""4943"", ""4866"", ""5967"", ""2133"", ""9997"", ""11604"", ""9493"", ""7002"", ""2747"", ""BAL""]","{""11604"": 0.0, ""11624"": 0.0, ""2133"": 0.0, ""2747"": 0.0, ""3294"": 0.0, ""4046"": 0.0, ""4866"": 0.0, ""4943"": 0.0, ""5850"": 0.0, ""5967"": 0.0, ""7002"": 0.0, ""7594"": 0.0, ""9493"": 0.0, ""9756"": 0.0, ""9997"": 0.0, ""BAL"": 0.0}","[0.0, 0.0, 0.0, 0.0, 0.0, 0.0, 0.0, 0.0, 0.0, 0.0]"
2026-10-10T13:26:55+00:00,1389740418316374016,11,5,8,0.0,"[""11539"", ""11560"", ""11563"", ""11630"", ""12501"", ""12514"", ""12518"", ""12534"", ""13287"", ""13345"", ""5045"", ""6786"", ""6794"", ""8150"", ""9484"", ""LAR""]","[""11563"", ""8150"", ""13287"", ""6786"", ""6794"", ""12518"", ""12514"", ""12501"", ""11539"", ""LAR""]","{""11539"": 0.0, ""11560"": 0.0, ""11563"": 0.0, ""11630"": 0.0, ""12501"": 0.0, ""12514"": 0.0, ""12518"": 0.0, ""12534"": 0.0, ""13287"": 0.0, ""13345"": 0.0, ""5045"": 0.0, ""6786"": 0.0, ""6794"": 0.0, ""8150"": 0.0, ""9484"": 0.0, ""LAR"": 0.0}","[0.0, 0.0, 0.0, 0.0, 0.0, 0.0, 0.0, 0.0, 0.0, 0.0]"
2026-10-10T13:26:55+00:00,1389740418316374016,11,3,9,0.0,"[""10236"", ""10859"", ""11435"", ""11635"", ""11834"", ""12490"", ""4199"", ""4984"", ""5846"", ""6813"", ""7839"", ""8121"", ""8126"", ""8144"", ""8155"", ""MIN""]","[""4984"", ""6813"", ""4199"", ""8144"", ""5846"", ""10859"", ""8121"", ""11435"", ""7839"", ""MIN""]","{""10236"": 0.0, ""10859"": 0.0, ""11435"": 0.0, ""11635"": 0.0, ""11834"": 0.0, ""12490"": 0.0, ""4199"": 0.0, ""4984"": 0.0, ""5846"": 0.0, ""6813"": 0.0, ""7839"": 0.0, ""8121"": 0.0, ""8126"": 0.0, ""8144"": 0.0, ""8155"": 0.0, ""MIN"": 0.0}","[0.0, 0.0, 0.0, 0.0, 0.0, 0.0, 0.0, 0.0, 0.0, 0.0]"
2026-10-10T13:26:55+00:00,1389740418316374016,11,5,10,0.0,"[""11586"", ""11620"", ""12185"", ""13298"", ""1466"", ""421"", ""4217"", ""4983"", ""6770"", ""6801"", ""8137"", ""8228"", ""9221"", ""9224"", ""NE""]","[""6770"", ""9221"", ""8228"", ""6801"", ""8137"", ""4217"", ""9224"", ""4983"", ""12185"", ""NE""]","{""11586"": 0.0, ""11620"": 0.0, ""12185"": 0.0, ""13298"": 0.0, ""1466"": 0.0, ""421"": 0.0, ""4217"": 0.0, ""4983"": 0.0, ""6770"": 0.0, ""6801"": 0.0, ""8137"": 0.0, ""8228"": 0.0, ""9221"": 0.0, ""9224"": 0.0, ""NE"": 0.0}","[0.0, 0.0, 0.0, 0.0, 0.0, 0.0, 0.0, 0.0, 0.0, 0.0]"
2026-10-10T13:26:55+00:00,1389740418316374016,12,3,1,0.0,"[""11628"", ""11637"", ""12015"", ""12507"", ""13264"", ""13286"", ""4881"", ""5892"", ""6804"", ""7525"", ""7567"", ""8130"", ""8131"", ""8148"", ""9488"", ""LAC""]","[""6804"", ""7567"", ""5892"", ""9488"", ""8148"", ""8130"", ""11637"", ""8131"", ""12015"", ""LAC""]","{""11628"": 0.0, ""11637"": 0.0, ""12015"": 0.0, ""12507"": 0.0, ""13264"": 0.0, ""13286"": 0.0, ""4881"": 0.0, ""5892"": 0.0, ""6804"": 0.0, ""7525"": 0.0, ""7567"": 0.0, ""8130"": 0.0, ""8131"": 0.0, ""8148"": 0.0, ""9488"": 0.0, ""LAC"": 0.0}","[0.0, 0.0, 0.0, 0.0, 0.0, 0.0, 0.0, 0.0, 0.0, 0.0]"
2026-10-10T13:26:55+00:00,1389740418316374016,12,4,2,0.0,"[""12517"", ""12519"", ""12527"", ""12711"", ""1479"", ""3321"", ""4037"", ""5872"", ""5927"", ""7021"", ""7526"", ""7547"", ""8138"", ""8183"", ""8408"", ""DAL""]","[""8183"", ""8138"", ""12527"", ""7547"", ""12519"", ""12517"", ""5872"", ""7526"", ""12711"", ""DAL""]","{""12517"": 0.0, ""12519"": 0.0, ""12527"": 0.0, ""12711"": 0.0, ""1479"": 0.0, ""3321"": 0.0, ""4037"": 0.0, ""5872"": 0.0, ""5927"": 0.0, ""7021"": 0.0, ""7526"": 0.0, ""7547"": 0.0, ""8138"": 0.0, ""8183"": 0.0, ""8408"": 0.0, ""DAL"": 0.0}","[0.0, 0.0, 0.0, 0.0, 0.0, 0.0, 0.0, 0.0, 0.0, 0.0]"
2026-10-10T13:26:55+00:00,1389740418316374016,12,2,3,0.0,"[""10232"", ""11584"", ""11632"", ""12529"", ""12713"", ""13279"", ""13281"", ""2216"", ""3163"", ""3198"", ""4892"", ""5012"", ""6819"", ""8146"", ""9509"", ""HOU""]","[""3163"", ""9509"", ""3198"", ""11632"", ""10232"", ""5012"", ""8146"", ""11584"", ""12713"", ""HOU""]","{""10232"": 0.0, ""11584"": 0.0, ""11632"": 0.0, ""12529"": 0.0, ""12713"": 0.0, ""13279"": 0.0, ""13281"": 0.0, ""2216"": 0.0, ""3163"": 0.0, ""3198"": 0.0, ""4892"": 0.0, ""5012"": 0.0, ""6819"": 0.0, ""8146"": 0.0, ""9509"": 0.0, ""HOU"": 0.0}","[0.0, 0.0, 0.0, 0.0, 0.0, 0.0, 0.0, 0.0, 0.0, 0.0]"
2026-10-10T13:26:55+00:00,1389740418316374016,12,3,4,0.0,"[""11533"", ""11576"", ""11577"", ""1166"", ""12512"", ""12526"", ""13346"", ""3634"", ""5001"", ""7564"", ""7588"", ""8142"", ""8151"", ""9228"", ""9753"", ""CIN""]","[""1166"", ""7588"", ""12512"", ""7564"", ""13346"", ""5001"", ""11577"", ""11576"", ""11533"", ""CIN""]","{""11533"": 0.0, ""11576"": 0.0, ""11577"": 0.0, ""1166"": 0.0, ""12512"": 0.0, ""12526"": 0.0, ""13346"": 0.0, ""3634"": 0.0, ""5001"": 0.0, ""7564"": 0.0, ""7588"": 0.0, ""8142"": 0.0, ""8151"": 0.0, ""9228"": 0.0, ""9753"": 0.0, ""CIN"": 0.0}","[0.0, 0.0, 0.0, 0.0, 0.0, 0.0, 0.0, 0.0, 0.0, 0.0]"
2026-10-10T13:26:55+00:00,1389740418316374016,12,1,5,0.0,"[""10229"", ""11610"", ""11786"", ""12481"", ""12489"", ""12495"", ""12545"", ""2449"", ""2505"", ""4035"", ""5844"", ""6904"", ""8112"", ""8167"", ""9226"", ""DEN""]","[""6904"", ""12495"", ""12481"", ""8112"", ""8167"", ""5844"", ""12489"", ""11610"", ""11786"", ""DEN""]","{""10229"": 0.0, ""11610"": 0.0, ""11786"": 0.0, ""12481"": 0.0, ""12489"": 0.0, ""12495"": 0.0, ""12545"": 0.0, ""2449"": 0.0, ""2505"": 0.0, ""4035"": 0.0, ""5844"": 0.0, ""6904"": 0.0, ""8112"": 0.0, ""8167"": 0.0, ""9226"": 0.0, ""DEN"": 0.0}","[0.0, 0.0, 0.0, 0.0, 0.0, 0.0, 0.0, 0.0, 0.0, 0.0]"
2026-10-10T13:26:55+00:00,1389740418316374016,12,1,6,0.0,"[""11564"", ""11646"", ""12506"", ""13294"", ""1945"", ""3214"", ""4034"", ""5859"", ""6790"", ""7523"", ""7569"", ""7611"", ""9487"", ""9500"", ""SEA""]","[""11564"", ""4034"", ""6790"", ""9500"", ""7569"", ""12506"", ""7611"", ""9487"", ""1945"", ""SEA""]","{""11564"": 0.0, ""11646"": 0.0, ""12506"": 0.0, ""13294"": 0.0, ""1945"": 0.0, ""3214"": 0.0, ""4034"": 0.0, ""5859"": 0.0, ""6790"": 0.0, ""7523"": 0.0, ""7569"": 0.0, ""7611"": 0.0, ""9487"": 0.0, ""9500"": 0.0, ""SEA"": 0.0}","[0.0, 0.0, 0.0, 0.0, 0.0, 0.0, 0.0, 0.0, 0.0, 0.0]"
2026-10-10T13:26:55+00:00,1389740418316374016,12,5,7,0.0,"[""11604"", ""11624"", ""2133"", ""2747"", ""3294"", ""4046"", ""4866"", ""4943"", ""5850"", ""5967"", ""7002"", ""7594"", ""9493"", ""9756"", ""9997"", ""BAL""]","[""4943"", ""4866"", ""5967"", ""2133"", ""9997"", ""11604"", ""9493"", ""7002"", ""2747"", ""BAL""]","{""11604"": 0.0, ""11624"": 0.0, ""2133"": 0.0, ""2747"": 0.0, ""3294"": 0.0, ""4046"": 0.0, ""4866"": 0.0, ""4943"": 0.0, ""5850"": 0.0, ""5967"": 0.0, ""7002"": 0.0, ""7594"": 0.0, ""9493"": 0.0, ""9756"": 0.0, ""9997"": 0.0, ""BAL"": 0.0}","[0.0, 0.0, 0.0, 0.0, 0.0, 0.0, 0.0, 0.0, 0.0, 0.0]"
2026-10-10T13:26:55+00:00,1389740418316374016,12,4,8,0.0,"[""11539"", ""11560"", ""11563"", ""11630"", ""12501"", ""12514"", ""12518"", ""12534"", ""13287"", ""13345"", ""5045"", ""6786"", ""6794"", ""8150"", ""9484"", ""LAR""]","[""11563"", ""8150"", ""13287"", ""6786"", ""6794"", ""12518"", ""12514"", ""12501"", ""11539"", ""LAR""]","{""11539"": 0.0, ""11560"": 0.0, ""11563"": 0.0, ""11630"": 0.0, ""12501"": 0.0, ""12514"": 0.0, ""12518"": 0.0, ""12534"": 0.0, ""13287"": 0.0, ""13345"": 0.0, ""5045"": 0.0, ""6786"": 0.0, ""6794"": 0.0, ""8150"": 0.0, ""9484"": 0.0, ""LAR"": 0.0}","[0.0, 0.0, 0.0, 0.0, 0.0, 0.0, 0.0, 0.0, 0.0, 0.0]"
2026-10-10T13:26:55+00:00,1389740418316374016,12,2,9,0.0,"[""10236"", ""10859"", ""11435"", ""11635"", ""11834"", ""12490"", ""4199"", ""4984"", ""5846"", ""6813"", ""7839"", ""8121"", ""8126"", ""8144"", ""8155"", ""MIN""]","[""4984"", ""6813"", ""4199"", ""8144"", ""5846"", ""10859"", ""8121"", ""11435"", ""7839"", ""MIN""]","{""10236"": 0.0, ""10859"": 0.0, ""11435"": 0.0, ""11635"": 0.0, ""11834"": 0.0, ""12490"": 0.0, ""4199"": 0.0, ""4984"": 0.0, ""5846"": 0.0, ""6813"": 0.0, ""7839"": 0.0, ""8121"": 0.0, ""8126"": 0.0, ""8144"": 0.0, ""8155"": 0.0, ""MIN"": 0.0}","[0.0, 0.0, 0.0, 0.0, 0.0, 0.0, 0.0, 0.0, 0.0, 0.0]"
2026-10-10T13:26:55+00:00,1389740418316374016,12,5,10,0.0,"[""11586"", ""11620"", ""12185"", ""13298"", ""1466"", ""421"", ""4217"", ""4983"", ""6770"", ""6801"", ""8137"", ""8228"", ""9221"", ""9224"", ""NE""]","[""6770"", ""9221"", ""8228"", ""6801"", ""8137"", ""4217"", ""9224"", ""4983"", ""12185"", ""NE""]","{""11586"": 0.0, ""11620"": 0.0, ""12185"": 0.0, ""13298"": 0.0, ""1466"": 0.0, ""421"": 0.0, ""4217"": 0.0, ""4983"": 0.0, ""6770"": 0.0, ""6801"": 0.0, ""8137"": 0.0, ""8228"": 0.0, ""9221"": 0.0, ""9224"": 0.0, ""NE"": 0.0}","[0.0, 0.0, 0.0, 0.0, 0.0, 0.0, 0.0, 0.0, 0.0, 0.0]"
2026-10-10T13:26:55+00:00,1389740418316374016,13,2,1,0.0,"[""11628"", ""11637"", ""12015"", ""12507"", ""13264"", ""13286"", ""4881"", ""5892"", ""6804"", ""7525"", ""7567"", ""8130"", ""8131"", ""8148"", ""9488"", ""LAC""]","[""6804"", ""7567"", ""5892"", ""9488"", ""8148"", ""8130"", ""11637"", ""8131"", ""12015"", ""LAC""]","{""11628"": 0.0, ""11637"": 0.0, ""12015"": 0.0, ""12507"": 0.0, ""13264"": 0.0, ""13286"": 0.0, ""4881"": 0.0, ""5892"": 0.0, ""6804"": 0.0, ""7525"": 0.0, ""7567"": 0.0, ""8130"": 0.0, ""8131"": 0.0, ""8148"": 0.0, ""9488"": 0.0, ""LAC"": 0.0}","[0.0, 0.0, 0.0, 0.0, 0.0, 0.0, 0.0, 0.0, 0.0, 0.0]"
2026-10-10T13:26:55+00:00,1389740418316374016,13,5,2,0.0,"[""12517"", ""12519"", ""12527"", ""12711"", ""1479"", ""3321"", ""4037"", ""5872"", ""5927"", ""7021"", ""7526"", ""7547"", ""8138"", ""8183"", ""8408"", ""DAL""]","[""8183"", ""8138"", ""12527"", ""7547"", ""12519"", ""12517"", ""5872"", ""7526"", ""12711"", ""DAL""]","{""12517"": 0.0, ""12519"": 0.0, ""12527"": 0.0, ""12711"": 0.0, ""1479"": 0.0, ""3321"": 0.0, ""4037"": 0.0, ""5872"": 0.0, ""5927"": 0.0, ""7021"": 0.0, ""7526"": 0.0, ""7547"": 0.0, ""8138"": 0.0, ""8183"": 0.0, ""8408"": 0.0, ""DAL"": 0.0}","[0.0, 0.0, 0.0, 0.0, 0.0, 0.0, 0.0, 0.0, 0.0, 0.0]"
2026-10-10T13:26:55+00:00,1389740418316374016,13,3,3,0.0,"[""10232"", ""11584"", ""11632"", ""12529"", ""12713"", ""13279"", ""13281"", ""2216"", ""3163"", ""3198"", ""4892"", ""5012"", ""6819"", ""8146"", ""9509"", ""HOU""]","[""3163"", ""9509"", ""3198"", ""11632"", ""10232"", ""5012"", ""8146"", ""11584"", ""12713"", ""HOU""]","{""10232"": 0.0, ""11584"": 0.0, ""11632"": 0.0, ""12529"": 0.0, ""12713"": 0.0, ""13279"": 0.0, ""13281"": 0.0, ""2216"": 0.0, ""3163"": 0.0, ""3198"": 0.0, ""4892"": 0.0, ""5012"": 0.0, ""6819"": 0.0, ""8146"": 0.0, ""9509"": 0.0, ""HOU"": 0.0}","[0.0, 0.0, 0.0, 0.0, 0.0, 0.0, 0.0, 0.0, 0.0, 0.0]"
2026-10-10T13:26:55+00:00,1389740418316374016,13,4,4,0.0,"[""11533"", ""11576"", ""11577"", ""1166"", ""12512"", ""12526"", ""13346"", ""3634"", ""5001"", ""7564"", ""7588"", ""8142"", ""8151"", ""9228"", ""9753"", ""CIN""]","[""1166"", ""7588"", ""12512"", ""7564"", ""13346"", ""5001"", ""11577"", ""11576"", ""11533"", ""CIN""]","{""11533"": 0.0, ""11576"": 0.0, ""11577"": 0.0, ""1166"": 0.0, ""12512"": 0.0, ""12526"": 0.0, ""13346"": 0.0, ""3634"": 0.0, ""5001"": 0.0, ""7564"": 0.0, ""7588"": 0.0, ""8142"": 0.0, ""8151"": 0.0, ""9228"": 0.0, ""9753"": 0.0, ""CIN"": 0.0}","[0.0, 0.0, 0.0, 0.0, 0.0, 0.0, 0.0, 0.0, 0.0, 0.0]"
2026-10-10T13:26:55+00:00,1389740418316374016,13,1,5,0.0,"[""10229"", ""11610"", ""11786"", ""12481"", ""12489"", ""12495"", ""12545"", ""2449"", ""2505"", ""4035"", ""5844"", ""6904"", ""8112"", ""8167"", ""9226"", ""DEN""]","[""6904"", ""12495"", ""12481"", ""8112"", ""8167"", ""5844"", ""12489"", ""11610"", ""11786"", ""DEN""]","{""10229"": 0.0, ""11610"": 0.0, ""11786"": 0.0, ""12481"": 0.0, ""12489"": 0.0, ""12495"": 0.0, ""12545"": 0.0, ""2449"": 0.0, ""2505"": 0.0, ""4035"": 0.0, ""5844"": 0.0, ""6904"": 0.0, ""8112"": 0.0, ""8167"": 0.0, ""9226"": 0.0, ""DEN"": 0.0}","[0.0, 0.0, 0.0, 0.0, 0.0, 0.0, 0.0, 0.0, 0.0, 0.0]"
2026-10-10T13:26:55+00:00,1389740418316374016,13,2,6,0.0,"[""11564"", ""11646"", ""12506"", ""13294"", ""1945"", ""3214"", ""4034"", ""5859"", ""6790"", ""7523"", ""7569"", ""7611"", ""9487"", ""9500"", ""SEA""]","[""11564"", ""4034"", ""6790"", ""9500"", ""7569"", ""12506"", ""7611"", ""9487"", ""1945"", ""SEA""]","{""11564"": 0.0, ""11646"": 0.0, ""12506"": 0.0, ""13294"": 0.0, ""1945"": 0.0, ""3214"": 0.0, ""4034"": 0.0, ""5859"": 0.0, ""6790"": 0.0, ""7523"": 0.0, ""7569"": 0.0, ""7611"": 0.0, ""9487"": 0.0, ""9500"": 0.0, ""SEA"": 0.0}","[0.0, 0.0, 0.0, 0.0, 0.0, 0.0, 0.0, 0.0, 0.0, 0.0]"
2026-10-10T13:26:55+00:00,1389740418316374016,13,5,7,0.0,"[""11604"", ""11624"", ""2133"", ""2747"", ""3294"", ""4046"", ""4866"", ""4943"", ""5850"", ""5967"", ""7002"", ""7594"", ""9493"", ""9756"", ""9997"", ""BAL""]","[""4943"", ""4866"", ""5967"", ""2133"", ""9997"", ""11604"", ""9493"", ""7002"", ""2747"", ""BAL""]","{""11604"": 0.0, ""11624"": 0.0, ""2133"": 0.0, ""2747"": 0.0, ""3294"": 0.0, ""4046"": 0.0, ""4866"": 0.0, ""4943"": 0.0, ""5850"": 0.0, ""5967"": 0.0, ""7002"": 0.0, ""7594"": 0.0, ""9493"": 0.0, ""9756"": 0.0, ""9997"": 0.0, ""BAL"": 0.0}","[0.0, 0.0, 0.0, 0.0, 0.0, 0.0, 0.0, 0.0, 0.0, 0.0]"
2026-10-10T13:26:55+00:00,1389740418316374016,13,3,8,0.0,"[""11539"", ""11560"", ""11563"", ""11630"", ""12501"", ""12514"", ""12518"", ""12534"", ""13287"", ""13345"", ""5045"", ""6786"", ""6794"", ""8150"", ""9484"", ""LAR""]","[""11563"", ""8150"", ""13287"", ""6786"", ""6794"", ""12518"", ""12514"", ""12501"", ""11539"", ""LAR""]","{""11539"": 0.0, ""11560"": 0.0, ""11563"": 0.0, ""11630"": 0.0, ""12501"": 0.0, ""12514"": 0.0, ""12518"": 0.0, ""12534"": 0.0, ""13287"": 0.0, ""13345"": 0.0, ""5045"": 0.0, ""6786"": 0.0, ""6794"": 0.0, ""8150"": 0.0, ""9484"": 0.0, ""LAR"": 0.0}","[0.0, 0.0, 0.0, 0.0, 0.0, 0.0, 0.0, 0.0, 0.0, 0.0]"
2026-10-10T13:26:55+00:00,1389740418316374016,13,1,9,0.0,"[""10236"", ""10859"", ""11435"", ""11635"", ""11834"", ""12490"", ""4199"", ""4984"", ""5846"", ""6813"", ""7839"", ""8121"", ""8126"", ""8144"", ""8155"", ""MIN""]","[""4984"", ""6813"", ""4199"", ""8144"", ""5846"", ""10859"", ""8121"", ""11435"", ""7839"", ""MIN""]","{""10236"": 0.0, ""10859"": 0.0, ""11435"": 0.0, ""11635"": 0.0, ""11834"": 0.0, ""12490"": 0.0, ""4199"": 0.0, ""4984"": 0.0, ""5846"": 0.0, ""6813"": 0.0, ""7839"": 0.0, ""8121"": 0.0, ""8126"": 0.0, ""8144"": 0.0, ""8155"": 0.0, ""MIN"": 0.0}","[0.0, 0.0, 0.0, 0.0, 0.0, 0.0, 0.0, 0.0, 0.0, 0.0]"
2026-10-10T13:26:55+00:00,1389740418316374016,13,4,10,0.0,"[""11586"", ""11620"", ""12185"", ""13298"", ""1466"", ""421"", ""4217"", ""4983"", ""6770"", ""6801"", ""8137"", ""8228"", ""9221"", ""9224"", ""NE""]","[""6770"", ""9221"", ""8228"", ""6801"", ""8137"", ""4217"", ""9224"", ""4983"", ""12185"", ""NE""]","{""11586"": 0.0, ""11620"": 0.0, ""12185"": 0.0, ""13298"": 0.0, ""1466"": 0.0, ""421"": 0.0, ""4217"": 0.0, ""4983"": 0.0, ""6770"": 0.0, ""6801"": 0.0, ""8137"": 0.0, ""8228"": 0.0, ""9221"": 0.0, ""9224"": 0.0, ""NE"": 0.0}","[0.0, 0.0, 0.0, 0.0, 0.0, 0.0, 0.0, 0.0, 0.0, 0.0]"
2026-10-10T13:26:55+00:00,1389740418316374016,14,1,1,0.0,"[""11628"", ""11637"", ""12015"", ""12507"", ""13264"", ""13286"", ""4881"", ""5892"", ""6804"", ""7525"", ""7567"", ""8130"", ""8131"", ""8148"", ""9488"", ""LAC""]","[""6804"", ""7567"", ""5892"", ""9488"", ""8148"", ""8130"", ""11637"", ""8131"", ""12015"", ""LAC""]","{""11628"": 0.0, ""11637"": 0.0, ""12015"": 0.0, ""12507"": 0.0, ""13264"": 0.0, ""13286"": 0.0, ""4881"": 0.0, ""5892"": 0.0, ""6804"": 0.0, ""7525"": 0.0, ""7567"": 0.0, ""8130"": 0.0, ""8131"": 0.0, ""8148"": 0.0, ""9488"": 0.0, ""LAC"": 0.0}","[0.0, 0.0, 0.0, 0.0, 0.0, 0.0, 0.0, 0.0, 0.0, 0.0]"
2026-10-10T13:26:55+00:00,1389740418316374016,14,5,2,0.0,"[""12517"", ""12519"", ""12527"", ""12711"", ""1479"", ""3321"", ""4037"", ""5872"", ""5927"", ""7021"", ""7526"", ""7547"", ""8138"", ""8183"", ""8408"", ""DAL""]","[""8183"", ""8138"", ""12527"", ""7547"", ""12519"", ""12517"", ""5872"", ""7526"", ""12711"", ""DAL""]","{""12517"": 0.0, ""12519"": 0.0, ""12527"": 0.0, ""12711"": 0.0, ""1479"": 0.0, ""3321"": 0.0, ""4037"": 0.0, ""5872"": 0.0, ""5927"": 0.0, ""7021"": 0.0, ""7526"": 0.0, ""7547"": 0.0, ""8138"": 0.0, ""8183"": 0.0, ""8408"": 0.0, ""DAL"": 0.0}","[0.0, 0.0, 0.0, 0.0, 0.0, 0.0, 0.0, 0.0, 0.0, 0.0]"
2026-10-10T13:26:55+00:00,1389740418316374016,14,4,3,0.0,"[""10232"", ""11584"", ""11632"", ""12529"", ""12713"", ""13279"", ""13281"", ""2216"", ""3163"", ""3198"", ""4892"", ""5012"", ""6819"", ""8146"", ""9509"", ""HOU""]","[""3163"", ""9509"", ""3198"", ""11632"", ""10232"", ""5012"", ""8146"", ""11584"", ""12713"", ""HOU""]","{""10232"": 0.0, ""11584"": 0.0, ""11632"": 0.0, ""12529"": 0.0, ""12713"": 0.0, ""13279"": 0.0, ""13281"": 0.0, ""2216"": 0.0, ""3163"": 0.0, ""3198"": 0.0, ""4892"": 0.0, ""5012"": 0.0, ""6819"": 0.0, ""8146"": 0.0, ""9509"": 0.0, ""HOU"": 0.0}","[0.0, 0.0, 0.0, 0.0, 0.0, 0.0, 0.0, 0.0, 0.0, 0.0]"
2026-10-10T13:26:55+00:00,1389740418316374016,14,5,4,0.0,"[""11533"", ""11576"", ""11577"", ""1166"", ""12512"", ""12526"", ""13346"", ""3634"", ""5001"", ""7564"", ""7588"", ""8142"", ""8151"", ""9228"", ""9753"", ""CIN""]","[""1166"", ""7588"", ""12512"", ""7564"", ""13346"", ""5001"", ""11577"", ""11576"", ""11533"", ""CIN""]","{""11533"": 0.0, ""11576"": 0.0, ""11577"": 0.0, ""1166"": 0.0, ""12512"": 0.0, ""12526"": 0.0, ""13346"": 0.0, ""3634"": 0.0, ""5001"": 0.0, ""7564"": 0.0, ""7588"": 0.0, ""8142"": 0.0, ""8151"": 0.0, ""9228"": 0.0, ""9753"": 0.0, ""CIN"": 0.0}","[0.0, 0.0, 0.0, 0.0, 0.0, 0.0, 0.0, 0.0, 0.0, 0.0]"
2026-10-10T13:26:55+00:00,1389740418316374016,14,1,5,0.0,"[""10229"", ""11610"", ""11786"", ""12481"", ""12489"", ""12495"", ""12545"", ""2449"", ""2505"", ""4035"", ""5844"", ""6904"", ""8112"", ""8167"", ""9226"", ""DEN""]","[""6904"", ""12495"", ""12481"", ""8112"", ""8167"", ""5844"", ""12489"", ""11610"", ""11786"", ""DEN""]","{""10229"": 0.0, ""11610"": 0.0, ""11786"": 0.0, ""12481"": 0.0, ""12489"": 0.0, ""12495"": 0.0, ""12545"": 0.0, ""2449"": 0.0, ""2505"": 0.0, ""4035"": 0.0, ""5844"": 0.0, ""6904"": 0.0, ""8112"": 0.0, ""8167"": 0.0, ""9226"": 0.0, ""DEN"": 0.0}","[0.0, 0.0, 0.0, 0.0, 0.0, 0.0, 0.0, 0.0, 0.0, 0.0]"
2026-10-10T13:26:55+00:00,1389740418316374016,14,3,6,0.0,"[""11564"", ""11646"", ""12506"", ""13294"", ""1945"", ""3214"", ""4034"", ""5859"", ""6790"", ""7523"", ""7569"", ""7611"", ""9487"", ""9500"", ""SEA""]","[""11564"", ""4034"", ""6790"", ""9500"", ""7569"", ""12506"", ""7611"", ""9487"", ""1945"", ""SEA""]","{""11564"": 0.0, ""11646"": 0.0, ""12506"": 0.0, ""13294"": 0.0, ""1945"": 0.0, ""3214"": 0.0, ""4034"": 0.0, ""5859"": 0.0, ""6790"": 0.0, ""7523"": 0.0, ""7569"": 0.0, ""7611"": 0.0, ""9487"": 0.0, ""9500"": 0.0, ""SEA"": 0.0}","[0.0, 0.0, 0.0, 0.0, 0.0, 0.0, 0.0, 0.0, 0.0, 0.0]"
2026-10-10T13:26:55+00:00,1389740418316374016,14,4,7,0.0,"[""11604"", ""11624"", ""2133"", ""2747"", ""3294"", ""4046"", ""4866"", ""4943"", ""5850"", ""5967"", ""7002"", ""7594"", ""9493"", ""9756"", ""9997"", ""BAL""]","[""4943"", ""4866"", ""5967"", ""2133"", ""9997"", ""11604"", ""9493"", ""7002"", ""2747"", ""BAL""]","{""11604"": 0.0, ""11624"": 0.0, ""2133"": 0.0, ""2747"": 0.0, ""3294"": 0.0, ""4046"": 0.0, ""4866"": 0.0, ""4943"": 0.0, ""5850"": 0.0, ""5967"": 0.0, ""7002"": 0.0, ""7594"": 0.0, ""9493"": 0.0, ""9756"": 0.0, ""9997"": 0.0, ""BAL"": 0.0}","[0.0, 0.0, 0.0, 0.0, 0.0, 0.0, 0.0, 0.0, 0.0, 0.0]"
2026-10-10T13:26:55+00:00,1389740418316374016,14,2,8,0.0,"[""11539"", ""11560"", ""11563"", ""11630"", ""12501"", ""12514"", ""12518"", ""12534"", ""13287"", ""13345"", ""5045"", ""6786"", ""6794"", ""8150"", ""9484"", ""LAR""]","[""11563"", ""8150"", ""13287"", ""6786"", ""6794"", ""12518"", ""12514"", ""12501"", ""11539"", ""LAR""]","{""11539"": 0.0, ""11560"": 0.0, ""11563"": 0.0, ""11630"": 0.0, ""12501"": 0.0, ""12514"": 0.0, ""12518"": 0.0, ""12534"": 0.0, ""13287"": 0.0, ""13345"": 0.0, ""5045"": 0.0, ""6786"": 0.0, ""6794"": 0.0, ""8150"": 0.0, ""9484"": 0.0, ""LAR"": 0.0}","[0.0, 0.0, 0.0, 0.0, 0.0, 0.0, 0.0, 0.0, 0.0, 0.0]"
2026-10-10T13:26:55+00:00,1389740418316374016,14,2,9,0.0,"[""10236"", ""10859"", ""11435"", ""11635"", ""11834"", ""12490"", ""4199"", ""4984"", ""5846"", ""6813"", ""7839"", ""8121"", ""8126"", ""8144"", ""8155"", ""MIN""]","[""4984"", ""6813"", ""4199"", ""8144"", ""5846"", ""10859"", ""8121"", ""11435"", ""7839"", ""MIN""]","{""10236"": 0.0, ""10859"": 0.0, ""11435"": 0.0, ""11635"": 0.0, ""11834"": 0.0, ""12490"": 0.0, ""4199"": 0.0, ""4984"": 0.0, ""5846"": 0.0, ""6813"": 0.0, ""7839"": 0.0, ""8121"": 0.0, ""8126"": 0.0, ""8144"": 0.0, ""8155"": 0.0, ""MIN"": 0.0}","[0.0, 0.0, 0.0, 0.0, 0.0, 0.0, 0.0, 0.0, 0.0, 0.0]"
2026-10-10T13:26:55+00:00,1389740418316374016,14,3,10,0.0,"[""11586"", ""11620"", ""12185"", ""13298"", ""1466"", ""421"", ""4217"", ""4983"", ""6770"", ""6801"", ""8137"", ""8228"", ""9221"", ""9224"", ""NE""]","[""6770"", ""9221"", ""8228"", ""6801"", ""8137"", ""4217"", ""9224"", ""4983"", ""12185"", ""NE""]","{""11586"": 0.0, ""11620"": 0.0, ""12185"": 0.0, ""13298"": 0.0, ""1466"": 0.0, ""421"": 0.0, ""4217"": 0.0, ""4983"": 0.0, ""6770"": 0.0, ""6801"": 0.0, ""8137"": 0.0, ""8228"": 0.0, ""9221"": 0.0, ""9224"": 0.0, ""NE"": 0.0}","[0.0, 0.0, 0.0, 0.0, 0.0, 0.0, 0.0, 0.0, 0.0, 0.0]"
2026-10-10T13:26:55+00:00,1370453762442797056,1,1,1,116.46,"[""11237"", ""11628"", ""11632"", ""12497"", ""13075"", ""4147"", ""4199"", ""6768"", ""6770"", ""6813"", ""8172"", ""8259"", ""8800"", ""9225"", ""9484"", ""9753""]","[""6770"", ""6813"", ""4199"", ""13075"", ""11628"", ""9484"", ""4147"", ""11237"", ""8259""]","{""11237"": 2.5, ""11628"": 4.3, ""11632"": 12.9, ""12497"": 0.0, ""13075"": 19.2, ""4147"": 11.5, ""4199"": 13.4, ""6768"": 0.0, ""6770"": 19.16, ""6813"": 33.4, ""8172"": 4.8, ""8259"": 2.0, ""8800"": 0.0, ""9225"": 5.5, ""9484"": 11.0, ""9753"": 0.0}","[19.16, 33.4, 13.4, 19.2, 4.3, 11.0, 11.5, 2.5, 2.0]"
2026-10-10T13:26:55+00:00,1370453762442797056,1,2,2,149.96,"[""11560"", ""11604"", ""11617"", ""11620"", ""11624"", ""11647"", ""11655"", ""12455"", ""12481"", ""12507"", ""13296"", ""2020"", ""5045"", ""5844"", ""5872""]","[""11560"", ""12507"", ""12481"", ""11620"", ""5045"", ""5844"", ""5872"", ""11624"", ""2020""]","{""11560"": 45.26, ""11604"": 0.0, ""11617"": 5.4, ""11620"": 9.2, ""11624"": 4.8, ""11647"": 0.0, ""11655"": 0.3, ""12455"": 0.0, ""12481"": 20.2, ""12507"": 12.7, ""13296"": 14.4, ""2020"": 13.0, ""5045"": 3.1, ""5844"": 15.6, ""5872"": 26.1}","[45.26, 12.7, 20.2, 9.2, 3.1, 15.6, 26.1, 4.8, 13.0]"
2026-10-10T13:26:55+00:00,1370453762442797056,1,3,3,152.32,"[""10219"", ""10222"", ""11564"", ""11576"", ""11625"", ""12498"", ""12504"", ""13293"", ""1466"", ""6790"", ""7049"", ""7839"", ""8228"", ""9488"", ""9494""]","[""11564"", ""6790"", ""8228"", ""9488"", ""10222"", ""1466"", ""7049"", ""10219"", ""7839""]","{""10219"": 4.0, ""10222"": 5.0, ""11564"": 15.72, ""11576"": 7.5, ""11625"": 11.0, ""12498"": 2.8, ""12504"": 5.2, ""13293"": 2.1, ""1466"": 13.6, ""6790"": 41.0, ""7049"": 0.0, ""7839"": 26.0, ""8228"": 13.8, ""9488"": 33.2, ""9494"": 3.6}","[15.72, 41.0, 13.8, 33.2, 5.0, 13.6, 0.0, 4.0, 26.0]"
2026-10-10T13:26:55+00:00,1370453762442797056,1,4,4,149.3,"[""11581"", ""12509"", ""13286"", ""13320"", ""13413"", ""1373"", ""3257"", ""4034"", ""5012"", ""5967"", ""7042"", ""8126"", ""8144"", ""8146"", ""8183""]","[""8183"", ""4034"", ""5967"", ""8144"", ""8146"", ""5012"", ""13286"", ""11581"", ""7042""]","{""11581"": 7.3, ""12509"": 5.0, ""13286"": 11.8, ""13320"": 6.3, ""13413"": 0.0, ""1373"": 11.5, ""3257"": 21.18, ""4034"": 16.8, ""5012"": 10.9, ""5967"": 6.3, ""7042"": 16.0, ""8126"": 8.8, ""8144"": 36.2, ""8146"": 13.9, ""8183"": 30.1}","[30.1, 16.8, 6.3, 36.2, 13.9, 10.9, 11.8, 7.3, 16.0]"
2026-10-10T13:26:55+00:00,1370453762442797056,1,5,5,144.96,"[""11370"", ""11583"", ""11786"", ""12469"", ""12536"", ""2505"", ""4046"", ""4984"", ""7021"", ""7090"", ""7553"", ""7569"", ""8119"", ""8180"", ""9997""]","[""4984"", ""7021"", ""11583"", ""7569"", ""9997"", ""7553"", ""8180"", ""2505"", ""11786""]","{""11370"": 4.8, ""11583"": 10.0, ""11786"": 14.0, ""12469"": 6.4, ""12536"": 14.3, ""2505"": 5.8, ""4046"": 28.56, ""4984"": 45.86, ""7021"": 5.7, ""7090"": 4.7, ""7553"": 0.0, ""7569"": 21.9, ""8119"": 2.9, ""8180"": 5.7, ""9997"": 36.0}","[45.86, 5.7, 10.0, 21.9, 36.0, 0.0, 5.7, 5.8, 14.0]"
2026-10-10T13:26:55+00:00,1370453762442797056,1,6,6,156.1,"[""10229"", ""11635"", ""12467"", ""12474"", ""12492"", ""12533"", ""12545"", ""13317"", ""1479"", ""5022"", ""6650"", ""6806"", ""8132"", ""8148"", ""9226""]","[""12545"", ""9226"", ""12533"", ""10229"", ""11635"", ""5022"", ""8148"", ""6806"", ""6650""]","{""10229"": 9.9, ""11635"": 19.2, ""12467"": 0.0, ""12474"": 16.6, ""12492"": 8.2, ""12533"": 18.8, ""12545"": 37.5, ""13317"": 6.6, ""1479"": 9.2, ""5022"": 28.7, ""6650"": 14.0, ""6806"": 5.7, ""8132"": 13.4, ""8148"": 8.5, ""9226"": 13.8}","[37.5, 13.8, 18.8, 9.9, 19.2, 28.7, 8.5, 5.7, 14.0]"
2026-10-10T13:26:55+00:00,1370453762442797056,1,7,7,204.8,"[""11199"", ""11834"", ""12711"", ""13305"", ""13417"", ""3678"", ""7002"", ""7523"", ""7543"", ""7567"", ""8155"", ""8167"", ""9228"", ""9482"", ""9487"", ""9493""]","[""7523"", ""8155"", ""7543"", ""9493"", ""8167"", ""7002"", ""9487"", ""9482"", ""12711""]","{""11199"": 1.1, ""11834"": 19.9, ""12711"": 19.0, ""13305"": 6.0, ""13417"": 0.0, ""3678"": 5.0, ""7002"": 15.9, ""7523"": 35.0, ""7543"": 17.6, ""7567"": 6.5, ""8155"": 31.2, ""8167"": 40.7, ""9228"": 43.84, ""9482"": 12.2, ""9487"": 18.8, ""9493"": 14.4}","[35.0, 31.2, 17.6, 14.4, 40.7, 15.9, 18.8, 12.2, 19.0]"
2026-10-10T13:26:55+00:00,1370453762442797056,1,8,8,114.3,"[""11435"", ""11575"", ""11637"", ""12501"", ""12506"", ""12514"", ""13330"", ""2216"", ""3294"", ""3321"", ""4866"", ""5189"", ""8112"", ""8136"", ""8161""]","[""3294"", ""4866"", ""8136"", ""8112"", ""12514"", ""12506"", ""2216"", ""12501"", ""5189""]","{""11435"": 0.7, ""11575"": 5.6, ""11637"": 1.1, ""12501"": 17.5, ""12506"": 5.1, ""12514"": 11.3, ""13330"": 13.1, ""2216"": 16.9, ""3294"": 19.3, ""3321"": 0.0, ""4866"": 14.0, ""5189"": 12.0, ""8112"": 5.7, ""8136"": 12.5, ""8161"": 18.4}","[19.3, 14.0, 12.5, 5.7, 11.3, 5.1, 16.9, 17.5, 12.0]"
2026-10-10T13:26:55+00:00,1370453762442797056,1,9,9,107.86,"[""11533"", ""11566"", ""11616"", ""11643"", ""11783"", ""12540"", ""13337"", ""7526"", ""8130"", ""8150"", ""8408"", ""9480"", ""9506"", ""9511"", ""9754""]","[""11566"", ""8150"", ""8408"", ""7526"", ""11616"", ""8130"", ""9480"", ""9511"", ""11533""]","{""11533"": 1.0, ""11566"": 23.16, ""11616"": 1.7, ""11643"": 10.7, ""11783"": 4.2, ""12540"": 5.4, ""13337"": 10.9, ""7526"": 1.2, ""8130"": 29.0, ""8150"": 18.7, ""8408"": 15.4, ""9480"": 11.3, ""9506"": 0.0, ""9511"": 6.4, ""9754"": 3.7}","[23.16, 18.7, 15.4, 1.2, 1.7, 29.0, 11.3, 6.4, 1.0]"
2026-10-10T13:26:55+00:00,1370453762442797056,1,10,10,107.4,"[""12526"", ""12529"", ""12535"", ""12547"", ""13269"", ""4195"", ""4217"", ""5846"", ""5849"", ""5947"", ""6786"", ""8151"", ""8154"", ""9508""]","[""13269"", ""8151"", ""12529"", ""6786"", ""12526"", ""4217"", ""5846"", ""5947"", ""4195""]","{""12526"": 10.5, ""12529"": 0.0, ""12535"": 0.0, ""12547"": 5.8, ""13269"": 0.0, ""4195"": 7.0, ""4217"": 4.2, ""5846"": 8.0, ""5849"": 0.02, ""5947"": 12.9, ""6786"": 15.6, ""8151"": 49.2, ""8154"": 12.3, ""9508"": 5.5}","[0.0, 49.2, 0.0, 15.6, 10.5, 4.2, 8.0, 12.9, 7.0]"
2026-10-10T13:26:55+00:00,1370453762442797056,1,11,11,111.7,"[""11586"", ""12508"", ""13345"", ""1945"", ""2133"", ""2449"", ""3214"", ""4039"", ""4993"", ""5850"", ""7525"", ""7528"", ""8138"", ""8210"", ""9501""]","[""12508"", ""8138"", ""11586"", ""7525"", ""9501"", ""3214"", ""2133"", ""2449"", ""1945""]","{""11586"": 8.4, ""12508"": 36.8, ""13345"": 2.7, ""1945"": 9.0, ""2133"": 5.6, ""2449"": 15.5, ""3214"": 7.1, ""4039"": 5.5, ""4993"": 21.3, ""5850"": 0.0, ""7525"": 8.3, ""7528"": 0.0, ""8138"": 14.0, ""8210"": 4.6, ""9501"": 7.0}","[36.8, 14.0, 8.4, 8.3, 7.0, 7.1, 5.6, 15.5, 9.0]"
2026-10-10T13:26:55+00:00,1370453762442797056,1,12,12,174.16,"[""11792"", ""12457"", ""12519"", ""3198"", ""4018"", ""4035"", ""4950"", ""4983"", ""5859"", ""6797"", ""7571"", ""7594"", ""8121"", ""8131"", ""9758""]","[""6797"", ""3198"", ""7594"", ""5859"", ""12519"", ""8131"", ""4983"", ""8121"", ""11792""]","{""11792"": 10.0, ""12457"": 0.0, ""12519"": 9.7, ""3198"": 46.1, ""4018"": 0.0, ""4035"": 0.0, ""4950"": 0.0, ""4983"": 28.0, ""5859"": 5.6, ""6797"": 16.76, ""7571"": 0.0, ""7594"": 26.2, ""8121"": 0.0, ""8131"": 31.8, ""9758"": 21.36}","[16.76, 46.1, 26.2, 5.6, 9.7, 31.8, 28.0, 0.0, 10.0]"
2026-10-10T13:26:55+00:00,1370453762442797056,1,13,13,140.92,"[""11584"", ""11618"", ""12015"", ""12484"", ""12522"", ""13288"", ""5927"", ""6865"", ""6904"", ""7547"", ""7588"", ""7600"", ""8110"", ""8142"", ""9486"", ""9756""]","[""6904"", ""7588"", ""11584"", ""7547"", ""5927"", ""8110"", ""7600"", ""9756"", ""12015""]","{""11584"": 22.9, ""11618"": 0.0, ""12015"": 1.0, ""12484"": 0.0, ""12522"": 15.5, ""13288"": 0.0, ""5927"": 3.4, ""6865"": 2.1, ""6904"": 36.12, ""7547"": 28.7, ""7588"": 27.1, ""7600"": 18.1, ""8110"": 3.6, ""8142"": 10.1, ""9486"": 17.3, ""9756"": 0.0}","[36.12, 27.1, 22.9, 28.7, 3.4, 3.6, 18.1, 0.0, 1.0]"
2026-10-10T13:26:55+00:00,1370453762442797056,1,14,14,145.08,"[""10859"", ""12487"", ""12512"", ""12527"", ""12713"", ""13281"", ""13294"", ""13346"", ""13347"", ""3488"", ""5870"", ""6794"", ""6804"", ""9500"", ""9504""]","[""6804"", ""12527"", ""12512"", ""6794"", ""13281"", ""10859"", ""13294"", ""9500"", ""12713""]","{""10859"": 12.3, ""12487"": 0.0, ""12512"": 9.9, ""12527"": 44.8, ""12713"": 8.0, ""13281"": 0.0, ""13294"": 2.5, ""13346"": 16.9, ""13347"": 0.0, ""3488"": 0.0, ""5870"": 11.74, ""6794"": 31.2, ""6804"": 30.68, ""9500"": 5.7, ""9504"": 3.1}","[30.68, 44.8, 9.9, 31.2, 0.0, 12.3, 2.5, 5.7, 8.0]"
2026-10-10T13:26:55+00:00,1370453762442797056,1,15,15,141.14,"[""11539"", ""11610"", ""11627"", ""12502"", ""12517"", ""13274"", ""13287"", ""13298"", ""3163"", ""4981"", ""5001"", ""6783"", ""7611"", ""8917"", ""9509""]","[""3163"", ""9509"", ""7611"", ""13298"", ""8917"", ""12517"", ""11610"", ""13287"", ""11539""]","{""11539"": 7.0, ""11610"": 13.6, ""11627"": 0.7, ""12502"": 8.8, ""12517"": 0.0, ""13274"": 0.0, ""13287"": 15.7, ""13298"": 9.9, ""3163"": 20.84, ""4981"": 0.0, ""5001"": 9.5, ""6783"": 4.6, ""7611"": 19.1, ""8917"": 14.0, ""9509"": 41.0}","[20.84, 41.0, 19.1, 9.9, 14.0, 0.0, 13.6, 15.7, 7.0]"
2026-10-10T13:26:55+00:00,1370453762442797056,1,16,16,118.64,"[""10213"", ""10234"", ""10236"", ""11168"", ""11563"", ""12489"", ""3451"", ""4037"", ""4137"", ""8111"", ""8134"", ""8137"", ""8676"", ""9224"", ""96""]","[""11563"", ""9224"", ""12489"", ""8137"", ""4037"", ""10236"", ""8676"", ""10213"", ""3451""]","{""10213"": 4.7, ""10234"": 3.3, ""10236"": 26.5, ""11168"": 3.6, ""11563"": 8.04, ""12489"": 20.3, ""3451"": 11.0, ""4037"": 8.5, ""4137"": 0.0, ""8111"": 7.1, ""8134"": 9.0, ""8137"": 5.8, ""8676"": 10.3, ""9224"": 23.5, ""96"": 15.14}","[8.04, 23.5, 20.3, 5.8, 8.5, 26.5, 10.3, 4.7, 11.0]"
2026-10-10T13:26:55+00:00,1370453762442797056,1,17,17,157.86,"[""11569"", ""11603"", ""11631"", ""12493"", ""12534"", ""13279"", ""13301"", ""13311"", ""2747"", ""421"", ""4881"", ""6801"", ""8205"", ""9221"", ""9757""]","[""4881"", ""9221"", ""12534"", ""6801"", ""13279"", ""12493"", ""11631"", ""11603"", ""2747""]","{""11569"": 0.0, ""11603"": 4.3, ""11631"": 7.0, ""12493"": 6.2, ""12534"": 29.9, ""13279"": 7.8, ""13301"": 16.4, ""13311"": 3.5, ""2747"": 8.0, ""421"": 5.5, ""4881"": 36.36, ""6801"": 8.9, ""8205"": 0.0, ""9221"": 49.4, ""9757"": 13.2}","[36.36, 49.4, 29.9, 8.9, 7.8, 6.2, 7.0, 4.3, 8.0]"
2026-10-10T13:26:55+00:00,1370453762442797056,1,18,18,144.54,"[""10232"", ""11579"", ""11646"", ""12490"", ""12518"", ""13276"", ""13285"", ""13405"", ""4033"", ""4227"", ""4892"", ""4943"", ""5892"", ""6819"", ""7564""]","[""4892"", ""12490"", ""5892"", ""7564"", ""10232"", ""12518"", ""6819"", ""11646"", ""4227""]","{""10232"": 10.6, ""11579"": 0.0, ""11646"": 41.8, ""12490"": 14.8, ""12518"": 11.8, ""13276"": 4.0, ""13285"": 4.5, ""13405"": 2.4, ""4033"": 13.3, ""4227"": 7.0, ""4892"": 12.64, ""4943"": 0.52, ""5892"": 33.9, ""6819"": 8.8, ""7564"": 3.2}","[12.64, 14.8, 33.9, 3.2, 10.6, 11.8, 8.8, 41.8, 7.0]"
2026-10-10T13:26:55+00:00,1370453762442797056,2,1,1,115.38,"[""11608"", ""11628"", ""11632"", ""12472"", ""12529"", ""13075"", ""4147"", ""4199"", ""5846"", ""6768"", ""6770"", ""6813"", ""8259"", ""8800"", ""9225"", ""9484"", ""9753""]","[""6770"", ""6813"", ""4199"", ""13075"", ""5846"", ""9484"", ""12529"", ""11632"", ""8259""]","{""11608"": 24.1, ""11628"": 0.0, ""11632"": 1.1, ""12472"": 7.5, ""12529"": 17.8, ""13075"": 5.3, ""4147"": 3.6, ""4199"": 20.6, ""5846"": 6.7, ""6768"": 0.0, ""6770"": 20.38, ""6813"": 38.0, ""8259"": 1.0, ""8800"": 0.0, ""9225"": 16.9, ""9484"": 4.5, ""9753"": 0.0}","[20.38, 38.0, 20.6, 5.3, 6.7, 4.5, 17.8, 1.1, 1.0]"
2026-10-10T13:26:55+00:00,1370453762442797056,2,2,2,86.92,"[""11560"", ""11604"", ""11617"", ""11620"", ""11624"", ""11647"", ""11655"", ""12455"", ""12481"", ""12507"", ""13296"", ""2020"", ""5045"", ""5844"", ""5872""]","[""11560"", ""12507"", ""12481"", ""11620"", ""5045"", ""5844"", ""5872"", ""13296"", ""2020""]","{""11560"": 10.22, ""11604"": 0.0, ""11617"": 9.3, ""11620"": 7.3, ""11624"": 13.5, ""11647"": 2.6, ""11655"": 5.2, ""12455"": 13.3, ""12481"": 12.4, ""12507"": 26.6, ""13296"": 3.9, ""2020"": 4.0, ""5045"": 5.5, ""5844"": 7.4, ""5872"": 9.6}","[10.22, 26.6, 12.4, 7.3, 5.5, 7.4, 9.6, 3.9, 4.0]"
2026-10-10T13:26:55+00:00,1370453762442797056,2,3,3,151.72,"[""10219"", ""10222"", ""11564"", ""11625"", ""12498"", ""12504"", ""13293"", ""1466"", ""3286"", ""6790"", ""7049"", ""7839"", ""8228"", ""9488"", ""9494""]","[""11564"", ""6790"", ""8228"", ""9488"", ""10222"", ""1466"", ""3286"", ""10219"", ""7839""]","{""10219"": 3.5, ""10222"": 1.4, ""11564"": 10.32, ""11625"": 12.3, ""12498"": 0.0, ""12504"": 6.3, ""13293"": 0.0, ""1466"": 33.6, ""3286"": 6.4, ""6790"": 17.6, ""7049"": 0.0, ""7839"": 16.0, ""8228"": 12.4, ""9488"": 50.5, ""9494"": 0.0}","[10.32, 17.6, 12.4, 50.5, 1.4, 33.6, 6.4, 3.5, 16.0]"
2026-10-10T13:26:55+00:00,1370453762442797056,2,4,4,154.88,"[""11581"", ""12509"", ""12526"", ""13286"", ""13320"", ""1373"", ""3257"", ""4034"", ""5012"", ""5967"", ""7042"", ""8126"", ""8144"", ""8146"", ""8183""]","[""8183"", ""4034"", ""13286"", ""8144"", ""8146"", ""5012"", ""11581"", ""12526"", ""7042""]","{""11581"": 10.3, ""12509"": 8.3, ""12526"": 19.1, ""13286"": 8.6, ""13320"": 4.1, ""1373"": 20.08, ""3257"": 8.7, ""4034"": 24.6, ""5012"": 13.9, ""5967"": 11.8, ""7042"": 4.0, ""8126"": 1.9, ""8144"": 22.6, ""8146"": 16.7, ""8183"": 35.08}","[35.08, 24.6, 8.6, 22.6, 16.7, 13.9, 10.3, 19.1, 4.0]"
2026-10-10T13:26:55+00:00,1370453762442797056,2,5,5,109.42,"[""11370"", ""11583"", ""11786"", ""12048"", ""12469"", ""12536"", ""2505"", ""4046"", ""4177"", ""4984"", ""7021"", ""7553"", ""7569"", ""8180"", ""9508"", ""9997""]","[""4984"", ""7021"", ""11583"", ""12536"", ""4177"", ""7553"", ""12048"", ""9508"", ""11786""]","{""11370"": 4.4, ""11583"": 3.1, ""11786"": 8.0, ""12048"": 5.3, ""12469"": 0.0, ""12536"": 12.4, ""2505"": 19.8, ""4046"": 38.88, ""4177"": 3.8, ""4984"": 54.62, ""7021"": 8.3, ""7553"": 3.0, ""7569"": 0.0, ""8180"": 1.9, ""9508"": 10.9, ""9997"": 0.0}","[54.62, 8.3, 3.1, 12.4, 3.8, 3.0, 5.3, 10.9, 8.0]"
2026-10-10T13:26:55+00:00,1370453762442797056,2,6,6,105.78,"[""10229"", ""11635"", ""12474"", ""12492"", ""12533"", ""12545"", ""13317"", ""1479"", ""5022"", ""6650"", ""6806"", ""8132"", ""8148"", ""8154"", ""9226""]","[""12545"", ""9226"", ""12533"", ""10229"", ""8148"", ""5022"", ""11635"", ""6806"", ""6650""]","{""10229"": 12.3, ""11635"": 6.5, ""12474"": 14.6, ""12492"": 2.3, ""12533"": 8.2, ""12545"": 27.18, ""13317"": 4.7, ""1479"": 1.5, ""5022"": 1.9, ""6650"": 21.0, ""6806"": 6.1, ""8132"": 5.9, ""8148"": 5.3, ""8154"": 11.9, ""9226"": 17.3}","[27.18, 17.3, 8.2, 12.3, 5.3, 1.9, 6.5, 6.1, 21.0]"
2026-10-10T13:26:55+00:00,1370453762442797056,2,7,7,106.56,"[""11834"", ""12711"", ""13305"", ""13414"", ""6130"", ""7002"", ""7523"", ""7543"", ""7567"", ""8155"", ""8167"", ""9228"", ""9482"", ""9487"", ""9493""]","[""7523"", ""8155"", ""7543"", ""11834"", ""8167"", ""7002"", ""9482"", ""9487"", ""12711""]","{""11834"": 11.4, ""12711"": 7.0, ""13305"": 1.3, ""13414"": 3.9, ""6130"": 1.5, ""7002"": 12.6, ""7523"": 7.06, ""7543"": 9.2, ""7567"": 13.7, ""8155"": 20.4, ""8167"": 14.1, ""9228"": 31.78, ""9482"": 6.8, ""9487"": 18.0, ""9493"": 0.0}","[7.06, 20.4, 9.2, 11.4, 14.1, 12.6, 6.8, 18.0, 7.0]"
2026-10-10T13:26:55+00:00,1370453762442797056,2,8,8,116.76,"[""11435"", ""11575"", ""11637"", ""12501"", ""12506"", ""12514"", ""13330"", ""2216"", ""3294"", ""3321"", ""4866"", ""5189"", ""8112"", ""8136"", ""8161""]","[""3294"", ""4866"", ""8136"", ""8112"", ""12514"", ""12506"", ""2216"", ""12501"", ""5189""]","{""11435"": 16.4, ""11575"": 3.1, ""11637"": 12.3, ""12501"": 9.8, ""12506"": 12.9, ""12514"": 10.5, ""13330"": 4.7, ""2216"": 8.4, ""3294"": 39.56, ""3321"": 0.0, ""4866"": 3.8, ""5189"": 5.0, ""8112"": 9.1, ""8136"": 17.7, ""8161"": 18.38}","[39.56, 3.8, 17.7, 9.1, 10.5, 12.9, 8.4, 9.8, 5.0]"
2026-10-10T13:26:55+00:00,1370453762442797056,2,9,9,134.44,"[""11533"", ""11566"", ""11643"", ""11783"", ""12540"", ""13337"", ""4066"", ""7526"", ""8130"", ""8150"", ""8408"", ""9480"", ""9506"", ""9511"", ""9754""]","[""11566"", ""8150"", ""13337"", ""7526"", ""9754"", ""8130"", ""9480"", ""4066"", ""11533""]","{""11533"": 22.0, ""11566"": 20.64, ""11643"": 9.9, ""11783"": 7.3, ""12540"": 11.0, ""13337"": 11.8, ""4066"": 3.2, ""7526"": 27.8, ""8130"": 22.1, ""8150"": 19.6, ""8408"": 0.0, ""9480"": 4.7, ""9506"": 0.0, ""9511"": 11.1, ""9754"": 2.6}","[20.64, 19.6, 11.8, 27.8, 2.6, 22.1, 4.7, 3.2, 22.0]"
2026-10-10T13:26:55+00:00,1370453762442797056,2,10,10,0.0,[],"[""0"", ""0"", ""0"", ""0"", ""0"", ""0"", ""0"", ""0"", ""0""]",{},"[0.0, 0.0, 0.0, 0.0, 0.0, 0.0, 0.0, 0.0, 0.0]"
2026-10-10T13:26:55+00:00,1370453762442797056,2,11,11,178.7,"[""11586"", ""12508"", ""13345"", ""1945"", ""2133"", ""2449"", ""3214"", ""4039"", ""4217"", ""4993"", ""5850"", ""5947"", ""7525"", ""8138"", ""8210""]","[""12508"", ""8138"", ""11586"", ""7525"", ""5947"", ""4217"", ""2133"", ""2449"", ""1945""]","{""11586"": 15.1, ""12508"": 0.8, ""13345"": 17.8, ""1945"": 6.0, ""2133"": 45.5, ""2449"": 21.7, ""3214"": 8.5, ""4039"": 4.0, ""4217"": 22.0, ""4993"": 0.0, ""5850"": 0.0, ""5947"": 3.8, ""7525"": 31.7, ""8138"": 32.1, ""8210"": 0.0}","[0.8, 32.1, 15.1, 31.7, 3.8, 22.0, 45.5, 21.7, 6.0]"
2026-10-10T13:26:55+00:00,1370453762442797056,2,12,12,137.18,"[""11792"", ""12457"", ""12519"", ""3198"", ""4018"", ""4035"", ""4950"", ""4983"", ""5859"", ""6786"", ""6797"", ""7571"", ""7594"", ""8121"", ""8131"", ""9758""]","[""6797"", ""3198"", ""7594"", ""6786"", ""12519"", ""8131"", ""4983"", ""8121"", ""11792""]","{""11792"": 13.0, ""12457"": 0.0, ""12519"": 6.2, ""3198"": 22.9, ""4018"": 0.0, ""4035"": 9.5, ""4950"": 0.0, ""4983"": 0.1, ""5859"": 0.0, ""6786"": 39.3, ""6797"": 11.48, ""7571"": 21.8, ""7594"": 18.8, ""8121"": 14.6, ""8131"": 10.8, ""9758"": 20.12}","[11.48, 22.9, 18.8, 39.3, 6.2, 10.8, 0.1, 14.6, 13.0]"
2026-10-10T13:26:55+00:00,1370453762442797056,2,13,13,133.16,"[""11584"", ""11618"", ""12015"", ""12484"", ""12522"", ""13288"", ""5927"", ""6865"", ""6904"", ""7547"", ""7588"", ""7600"", ""8110"", ""8142"", ""9486"", ""9756""]","[""6904"", ""7588"", ""11584"", ""7547"", ""5927"", ""8110"", ""7600"", ""8142"", ""12015""]","{""11584"": 17.9, ""11618"": 0.0, ""12015"": 2.0, ""12484"": 0.0, ""12522"": 22.32, ""13288"": 1.8, ""5927"": 7.0, ""6865"": 4.5, ""6904"": 22.16, ""7547"": 39.2, ""7588"": 10.4, ""7600"": 10.1, ""8110"": 22.3, ""8142"": 2.1, ""9486"": 12.4, ""9756"": 4.1}","[22.16, 10.4, 17.9, 39.2, 7.0, 22.3, 10.1, 2.1, 2.0]"
2026-10-10T13:26:55+00:00,1370453762442797056,2,14,14,99.5,"[""10859"", ""12487"", ""12512"", ""12527"", ""12713"", ""13281"", ""13294"", ""13346"", ""13347"", ""5870"", ""6794"", ""6804"", ""9500"", ""9504""]","[""6804"", ""12527"", ""12512"", ""6794"", ""13281"", ""10859"", ""13294"", ""9500"", ""12713""]","{""10859"": 20.2, ""12487"": 20.4, ""12512"": 12.7, ""12527"": 15.0, ""12713"": 9.0, ""13281"": 0.0, ""13294"": 2.1, ""13346"": 24.5, ""13347"": 1.2, ""5870"": 15.5, ""6794"": 8.5, ""6804"": 17.8, ""9500"": 14.2, ""9504"": 6.7}","[17.8, 15.0, 12.7, 8.5, 0.0, 20.2, 2.1, 14.2, 9.0]"
2026-10-10T13:26:55+00:00,1370453762442797056,2,15,15,146.18,"[""11539"", ""11610"", ""12502"", ""12517"", ""13287"", ""13298"", ""3163"", ""3634"", ""4981"", ""5001"", ""6783"", ""7611"", ""8151"", ""8917"", ""9509""]","[""3163"", ""9509"", ""7611"", ""13298"", ""8917"", ""12517"", ""11610"", ""8151"", ""11539""]","{""11539"": 8.0, ""11610"": 16.5, ""12502"": 4.3, ""12517"": 1.8, ""13287"": 9.8, ""13298"": 8.4, ""3163"": 40.38, ""3634"": 12.0, ""4981"": 5.5, ""5001"": 36.0, ""6783"": 0.0, ""7611"": 6.3, ""8151"": 36.1, ""8917"": 13.4, ""9509"": 15.3}","[40.38, 15.3, 6.3, 8.4, 13.4, 1.8, 16.5, 36.1, 8.0]"
2026-10-10T13:26:55+00:00,1370453762442797056,2,16,16,139.32,"[""10213"", ""10234"", ""10236"", ""11168"", ""11199"", ""11563"", ""12489"", ""3451"", ""4037"", ""4137"", ""8111"", ""8134"", ""8137"", ""8676"", ""9224"", ""96""]","[""11563"", ""9224"", ""11199"", ""8137"", ""4037"", ""10236"", ""8676"", ""10213"", ""3451""]","{""10213"": 31.9, ""10234"": 0.0, ""10236"": 26.0, ""11168"": 6.1, ""11199"": 1.4, ""11563"": 19.12, ""12489"": 0.0, ""3451"": 10.0, ""4037"": 9.5, ""4137"": 0.0, ""8111"": 11.3, ""8134"": 7.9, ""8137"": 10.0, ""8676"": 14.7, ""9224"": 16.7, ""96"": 4.18}","[19.12, 16.7, 1.4, 10.0, 9.5, 26.0, 14.7, 31.9, 10.0]"
2026-10-10T13:26:55+00:00,1370453762442797056,2,17,17,115.5,"[""11569"", ""11603"", ""11631"", ""12493"", ""12534"", ""13279"", ""13301"", ""13311"", ""2747"", ""421"", ""4881"", ""6801"", ""8205"", ""9221"", ""9757""]","[""4881"", ""9221"", ""12534"", ""6801"", ""13279"", ""12493"", ""11631"", ""11603"", ""2747""]","{""11569"": 0.0, ""11603"": 8.6, ""11631"": 7.0, ""12493"": 10.8, ""12534"": 11.3, ""13279"": 5.7, ""13301"": 5.4, ""13311"": 0.0, ""2747"": 8.0, ""421"": 38.78, ""4881"": 20.1, ""6801"": 14.5, ""8205"": 0.0, ""9221"": 29.5, ""9757"": 0.0}","[20.1, 29.5, 11.3, 14.5, 5.7, 10.8, 7.0, 8.6, 8.0]"
2026-10-10T13:26:55+00:00,1370453762442797056,2,18,18,134.98,"[""10218"", ""10232"", ""11646"", ""12490"", ""12518"", ""13285"", ""4033"", ""4227"", ""4892"", ""4943"", ""5892"", ""6819"", ""7564""]","[""4892"", ""12490"", ""5892"", ""7564"", ""10232"", ""12518"", ""10218"", ""11646"", ""4227""]","{""10218"": 6.7, ""10232"": 3.8, ""11646"": 19.5, ""12490"": 18.3, ""12518"": 18.1, ""13285"": 7.0, ""4033"": 2.4, ""4227"": 19.0, ""4892"": 17.48, ""4943"": 0.0, ""5892"": 5.6, ""6819"": 0.0, ""7564"": 26.5}","[17.48, 18.3, 5.6, 26.5, 3.8, 18.1, 6.7, 19.5, 19.0]"
2026-10-10T13:26:55+00:00,1370453762442797056,3,1,1,143.98,"[""11608"", ""11628"", ""11632"", ""12472"", ""12529"", ""12641"", ""13075"", ""4147"", ""4199"", ""5846"", ""6083"", ""6770"", ""6813"", ""8800"", ""9225"", ""9484"", ""9753""]","[""6770"", ""6813"", ""4199"", ""13075"", ""11608"", ""9484"", ""12529"", ""11632"", ""6083""]","{""11608"": 12.6, ""11628"": 7.0, ""11632"": 7.6, ""12472"": 14.5, ""12529"": 5.5, ""12641"": 3.1, ""13075"": 31.8, ""4147"": 6.1, ""4199"": 19.1, ""5846"": 12.1, ""6083"": 14.0, ""6770"": 29.48, ""6813"": 15.3, ""8800"": 0.0, ""9225"": -0.5, ""9484"": 8.6, ""9753"": 0.0}","[29.48, 15.3, 19.1, 31.8, 12.6, 8.6, 5.5, 7.6, 14.0]"
2026-10-10T13:26:55+00:00,1370453762442797056,3,2,2,148.68,"[""11560"", ""11604"", ""11617"", ""11620"", ""11624"", ""11655"", ""12455"", ""12481"", ""12507"", ""13296"", ""2020"", ""5045"", ""5844"", ""5872"", ""6804""]","[""6804"", ""12507"", ""12481"", ""5872"", ""5045"", ""11604"", ""11620"", ""5844"", ""2020""]","{""11560"": 0.0, ""11604"": 36.6, ""11617"": 12.4, ""11620"": 7.4, ""11624"": 4.0, ""11655"": 3.0, ""12455"": 1.4, ""12481"": 20.5, ""12507"": 9.6, ""13296"": 0.0, ""2020"": 11.0, ""5045"": 7.6, ""5844"": 4.1, ""5872"": 26.2, ""6804"": 25.68}","[25.68, 9.6, 20.5, 26.2, 7.6, 36.6, 7.4, 4.1, 11.0]"
2026-10-10T13:26:55+00:00,1370453762442797056,3,3,3,135.52,"[""10219"", ""10222"", ""11564"", ""11625"", ""12498"", ""12504"", ""13293"", ""1466"", ""3286"", ""6790"", ""7049"", ""7839"", ""8228"", ""9488"", ""9494""]","[""11564"", ""6790"", ""8228"", ""9488"", ""11625"", ""1466"", ""7049"", ""10219"", ""7839""]","{""10219"": 12.3, ""10222"": 0.0, ""11564"": 5.56, ""11625"": 0.0, ""12498"": 0.0, ""12504"": 3.4, ""13293"": 0.0, ""1466"": 16.9, ""3286"": 0.0, ""6790"": 15.8, ""7049"": 1.1, ""7839"": 14.0, ""8228"": 30.5, ""9488"": 39.36, ""9494"": 0.0}","[5.56, 15.8, 30.5, 39.36, 0.0, 16.9, 1.1, 12.3, 14.0]"
2026-10-10T13:26:55+00:00,1370453762442797056,3,4,4,150.58,"[""11581"", ""12526"", ""13286"", ""13320"", ""1373"", ""3257"", ""4034"", ""5012"", ""5967"", ""7042"", ""8126"", ""8144"", ""8146"", ""8183"", ""9500""]","[""8183"", ""4034"", ""13286"", ""8144"", ""8146"", ""5012"", ""11581"", ""12526"", ""7042""]","{""11581"": 5.1, ""12526"": 3.7, ""13286"": 3.2, ""13320"": 5.7, ""1373"": 35.94, ""3257"": 31.4, ""4034"": 28.1, ""5012"": 6.9, ""5967"": 18.5, ""7042"": 6.0, ""8126"": 18.7, ""8144"": 23.7, ""8146"": 30.7, ""8183"": 43.18, ""9500"": 12.7}","[43.18, 28.1, 3.2, 23.7, 30.7, 6.9, 5.1, 3.7, 6.0]"
2026-10-10T13:26:55+00:00,1370453762442797056,3,5,5,88.16,"[""11370"", ""11583"", ""11786"", ""12048"", ""12469"", ""12536"", ""2505"", ""4046"", ""4177"", ""4984"", ""7021"", ""7553"", ""7567"", ""7569"", ""8180"", ""9508"", ""9997""]","[""4984"", ""9508"", ""11370"", ""12536"", ""4177"", ""7553"", ""2505"", ""9997"", ""11786""]","{""11370"": 3.4, ""11583"": 0.0, ""11786"": 5.0, ""12048"": 11.4, ""12469"": 0.0, ""12536"": 11.7, ""2505"": 12.6, ""4046"": 21.14, ""4177"": 14.7, ""4984"": 19.56, ""7021"": 0.0, ""7553"": 2.0, ""7567"": 19.6, ""7569"": 0.0, ""8180"": 2.6, ""9508"": 1.1, ""9997"": 18.1}","[19.56, 1.1, 3.4, 11.7, 14.7, 2.0, 12.6, 18.1, 5.0]"
2026-10-10T13:26:55+00:00,1370453762442797056,3,6,6,121.7,"[""10229"", ""10859"", ""11635"", ""12474"", ""12492"", ""12527"", ""12533"", ""12545"", ""13294"", ""1479"", ""5022"", ""6650"", ""6806"", ""8132"", ""8148"", ""9226""]","[""12545"", ""9226"", ""12527"", ""10229"", ""11635"", ""10859"", ""12533"", ""8148"", ""6650""]","{""10229"": 15.8, ""10859"": 8.9, ""11635"": 10.6, ""12474"": 15.8, ""12492"": 14.4, ""12527"": 16.6, ""12533"": 10.6, ""12545"": 32.5, ""13294"": 5.9, ""1479"": 18.3, ""5022"": 0.0, ""6650"": 15.0, ""6806"": 10.7, ""8132"": 5.3, ""8148"": 8.9, ""9226"": 2.8}","[32.5, 2.8, 16.6, 15.8, 10.6, 8.9, 10.6, 8.9, 15.0]"
2026-10-10T13:26:55+00:00,1370453762442797056,3,7,7,141.38,"[""11834"", ""11994"", ""12487"", ""12512"", ""12711"", ""13414"", ""7002"", ""7523"", ""7543"", ""8155"", ""8167"", ""9228"", ""9482"", ""9487"", ""9493""]","[""7523"", ""8155"", ""12512"", ""11834"", ""8167"", ""7002"", ""12487"", ""9487"", ""12711""]","{""11834"": 6.9, ""11994"": 2.0, ""12487"": 2.4, ""12512"": 14.5, ""12711"": 14.0, ""13414"": 3.0, ""7002"": 27.3, ""7523"": 27.58, ""7543"": 13.6, ""8155"": 13.1, ""8167"": 22.6, ""9228"": 15.64, ""9482"": 13.7, ""9487"": 13.0, ""9493"": 0.0}","[27.58, 13.1, 14.5, 6.9, 22.6, 27.3, 2.4, 13.0, 14.0]"
2026-10-10T13:26:55+00:00,1370453762442797056,3,8,8,176.84,"[""11435"", ""11575"", ""11637"", ""12501"", ""12506"", ""12514"", ""13330"", ""2216"", ""3294"", ""4866"", ""5189"", ""8112"", ""8136"", ""8161""]","[""3294"", ""4866"", ""8136"", ""8112"", ""12514"", ""12506"", ""2216"", ""12501"", ""5189""]","{""11435"": 3.2, ""11575"": 0.0, ""11637"": 4.7, ""12501"": 27.0, ""12506"": 27.6, ""12514"": 11.2, ""13330"": 33.0, ""2216"": 12.4, ""3294"": 23.24, ""4866"": 14.0, ""5189"": 8.0, ""8112"": 36.4, ""8136"": 17.0, ""8161"": 14.8}","[23.24, 14.0, 17.0, 36.4, 11.2, 27.6, 12.4, 27.0, 8.0]"
2026-10-10T13:26:55+00:00,1370453762442797056,3,9,9,120.02,"[""11533"", ""11566"", ""11643"", ""11783"", ""12540"", ""13337"", ""13346"", ""4066"", ""5849"", ""7526"", ""8130"", ""8150"", ""8408"", ""9480"", ""9511"", ""9754""]","[""5849"", ""8150"", ""9511"", ""7526"", ""13346"", ""8130"", ""9480"", ""4066"", ""11533""]","{""11533"": 11.0, ""11566"": 0.0, ""11643"": 0.0, ""11783"": 4.2, ""12540"": 8.5, ""13337"": 6.5, ""13346"": 8.1, ""4066"": 0.0, ""5849"": 15.32, ""7526"": 7.1, ""8130"": 21.0, ""8150"": 28.8, ""8408"": 0.0, ""9480"": 7.7, ""9511"": 21.0, ""9754"": 7.0}","[15.32, 28.8, 21.0, 7.1, 8.1, 21.0, 7.7, 0.0, 11.0]"
2026-10-10T13:26:55+00:00,1370453762442797056,3,10,10,0.0,[],"[""0"", ""0"", ""0"", ""0"", ""0"", ""0"", ""0"", ""0"", ""0""]",{},"[0.0, 0.0, 0.0, 0.0, 0.0, 0.0, 0.0, 0.0, 0.0]"
2026-10-10T13:26:55+00:00,1370453762442797056,3,11,11,158.02,"[""11586"", ""13345"", ""1945"", ""2133"", ""2307"", ""2449"", ""3214"", ""4039"", ""4217"", ""4993"", ""5850"", ""5947"", ""6826"", ""7525"", ""8138""]","[""2307"", ""8138"", ""11586"", ""7525"", ""2133"", ""4217"", ""3214"", ""2449"", ""1945""]","{""11586"": 4.7, ""13345"": 0.0, ""1945"": 16.0, ""2133"": 26.7, ""2307"": 27.92, ""2449"": 7.3, ""3214"": 2.0, ""4039"": 14.6, ""4217"": 29.2, ""4993"": 14.2, ""5850"": 0.0, ""5947"": 19.4, ""6826"": 0.0, ""7525"": 12.5, ""8138"": 31.7}","[27.92, 31.7, 4.7, 12.5, 26.7, 29.2, 2.0, 7.3, 16.0]"
2026-10-10T13:26:55+00:00,1370453762442797056,3,12,12,156.34,"[""11792"", ""12457"", ""12519"", ""3198"", ""4018"", ""4035"", ""4950"", ""4983"", ""5859"", ""6786"", ""6794"", ""6797"", ""7571"", ""7594"", ""8121"", ""8131"", ""9758""]","[""6797"", ""3198"", ""7594"", ""6786"", ""12519"", ""8131"", ""6794"", ""4983"", ""11792""]","{""11792"": 21.0, ""12457"": 0.0, ""12519"": 20.0, ""3198"": 28.1, ""4018"": 0.0, ""4035"": 7.9, ""4950"": 0.0, ""4983"": 12.7, ""5859"": 0.0, ""6786"": 26.2, ""6794"": 5.2, ""6797"": 16.54, ""7571"": 5.7, ""7594"": 22.3, ""8121"": 7.9, ""8131"": 4.3, ""9758"": 15.08}","[16.54, 28.1, 22.3, 26.2, 20.0, 4.3, 5.2, 12.7, 21.0]"
2026-10-10T13:26:55+00:00,1370453762442797056,3,13,13,122.02,"[""11584"", ""11618"", ""12015"", ""12484"", ""12522"", ""13288"", ""5927"", ""6865"", ""6904"", ""7547"", ""7588"", ""7600"", ""8110"", ""8142"", ""9486"", ""9756""]","[""6904"", ""7588"", ""11584"", ""7547"", ""5927"", ""8110"", ""7600"", ""8142"", ""12015""]","{""11584"": 11.3, ""11618"": 0.0, ""12015"": 20.0, ""12484"": 0.0, ""12522"": 12.14, ""13288"": 0.0, ""5927"": 19.7, ""6865"": 0.0, ""6904"": 14.42, ""7547"": 11.9, ""7588"": 27.1, ""7600"": 6.8, ""8110"": 10.8, ""8142"": 0.0, ""9486"": 5.2, ""9756"": 23.0}","[14.42, 27.1, 11.3, 11.9, 19.7, 10.8, 6.8, 0.0, 20.0]"
2026-10-10T13:26:55+00:00,1370453762442797056,3,14,14,0.0,[],"[""0"", ""0"", ""0"", ""0"", ""0"", ""0"", ""0"", ""0"", ""0""]",{},"[0.0, 0.0, 0.0, 0.0, 0.0, 0.0, 0.0, 0.0, 0.0]"
2026-10-10T13:26:55+00:00,1370453762442797056,3,15,15,185.76,"[""11539"", ""11610"", ""12502"", ""12517"", ""13287"", ""13298"", ""3163"", ""3634"", ""4981"", ""5001"", ""6783"", ""7611"", ""8151"", ""8917"", ""9509""]","[""3163"", ""9509"", ""13287"", ""13298"", ""8917"", ""5001"", ""11610"", ""8151"", ""11539""]","{""11539"": 8.0, ""11610"": 17.0, ""12502"": 4.4, ""12517"": 9.1, ""13287"": 29.6, ""13298"": 3.0, ""3163"": 25.16, ""3634"": 25.5, ""4981"": 0.0, ""5001"": 7.5, ""6783"": 0.0, ""7611"": 9.7, ""8151"": 26.4, ""8917"": 15.5, ""9509"": 53.6}","[25.16, 53.6, 29.6, 3.0, 15.5, 7.5, 17.0, 26.4, 8.0]"
2026-10-10T13:26:55+00:00,1370453762442797056,3,16,16,104.94,"[""10213"", ""10234"", ""10236"", ""11168"", ""11563"", ""1166"", ""12489"", ""3451"", ""4037"", ""4137"", ""8111"", ""8134"", ""8137"", ""8208"", ""8676"", ""9224""]","[""11563"", ""9224"", ""12489"", ""8137"", ""4037"", ""10236"", ""8676"", ""10213"", ""3451""]","{""10213"": 8.3, ""10234"": 3.8, ""10236"": 4.8, ""11168"": 11.6, ""11563"": 29.44, ""1166"": 28.82, ""12489"": 11.1, ""3451"": 5.0, ""4037"": 5.5, ""4137"": 0.0, ""8111"": 10.1, ""8134"": 1.6, ""8137"": 15.2, ""8208"": 3.1, ""8676"": 12.6, ""9224"": 13.0}","[29.44, 13.0, 11.1, 15.2, 5.5, 4.8, 12.6, 8.3, 5.0]"
2026-10-10T13:26:55+00:00,1370453762442797056,3,17,17,143.64,"[""11569"", ""11603"", ""11631"", ""12493"", ""12534"", ""13279"", ""13301"", ""13311"", ""2747"", ""421"", ""4881"", ""6801"", ""8205"", ""9221"", ""9757""]","[""4881"", ""9221"", ""12534"", ""6801"", ""13279"", ""12493"", ""11631"", ""11603"", ""2747""]","{""11569"": 0.0, ""11603"": 14.4, ""11631"": 1.8, ""12493"": 0.0, ""12534"": 6.6, ""13279"": 11.8, ""13301"": 3.5, ""13311"": 12.7, ""2747"": 11.0, ""421"": 31.3, ""4881"": 27.14, ""6801"": 21.0, ""8205"": 0.0, ""9221"": 49.9, ""9757"": 7.0}","[27.14, 49.9, 6.6, 21.0, 11.8, 0.0, 1.8, 14.4, 11.0]"
2026-10-10T13:26:55+00:00,1370453762442797056,3,18,18,137.48,"[""10218"", ""10232"", ""11646"", ""12490"", ""12518"", ""13285"", ""4033"", ""4227"", ""4892"", ""4943"", ""5892"", ""6819"", ""7564""]","[""4892"", ""12490"", ""5892"", ""7564"", ""10232"", ""12518"", ""10218"", ""11646"", ""4227""]","{""10218"": 9.4, ""10232"": 25.9, ""11646"": 3.8, ""12490"": 22.0, ""12518"": 19.9, ""13285"": 3.9, ""4033"": 0.0, ""4227"": 6.0, ""4892"": 16.18, ""4943"": 38.36, ""5892"": 9.5, ""6819"": 3.6, ""7564"": 24.8}","[16.18, 22.0, 9.5, 24.8, 25.9, 19.9, 9.4, 3.8, 6.0]"
2026-10-10T13:26:55+00:00,1370453762442797056,4,1,1,208.52,"[""11608"", ""11628"", ""11632"", ""12472"", ""12495"", ""12529"", ""13075"", ""4147"", ""4199"", ""5846"", ""6083"", ""6770"", ""6813"", ""8800"", ""9225"", ""9484"", ""9753""]","[""6770"", ""6813"", ""4199"", ""11632"", ""11608"", ""9484"", ""12529"", ""12495"", ""6083""]","{""11608"": 21.5, ""11628"": 8.2, ""11632"": 27.2, ""12472"": 10.6, ""12495"": 25.8, ""12529"": 8.0, ""13075"": 15.1, ""4147"": 1.3, ""4199"": 25.3, ""5846"": 22.5, ""6083"": 20.0, ""6770"": 31.82, ""6813"": 28.7, ""8800"": 0.0, ""9225"": 9.8, ""9484"": 20.2, ""9753"": 0.0}","[31.82, 28.7, 25.3, 27.2, 21.5, 20.2, 8.0, 25.8, 20.0]"
2026-10-10T13:26:55+00:00,1370453762442797056,4,2,2,165.58,"[""11560"", ""11604"", ""11617"", ""11620"", ""11624"", ""11643"", ""12481"", ""12507"", ""13296"", ""2020"", ""4993"", ""5045"", ""5872"", ""5970"", ""6804"", ""8154""]","[""6804"", ""12507"", ""12481"", ""5872"", ""11620"", ""11604"", ""11643"", ""8154"", ""2020""]","{""11560"": 0.0, ""11604"": 23.6, ""11617"": 5.3, ""11620"": 15.4, ""11624"": 13.0, ""11643"": 11.4, ""12481"": 12.7, ""12507"": 16.6, ""13296"": 0.0, ""2020"": 13.0, ""4993"": 14.5, ""5045"": 1.4, ""5872"": 24.5, ""5970"": 12.7, ""6804"": 17.88, ""8154"": 30.5}","[17.88, 16.6, 12.7, 24.5, 15.4, 23.6, 11.4, 30.5, 13.0]"
2026-10-10T13:26:55+00:00,1370453762442797056,4,3,3,120.06,"[""10219"", ""11564"", ""11625"", ""12498"", ""12504"", ""1466"", ""3271"", ""4177"", ""6790"", ""7049"", ""7839"", ""8228"", ""9488"", ""9494""]","[""11564"", ""6790"", ""8228"", ""9488"", ""4177"", ""1466"", ""7049"", ""3271"", ""7839""]","{""10219"": 11.2, ""11564"": 35.76, ""11625"": 0.0, ""12498"": 0.0, ""12504"": 4.3, ""1466"": 4.5, ""3271"": 14.2, ""4177"": 8.3, ""6790"": 11.4, ""7049"": 1.8, ""7839"": 7.0, ""8228"": 24.5, ""9488"": 12.6, ""9494"": 2.0}","[35.76, 11.4, 24.5, 12.6, 8.3, 4.5, 1.8, 14.2, 7.0]"
2026-10-10T13:26:55+00:00,1370453762442797056,4,4,4,170.02,"[""11566"", ""11581"", ""12526"", ""13286"", ""2505"", ""4034"", ""5012"", ""5967"", ""7021"", ""7042"", ""8126"", ""8144"", ""8146"", ""8183"", ""9500"", ""9508""]","[""8183"", ""4034"", ""5967"", ""8144"", ""8146"", ""2505"", ""9500"", ""12526"", ""7042""]","{""11566"": 0.0, ""11581"": 11.8, ""12526"": 49.2, ""13286"": 0.0, ""2505"": 8.1, ""4034"": 20.5, ""5012"": 16.2, ""5967"": 17.2, ""7021"": 0.0, ""7042"": 9.0, ""8126"": 11.2, ""8144"": 25.6, ""8146"": 5.7, ""8183"": 30.12, ""9500"": 4.6, ""9508"": 2.0}","[30.12, 20.5, 17.2, 25.6, 5.7, 8.1, 4.6, 49.2, 9.0]"
2026-10-10T13:26:55+00:00,1370453762442797056,4,5,5,0.0,[],"[""0"", ""0"", ""0"", ""0"", ""0"", ""0"", ""0"", ""0"", ""0""]",{},"[0.0, 0.0, 0.0, 0.0, 0.0, 0.0, 0.0, 0.0, 0.0]"
2026-10-10T13:26:55+00:00,1370453762442797056,4,6,6,114.24,"[""10229"", ""10859"", ""11635"", ""12474"", ""12492"", ""12527"", ""12533"", ""12545"", ""13294"", ""1479"", ""5022"", ""6650"", ""6806"", ""8132"", ""8148"", ""9226""]","[""12545"", ""12474"", ""12527"", ""10229"", ""11635"", ""10859"", ""12533"", ""8148"", ""6650""]","{""10229"": 0.0, ""10859"": 26.4, ""11635"": 0.0, ""12474"": 9.4, ""12492"": 7.7, ""12527"": 25.1, ""12533"": 9.3, ""12545"": 19.84, ""13294"": 5.7, ""1479"": 0.0, ""5022"": 0.0, ""6650"": 2.0, ""6806"": 10.4, ""8132"": 15.0, ""8148"": 22.2, ""9226"": 0.0}","[19.84, 9.4, 25.1, 0.0, 0.0, 26.4, 9.3, 22.2, 2.0]"
2026-10-10T13:26:55+00:00,1370453762442797056,4,7,7,132.48,"[""11834"", ""12048"", ""12487"", ""12509"", ""12512"", ""12711"", ""13414"", ""3321"", ""7002"", ""7523"", ""7543"", ""8155"", ""8167"", ""9228"", ""9482"", ""9487"", ""9493""]","[""7523"", ""12048"", ""12512"", ""9493"", ""8167"", ""7002"", ""11834"", ""9487"", ""12711""]","{""11834"": 17.4, ""12048"": 4.4, ""12487"": 0.0, ""12509"": 9.0, ""12512"": 26.5, ""12711"": 11.0, ""13414"": 3.5, ""3321"": 0.0, ""7002"": 14.9, ""7523"": 16.18, ""7543"": 0.0, ""8155"": 0.0, ""8167"": 7.7, ""9228"": 28.56, ""9482"": 20.2, ""9487"": 2.5, ""9493"": 31.9}","[16.18, 4.4, 26.5, 31.9, 7.7, 14.9, 17.4, 2.5, 11.0]"
2026-10-10T13:26:55+00:00,1370453762442797056,4,8,8,139.9,"[""11435"", ""11637"", ""12501"", ""12506"", ""12514"", ""13330"", ""2216"", ""3294"", ""4866"", ""5189"", ""7569"", ""8112"", ""8136"", ""8161"", ""9997""]","[""3294"", ""4866"", ""8136"", ""8112"", ""9997"", ""12506"", ""2216"", ""7569"", ""5189""]","{""11435"": 34.2, ""11637"": 27.6, ""12501"": 11.9, ""12506"": 13.2, ""12514"": 3.3, ""13330"": 0.0, ""2216"": 12.6, ""3294"": 23.5, ""4866"": 2.4, ""5189"": 5.0, ""7569"": 36.8, ""8112"": 14.6, ""8136"": 0.0, ""8161"": 3.4, ""9997"": 31.8}","[23.5, 2.4, 0.0, 14.6, 31.8, 13.2, 12.6, 36.8, 5.0]"
2026-10-10T13:26:55+00:00,1370453762442797056,4,9,9,161.9,"[""11533"", ""11576"", ""11783"", ""12540"", ""13337"", ""13346"", ""4046"", ""4066"", ""5849"", ""7526"", ""7567"", ""8130"", ""8150"", ""8408"", ""9480"", ""9511""]","[""4046"", ""8150"", ""11576"", ""7526"", ""13346"", ""8130"", ""9480"", ""4066"", ""11533""]","{""11533"": 15.0, ""11576"": 13.0, ""11783"": 7.7, ""12540"": 16.6, ""13337"": 6.9, ""13346"": 14.9, ""4046"": 24.9, ""4066"": 2.1, ""5849"": 13.18, ""7526"": 14.5, ""7567"": 11.3, ""8130"": 13.6, ""8150"": 43.9, ""8408"": 0.0, ""9480"": 20.0, ""9511"": 16.6}","[24.9, 43.9, 13.0, 14.5, 14.9, 13.6, 20.0, 2.1, 15.0]"
2026-10-10T13:26:55+00:00,1370453762442797056,4,10,10,0.0,[],"[""0"", ""0"", ""0"", ""0"", ""0"", ""0"", ""0"", ""0"", ""0""]",{},"[0.0, 0.0, 0.0, 0.0, 0.0, 0.0, 0.0, 0.0, 0.0]"
2026-10-10T13:26:55+00:00,1370453762442797056,4,11,11,96.92,"[""11586"", ""1945"", ""2133"", ""2307"", ""2449"", ""3214"", ""4039"", ""4217"", ""4984"", ""5850"", ""5947"", ""6826"", ""7525"", ""8138"", ""8168""]","[""4984"", ""8138"", ""11586"", ""7525"", ""2133"", ""4217"", ""8168"", ""2449"", ""1945""]","{""11586"": 4.1, ""1945"": 3.0, ""2133"": 7.2, ""2307"": 6.04, ""2449"": 8.5, ""3214"": 13.7, ""4039"": 2.3, ""4217"": 23.0, ""4984"": 23.02, ""5850"": 0.0, ""5947"": 6.3, ""6826"": 4.3, ""7525"": 0.0, ""8138"": 20.2, ""8168"": 7.9}","[23.02, 20.2, 4.1, 0.0, 7.2, 23.0, 7.9, 8.5, 3.0]"
2026-10-10T13:26:55+00:00,1370453762442797056,4,12,12,200.96,"[""11792"", ""12457"", ""12519"", ""3198"", ""4018"", ""4035"", ""4950"", ""4983"", ""5859"", ""6786"", ""6794"", ""6797"", ""7571"", ""7594"", ""8121"", ""8131"", ""9758""]","[""6797"", ""3198"", ""7594"", ""6786"", ""12519"", ""8131"", ""4035"", ""4983"", ""11792""]","{""11792"": 24.0, ""12457"": 0.0, ""12519"": 12.1, ""3198"": 23.5, ""4018"": 0.0, ""4035"": 24.7, ""4950"": 0.0, ""4983"": 2.9, ""5859"": 0.0, ""6786"": 45.5, ""6794"": 0.0, ""6797"": 14.26, ""7571"": 6.6, ""7594"": 36.9, ""8121"": 23.8, ""8131"": 17.1, ""9758"": 31.98}","[14.26, 23.5, 36.9, 45.5, 12.1, 17.1, 24.7, 2.9, 24.0]"
2026-10-10T13:26:55+00:00,1370453762442797056,4,13,13,128.52,"[""11584"", ""12015"", ""12185"", ""12484"", ""12522"", ""12718"", ""13288"", ""5927"", ""6865"", ""6904"", ""7547"", ""7588"", ""7600"", ""8110"", ""8142"", ""9486"", ""9756""]","[""6904"", ""7588"", ""11584"", ""7547"", ""5927"", ""8110"", ""7600"", ""9756"", ""12185""]","{""11584"": 10.8, ""12015"": 6.0, ""12185"": 20.0, ""12484"": 0.0, ""12522"": 18.88, ""12718"": 1.7, ""13288"": 0.8, ""5927"": 0.0, ""6865"": 0.0, ""6904"": 19.02, ""7547"": 15.5, ""7588"": 36.1, ""7600"": 12.2, ""8110"": 5.6, ""8142"": 0.0, ""9486"": 4.8, ""9756"": 9.3}","[19.02, 36.1, 10.8, 15.5, 0.0, 5.6, 12.2, 9.3, 20.0]"
2026-10-10T13:26:55+00:00,1370453762442797056,4,14,14,0.0,[],"[""0"", ""0"", ""0"", ""0"", ""0"", ""0"", ""0"", ""0"", ""0""]",{},"[0.0, 0.0, 0.0, 0.0, 0.0, 0.0, 0.0, 0.0, 0.0]"
2026-10-10T13:26:55+00:00,1370453762442797056,4,15,15,184.98,"[""11539"", ""11610"", ""12502"", ""12517"", ""13287"", ""13298"", ""3163"", ""3634"", ""4981"", ""5001"", ""6783"", ""7611"", ""8151"", ""8917"", ""9509""]","[""3163"", ""9509"", ""13287"", ""3634"", ""8917"", ""5001"", ""11610"", ""8151"", ""11539""]","{""11539"": 22.0, ""11610"": 12.4, ""12502"": 4.0, ""12517"": 14.7, ""13287"": 10.8, ""13298"": 12.4, ""3163"": 29.48, ""3634"": 4.2, ""4981"": 2.3, ""5001"": 3.9, ""6783"": 6.6, ""7611"": 22.5, ""8151"": 42.3, ""8917"": 19.4, ""9509"": 40.5}","[29.48, 40.5, 10.8, 4.2, 19.4, 3.9, 12.4, 42.3, 22.0]"
2026-10-10T13:26:55+00:00,1370453762442797056,4,16,16,139.96,"[""10213"", ""10234"", ""10236"", ""11563"", ""1166"", ""12489"", ""3451"", ""4037"", ""4137"", ""8111"", ""8134"", ""8137"", ""8208"", ""8676"", ""9224""]","[""11563"", ""9224"", ""12489"", ""8137"", ""8676"", ""10236"", ""8111"", ""10213"", ""3451""]","{""10213"": 8.4, ""10234"": 6.0, ""10236"": 2.2, ""11563"": 16.46, ""1166"": 28.6, ""12489"": 27.6, ""3451"": 21.0, ""4037"": 9.1, ""4137"": 0.0, ""8111"": 9.7, ""8134"": 15.2, ""8137"": 11.5, ""8208"": 11.4, ""8676"": 22.2, ""9224"": 20.9}","[16.46, 20.9, 27.6, 11.5, 22.2, 2.2, 9.7, 8.4, 21.0]"
2026-10-10T13:26:55+00:00,1370453762442797056,4,17,17,173.08,"[""11569"", ""11603"", ""11631"", ""12493"", ""12534"", ""13279"", ""13301"", ""13311"", ""2747"", ""421"", ""4881"", ""6801"", ""8205"", ""9221"", ""9757""]","[""4881"", ""9221"", ""12534"", ""6801"", ""13279"", ""12493"", ""11631"", ""11603"", ""2747""]","{""11569"": 0.0, ""11603"": 2.7, ""11631"": 9.7, ""12493"": 11.5, ""12534"": 41.0, ""13279"": 25.5, ""13301"": 5.1, ""13311"": 0.0, ""2747"": 6.0, ""421"": 12.28, ""4881"": 24.28, ""6801"": 30.7, ""8205"": 0.0, ""9221"": 21.7, ""9757"": 3.6}","[24.28, 21.7, 41.0, 30.7, 25.5, 11.5, 9.7, 2.7, 6.0]"
2026-10-10T13:26:55+00:00,1370453762442797056,4,18,18,85.52,"[""10218"", ""10232"", ""11571"", ""11646"", ""12490"", ""12518"", ""13285"", ""4033"", ""4227"", ""4892"", ""4943"", ""5892"", ""6819"", ""7564""]","[""4943"", ""12490"", ""5892"", ""7564"", ""10232"", ""12518"", ""6819"", ""11571"", ""4227""]","{""10218"": 7.6, ""10232"": 16.5, ""11571"": 2.0, ""11646"": 0.0, ""12490"": 15.5, ""12518"": 11.6, ""13285"": 15.2, ""4033"": 0.0, ""4227"": 6.0, ""4892"": 0.0, ""4943"": 18.42, ""5892"": 6.3, ""6819"": 3.5, ""7564"": 5.7}","[18.42, 15.5, 6.3, 5.7, 16.5, 11.6, 3.5, 2.0, 6.0]"
2026-10-10T13:26:55+00:00,1370453762442797056,5,1,1,0.0,"[""11577"", ""11608"", ""11628"", ""11632"", ""11646"", ""12495"", ""12518"", ""12529"", ""13075"", ""13264"", ""4199"", ""5846"", ""6083"", ""6770"", ""6813"", ""9753""]","[""6770"", ""6813"", ""4199"", ""11632"", ""5846"", ""12518"", ""11577"", ""12495"", ""6083""]","{""11577"": 0.0, ""11608"": 0.0, ""11628"": 0.0, ""11632"": 0.0, ""11646"": 0.0, ""12495"": 0.0, ""12518"": 0.0, ""12529"": 0.0, ""13075"": 0.0, ""13264"": 0.0, ""4199"": 0.0, ""5846"": 0.0, ""6083"": 0.0, ""6770"": 0.0, ""6813"": 0.0, ""9753"": 0.0}","[0.0, 0.0, 0.0, 0.0, 0.0, 0.0, 0.0, 0.0, 0.0]"
2026-10-10T13:26:55+00:00,1370453762442797056,5,2,2,0.0,"[""11560"", ""11604"", ""11620"", ""11624"", ""11643"", ""12481"", ""12490"", ""12507"", ""2020"", ""4993"", ""5045"", ""5872"", ""6804"", ""7564"", ""8154""]","[""6804"", ""12490"", ""12481"", ""5872"", ""7564"", ""11604"", ""11620"", ""12507"", ""2020""]","{""11560"": 0.0, ""11604"": 0.0, ""11620"": 0.0, ""11624"": 0.0, ""11643"": 0.0, ""12481"": 0.0, ""12490"": 0.0, ""12507"": 0.0, ""2020"": 0.0, ""4993"": 0.0, ""5045"": 0.0, ""5872"": 0.0, ""6804"": 0.0, ""7564"": 0.0, ""8154"": 0.0}","[0.0, 0.0, 0.0, 0.0, 0.0, 0.0, 0.0, 0.0, 0.0]"
2026-10-10T13:26:55+00:00,1370453762442797056,5,3,3,0.0,"[""10219"", ""11564"", ""12498"", ""12504"", ""12542"", ""1466"", ""3271"", ""4177"", ""6790"", ""7049"", ""7839"", ""8228"", ""9484"", ""9488"", ""9494""]","[""11564"", ""6790"", ""8228"", ""9488"", ""12542"", ""3271"", ""10219"", ""12504"", ""7839""]","{""10219"": 0.0, ""11564"": 0.0, ""12498"": 0.0, ""12504"": 0.0, ""12542"": 0.0, ""1466"": 0.0, ""3271"": 0.0, ""4177"": 0.0, ""6790"": 0.0, ""7049"": 0.0, ""7839"": 0.0, ""8228"": 0.0, ""9484"": 0.0, ""9488"": 0.0, ""9494"": 0.0}","[0.0, 0.0, 0.0, 0.0, 0.0, 0.0, 0.0, 0.0, 0.0]"
2026-10-10T13:26:55+00:00,1370453762442797056,5,4,4,0.0,"[""11566"", ""11581"", ""12526"", ""13286"", ""2505"", ""4034"", ""5012"", ""5892"", ""5967"", ""7021"", ""7042"", ""8126"", ""8144"", ""8146"", ""8183"", ""9500""]","[""8183"", ""4034"", ""5967"", ""8144"", ""8146"", ""5012"", ""9500"", ""5892"", ""7042""]","{""11566"": 0.0, ""11581"": 0.0, ""12526"": 0.0, ""13286"": 0.0, ""2505"": 0.0, ""4034"": 0.0, ""5012"": 0.0, ""5892"": 0.0, ""5967"": 0.0, ""7021"": 0.0, ""7042"": 0.0, ""8126"": 0.0, ""8144"": 0.0, ""8146"": 0.0, ""8183"": 0.0, ""9500"": 0.0}","[0.0, 0.0, 0.0, 0.0, 0.0, 0.0, 0.0, 0.0, 0.0]"
2026-10-10T13:26:55+00:00,1370453762442797056,5,5,5,0.0,[],"[""0"", ""0"", ""0"", ""0"", ""0"", ""0"", ""0"", ""0"", ""0""]",{},"[0.0, 0.0, 0.0, 0.0, 0.0, 0.0, 0.0, 0.0, 0.0]"
2026-10-10T13:26:55+00:00,1370453762442797056,5,6,6,8.0,"[""10229"", ""10859"", ""11630"", ""11635"", ""12474"", ""12527"", ""12533"", ""12545"", ""13294"", ""3257"", ""5022"", ""6650"", ""6806"", ""8132"", ""8148"", ""9226""]","[""3257"", ""12474"", ""12527"", ""8148"", ""13294"", ""10859"", ""12533"", ""6806"", ""6650""]","{""10229"": 0.0, ""10859"": 0.0, ""11630"": 0.0, ""11635"": 0.0, ""12474"": 0.0, ""12527"": 0.0, ""12533"": 0.0, ""12545"": 0.0, ""13294"": 0.0, ""3257"": 0.0, ""5022"": 0.0, ""6650"": 8.0, ""6806"": 0.0, ""8132"": 0.0, ""8148"": 0.0, ""9226"": 0.0}","[0.0, 0.0, 0.0, 0.0, 0.0, 0.0, 0.0, 0.0, 8.0]"
2026-10-10T13:26:55+00:00,1370453762442797056,5,7,7,0.0,"[""11834"", ""12509"", ""12512"", ""12711"", ""13305"", ""13414"", ""7002"", ""7523"", ""7528"", ""7543"", ""8155"", ""8167"", ""9228"", ""9482"", ""9487"", ""9493""]","[""7523"", ""7528"", ""12512"", ""9493"", ""8167"", ""7002"", ""11834"", ""9487"", ""12711""]","{""11834"": 0.0, ""12509"": 0.0, ""12512"": 0.0, ""12711"": 0.0, ""13305"": 0.0, ""13414"": 0.0, ""7002"": 0.0, ""7523"": 0.0, ""7528"": 0.0, ""7543"": 0.0, ""8155"": 0.0, ""8167"": 0.0, ""9228"": 0.0, ""9482"": 0.0, ""9487"": 0.0, ""9493"": 0.0}","[0.0, 0.0, 0.0, 0.0, 0.0, 0.0, 0.0, 0.0, 0.0]"
2026-10-10T13:26:55+00:00,1370453762442797056,5,8,8,17.64,"[""11435"", ""11637"", ""12501"", ""12506"", ""12514"", ""13330"", ""2216"", ""3294"", ""4866"", ""5189"", ""7569"", ""8112"", ""8136"", ""8161"", ""9997""]","[""3294"", ""11435"", ""8136"", ""8112"", ""9997"", ""12506"", ""2216"", ""7569"", ""5189""]","{""11435"": 0.0, ""11637"": 0.0, ""12501"": 0.0, ""12506"": 0.0, ""12514"": 17.4, ""13330"": 0.0, ""2216"": 0.0, ""3294"": 17.64, ""4866"": 0.0, ""5189"": 0.0, ""7569"": 0.0, ""8112"": 0.0, ""8136"": 0.0, ""8161"": 0.0, ""9997"": 0.0}","[17.64, 0.0, 0.0, 0.0, 0.0, 0.0, 0.0, 0.0, 0.0]"
2026-10-10T13:26:55+00:00,1370453762442797056,5,9,9,6.0,"[""11533"", ""11576"", ""11783"", ""12540"", ""13337"", ""13346"", ""4046"", ""4066"", ""5849"", ""7526"", ""7567"", ""8130"", ""8150"", ""8408"", ""9480"", ""9511""]","[""5849"", ""8150"", ""11576"", ""7526"", ""13346"", ""8130"", ""9480"", ""4066"", ""11533""]","{""11533"": 6.0, ""11576"": 0.0, ""11783"": 14.0, ""12540"": 0.0, ""13337"": 0.0, ""13346"": 0.0, ""4046"": 0.0, ""4066"": 0.0, ""5849"": 0.0, ""7526"": 0.0, ""7567"": 6.6, ""8130"": 0.0, ""8150"": 0.0, ""8408"": 0.0, ""9480"": 0.0, ""9511"": 0.0}","[0.0, 0.0, 0.0, 0.0, 0.0, 0.0, 0.0, 0.0, 6.0]"
2026-10-10T13:26:55+00:00,1370453762442797056,5,10,10,0.0,[],"[""0"", ""0"", ""0"", ""0"", ""0"", ""0"", ""0"", ""0"", ""0""]",{},"[0.0, 0.0, 0.0, 0.0, 0.0, 0.0, 0.0, 0.0, 0.0]"
2026-10-10T13:26:55+00:00,1370453762442797056,5,11,11,0.0,"[""11586"", ""1945"", ""2133"", ""2307"", ""2449"", ""3214"", ""4039"", ""4217"", ""4984"", ""5850"", ""5947"", ""6826"", ""7525"", ""8138"", ""8168""]","[""4984"", ""8138"", ""11586"", ""7525"", ""2133"", ""4217"", ""8168"", ""2449"", ""1945""]","{""11586"": 0.0, ""1945"": 0.0, ""2133"": 0.0, ""2307"": 0.0, ""2449"": 0.0, ""3214"": 0.0, ""4039"": 0.0, ""4217"": 0.0, ""4984"": 0.0, ""5850"": 0.0, ""5947"": 0.0, ""6826"": 0.0, ""7525"": 0.0, ""8138"": 0.0, ""8168"": 0.0}","[0.0, 0.0, 0.0, 0.0, 0.0, 0.0, 0.0, 0.0, 0.0]"
2026-10-10T13:26:55+00:00,1370453762442797056,5,12,12,2.9,"[""11792"", ""12519"", ""3198"", ""4018"", ""4035"", ""4950"", ""4983"", ""5844"", ""5859"", ""6786"", ""6794"", ""6797"", ""7571"", ""7594"", ""8121"", ""8131"", ""9758""]","[""6797"", ""3198"", ""4035"", ""6786"", ""12519"", ""8131"", ""6794"", ""8121"", ""11792""]","{""11792"": 0.0, ""12519"": 0.0, ""3198"": 0.0, ""4018"": 0.0, ""4035"": 0.0, ""4950"": 0.0, ""4983"": 0.0, ""5844"": 0.0, ""5859"": 0.0, ""6786"": 2.9, ""6794"": 0.0, ""6797"": 0.0, ""7571"": 0.0, ""7594"": 0.0, ""8121"": 0.0, ""8131"": 0.0, ""9758"": 0.0}","[0.0, 0.0, 0.0, 2.9, 0.0, 0.0, 0.0, 0.0, 0.0]"
2026-10-10T13:26:55+00:00,1370453762442797056,5,13,13,67.7,"[""11584"", ""12015"", ""12185"", ""12484"", ""12522"", ""12718"", ""13288"", ""5927"", ""6865"", ""6904"", ""7547"", ""7588"", ""7600"", ""8110"", ""8142"", ""9486"", ""9756""]","[""6904"", ""7588"", ""11584"", ""7547"", ""5927"", ""8110"", ""7600"", ""9756"", ""12185""]","{""11584"": 43.2, ""12015"": 0.0, ""12185"": 0.0, ""12484"": 0.0, ""12522"": 0.0, ""12718"": 0.0, ""13288"": 0.0, ""5927"": 0.0, ""6865"": 0.0, ""6904"": 0.0, ""7547"": 0.0, ""7588"": 18.1, ""7600"": 0.0, ""8110"": 6.4, ""8142"": 0.0, ""9486"": 0.0, ""9756"": 0.0}","[0.0, 18.1, 43.2, 0.0, 0.0, 6.4, 0.0, 0.0, 0.0]"
2026-10-10T13:26:55+00:00,1370453762442797056,5,14,14,0.0,[],"[""0"", ""0"", ""0"", ""0"", ""0"", ""0"", ""0"", ""0"", ""0""]",{},"[0.0, 0.0, 0.0, 0.0, 0.0, 0.0, 0.0, 0.0, 0.0]"
2026-10-10T13:26:55+00:00,1370453762442797056,5,15,15,15.9,"[""11539"", ""11610"", ""12502"", ""12517"", ""12536"", ""13287"", ""13298"", ""3163"", ""3634"", ""5001"", ""6783"", ""7611"", ""8151"", ""8917"", ""9509""]","[""3163"", ""9509"", ""13287"", ""12536"", ""8917"", ""5001"", ""11610"", ""7611"", ""11539""]","{""11539"": 0.0, ""11610"": 0.0, ""12502"": 0.0, ""12517"": 0.0, ""12536"": 0.0, ""13287"": 0.0, ""13298"": 0.0, ""3163"": 0.0, ""3634"": 0.0, ""5001"": 0.0, ""6783"": 0.0, ""7611"": 0.0, ""8151"": 0.0, ""8917"": 15.9, ""9509"": 0.0}","[0.0, 0.0, 0.0, 0.0, 15.9, 0.0, 0.0, 0.0, 0.0]"
2026-10-10T13:26:55+00:00,1370453762442797056,5,16,16,39.0,"[""10213"", ""10232"", ""10234"", ""10236"", ""11563"", ""1166"", ""12489"", ""3451"", ""4037"", ""4137"", ""8111"", ""8134"", ""8137"", ""8208"", ""8676"", ""9224""]","[""11563"", ""9224"", ""12489"", ""8137"", ""8676"", ""10236"", ""8111"", ""10232"", ""3451""]","{""10213"": 0.0, ""10232"": 0.0, ""10234"": 0.0, ""10236"": 0.0, ""11563"": 0.0, ""1166"": 0.0, ""12489"": 0.0, ""3451"": 0.0, ""4037"": 7.2, ""4137"": 0.0, ""8111"": 7.0, ""8134"": 0.0, ""8137"": 32.0, ""8208"": 0.0, ""8676"": 0.0, ""9224"": 0.0}","[0.0, 0.0, 0.0, 32.0, 0.0, 0.0, 7.0, 0.0, 0.0]"
2026-10-10T13:26:55+00:00,1370453762442797056,5,17,17,0.0,"[""11569"", ""11603"", ""11631"", ""12493"", ""12534"", ""13279"", ""13301"", ""13311"", ""2747"", ""421"", ""4881"", ""6801"", ""8205"", ""9221"", ""9757""]","[""4881"", ""9221"", ""12534"", ""6801"", ""13279"", ""12493"", ""11631"", ""11603"", ""2747""]","{""11569"": 0.0, ""11603"": 0.0, ""11631"": 0.0, ""12493"": 0.0, ""12534"": 0.0, ""13279"": 0.0, ""13301"": 0.0, ""13311"": 0.0, ""2747"": 0.0, ""421"": 0.0, ""4881"": 0.0, ""6801"": 0.0, ""8205"": 0.0, ""9221"": 0.0, ""9757"": 0.0}","[0.0, 0.0, 0.0, 0.0, 0.0, 0.0, 0.0, 0.0, 0.0]"
2026-10-10T13:26:55+00:00,1370453762442797056,5,18,18,0.0,[],"[""0"", ""0"", ""0"", ""0"", ""0"", ""0"", ""0"", ""0"", ""0""]",{},"[0.0, 0.0, 0.0, 0.0, 0.0, 0.0, 0.0, 0.0, 0.0]"
2026-10-10T13:26:55+00:00,1370453762442797056,6,1,1,0.0,"[""11577"", ""11608"", ""11628"", ""11632"", ""11646"", ""12495"", ""12518"", ""12529"", ""13075"", ""13264"", ""4199"", ""5846"", ""6083"", ""6770"", ""6813"", ""9753""]","[""6770"", ""6813"", ""4199"", ""11632"", ""5846"", ""12518"", ""11577"", ""12495"", ""6083""]","{""11577"": 0.0, ""11608"": 0.0, ""11628"": 0.0, ""11632"": 0.0, ""11646"": 0.0, ""12495"": 0.0, ""12518"": 0.0, ""12529"": 0.0, ""13075"": 0.0, ""13264"": 0.0, ""4199"": 0.0, ""5846"": 0.0, ""6083"": 0.0, ""6770"": 0.0, ""6813"": 0.0, ""9753"": 0.0}","[0.0, 0.0, 0.0, 0.0, 0.0, 0.0, 0.0, 0.0, 0.0]"
2026-10-10T13:26:55+00:00,1370453762442797056,6,2,2,0.0,"[""11560"", ""11604"", ""11620"", ""11624"", ""11643"", ""12481"", ""12490"", ""12507"", ""2020"", ""4993"", ""5045"", ""5872"", ""6804"", ""7564"", ""8154""]","[""6804"", ""12490"", ""12481"", ""5872"", ""7564"", ""11604"", ""11620"", ""12507"", ""2020""]","{""11560"": 0.0, ""11604"": 0.0, ""11620"": 0.0, ""11624"": 0.0, ""11643"": 0.0, ""12481"": 0.0, ""12490"": 0.0, ""12507"": 0.0, ""2020"": 0.0, ""4993"": 0.0, ""5045"": 0.0, ""5872"": 0.0, ""6804"": 0.0, ""7564"": 0.0, ""8154"": 0.0}","[0.0, 0.0, 0.0, 0.0, 0.0, 0.0, 0.0, 0.0, 0.0]"
2026-10-10T13:26:55+00:00,1370453762442797056,6,3,3,0.0,"[""10219"", ""11564"", ""12498"", ""12504"", ""12542"", ""1466"", ""3271"", ""4177"", ""6790"", ""7049"", ""7839"", ""8228"", ""9484"", ""9488"", ""9494""]","[""11564"", ""6790"", ""8228"", ""9488"", ""12542"", ""3271"", ""10219"", ""12504"", ""7839""]","{""10219"": 0.0, ""11564"": 0.0, ""12498"": 0.0, ""12504"": 0.0, ""12542"": 0.0, ""1466"": 0.0, ""3271"": 0.0, ""4177"": 0.0, ""6790"": 0.0, ""7049"": 0.0, ""7839"": 0.0, ""8228"": 0.0, ""9484"": 0.0, ""9488"": 0.0, ""9494"": 0.0}","[0.0, 0.0, 0.0, 0.0, 0.0, 0.0, 0.0, 0.0, 0.0]"
2026-10-10T13:26:55+00:00,1370453762442797056,6,4,4,0.0,"[""11566"", ""11581"", ""12526"", ""13286"", ""2505"", ""4034"", ""5012"", ""5892"", ""5967"", ""7021"", ""7042"", ""8126"", ""8144"", ""8146"", ""8183"", ""9500""]","[""8183"", ""4034"", ""5967"", ""8144"", ""8146"", ""5012"", ""9500"", ""5892"", ""7042""]","{""11566"": 0.0, ""11581"": 0.0, ""12526"": 0.0, ""13286"": 0.0, ""2505"": 0.0, ""4034"": 0.0, ""5012"": 0.0, ""5892"": 0.0, ""5967"": 0.0, ""7021"": 0.0, ""7042"": 0.0, ""8126"": 0.0, ""8144"": 0.0, ""8146"": 0.0, ""8183"": 0.0, ""9500"": 0.0}","[0.0, 0.0, 0.0, 0.0, 0.0, 0.0, 0.0, 0.0, 0.0]"
2026-10-10T13:26:55+00:00,1370453762442797056,6,5,5,0.0,[],"[""0"", ""0"", ""0"", ""0"", ""0"", ""0"", ""0"", ""0"", ""0""]",{},"[0.0, 0.0, 0.0, 0.0, 0.0, 0.0, 0.0, 0.0, 0.0]"
2026-10-10T13:26:55+00:00,1370453762442797056,6,6,6,0.0,"[""10229"", ""10859"", ""11630"", ""11635"", ""12474"", ""12527"", ""12533"", ""12545"", ""13294"", ""3257"", ""5022"", ""6650"", ""6806"", ""8132"", ""8148"", ""9226""]","[""3257"", ""12474"", ""12527"", ""8148"", ""13294"", ""10859"", ""12533"", ""6806"", ""6650""]","{""10229"": 0.0, ""10859"": 0.0, ""11630"": 0.0, ""11635"": 0.0, ""12474"": 0.0, ""12527"": 0.0, ""12533"": 0.0, ""12545"": 0.0, ""13294"": 0.0, ""3257"": 0.0, ""5022"": 0.0, ""6650"": 0.0, ""6806"": 0.0, ""8132"": 0.0, ""8148"": 0.0, ""9226"": 0.0}","[0.0, 0.0, 0.0, 0.0, 0.0, 0.0, 0.0, 0.0, 0.0]"
2026-10-10T13:26:55+00:00,1370453762442797056,6,7,7,0.0,"[""11834"", ""12509"", ""12512"", ""12711"", ""13305"", ""13414"", ""7002"", ""7523"", ""7528"", ""7543"", ""8155"", ""8167"", ""9228"", ""9482"", ""9487"", ""9493""]","[""7523"", ""7528"", ""12512"", ""9493"", ""8167"", ""7002"", ""11834"", ""9487"", ""12711""]","{""11834"": 0.0, ""12509"": 0.0, ""12512"": 0.0, ""12711"": 0.0, ""13305"": 0.0, ""13414"": 0.0, ""7002"": 0.0, ""7523"": 0.0, ""7528"": 0.0, ""7543"": 0.0, ""8155"": 0.0, ""8167"": 0.0, ""9228"": 0.0, ""9482"": 0.0, ""9487"": 0.0, ""9493"": 0.0}","[0.0, 0.0, 0.0, 0.0, 0.0, 0.0, 0.0, 0.0, 0.0]"
2026-10-10T13:26:55+00:00,1370453762442797056,6,8,8,0.0,"[""11435"", ""11637"", ""12501"", ""12506"", ""12514"", ""13330"", ""2216"", ""3294"", ""4866"", ""5189"", ""7569"", ""8112"", ""8136"", ""8161"", ""9997""]","[""3294"", ""11435"", ""8136"", ""8112"", ""9997"", ""12506"", ""2216"", ""7569"", ""5189""]","{""11435"": 0.0, ""11637"": 0.0, ""12501"": 0.0, ""12506"": 0.0, ""12514"": 0.0, ""13330"": 0.0, ""2216"": 0.0, ""3294"": 0.0, ""4866"": 0.0, ""5189"": 0.0, ""7569"": 0.0, ""8112"": 0.0, ""8136"": 0.0, ""8161"": 0.0, ""9997"": 0.0}","[0.0, 0.0, 0.0, 0.0, 0.0, 0.0, 0.0, 0.0, 0.0]"
2026-10-10T13:26:55+00:00,1370453762442797056,6,9,9,0.0,"[""11533"", ""11576"", ""11783"", ""12540"", ""13337"", ""13346"", ""4046"", ""4066"", ""5849"", ""7526"", ""7567"", ""8130"", ""8150"", ""8408"", ""9480"", ""9511""]","[""5849"", ""8150"", ""11576"", ""7526"", ""13346"", ""8130"", ""9480"", ""4066"", ""11533""]","{""11533"": 0.0, ""11576"": 0.0, ""11783"": 0.0, ""12540"": 0.0, ""13337"": 0.0, ""13346"": 0.0, ""4046"": 0.0, ""4066"": 0.0, ""5849"": 0.0, ""7526"": 0.0, ""7567"": 0.0, ""8130"": 0.0, ""8150"": 0.0, ""8408"": 0.0, ""9480"": 0.0, ""9511"": 0.0}","[0.0, 0.0, 0.0, 0.0, 0.0, 0.0, 0.0, 0.0, 0.0]"
2026-10-10T13:26:55+00:00,1370453762442797056,6,10,10,0.0,[],"[""0"", ""0"", ""0"", ""0"", ""0"", ""0"", ""0"", ""0"", ""0""]",{},"[0.0, 0.0, 0.0, 0.0, 0.0, 0.0, 0.0, 0.0, 0.0]"
2026-10-10T13:26:55+00:00,1370453762442797056,6,11,11,0.0,"[""11586"", ""1945"", ""2133"", ""2307"", ""2449"", ""3214"", ""4039"", ""4217"", ""4984"", ""5850"", ""5947"", ""6826"", ""7525"", ""8138"", ""8168""]","[""4984"", ""8138"", ""11586"", ""7525"", ""2133"", ""4217"", ""8168"", ""2449"", ""1945""]","{""11586"": 0.0, ""1945"": 0.0, ""2133"": 0.0, ""2307"": 0.0, ""2449"": 0.0, ""3214"": 0.0, ""4039"": 0.0, ""4217"": 0.0, ""4984"": 0.0, ""5850"": 0.0, ""5947"": 0.0, ""6826"": 0.0, ""7525"": 0.0, ""8138"": 0.0, ""8168"": 0.0}","[0.0, 0.0, 0.0, 0.0, 0.0, 0.0, 0.0, 0.0, 0.0]"
2026-10-10T13:26:55+00:00,1370453762442797056,6,12,12,0.0,"[""11792"", ""12519"", ""3198"", ""4018"", ""4035"", ""4950"", ""4983"", ""5844"", ""5859"", ""6786"", ""6794"", ""6797"", ""7571"", ""7594"", ""8121"", ""8131"", ""9758""]","[""6797"", ""3198"", ""4035"", ""6786"", ""12519"", ""8131"", ""6794"", ""8121"", ""11792""]","{""11792"": 0.0, ""12519"": 0.0, ""3198"": 0.0, ""4018"": 0.0, ""4035"": 0.0, ""4950"": 0.0, ""4983"": 0.0, ""5844"": 0.0, ""5859"": 0.0, ""6786"": 0.0, ""6794"": 0.0, ""6797"": 0.0, ""7571"": 0.0, ""7594"": 0.0, ""8121"": 0.0, ""8131"": 0.0, ""9758"": 0.0}","[0.0, 0.0, 0.0, 0.0, 0.0, 0.0, 0.0, 0.0, 0.0]"
2026-10-10T13:26:55+00:00,1370453762442797056,6,13,13,0.0,"[""11584"", ""12015"", ""12185"", ""12484"", ""12522"", ""12718"", ""13288"", ""5927"", ""6865"", ""6904"", ""7547"", ""7588"", ""7600"", ""8110"", ""8142"", ""9486"", ""9756""]","[""6904"", ""7588"", ""11584"", ""7547"", ""5927"", ""8110"", ""7600"", ""9756"", ""12185""]","{""11584"": 0.0, ""12015"": 0.0, ""12185"": 0.0, ""12484"": 0.0, ""12522"": 0.0, ""12718"": 0.0, ""13288"": 0.0, ""5927"": 0.0, ""6865"": 0.0, ""6904"": 0.0, ""7547"": 0.0, ""7588"": 0.0, ""7600"": 0.0, ""8110"": 0.0, ""8142"": 0.0, ""9486"": 0.0, ""9756"": 0.0}","[0.0, 0.0, 0.0, 0.0, 0.0, 0.0, 0.0, 0.0, 0.0]"
2026-10-10T13:26:55+00:00,1370453762442797056,6,14,14,0.0,[],"[""0"", ""0"", ""0"", ""0"", ""0"", ""0"", ""0"", ""0"", ""0""]",{},"[0.0, 0.0, 0.0, 0.0, 0.0, 0.0, 0.0, 0.0, 0.0]"
2026-10-10T13:26:55+00:00,1370453762442797056,6,15,15,0.0,"[""11539"", ""11610"", ""12502"", ""12517"", ""12536"", ""13287"", ""13298"", ""3163"", ""3634"", ""5001"", ""6783"", ""7611"", ""8151"", ""8917"", ""9509""]","[""3163"", ""9509"", ""13287"", ""12536"", ""8917"", ""5001"", ""11610"", ""7611"", ""11539""]","{""11539"": 0.0, ""11610"": 0.0, ""12502"": 0.0, ""12517"": 0.0, ""12536"": 0.0, ""13287"": 0.0, ""13298"": 0.0, ""3163"": 0.0, ""3634"": 0.0, ""5001"": 0.0, ""6783"": 0.0, ""7611"": 0.0, ""8151"": 0.0, ""8917"": 0.0, ""9509"": 0.0}","[0.0, 0.0, 0.0, 0.0, 0.0, 0.0, 0.0, 0.0, 0.0]"
2026-10-10T13:26:55+00:00,1370453762442797056,6,16,16,0.0,"[""10213"", ""10232"", ""10234"", ""10236"", ""11563"", ""1166"", ""12489"", ""3451"", ""4037"", ""4137"", ""8111"", ""8134"", ""8137"", ""8208"", ""8676"", ""9224""]","[""11563"", ""9224"", ""12489"", ""8137"", ""8676"", ""10236"", ""8111"", ""10232"", ""3451""]","{""10213"": 0.0, ""10232"": 0.0, ""10234"": 0.0, ""10236"": 0.0, ""11563"": 0.0, ""1166"": 0.0, ""12489"": 0.0, ""3451"": 0.0, ""4037"": 0.0, ""4137"": 0.0, ""8111"": 0.0, ""8134"": 0.0, ""8137"": 0.0, ""8208"": 0.0, ""8676"": 0.0, ""9224"": 0.0}","[0.0, 0.0, 0.0, 0.0, 0.0, 0.0, 0.0, 0.0, 0.0]"
2026-10-10T13:26:55+00:00,1370453762442797056,6,17,17,0.0,"[""11569"", ""11603"", ""11631"", ""12493"", ""12534"", ""13279"", ""13301"", ""13311"", ""2747"", ""421"", ""4881"", ""6801"", ""8205"", ""9221"", ""9757""]","[""4881"", ""9221"", ""12534"", ""6801"", ""13279"", ""12493"", ""11631"", ""11603"", ""2747""]","{""11569"": 0.0, ""11603"": 0.0, ""11631"": 0.0, ""12493"": 0.0, ""12534"": 0.0, ""13279"": 0.0, ""13301"": 0.0, ""13311"": 0.0, ""2747"": 0.0, ""421"": 0.0, ""4881"": 0.0, ""6801"": 0.0, ""8205"": 0.0, ""9221"": 0.0, ""9757"": 0.0}","[0.0, 0.0, 0.0, 0.0, 0.0, 0.0, 0.0, 0.0, 0.0]"
2026-10-10T13:26:55+00:00,1370453762442797056,6,18,18,0.0,[],"[""0"", ""0"", ""0"", ""0"", ""0"", ""0"", ""0"", ""0"", ""0""]",{},"[0.0, 0.0, 0.0, 0.0, 0.0, 0.0, 0.0, 0.0, 0.0]"
2026-10-10T13:26:55+00:00,1370453762442797056,7,1,1,0.0,"[""11577"", ""11608"", ""11628"", ""11632"", ""11646"", ""12495"", ""12518"", ""12529"", ""13075"", ""13264"", ""4199"", ""5846"", ""6083"", ""6770"", ""6813"", ""9753""]","[""6770"", ""6813"", ""4199"", ""11632"", ""5846"", ""12518"", ""11577"", ""12495"", ""6083""]","{""11577"": 0.0, ""11608"": 0.0, ""11628"": 0.0, ""11632"": 0.0, ""11646"": 0.0, ""12495"": 0.0, ""12518"": 0.0, ""12529"": 0.0, ""13075"": 0.0, ""13264"": 0.0, ""4199"": 0.0, ""5846"": 0.0, ""6083"": 0.0, ""6770"": 0.0, ""6813"": 0.0, ""9753"": 0.0}","[0.0, 0.0, 0.0, 0.0, 0.0, 0.0, 0.0, 0.0, 0.0]"
2026-10-10T13:26:55+00:00,1370453762442797056,7,2,2,0.0,"[""11560"", ""11604"", ""11620"", ""11624"", ""11643"", ""12481"", ""12490"", ""12507"", ""2020"", ""4993"", ""5045"", ""5872"", ""6804"", ""7564"", ""8154""]","[""6804"", ""12490"", ""12481"", ""5872"", ""7564"", ""11604"", ""11620"", ""12507"", ""2020""]","{""11560"": 0.0, ""11604"": 0.0, ""11620"": 0.0, ""11624"": 0.0, ""11643"": 0.0, ""12481"": 0.0, ""12490"": 0.0, ""12507"": 0.0, ""2020"": 0.0, ""4993"": 0.0, ""5045"": 0.0, ""5872"": 0.0, ""6804"": 0.0, ""7564"": 0.0, ""8154"": 0.0}","[0.0, 0.0, 0.0, 0.0, 0.0, 0.0, 0.0, 0.0, 0.0]"
2026-10-10T13:26:55+00:00,1370453762442797056,7,3,3,0.0,"[""10219"", ""11564"", ""12498"", ""12504"", ""12542"", ""1466"", ""3271"", ""4177"", ""6790"", ""7049"", ""7839"", ""8228"", ""9484"", ""9488"", ""9494""]","[""11564"", ""6790"", ""8228"", ""9488"", ""12542"", ""3271"", ""10219"", ""12504"", ""7839""]","{""10219"": 0.0, ""11564"": 0.0, ""12498"": 0.0, ""12504"": 0.0, ""12542"": 0.0, ""1466"": 0.0, ""3271"": 0.0, ""4177"": 0.0, ""6790"": 0.0, ""7049"": 0.0, ""7839"": 0.0, ""8228"": 0.0, ""9484"": 0.0, ""9488"": 0.0, ""9494"": 0.0}","[0.0, 0.0, 0.0, 0.0, 0.0, 0.0, 0.0, 0.0, 0.0]"
2026-10-10T13:26:55+00:00,1370453762442797056,7,4,4,0.0,"[""11566"", ""11581"", ""12526"", ""13286"", ""2505"", ""4034"", ""5012"", ""5892"", ""5967"", ""7021"", ""7042"", ""8126"", ""8144"", ""8146"", ""8183"", ""9500""]","[""8183"", ""4034"", ""5967"", ""8144"", ""8146"", ""5012"", ""9500"", ""5892"", ""7042""]","{""11566"": 0.0, ""11581"": 0.0, ""12526"": 0.0, ""13286"": 0.0, ""2505"": 0.0, ""4034"": 0.0, ""5012"": 0.0, ""5892"": 0.0, ""5967"": 0.0, ""7021"": 0.0, ""7042"": 0.0, ""8126"": 0.0, ""8144"": 0.0, ""8146"": 0.0, ""8183"": 0.0, ""9500"": 0.0}","[0.0, 0.0, 0.0, 0.0, 0.0, 0.0, 0.0, 0.0, 0.0]"
2026-10-10T13:26:55+00:00,1370453762442797056,7,5,5,0.0,[],"[""0"", ""0"", ""0"", ""0"", ""0"", ""0"", ""0"", ""0"", ""0""]",{},"[0.0, 0.0, 0.0, 0.0, 0.0, 0.0, 0.0, 0.0, 0.0]"
2026-10-10T13:26:55+00:00,1370453762442797056,7,6,6,0.0,"[""10229"", ""10859"", ""11630"", ""11635"", ""12474"", ""12527"", ""12533"", ""12545"", ""13294"", ""3257"", ""5022"", ""6650"", ""6806"", ""8132"", ""8148"", ""9226""]","[""3257"", ""12474"", ""12527"", ""8148"", ""13294"", ""10859"", ""12533"", ""6806"", ""6650""]","{""10229"": 0.0, ""10859"": 0.0, ""11630"": 0.0, ""11635"": 0.0, ""12474"": 0.0, ""12527"": 0.0, ""12533"": 0.0, ""12545"": 0.0, ""13294"": 0.0, ""3257"": 0.0, ""5022"": 0.0, ""6650"": 0.0, ""6806"": 0.0, ""8132"": 0.0, ""8148"": 0.0, ""9226"": 0.0}","[0.0, 0.0, 0.0, 0.0, 0.0, 0.0, 0.0, 0.0, 0.0]"
2026-10-10T13:26:55+00:00,1370453762442797056,7,7,7,0.0,"[""11834"", ""12509"", ""12512"", ""12711"", ""13305"", ""13414"", ""7002"", ""7523"", ""7528"", ""7543"", ""8155"", ""8167"", ""9228"", ""9482"", ""9487"", ""9493""]","[""7523"", ""7528"", ""12512"", ""9493"", ""8167"", ""7002"", ""11834"", ""9487"", ""12711""]","{""11834"": 0.0, ""12509"": 0.0, ""12512"": 0.0, ""12711"": 0.0, ""13305"": 0.0, ""13414"": 0.0, ""7002"": 0.0, ""7523"": 0.0, ""7528"": 0.0, ""7543"": 0.0, ""8155"": 0.0, ""8167"": 0.0, ""9228"": 0.0, ""9482"": 0.0, ""9487"": 0.0, ""9493"": 0.0}","[0.0, 0.0, 0.0, 0.0, 0.0, 0.0, 0.0, 0.0, 0.0]"
2026-10-10T13:26:55+00:00,1370453762442797056,7,8,8,0.0,"[""11435"", ""11637"", ""12501"", ""12506"", ""12514"", ""13330"", ""2216"", ""3294"", ""4866"", ""5189"", ""7569"", ""8112"", ""8136"", ""8161"", ""9997""]","[""3294"", ""11435"", ""8136"", ""8112"", ""9997"", ""12506"", ""2216"", ""7569"", ""5189""]","{""11435"": 0.0, ""11637"": 0.0, ""12501"": 0.0, ""12506"": 0.0, ""12514"": 0.0, ""13330"": 0.0, ""2216"": 0.0, ""3294"": 0.0, ""4866"": 0.0, ""5189"": 0.0, ""7569"": 0.0, ""8112"": 0.0, ""8136"": 0.0, ""8161"": 0.0, ""9997"": 0.0}","[0.0, 0.0, 0.0, 0.0, 0.0, 0.0, 0.0, 0.0, 0.0]"
2026-10-10T13:26:55+00:00,1370453762442797056,7,9,9,0.0,"[""11533"", ""11576"", ""11783"", ""12540"", ""13337"", ""13346"", ""4046"", ""4066"", ""5849"", ""7526"", ""7567"", ""8130"", ""8150"", ""8408"", ""9480"", ""9511""]","[""5849"", ""8150"", ""11576"", ""7526"", ""13346"", ""8130"", ""9480"", ""4066"", ""11533""]","{""11533"": 0.0, ""11576"": 0.0, ""11783"": 0.0, ""12540"": 0.0, ""13337"": 0.0, ""13346"": 0.0, ""4046"": 0.0, ""4066"": 0.0, ""5849"": 0.0, ""7526"": 0.0, ""7567"": 0.0, ""8130"": 0.0, ""8150"": 0.0, ""8408"": 0.0, ""9480"": 0.0, ""9511"": 0.0}","[0.0, 0.0, 0.0, 0.0, 0.0, 0.0, 0.0, 0.0, 0.0]"
2026-10-10T13:26:55+00:00,1370453762442797056,7,10,10,0.0,[],"[""0"", ""0"", ""0"", ""0"", ""0"", ""0"", ""0"", ""0"", ""0""]",{},"[0.0, 0.0, 0.0, 0.0, 0.0, 0.0, 0.0, 0.0, 0.0]"
2026-10-10T13:26:55+00:00,1370453762442797056,7,11,11,0.0,"[""11586"", ""1945"", ""2133"", ""2307"", ""2449"", ""3214"", ""4039"", ""4217"", ""4984"", ""5850"", ""5947"", ""6826"", ""7525"", ""8138"", ""8168""]","[""4984"", ""8138"", ""11586"", ""7525"", ""2133"", ""4217"", ""8168"", ""2449"", ""1945""]","{""11586"": 0.0, ""1945"": 0.0, ""2133"": 0.0, ""2307"": 0.0, ""2449"": 0.0, ""3214"": 0.0, ""4039"": 0.0, ""4217"": 0.0, ""4984"": 0.0, ""5850"": 0.0, ""5947"": 0.0, ""6826"": 0.0, ""7525"": 0.0, ""8138"": 0.0, ""8168"": 0.0}","[0.0, 0.0, 0.0, 0.0, 0.0, 0.0, 0.0, 0.0, 0.0]"
2026-10-10T13:26:55+00:00,1370453762442797056,7,12,12,0.0,"[""11792"", ""12519"", ""3198"", ""4018"", ""4035"", ""4950"", ""4983"", ""5844"", ""5859"", ""6786"", ""6794"", ""6797"", ""7571"", ""7594"", ""8121"", ""8131"", ""9758""]","[""6797"", ""3198"", ""4035"", ""6786"", ""12519"", ""8131"", ""6794"", ""8121"", ""11792""]","{""11792"": 0.0, ""12519"": 0.0, ""3198"": 0.0, ""4018"": 0.0, ""4035"": 0.0, ""4950"": 0.0, ""4983"": 0.0, ""5844"": 0.0, ""5859"": 0.0, ""6786"": 0.0, ""6794"": 0.0, ""6797"": 0.0, ""7571"": 0.0, ""7594"": 0.0, ""8121"": 0.0, ""8131"": 0.0, ""9758"": 0.0}","[0.0, 0.0, 0.0, 0.0, 0.0, 0.0, 0.0, 0.0, 0.0]"
2026-10-10T13:26:55+00:00,1370453762442797056,7,13,13,0.0,"[""11584"", ""12015"", ""12185"", ""12484"", ""12522"", ""12718"", ""13288"", ""5927"", ""6865"", ""6904"", ""7547"", ""7588"", ""7600"", ""8110"", ""8142"", ""9486"", ""9756""]","[""6904"", ""7588"", ""11584"", ""7547"", ""5927"", ""8110"", ""7600"", ""9756"", ""12185""]","{""11584"": 0.0, ""12015"": 0.0, ""12185"": 0.0, ""12484"": 0.0, ""12522"": 0.0, ""12718"": 0.0, ""13288"": 0.0, ""5927"": 0.0, ""6865"": 0.0, ""6904"": 0.0, ""7547"": 0.0, ""7588"": 0.0, ""7600"": 0.0, ""8110"": 0.0, ""8142"": 0.0, ""9486"": 0.0, ""9756"": 0.0}","[0.0, 0.0, 0.0, 0.0, 0.0, 0.0, 0.0, 0.0, 0.0]"
2026-10-10T13:26:55+00:00,1370453762442797056,7,14,14,0.0,[],"[""0"", ""0"", ""0"", ""0"", ""0"", ""0"", ""0"", ""0"", ""0""]",{},"[0.0, 0.0, 0.0, 0.0, 0.0, 0.0, 0.0, 0.0, 0.0]"
2026-10-10T13:26:55+00:00,1370453762442797056,7,15,15,0.0,"[""11539"", ""11610"", ""12502"", ""12517"", ""12536"", ""13287"", ""13298"", ""3163"", ""3634"", ""5001"", ""6783"", ""7611"", ""8151"", ""8917"", ""9509""]","[""3163"", ""9509"", ""13287"", ""12536"", ""8917"", ""5001"", ""11610"", ""7611"", ""11539""]","{""11539"": 0.0, ""11610"": 0.0, ""12502"": 0.0, ""12517"": 0.0, ""12536"": 0.0, ""13287"": 0.0, ""13298"": 0.0, ""3163"": 0.0, ""3634"": 0.0, ""5001"": 0.0, ""6783"": 0.0, ""7611"": 0.0, ""8151"": 0.0, ""8917"": 0.0, ""9509"": 0.0}","[0.0, 0.0, 0.0, 0.0, 0.0, 0.0, 0.0, 0.0, 0.0]"
2026-10-10T13:26:55+00:00,1370453762442797056,7,16,16,0.0,"[""10213"", ""10232"", ""10234"", ""10236"", ""11563"", ""1166"", ""12489"", ""3451"", ""4037"", ""4137"", ""8111"", ""8134"", ""8137"", ""8208"", ""8676"", ""9224""]","[""11563"", ""9224"", ""12489"", ""8137"", ""8676"", ""10236"", ""8111"", ""10232"", ""3451""]","{""10213"": 0.0, ""10232"": 0.0, ""10234"": 0.0, ""10236"": 0.0, ""11563"": 0.0, ""1166"": 0.0, ""12489"": 0.0, ""3451"": 0.0, ""4037"": 0.0, ""4137"": 0.0, ""8111"": 0.0, ""8134"": 0.0, ""8137"": 0.0, ""8208"": 0.0, ""8676"": 0.0, ""9224"": 0.0}","[0.0, 0.0, 0.0, 0.0, 0.0, 0.0, 0.0, 0.0, 0.0]"
2026-10-10T13:26:55+00:00,1370453762442797056,7,17,17,0.0,"[""11569"", ""11603"", ""11631"", ""12493"", ""12534"", ""13279"", ""13301"", ""13311"", ""2747"", ""421"", ""4881"", ""6801"", ""8205"", ""9221"", ""9757""]","[""4881"", ""9221"", ""12534"", ""6801"", ""13279"", ""12493"", ""11631"", ""11603"", ""2747""]","{""11569"": 0.0, ""11603"": 0.0, ""11631"": 0.0, ""12493"": 0.0, ""12534"": 0.0, ""13279"": 0.0, ""13301"": 0.0, ""13311"": 0.0, ""2747"": 0.0, ""421"": 0.0, ""4881"": 0.0, ""6801"": 0.0, ""8205"": 0.0, ""9221"": 0.0, ""9757"": 0.0}","[0.0, 0.0, 0.0, 0.0, 0.0, 0.0, 0.0, 0.0, 0.0]"
2026-10-10T13:26:55+00:00,1370453762442797056,7,18,18,0.0,[],"[""0"", ""0"", ""0"", ""0"", ""0"", ""0"", ""0"", ""0"", ""0""]",{},"[0.0, 0.0, 0.0, 0.0, 0.0, 0.0, 0.0, 0.0, 0.0]"
2026-10-10T13:26:55+00:00,1370453762442797056,8,1,1,0.0,"[""11577"", ""11608"", ""11628"", ""11632"", ""11646"", ""12495"", ""12518"", ""12529"", ""13075"", ""13264"", ""4199"", ""5846"", ""6083"", ""6770"", ""6813"", ""9753""]","[""6770"", ""6813"", ""4199"", ""11632"", ""5846"", ""12518"", ""11577"", ""12495"", ""6083""]","{""11577"": 0.0, ""11608"": 0.0, ""11628"": 0.0, ""11632"": 0.0, ""11646"": 0.0, ""12495"": 0.0, ""12518"": 0.0, ""12529"": 0.0, ""13075"": 0.0, ""13264"": 0.0, ""4199"": 0.0, ""5846"": 0.0, ""6083"": 0.0, ""6770"": 0.0, ""6813"": 0.0, ""9753"": 0.0}","[0.0, 0.0, 0.0, 0.0, 0.0, 0.0, 0.0, 0.0, 0.0]"
2026-10-10T13:26:55+00:00,1370453762442797056,8,2,2,0.0,"[""11560"", ""11604"", ""11620"", ""11624"", ""11643"", ""12481"", ""12490"", ""12507"", ""2020"", ""4993"", ""5045"", ""5872"", ""6804"", ""7564"", ""8154""]","[""6804"", ""12490"", ""12481"", ""5872"", ""7564"", ""11604"", ""11620"", ""12507"", ""2020""]","{""11560"": 0.0, ""11604"": 0.0, ""11620"": 0.0, ""11624"": 0.0, ""11643"": 0.0, ""12481"": 0.0, ""12490"": 0.0, ""12507"": 0.0, ""2020"": 0.0, ""4993"": 0.0, ""5045"": 0.0, ""5872"": 0.0, ""6804"": 0.0, ""7564"": 0.0, ""8154"": 0.0}","[0.0, 0.0, 0.0, 0.0, 0.0, 0.0, 0.0, 0.0, 0.0]"
2026-10-10T13:26:55+00:00,1370453762442797056,8,3,3,0.0,"[""10219"", ""11564"", ""12498"", ""12504"", ""12542"", ""1466"", ""3271"", ""4177"", ""6790"", ""7049"", ""7839"", ""8228"", ""9484"", ""9488"", ""9494""]","[""11564"", ""6790"", ""8228"", ""9488"", ""12542"", ""3271"", ""10219"", ""12504"", ""7839""]","{""10219"": 0.0, ""11564"": 0.0, ""12498"": 0.0, ""12504"": 0.0, ""12542"": 0.0, ""1466"": 0.0, ""3271"": 0.0, ""4177"": 0.0, ""6790"": 0.0, ""7049"": 0.0, ""7839"": 0.0, ""8228"": 0.0, ""9484"": 0.0, ""9488"": 0.0, ""9494"": 0.0}","[0.0, 0.0, 0.0, 0.0, 0.0, 0.0, 0.0, 0.0, 0.0]"
2026-10-10T13:26:55+00:00,1370453762442797056,8,4,4,0.0,"[""11566"", ""11581"", ""12526"", ""13286"", ""2505"", ""4034"", ""5012"", ""5892"", ""5967"", ""7021"", ""7042"", ""8126"", ""8144"", ""8146"", ""8183"", ""9500""]","[""8183"", ""4034"", ""5967"", ""8144"", ""8146"", ""5012"", ""9500"", ""5892"", ""7042""]","{""11566"": 0.0, ""11581"": 0.0, ""12526"": 0.0, ""13286"": 0.0, ""2505"": 0.0, ""4034"": 0.0, ""5012"": 0.0, ""5892"": 0.0, ""5967"": 0.0, ""7021"": 0.0, ""7042"": 0.0, ""8126"": 0.0, ""8144"": 0.0, ""8146"": 0.0, ""8183"": 0.0, ""9500"": 0.0}","[0.0, 0.0, 0.0, 0.0, 0.0, 0.0, 0.0, 0.0, 0.0]"
2026-10-10T13:26:55+00:00,1370453762442797056,8,5,5,0.0,[],"[""0"", ""0"", ""0"", ""0"", ""0"", ""0"", ""0"", ""0"", ""0""]",{},"[0.0, 0.0, 0.0, 0.0, 0.0, 0.0, 0.0, 0.0, 0.0]"
2026-10-10T13:26:55+00:00,1370453762442797056,8,6,6,0.0,"[""10229"", ""10859"", ""11630"", ""11635"", ""12474"", ""12527"", ""12533"", ""12545"", ""13294"", ""3257"", ""5022"", ""6650"", ""6806"", ""8132"", ""8148"", ""9226""]","[""3257"", ""12474"", ""12527"", ""8148"", ""13294"", ""10859"", ""12533"", ""6806"", ""6650""]","{""10229"": 0.0, ""10859"": 0.0, ""11630"": 0.0, ""11635"": 0.0, ""12474"": 0.0, ""12527"": 0.0, ""12533"": 0.0, ""12545"": 0.0, ""13294"": 0.0, ""3257"": 0.0, ""5022"": 0.0, ""6650"": 0.0, ""6806"": 0.0, ""8132"": 0.0, ""8148"": 0.0, ""9226"": 0.0}","[0.0, 0.0, 0.0, 0.0, 0.0, 0.0, 0.0, 0.0, 0.0]"
2026-10-10T13:26:55+00:00,1370453762442797056,8,7,7,0.0,"[""11834"", ""12509"", ""12512"", ""12711"", ""13305"", ""13414"", ""7002"", ""7523"", ""7528"", ""7543"", ""8155"", ""8167"", ""9228"", ""9482"", ""9487"", ""9493""]","[""7523"", ""7528"", ""12512"", ""9493"", ""8167"", ""7002"", ""11834"", ""9487"", ""12711""]","{""11834"": 0.0, ""12509"": 0.0, ""12512"": 0.0, ""12711"": 0.0, ""13305"": 0.0, ""13414"": 0.0, ""7002"": 0.0, ""7523"": 0.0, ""7528"": 0.0, ""7543"": 0.0, ""8155"": 0.0, ""8167"": 0.0, ""9228"": 0.0, ""9482"": 0.0, ""9487"": 0.0, ""9493"": 0.0}","[0.0, 0.0, 0.0, 0.0, 0.0, 0.0, 0.0, 0.0, 0.0]"
2026-10-10T13:26:55+00:00,1370453762442797056,8,8,8,0.0,"[""11435"", ""11637"", ""12501"", ""12506"", ""12514"", ""13330"", ""2216"", ""3294"", ""4866"", ""5189"", ""7569"", ""8112"", ""8136"", ""8161"", ""9997""]","[""3294"", ""11435"", ""8136"", ""8112"", ""9997"", ""12506"", ""2216"", ""7569"", ""5189""]","{""11435"": 0.0, ""11637"": 0.0, ""12501"": 0.0, ""12506"": 0.0, ""12514"": 0.0, ""13330"": 0.0, ""2216"": 0.0, ""3294"": 0.0, ""4866"": 0.0, ""5189"": 0.0, ""7569"": 0.0, ""8112"": 0.0, ""8136"": 0.0, ""8161"": 0.0, ""9997"": 0.0}","[0.0, 0.0, 0.0, 0.0, 0.0, 0.0, 0.0, 0.0, 0.0]"
2026-10-10T13:26:55+00:00,1370453762442797056,8,9,9,0.0,"[""11533"", ""11576"", ""11783"", ""12540"", ""13337"", ""13346"", ""4046"", ""4066"", ""5849"", ""7526"", ""7567"", ""8130"", ""8150"", ""8408"", ""9480"", ""9511""]","[""5849"", ""8150"", ""11576"", ""7526"", ""13346"", ""8130"", ""9480"", ""4066"", ""11533""]","{""11533"": 0.0, ""11576"": 0.0, ""11783"": 0.0, ""12540"": 0.0, ""13337"": 0.0, ""13346"": 0.0, ""4046"": 0.0, ""4066"": 0.0, ""5849"": 0.0, ""7526"": 0.0, ""7567"": 0.0, ""8130"": 0.0, ""8150"": 0.0, ""8408"": 0.0, ""9480"": 0.0, ""9511"": 0.0}","[0.0, 0.0, 0.0, 0.0, 0.0, 0.0, 0.0, 0.0, 0.0]"
2026-10-10T13:26:55+00:00,1370453762442797056,8,10,10,0.0,[],"[""0"", ""0"", ""0"", ""0"", ""0"", ""0"", ""0"", ""0"", ""0""]",{},"[0.0, 0.0, 0.0, 0.0, 0.0, 0.0, 0.0, 0.0, 0.0]"
2026-10-10T13:26:55+00:00,1370453762442797056,8,11,11,0.0,"[""11586"", ""1945"", ""2133"", ""2307"", ""2449"", ""3214"", ""4039"", ""4217"", ""4984"", ""5850"", ""5947"", ""6826"", ""7525"", ""8138"", ""8168""]","[""4984"", ""8138"", ""11586"", ""7525"", ""2133"", ""4217"", ""8168"", ""2449"", ""1945""]","{""11586"": 0.0, ""1945"": 0.0, ""2133"": 0.0, ""2307"": 0.0, ""2449"": 0.0, ""3214"": 0.0, ""4039"": 0.0, ""4217"": 0.0, ""4984"": 0.0, ""5850"": 0.0, ""5947"": 0.0, ""6826"": 0.0, ""7525"": 0.0, ""8138"": 0.0, ""8168"": 0.0}","[0.0, 0.0, 0.0, 0.0, 0.0, 0.0, 0.0, 0.0, 0.0]"
2026-10-10T13:26:55+00:00,1370453762442797056,8,12,12,0.0,"[""11792"", ""12519"", ""3198"", ""4018"", ""4035"", ""4950"", ""4983"", ""5844"", ""5859"", ""6786"", ""6794"", ""6797"", ""7571"", ""7594"", ""8121"", ""8131"", ""9758""]","[""6797"", ""3198"", ""4035"", ""6786"", ""12519"", ""8131"", ""6794"", ""8121"", ""11792""]","{""11792"": 0.0, ""12519"": 0.0, ""3198"": 0.0, ""4018"": 0.0, ""4035"": 0.0, ""4950"": 0.0, ""4983"": 0.0, ""5844"": 0.0, ""5859"": 0.0, ""6786"": 0.0, ""6794"": 0.0, ""6797"": 0.0, ""7571"": 0.0, ""7594"": 0.0, ""8121"": 0.0, ""8131"": 0.0, ""9758"": 0.0}","[0.0, 0.0, 0.0, 0.0, 0.0, 0.0, 0.0, 0.0, 0.0]"
2026-10-10T13:26:55+00:00,1370453762442797056,8,13,13,0.0,"[""11584"", ""12015"", ""12185"", ""12484"", ""12522"", ""12718"", ""13288"", ""5927"", ""6865"", ""6904"", ""7547"", ""7588"", ""7600"", ""8110"", ""8142"", ""9486"", ""9756""]","[""6904"", ""7588"", ""11584"", ""7547"", ""5927"", ""8110"", ""7600"", ""9756"", ""12185""]","{""11584"": 0.0, ""12015"": 0.0, ""12185"": 0.0, ""12484"": 0.0, ""12522"": 0.0, ""12718"": 0.0, ""13288"": 0.0, ""5927"": 0.0, ""6865"": 0.0, ""6904"": 0.0, ""7547"": 0.0, ""7588"": 0.0, ""7600"": 0.0, ""8110"": 0.0, ""8142"": 0.0, ""9486"": 0.0, ""9756"": 0.0}","[0.0, 0.0, 0.0, 0.0, 0.0, 0.0, 0.0, 0.0, 0.0]"
2026-10-10T13:26:55+00:00,1370453762442797056,8,14,14,0.0,[],"[""0"", ""0"", ""0"", ""0"", ""0"", ""0"", ""0"", ""0"", ""0""]",{},"[0.0, 0.0, 0.0, 0.0, 0.0, 0.0, 0.0, 0.0, 0.0]"
2026-10-10T13:26:55+00:00,1370453762442797056,8,15,15,0.0,"[""11539"", ""11610"", ""12502"", ""12517"", ""12536"", ""13287"", ""13298"", ""3163"", ""3634"", ""5001"", ""6783"", ""7611"", ""8151"", ""8917"", ""9509""]","[""3163"", ""9509"", ""13287"", ""12536"", ""8917"", ""5001"", ""11610"", ""7611"", ""11539""]","{""11539"": 0.0, ""11610"": 0.0, ""12502"": 0.0, ""12517"": 0.0, ""12536"": 0.0, ""13287"": 0.0, ""13298"": 0.0, ""3163"": 0.0, ""3634"": 0.0, ""5001"": 0.0, ""6783"": 0.0, ""7611"": 0.0, ""8151"": 0.0, ""8917"": 0.0, ""9509"": 0.0}","[0.0, 0.0, 0.0, 0.0, 0.0, 0.0, 0.0, 0.0, 0.0]"
2026-10-10T13:26:55+00:00,1370453762442797056,8,16,16,0.0,"[""10213"", ""10232"", ""10234"", ""10236"", ""11563"", ""1166"", ""12489"", ""3451"", ""4037"", ""4137"", ""8111"", ""8134"", ""8137"", ""8208"", ""8676"", ""9224""]","[""11563"", ""9224"", ""12489"", ""8137"", ""8676"", ""10236"", ""8111"", ""10232"", ""3451""]","{""10213"": 0.0, ""10232"": 0.0, ""10234"": 0.0, ""10236"": 0.0, ""11563"": 0.0, ""1166"": 0.0, ""12489"": 0.0, ""3451"": 0.0, ""4037"": 0.0, ""4137"": 0.0, ""8111"": 0.0, ""8134"": 0.0, ""8137"": 0.0, ""8208"": 0.0, ""8676"": 0.0, ""9224"": 0.0}","[0.0, 0.0, 0.0, 0.0, 0.0, 0.0, 0.0, 0.0, 0.0]"
2026-10-10T13:26:55+00:00,1370453762442797056,8,17,17,0.0,"[""11569"", ""11603"", ""11631"", ""12493"", ""12534"", ""13279"", ""13301"", ""13311"", ""2747"", ""421"", ""4881"", ""6801"", ""8205"", ""9221"", ""9757""]","[""4881"", ""9221"", ""12534"", ""6801"", ""13279"", ""12493"", ""11631"", ""11603"", ""2747""]","{""11569"": 0.0, ""11603"": 0.0, ""11631"": 0.0, ""12493"": 0.0, ""12534"": 0.0, ""13279"": 0.0, ""13301"": 0.0, ""13311"": 0.0, ""2747"": 0.0, ""421"": 0.0, ""4881"": 0.0, ""6801"": 0.0, ""8205"": 0.0, ""9221"": 0.0, ""9757"": 0.0}","[0.0, 0.0, 0.0, 0.0, 0.0, 0.0, 0.0, 0.0, 0.0]"
2026-10-10T13:26:55+00:00,1370453762442797056,8,18,18,0.0,[],"[""0"", ""0"", ""0"", ""0"", ""0"", ""0"", ""0"", ""0"", ""0""]",{},"[0.0, 0.0, 0.0, 0.0, 0.0, 0.0, 0.0, 0.0, 0.0]"
2026-10-10T13:26:55+00:00,1370453762442797056,9,1,1,0.0,"[""11577"", ""11608"", ""11628"", ""11632"", ""11646"", ""12495"", ""12518"", ""12529"", ""13075"", ""13264"", ""4199"", ""5846"", ""6083"", ""6770"", ""6813"", ""9753""]","[""6770"", ""6813"", ""4199"", ""11632"", ""5846"", ""12518"", ""11577"", ""12495"", ""6083""]","{""11577"": 0.0, ""11608"": 0.0, ""11628"": 0.0, ""11632"": 0.0, ""11646"": 0.0, ""12495"": 0.0, ""12518"": 0.0, ""12529"": 0.0, ""13075"": 0.0, ""13264"": 0.0, ""4199"": 0.0, ""5846"": 0.0, ""6083"": 0.0, ""6770"": 0.0, ""6813"": 0.0, ""9753"": 0.0}","[0.0, 0.0, 0.0, 0.0, 0.0, 0.0, 0.0, 0.0, 0.0]"
2026-10-10T13:26:55+00:00,1370453762442797056,9,2,2,0.0,"[""11560"", ""11604"", ""11620"", ""11624"", ""11643"", ""12481"", ""12490"", ""12507"", ""2020"", ""4993"", ""5045"", ""5872"", ""6804"", ""7564"", ""8154""]","[""6804"", ""12490"", ""12481"", ""5872"", ""7564"", ""11604"", ""11620"", ""12507"", ""2020""]","{""11560"": 0.0, ""11604"": 0.0, ""11620"": 0.0, ""11624"": 0.0, ""11643"": 0.0, ""12481"": 0.0, ""12490"": 0.0, ""12507"": 0.0, ""2020"": 0.0, ""4993"": 0.0, ""5045"": 0.0, ""5872"": 0.0, ""6804"": 0.0, ""7564"": 0.0, ""8154"": 0.0}","[0.0, 0.0, 0.0, 0.0, 0.0, 0.0, 0.0, 0.0, 0.0]"
2026-10-10T13:26:55+00:00,1370453762442797056,9,3,3,0.0,"[""10219"", ""11564"", ""12498"", ""12504"", ""12542"", ""1466"", ""3271"", ""4177"", ""6790"", ""7049"", ""7839"", ""8228"", ""9484"", ""9488"", ""9494""]","[""11564"", ""6790"", ""8228"", ""9488"", ""12542"", ""3271"", ""10219"", ""12504"", ""7839""]","{""10219"": 0.0, ""11564"": 0.0, ""12498"": 0.0, ""12504"": 0.0, ""12542"": 0.0, ""1466"": 0.0, ""3271"": 0.0, ""4177"": 0.0, ""6790"": 0.0, ""7049"": 0.0, ""7839"": 0.0, ""8228"": 0.0, ""9484"": 0.0, ""9488"": 0.0, ""9494"": 0.0}","[0.0, 0.0, 0.0, 0.0, 0.0, 0.0, 0.0, 0.0, 0.0]"
2026-10-10T13:26:55+00:00,1370453762442797056,9,4,4,0.0,"[""11566"", ""11581"", ""12526"", ""13286"", ""2505"", ""4034"", ""5012"", ""5892"", ""5967"", ""7021"", ""7042"", ""8126"", ""8144"", ""8146"", ""8183"", ""9500""]","[""8183"", ""4034"", ""5967"", ""8144"", ""8146"", ""5012"", ""9500"", ""5892"", ""7042""]","{""11566"": 0.0, ""11581"": 0.0, ""12526"": 0.0, ""13286"": 0.0, ""2505"": 0.0, ""4034"": 0.0, ""5012"": 0.0, ""5892"": 0.0, ""5967"": 0.0, ""7021"": 0.0, ""7042"": 0.0, ""8126"": 0.0, ""8144"": 0.0, ""8146"": 0.0, ""8183"": 0.0, ""9500"": 0.0}","[0.0, 0.0, 0.0, 0.0, 0.0, 0.0, 0.0, 0.0, 0.0]"
2026-10-10T13:26:55+00:00,1370453762442797056,9,5,5,0.0,[],"[""0"", ""0"", ""0"", ""0"", ""0"", ""0"", ""0"", ""0"", ""0""]",{},"[0.0, 0.0, 0.0, 0.0, 0.0, 0.0, 0.0, 0.0, 0.0]"
2026-10-10T13:26:55+00:00,1370453762442797056,9,6,6,0.0,"[""10229"", ""10859"", ""11630"", ""11635"", ""12474"", ""12527"", ""12533"", ""12545"", ""13294"", ""3257"", ""5022"", ""6650"", ""6806"", ""8132"", ""8148"", ""9226""]","[""3257"", ""12474"", ""12527"", ""8148"", ""13294"", ""10859"", ""12533"", ""6806"", ""6650""]","{""10229"": 0.0, ""10859"": 0.0, ""11630"": 0.0, ""11635"": 0.0, ""12474"": 0.0, ""12527"": 0.0, ""12533"": 0.0, ""12545"": 0.0, ""13294"": 0.0, ""3257"": 0.0, ""5022"": 0.0, ""6650"": 0.0, ""6806"": 0.0, ""8132"": 0.0, ""8148"": 0.0, ""9226"": 0.0}","[0.0, 0.0, 0.0, 0.0, 0.0, 0.0, 0.0, 0.0, 0.0]"
2026-10-10T13:26:55+00:00,1370453762442797056,9,7,7,0.0,"[""11834"", ""12509"", ""12512"", ""12711"", ""13305"", ""13414"", ""7002"", ""7523"", ""7528"", ""7543"", ""8155"", ""8167"", ""9228"", ""9482"", ""9487"", ""9493""]","[""7523"", ""7528"", ""12512"", ""9493"", ""8167"", ""7002"", ""11834"", ""9487"", ""12711""]","{""11834"": 0.0, ""12509"": 0.0, ""12512"": 0.0, ""12711"": 0.0, ""13305"": 0.0, ""13414"": 0.0, ""7002"": 0.0, ""7523"": 0.0, ""7528"": 0.0, ""7543"": 0.0, ""8155"": 0.0, ""8167"": 0.0, ""9228"": 0.0, ""9482"": 0.0, ""9487"": 0.0, ""9493"": 0.0}","[0.0, 0.0, 0.0, 0.0, 0.0, 0.0, 0.0, 0.0, 0.0]"
2026-10-10T13:26:55+00:00,1370453762442797056,9,8,8,0.0,"[""11435"", ""11637"", ""12501"", ""12506"", ""12514"", ""13330"", ""2216"", ""3294"", ""4866"", ""5189"", ""7569"", ""8112"", ""8136"", ""8161"", ""9997""]","[""3294"", ""11435"", ""8136"", ""8112"", ""9997"", ""12506"", ""2216"", ""7569"", ""5189""]","{""11435"": 0.0, ""11637"": 0.0, ""12501"": 0.0, ""12506"": 0.0, ""12514"": 0.0, ""13330"": 0.0, ""2216"": 0.0, ""3294"": 0.0, ""4866"": 0.0, ""5189"": 0.0, ""7569"": 0.0, ""8112"": 0.0, ""8136"": 0.0, ""8161"": 0.0, ""9997"": 0.0}","[0.0, 0.0, 0.0, 0.0, 0.0, 0.0, 0.0, 0.0, 0.0]"
2026-10-10T13:26:55+00:00,1370453762442797056,9,9,9,0.0,"[""11533"", ""11576"", ""11783"", ""12540"", ""13337"", ""13346"", ""4046"", ""4066"", ""5849"", ""7526"", ""7567"", ""8130"", ""8150"", ""8408"", ""9480"", ""9511""]","[""5849"", ""8150"", ""11576"", ""7526"", ""13346"", ""8130"", ""9480"", ""4066"", ""11533""]","{""11533"": 0.0, ""11576"": 0.0, ""11783"": 0.0, ""12540"": 0.0, ""13337"": 0.0, ""13346"": 0.0, ""4046"": 0.0, ""4066"": 0.0, ""5849"": 0.0, ""7526"": 0.0, ""7567"": 0.0, ""8130"": 0.0, ""8150"": 0.0, ""8408"": 0.0, ""9480"": 0.0, ""9511"": 0.0}","[0.0, 0.0, 0.0, 0.0, 0.0, 0.0, 0.0, 0.0, 0.0]"
2026-10-10T13:26:55+00:00,1370453762442797056,9,10,10,0.0,[],"[""0"", ""0"", ""0"", ""0"", ""0"", ""0"", ""0"", ""0"", ""0""]",{},"[0.0, 0.0, 0.0, 0.0, 0.0, 0.0, 0.0, 0.0, 0.0]"
2026-10-10T13:26:55+00:00,1370453762442797056,9,11,11,0.0,"[""11586"", ""1945"", ""2133"", ""2307"", ""2449"", ""3214"", ""4039"", ""4217"", ""4984"", ""5850"", ""5947"", ""6826"", ""7525"", ""8138"", ""8168""]","[""4984"", ""8138"", ""11586"", ""7525"", ""2133"", ""4217"", ""8168"", ""2449"", ""1945""]","{""11586"": 0.0, ""1945"": 0.0, ""2133"": 0.0, ""2307"": 0.0, ""2449"": 0.0, ""3214"": 0.0, ""4039"": 0.0, ""4217"": 0.0, ""4984"": 0.0, ""5850"": 0.0, ""5947"": 0.0, ""6826"": 0.0, ""7525"": 0.0, ""8138"": 0.0, ""8168"": 0.0}","[0.0, 0.0, 0.0, 0.0, 0.0, 0.0, 0.0, 0.0, 0.0]"
2026-10-10T13:26:55+00:00,1370453762442797056,9,12,12,0.0,"[""11792"", ""12519"", ""3198"", ""4018"", ""4035"", ""4950"", ""4983"", ""5844"", ""5859"", ""6786"", ""6794"", ""6797"", ""7571"", ""7594"", ""8121"", ""8131"", ""9758""]","[""6797"", ""3198"", ""4035"", ""6786"", ""12519"", ""8131"", ""6794"", ""8121"", ""11792""]","{""11792"": 0.0, ""12519"": 0.0, ""3198"": 0.0, ""4018"": 0.0, ""4035"": 0.0, ""4950"": 0.0, ""4983"": 0.0, ""5844"": 0.0, ""5859"": 0.0, ""6786"": 0.0, ""6794"": 0.0, ""6797"": 0.0, ""7571"": 0.0, ""7594"": 0.0, ""8121"": 0.0, ""8131"": 0.0, ""9758"": 0.0}","[0.0, 0.0, 0.0, 0.0, 0.0, 0.0, 0.0, 0.0, 0.0]"
2026-10-10T13:26:55+00:00,1370453762442797056,9,13,13,0.0,"[""11584"", ""12015"", ""12185"", ""12484"", ""12522"", ""12718"", ""13288"", ""5927"", ""6865"", ""6904"", ""7547"", ""7588"", ""7600"", ""8110"", ""8142"", ""9486"", ""9756""]","[""6904"", ""7588"", ""11584"", ""7547"", ""5927"", ""8110"", ""7600"", ""9756"", ""12185""]","{""11584"": 0.0, ""12015"": 0.0, ""12185"": 0.0, ""12484"": 0.0, ""12522"": 0.0, ""12718"": 0.0, ""13288"": 0.0, ""5927"": 0.0, ""6865"": 0.0, ""6904"": 0.0, ""7547"": 0.0, ""7588"": 0.0, ""7600"": 0.0, ""8110"": 0.0, ""8142"": 0.0, ""9486"": 0.0, ""9756"": 0.0}","[0.0, 0.0, 0.0, 0.0, 0.0, 0.0, 0.0, 0.0, 0.0]"
2026-10-10T13:26:55+00:00,1370453762442797056,9,14,14,0.0,[],"[""0"", ""0"", ""0"", ""0"", ""0"", ""0"", ""0"", ""0"", ""0""]",{},"[0.0, 0.0, 0.0, 0.0, 0.0, 0.0, 0.0, 0.0, 0.0]"
2026-10-10T13:26:55+00:00,1370453762442797056,9,15,15,0.0,"[""11539"", ""11610"", ""12502"", ""12517"", ""12536"", ""13287"", ""13298"", ""3163"", ""3634"", ""5001"", ""6783"", ""7611"", ""8151"", ""8917"", ""9509""]","[""3163"", ""9509"", ""13287"", ""12536"", ""8917"", ""5001"", ""11610"", ""7611"", ""11539""]","{""11539"": 0.0, ""11610"": 0.0, ""12502"": 0.0, ""12517"": 0.0, ""12536"": 0.0, ""13287"": 0.0, ""13298"": 0.0, ""3163"": 0.0, ""3634"": 0.0, ""5001"": 0.0, ""6783"": 0.0, ""7611"": 0.0, ""8151"": 0.0, ""8917"": 0.0, ""9509"": 0.0}","[0.0, 0.0, 0.0, 0.0, 0.0, 0.0, 0.0, 0.0, 0.0]"
2026-10-10T13:26:55+00:00,1370453762442797056,9,16,16,0.0,"[""10213"", ""10232"", ""10234"", ""10236"", ""11563"", ""1166"", ""12489"", ""3451"", ""4037"", ""4137"", ""8111"", ""8134"", ""8137"", ""8208"", ""8676"", ""9224""]","[""11563"", ""9224"", ""12489"", ""8137"", ""8676"", ""10236"", ""8111"", ""10232"", ""3451""]","{""10213"": 0.0, ""10232"": 0.0, ""10234"": 0.0, ""10236"": 0.0, ""11563"": 0.0, ""1166"": 0.0, ""12489"": 0.0, ""3451"": 0.0, ""4037"": 0.0, ""4137"": 0.0, ""8111"": 0.0, ""8134"": 0.0, ""8137"": 0.0, ""8208"": 0.0, ""8676"": 0.0, ""9224"": 0.0}","[0.0, 0.0, 0.0, 0.0, 0.0, 0.0, 0.0, 0.0, 0.0]"
2026-10-10T13:26:55+00:00,1370453762442797056,9,17,17,0.0,"[""11569"", ""11603"", ""11631"", ""12493"", ""12534"", ""13279"", ""13301"", ""13311"", ""2747"", ""421"", ""4881"", ""6801"", ""8205"", ""9221"", ""9757""]","[""4881"", ""9221"", ""12534"", ""6801"", ""13279"", ""12493"", ""11631"", ""11603"", ""2747""]","{""11569"": 0.0, ""11603"": 0.0, ""11631"": 0.0, ""12493"": 0.0, ""12534"": 0.0, ""13279"": 0.0, ""13301"": 0.0, ""13311"": 0.0, ""2747"": 0.0, ""421"": 0.0, ""4881"": 0.0, ""6801"": 0.0, ""8205"": 0.0, ""9221"": 0.0, ""9757"": 0.0}","[0.0, 0.0, 0.0, 0.0, 0.0, 0.0, 0.0, 0.0, 0.0]"
2026-10-10T13:26:55+00:00,1370453762442797056,9,18,18,0.0,[],"[""0"", ""0"", ""0"", ""0"", ""0"", ""0"", ""0"", ""0"", ""0""]",{},"[0.0, 0.0, 0.0, 0.0, 0.0, 0.0, 0.0, 0.0, 0.0]"
2026-10-10T13:26:55+00:00,1370453762442797056,10,1,1,0.0,"[""11577"", ""11608"", ""11628"", ""11632"", ""11646"", ""12495"", ""12518"", ""12529"", ""13075"", ""13264"", ""4199"", ""5846"", ""6083"", ""6770"", ""6813"", ""9753""]","[""6770"", ""6813"", ""4199"", ""11632"", ""5846"", ""12518"", ""11577"", ""12495"", ""6083""]","{""11577"": 0.0, ""11608"": 0.0, ""11628"": 0.0, ""11632"": 0.0, ""11646"": 0.0, ""12495"": 0.0, ""12518"": 0.0, ""12529"": 0.0, ""13075"": 0.0, ""13264"": 0.0, ""4199"": 0.0, ""5846"": 0.0, ""6083"": 0.0, ""6770"": 0.0, ""6813"": 0.0, ""9753"": 0.0}","[0.0, 0.0, 0.0, 0.0, 0.0, 0.0, 0.0, 0.0, 0.0]"
2026-10-10T13:26:55+00:00,1370453762442797056,10,2,2,0.0,"[""11560"", ""11604"", ""11620"", ""11624"", ""11643"", ""12481"", ""12490"", ""12507"", ""2020"", ""4993"", ""5045"", ""5872"", ""6804"", ""7564"", ""8154""]","[""6804"", ""12490"", ""12481"", ""5872"", ""7564"", ""11604"", ""11620"", ""12507"", ""2020""]","{""11560"": 0.0, ""11604"": 0.0, ""11620"": 0.0, ""11624"": 0.0, ""11643"": 0.0, ""12481"": 0.0, ""12490"": 0.0, ""12507"": 0.0, ""2020"": 0.0, ""4993"": 0.0, ""5045"": 0.0, ""5872"": 0.0, ""6804"": 0.0, ""7564"": 0.0, ""8154"": 0.0}","[0.0, 0.0, 0.0, 0.0, 0.0, 0.0, 0.0, 0.0, 0.0]"
2026-10-10T13:26:55+00:00,1370453762442797056,10,3,3,0.0,"[""10219"", ""11564"", ""12498"", ""12504"", ""12542"", ""1466"", ""3271"", ""4177"", ""6790"", ""7049"", ""7839"", ""8228"", ""9484"", ""9488"", ""9494""]","[""11564"", ""6790"", ""8228"", ""9488"", ""12542"", ""3271"", ""10219"", ""12504"", ""7839""]","{""10219"": 0.0, ""11564"": 0.0, ""12498"": 0.0, ""12504"": 0.0, ""12542"": 0.0, ""1466"": 0.0, ""3271"": 0.0, ""4177"": 0.0, ""6790"": 0.0, ""7049"": 0.0, ""7839"": 0.0, ""8228"": 0.0, ""9484"": 0.0, ""9488"": 0.0, ""9494"": 0.0}","[0.0, 0.0, 0.0, 0.0, 0.0, 0.0, 0.0, 0.0, 0.0]"
2026-10-10T13:26:55+00:00,1370453762442797056,10,4,4,0.0,"[""11566"", ""11581"", ""12526"", ""13286"", ""2505"", ""4034"", ""5012"", ""5892"", ""5967"", ""7021"", ""7042"", ""8126"", ""8144"", ""8146"", ""8183"", ""9500""]","[""8183"", ""4034"", ""5967"", ""8144"", ""8146"", ""5012"", ""9500"", ""5892"", ""7042""]","{""11566"": 0.0, ""11581"": 0.0, ""12526"": 0.0, ""13286"": 0.0, ""2505"": 0.0, ""4034"": 0.0, ""5012"": 0.0, ""5892"": 0.0, ""5967"": 0.0, ""7021"": 0.0, ""7042"": 0.0, ""8126"": 0.0, ""8144"": 0.0, ""8146"": 0.0, ""8183"": 0.0, ""9500"": 0.0}","[0.0, 0.0, 0.0, 0.0, 0.0, 0.0, 0.0, 0.0, 0.0]"
2026-10-10T13:26:55+00:00,1370453762442797056,10,5,5,0.0,[],"[""0"", ""0"", ""0"", ""0"", ""0"", ""0"", ""0"", ""0"", ""0""]",{},"[0.0, 0.0, 0.0, 0.0, 0.0, 0.0, 0.0, 0.0, 0.0]"
2026-10-10T13:26:55+00:00,1370453762442797056,10,6,6,0.0,"[""10229"", ""10859"", ""11630"", ""11635"", ""12474"", ""12527"", ""12533"", ""12545"", ""13294"", ""3257"", ""5022"", ""6650"", ""6806"", ""8132"", ""8148"", ""9226""]","[""3257"", ""12474"", ""12527"", ""8148"", ""13294"", ""10859"", ""12533"", ""6806"", ""6650""]","{""10229"": 0.0, ""10859"": 0.0, ""11630"": 0.0, ""11635"": 0.0, ""12474"": 0.0, ""12527"": 0.0, ""12533"": 0.0, ""12545"": 0.0, ""13294"": 0.0, ""3257"": 0.0, ""5022"": 0.0, ""6650"": 0.0, ""6806"": 0.0, ""8132"": 0.0, ""8148"": 0.0, ""9226"": 0.0}","[0.0, 0.0, 0.0, 0.0, 0.0, 0.0, 0.0, 0.0, 0.0]"
2026-10-10T13:26:55+00:00,1370453762442797056,10,7,7,0.0,"[""11834"", ""12509"", ""12512"", ""12711"", ""13305"", ""13414"", ""7002"", ""7523"", ""7528"", ""7543"", ""8155"", ""8167"", ""9228"", ""9482"", ""9487"", ""9493""]","[""7523"", ""7528"", ""12512"", ""9493"", ""8167"", ""7002"", ""11834"", ""9487"", ""12711""]","{""11834"": 0.0, ""12509"": 0.0, ""12512"": 0.0, ""12711"": 0.0, ""13305"": 0.0, ""13414"": 0.0, ""7002"": 0.0, ""7523"": 0.0, ""7528"": 0.0, ""7543"": 0.0, ""8155"": 0.0, ""8167"": 0.0, ""9228"": 0.0, ""9482"": 0.0, ""9487"": 0.0, ""9493"": 0.0}","[0.0, 0.0, 0.0, 0.0, 0.0, 0.0, 0.0, 0.0, 0.0]"
2026-10-10T13:26:55+00:00,1370453762442797056,10,8,8,0.0,"[""11435"", ""11637"", ""12501"", ""12506"", ""12514"", ""13330"", ""2216"", ""3294"", ""4866"", ""5189"", ""7569"", ""8112"", ""8136"", ""8161"", ""9997""]","[""3294"", ""11435"", ""8136"", ""8112"", ""9997"", ""12506"", ""2216"", ""7569"", ""5189""]","{""11435"": 0.0, ""11637"": 0.0, ""12501"": 0.0, ""12506"": 0.0, ""12514"": 0.0, ""13330"": 0.0, ""2216"": 0.0, ""3294"": 0.0, ""4866"": 0.0, ""5189"": 0.0, ""7569"": 0.0, ""8112"": 0.0, ""8136"": 0.0, ""8161"": 0.0, ""9997"": 0.0}","[0.0, 0.0, 0.0, 0.0, 0.0, 0.0, 0.0, 0.0, 0.0]"
2026-10-10T13:26:55+00:00,1370453762442797056,10,9,9,0.0,"[""11533"", ""11576"", ""11783"", ""12540"", ""13337"", ""13346"", ""4046"", ""4066"", ""5849"", ""7526"", ""7567"", ""8130"", ""8150"", ""8408"", ""9480"", ""9511""]","[""5849"", ""8150"", ""11576"", ""7526"", ""13346"", ""8130"", ""9480"", ""4066"", ""11533""]","{""11533"": 0.0, ""11576"": 0.0, ""11783"": 0.0, ""12540"": 0.0, ""13337"": 0.0, ""13346"": 0.0, ""4046"": 0.0, ""4066"": 0.0, ""5849"": 0.0, ""7526"": 0.0, ""7567"": 0.0, ""8130"": 0.0, ""8150"": 0.0, ""8408"": 0.0, ""9480"": 0.0, ""9511"": 0.0}","[0.0, 0.0, 0.0, 0.0, 0.0, 0.0, 0.0, 0.0, 0.0]"
2026-10-10T13:26:55+00:00,1370453762442797056,10,10,10,0.0,[],"[""0"", ""0"", ""0"", ""0"", ""0"", ""0"", ""0"", ""0"", ""0""]",{},"[0.0, 0.0, 0.0, 0.0, 0.0, 0.0, 0.0, 0.0, 0.0]"
2026-10-10T13:26:55+00:00,1370453762442797056,10,11,11,0.0,"[""11586"", ""1945"", ""2133"", ""2307"", ""2449"", ""3214"", ""4039"", ""4217"", ""4984"", ""5850"", ""5947"", ""6826"", ""7525"", ""8138"", ""8168""]","[""4984"", ""8138"", ""11586"", ""7525"", ""2133"", ""4217"", ""8168"", ""2449"", ""1945""]","{""11586"": 0.0, ""1945"": 0.0, ""2133"": 0.0, ""2307"": 0.0, ""2449"": 0.0, ""3214"": 0.0, ""4039"": 0.0, ""4217"": 0.0, ""4984"": 0.0, ""5850"": 0.0, ""5947"": 0.0, ""6826"": 0.0, ""7525"": 0.0, ""8138"": 0.0, ""8168"": 0.0}","[0.0, 0.0, 0.0, 0.0, 0.0, 0.0, 0.0, 0.0, 0.0]"
2026-10-10T13:26:55+00:00,1370453762442797056,10,12,12,0.0,"[""11792"", ""12519"", ""3198"", ""4018"", ""4035"", ""4950"", ""4983"", ""5844"", ""5859"", ""6786"", ""6794"", ""6797"", ""7571"", ""7594"", ""8121"", ""8131"", ""9758""]","[""6797"", ""3198"", ""4035"", ""6786"", ""12519"", ""8131"", ""6794"", ""8121"", ""11792""]","{""11792"": 0.0, ""12519"": 0.0, ""3198"": 0.0, ""4018"": 0.0, ""4035"": 0.0, ""4950"": 0.0, ""4983"": 0.0, ""5844"": 0.0, ""5859"": 0.0, ""6786"": 0.0, ""6794"": 0.0, ""6797"": 0.0, ""7571"": 0.0, ""7594"": 0.0, ""8121"": 0.0, ""8131"": 0.0, ""9758"": 0.0}","[0.0, 0.0, 0.0, 0.0, 0.0, 0.0, 0.0, 0.0, 0.0]"
2026-10-10T13:26:55+00:00,1370453762442797056,10,13,13,0.0,"[""11584"", ""12015"", ""12185"", ""12484"", ""12522"", ""12718"", ""13288"", ""5927"", ""6865"", ""6904"", ""7547"", ""7588"", ""7600"", ""8110"", ""8142"", ""9486"", ""9756""]","[""6904"", ""7588"", ""11584"", ""7547"", ""5927"", ""8110"", ""7600"", ""9756"", ""12185""]","{""11584"": 0.0, ""12015"": 0.0, ""12185"": 0.0, ""12484"": 0.0, ""12522"": 0.0, ""12718"": 0.0, ""13288"": 0.0, ""5927"": 0.0, ""6865"": 0.0, ""6904"": 0.0, ""7547"": 0.0, ""7588"": 0.0, ""7600"": 0.0, ""8110"": 0.0, ""8142"": 0.0, ""9486"": 0.0, ""9756"": 0.0}","[0.0, 0.0, 0.0, 0.0, 0.0, 0.0, 0.0, 0.0, 0.0]"
2026-10-10T13:26:55+00:00,1370453762442797056,10,14,14,0.0,[],"[""0"", ""0"", ""0"", ""0"", ""0"", ""0"", ""0"", ""0"", ""0""]",{},"[0.0, 0.0, 0.0, 0.0, 0.0, 0.0, 0.0, 0.0, 0.0]"
2026-10-10T13:26:55+00:00,1370453762442797056,10,15,15,0.0,"[""11539"", ""11610"", ""12502"", ""12517"", ""12536"", ""13287"", ""13298"", ""3163"", ""3634"", ""5001"", ""6783"", ""7611"", ""8151"", ""8917"", ""9509""]","[""3163"", ""9509"", ""13287"", ""12536"", ""8917"", ""5001"", ""11610"", ""7611"", ""11539""]","{""11539"": 0.0, ""11610"": 0.0, ""12502"": 0.0, ""12517"": 0.0, ""12536"": 0.0, ""13287"": 0.0, ""13298"": 0.0, ""3163"": 0.0, ""3634"": 0.0, ""5001"": 0.0, ""6783"": 0.0, ""7611"": 0.0, ""8151"": 0.0, ""8917"": 0.0, ""9509"": 0.0}","[0.0, 0.0, 0.0, 0.0, 0.0, 0.0, 0.0, 0.0, 0.0]"
2026-10-10T13:26:55+00:00,1370453762442797056,10,16,16,0.0,"[""10213"", ""10232"", ""10234"", ""10236"", ""11563"", ""1166"", ""12489"", ""3451"", ""4037"", ""4137"", ""8111"", ""8134"", ""8137"", ""8208"", ""8676"", ""9224""]","[""11563"", ""9224"", ""12489"", ""8137"", ""8676"", ""10236"", ""8111"", ""10232"", ""3451""]","{""10213"": 0.0, ""10232"": 0.0, ""10234"": 0.0, ""10236"": 0.0, ""11563"": 0.0, ""1166"": 0.0, ""12489"": 0.0, ""3451"": 0.0, ""4037"": 0.0, ""4137"": 0.0, ""8111"": 0.0, ""8134"": 0.0, ""8137"": 0.0, ""8208"": 0.0, ""8676"": 0.0, ""9224"": 0.0}","[0.0, 0.0, 0.0, 0.0, 0.0, 0.0, 0.0, 0.0, 0.0]"
2026-10-10T13:26:55+00:00,1370453762442797056,10,17,17,0.0,"[""11569"", ""11603"", ""11631"", ""12493"", ""12534"", ""13279"", ""13301"", ""13311"", ""2747"", ""421"", ""4881"", ""6801"", ""8205"", ""9221"", ""9757""]","[""4881"", ""9221"", ""12534"", ""6801"", ""13279"", ""12493"", ""11631"", ""11603"", ""2747""]","{""11569"": 0.0, ""11603"": 0.0, ""11631"": 0.0, ""12493"": 0.0, ""12534"": 0.0, ""13279"": 0.0, ""13301"": 0.0, ""13311"": 0.0, ""2747"": 0.0, ""421"": 0.0, ""4881"": 0.0, ""6801"": 0.0, ""8205"": 0.0, ""9221"": 0.0, ""9757"": 0.0}","[0.0, 0.0, 0.0, 0.0, 0.0, 0.0, 0.0, 0.0, 0.0]"
2026-10-10T13:26:55+00:00,1370453762442797056,10,18,18,0.0,[],"[""0"", ""0"", ""0"", ""0"", ""0"", ""0"", ""0"", ""0"", ""0""]",{},"[0.0, 0.0, 0.0, 0.0, 0.0, 0.0, 0.0, 0.0, 0.0]"
2026-10-10T13:26:55+00:00,1370453762442797056,11,1,1,0.0,"[""11577"", ""11608"", ""11628"", ""11632"", ""11646"", ""12495"", ""12518"", ""12529"", ""13075"", ""13264"", ""4199"", ""5846"", ""6083"", ""6770"", ""6813"", ""9753""]","[""6770"", ""6813"", ""4199"", ""11632"", ""5846"", ""12518"", ""11577"", ""12495"", ""6083""]","{""11577"": 0.0, ""11608"": 0.0, ""11628"": 0.0, ""11632"": 0.0, ""11646"": 0.0, ""12495"": 0.0, ""12518"": 0.0, ""12529"": 0.0, ""13075"": 0.0, ""13264"": 0.0, ""4199"": 0.0, ""5846"": 0.0, ""6083"": 0.0, ""6770"": 0.0, ""6813"": 0.0, ""9753"": 0.0}","[0.0, 0.0, 0.0, 0.0, 0.0, 0.0, 0.0, 0.0, 0.0]"
2026-10-10T13:26:55+00:00,1370453762442797056,11,2,2,0.0,"[""11560"", ""11604"", ""11620"", ""11624"", ""11643"", ""12481"", ""12490"", ""12507"", ""2020"", ""4993"", ""5045"", ""5872"", ""6804"", ""7564"", ""8154""]","[""6804"", ""12490"", ""12481"", ""5872"", ""7564"", ""11604"", ""11620"", ""12507"", ""2020""]","{""11560"": 0.0, ""11604"": 0.0, ""11620"": 0.0, ""11624"": 0.0, ""11643"": 0.0, ""12481"": 0.0, ""12490"": 0.0, ""12507"": 0.0, ""2020"": 0.0, ""4993"": 0.0, ""5045"": 0.0, ""5872"": 0.0, ""6804"": 0.0, ""7564"": 0.0, ""8154"": 0.0}","[0.0, 0.0, 0.0, 0.0, 0.0, 0.0, 0.0, 0.0, 0.0]"
2026-10-10T13:26:55+00:00,1370453762442797056,11,3,3,0.0,"[""10219"", ""11564"", ""12498"", ""12504"", ""12542"", ""1466"", ""3271"", ""4177"", ""6790"", ""7049"", ""7839"", ""8228"", ""9484"", ""9488"", ""9494""]","[""11564"", ""6790"", ""8228"", ""9488"", ""12542"", ""3271"", ""10219"", ""12504"", ""7839""]","{""10219"": 0.0, ""11564"": 0.0, ""12498"": 0.0, ""12504"": 0.0, ""12542"": 0.0, ""1466"": 0.0, ""3271"": 0.0, ""4177"": 0.0, ""6790"": 0.0, ""7049"": 0.0, ""7839"": 0.0, ""8228"": 0.0, ""9484"": 0.0, ""9488"": 0.0, ""9494"": 0.0}","[0.0, 0.0, 0.0, 0.0, 0.0, 0.0, 0.0, 0.0, 0.0]"
2026-10-10T13:26:55+00:00,1370453762442797056,11,4,4,0.0,"[""11566"", ""11581"", ""12526"", ""13286"", ""2505"", ""4034"", ""5012"", ""5892"", ""5967"", ""7021"", ""7042"", ""8126"", ""8144"", ""8146"", ""8183"", ""9500""]","[""8183"", ""4034"", ""5967"", ""8144"", ""8146"", ""5012"", ""9500"", ""5892"", ""7042""]","{""11566"": 0.0, ""11581"": 0.0, ""12526"": 0.0, ""13286"": 0.0, ""2505"": 0.0, ""4034"": 0.0, ""5012"": 0.0, ""5892"": 0.0, ""5967"": 0.0, ""7021"": 0.0, ""7042"": 0.0, ""8126"": 0.0, ""8144"": 0.0, ""8146"": 0.0, ""8183"": 0.0, ""9500"": 0.0}","[0.0, 0.0, 0.0, 0.0, 0.0, 0.0, 0.0, 0.0, 0.0]"
2026-10-10T13:26:55+00:00,1370453762442797056,11,5,5,0.0,[],"[""0"", ""0"", ""0"", ""0"", ""0"", ""0"", ""0"", ""0"", ""0""]",{},"[0.0, 0.0, 0.0, 0.0, 0.0, 0.0, 0.0, 0.0, 0.0]"
2026-10-10T13:26:55+00:00,1370453762442797056,11,6,6,0.0,"[""10229"", ""10859"", ""11630"", ""11635"", ""12474"", ""12527"", ""12533"", ""12545"", ""13294"", ""3257"", ""5022"", ""6650"", ""6806"", ""8132"", ""8148"", ""9226""]","[""3257"", ""12474"", ""12527"", ""8148"", ""13294"", ""10859"", ""12533"", ""6806"", ""6650""]","{""10229"": 0.0, ""10859"": 0.0, ""11630"": 0.0, ""11635"": 0.0, ""12474"": 0.0, ""12527"": 0.0, ""12533"": 0.0, ""12545"": 0.0, ""13294"": 0.0, ""3257"": 0.0, ""5022"": 0.0, ""6650"": 0.0, ""6806"": 0.0, ""8132"": 0.0, ""8148"": 0.0, ""9226"": 0.0}","[0.0, 0.0, 0.0, 0.0, 0.0, 0.0, 0.0, 0.0, 0.0]"
2026-10-10T13:26:55+00:00,1370453762442797056,11,7,7,0.0,"[""11834"", ""12509"", ""12512"", ""12711"", ""13305"", ""13414"", ""7002"", ""7523"", ""7528"", ""7543"", ""8155"", ""8167"", ""9228"", ""9482"", ""9487"", ""9493""]","[""7523"", ""7528"", ""12512"", ""9493"", ""8167"", ""7002"", ""11834"", ""9487"", ""12711""]","{""11834"": 0.0, ""12509"": 0.0, ""12512"": 0.0, ""12711"": 0.0, ""13305"": 0.0, ""13414"": 0.0, ""7002"": 0.0, ""7523"": 0.0, ""7528"": 0.0, ""7543"": 0.0, ""8155"": 0.0, ""8167"": 0.0, ""9228"": 0.0, ""9482"": 0.0, ""9487"": 0.0, ""9493"": 0.0}","[0.0, 0.0, 0.0, 0.0, 0.0, 0.0, 0.0, 0.0, 0.0]"
2026-10-10T13:26:55+00:00,1370453762442797056,11,8,8,0.0,"[""11435"", ""11637"", ""12501"", ""12506"", ""12514"", ""13330"", ""2216"", ""3294"", ""4866"", ""5189"", ""7569"", ""8112"", ""8136"", ""8161"", ""9997""]","[""3294"", ""11435"", ""8136"", ""8112"", ""9997"", ""12506"", ""2216"", ""7569"", ""5189""]","{""11435"": 0.0, ""11637"": 0.0, ""12501"": 0.0, ""12506"": 0.0, ""12514"": 0.0, ""13330"": 0.0, ""2216"": 0.0, ""3294"": 0.0, ""4866"": 0.0, ""5189"": 0.0, ""7569"": 0.0, ""8112"": 0.0, ""8136"": 0.0, ""8161"": 0.0, ""9997"": 0.0}","[0.0, 0.0, 0.0, 0.0, 0.0, 0.0, 0.0, 0.0, 0.0]"
2026-10-10T13:26:55+00:00,1370453762442797056,11,9,9,0.0,"[""11533"", ""11576"", ""11783"", ""12540"", ""13337"", ""13346"", ""4046"", ""4066"", ""5849"", ""7526"", ""7567"", ""8130"", ""8150"", ""8408"", ""9480"", ""9511""]","[""5849"", ""8150"", ""11576"", ""7526"", ""13346"", ""8130"", ""9480"", ""4066"", ""11533""]","{""11533"": 0.0, ""11576"": 0.0, ""11783"": 0.0, ""12540"": 0.0, ""13337"": 0.0, ""13346"": 0.0, ""4046"": 0.0, ""4066"": 0.0, ""5849"": 0.0, ""7526"": 0.0, ""7567"": 0.0, ""8130"": 0.0, ""8150"": 0.0, ""8408"": 0.0, ""9480"": 0.0, ""9511"": 0.0}","[0.0, 0.0, 0.0, 0.0, 0.0, 0.0, 0.0, 0.0, 0.0]"
2026-10-10T13:26:55+00:00,1370453762442797056,11,10,10,0.0,[],"[""0"", ""0"", ""0"", ""0"", ""0"", ""0"", ""0"", ""0"", ""0""]",{},"[0.0, 0.0, 0.0, 0.0, 0.0, 0.0, 0.0, 0.0, 0.0]"
2026-10-10T13:26:55+00:00,1370453762442797056,11,11,11,0.0,"[""11586"", ""1945"", ""2133"", ""2307"", ""2449"", ""3214"", ""4039"", ""4217"", ""4984"", ""5850"", ""5947"", ""6826"", ""7525"", ""8138"", ""8168""]","[""4984"", ""8138"", ""11586"", ""7525"", ""2133"", ""4217"", ""8168"", ""2449"", ""1945""]","{""11586"": 0.0, ""1945"": 0.0, ""2133"": 0.0, ""2307"": 0.0, ""2449"": 0.0, ""3214"": 0.0, ""4039"": 0.0, ""4217"": 0.0, ""4984"": 0.0, ""5850"": 0.0, ""5947"": 0.0, ""6826"": 0.0, ""7525"": 0.0, ""8138"": 0.0, ""8168"": 0.0}","[0.0, 0.0, 0.0, 0.0, 0.0, 0.0, 0.0, 0.0, 0.0]"
2026-10-10T13:26:55+00:00,1370453762442797056,11,12,12,0.0,"[""11792"", ""12519"", ""3198"", ""4018"", ""4035"", ""4950"", ""4983"", ""5844"", ""5859"", ""6786"", ""6794"", ""6797"", ""7571"", ""7594"", ""8121"", ""8131"", ""9758""]","[""6797"", ""3198"", ""4035"", ""6786"", ""12519"", ""8131"", ""6794"", ""8121"", ""11792""]","{""11792"": 0.0, ""12519"": 0.0, ""3198"": 0.0, ""4018"": 0.0, ""4035"": 0.0, ""4950"": 0.0, ""4983"": 0.0, ""5844"": 0.0, ""5859"": 0.0, ""6786"": 0.0, ""6794"": 0.0, ""6797"": 0.0, ""7571"": 0.0, ""7594"": 0.0, ""8121"": 0.0, ""8131"": 0.0, ""9758"": 0.0}","[0.0, 0.0, 0.0, 0.0, 0.0, 0.0, 0.0, 0.0, 0.0]"
2026-10-10T13:26:55+00:00,1370453762442797056,11,13,13,0.0,"[""11584"", ""12015"", ""12185"", ""12484"", ""12522"", ""12718"", ""13288"", ""5927"", ""6865"", ""6904"", ""7547"", ""7588"", ""7600"", ""8110"", ""8142"", ""9486"", ""9756""]","[""6904"", ""7588"", ""11584"", ""7547"", ""5927"", ""8110"", ""7600"", ""9756"", ""12185""]","{""11584"": 0.0, ""12015"": 0.0, ""12185"": 0.0, ""12484"": 0.0, ""12522"": 0.0, ""12718"": 0.0, ""13288"": 0.0, ""5927"": 0.0, ""6865"": 0.0, ""6904"": 0.0, ""7547"": 0.0, ""7588"": 0.0, ""7600"": 0.0, ""8110"": 0.0, ""8142"": 0.0, ""9486"": 0.0, ""9756"": 0.0}","[0.0, 0.0, 0.0, 0.0, 0.0, 0.0, 0.0, 0.0, 0.0]"
2026-10-10T13:26:55+00:00,1370453762442797056,11,14,14,0.0,[],"[""0"", ""0"", ""0"", ""0"", ""0"", ""0"", ""0"", ""0"", ""0""]",{},"[0.0, 0.0, 0.0, 0.0, 0.0, 0.0, 0.0, 0.0, 0.0]"
2026-10-10T13:26:55+00:00,1370453762442797056,11,15,15,0.0,"[""11539"", ""11610"", ""12502"", ""12517"", ""12536"", ""13287"", ""13298"", ""3163"", ""3634"", ""5001"", ""6783"", ""7611"", ""8151"", ""8917"", ""9509""]","[""3163"", ""9509"", ""13287"", ""12536"", ""8917"", ""5001"", ""11610"", ""7611"", ""11539""]","{""11539"": 0.0, ""11610"": 0.0, ""12502"": 0.0, ""12517"": 0.0, ""12536"": 0.0, ""13287"": 0.0, ""13298"": 0.0, ""3163"": 0.0, ""3634"": 0.0, ""5001"": 0.0, ""6783"": 0.0, ""7611"": 0.0, ""8151"": 0.0, ""8917"": 0.0, ""9509"": 0.0}","[0.0, 0.0, 0.0, 0.0, 0.0, 0.0, 0.0, 0.0, 0.0]"
2026-10-10T13:26:55+00:00,1370453762442797056,11,16,16,0.0,"[""10213"", ""10232"", ""10234"", ""10236"", ""11563"", ""1166"", ""12489"", ""3451"", ""4037"", ""4137"", ""8111"", ""8134"", ""8137"", ""8208"", ""8676"", ""9224""]","[""11563"", ""9224"", ""12489"", ""8137"", ""8676"", ""10236"", ""8111"", ""10232"", ""3451""]","{""10213"": 0.0, ""10232"": 0.0, ""10234"": 0.0, ""10236"": 0.0, ""11563"": 0.0, ""1166"": 0.0, ""12489"": 0.0, ""3451"": 0.0, ""4037"": 0.0, ""4137"": 0.0, ""8111"": 0.0, ""8134"": 0.0, ""8137"": 0.0, ""8208"": 0.0, ""8676"": 0.0, ""9224"": 0.0}","[0.0, 0.0, 0.0, 0.0, 0.0, 0.0, 0.0, 0.0, 0.0]"
2026-10-10T13:26:55+00:00,1370453762442797056,11,17,17,0.0,"[""11569"", ""11603"", ""11631"", ""12493"", ""12534"", ""13279"", ""13301"", ""13311"", ""2747"", ""421"", ""4881"", ""6801"", ""8205"", ""9221"", ""9757""]","[""4881"", ""9221"", ""12534"", ""6801"", ""13279"", ""12493"", ""11631"", ""11603"", ""2747""]","{""11569"": 0.0, ""11603"": 0.0, ""11631"": 0.0, ""12493"": 0.0, ""12534"": 0.0, ""13279"": 0.0, ""13301"": 0.0, ""13311"": 0.0, ""2747"": 0.0, ""421"": 0.0, ""4881"": 0.0, ""6801"": 0.0, ""8205"": 0.0, ""9221"": 0.0, ""9757"": 0.0}","[0.0, 0.0, 0.0, 0.0, 0.0, 0.0, 0.0, 0.0, 0.0]"
2026-10-10T13:26:55+00:00,1370453762442797056,11,18,18,0.0,[],"[""0"", ""0"", ""0"", ""0"", ""0"", ""0"", ""0"", ""0"", ""0""]",{},"[0.0, 0.0, 0.0, 0.0, 0.0, 0.0, 0.0, 0.0, 0.0]"
2026-10-10T13:26:55+00:00,1370453762442797056,12,1,1,0.0,"[""11577"", ""11608"", ""11628"", ""11632"", ""11646"", ""12495"", ""12518"", ""12529"", ""13075"", ""13264"", ""4199"", ""5846"", ""6083"", ""6770"", ""6813"", ""9753""]","[""6770"", ""6813"", ""4199"", ""11632"", ""5846"", ""12518"", ""11577"", ""12495"", ""6083""]","{""11577"": 0.0, ""11608"": 0.0, ""11628"": 0.0, ""11632"": 0.0, ""11646"": 0.0, ""12495"": 0.0, ""12518"": 0.0, ""12529"": 0.0, ""13075"": 0.0, ""13264"": 0.0, ""4199"": 0.0, ""5846"": 0.0, ""6083"": 0.0, ""6770"": 0.0, ""6813"": 0.0, ""9753"": 0.0}","[0.0, 0.0, 0.0, 0.0, 0.0, 0.0, 0.0, 0.0, 0.0]"
2026-10-10T13:26:55+00:00,1370453762442797056,12,2,2,0.0,"[""11560"", ""11604"", ""11620"", ""11624"", ""11643"", ""12481"", ""12490"", ""12507"", ""2020"", ""4993"", ""5045"", ""5872"", ""6804"", ""7564"", ""8154""]","[""6804"", ""12490"", ""12481"", ""5872"", ""7564"", ""11604"", ""11620"", ""12507"", ""2020""]","{""11560"": 0.0, ""11604"": 0.0, ""11620"": 0.0, ""11624"": 0.0, ""11643"": 0.0, ""12481"": 0.0, ""12490"": 0.0, ""12507"": 0.0, ""2020"": 0.0, ""4993"": 0.0, ""5045"": 0.0, ""5872"": 0.0, ""6804"": 0.0, ""7564"": 0.0, ""8154"": 0.0}","[0.0, 0.0, 0.0, 0.0, 0.0, 0.0, 0.0, 0.0, 0.0]"
2026-10-10T13:26:55+00:00,1370453762442797056,12,3,3,0.0,"[""10219"", ""11564"", ""12498"", ""12504"", ""12542"", ""1466"", ""3271"", ""4177"", ""6790"", ""7049"", ""7839"", ""8228"", ""9484"", ""9488"", ""9494""]","[""11564"", ""6790"", ""8228"", ""9488"", ""12542"", ""3271"", ""10219"", ""12504"", ""7839""]","{""10219"": 0.0, ""11564"": 0.0, ""12498"": 0.0, ""12504"": 0.0, ""12542"": 0.0, ""1466"": 0.0, ""3271"": 0.0, ""4177"": 0.0, ""6790"": 0.0, ""7049"": 0.0, ""7839"": 0.0, ""8228"": 0.0, ""9484"": 0.0, ""9488"": 0.0, ""9494"": 0.0}","[0.0, 0.0, 0.0, 0.0, 0.0, 0.0, 0.0, 0.0, 0.0]"
2026-10-10T13:26:55+00:00,1370453762442797056,12,4,4,0.0,"[""11566"", ""11581"", ""12526"", ""13286"", ""2505"", ""4034"", ""5012"", ""5892"", ""5967"", ""7021"", ""7042"", ""8126"", ""8144"", ""8146"", ""8183"", ""9500""]","[""8183"", ""4034"", ""5967"", ""8144"", ""8146"", ""5012"", ""9500"", ""5892"", ""7042""]","{""11566"": 0.0, ""11581"": 0.0, ""12526"": 0.0, ""13286"": 0.0, ""2505"": 0.0, ""4034"": 0.0, ""5012"": 0.0, ""5892"": 0.0, ""5967"": 0.0, ""7021"": 0.0, ""7042"": 0.0, ""8126"": 0.0, ""8144"": 0.0, ""8146"": 0.0, ""8183"": 0.0, ""9500"": 0.0}","[0.0, 0.0, 0.0, 0.0, 0.0, 0.0, 0.0, 0.0, 0.0]"
2026-10-10T13:26:55+00:00,1370453762442797056,12,5,5,0.0,[],"[""0"", ""0"", ""0"", ""0"", ""0"", ""0"", ""0"", ""0"", ""0""]",{},"[0.0, 0.0, 0.0, 0.0, 0.0, 0.0, 0.0, 0.0, 0.0]"
2026-10-10T13:26:55+00:00,1370453762442797056,12,6,6,0.0,"[""10229"", ""10859"", ""11630"", ""11635"", ""12474"", ""12527"", ""12533"", ""12545"", ""13294"", ""3257"", ""5022"", ""6650"", ""6806"", ""8132"", ""8148"", ""9226""]","[""3257"", ""12474"", ""12527"", ""8148"", ""13294"", ""10859"", ""12533"", ""6806"", ""6650""]","{""10229"": 0.0, ""10859"": 0.0, ""11630"": 0.0, ""11635"": 0.0, ""12474"": 0.0, ""12527"": 0.0, ""12533"": 0.0, ""12545"": 0.0, ""13294"": 0.0, ""3257"": 0.0, ""5022"": 0.0, ""6650"": 0.0, ""6806"": 0.0, ""8132"": 0.0, ""8148"": 0.0, ""9226"": 0.0}","[0.0, 0.0, 0.0, 0.0, 0.0, 0.0, 0.0, 0.0, 0.0]"
2026-10-10T13:26:55+00:00,1370453762442797056,12,7,7,0.0,"[""11834"", ""12509"", ""12512"", ""12711"", ""13305"", ""13414"", ""7002"", ""7523"", ""7528"", ""7543"", ""8155"", ""8167"", ""9228"", ""9482"", ""9487"", ""9493""]","[""7523"", ""7528"", ""12512"", ""9493"", ""8167"", ""7002"", ""11834"", ""9487"", ""12711""]","{""11834"": 0.0, ""12509"": 0.0, ""12512"": 0.0, ""12711"": 0.0, ""13305"": 0.0, ""13414"": 0.0, ""7002"": 0.0, ""7523"": 0.0, ""7528"": 0.0, ""7543"": 0.0, ""8155"": 0.0, ""8167"": 0.0, ""9228"": 0.0, ""9482"": 0.0, ""9487"": 0.0, ""9493"": 0.0}","[0.0, 0.0, 0.0, 0.0, 0.0, 0.0, 0.0, 0.0, 0.0]"
2026-10-10T13:26:55+00:00,1370453762442797056,12,8,8,0.0,"[""11435"", ""11637"", ""12501"", ""12506"", ""12514"", ""13330"", ""2216"", ""3294"", ""4866"", ""5189"", ""7569"", ""8112"", ""8136"", ""8161"", ""9997""]","[""3294"", ""11435"", ""8136"", ""8112"", ""9997"", ""12506"", ""2216"", ""7569"", ""5189""]","{""11435"": 0.0, ""11637"": 0.0, ""12501"": 0.0, ""12506"": 0.0, ""12514"": 0.0, ""13330"": 0.0, ""2216"": 0.0, ""3294"": 0.0, ""4866"": 0.0, ""5189"": 0.0, ""7569"": 0.0, ""8112"": 0.0, ""8136"": 0.0, ""8161"": 0.0, ""9997"": 0.0}","[0.0, 0.0, 0.0, 0.0, 0.0, 0.0, 0.0, 0.0, 0.0]"
2026-10-10T13:26:55+00:00,1370453762442797056,12,9,9,0.0,"[""11533"", ""11576"", ""11783"", ""12540"", ""13337"", ""13346"", ""4046"", ""4066"", ""5849"", ""7526"", ""7567"", ""8130"", ""8150"", ""8408"", ""9480"", ""9511""]","[""5849"", ""8150"", ""11576"", ""7526"", ""13346"", ""8130"", ""9480"", ""4066"", ""11533""]","{""11533"": 0.0, ""11576"": 0.0, ""11783"": 0.0, ""12540"": 0.0, ""13337"": 0.0, ""13346"": 0.0, ""4046"": 0.0, ""4066"": 0.0, ""5849"": 0.0, ""7526"": 0.0, ""7567"": 0.0, ""8130"": 0.0, ""8150"": 0.0, ""8408"": 0.0, ""9480"": 0.0, ""9511"": 0.0}","[0.0, 0.0, 0.0, 0.0, 0.0, 0.0, 0.0, 0.0, 0.0]"
2026-10-10T13:26:55+00:00,1370453762442797056,12,10,10,0.0,[],"[""0"", ""0"", ""0"", ""0"", ""0"", ""0"", ""0"", ""0"", ""0""]",{},"[0.0, 0.0, 0.0, 0.0, 0.0, 0.0, 0.0, 0.0, 0.0]"
2026-10-10T13:26:55+00:00,1370453762442797056,12,11,11,0.0,"[""11586"", ""1945"", ""2133"", ""2307"", ""2449"", ""3214"", ""4039"", ""4217"", ""4984"", ""5850"", ""5947"", ""6826"", ""7525"", ""8138"", ""8168""]","[""4984"", ""8138"", ""11586"", ""7525"", ""2133"", ""4217"", ""8168"", ""2449"", ""1945""]","{""11586"": 0.0, ""1945"": 0.0, ""2133"": 0.0, ""2307"": 0.0, ""2449"": 0.0, ""3214"": 0.0, ""4039"": 0.0, ""4217"": 0.0, ""4984"": 0.0, ""5850"": 0.0, ""5947"": 0.0, ""6826"": 0.0, ""7525"": 0.0, ""8138"": 0.0, ""8168"": 0.0}","[0.0, 0.0, 0.0, 0.0, 0.0, 0.0, 0.0, 0.0, 0.0]"
2026-10-10T13:26:55+00:00,1370453762442797056,12,12,12,0.0,"[""11792"", ""12519"", ""3198"", ""4018"", ""4035"", ""4950"", ""4983"", ""5844"", ""5859"", ""6786"", ""6794"", ""6797"", ""7571"", ""7594"", ""8121"", ""8131"", ""9758""]","[""6797"", ""3198"", ""4035"", ""6786"", ""12519"", ""8131"", ""6794"", ""8121"", ""11792""]","{""11792"": 0.0, ""12519"": 0.0, ""3198"": 0.0, ""4018"": 0.0, ""4035"": 0.0, ""4950"": 0.0, ""4983"": 0.0, ""5844"": 0.0, ""5859"": 0.0, ""6786"": 0.0, ""6794"": 0.0, ""6797"": 0.0, ""7571"": 0.0, ""7594"": 0.0, ""8121"": 0.0, ""8131"": 0.0, ""9758"": 0.0}","[0.0, 0.0, 0.0, 0.0, 0.0, 0.0, 0.0, 0.0, 0.0]"
2026-10-10T13:26:55+00:00,1370453762442797056,12,13,13,0.0,"[""11584"", ""12015"", ""12185"", ""12484"", ""12522"", ""12718"", ""13288"", ""5927"", ""6865"", ""6904"", ""7547"", ""7588"", ""7600"", ""8110"", ""8142"", ""9486"", ""9756""]","[""6904"", ""7588"", ""11584"", ""7547"", ""5927"", ""8110"", ""7600"", ""9756"", ""12185""]","{""11584"": 0.0, ""12015"": 0.0, ""12185"": 0.0, ""12484"": 0.0, ""12522"": 0.0, ""12718"": 0.0, ""13288"": 0.0, ""5927"": 0.0, ""6865"": 0.0, ""6904"": 0.0, ""7547"": 0.0, ""7588"": 0.0, ""7600"": 0.0, ""8110"": 0.0, ""8142"": 0.0, ""9486"": 0.0, ""9756"": 0.0}","[0.0, 0.0, 0.0, 0.0, 0.0, 0.0, 0.0, 0.0, 0.0]"
2026-10-10T13:26:55+00:00,1370453762442797056,12,14,14,0.0,[],"[""0"", ""0"", ""0"", ""0"", ""0"", ""0"", ""0"", ""0"", ""0""]",{},"[0.0, 0.0, 0.0, 0.0, 0.0, 0.0, 0.0, 0.0, 0.0]"
2026-10-10T13:26:55+00:00,1370453762442797056,12,15,15,0.0,"[""11539"", ""11610"", ""12502"", ""12517"", ""12536"", ""13287"", ""13298"", ""3163"", ""3634"", ""5001"", ""6783"", ""7611"", ""8151"", ""8917"", ""9509""]","[""3163"", ""9509"", ""13287"", ""12536"", ""8917"", ""5001"", ""11610"", ""7611"", ""11539""]","{""11539"": 0.0, ""11610"": 0.0, ""12502"": 0.0, ""12517"": 0.0, ""12536"": 0.0, ""13287"": 0.0, ""13298"": 0.0, ""3163"": 0.0, ""3634"": 0.0, ""5001"": 0.0, ""6783"": 0.0, ""7611"": 0.0, ""8151"": 0.0, ""8917"": 0.0, ""9509"": 0.0}","[0.0, 0.0, 0.0, 0.0, 0.0, 0.0, 0.0, 0.0, 0.0]"
2026-10-10T13:26:55+00:00,1370453762442797056,12,16,16,0.0,"[""10213"", ""10232"", ""10234"", ""10236"", ""11563"", ""1166"", ""12489"", ""3451"", ""4037"", ""4137"", ""8111"", ""8134"", ""8137"", ""8208"", ""8676"", ""9224""]","[""11563"", ""9224"", ""12489"", ""8137"", ""8676"", ""10236"", ""8111"", ""10232"", ""3451""]","{""10213"": 0.0, ""10232"": 0.0, ""10234"": 0.0, ""10236"": 0.0, ""11563"": 0.0, ""1166"": 0.0, ""12489"": 0.0, ""3451"": 0.0, ""4037"": 0.0, ""4137"": 0.0, ""8111"": 0.0, ""8134"": 0.0, ""8137"": 0.0, ""8208"": 0.0, ""8676"": 0.0, ""9224"": 0.0}","[0.0, 0.0, 0.0, 0.0, 0.0, 0.0, 0.0, 0.0, 0.0]"
2026-10-10T13:26:55+00:00,1370453762442797056,12,17,17,0.0,"[""11569"", ""11603"", ""11631"", ""12493"", ""12534"", ""13279"", ""13301"", ""13311"", ""2747"", ""421"", ""4881"", ""6801"", ""8205"", ""9221"", ""9757""]","[""4881"", ""9221"", ""12534"", ""6801"", ""13279"", ""12493"", ""11631"", ""11603"", ""2747""]","{""11569"": 0.0, ""11603"": 0.0, ""11631"": 0.0, ""12493"": 0.0, ""12534"": 0.0, ""13279"": 0.0, ""13301"": 0.0, ""13311"": 0.0, ""2747"": 0.0, ""421"": 0.0, ""4881"": 0.0, ""6801"": 0.0, ""8205"": 0.0, ""9221"": 0.0, ""9757"": 0.0}","[0.0, 0.0, 0.0, 0.0, 0.0, 0.0, 0.0, 0.0, 0.0]"
2026-10-10T13:26:55+00:00,1370453762442797056,12,18,18,0.0,[],"[""0"", ""0"", ""0"", ""0"", ""0"", ""0"", ""0"", ""0"", ""0""]",{},"[0.0, 0.0, 0.0, 0.0, 0.0, 0.0, 0.0, 0.0, 0.0]"
2026-10-10T13:26:55+00:00,1370453762442797056,13,1,1,0.0,"[""11577"", ""11608"", ""11628"", ""11632"", ""11646"", ""12495"", ""12518"", ""12529"", ""13075"", ""13264"", ""4199"", ""5846"", ""6083"", ""6770"", ""6813"", ""9753""]","[""6770"", ""6813"", ""4199"", ""11632"", ""5846"", ""12518"", ""11577"", ""12495"", ""6083""]","{""11577"": 0.0, ""11608"": 0.0, ""11628"": 0.0, ""11632"": 0.0, ""11646"": 0.0, ""12495"": 0.0, ""12518"": 0.0, ""12529"": 0.0, ""13075"": 0.0, ""13264"": 0.0, ""4199"": 0.0, ""5846"": 0.0, ""6083"": 0.0, ""6770"": 0.0, ""6813"": 0.0, ""9753"": 0.0}","[0.0, 0.0, 0.0, 0.0, 0.0, 0.0, 0.0, 0.0, 0.0]"
2026-10-10T13:26:55+00:00,1370453762442797056,13,2,2,0.0,"[""11560"", ""11604"", ""11620"", ""11624"", ""11643"", ""12481"", ""12490"", ""12507"", ""2020"", ""4993"", ""5045"", ""5872"", ""6804"", ""7564"", ""8154""]","[""6804"", ""12490"", ""12481"", ""5872"", ""7564"", ""11604"", ""11620"", ""12507"", ""2020""]","{""11560"": 0.0, ""11604"": 0.0, ""11620"": 0.0, ""11624"": 0.0, ""11643"": 0.0, ""12481"": 0.0, ""12490"": 0.0, ""12507"": 0.0, ""2020"": 0.0, ""4993"": 0.0, ""5045"": 0.0, ""5872"": 0.0, ""6804"": 0.0, ""7564"": 0.0, ""8154"": 0.0}","[0.0, 0.0, 0.0, 0.0, 0.0, 0.0, 0.0, 0.0, 0.0]"
2026-10-10T13:26:55+00:00,1370453762442797056,13,3,3,0.0,"[""10219"", ""11564"", ""12498"", ""12504"", ""12542"", ""1466"", ""3271"", ""4177"", ""6790"", ""7049"", ""7839"", ""8228"", ""9484"", ""9488"", ""9494""]","[""11564"", ""6790"", ""8228"", ""9488"", ""12542"", ""3271"", ""10219"", ""12504"", ""7839""]","{""10219"": 0.0, ""11564"": 0.0, ""12498"": 0.0, ""12504"": 0.0, ""12542"": 0.0, ""1466"": 0.0, ""3271"": 0.0, ""4177"": 0.0, ""6790"": 0.0, ""7049"": 0.0, ""7839"": 0.0, ""8228"": 0.0, ""9484"": 0.0, ""9488"": 0.0, ""9494"": 0.0}","[0.0, 0.0, 0.0, 0.0, 0.0, 0.0, 0.0, 0.0, 0.0]"
2026-10-10T13:26:55+00:00,1370453762442797056,13,4,4,0.0,"[""11566"", ""11581"", ""12526"", ""13286"", ""2505"", ""4034"", ""5012"", ""5892"", ""5967"", ""7021"", ""7042"", ""8126"", ""8144"", ""8146"", ""8183"", ""9500""]","[""8183"", ""4034"", ""5967"", ""8144"", ""8146"", ""5012"", ""9500"", ""5892"", ""7042""]","{""11566"": 0.0, ""11581"": 0.0, ""12526"": 0.0, ""13286"": 0.0, ""2505"": 0.0, ""4034"": 0.0, ""5012"": 0.0, ""5892"": 0.0, ""5967"": 0.0, ""7021"": 0.0, ""7042"": 0.0, ""8126"": 0.0, ""8144"": 0.0, ""8146"": 0.0, ""8183"": 0.0, ""9500"": 0.0}","[0.0, 0.0, 0.0, 0.0, 0.0, 0.0, 0.0, 0.0, 0.0]"
2026-10-10T13:26:55+00:00,1370453762442797056,13,5,5,0.0,[],"[""0"", ""0"", ""0"", ""0"", ""0"", ""0"", ""0"", ""0"", ""0""]",{},"[0.0, 0.0, 0.0, 0.0, 0.0, 0.0, 0.0, 0.0, 0.0]"
2026-10-10T13:26:55+00:00,1370453762442797056,13,6,6,0.0,"[""10229"", ""10859"", ""11630"", ""11635"", ""12474"", ""12527"", ""12533"", ""12545"", ""13294"", ""3257"", ""5022"", ""6650"", ""6806"", ""8132"", ""8148"", ""9226""]","[""3257"", ""12474"", ""12527"", ""8148"", ""13294"", ""10859"", ""12533"", ""6806"", ""6650""]","{""10229"": 0.0, ""10859"": 0.0, ""11630"": 0.0, ""11635"": 0.0, ""12474"": 0.0, ""12527"": 0.0, ""12533"": 0.0, ""12545"": 0.0, ""13294"": 0.0, ""3257"": 0.0, ""5022"": 0.0, ""6650"": 0.0, ""6806"": 0.0, ""8132"": 0.0, ""8148"": 0.0, ""9226"": 0.0}","[0.0, 0.0, 0.0, 0.0, 0.0, 0.0, 0.0, 0.0, 0.0]"
2026-10-10T13:26:55+00:00,1370453762442797056,13,7,7,0.0,"[""11834"", ""12509"", ""12512"", ""12711"", ""13305"", ""13414"", ""7002"", ""7523"", ""7528"", ""7543"", ""8155"", ""8167"", ""9228"", ""9482"", ""9487"", ""9493""]","[""7523"", ""7528"", ""12512"", ""9493"", ""8167"", ""7002"", ""11834"", ""9487"", ""12711""]","{""11834"": 0.0, ""12509"": 0.0, ""12512"": 0.0, ""12711"": 0.0, ""13305"": 0.0, ""13414"": 0.0, ""7002"": 0.0, ""7523"": 0.0, ""7528"": 0.0, ""7543"": 0.0, ""8155"": 0.0, ""8167"": 0.0, ""9228"": 0.0, ""9482"": 0.0, ""9487"": 0.0, ""9493"": 0.0}","[0.0, 0.0, 0.0, 0.0, 0.0, 0.0, 0.0, 0.0, 0.0]"
2026-10-10T13:26:55+00:00,1370453762442797056,13,8,8,0.0,"[""11435"", ""11637"", ""12501"", ""12506"", ""12514"", ""13330"", ""2216"", ""3294"", ""4866"", ""5189"", ""7569"", ""8112"", ""8136"", ""8161"", ""9997""]","[""3294"", ""11435"", ""8136"", ""8112"", ""9997"", ""12506"", ""2216"", ""7569"", ""5189""]","{""11435"": 0.0, ""11637"": 0.0, ""12501"": 0.0, ""12506"": 0.0, ""12514"": 0.0, ""13330"": 0.0, ""2216"": 0.0, ""3294"": 0.0, ""4866"": 0.0, ""5189"": 0.0, ""7569"": 0.0, ""8112"": 0.0, ""8136"": 0.0, ""8161"": 0.0, ""9997"": 0.0}","[0.0, 0.0, 0.0, 0.0, 0.0, 0.0, 0.0, 0.0, 0.0]"
2026-10-10T13:26:55+00:00,1370453762442797056,13,9,9,0.0,"[""11533"", ""11576"", ""11783"", ""12540"", ""13337"", ""13346"", ""4046"", ""4066"", ""5849"", ""7526"", ""7567"", ""8130"", ""8150"", ""8408"", ""9480"", ""9511""]","[""5849"", ""8150"", ""11576"", ""7526"", ""13346"", ""8130"", ""9480"", ""4066"", ""11533""]","{""11533"": 0.0, ""11576"": 0.0, ""11783"": 0.0, ""12540"": 0.0, ""13337"": 0.0, ""13346"": 0.0, ""4046"": 0.0, ""4066"": 0.0, ""5849"": 0.0, ""7526"": 0.0, ""7567"": 0.0, ""8130"": 0.0, ""8150"": 0.0, ""8408"": 0.0, ""9480"": 0.0, ""9511"": 0.0}","[0.0, 0.0, 0.0, 0.0, 0.0, 0.0, 0.0, 0.0, 0.0]"
2026-10-10T13:26:55+00:00,1370453762442797056,13,10,10,0.0,[],"[""0"", ""0"", ""0"", ""0"", ""0"", ""0"", ""0"", ""0"", ""0""]",{},"[0.0, 0.0, 0.0, 0.0, 0.0, 0.0, 0.0, 0.0, 0.0]"
2026-10-10T13:26:55+00:00,1370453762442797056,13,11,11,0.0,"[""11586"", ""1945"", ""2133"", ""2307"", ""2449"", ""3214"", ""4039"", ""4217"", ""4984"", ""5850"", ""5947"", ""6826"", ""7525"", ""8138"", ""8168""]","[""4984"", ""8138"", ""11586"", ""7525"", ""2133"", ""4217"", ""8168"", ""2449"", ""1945""]","{""11586"": 0.0, ""1945"": 0.0, ""2133"": 0.0, ""2307"": 0.0, ""2449"": 0.0, ""3214"": 0.0, ""4039"": 0.0, ""4217"": 0.0, ""4984"": 0.0, ""5850"": 0.0, ""5947"": 0.0, ""6826"": 0.0, ""7525"": 0.0, ""8138"": 0.0, ""8168"": 0.0}","[0.0, 0.0, 0.0, 0.0, 0.0, 0.0, 0.0, 0.0, 0.0]"
2026-10-10T13:26:55+00:00,1370453762442797056,13,12,12,0.0,"[""11792"", ""12519"", ""3198"", ""4018"", ""4035"", ""4950"", ""4983"", ""5844"", ""5859"", ""6786"", ""6794"", ""6797"", ""7571"", ""7594"", ""8121"", ""8131"", ""9758""]","[""6797"", ""3198"", ""4035"", ""6786"", ""12519"", ""8131"", ""6794"", ""8121"", ""11792""]","{""11792"": 0.0, ""12519"": 0.0, ""3198"": 0.0, ""4018"": 0.0, ""4035"": 0.0, ""4950"": 0.0, ""4983"": 0.0, ""5844"": 0.0, ""5859"": 0.0, ""6786"": 0.0, ""6794"": 0.0, ""6797"": 0.0, ""7571"": 0.0, ""7594"": 0.0, ""8121"": 0.0, ""8131"": 0.0, ""9758"": 0.0}","[0.0, 0.0, 0.0, 0.0, 0.0, 0.0, 0.0, 0.0, 0.0]"
2026-10-10T13:26:55+00:00,1370453762442797056,13,13,13,0.0,"[""11584"", ""12015"", ""12185"", ""12484"", ""12522"", ""12718"", ""13288"", ""5927"", ""6865"", ""6904"", ""7547"", ""7588"", ""7600"", ""8110"", ""8142"", ""9486"", ""9756""]","[""6904"", ""7588"", ""11584"", ""7547"", ""5927"", ""8110"", ""7600"", ""9756"", ""12185""]","{""11584"": 0.0, ""12015"": 0.0, ""12185"": 0.0, ""12484"": 0.0, ""12522"": 0.0, ""12718"": 0.0, ""13288"": 0.0, ""5927"": 0.0, ""6865"": 0.0, ""6904"": 0.0, ""7547"": 0.0, ""7588"": 0.0, ""7600"": 0.0, ""8110"": 0.0, ""8142"": 0.0, ""9486"": 0.0, ""9756"": 0.0}","[0.0, 0.0, 0.0, 0.0, 0.0, 0.0, 0.0, 0.0, 0.0]"
2026-10-10T13:26:55+00:00,1370453762442797056,13,14,14,0.0,[],"[""0"", ""0"", ""0"", ""0"", ""0"", ""0"", ""0"", ""0"", ""0""]",{},"[0.0, 0.0, 0.0, 0.0, 0.0, 0.0, 0.0, 0.0, 0.0]"
2026-10-10T13:26:55+00:00,1370453762442797056,13,15,15,0.0,"[""11539"", ""11610"", ""12502"", ""12517"", ""12536"", ""13287"", ""13298"", ""3163"", ""3634"", ""5001"", ""6783"", ""7611"", ""8151"", ""8917"", ""9509""]","[""3163"", ""9509"", ""13287"", ""12536"", ""8917"", ""5001"", ""11610"", ""7611"", ""11539""]","{""11539"": 0.0, ""11610"": 0.0, ""12502"": 0.0, ""12517"": 0.0, ""12536"": 0.0, ""13287"": 0.0, ""13298"": 0.0, ""3163"": 0.0, ""3634"": 0.0, ""5001"": 0.0, ""6783"": 0.0, ""7611"": 0.0, ""8151"": 0.0, ""8917"": 0.0, ""9509"": 0.0}","[0.0, 0.0, 0.0, 0.0, 0.0, 0.0, 0.0, 0.0, 0.0]"
2026-10-10T13:26:55+00:00,1370453762442797056,13,16,16,0.0,"[""10213"", ""10232"", ""10234"", ""10236"", ""11563"", ""1166"", ""12489"", ""3451"", ""4037"", ""4137"", ""8111"", ""8134"", ""8137"", ""8208"", ""8676"", ""9224""]","[""11563"", ""9224"", ""12489"", ""8137"", ""8676"", ""10236"", ""8111"", ""10232"", ""3451""]","{""10213"": 0.0, ""10232"": 0.0, ""10234"": 0.0, ""10236"": 0.0, ""11563"": 0.0, ""1166"": 0.0, ""12489"": 0.0, ""3451"": 0.0, ""4037"": 0.0, ""4137"": 0.0, ""8111"": 0.0, ""8134"": 0.0, ""8137"": 0.0, ""8208"": 0.0, ""8676"": 0.0, ""9224"": 0.0}","[0.0, 0.0, 0.0, 0.0, 0.0, 0.0, 0.0, 0.0, 0.0]"
2026-10-10T13:26:55+00:00,1370453762442797056,13,17,17,0.0,"[""11569"", ""11603"", ""11631"", ""12493"", ""12534"", ""13279"", ""13301"", ""13311"", ""2747"", ""421"", ""4881"", ""6801"", ""8205"", ""9221"", ""9757""]","[""4881"", ""9221"", ""12534"", ""6801"", ""13279"", ""12493"", ""11631"", ""11603"", ""2747""]","{""11569"": 0.0, ""11603"": 0.0, ""11631"": 0.0, ""12493"": 0.0, ""12534"": 0.0, ""13279"": 0.0, ""13301"": 0.0, ""13311"": 0.0, ""2747"": 0.0, ""421"": 0.0, ""4881"": 0.0, ""6801"": 0.0, ""8205"": 0.0, ""9221"": 0.0, ""9757"": 0.0}","[0.0, 0.0, 0.0, 0.0, 0.0, 0.0, 0.0, 0.0, 0.0]"
2026-10-10T13:26:55+00:00,1370453762442797056,13,18,18,0.0,[],"[""0"", ""0"", ""0"", ""0"", ""0"", ""0"", ""0"", ""0"", ""0""]",{},"[0.0, 0.0, 0.0, 0.0, 0.0, 0.0, 0.0, 0.0, 0.0]"
2026-10-10T13:26:55+00:00,1370453762442797056,14,1,1,0.0,"[""11577"", ""11608"", ""11628"", ""11632"", ""11646"", ""12495"", ""12518"", ""12529"", ""13075"", ""13264"", ""4199"", ""5846"", ""6083"", ""6770"", ""6813"", ""9753""]","[""6770"", ""6813"", ""4199"", ""11632"", ""5846"", ""12518"", ""11577"", ""12495"", ""6083""]","{""11577"": 0.0, ""11608"": 0.0, ""11628"": 0.0, ""11632"": 0.0, ""11646"": 0.0, ""12495"": 0.0, ""12518"": 0.0, ""12529"": 0.0, ""13075"": 0.0, ""13264"": 0.0, ""4199"": 0.0, ""5846"": 0.0, ""6083"": 0.0, ""6770"": 0.0, ""6813"": 0.0, ""9753"": 0.0}","[0.0, 0.0, 0.0, 0.0, 0.0, 0.0, 0.0, 0.0, 0.0]"
2026-10-10T13:26:55+00:00,1370453762442797056,14,2,2,0.0,"[""11560"", ""11604"", ""11620"", ""11624"", ""11643"", ""12481"", ""12490"", ""12507"", ""2020"", ""4993"", ""5045"", ""5872"", ""6804"", ""7564"", ""8154""]","[""6804"", ""12490"", ""12481"", ""5872"", ""7564"", ""11604"", ""11620"", ""12507"", ""2020""]","{""11560"": 0.0, ""11604"": 0.0, ""11620"": 0.0, ""11624"": 0.0, ""11643"": 0.0, ""12481"": 0.0, ""12490"": 0.0, ""12507"": 0.0, ""2020"": 0.0, ""4993"": 0.0, ""5045"": 0.0, ""5872"": 0.0, ""6804"": 0.0, ""7564"": 0.0, ""8154"": 0.0}","[0.0, 0.0, 0.0, 0.0, 0.0, 0.0, 0.0, 0.0, 0.0]"
2026-10-10T13:26:55+00:00,1370453762442797056,14,3,3,0.0,"[""10219"", ""11564"", ""12498"", ""12504"", ""12542"", ""1466"", ""3271"", ""4177"", ""6790"", ""7049"", ""7839"", ""8228"", ""9484"", ""9488"", ""9494""]","[""11564"", ""6790"", ""8228"", ""9488"", ""12542"", ""3271"", ""10219"", ""12504"", ""7839""]","{""10219"": 0.0, ""11564"": 0.0, ""12498"": 0.0, ""12504"": 0.0, ""12542"": 0.0, ""1466"": 0.0, ""3271"": 0.0, ""4177"": 0.0, ""6790"": 0.0, ""7049"": 0.0, ""7839"": 0.0, ""8228"": 0.0, ""9484"": 0.0, ""9488"": 0.0, ""9494"": 0.0}","[0.0, 0.0, 0.0, 0.0, 0.0, 0.0, 0.0, 0.0, 0.0]"
2026-10-10T13:26:55+00:00,1370453762442797056,14,4,4,0.0,"[""11566"", ""11581"", ""12526"", ""13286"", ""2505"", ""4034"", ""5012"", ""5892"", ""5967"", ""7021"", ""7042"", ""8126"", ""8144"", ""8146"", ""8183"", ""9500""]","[""8183"", ""4034"", ""5967"", ""8144"", ""8146"", ""5012"", ""9500"", ""5892"", ""7042""]","{""11566"": 0.0, ""11581"": 0.0, ""12526"": 0.0, ""13286"": 0.0, ""2505"": 0.0, ""4034"": 0.0, ""5012"": 0.0, ""5892"": 0.0, ""5967"": 0.0, ""7021"": 0.0, ""7042"": 0.0, ""8126"": 0.0, ""8144"": 0.0, ""8146"": 0.0, ""8183"": 0.0, ""9500"": 0.0}","[0.0, 0.0, 0.0, 0.0, 0.0, 0.0, 0.0, 0.0, 0.0]"
2026-10-10T13:26:55+00:00,1370453762442797056,14,5,5,0.0,[],"[""0"", ""0"", ""0"", ""0"", ""0"", ""0"", ""0"", ""0"", ""0""]",{},"[0.0, 0.0, 0.0, 0.0, 0.0, 0.0, 0.0, 0.0, 0.0]"
2026-10-10T13:26:55+00:00,1370453762442797056,14,6,6,0.0,"[""10229"", ""10859"", ""11630"", ""11635"", ""12474"", ""12527"", ""12533"", ""12545"", ""13294"", ""3257"", ""5022"", ""6650"", ""6806"", ""8132"", ""8148"", ""9226""]","[""3257"", ""12474"", ""12527"", ""8148"", ""13294"", ""10859"", ""12533"", ""6806"", ""6650""]","{""10229"": 0.0, ""10859"": 0.0, ""11630"": 0.0, ""11635"": 0.0, ""12474"": 0.0, ""12527"": 0.0, ""12533"": 0.0, ""12545"": 0.0, ""13294"": 0.0, ""3257"": 0.0, ""5022"": 0.0, ""6650"": 0.0, ""6806"": 0.0, ""8132"": 0.0, ""8148"": 0.0, ""9226"": 0.0}","[0.0, 0.0, 0.0, 0.0, 0.0, 0.0, 0.0, 0.0, 0.0]"
2026-10-10T13:26:55+00:00,1370453762442797056,14,7,7,0.0,"[""11834"", ""12509"", ""12512"", ""12711"", ""13305"", ""13414"", ""7002"", ""7523"", ""7528"", ""7543"", ""8155"", ""8167"", ""9228"", ""9482"", ""9487"", ""9493""]","[""7523"", ""7528"", ""12512"", ""9493"", ""8167"", ""7002"", ""11834"", ""9487"", ""12711""]","{""11834"": 0.0, ""12509"": 0.0, ""12512"": 0.0, ""12711"": 0.0, ""13305"": 0.0, ""13414"": 0.0, ""7002"": 0.0, ""7523"": 0.0, ""7528"": 0.0, ""7543"": 0.0, ""8155"": 0.0, ""8167"": 0.0, ""9228"": 0.0, ""9482"": 0.0, ""9487"": 0.0, ""9493"": 0.0}","[0.0, 0.0, 0.0, 0.0, 0.0, 0.0, 0.0, 0.0, 0.0]"
2026-10-10T13:26:55+00:00,1370453762442797056,14,8,8,0.0,"[""11435"", ""11637"", ""12501"", ""12506"", ""12514"", ""13330"", ""2216"", ""3294"", ""4866"", ""5189"", ""7569"", ""8112"", ""8136"", ""8161"", ""9997""]","[""3294"", ""11435"", ""8136"", ""8112"", ""9997"", ""12506"", ""2216"", ""7569"", ""5189""]","{""11435"": 0.0, ""11637"": 0.0, ""12501"": 0.0, ""12506"": 0.0, ""12514"": 0.0, ""13330"": 0.0, ""2216"": 0.0, ""3294"": 0.0, ""4866"": 0.0, ""5189"": 0.0, ""7569"": 0.0, ""8112"": 0.0, ""8136"": 0.0, ""8161"": 0.0, ""9997"": 0.0}","[0.0, 0.0, 0.0, 0.0, 0.0, 0.0, 0.0, 0.0, 0.0]"
2026-10-10T13:26:55+00:00,1370453762442797056,14,9,9,0.0,"[""11533"", ""11576"", ""11783"", ""12540"", ""13337"", ""13346"", ""4046"", ""4066"", ""5849"", ""7526"", ""7567"", ""8130"", ""8150"", ""8408"", ""9480"", ""9511""]","[""5849"", ""8150"", ""11576"", ""7526"", ""13346"", ""8130"", ""9480"", ""4066"", ""11533""]","{""11533"": 0.0, ""11576"": 0.0, ""11783"": 0.0, ""12540"": 0.0, ""13337"": 0.0, ""13346"": 0.0, ""4046"": 0.0, ""4066"": 0.0, ""5849"": 0.0, ""7526"": 0.0, ""7567"": 0.0, ""8130"": 0.0, ""8150"": 0.0, ""8408"": 0.0, ""9480"": 0.0, ""9511"": 0.0}","[0.0, 0.0, 0.0, 0.0, 0.0, 0.0, 0.0, 0.0, 0.0]"
2026-10-10T13:26:55+00:00,1370453762442797056,14,10,10,0.0,[],"[""0"", ""0"", ""0"", ""0"", ""0"", ""0"", ""0"", ""0"", ""0""]",{},"[0.0, 0.0, 0.0, 0.0, 0.0, 0.0, 0.0, 0.0, 0.0]"
2026-10-10T13:26:55+00:00,1370453762442797056,14,11,11,0.0,"[""11586"", ""1945"", ""2133"", ""2307"", ""2449"", ""3214"", ""4039"", ""4217"", ""4984"", ""5850"", ""5947"", ""6826"", ""7525"", ""8138"", ""8168""]","[""4984"", ""8138"", ""11586"", ""7525"", ""2133"", ""4217"", ""8168"", ""2449"", ""1945""]","{""11586"": 0.0, ""1945"": 0.0, ""2133"": 0.0, ""2307"": 0.0, ""2449"": 0.0, ""3214"": 0.0, ""4039"": 0.0, ""4217"": 0.0, ""4984"": 0.0, ""5850"": 0.0, ""5947"": 0.0, ""6826"": 0.0, ""7525"": 0.0, ""8138"": 0.0, ""8168"": 0.0}","[0.0, 0.0, 0.0, 0.0, 0.0, 0.0, 0.0, 0.0, 0.0]"
2026-10-10T13:26:55+00:00,1370453762442797056,14,12,12,0.0,"[""11792"", ""12519"", ""3198"", ""4018"", ""4035"", ""4950"", ""4983"", ""5844"", ""5859"", ""6786"", ""6794"", ""6797"", ""7571"", ""7594"", ""8121"", ""8131"", ""9758""]","[""6797"", ""3198"", ""4035"", ""6786"", ""12519"", ""8131"", ""6794"", ""8121"", ""11792""]","{""11792"": 0.0, ""12519"": 0.0, ""3198"": 0.0, ""4018"": 0.0, ""4035"": 0.0, ""4950"": 0.0, ""4983"": 0.0, ""5844"": 0.0, ""5859"": 0.0, ""6786"": 0.0, ""6794"": 0.0, ""6797"": 0.0, ""7571"": 0.0, ""7594"": 0.0, ""8121"": 0.0, ""8131"": 0.0, ""9758"": 0.0}","[0.0, 0.0, 0.0, 0.0, 0.0, 0.0, 0.0, 0.0, 0.0]"
2026-10-10T13:26:55+00:00,1370453762442797056,14,13,13,0.0,"[""11584"", ""12015"", ""12185"", ""12484"", ""12522"", ""12718"", ""13288"", ""5927"", ""6865"", ""6904"", ""7547"", ""7588"", ""7600"", ""8110"", ""8142"", ""9486"", ""9756""]","[""6904"", ""7588"", ""11584"", ""7547"", ""5927"", ""8110"", ""7600"", ""9756"", ""12185""]","{""11584"": 0.0, ""12015"": 0.0, ""12185"": 0.0, ""12484"": 0.0, ""12522"": 0.0, ""12718"": 0.0, ""13288"": 0.0, ""5927"": 0.0, ""6865"": 0.0, ""6904"": 0.0, ""7547"": 0.0, ""7588"": 0.0, ""7600"": 0.0, ""8110"": 0.0, ""8142"": 0.0, ""9486"": 0.0, ""9756"": 0.0}","[0.0, 0.0, 0.0, 0.0, 0.0, 0.0, 0.0, 0.0, 0.0]"
2026-10-10T13:26:55+00:00,1370453762442797056,14,14,14,0.0,[],"[""0"", ""0"", ""0"", ""0"", ""0"", ""0"", ""0"", ""0"", ""0""]",{},"[0.0, 0.0, 0.0, 0.0, 0.0, 0.0, 0.0, 0.0, 0.0]"
2026-10-10T13:26:55+00:00,1370453762442797056,14,15,15,0.0,"[""11539"", ""11610"", ""12502"", ""12517"", ""12536"", ""13287"", ""13298"", ""3163"", ""3634"", ""5001"", ""6783"", ""7611"", ""8151"", ""8917"", ""9509""]","[""3163"", ""9509"", ""13287"", ""12536"", ""8917"", ""5001"", ""11610"", ""7611"", ""11539""]","{""11539"": 0.0, ""11610"": 0.0, ""12502"": 0.0, ""12517"": 0.0, ""12536"": 0.0, ""13287"": 0.0, ""13298"": 0.0, ""3163"": 0.0, ""3634"": 0.0, ""5001"": 0.0, ""6783"": 0.0, ""7611"": 0.0, ""8151"": 0.0, ""8917"": 0.0, ""9509"": 0.0}","[0.0, 0.0, 0.0, 0.0, 0.0, 0.0, 0.0, 0.0, 0.0]"
2026-10-10T13:26:55+00:00,1370453762442797056,14,16,16,0.0,"[""10213"", ""10232"", ""10234"", ""10236"", ""11563"", ""1166"", ""12489"", ""3451"", ""4037"", ""4137"", ""8111"", ""8134"", ""8137"", ""8208"", ""8676"", ""9224""]","[""11563"", ""9224"", ""12489"", ""8137"", ""8676"", ""10236"", ""8111"", ""10232"", ""3451""]","{""10213"": 0.0, ""10232"": 0.0, ""10234"": 0.0, ""10236"": 0.0, ""11563"": 0.0, ""1166"": 0.0, ""12489"": 0.0, ""3451"": 0.0, ""4037"": 0.0, ""4137"": 0.0, ""8111"": 0.0, ""8134"": 0.0, ""8137"": 0.0, ""8208"": 0.0, ""8676"": 0.0, ""9224"": 0.0}","[0.0, 0.0, 0.0, 0.0, 0.0, 0.0, 0.0, 0.0, 0.0]"
2026-10-10T13:26:55+00:00,1370453762442797056,14,17,17,0.0,"[""11569"", ""11603"", ""11631"", ""12493"", ""12534"", ""13279"", ""13301"", ""13311"", ""2747"", ""421"", ""4881"", ""6801"", ""8205"", ""9221"", ""9757""]","[""4881"", ""9221"", ""12534"", ""6801"", ""13279"", ""12493"", ""11631"", ""11603"", ""2747""]","{""11569"": 0.0, ""11603"": 0.0, ""11631"": 0.0, ""12493"": 0.0, ""12534"": 0.0, ""13279"": 0.0, ""13301"": 0.0, ""13311"": 0.0, ""2747"": 0.0, ""421"": 0.0, ""4881"": 0.0, ""6801"": 0.0, ""8205"": 0.0, ""9221"": 0.0, ""9757"": 0.0}","[0.0, 0.0, 0.0, 0.0, 0.0, 0.0, 0.0, 0.0, 0.0]"
2026-10-10T13:26:55+00:00,1370453762442797056,14,18,18,0.0,[],"[""0"", ""0"", ""0"", ""0"", ""0"", ""0"", ""0"", ""0"", ""0""]",{},"[0.0, 0.0, 0.0, 0.0, 0.0, 0.0, 0.0, 0.0, 0.0]"
2026-10-10T13:26:55+00:00,1370218620990263296,1,1,1,95.1,"[""10219"", ""10226"", ""11566"", ""11604"", ""11618"", ""11624"", ""11655"", ""12511"", ""13269"", ""13275"", ""13278"", ""13279"", ""13281"", ""13287"", ""13293"", ""13303"", ""13317"", ""13330"", ""13345"", ""13346"", ""13392"", ""13394"", ""13400"", ""13423"", ""13425"", ""13434"", ""13533"", ""2505"", ""7828"", ""8119"", ""9494"", ""96""]","[""11566"", ""13287"", ""11655"", ""13279"", ""11624"", ""13346"", ""2505"", ""10219"", ""13330"", ""96""]","{""10219"": 2.3, ""10226"": 3.2, ""11566"": 21.66, ""11604"": 0.0, ""11618"": 0.0, ""11624"": 4.8, ""11655"": -1.6, ""12511"": 0.0, ""13269"": 0.0, ""13275"": 0.0, ""13278"": 0.0, ""13279"": 7.8, ""13281"": 0.0, ""13287"": 13.0, ""13293"": 2.1, ""13303"": 0.0, ""13317"": 6.6, ""13330"": 12.9, ""13345"": 0.0, ""13346"": 13.9, ""13392"": 0.0, ""13394"": 10.0, ""13400"": 0.0, ""13423"": 0.0, ""13425"": 0.0, ""13434"": 0.0, ""13533"": 0.3, ""2505"": 5.8, ""7828"": 2.0, ""8119"": 2.9, ""9494"": 0.0, ""96"": 14.54}","[21.66, 13.0, -1.6, 7.8, 4.8, 13.9, 5.8, 2.3, 12.9, 14.54]"
2026-10-10T13:26:55+00:00,1370218620990263296,1,4,2,159.8,"[""10859"", ""11589"", ""11626"", ""12500"", ""12508"", ""12522"", ""13272"", ""13277"", ""13309"", ""13336"", ""13338"", ""13355"", ""2133"", ""2216"", ""4033"", ""4066"", ""4137"", ""4981"", ""4983"", ""5844"", ""5848"", ""5849"", ""5859"", ""6865"", ""7049"", ""7600"", ""7611"", ""8132"", ""8151"", ""9493"", ""9504""]","[""12508"", ""8151"", ""7611"", ""9493"", ""5859"", ""2133"", ""10859"", ""4983"", ""8132"", ""12522""]","{""10859"": 12.3, ""11589"": 0.0, ""11626"": 0.0, ""12500"": 0.0, ""12508"": 31.6, ""12522"": 13.7, ""13272"": 0.0, ""13277"": 1.2, ""13309"": 0.0, ""13336"": 0.0, ""13338"": 0.0, ""13355"": 0.0, ""2133"": 5.6, ""2216"": 16.9, ""4033"": 13.3, ""4066"": 16.3, ""4137"": 0.0, ""4981"": 0.0, ""4983"": 21.0, ""5844"": 15.6, ""5848"": 0.0, ""5849"": -0.38, ""5859"": 5.6, ""6865"": 2.1, ""7049"": 0.0, ""7600"": 18.1, ""7611"": 14.5, ""8132"": 9.0, ""8151"": 34.1, ""9493"": 12.4, ""9504"": 3.1}","[31.6, 34.1, 14.5, 12.4, 5.6, 5.6, 12.3, 21.0, 9.0, 13.7]"
2026-10-10T13:26:55+00:00,1370218620990263296,1,2,3,156.46,"[""11435"", ""11584"", ""11603"", ""1166"", ""11834"", ""12494"", ""12497"", ""12507"", ""12514"", ""12519"", ""12544"", ""13276"", ""13342"", ""13353"", ""1373"", ""2306"", ""4035"", ""4950"", ""5001"", ""5045"", ""5995"", ""6770"", ""6790"", ""6826"", ""8110"", ""8205"", ""9224"", ""9481"", ""9487"", ""9500"", ""9502"", ""9757""]","[""6770"", ""12507"", ""9224"", ""12519"", ""12514"", ""9487"", ""8110"", ""11584"", ""6790"", ""1166""]","{""11435"": 0.3, ""11584"": 19.3, ""11603"": 4.3, ""1166"": 19.8, ""11834"": 19.9, ""12494"": 0.0, ""12497"": 0.0, ""12507"": 7.3, ""12514"": 11.3, ""12519"": 8.5, ""12544"": 0.0, ""13276"": 4.0, ""13342"": 0.0, ""13353"": 0.0, ""1373"": 8.3, ""2306"": 0.0, ""4035"": 0.0, ""4950"": 0.0, ""5001"": 9.5, ""5045"": 3.1, ""5995"": 3.8, ""6770"": 16.16, ""6790"": 32.4, ""6826"": 12.5, ""8110"": 3.6, ""8205"": 0.0, ""9224"": 18.8, ""9481"": 0.0, ""9487"": 19.3, ""9500"": 5.7, ""9502"": 0.0, ""9757"": 9.0}","[16.16, 7.3, 18.8, 8.5, 11.3, 19.3, 3.6, 19.3, 32.4, 19.8]"
2026-10-10T13:26:55+00:00,1370218620990263296,1,5,4,125.36,"[""10222"", ""11586"", ""11635"", ""11646"", ""12498"", ""12505"", ""12512"", ""12517"", ""12521"", ""12524"", ""12526"", ""12534"", ""13285"", ""13302"", ""13306"", ""13307"", ""13322"", ""13347"", ""13401"", ""13402"", ""13964"", ""4892"", ""4943"", ""8127"", ""8136"", ""8150"", ""8800"", ""9229"", ""9230"", ""9486"", ""9488""]","[""4892"", ""12512"", ""8150"", ""9488"", ""11635"", ""12526"", ""12517"", ""11646"", ""10222"", ""4943""]","{""10222"": 5.0, ""11586"": 5.4, ""11635"": 19.2, ""11646"": 33.8, ""12498"": 2.8, ""12505"": 0.0, ""12512"": 7.0, ""12517"": 0.0, ""12521"": 0.0, ""12524"": 0.0, ""12526"": 9.5, ""12534"": 20.4, ""13285"": 4.5, ""13302"": 0.0, ""13306"": 0.0, ""13307"": 3.1, ""13322"": 0.0, ""13347"": 0.0, ""13401"": 0.0, ""13402"": 0.0, ""13964"": 0.0, ""4892"": 8.64, ""4943"": 0.52, ""8127"": 0.0, ""8136"": 4.7, ""8150"": 15.5, ""8800"": 0.0, ""9229"": 0.0, ""9230"": 0.0, ""9486"": 15.3, ""9488"": 26.2}","[8.64, 7.0, 15.5, 26.2, 19.2, 9.5, 0.0, 33.8, 5.0, 0.52]"
2026-10-10T13:26:55+00:00,1370218620990263296,1,3,5,196.02,"[""11571"", ""11575"", ""11625"", ""12493"", ""12499"", ""12531"", ""12540"", ""13335"", ""13405"", ""2078"", ""3214"", ""4984"", ""5947"", ""6783"", ""7090"", ""7525"", ""7543"", ""7567"", ""7594"", ""7670"", ""8131"", ""8137"", ""8167"", ""8676"", ""9226"", ""9479"", ""9753"", ""9758""]","[""4984"", ""9226"", ""7543"", ""8137"", ""8167"", ""7525"", ""8131"", ""5947"", ""7594"", ""9758""]","{""11571"": 0.0, ""11575"": 0.3, ""11625"": 9.0, ""12493"": 6.2, ""12499"": 8.1, ""12531"": 0.0, ""12540"": -1.3, ""13335"": 0.0, ""13405"": 1.6, ""2078"": 0.0, ""3214"": 7.1, ""4984"": 38.66, ""5947"": 12.2, ""6783"": 4.6, ""7090"": 4.7, ""7525"": 8.3, ""7543"": 14.8, ""7567"": 2.8, ""7594"": 23.7, ""7670"": 10.4, ""8131"": 30.8, ""8137"": 5.8, ""8167"": 32.7, ""8676"": 1.4, ""9226"": 10.6, ""9479"": 4.8, ""9753"": 0.0, ""9758"": 18.46}","[38.66, 10.6, 14.8, 5.8, 32.7, 8.3, 30.8, 12.2, 23.7, 18.46]"
2026-10-10T13:26:55+00:00,1370218620990263296,1,6,6,114.28,"[""11559"", ""11564"", ""11576"", ""11783"", ""12489"", ""12506"", ""12510"", ""12529"", ""13289"", ""13296"", ""13300"", ""13314"", ""13337"", ""13349"", ""13411"", ""13414"", ""13417"", ""13420"", ""13424"", ""4039"", ""6797"", ""7553"", ""7569"", ""7571"", ""8134"", ""8142"", ""8148"", ""8155"", ""8172"", ""9228""]","[""11564"", ""8155"", ""12489"", ""7569"", ""8148"", ""8142"", ""12506"", ""13296"", ""7553"", ""6797""]","{""11559"": 0.0, ""11564"": 11.82, ""11576"": 4.0, ""11783"": 4.2, ""12489"": 8.1, ""12506"": 5.1, ""12510"": 0.0, ""12529"": 0.0, ""13289"": 0.0, ""13296"": 14.4, ""13300"": 0.0, ""13314"": 0.0, ""13337"": 8.8, ""13349"": 0.0, ""13411"": 0.0, ""13414"": 8.0, ""13417"": 0.0, ""13420"": 7.2, ""13424"": 1.0, ""4039"": 5.5, ""6797"": 15.26, ""7553"": 0.0, ""7569"": 21.2, ""7571"": 0.0, ""8134"": 9.0, ""8142"": 10.1, ""8148"": 8.5, ""8155"": 19.8, ""8172"": 4.8, ""9228"": 37.44}","[11.82, 19.8, 8.1, 21.2, 8.5, 10.1, 5.1, 14.4, 0.0, 15.26]"
2026-10-10T13:26:55+00:00,1370218620990263296,1,2,7,171.1,"[""10232"", ""11565"", ""11597"", ""11620"", ""11627"", ""11638"", ""11647"", ""12509"", ""12547"", ""13274"", ""13308"", ""13333"", ""13348"", ""13350"", ""13380"", ""13404"", ""13422"", ""3163"", ""4034"", ""4881"", ""5012"", ""6813"", ""7021"", ""7528"", ""8130"", ""8408"", ""9506"", ""9756"", ""9997""]","[""4881"", ""6813"", ""4034"", ""11620"", ""9997"", ""10232"", ""8130"", ""7021"", ""5012"", ""3163""]","{""10232"": 10.6, ""11565"": 0.0, ""11597"": 2.4, ""11620"": 7.2, ""11627"": 0.5, ""11638"": 0.0, ""11647"": 0.0, ""12509"": 5.0, ""12547"": 0.0, ""13274"": 0.0, ""13308"": 0.0, ""13333"": 0.0, ""13348"": 0.0, ""13350"": 0.0, ""13380"": 0.0, ""13404"": 0.0, ""13422"": 0.0, ""3163"": 19.44, ""4034"": 13.8, ""4881"": 25.96, ""5012"": 10.9, ""6813"": 24.1, ""7021"": 4.1, ""7528"": 0.0, ""8130"": 29.0, ""8408"": 11.9, ""9506"": 0.0, ""9756"": 0.0, ""9997"": 26.0}","[25.96, 24.1, 13.8, 7.2, 26.0, 10.6, 29.0, 4.1, 10.9, 19.44]"
2026-10-10T13:26:55+00:00,1370218620990263296,1,5,8,149.24,"[""10213"", ""10229"", ""11563"", ""11632"", ""12455"", ""12471"", ""12474"", ""12476"", ""12492"", ""12501"", ""12530"", ""12545"", ""13477"", ""1479"", ""4199"", ""4217"", ""4993"", ""6149"", ""6803"", ""7588"", ""8111"", ""8117"", ""8121"", ""8138"", ""8144"", ""8154"", ""8161"", ""8180"", ""8698"", ""9509""]","[""11563"", ""8138"", ""9509"", ""11632"", ""10229"", ""8144"", ""4217"", ""7588"", ""8121"", ""12545""]","{""10213"": 4.7, ""10229"": 9.9, ""11563"": 4.44, ""11632"": 12.9, ""12455"": 0.0, ""12471"": 0.0, ""12474"": 5.0, ""12476"": 0.0, ""12492"": 8.2, ""12501"": 15.5, ""12530"": 2.1, ""12545"": 27.2, ""13477"": 0.0, ""1479"": 9.2, ""4199"": 10.0, ""4217"": 4.2, ""4993"": 21.3, ""6149"": 0.0, ""6803"": 0.0, ""7588"": 24.2, ""8111"": 7.1, ""8117"": 0.0, ""8121"": 0.0, ""8138"": 8.9, ""8144"": 28.2, ""8154"": 3.1, ""8161"": 15.7, ""8180"": 5.7, ""8698"": 0.0, ""9509"": 29.3}","[4.44, 8.9, 29.3, 12.9, 9.9, 28.2, 4.2, 24.2, 0.0, 27.2]"
2026-10-10T13:26:55+00:00,1370218620990263296,1,1,9,154.96,"[""10444"", ""11256"", ""11557"", ""11560"", ""11600"", ""11628"", ""11631"", ""12467"", ""12483"", ""12485"", ""12502"", ""12518"", ""12533"", ""12541"", ""13268"", ""13286"", ""13288"", ""13418"", ""3321"", ""5846"", ""5967"", ""6806"", ""7523"", ""7527"", ""7547"", ""8126"", ""8228"", ""9508"", ""9511""]","[""11560"", ""8228"", ""5967"", ""7547"", ""11631"", ""5846"", ""12518"", ""13286"", ""6806"", ""7523""]","{""10444"": 0.0, ""11256"": 0.0, ""11557"": 0.0, ""11560"": 41.26, ""11600"": 0.0, ""11628"": 4.3, ""11631"": 6.0, ""12467"": 0.0, ""12483"": 11.3, ""12485"": -0.4, ""12502"": 8.8, ""12518"": 11.8, ""12533"": 11.6, ""12541"": 0.0, ""13268"": 0.0, ""13286"": 7.8, ""13288"": 0.0, ""13418"": 0.0, ""3321"": 0.0, ""5846"": 8.0, ""5967"": 4.4, ""6806"": 3.6, ""7523"": 34.1, ""7527"": 0.0, ""7547"": 28.7, ""8126"": 8.8, ""8228"": 9.3, ""9508"": 4.4, ""9511"": 0.9}","[41.26, 9.3, 4.4, 28.7, 6.0, 8.0, 11.8, 7.8, 3.6, 34.1]"
2026-10-10T13:26:55+00:00,1370218620990263296,1,4,10,153.4,"[""10235"", ""10236"", ""11569"", ""11592"", ""12457"", ""12469"", ""12481"", ""12495"", ""12527"", ""12543"", ""13273"", ""13294"", ""13298"", ""13301"", ""13319"", ""13329"", ""13408"", ""13421"", ""19"", ""2307"", ""2449"", ""421"", ""5870"", ""6819"", ""7585"", ""8112"", ""8146"", ""8183"", ""8210"", ""9482""]","[""8183"", ""12527"", ""12481"", ""8112"", ""8146"", ""2449"", ""10236"", ""6819"", ""9482"", ""421""]","{""10235"": 0.0, ""10236"": 20.5, ""11569"": 0.0, ""11592"": 0.0, ""12457"": 0.0, ""12469"": 0.0, ""12481"": 13.1, ""12495"": 0.0, ""12527"": 32.7, ""12543"": 0.0, ""13273"": 0.0, ""13294"": 2.5, ""13298"": 6.8, ""13301"": 16.4, ""13319"": 0.0, ""13329"": 0.8, ""13408"": 0.0, ""13421"": 7.7, ""19"": 0.0, ""2307"": 0.0, ""2449"": 15.5, ""421"": 4.1, ""5870"": 11.04, ""6819"": 8.8, ""7585"": 0.0, ""8112"": 5.5, ""8146"": 13.9, ""8183"": 27.1, ""8210"": 4.6, ""9482"": 12.2}","[27.1, 32.7, 13.1, 5.5, 13.9, 15.5, 20.5, 8.8, 12.2, 4.1]"
2026-10-10T13:26:55+00:00,1370218620990263296,1,6,11,153.5,"[""10857"", ""11199"", ""11370"", ""11581"", ""11583"", ""11610"", ""12048"", ""12487"", ""12490"", ""12536"", ""13270"", ""13282"", ""13305"", ""13311"", ""13320"", ""13324"", ""13413"", ""3198"", ""3257"", ""4017"", ""5022"", ""5850"", ""5927"", ""6794"", ""6804"", ""6904"", ""7564"", ""9484"", ""9754""]","[""6904"", ""12490"", ""3198"", ""7564"", ""6794"", ""5927"", ""9484"", ""11581"", ""9754"", ""6804""]","{""10857"": 1.42, ""11199"": 0.7, ""11370"": 2.9, ""11581"": 3.7, ""11583"": 7.2, ""11610"": 5.3, ""12048"": 2.9, ""12487"": 0.0, ""12490"": 9.8, ""12536"": 7.3, ""13270"": 0.0, ""13282"": 0.0, ""13305"": 4.1, ""13311"": 3.5, ""13320"": 0.0, ""13324"": 2.8, ""13413"": 0.0, ""3198"": 35.3, ""3257"": 18.48, ""4017"": 15.0, ""5022"": 25.7, ""5850"": 0.0, ""5927"": 3.4, ""6794"": 31.2, ""6804"": 21.48, ""6904"": 30.72, ""7564"": 3.2, ""9484"": 11.0, ""9754"": 3.7}","[30.72, 9.8, 35.3, 3.2, 31.2, 3.4, 11.0, 3.7, 3.7, 21.48]"
2026-10-10T13:26:55+00:00,1370218620990263296,1,3,12,164.26,"[""10218"", ""11237"", ""11596"", ""11637"", ""11643"", ""12484"", ""12503"", ""12504"", ""12535"", ""13264"", ""13299"", ""1466"", ""3294"", ""4037"", ""4046"", ""4866"", ""5872"", ""5892"", ""5906"", ""6039"", ""6768"", ""6786"", ""6801"", ""7002"", ""7526"", ""7591"", ""8188"", ""9221"", ""9225"", ""9480"", ""9501""]","[""3294"", ""9221"", ""5892"", ""6786"", ""6801"", ""7526"", ""7002"", ""4037"", ""4866"", ""4046""]","{""10218"": 6.2, ""11237"": 0.0, ""11596"": 0.0, ""11637"": 1.1, ""11643"": -0.1, ""12484"": 0.0, ""12503"": 0.0, ""12504"": 0.0, ""12535"": 0.0, ""13264"": 3.8, ""13299"": 2.4, ""1466"": 11.6, ""3294"": 18.4, ""4037"": 8.3, ""4046"": 25.66, ""4866"": 9.0, ""5872"": 18.0, ""5892"": 28.9, ""5906"": 2.2, ""6039"": 0.0, ""6768"": 0.0, ""6786"": 15.4, ""6801"": 8.9, ""7002"": 15.9, ""7526"": 1.2, ""7591"": 0.0, ""8188"": 0.0, ""9221"": 32.6, ""9225"": 0.3, ""9480"": 11.3, ""9501"": 7.0}","[18.4, 32.6, 28.9, 15.4, 8.9, 1.2, 15.9, 8.3, 9.0, 25.66]"
2026-10-10T13:26:55+00:00,1370218620990263296,2,2,1,87.62,"[""10219"", ""10226"", ""11566"", ""11604"", ""11618"", ""11624"", ""11655"", ""12511"", ""13269"", ""13275"", ""13278"", ""13279"", ""13281"", ""13287"", ""13293"", ""13303"", ""13317"", ""13330"", ""13345"", ""13346"", ""13392"", ""13394"", ""13400"", ""13423"", ""13425"", ""13434"", ""13533"", ""2505"", ""6130"", ""8119"", ""9494"", ""96""]","[""11566"", ""13287"", ""10219"", ""13279"", ""11624"", ""13346"", ""13434"", ""13345"", ""13330"", ""96""]","{""10219"": 1.3, ""10226"": 1.7, ""11566"": 15.74, ""11604"": 0.0, ""11618"": 0.0, ""11624"": 13.5, ""11655"": 0.0, ""12511"": 0.0, ""13269"": 0.0, ""13275"": 0.0, ""13278"": 0.0, ""13279"": 5.7, ""13281"": 0.0, ""13287"": 7.5, ""13293"": 0.0, ""13303"": 0.0, ""13317"": 4.7, ""13330"": 4.7, ""13345"": 14.8, ""13346"": 20.5, ""13392"": 0.0, ""13394"": 0.0, ""13400"": 0.0, ""13423"": 0.0, ""13425"": 0.0, ""13434"": 1.9, ""13533"": 0.0, ""2505"": 19.8, ""6130"": 0.9, ""8119"": 3.1, ""9494"": 0.0, ""96"": 1.98}","[15.74, 7.5, 1.3, 5.7, 13.5, 20.5, 1.9, 14.8, 4.7, 1.98]"
2026-10-10T13:26:55+00:00,1370218620990263296,2,3,2,119.12,"[""10859"", ""11589"", ""11626"", ""12500"", ""12508"", ""12522"", ""13272"", ""13277"", ""13309"", ""13336"", ""13338"", ""13355"", ""2133"", ""2216"", ""4033"", ""4066"", ""4137"", ""4981"", ""4983"", ""5844"", ""5848"", ""5849"", ""5859"", ""6865"", ""7049"", ""7600"", ""7611"", ""8132"", ""8151"", ""9493"", ""9504""]","[""12508"", ""8151"", ""7611"", ""9493"", ""2216"", ""2133"", ""10859"", ""4983"", ""8132"", ""12522""]","{""10859"": 20.2, ""11589"": 0.0, ""11626"": 8.4, ""12500"": 0.0, ""12508"": 0.8, ""12522"": 20.02, ""13272"": 0.0, ""13277"": 0.2, ""13309"": 0.0, ""13336"": 0.0, ""13338"": 0.0, ""13355"": 0.0, ""2133"": 39.5, ""2216"": 8.4, ""4033"": 2.4, ""4066"": 3.2, ""4137"": 0.0, ""4981"": 5.5, ""4983"": -0.1, ""5844"": 7.4, ""5848"": 1.2, ""5849"": 0.0, ""5859"": 0.0, ""6865"": 4.5, ""7049"": 0.0, ""7600"": 9.4, ""7611"": 2.6, ""8132"": 3.9, ""8151"": 23.8, ""9493"": 0.0, ""9504"": 6.7}","[0.8, 23.8, 2.6, 0.0, 8.4, 39.5, 20.2, -0.1, 3.9, 20.02]"
2026-10-10T13:26:55+00:00,1370218620990263296,2,2,3,163.3,"[""5001"", ""9502"", ""11435"", ""4035"", ""11834"", ""5045"", ""12544"", ""9500"", ""9224"", ""12494"", ""9757"", ""11603"", ""12472"", ""4950"", ""12497"", ""13276"", ""6826"", ""9481"", ""2306"", ""6770"", ""13353"", ""12514"", ""12519"", ""8110"", ""1166"", ""8205"", ""13342"", ""1373"", ""6790"", ""5995"", ""12507"", ""11584"", ""9487""]","[""6770"", ""12507"", ""9224"", ""12519"", ""12514"", ""9487"", ""5001"", ""11584"", ""6790"", ""1166""]","{""11435"": 9.2, ""11584"": 13.0, ""11603"": 8.4, ""1166"": 26.22, ""11834"": 11.4, ""12472"": 2.1, ""12494"": 0.0, ""12497"": 0.0, ""12507"": 16.5, ""12514"": 10.3, ""12519"": 6.2, ""12544"": 0.0, ""13276"": 0.0, ""13342"": 0.0, ""13353"": 0.0, ""1373"": 16.58, ""2306"": 2.54, ""4035"": 7.2, ""4950"": 0.0, ""5001"": 32.0, ""5045"": 5.5, ""5995"": 3.8, ""6770"": 20.18, ""6790"": 11.9, ""6826"": 0.0, ""8110"": 22.3, ""8205"": 0.0, ""9224"": 11.2, ""9481"": 0.0, ""9487"": 15.8, ""9500"": 14.2, ""9502"": 0.0, ""9757"": 0.0}","[20.18, 16.5, 11.2, 6.2, 10.3, 15.8, 32.0, 13.0, 11.9, 26.22]"
2026-10-10T13:26:55+00:00,1370218620990263296,2,5,4,125.9,"[""10222"", ""11586"", ""11635"", ""11646"", ""12498"", ""12505"", ""12512"", ""12517"", ""12521"", ""12524"", ""12526"", ""12534"", ""13285"", ""13302"", ""13306"", ""13307"", ""13322"", ""13347"", ""13401"", ""13402"", ""13964"", ""3161"", ""4892"", ""4943"", ""8127"", ""8136"", ""8150"", ""8800"", ""9229"", ""9230"", ""9486"", ""9488""]","[""4892"", ""12512"", ""8150"", ""9488"", ""11646"", ""12526"", ""12517"", ""11635"", ""10222"", ""3161""]","{""10222"": 1.4, ""11586"": 9.2, ""11635"": 6.5, ""11646"": 14.6, ""12498"": 0.0, ""12505"": 8.6, ""12512"": 9.8, ""12517"": 1.8, ""12521"": 3.2, ""12524"": 0.0, ""12526"": 15.1, ""12534"": 7.8, ""13285"": 5.0, ""13302"": 0.0, ""13306"": 0.0, ""13307"": 0.0, ""13322"": 2.4, ""13347"": 1.2, ""13401"": 0.0, ""13402"": 0.0, ""13964"": 0.0, ""3161"": 5.32, ""4892"": 14.18, ""4943"": 0.0, ""8127"": 6.6, ""8136"": 14.3, ""8150"": 14.7, ""8800"": 0.0, ""9229"": 0.0, ""9230"": 0.0, ""9486"": 12.4, ""9488"": 42.5}","[14.18, 9.8, 14.7, 42.5, 14.6, 15.1, 1.8, 6.5, 1.4, 5.32]"
2026-10-10T13:26:55+00:00,1370218620990263296,2,3,5,163.04,"[""11571"", ""11575"", ""11625"", ""12493"", ""12499"", ""12531"", ""12540"", ""13335"", ""13405"", ""2078"", ""3214"", ""4984"", ""5947"", ""6783"", ""7090"", ""7525"", ""7543"", ""7567"", ""7594"", ""7670"", ""8131"", ""8137"", ""8167"", ""8676"", ""9226"", ""9479"", ""9753"", ""9758""]","[""4984"", ""9226"", ""7543"", ""8137"", ""8167"", ""7525"", ""8131"", ""5947"", ""7594"", ""9758""]","{""11571"": 0.0, ""11575"": 0.0, ""11625"": 12.3, ""12493"": 10.8, ""12499"": 8.9, ""12531"": 0.0, ""12540"": 0.0, ""13335"": 0.0, ""13405"": 2.4, ""2078"": 0.0, ""3214"": 8.5, ""4984"": 45.82, ""5947"": 3.8, ""6783"": 0.0, ""7090"": 6.8, ""7525"": 27.7, ""7543"": 7.1, ""7567"": 4.5, ""7594"": 14.4, ""7670"": 11.3, ""8131"": 10.8, ""8137"": 10.0, ""8167"": 14.1, ""8676"": 5.9, ""9226"": 12.3, ""9479"": 2.2, ""9753"": 0.0, ""9758"": 17.02}","[45.82, 12.3, 7.1, 10.0, 14.1, 27.7, 10.8, 3.8, 14.4, 17.02]"
2026-10-10T13:26:55+00:00,1370218620990263296,2,6,6,91.7,"[""11559"", ""11564"", ""11576"", ""11783"", ""12489"", ""12506"", ""12510"", ""12529"", ""13289"", ""13296"", ""13300"", ""13314"", ""13337"", ""13349"", ""13411"", ""13414"", ""13417"", ""13420"", ""13424"", ""3286"", ""4039"", ""6797"", ""7553"", ""7569"", ""7571"", ""8134"", ""8142"", ""8148"", ""8155"", ""8172"", ""9228""]","[""11564"", ""8155"", ""12529"", ""8142"", ""8148"", ""13296"", ""12506"", ""7571"", ""7553"", ""6797""]","{""11559"": 0.0, ""11564"": 8.02, ""11576"": 8.5, ""11783"": 7.3, ""12489"": 0.0, ""12506"": 12.9, ""12510"": 0.0, ""12529"": 13.6, ""13289"": 0.0, ""13296"": 3.9, ""13300"": 0.0, ""13314"": 0.0, ""13337"": 5.5, ""13349"": 0.0, ""13411"": 0.0, ""13414"": 2.5, ""13417"": 0.0, ""13420"": 1.8, ""13424"": 0.0, ""3286"": 6.4, ""4039"": 4.0, ""6797"": 6.88, ""7553"": 3.0, ""7569"": 0.0, ""7571"": 21.8, ""8134"": 6.8, ""8142"": 2.1, ""8148"": 5.3, ""8155"": 14.2, ""8172"": 4.7, ""9228"": 30.08}","[8.02, 14.2, 13.6, 2.1, 5.3, 3.9, 12.9, 21.8, 3.0, 6.88]"
2026-10-10T13:26:55+00:00,1370218620990263296,2,1,7,161.98,"[""10232"", ""11565"", ""11597"", ""11620"", ""11627"", ""11638"", ""11647"", ""12509"", ""12547"", ""13274"", ""13308"", ""13333"", ""13348"", ""13350"", ""13380"", ""13404"", ""13422"", ""3163"", ""4034"", ""4881"", ""5012"", ""6813"", ""7021"", ""7528"", ""8130"", ""8408"", ""9506"", ""9756"", ""9997""]","[""4881"", ""6813"", ""4034"", ""11620"", ""10232"", ""9756"", ""8130"", ""7021"", ""5012"", ""3163""]","{""10232"": 3.8, ""11565"": 0.0, ""11597"": 0.0, ""11620"": 7.3, ""11627"": 3.7, ""11638"": 0.0, ""11647"": 0.0, ""12509"": 6.3, ""12547"": 2.0, ""13274"": 7.5, ""13308"": 0.0, ""13333"": 1.4, ""13348"": 0.0, ""13350"": 0.0, ""13380"": 1.3, ""13404"": 0.0, ""13422"": 0.0, ""3163"": 35.78, ""4034"": 22.6, ""4881"": 16.8, ""5012"": 13.9, ""6813"": 29.2, ""7021"": 6.4, ""7528"": 0.6, ""8130"": 22.1, ""8408"": 0.0, ""9506"": 0.0, ""9756"": 4.1, ""9997"": 0.0}","[16.8, 29.2, 22.6, 7.3, 3.8, 4.1, 22.1, 6.4, 13.9, 35.78]"
2026-10-10T13:26:55+00:00,1370218620990263296,2,6,8,146.0,"[""10213"", ""10229"", ""11563"", ""11632"", ""12455"", ""12471"", ""12474"", ""12476"", ""12492"", ""12501"", ""12530"", ""12545"", ""13477"", ""1479"", ""4199"", ""4217"", ""4993"", ""6803"", ""7588"", ""7828"", ""8111"", ""8117"", ""8121"", ""8138"", ""8144"", ""8154"", ""8161"", ""8180"", ""8698"", ""9509""]","[""11563"", ""8138"", ""9509"", ""11632"", ""10229"", ""8144"", ""4217"", ""7588"", ""4199"", ""12545""]","{""10213"": 22.9, ""10229"": 12.3, ""11563"": 16.12, ""11632"": 1.1, ""12455"": 0.0, ""12471"": 0.0, ""12474"": 8.5, ""12476"": 0.0, ""12492"": 1.6, ""12501"": 9.8, ""12530"": 0.0, ""12545"": 23.38, ""13477"": 1.7, ""1479"": 1.5, ""4199"": 10.5, ""4217"": 20.0, ""4993"": 0.0, ""6803"": 0.0, ""7588"": 8.0, ""7828"": 0.0, ""8111"": 10.3, ""8117"": 0.0, ""8121"": 11.6, ""8138"": 20.9, ""8144"": 22.6, ""8154"": 8.7, ""8161"": 14.48, ""8180"": 1.9, ""8698"": 0.0, ""9509"": 11.1}","[16.12, 20.9, 11.1, 1.1, 12.3, 22.6, 20.0, 8.0, 10.5, 23.38]"
2026-10-10T13:26:55+00:00,1370218620990263296,2,1,9,95.28,"[""10444"", ""11256"", ""11557"", ""11560"", ""11600"", ""11628"", ""11631"", ""12467"", ""12483"", ""12485"", ""12502"", ""12518"", ""12533"", ""12541"", ""13268"", ""13286"", ""13288"", ""13418"", ""3321"", ""5846"", ""5854"", ""5967"", ""6806"", ""7523"", ""7527"", ""7547"", ""8126"", ""8228"", ""9508"", ""9511""]","[""11560"", ""8228"", ""12533"", ""7547"", ""11628"", ""5846"", ""12518"", ""13286"", ""6806"", ""7523""]","{""10444"": 0.0, ""11256"": 2.16, ""11557"": 0.0, ""11560"": 6.72, ""11600"": 0.0, ""11628"": 0.0, ""11631"": 7.0, ""12467"": 1.5, ""12483"": 3.5, ""12485"": 5.9, ""12502"": 4.3, ""12518"": 17.4, ""12533"": 5.8, ""12541"": 0.0, ""13268"": 0.0, ""13286"": 4.0, ""13288"": 1.0, ""13418"": 0.0, ""3321"": 0.0, ""5846"": 6.7, ""5854"": 27.4, ""5967"": 7.5, ""6806"": 3.6, ""7523"": 6.16, ""7527"": -0.2, ""7547"": 35.2, ""8126"": 1.9, ""8228"": 9.7, ""9508"": 8.0, ""9511"": 4.9}","[6.72, 9.7, 5.8, 35.2, 0.0, 6.7, 17.4, 4.0, 3.6, 6.16]"
2026-10-10T13:26:55+00:00,1370218620990263296,2,4,10,174.56,"[""10235"", ""10236"", ""11569"", ""11592"", ""12457"", ""12469"", ""12481"", ""12495"", ""12527"", ""12543"", ""13273"", ""13294"", ""13298"", ""13301"", ""13319"", ""13329"", ""13408"", ""13421"", ""19"", ""2307"", ""2449"", ""421"", ""5870"", ""6819"", ""7585"", ""8112"", ""8146"", ""8183"", ""8210"", ""9482""]","[""8183"", ""12527"", ""12481"", ""8112"", ""8146"", ""2449"", ""10236"", ""9482"", ""13298"", ""421""]","{""10235"": 0.0, ""10236"": 26.0, ""11569"": 0.0, ""11592"": 3.5, ""12457"": 0.0, ""12469"": 0.0, ""12481"": 8.5, ""12495"": 0.7, ""12527"": 10.3, ""12543"": 0.0, ""13273"": 0.0, ""13294"": 1.9, ""13298"": 8.2, ""13301"": 5.4, ""13319"": 2.3, ""13329"": 0.0, ""13408"": 0.0, ""13421"": 4.5, ""19"": 0.0, ""2307"": 10.74, ""2449"": 21.7, ""421"": 34.98, ""5870"": 13.4, ""6819"": 0.0, ""7585"": 0.0, ""8112"": 8.9, ""8146"": 16.7, ""8183"": 32.48, ""8210"": 0.0, ""9482"": 6.8}","[32.48, 10.3, 8.5, 8.9, 16.7, 21.7, 26.0, 6.8, 8.2, 34.98]"
2026-10-10T13:26:55+00:00,1370218620990263296,2,5,11,123.86,"[""10857"", ""11199"", ""11370"", ""11581"", ""11583"", ""11610"", ""12048"", ""12487"", ""12490"", ""12536"", ""13270"", ""13282"", ""13305"", ""13311"", ""13320"", ""13324"", ""13413"", ""3198"", ""3257"", ""4017"", ""5022"", ""5850"", ""5927"", ""6794"", ""6804"", ""6904"", ""7564"", ""9484"", ""9754""]","[""6904"", ""12490"", ""3198"", ""7564"", ""6794"", ""5927"", ""9484"", ""5022"", ""11581"", ""6804""]","{""10857"": 0.0, ""11199"": 0.8, ""11370"": 3.6, ""11581"": 7.6, ""11583"": 2.1, ""11610"": 8.7, ""12048"": 2.5, ""12487"": 20.4, ""12490"": 14.2, ""12536"": 5.4, ""13270"": 0.0, ""13282"": 0.0, ""13305"": 0.7, ""13311"": 0.0, ""13320"": 3.4, ""13324"": 0.0, ""13413"": 0.0, ""3198"": 17.7, ""3257"": 8.5, ""4017"": 23.72, ""5022"": 1.9, ""5850"": 0.0, ""5927"": 7.0, ""6794"": 8.5, ""6804"": 16.8, ""6904"": 20.16, ""7564"": 26.5, ""9484"": 3.5, ""9754"": 2.4}","[20.16, 14.2, 17.7, 26.5, 8.5, 7.0, 3.5, 1.9, 7.6, 16.8]"
2026-10-10T13:26:55+00:00,1370218620990263296,2,4,12,217.24,"[""10218"", ""11237"", ""11596"", ""11637"", ""11643"", ""12484"", ""12503"", ""12504"", ""12535"", ""13264"", ""13299"", ""1466"", ""3294"", ""4037"", ""4046"", ""4866"", ""5872"", ""5892"", ""5906"", ""6039"", ""6768"", ""6786"", ""6801"", ""7002"", ""7526"", ""7591"", ""8188"", ""9221"", ""9225"", ""9480"", ""9501""]","[""3294"", ""9221"", ""5892"", ""6786"", ""6801"", ""7526"", ""7002"", ""1466"", ""4866"", ""4046""]","{""10218"": 6.7, ""11237"": 0.0, ""11596"": 2.1, ""11637"": 12.3, ""11643"": 1.1, ""12484"": 0.0, ""12503"": 2.0, ""12504"": 2.2, ""12535"": 4.6, ""13264"": 0.0, ""13299"": 0.0, ""1466"": 29.6, ""3294"": 37.76, ""4037"": 8.8, ""4046"": 34.98, ""4866"": 3.0, ""5872"": 6.5, ""5892"": 4.4, ""5906"": 9.5, ""6039"": 0.0, ""6768"": 0.0, ""6786"": 35.3, ""6801"": 14.5, ""7002"": 12.6, ""7526"": 21.8, ""7591"": 0.0, ""8188"": 12.6, ""9221"": 23.3, ""9225"": 11.8, ""9480"": 4.7, ""9501"": 1.9}","[37.76, 23.3, 4.4, 35.3, 14.5, 21.8, 12.6, 29.6, 3.0, 34.98]"
2026-10-10T13:26:55+00:00,1370218620990263296,3,2,1,143.78,"[""11566"", ""11604"", ""13317"", ""2505"", ""13434"", ""13278"", ""13293"", ""13345"", ""13346"", ""13425"", ""13533"", ""13303"", ""13281"", ""13269"", ""13275"", ""13394"", ""11624"", ""12511"", ""13287"", ""13279"", ""9494"", ""11655"", ""10219"", ""13392"", ""10226"", ""13423"", ""11630"", ""13330"", ""96"", ""11618"", ""6130"", ""13400"", ""8119""]","[""96"", ""13287"", ""13345"", ""13279"", ""11624"", ""13346"", ""13434"", ""10219"", ""13330"", ""11604""]","{""10219"": 9.7, ""10226"": 0.0, ""11566"": 0.0, ""11604"": 32.6, ""11618"": 0.0, ""11624"": 4.0, ""11630"": 15.0, ""11655"": 0.3, ""12511"": 0.0, ""13269"": 0.0, ""13275"": 0.0, ""13278"": 0.0, ""13279"": 11.8, ""13281"": 0.0, ""13287"": 21.9, ""13293"": 0.0, ""13303"": 0.0, ""13317"": 11.0, ""13330"": 27.0, ""13345"": 0.0, ""13346"": 8.1, ""13392"": 0.0, ""13394"": 8.2, ""13400"": 0.0, ""13423"": 0.0, ""13425"": -1.1, ""13434"": 0.0, ""13533"": 0.0, ""2505"": 12.6, ""6130"": 0.0, ""8119"": 2.1, ""9494"": 0.0, ""96"": 28.68}","[28.68, 21.9, 0.0, 11.8, 4.0, 8.1, 0.0, 9.7, 27.0, 32.6]"
2026-10-10T13:26:55+00:00,1370218620990263296,3,4,2,99.14,"[""10859"", ""11589"", ""11626"", ""12500"", ""12508"", ""12522"", ""13272"", ""13277"", ""13309"", ""13336"", ""13338"", ""13355"", ""2133"", ""2216"", ""4033"", ""4066"", ""4137"", ""4981"", ""4983"", ""5844"", ""5848"", ""5849"", ""5859"", ""6865"", ""7049"", ""7600"", ""7611"", ""8132"", ""8151"", ""9493"", ""9504""]","[""12522"", ""8151"", ""7611"", ""9493"", ""2216"", ""2133"", ""10859"", ""4983"", ""8132"", ""4066""]","{""10859"": 8.9, ""11589"": 0.0, ""11626"": 0.0, ""12500"": 0.0, ""12508"": 0.0, ""12522"": 11.44, ""13272"": 0.0, ""13277"": 0.5, ""13309"": 0.0, ""13336"": 0.0, ""13338"": 1.3, ""13355"": 0.0, ""2133"": 20.7, ""2216"": 12.4, ""4033"": 0.0, ""4066"": 0.0, ""4137"": 0.0, ""4981"": 0.0, ""4983"": 12.7, ""5844"": 4.1, ""5848"": 0.0, ""5849"": 12.42, ""5859"": 0.0, ""6865"": 0.0, ""7049"": 1.1, ""7600"": 6.1, ""7611"": 6.8, ""8132"": 4.9, ""8151"": 21.3, ""9493"": 0.0, ""9504"": 4.1}","[11.44, 21.3, 6.8, 0.0, 12.4, 20.7, 8.9, 12.7, 4.9, 0.0]"
2026-10-10T13:26:55+00:00,1370218620990263296,3,1,3,128.4,"[""5001"", ""9502"", ""11435"", ""4035"", ""11834"", ""5045"", ""12544"", ""9500"", ""9224"", ""12494"", ""9757"", ""11603"", ""12472"", ""4950"", ""12497"", ""13276"", ""6826"", ""4147"", ""9481"", ""2306"", ""6770"", ""13353"", ""12514"", ""12519"", ""8110"", ""1166"", ""8205"", ""13342"", ""1373"", ""6790"", ""5995"", ""12507"", ""11584"", ""9487""]","[""6770"", ""12507"", ""9224"", ""9500"", ""12514"", ""9487"", ""5001"", ""11584"", ""11834"", ""1166""]","{""11435"": 1.4, ""11584"": 7.8, ""11603"": 14.4, ""1166"": 27.22, ""11834"": 6.9, ""12472"": 9.1, ""12494"": 0.0, ""12497"": 7.8, ""12507"": 5.6, ""12514"": 11.2, ""12519"": 19.8, ""12544"": 2.9, ""13276"": 0.0, ""13342"": 0.0, ""13353"": 0.0, ""1373"": 31.04, ""2306"": 6.12, ""4035"": 5.1, ""4147"": 2.4, ""4950"": 0.0, ""5001"": 7.5, ""5045"": 7.6, ""5995"": 3.3, ""6770"": 27.58, ""6790"": 10.8, ""6826"": 0.0, ""8110"": 9.8, ""8205"": 0.0, ""9224"": 8.9, ""9481"": 0.0, ""9487"": 13.0, ""9500"": 12.7, ""9502"": 0.0, ""9757"": 2.9}","[27.58, 5.6, 8.9, 12.7, 11.2, 13.0, 7.5, 7.8, 6.9, 27.22]"
2026-10-10T13:26:55+00:00,1370218620990263296,3,5,4,148.4,"[""12505"", ""13322"", ""13306"", ""8800"", ""8127"", ""13402"", ""9230"", ""12521"", ""3161"", ""8150"", ""12498"", ""11646"", ""12534"", ""12526"", ""12512"", ""9229"", ""4177"", ""13285"", ""13307"", ""13401"", ""11586"", ""4892"", ""9486"", ""13964"", ""12524"", ""13347"", ""11635"", ""9488"", ""10222"", ""4943"", ""8136"", ""12517"", ""13302""]","[""4892"", ""12512"", ""8150"", ""9488"", ""11646"", ""12526"", ""12517"", ""11635"", ""9486"", ""4943""]","{""10222"": 0.0, ""11586"": 3.5, ""11635"": 10.6, ""11646"": 3.8, ""12498"": 0.0, ""12505"": 2.1, ""12512"": 9.9, ""12517"": 9.1, ""12521"": 0.0, ""12524"": 0.0, ""12526"": 3.7, ""12534"": 3.1, ""13285"": 3.9, ""13302"": 0.0, ""13306"": 0.0, ""13307"": 0.0, ""13322"": 3.1, ""13347"": 0.1, ""13401"": 0.0, ""13402"": 0.0, ""13964"": 0.0, ""3161"": 0.0, ""4177"": 14.7, ""4892"": 13.28, ""4943"": 35.66, ""8127"": 0.0, ""8136"": 11.1, ""8150"": 21.8, ""8800"": 0.0, ""9229"": 0.0, ""9230"": 0.0, ""9486"": 5.2, ""9488"": 35.36}","[13.28, 9.9, 21.8, 35.36, 3.8, 3.7, 9.1, 10.6, 5.2, 35.66]"
2026-10-10T13:26:55+00:00,1370218620990263296,3,3,5,110.44,"[""11571"", ""11575"", ""11625"", ""12493"", ""12499"", ""12531"", ""12540"", ""13335"", ""13405"", ""2078"", ""3214"", ""4984"", ""5947"", ""6783"", ""7090"", ""7525"", ""7543"", ""7567"", ""7594"", ""7670"", ""8131"", ""8137"", ""8167"", ""8676"", ""9226"", ""9479"", ""9753"", ""9758""]","[""4984"", ""9226"", ""7543"", ""8137"", ""8167"", ""7525"", ""8131"", ""12493"", ""7594"", ""9758""]","{""11571"": 0.0, ""11575"": 0.0, ""11625"": 0.0, ""12493"": 0.0, ""12499"": 2.1, ""12531"": 0.0, ""12540"": -2.7, ""13335"": 0.0, ""13405"": 0.0, ""2078"": 0.0, ""3214"": 2.0, ""4984"": 16.46, ""5947"": 19.4, ""6783"": 0.0, ""7090"": 4.9, ""7525"": 12.5, ""7543"": 9.0, ""7567"": 3.0, ""7594"": 15.0, ""7670"": 0.0, ""8131"": 4.3, ""8137"": 15.2, ""8167"": 22.6, ""8676"": 3.4, ""9226"": 1.7, ""9479"": 11.2, ""9753"": 0.0, ""9758"": 13.68}","[16.46, 1.7, 9.0, 15.2, 22.6, 12.5, 4.3, 0.0, 15.0, 13.68]"
2026-10-10T13:26:55+00:00,1370218620990263296,3,5,6,86.3,"[""11559"", ""11564"", ""11576"", ""11783"", ""12489"", ""12506"", ""12510"", ""12529"", ""13289"", ""13296"", ""13300"", ""13314"", ""13337"", ""13349"", ""13411"", ""13414"", ""13417"", ""13420"", ""13424"", ""3286"", ""4039"", ""6797"", ""7553"", ""7569"", ""7571"", ""8134"", ""8142"", ""8148"", ""8155"", ""8172"", ""9228""]","[""11564"", ""8155"", ""12529"", ""8134"", ""8148"", ""7571"", ""7553"", ""12489"", ""12506"", ""9228""]","{""11559"": 16.04, ""11564"": 1.76, ""11576"": 4.7, ""11783"": 4.2, ""12489"": 10.7, ""12506"": 27.6, ""12510"": 0.0, ""12529"": 3.9, ""13289"": 0.0, ""13296"": 0.0, ""13300"": 0.0, ""13314"": 0.0, ""13337"": 1.7, ""13349"": 0.0, ""13411"": 1.1, ""13414"": 1.7, ""13417"": 0.0, ""13420"": 0.0, ""13424"": 1.4, ""3286"": 0.0, ""4039"": 14.6, ""6797"": 14.74, ""7553"": 2.0, ""7569"": 0.0, ""7571"": 5.7, ""8134"": 1.6, ""8142"": 0.0, ""8148"": 8.9, ""8155"": 8.5, ""8172"": 13.0, ""9228"": 15.64}","[1.76, 8.5, 3.9, 1.6, 8.9, 5.7, 2.0, 10.7, 27.6, 15.64]"
2026-10-10T13:26:55+00:00,1370218620990263296,3,2,7,173.4,"[""10232"", ""11565"", ""11597"", ""11620"", ""11627"", ""11638"", ""11647"", ""12509"", ""12547"", ""13274"", ""13308"", ""13333"", ""13348"", ""13350"", ""13380"", ""13404"", ""13422"", ""3163"", ""4034"", ""4881"", ""5012"", ""6813"", ""7021"", ""7528"", ""8130"", ""8408"", ""9506"", ""9756"", ""9997""]","[""4881"", ""6813"", ""4034"", ""11620"", ""10232"", ""9756"", ""8130"", ""12509"", ""5012"", ""3163""]","{""10232"": 25.9, ""11565"": 0.0, ""11597"": 0.0, ""11620"": 7.4, ""11627"": 3.1, ""11638"": 0.0, ""11647"": 3.0, ""12509"": 13.6, ""12547"": 4.4, ""13274"": 2.4, ""13308"": 0.0, ""13333"": 0.0, ""13348"": 0.0, ""13350"": 0.0, ""13380"": 0.0, ""13404"": 0.0, ""13422"": 0.0, ""3163"": 23.36, ""4034"": 21.6, ""4881"": 24.44, ""5012"": 6.9, ""6813"": 9.2, ""7021"": 0.0, ""7528"": 5.2, ""8130"": 21.0, ""8408"": 0.0, ""9506"": 0.0, ""9756"": 20.0, ""9997"": 15.4}","[24.44, 9.2, 21.6, 7.4, 25.9, 20.0, 21.0, 13.6, 6.9, 23.36]"
2026-10-10T13:26:55+00:00,1370218620990263296,3,6,8,215.44,"[""10213"", ""10229"", ""11563"", ""11632"", ""12455"", ""12471"", ""12474"", ""12476"", ""12492"", ""12501"", ""12530"", ""12545"", ""13477"", ""1479"", ""4199"", ""4217"", ""4993"", ""6803"", ""7588"", ""7828"", ""8111"", ""8117"", ""8121"", ""8138"", ""8144"", ""8154"", ""8161"", ""8180"", ""8698"", ""9509""]","[""11563"", ""8138"", ""9509"", ""11632"", ""8144"", ""10229"", ""4217"", ""7588"", ""4199"", ""12545""]","{""10213"": 8.3, ""10229"": 15.8, ""11563"": 28.14, ""11632"": 7.6, ""12455"": 1.4, ""12471"": 0.0, ""12474"": 9.1, ""12476"": 0.0, ""12492"": 14.4, ""12501"": 21.0, ""12530"": 0.0, ""12545"": 29.8, ""13477"": 1.2, ""1479"": 18.3, ""4199"": 14.2, ""4217"": 29.2, ""4993"": 14.2, ""6803"": 0.0, ""7588"": 17.3, ""7828"": 8.4, ""8111"": 10.1, ""8117"": 0.0, ""8121"": 7.9, ""8138"": 18.4, ""8144"": 19.7, ""8154"": 11.0, ""8161"": 9.0, ""8180"": 2.6, ""8698"": 0.0, ""9509"": 35.3}","[28.14, 18.4, 35.3, 7.6, 19.7, 15.8, 29.2, 17.3, 14.2, 29.8]"
2026-10-10T13:26:55+00:00,1370218620990263296,3,1,9,110.48,"[""10444"", ""11256"", ""11557"", ""11560"", ""11600"", ""11628"", ""11631"", ""12467"", ""12483"", ""12485"", ""12502"", ""12518"", ""12533"", ""12541"", ""13268"", ""13286"", ""13288"", ""13418"", ""3321"", ""5846"", ""5854"", ""5967"", ""6806"", ""7523"", ""7527"", ""7547"", ""8126"", ""8228"", ""9508"", ""9511""]","[""7523"", ""8228"", ""13286"", ""7547"", ""11631"", ""5846"", ""12518"", ""12533"", ""5967"", ""5854""]","{""10444"": 0.0, ""11256"": 0.0, ""11557"": 0.0, ""11560"": 0.0, ""11600"": 0.0, ""11628"": 7.0, ""11631"": 1.8, ""12467"": 0.0, ""12483"": 0.0, ""12485"": 1.8, ""12502"": 4.4, ""12518"": 19.2, ""12533"": 5.3, ""12541"": 0.0, ""13268"": 0.0, ""13286"": 0.2, ""13288"": 0.0, ""13418"": 0.0, ""3321"": 0.0, ""5846"": 12.1, ""5854"": 0.0, ""5967"": 13.6, ""6806"": 5.3, ""7523"": 25.78, ""7527"": 0.0, ""7547"": 11.9, ""8126"": 18.7, ""8228"": 20.6, ""9508"": 0.5, ""9511"": 13.7}","[25.78, 20.6, 0.2, 11.9, 1.8, 12.1, 19.2, 5.3, 13.6, 0.0]"
2026-10-10T13:26:55+00:00,1370218620990263296,3,3,10,161.18,"[""10235"", ""10236"", ""11199"", ""11592"", ""12457"", ""12469"", ""12481"", ""12495"", ""12527"", ""13273"", ""13294"", ""13298"", ""13301"", ""13319"", ""13329"", ""13408"", ""13421"", ""19"", ""2307"", ""2449"", ""421"", ""4454"", ""5870"", ""6149"", ""6819"", ""6931"", ""7585"", ""8112"", ""8146"", ""8183"", ""8210"", ""9482""]","[""8183"", ""12527"", ""12481"", ""8112"", ""8146"", ""2449"", ""10236"", ""13298"", ""6819"", ""421""]","{""10235"": 0.0, ""10236"": 3.8, ""11199"": 0.0, ""11592"": 0.0, ""12457"": 0.0, ""12469"": 0.0, ""12481"": 12.0, ""12495"": 14.5, ""12527"": 12.3, ""13273"": 2.9, ""13294"": 5.9, ""13298"": 2.9, ""13301"": 3.5, ""13319"": 0.0, ""13329"": 0.0, ""13408"": 0.0, ""13421"": 0.0, ""19"": 0.0, ""2307"": 26.42, ""2449"": 7.3, ""421"": 24.9, ""4454"": 4.2, ""5870"": 6.9, ""6149"": 0.0, ""6819"": 3.6, ""6931"": 0.2, ""7585"": 0.0, ""8112"": 28.4, ""8146"": 26.7, ""8183"": 39.28, ""8210"": 0.0, ""9482"": 13.7}","[39.28, 12.3, 12.0, 28.4, 26.7, 7.3, 3.8, 2.9, 3.6, 24.9]"
2026-10-10T13:26:55+00:00,1370218620990263296,3,6,11,146.2,"[""10857"", ""11370"", ""11581"", ""11583"", ""11610"", ""12048"", ""12487"", ""12490"", ""12536"", ""13270"", ""13282"", ""13305"", ""13311"", ""13320"", ""13324"", ""1339"", ""13413"", ""3198"", ""3257"", ""3634"", ""4017"", ""5022"", ""5850"", ""5927"", ""6794"", ""6804"", ""6904"", ""7564"", ""9484"", ""9754""]","[""6904"", ""12490"", ""3198"", ""7564"", ""6794"", ""5927"", ""9484"", ""11610"", ""11581"", ""6804""]","{""10857"": 0.0, ""11370"": 1.4, ""11581"": 3.8, ""11583"": 0.0, ""11610"": 11.1, ""12048"": 10.8, ""12487"": 2.4, ""12490"": 17.0, ""12536"": 4.5, ""13270"": 0.0, ""13282"": 0.0, ""13305"": 11.4, ""13311"": 10.7, ""13320"": 1.7, ""13324"": 11.3, ""1339"": 2.4, ""13413"": 0.0, ""3198"": 21.9, ""3257"": 29.6, ""3634"": 21.0, ""4017"": 24.26, ""5022"": 0.0, ""5850"": 0.0, ""5927"": 19.7, ""6794"": 5.2, ""6804"": 21.48, ""6904"": 12.62, ""7564"": 24.8, ""9484"": 8.6, ""9754"": 7.0}","[12.62, 17.0, 21.9, 24.8, 5.2, 19.7, 8.6, 11.1, 3.8, 21.48]"
2026-10-10T13:26:55+00:00,1370218620990263296,3,4,12,186.88,"[""10218"", ""11237"", ""11596"", ""11637"", ""11643"", ""11729"", ""12484"", ""12503"", ""12504"", ""12535"", ""13299"", ""1466"", ""3294"", ""4037"", ""4046"", ""4866"", ""5872"", ""5892"", ""6039"", ""6768"", ""6786"", ""6801"", ""7002"", ""7526"", ""7591"", ""8162"", ""8188"", ""9221"", ""9225"", ""9480"", ""9501""]","[""3294"", ""9221"", ""5892"", ""6786"", ""6801"", ""7526"", ""7002"", ""1466"", ""4866"", ""4046""]","{""10218"": 8.5, ""11237"": 0.0, ""11596"": 0.0, ""11637"": 4.7, ""11643"": 0.0, ""11729"": 4.7, ""12484"": 0.0, ""12503"": 0.0, ""12504"": 2.6, ""12535"": 9.6, ""13299"": 0.0, ""1466"": 14.9, ""3294"": 20.94, ""4037"": 5.5, ""4046"": 19.94, ""4866"": 9.0, ""5872"": 15.4, ""5892"": 6.8, ""6039"": 9.0, ""6768"": 0.0, ""6786"": 20.2, ""6801"": 21.0, ""7002"": 26.3, ""7526"": 6.4, ""7591"": 0.0, ""8162"": 0.0, ""8188"": 4.2, ""9221"": 41.4, ""9225"": -1.5, ""9480"": 7.7, ""9501"": 4.8}","[20.94, 41.4, 6.8, 20.2, 21.0, 6.4, 26.3, 14.9, 9.0, 19.94]"
2026-10-10T13:26:55+00:00,1370218620990263296,4,2,1,122.98,"[""11566"", ""11604"", ""13317"", ""2505"", ""13434"", ""13278"", ""8168"", ""13293"", ""13345"", ""13346"", ""13425"", ""13533"", ""13303"", ""13281"", ""12718"", ""13269"", ""13275"", ""13394"", ""11624"", ""12511"", ""13287"", ""13279"", ""9494"", ""11655"", ""10219"", ""13392"", ""13423"", ""11630"", ""13330"", ""96"", ""11618"", ""6130"", ""13400"", ""11571"", ""8119""]","[""96"", ""13287"", ""11571"", ""13279"", ""11624"", ""13346"", ""11604"", ""2505"", ""13330"", ""13425""]","{""10219"": 9.5, ""11566"": 0.0, ""11571"": 0.0, ""11604"": 23.6, ""11618"": 0.0, ""11624"": 11.0, ""11630"": 16.4, ""11655"": -0.1, ""12511"": 0.0, ""12718"": 1.7, ""13269"": 0.0, ""13275"": 0.0, ""13278"": 0.0, ""13279"": 19.5, ""13281"": 0.0, ""13287"": 6.5, ""13293"": 0.0, ""13303"": 0.0, ""13317"": 4.5, ""13330"": 0.0, ""13345"": 0.0, ""13346"": 12.9, ""13392"": 0.0, ""13394"": 6.2, ""13400"": 0.0, ""13423"": 0.0, ""13425"": 13.42, ""13434"": 3.0, ""13533"": -0.5, ""2505"": 8.1, ""6130"": 0.0, ""8119"": 13.4, ""8168"": 0.8, ""9494"": -1.0, ""96"": 27.96}","[27.96, 6.5, 0.0, 19.5, 11.0, 12.9, 23.6, 8.1, 0.0, 13.42]"
2026-10-10T13:26:55+00:00,1370218620990263296,4,5,2,152.38,"[""10859"", ""11589"", ""11626"", ""12500"", ""12508"", ""12522"", ""13272"", ""13277"", ""13309"", ""13336"", ""13338"", ""13355"", ""2133"", ""2216"", ""4033"", ""4066"", ""4137"", ""4981"", ""4983"", ""5844"", ""5848"", ""5849"", ""5859"", ""6865"", ""7049"", ""7600"", ""7611"", ""8132"", ""8151"", ""9493"", ""9504""]","[""5849"", ""8151"", ""7611"", ""9493"", ""2216"", ""2133"", ""10859"", ""4983"", ""8132"", ""4066""]","{""10859"": 26.4, ""11589"": 0.0, ""11626"": 0.0, ""12500"": 0.0, ""12508"": 0.0, ""12522"": 16.58, ""13272"": 0.0, ""13277"": 4.3, ""13309"": 0.0, ""13336"": 0.0, ""13338"": 1.3, ""13355"": 0.0, ""2133"": 7.2, ""2216"": 12.6, ""4033"": 0.0, ""4066"": 2.1, ""4137"": 0.0, ""4981"": 2.3, ""4983"": 2.7, ""5844"": 31.4, ""5848"": 0.0, ""5849"": 11.48, ""5859"": 0.0, ""6865"": 0.0, ""7049"": 1.8, ""7600"": 12.2, ""7611"": 18.4, ""8132"": 12.9, ""8151"": 30.9, ""9493"": 27.7, ""9504"": 6.6}","[11.48, 30.9, 18.4, 27.7, 12.6, 7.2, 26.4, 2.7, 12.9, 2.1]"
2026-10-10T13:26:55+00:00,1370218620990263296,4,4,3,108.12,"[""5001"", ""9502"", ""11435"", ""4035"", ""11834"", ""5045"", ""12544"", ""9500"", ""9224"", ""12494"", ""9757"", ""11603"", ""12472"", ""4950"", ""12497"", ""13276"", ""6826"", ""4147"", ""9481"", ""2306"", ""6770"", ""13353"", ""12514"", ""12519"", ""8110"", ""1166"", ""8205"", ""13342"", ""1373"", ""6790"", ""5995"", ""12507"", ""11584"", ""9487""]","[""6770"", ""11584"", ""9224"", ""9500"", ""12514"", ""9487"", ""5001"", ""12519"", ""6790"", ""1166""]","{""11435"": 26.0, ""11584"": 6.1, ""11603"": 2.7, ""1166"": 26.6, ""11834"": 17.4, ""12472"": 3.6, ""12494"": 0.0, ""12497"": 7.6, ""12507"": 13.3, ""12514"": 3.3, ""12519"": 11.4, ""12544"": 0.0, ""13276"": 0.0, ""13342"": 0.0, ""13353"": 0.0, ""1373"": 10.76, ""2306"": 24.0, ""4035"": 22.8, ""4147"": 0.7, ""4950"": 0.0, ""5001"": 3.9, ""5045"": 1.4, ""5995"": 4.5, ""6770"": 24.72, ""6790"": 6.4, ""6826"": 4.3, ""8110"": 5.6, ""8205"": 0.0, ""9224"": 19.1, ""9481"": 0.0, ""9487"": 2.0, ""9500"": 4.6, ""9502"": 0.0, ""9757"": 0.9}","[24.72, 6.1, 19.1, 4.6, 3.3, 2.0, 3.9, 11.4, 6.4, 26.6]"
2026-10-10T13:26:55+00:00,1370218620990263296,4,3,4,188.22,"[""12505"", ""13322"", ""13306"", ""8800"", ""8127"", ""13402"", ""9230"", ""12521"", ""3161"", ""8150"", ""12498"", ""11646"", ""12534"", ""12526"", ""12512"", ""9229"", ""4177"", ""13285"", ""13307"", ""13401"", ""11586"", ""4892"", ""9486"", ""1737"", ""13964"", ""12524"", ""13347"", ""11635"", ""9488"", ""10222"", ""4943"", ""8136"", ""12517"", ""13302""]","[""4943"", ""12512"", ""8150"", ""9488"", ""9486"", ""12526"", ""12517"", ""12534"", ""4177"", ""11635""]","{""10222"": 0.0, ""11586"": 3.1, ""11635"": 0.0, ""11646"": 0.0, ""12498"": 0.0, ""12505"": 0.0, ""12512"": 21.6, ""12517"": 14.7, ""12521"": 0.0, ""12524"": 0.0, ""12526"": 44.2, ""12534"": 28.0, ""13285"": 13.2, ""13302"": 0.0, ""13306"": 0.0, ""13307"": 0.0, ""13322"": 2.3, ""13347"": 1.2, ""13401"": 0.0, ""13402"": 0.0, ""13964"": 0.0, ""1737"": 0.0, ""3161"": 0.0, ""4177"": 8.3, ""4892"": 0.0, ""4943"": 17.32, ""8127"": 0.0, ""8136"": 0.0, ""8150"": 36.7, ""8800"": 0.0, ""9229"": 0.0, ""9230"": 0.0, ""9486"": 4.8, ""9488"": 12.6}","[17.32, 21.6, 36.7, 12.6, 4.8, 44.2, 14.7, 28.0, 8.3, 0.0]"
2026-10-10T13:26:55+00:00,1370218620990263296,4,1,5,146.4,"[""11575"", ""11577"", ""11625"", ""12493"", ""12499"", ""12531"", ""12540"", ""13335"", ""13405"", ""3214"", ""4984"", ""5947"", ""6783"", ""6828"", ""7090"", ""7525"", ""7543"", ""7567"", ""7594"", ""7670"", ""8131"", ""8137"", ""8167"", ""8676"", ""9226"", ""9479"", ""9753"", ""9758""]","[""4984"", ""7594"", ""7567"", ""8137"", ""8167"", ""8676"", ""8131"", ""5947"", ""12493"", ""9758""]","{""11575"": 1.7, ""11577"": 2.3, ""11625"": 0.0, ""12493"": 11.3, ""12499"": 3.2, ""12531"": 0.0, ""12540"": 2.5, ""13335"": 0.0, ""13405"": 0.1, ""3214"": 13.7, ""4984"": 19.52, ""5947"": 6.3, ""6783"": 6.6, ""6828"": 1.7, ""7090"": 0.0, ""7525"": 0.0, ""7543"": 0.0, ""7567"": 10.7, ""7594"": 25.9, ""7670"": 1.3, ""8131"": 17.1, ""8137"": 9.5, ""8167"": 7.7, ""8676"": 11.3, ""9226"": 0.0, ""9479"": 13.2, ""9753"": 0.0, ""9758"": 27.08}","[19.52, 25.9, 10.7, 9.5, 7.7, 11.3, 17.1, 6.3, 11.3, 27.08]"
2026-10-10T13:26:55+00:00,1370218620990263296,4,6,6,161.82,"[""11559"", ""11564"", ""11576"", ""11783"", ""12489"", ""12506"", ""12510"", ""12529"", ""13289"", ""13296"", ""13300"", ""13314"", ""13337"", ""13349"", ""13411"", ""13414"", ""13417"", ""13420"", ""13424"", ""3286"", ""4039"", ""6797"", ""7553"", ""7569"", ""7571"", ""8134"", ""8142"", ""8148"", ""8155"", ""8172"", ""9228""]","[""11564"", ""11576"", ""12489"", ""7569"", ""8148"", ""7571"", ""12506"", ""12529"", ""7553"", ""9228""]","{""11559"": 14.72, ""11564"": 29.16, ""11576"": 8.7, ""11783"": 7.7, ""12489"": 18.3, ""12506"": 13.2, ""12510"": 0.0, ""12529"": 4.2, ""13289"": 0.0, ""13296"": 0.0, ""13300"": 0.0, ""13314"": 0.0, ""13337"": 2.0, ""13349"": 0.0, ""13411"": 0.0, ""13414"": 1.3, ""13417"": 0.0, ""13420"": 1.7, ""13424"": 4.8, ""3286"": 0.0, ""4039"": 2.3, ""6797"": 10.56, ""7553"": 9.2, ""7569"": 30.8, ""7571"": 6.6, ""8134"": 12.2, ""8142"": 0.0, ""8148"": 16.2, ""8155"": 0.0, ""8172"": 0.0, ""9228"": 25.46}","[29.16, 8.7, 18.3, 30.8, 16.2, 6.6, 13.2, 4.2, 9.2, 25.46]"
2026-10-10T13:26:55+00:00,1370218620990263296,4,3,7,180.66,"[""10232"", ""11565"", ""11597"", ""11620"", ""11627"", ""11638"", ""11647"", ""12509"", ""12547"", ""13274"", ""13308"", ""13333"", ""13348"", ""13350"", ""13380"", ""13404"", ""13422"", ""3163"", ""4034"", ""4881"", ""5012"", ""6813"", ""7021"", ""7528"", ""8130"", ""8408"", ""9506"", ""9756"", ""9997""]","[""4881"", ""6813"", ""4034"", ""9997"", ""10232"", ""9756"", ""8130"", ""11620"", ""5012"", ""3163""]","{""10232"": 16.5, ""11565"": 0.0, ""11597"": 8.6, ""11620"": 15.4, ""11627"": 0.0, ""11638"": 0.0, ""11647"": 11.6, ""12509"": 9.0, ""12547"": 0.0, ""13274"": 3.1, ""13308"": 0.0, ""13333"": 1.6, ""13348"": 0.0, ""13350"": 0.0, ""13380"": 0.0, ""13404"": 0.0, ""13422"": 0.0, ""3163"": 22.48, ""4034"": 16.0, ""4881"": 22.88, ""5012"": 16.2, ""6813"": 22.7, ""7021"": 0.0, ""7528"": 2.0, ""8130"": 13.6, ""8408"": 0.0, ""9506"": 7.0, ""9756"": 9.1, ""9997"": 25.8}","[22.88, 22.7, 16.0, 25.8, 16.5, 9.1, 13.6, 15.4, 16.2, 22.48]"
2026-10-10T13:26:55+00:00,1370218620990263296,4,4,8,174.9,"[""10213"", ""10229"", ""11563"", ""11632"", ""12455"", ""12471"", ""12474"", ""12476"", ""12492"", ""12501"", ""12530"", ""12545"", ""13477"", ""1479"", ""3271"", ""4199"", ""4217"", ""4993"", ""6803"", ""7588"", ""7828"", ""8111"", ""8121"", ""8138"", ""8144"", ""8154"", ""8161"", ""8180"", ""8698"", ""9509""]","[""11563"", ""8138"", ""9509"", ""8144"", ""12501"", ""10229"", ""4217"", ""7588"", ""4199"", ""12545""]","{""10213"": 8.4, ""10229"": 0.0, ""11563"": 15.56, ""11632"": 23.2, ""12455"": 0.0, ""12471"": 0.0, ""12474"": 8.2, ""12476"": 0.0, ""12492"": 7.7, ""12501"": 11.7, ""12530"": 0.0, ""12545"": 17.94, ""13477"": 0.0, ""1479"": 0.0, ""3271"": 14.2, ""4199"": 15.8, ""4217"": 19.0, ""4993"": 14.5, ""6803"": 0.0, ""7588"": 31.3, ""7828"": 4.7, ""8111"": 9.7, ""8121"": 23.8, ""8138"": 16.3, ""8144"": 19.6, ""8154"": 25.7, ""8161"": 1.5, ""8180"": 0.0, ""8698"": 0.0, ""9509"": 27.7}","[15.56, 16.3, 27.7, 19.6, 11.7, 0.0, 19.0, 31.3, 15.8, 17.94]"
2026-10-10T13:26:55+00:00,1370218620990263296,4,1,9,123.8,"[""10444"", ""11256"", ""11557"", ""11560"", ""11600"", ""11628"", ""11631"", ""12467"", ""12483"", ""12485"", ""12502"", ""12518"", ""12533"", ""12541"", ""13268"", ""13286"", ""13288"", ""13418"", ""3321"", ""5846"", ""5854"", ""5967"", ""6806"", ""7523"", ""7527"", ""7547"", ""8126"", ""8228"", ""9508"", ""9511""]","[""7523"", ""8228"", ""12533"", ""7547"", ""11631"", ""5846"", ""12518"", ""8126"", ""5967"", ""11256""]","{""10444"": 0.0, ""11256"": 8.82, ""11557"": 0.0, ""11560"": 0.0, ""11600"": 0.0, ""11628"": 8.2, ""11631"": 9.7, ""12467"": 0.0, ""12483"": 0.0, ""12485"": 4.7, ""12502"": 4.0, ""12518"": 11.6, ""12533"": 7.0, ""12541"": 0.0, ""13268"": 2.3, ""13286"": 0.0, ""13288"": 0.2, ""13418"": 0.0, ""3321"": 0.0, ""5846"": 16.5, ""5854"": 0.0, ""5967"": 13.0, ""6806"": 7.2, ""7523"": 15.08, ""7527"": 0.0, ""7547"": 15.5, ""8126"": 11.0, ""8228"": 15.6, ""9508"": 1.6, ""9511"": 11.3}","[15.08, 15.6, 7.0, 15.5, 9.7, 16.5, 11.6, 11.0, 13.0, 8.82]"
2026-10-10T13:26:55+00:00,1370218620990263296,4,6,10,105.4,"[""10235"", ""10236"", ""11199"", ""11608"", ""12457"", ""12469"", ""12481"", ""12495"", ""12527"", ""13294"", ""13298"", ""13301"", ""13319"", ""13329"", ""13408"", ""13421"", ""19"", ""2307"", ""2449"", ""421"", ""4454"", ""5870"", ""6149"", ""6819"", ""6931"", ""7585"", ""8112"", ""8146"", ""8183"", ""8210"", ""9482""]","[""8183"", ""12527"", ""12481"", ""8112"", ""8146"", ""2449"", ""10236"", ""13298"", ""8210"", ""421""]","{""10235"": 3.3, ""10236"": 2.2, ""11199"": 0.0, ""11608"": 15.3, ""12457"": 0.0, ""12469"": 0.0, ""12481"": 7.6, ""12495"": 18.0, ""12527"": 18.6, ""13294"": 5.7, ""13298"": 11.4, ""13301"": 5.1, ""13319"": 0.0, ""13329"": 0.0, ""13408"": 0.0, ""13421"": 2.7, ""19"": 0.0, ""2307"": 5.34, ""2449"": 8.5, ""421"": 9.68, ""4454"": 0.0, ""5870"": 6.92, ""6149"": 0.0, ""6819"": 3.5, ""6931"": 2.0, ""7585"": 0.0, ""8112"": 14.6, ""8146"": 5.7, ""8183"": 23.62, ""8210"": 3.5, ""9482"": 20.2}","[23.62, 18.6, 7.6, 14.6, 5.7, 8.5, 2.2, 11.4, 3.5, 9.68]"
2026-10-10T13:26:55+00:00,1370218620990263296,4,5,11,112.3,"[""10857"", ""11370"", ""11581"", ""11583"", ""11610"", ""12048"", ""12487"", ""12490"", ""12536"", ""13270"", ""13282"", ""13305"", ""13311"", ""13320"", ""13324"", ""1339"", ""13413"", ""3198"", ""3257"", ""3634"", ""4017"", ""5022"", ""5850"", ""5927"", ""6794"", ""6804"", ""6904"", ""7564"", ""9484"", ""9754""]","[""6904"", ""12490"", ""3198"", ""7564"", ""11610"", ""3634"", ""9484"", ""11581"", ""12048"", ""6804""]","{""10857"": 0.0, ""11370"": 4.5, ""11581"": 8.9, ""11583"": 0.0, ""11610"": 12.0, ""12048"": 3.0, ""12487"": 0.0, ""12490"": 11.1, ""12536"": 11.9, ""13270"": 0.0, ""13282"": 0.0, ""13305"": 2.7, ""13311"": 0.0, ""13320"": 3.0, ""13324"": 6.4, ""1339"": 4.3, ""13413"": 0.0, ""3198"": 15.9, ""3257"": 14.44, ""3634"": 2.6, ""4017"": 12.92, ""5022"": 0.0, ""5850"": 0.0, ""5927"": 0.0, ""6794"": 0.0, ""6804"": 17.08, ""6904"": 16.52, ""7564"": 5.7, ""9484"": 19.5, ""9754"": 5.0}","[16.52, 11.1, 15.9, 5.7, 12.0, 2.6, 19.5, 8.9, 3.0, 17.08]"
2026-10-10T13:26:55+00:00,1370218620990263296,4,2,12,166.0,"[""10218"", ""11596"", ""11637"", ""11643"", ""11729"", ""12484"", ""12503"", ""12504"", ""12535"", ""13299"", ""1466"", ""3294"", ""4037"", ""4046"", ""4866"", ""5872"", ""5892"", ""6039"", ""6768"", ""6786"", ""6801"", ""7002"", ""7526"", ""7591"", ""8162"", ""8188"", ""8207"", ""9221"", ""9225"", ""9480"", ""9501""]","[""3294"", ""9221"", ""5892"", ""6786"", ""6801"", ""7526"", ""1466"", ""7002"", ""4866"", ""4046""]","{""10218"": 7.6, ""11596"": 0.0, ""11637"": 23.6, ""11643"": 0.7, ""11729"": 2.7, ""12484"": 0.0, ""12503"": 1.2, ""12504"": 1.2, ""12535"": 13.5, ""13299"": 3.0, ""1466"": 4.5, ""3294"": 20.1, ""4037"": 9.1, ""4046"": 21.0, ""4866"": 1.0, ""5872"": 17.0, ""5892"": 4.3, ""6039"": 3.2, ""6768"": 0.0, ""6786"": 41.3, ""6801"": 26.7, ""7002"": 14.9, ""7526"": 14.5, ""7591"": 0.0, ""8162"": 0.0, ""8188"": 28.1, ""8207"": 1.2, ""9221"": 17.7, ""9225"": 5.5, ""9480"": 19.0, ""9501"": 3.5}","[20.1, 17.7, 4.3, 41.3, 26.7, 14.5, 4.5, 14.9, 1.0, 21.0]"
2026-10-10T13:26:55+00:00,1370218620990263296,5,2,1,0.0,"[""11566"", ""11604"", ""13317"", ""2505"", ""13434"", ""13278"", ""8168"", ""13293"", ""13345"", ""13346"", ""13425"", ""13533"", ""13303"", ""13281"", ""12718"", ""13269"", ""13275"", ""13394"", ""11624"", ""12511"", ""13287"", ""13279"", ""9494"", ""11655"", ""10219"", ""13392"", ""13423"", ""11630"", ""13330"", ""96"", ""11618"", ""6130"", ""13400"", ""11571"", ""8119""]","[""11566"", ""13287"", ""11571"", ""13279"", ""13346"", ""13317"", ""11604"", ""11630"", ""13330"", ""96""]","{""10219"": 0.0, ""11566"": 0.0, ""11571"": 0.0, ""11604"": 0.0, ""11618"": 0.0, ""11624"": 0.0, ""11630"": 0.0, ""11655"": 0.0, ""12511"": 0.0, ""12718"": 0.0, ""13269"": 0.0, ""13275"": 0.0, ""13278"": 0.0, ""13279"": 0.0, ""13281"": 0.0, ""13287"": 0.0, ""13293"": 0.0, ""13303"": 0.0, ""13317"": 0.0, ""13330"": 0.0, ""13345"": 0.0, ""13346"": 0.0, ""13392"": 0.0, ""13394"": 0.0, ""13400"": 0.0, ""13423"": 0.0, ""13425"": 15.86, ""13434"": 0.0, ""13533"": 0.0, ""2505"": 0.0, ""6130"": 0.0, ""8119"": 0.0, ""8168"": 0.0, ""9494"": 0.0, ""96"": 0.0}","[0.0, 0.0, 0.0, 0.0, 0.0, 0.0, 0.0, 0.0, 0.0, 0.0]"
2026-10-10T13:26:55+00:00,1370218620990263296,5,5,2,0.0,"[""10859"", ""11589"", ""11626"", ""12500"", ""12508"", ""12522"", ""13272"", ""13277"", ""13309"", ""13336"", ""13338"", ""13355"", ""2133"", ""2216"", ""4033"", ""4066"", ""4137"", ""4981"", ""4983"", ""5844"", ""5848"", ""5849"", ""5859"", ""6865"", ""7049"", ""7600"", ""7611"", ""8132"", ""8151"", ""9493"", ""9504""]","[""5849"", ""8132"", ""7611"", ""9493"", ""2216"", ""2133"", ""10859"", ""4983"", ""5844"", ""4066""]","{""10859"": 0.0, ""11589"": 0.0, ""11626"": 0.0, ""12500"": 0.0, ""12508"": 0.0, ""12522"": 0.0, ""13272"": 0.0, ""13277"": 0.0, ""13309"": 0.0, ""13336"": 0.0, ""13338"": 0.0, ""13355"": 0.0, ""2133"": 0.0, ""2216"": 0.0, ""4033"": 0.0, ""4066"": 0.0, ""4137"": 0.0, ""4981"": 0.0, ""4983"": 0.0, ""5844"": 0.0, ""5848"": 0.0, ""5849"": 0.0, ""5859"": 0.0, ""6865"": 0.0, ""7049"": 0.0, ""7600"": 0.0, ""7611"": 0.0, ""8132"": 0.0, ""8151"": 0.0, ""9493"": 0.0, ""9504"": 0.0}","[0.0, 0.0, 0.0, 0.0, 0.0, 0.0, 0.0, 0.0, 0.0, 0.0]"
2026-10-10T13:26:55+00:00,1370218620990263296,5,4,3,48.7,"[""5001"", ""9502"", ""11435"", ""4035"", ""11834"", ""5045"", ""12544"", ""9500"", ""9224"", ""12494"", ""9757"", ""11603"", ""12472"", ""4950"", ""12497"", ""13276"", ""6826"", ""4147"", ""9481"", ""2306"", ""6770"", ""13353"", ""12514"", ""12519"", ""8110"", ""1166"", ""8205"", ""13342"", ""1373"", ""6790"", ""5995"", ""12507"", ""11584"", ""9487""]","[""6770"", ""11584"", ""9224"", ""12519"", ""12514"", ""9487"", ""5001"", ""11435"", ""12507"", ""1166""]","{""11435"": 0.0, ""11584"": 31.5, ""11603"": 0.0, ""1166"": 0.0, ""11834"": 0.0, ""12472"": 0.0, ""12494"": 0.0, ""12497"": 0.0, ""12507"": 0.0, ""12514"": 17.2, ""12519"": 0.0, ""12544"": 0.0, ""13276"": 0.0, ""13342"": 0.0, ""13353"": 0.0, ""1373"": 0.0, ""2306"": 0.0, ""4035"": 0.0, ""4147"": 0.0, ""4950"": 0.0, ""5001"": 0.0, ""5045"": 0.0, ""5995"": 0.0, ""6770"": 0.0, ""6790"": 0.0, ""6826"": 0.0, ""8110"": 6.4, ""8205"": 0.0, ""9224"": 0.0, ""9481"": 0.0, ""9487"": 0.0, ""9500"": 0.0, ""9502"": 0.0, ""9757"": 0.0}","[0.0, 31.5, 0.0, 0.0, 17.2, 0.0, 0.0, 0.0, 0.0, 0.0]"
2026-10-10T13:26:55+00:00,1370218620990263296,5,4,4,0.0,"[""12505"", ""13322"", ""13306"", ""8800"", ""8127"", ""13402"", ""9230"", ""12521"", ""3161"", ""8150"", ""12498"", ""11646"", ""12534"", ""12526"", ""12512"", ""9229"", ""4177"", ""13285"", ""13307"", ""13401"", ""11586"", ""7083"", ""4892"", ""9486"", ""13964"", ""12524"", ""13347"", ""11635"", ""9488"", ""10222"", ""4943"", ""8136"", ""12517"", ""13302""]","[""4943"", ""12512"", ""8150"", ""9488"", ""9486"", ""13285"", ""12517"", ""11586"", ""11635"", ""7083""]","{""10222"": 0.0, ""11586"": 0.0, ""11635"": 0.0, ""11646"": 0.0, ""12498"": 0.0, ""12505"": 0.0, ""12512"": 0.0, ""12517"": 0.0, ""12521"": 0.0, ""12524"": 0.0, ""12526"": 0.0, ""12534"": 0.0, ""13285"": 0.0, ""13302"": 0.0, ""13306"": 0.0, ""13307"": 0.0, ""13322"": 0.0, ""13347"": 0.0, ""13401"": 0.0, ""13402"": 0.0, ""13964"": 0.0, ""3161"": 0.0, ""4177"": 0.0, ""4892"": 0.0, ""4943"": 0.0, ""7083"": 0.0, ""8127"": 0.0, ""8136"": 0.0, ""8150"": 0.0, ""8800"": 0.0, ""9229"": 0.0, ""9230"": 0.0, ""9486"": 0.0, ""9488"": 0.0}","[0.0, 0.0, 0.0, 0.0, 0.0, 0.0, 0.0, 0.0, 0.0, 0.0]"
2026-10-10T13:26:55+00:00,1370218620990263296,5,2,5,33.8,"[""11575"", ""11577"", ""11625"", ""12493"", ""12499"", ""12531"", ""12540"", ""13335"", ""13405"", ""3214"", ""4663"", ""4984"", ""5947"", ""6012"", ""6783"", ""6828"", ""7090"", ""7525"", ""7543"", ""7567"", ""7594"", ""7670"", ""8131"", ""8137"", ""8167"", ""8676"", ""9226"", ""9479"", ""9753"", ""9758""]","[""4984"", ""11577"", ""7567"", ""8137"", ""8167"", ""7525"", ""8131"", ""5947"", ""3214"", ""9758""]","{""11575"": 0.0, ""11577"": 0.0, ""11625"": 0.0, ""12493"": 0.0, ""12499"": 0.0, ""12531"": 0.0, ""12540"": 0.0, ""13335"": 0.0, ""13405"": 0.0, ""3214"": 0.0, ""4663"": 0.0, ""4984"": 0.0, ""5947"": 0.0, ""6012"": 0.0, ""6783"": 0.0, ""6828"": 0.0, ""7090"": 0.0, ""7525"": 0.0, ""7543"": 0.0, ""7567"": 5.8, ""7594"": 0.0, ""7670"": 0.0, ""8131"": 0.0, ""8137"": 28.0, ""8167"": 0.0, ""8676"": 0.0, ""9226"": 0.0, ""9479"": 0.0, ""9753"": 0.0, ""9758"": 0.0}","[0.0, 0.0, 5.8, 28.0, 0.0, 0.0, 0.0, 0.0, 0.0, 0.0]"
2026-10-10T13:26:55+00:00,1370218620990263296,5,5,6,12.0,"[""11559"", ""11564"", ""11576"", ""11783"", ""12489"", ""12506"", ""12510"", ""12529"", ""13289"", ""13296"", ""13300"", ""13314"", ""13337"", ""13349"", ""13411"", ""13414"", ""13417"", ""13420"", ""13424"", ""3286"", ""4039"", ""6797"", ""7553"", ""7569"", ""7571"", ""8134"", ""8142"", ""8148"", ""8155"", ""8172"", ""9228""]","[""11564"", ""11576"", ""12489"", ""7569"", ""8148"", ""11783"", ""12506"", ""12529"", ""8134"", ""11559""]","{""11559"": 0.0, ""11564"": 0.0, ""11576"": 0.0, ""11783"": 12.0, ""12489"": 0.0, ""12506"": 0.0, ""12510"": 0.0, ""12529"": 0.0, ""13289"": 0.0, ""13296"": 0.0, ""13300"": 0.0, ""13314"": 0.0, ""13337"": 0.0, ""13349"": 0.0, ""13411"": 0.0, ""13414"": 0.0, ""13417"": 0.0, ""13420"": 0.0, ""13424"": 0.0, ""3286"": 0.0, ""4039"": 0.0, ""6797"": 0.0, ""7553"": 0.0, ""7569"": 0.0, ""7571"": 0.0, ""8134"": 0.0, ""8142"": 0.0, ""8148"": 0.0, ""8155"": 0.0, ""8172"": 0.0, ""9228"": 0.0}","[0.0, 0.0, 0.0, 0.0, 0.0, 12.0, 0.0, 0.0, 0.0, 0.0]"
2026-10-10T13:26:55+00:00,1370218620990263296,5,3,7,0.0,"[""10232"", ""11565"", ""11597"", ""11620"", ""11627"", ""11638"", ""11647"", ""12509"", ""12547"", ""13274"", ""13308"", ""13333"", ""13348"", ""13350"", ""13380"", ""13404"", ""13422"", ""3163"", ""4034"", ""4881"", ""5012"", ""6813"", ""7021"", ""7528"", ""8130"", ""8408"", ""9506"", ""9756"", ""9997""]","[""3163"", ""6813"", ""4034"", ""9997"", ""10232"", ""11620"", ""8130"", ""9756"", ""5012"", ""7021""]","{""10232"": 0.0, ""11565"": 0.0, ""11597"": 0.0, ""11620"": 0.0, ""11627"": 0.0, ""11638"": 0.0, ""11647"": 0.0, ""12509"": 0.0, ""12547"": 0.0, ""13274"": 0.0, ""13308"": 0.0, ""13333"": 0.0, ""13348"": 0.0, ""13350"": 0.0, ""13380"": 0.0, ""13404"": 0.0, ""13422"": 0.0, ""3163"": 0.0, ""4034"": 0.0, ""4881"": 0.0, ""5012"": 0.0, ""6813"": 0.0, ""7021"": 0.0, ""7528"": 0.0, ""8130"": 0.0, ""8408"": 0.0, ""9506"": 1.8, ""9756"": 0.0, ""9997"": 0.0}","[0.0, 0.0, 0.0, 0.0, 0.0, 0.0, 0.0, 0.0, 0.0, 0.0]"
2026-10-10T13:26:55+00:00,1370218620990263296,5,3,8,14.2,"[""10213"", ""10229"", ""11563"", ""11632"", ""12455"", ""12471"", ""12474"", ""12476"", ""12492"", ""12501"", ""12530"", ""12545"", ""13477"", ""1479"", ""3271"", ""4018"", ""4199"", ""4217"", ""4993"", ""6803"", ""7588"", ""7828"", ""8111"", ""8121"", ""8138"", ""8144"", ""8154"", ""8161"", ""8180"", ""8698"", ""9509""]","[""11563"", ""8138"", ""9509"", ""8144"", ""12501"", ""11632"", ""4217"", ""7588"", ""4199"", ""12545""]","{""10213"": 0.0, ""10229"": 0.0, ""11563"": 0.0, ""11632"": 0.0, ""12455"": 0.0, ""12471"": 0.0, ""12474"": 0.0, ""12476"": 0.0, ""12492"": 0.0, ""12501"": 0.0, ""12530"": 0.0, ""12545"": 0.0, ""13477"": 0.0, ""1479"": 0.0, ""3271"": 0.0, ""4018"": 0.0, ""4199"": 0.0, ""4217"": 0.0, ""4993"": 0.0, ""6803"": 0.0, ""7588"": 14.2, ""7828"": 0.0, ""8111"": 7.0, ""8121"": 0.0, ""8138"": 0.0, ""8144"": 0.0, ""8154"": 0.0, ""8161"": 0.0, ""8180"": 0.0, ""8698"": 0.0, ""9509"": 0.0}","[0.0, 0.0, 0.0, 0.0, 0.0, 0.0, 0.0, 14.2, 0.0, 0.0]"
2026-10-10T13:26:55+00:00,1370218620990263296,5,1,9,0.0,"[""10444"", ""11256"", ""11557"", ""11560"", ""11600"", ""11628"", ""11631"", ""12467"", ""12483"", ""12485"", ""12502"", ""12518"", ""12533"", ""12541"", ""13268"", ""13286"", ""13288"", ""13418"", ""3321"", ""5846"", ""5854"", ""5967"", ""6806"", ""7523"", ""7527"", ""7547"", ""8126"", ""8228"", ""9508"", ""9511""]","[""7523"", ""8228"", ""12533"", ""7547"", ""11631"", ""5846"", ""12518"", ""8126"", ""5967"", ""11256""]","{""10444"": 0.0, ""11256"": 0.0, ""11557"": 0.0, ""11560"": 0.0, ""11600"": 0.0, ""11628"": 0.0, ""11631"": 0.0, ""12467"": 0.0, ""12483"": 0.0, ""12485"": 7.4, ""12502"": 0.0, ""12518"": 0.0, ""12533"": 0.0, ""12541"": 0.0, ""13268"": 0.0, ""13286"": 0.0, ""13288"": 0.0, ""13418"": 0.0, ""3321"": 0.0, ""5846"": 0.0, ""5854"": 0.0, ""5967"": 0.0, ""6806"": 0.0, ""7523"": 0.0, ""7527"": 0.0, ""7547"": 0.0, ""8126"": 0.0, ""8228"": 0.0, ""9508"": 0.0, ""9511"": 0.0}","[0.0, 0.0, 0.0, 0.0, 0.0, 0.0, 0.0, 0.0, 0.0, 0.0]"
2026-10-10T13:26:55+00:00,1370218620990263296,5,6,10,0.0,"[""10235"", ""10236"", ""11199"", ""11608"", ""12457"", ""12469"", ""12481"", ""12495"", ""12527"", ""13294"", ""13298"", ""13301"", ""13319"", ""13329"", ""13408"", ""13421"", ""13557"", ""19"", ""2307"", ""2449"", ""421"", ""4454"", ""5870"", ""6149"", ""6819"", ""6931"", ""7585"", ""8112"", ""8146"", ""8183"", ""8210"", ""9482""]","[""8183"", ""12527"", ""12481"", ""8112"", ""8146"", ""13298"", ""10236"", ""9482"", ""12495"", ""421""]","{""10235"": 0.0, ""10236"": 0.0, ""11199"": 0.0, ""11608"": 0.0, ""12457"": 0.0, ""12469"": 0.0, ""12481"": 0.0, ""12495"": 0.0, ""12527"": 0.0, ""13294"": 0.0, ""13298"": 0.0, ""13301"": 0.0, ""13319"": 0.0, ""13329"": 0.0, ""13408"": 0.0, ""13421"": 0.0, ""13557"": 0.0, ""19"": 0.0, ""2307"": 0.0, ""2449"": 0.0, ""421"": 0.0, ""4454"": 0.0, ""5870"": 0.0, ""6149"": 0.0, ""6819"": 0.0, ""6931"": 0.0, ""7585"": 0.0, ""8112"": 0.0, ""8146"": 0.0, ""8183"": 0.0, ""8210"": 0.0, ""9482"": 0.0}","[0.0, 0.0, 0.0, 0.0, 0.0, 0.0, 0.0, 0.0, 0.0, 0.0]"
2026-10-10T13:26:55+00:00,1370218620990263296,5,6,11,0.0,"[""10857"", ""11370"", ""11581"", ""11583"", ""11610"", ""12048"", ""12487"", ""12490"", ""12536"", ""13270"", ""13282"", ""13305"", ""13311"", ""13320"", ""13324"", ""1339"", ""13413"", ""3198"", ""3257"", ""3634"", ""4017"", ""5022"", ""5850"", ""5927"", ""6794"", ""6804"", ""6904"", ""7564"", ""9484"", ""9754""]","[""6904"", ""12490"", ""3198"", ""7564"", ""11610"", ""6794"", ""9484"", ""5022"", ""5927"", ""6804""]","{""10857"": 0.0, ""11370"": 0.0, ""11581"": 0.0, ""11583"": 0.0, ""11610"": 0.0, ""12048"": 0.0, ""12487"": 0.0, ""12490"": 0.0, ""12536"": 0.0, ""13270"": 0.0, ""13282"": 0.0, ""13305"": 0.0, ""13311"": 0.0, ""13320"": 0.0, ""13324"": 0.0, ""1339"": 0.0, ""13413"": 0.0, ""3198"": 0.0, ""3257"": 0.0, ""3634"": 0.0, ""4017"": 0.0, ""5022"": 0.0, ""5850"": 0.0, ""5927"": 0.0, ""6794"": 0.0, ""6804"": 0.0, ""6904"": 0.0, ""7564"": 0.0, ""9484"": 0.0, ""9754"": 0.0}","[0.0, 0.0, 0.0, 0.0, 0.0, 0.0, 0.0, 0.0, 0.0, 0.0]"
2026-10-10T13:26:55+00:00,1370218620990263296,5,1,12,24.54,"[""10218"", ""11596"", ""11637"", ""11643"", ""11729"", ""12484"", ""12504"", ""12535"", ""13264"", ""13299"", ""1466"", ""3294"", ""4037"", ""4046"", ""4866"", ""5872"", ""5892"", ""6039"", ""6768"", ""6786"", ""6801"", ""7002"", ""7039"", ""7526"", ""7591"", ""8162"", ""8188"", ""8207"", ""9221"", ""9225"", ""9480"", ""9501""]","[""3294"", ""9221"", ""5892"", ""6786"", ""6801"", ""4037"", ""9480"", ""11637"", ""7526"", ""7002""]","{""10218"": 0.0, ""11596"": 0.0, ""11637"": 0.0, ""11643"": 0.0, ""11729"": 0.0, ""12484"": 0.0, ""12504"": 0.0, ""12535"": 0.0, ""13264"": 0.0, ""13299"": 0.0, ""1466"": 0.0, ""3294"": 14.64, ""4037"": 7.0, ""4046"": 0.0, ""4866"": 0.0, ""5872"": 0.0, ""5892"": 0.0, ""6039"": 0.0, ""6768"": 0.0, ""6786"": 2.9, ""6801"": 0.0, ""7002"": 0.0, ""7039"": 0.0, ""7526"": 0.0, ""7591"": 0.0, ""8162"": 0.0, ""8188"": 0.0, ""8207"": 0.0, ""9221"": 0.0, ""9225"": 0.0, ""9480"": 0.0, ""9501"": 0.0}","[14.64, 0.0, 0.0, 2.9, 0.0, 7.0, 0.0, 0.0, 0.0, 0.0]"
2026-10-10T13:26:55+00:00,1370218620990263296,6,2,1,0.0,"[""11566"", ""11604"", ""13317"", ""2505"", ""13434"", ""13278"", ""8168"", ""13293"", ""13345"", ""13346"", ""13425"", ""13533"", ""13303"", ""13281"", ""12718"", ""13269"", ""13275"", ""13394"", ""11624"", ""12511"", ""13287"", ""13279"", ""9494"", ""11655"", ""10219"", ""13392"", ""13423"", ""11630"", ""13330"", ""96"", ""11618"", ""6130"", ""13400"", ""11571"", ""8119""]","[""11566"", ""13287"", ""11571"", ""13279"", ""13346"", ""13317"", ""11604"", ""11630"", ""13330"", ""96""]","{""10219"": 0.0, ""11566"": 0.0, ""11571"": 0.0, ""11604"": 0.0, ""11618"": 0.0, ""11624"": 0.0, ""11630"": 0.0, ""11655"": 0.0, ""12511"": 0.0, ""12718"": 0.0, ""13269"": 0.0, ""13275"": 0.0, ""13278"": 0.0, ""13279"": 0.0, ""13281"": 0.0, ""13287"": 0.0, ""13293"": 0.0, ""13303"": 0.0, ""13317"": 0.0, ""13330"": 0.0, ""13345"": 0.0, ""13346"": 0.0, ""13392"": 0.0, ""13394"": 0.0, ""13400"": 0.0, ""13423"": 0.0, ""13425"": 0.0, ""13434"": 0.0, ""13533"": 0.0, ""2505"": 0.0, ""6130"": 0.0, ""8119"": 0.0, ""8168"": 0.0, ""9494"": 0.0, ""96"": 0.0}","[0.0, 0.0, 0.0, 0.0, 0.0, 0.0, 0.0, 0.0, 0.0, 0.0]"
2026-10-10T13:26:55+00:00,1370218620990263296,6,1,2,0.0,"[""10859"", ""11589"", ""11626"", ""12500"", ""12508"", ""12522"", ""13272"", ""13277"", ""13309"", ""13336"", ""13338"", ""13355"", ""2133"", ""2216"", ""4033"", ""4066"", ""4137"", ""4981"", ""4983"", ""5844"", ""5848"", ""5849"", ""5859"", ""6865"", ""7049"", ""7600"", ""7611"", ""8132"", ""8151"", ""9493"", ""9504""]","[""5849"", ""8132"", ""7611"", ""9493"", ""2216"", ""2133"", ""10859"", ""4983"", ""5844"", ""4066""]","{""10859"": 0.0, ""11589"": 0.0, ""11626"": 0.0, ""12500"": 0.0, ""12508"": 0.0, ""12522"": 0.0, ""13272"": 0.0, ""13277"": 0.0, ""13309"": 0.0, ""13336"": 0.0, ""13338"": 0.0, ""13355"": 0.0, ""2133"": 0.0, ""2216"": 0.0, ""4033"": 0.0, ""4066"": 0.0, ""4137"": 0.0, ""4981"": 0.0, ""4983"": 0.0, ""5844"": 0.0, ""5848"": 0.0, ""5849"": 0.0, ""5859"": 0.0, ""6865"": 0.0, ""7049"": 0.0, ""7600"": 0.0, ""7611"": 0.0, ""8132"": 0.0, ""8151"": 0.0, ""9493"": 0.0, ""9504"": 0.0}","[0.0, 0.0, 0.0, 0.0, 0.0, 0.0, 0.0, 0.0, 0.0, 0.0]"
2026-10-10T13:26:55+00:00,1370218620990263296,6,4,3,0.0,"[""5001"", ""9502"", ""11435"", ""4035"", ""11834"", ""5045"", ""12544"", ""9500"", ""9224"", ""12494"", ""9757"", ""11603"", ""12472"", ""4950"", ""12497"", ""13276"", ""6826"", ""4147"", ""9481"", ""2306"", ""6770"", ""13353"", ""12514"", ""12519"", ""8110"", ""1166"", ""8205"", ""13342"", ""1373"", ""6790"", ""5995"", ""12507"", ""11584"", ""9487""]","[""6770"", ""11584"", ""9224"", ""12519"", ""12514"", ""9487"", ""5001"", ""11435"", ""12507"", ""1166""]","{""11435"": 0.0, ""11584"": 0.0, ""11603"": 0.0, ""1166"": 0.0, ""11834"": 0.0, ""12472"": 0.0, ""12494"": 0.0, ""12497"": 0.0, ""12507"": 0.0, ""12514"": 0.0, ""12519"": 0.0, ""12544"": 0.0, ""13276"": 0.0, ""13342"": 0.0, ""13353"": 0.0, ""1373"": 0.0, ""2306"": 0.0, ""4035"": 0.0, ""4147"": 0.0, ""4950"": 0.0, ""5001"": 0.0, ""5045"": 0.0, ""5995"": 0.0, ""6770"": 0.0, ""6790"": 0.0, ""6826"": 0.0, ""8110"": 0.0, ""8205"": 0.0, ""9224"": 0.0, ""9481"": 0.0, ""9487"": 0.0, ""9500"": 0.0, ""9502"": 0.0, ""9757"": 0.0}","[0.0, 0.0, 0.0, 0.0, 0.0, 0.0, 0.0, 0.0, 0.0, 0.0]"
2026-10-10T13:26:55+00:00,1370218620990263296,6,5,4,0.0,"[""12505"", ""13322"", ""13306"", ""8800"", ""8127"", ""13402"", ""9230"", ""12521"", ""3161"", ""8150"", ""12498"", ""11646"", ""12534"", ""12526"", ""12512"", ""9229"", ""4177"", ""13285"", ""13307"", ""13401"", ""11586"", ""7083"", ""4892"", ""9486"", ""13964"", ""12524"", ""13347"", ""11635"", ""9488"", ""10222"", ""4943"", ""8136"", ""12517"", ""13302""]","[""4943"", ""12512"", ""8150"", ""9488"", ""9486"", ""13285"", ""12517"", ""11586"", ""11635"", ""7083""]","{""10222"": 0.0, ""11586"": 0.0, ""11635"": 0.0, ""11646"": 0.0, ""12498"": 0.0, ""12505"": 0.0, ""12512"": 0.0, ""12517"": 0.0, ""12521"": 0.0, ""12524"": 0.0, ""12526"": 0.0, ""12534"": 0.0, ""13285"": 0.0, ""13302"": 0.0, ""13306"": 0.0, ""13307"": 0.0, ""13322"": 0.0, ""13347"": 0.0, ""13401"": 0.0, ""13402"": 0.0, ""13964"": 0.0, ""3161"": 0.0, ""4177"": 0.0, ""4892"": 0.0, ""4943"": 0.0, ""7083"": 0.0, ""8127"": 0.0, ""8136"": 0.0, ""8150"": 0.0, ""8800"": 0.0, ""9229"": 0.0, ""9230"": 0.0, ""9486"": 0.0, ""9488"": 0.0}","[0.0, 0.0, 0.0, 0.0, 0.0, 0.0, 0.0, 0.0, 0.0, 0.0]"
2026-10-10T13:26:55+00:00,1370218620990263296,6,5,5,0.0,"[""11575"", ""11577"", ""11625"", ""12493"", ""12499"", ""12531"", ""12540"", ""13335"", ""13405"", ""3214"", ""4663"", ""4984"", ""5947"", ""6012"", ""6783"", ""6828"", ""7090"", ""7525"", ""7543"", ""7567"", ""7594"", ""7670"", ""8131"", ""8137"", ""8167"", ""8676"", ""9226"", ""9479"", ""9753"", ""9758""]","[""4984"", ""11577"", ""7567"", ""8137"", ""8167"", ""7525"", ""8131"", ""5947"", ""3214"", ""9758""]","{""11575"": 0.0, ""11577"": 0.0, ""11625"": 0.0, ""12493"": 0.0, ""12499"": 0.0, ""12531"": 0.0, ""12540"": 0.0, ""13335"": 0.0, ""13405"": 0.0, ""3214"": 0.0, ""4663"": 0.0, ""4984"": 0.0, ""5947"": 0.0, ""6012"": 0.0, ""6783"": 0.0, ""6828"": 0.0, ""7090"": 0.0, ""7525"": 0.0, ""7543"": 0.0, ""7567"": 0.0, ""7594"": 0.0, ""7670"": 0.0, ""8131"": 0.0, ""8137"": 0.0, ""8167"": 0.0, ""8676"": 0.0, ""9226"": 0.0, ""9479"": 0.0, ""9753"": 0.0, ""9758"": 0.0}","[0.0, 0.0, 0.0, 0.0, 0.0, 0.0, 0.0, 0.0, 0.0, 0.0]"
2026-10-10T13:26:55+00:00,1370218620990263296,6,4,6,0.0,"[""11559"", ""11564"", ""11576"", ""11783"", ""12489"", ""12506"", ""12510"", ""12529"", ""13289"", ""13296"", ""13300"", ""13314"", ""13337"", ""13349"", ""13411"", ""13414"", ""13417"", ""13420"", ""13424"", ""3286"", ""4039"", ""6797"", ""7553"", ""7569"", ""7571"", ""8134"", ""8142"", ""8148"", ""8155"", ""8172"", ""9228""]","[""11564"", ""11576"", ""12489"", ""7569"", ""8148"", ""11783"", ""12506"", ""12529"", ""8134"", ""11559""]","{""11559"": 0.0, ""11564"": 0.0, ""11576"": 0.0, ""11783"": 0.0, ""12489"": 0.0, ""12506"": 0.0, ""12510"": 0.0, ""12529"": 0.0, ""13289"": 0.0, ""13296"": 0.0, ""13300"": 0.0, ""13314"": 0.0, ""13337"": 0.0, ""13349"": 0.0, ""13411"": 0.0, ""13414"": 0.0, ""13417"": 0.0, ""13420"": 0.0, ""13424"": 0.0, ""3286"": 0.0, ""4039"": 0.0, ""6797"": 0.0, ""7553"": 0.0, ""7569"": 0.0, ""7571"": 0.0, ""8134"": 0.0, ""8142"": 0.0, ""8148"": 0.0, ""8155"": 0.0, ""8172"": 0.0, ""9228"": 0.0}","[0.0, 0.0, 0.0, 0.0, 0.0, 0.0, 0.0, 0.0, 0.0, 0.0]"
2026-10-10T13:26:55+00:00,1370218620990263296,6,3,7,0.0,"[""10232"", ""11565"", ""11597"", ""11620"", ""11627"", ""11638"", ""11647"", ""12509"", ""12547"", ""13274"", ""13308"", ""13333"", ""13348"", ""13350"", ""13380"", ""13404"", ""13422"", ""3163"", ""4034"", ""4881"", ""5012"", ""6813"", ""7021"", ""7528"", ""8130"", ""8408"", ""9506"", ""9756"", ""9997""]","[""3163"", ""6813"", ""4034"", ""9997"", ""10232"", ""11620"", ""8130"", ""9756"", ""5012"", ""7021""]","{""10232"": 0.0, ""11565"": 0.0, ""11597"": 0.0, ""11620"": 0.0, ""11627"": 0.0, ""11638"": 0.0, ""11647"": 0.0, ""12509"": 0.0, ""12547"": 0.0, ""13274"": 0.0, ""13308"": 0.0, ""13333"": 0.0, ""13348"": 0.0, ""13350"": 0.0, ""13380"": 0.0, ""13404"": 0.0, ""13422"": 0.0, ""3163"": 0.0, ""4034"": 0.0, ""4881"": 0.0, ""5012"": 0.0, ""6813"": 0.0, ""7021"": 0.0, ""7528"": 0.0, ""8130"": 0.0, ""8408"": 0.0, ""9506"": 0.0, ""9756"": 0.0, ""9997"": 0.0}","[0.0, 0.0, 0.0, 0.0, 0.0, 0.0, 0.0, 0.0, 0.0, 0.0]"
2026-10-10T13:26:55+00:00,1370218620990263296,6,6,8,0.0,"[""10213"", ""10229"", ""11563"", ""11632"", ""12455"", ""12471"", ""12474"", ""12476"", ""12492"", ""12501"", ""12530"", ""12545"", ""13477"", ""1479"", ""3271"", ""4018"", ""4199"", ""4217"", ""4993"", ""6803"", ""7588"", ""7828"", ""8111"", ""8121"", ""8138"", ""8144"", ""8154"", ""8161"", ""8180"", ""8698"", ""9509""]","[""11563"", ""8138"", ""9509"", ""8144"", ""12501"", ""11632"", ""4217"", ""7588"", ""4199"", ""12545""]","{""10213"": 0.0, ""10229"": 0.0, ""11563"": 0.0, ""11632"": 0.0, ""12455"": 0.0, ""12471"": 0.0, ""12474"": 0.0, ""12476"": 0.0, ""12492"": 0.0, ""12501"": 0.0, ""12530"": 0.0, ""12545"": 0.0, ""13477"": 0.0, ""1479"": 0.0, ""3271"": 0.0, ""4018"": 0.0, ""4199"": 0.0, ""4217"": 0.0, ""4993"": 0.0, ""6803"": 0.0, ""7588"": 0.0, ""7828"": 0.0, ""8111"": 0.0, ""8121"": 0.0, ""8138"": 0.0, ""8144"": 0.0, ""8154"": 0.0, ""8161"": 0.0, ""8180"": 0.0, ""8698"": 0.0, ""9509"": 0.0}","[0.0, 0.0, 0.0, 0.0, 0.0, 0.0, 0.0, 0.0, 0.0, 0.0]"
2026-10-10T13:26:55+00:00,1370218620990263296,6,1,9,0.0,"[""10444"", ""11256"", ""11557"", ""11560"", ""11600"", ""11628"", ""11631"", ""12467"", ""12483"", ""12485"", ""12502"", ""12518"", ""12533"", ""12541"", ""13268"", ""13286"", ""13288"", ""13418"", ""3321"", ""5846"", ""5854"", ""5967"", ""6806"", ""7523"", ""7527"", ""7547"", ""8126"", ""8228"", ""9508"", ""9511""]","[""7523"", ""8228"", ""12533"", ""7547"", ""11631"", ""5846"", ""12518"", ""8126"", ""5967"", ""11256""]","{""10444"": 0.0, ""11256"": 0.0, ""11557"": 0.0, ""11560"": 0.0, ""11600"": 0.0, ""11628"": 0.0, ""11631"": 0.0, ""12467"": 0.0, ""12483"": 0.0, ""12485"": 0.0, ""12502"": 0.0, ""12518"": 0.0, ""12533"": 0.0, ""12541"": 0.0, ""13268"": 0.0, ""13286"": 0.0, ""13288"": 0.0, ""13418"": 0.0, ""3321"": 0.0, ""5846"": 0.0, ""5854"": 0.0, ""5967"": 0.0, ""6806"": 0.0, ""7523"": 0.0, ""7527"": 0.0, ""7547"": 0.0, ""8126"": 0.0, ""8228"": 0.0, ""9508"": 0.0, ""9511"": 0.0}","[0.0, 0.0, 0.0, 0.0, 0.0, 0.0, 0.0, 0.0, 0.0, 0.0]"
2026-10-10T13:26:55+00:00,1370218620990263296,6,2,10,0.0,"[""10235"", ""10236"", ""11608"", ""12457"", ""12469"", ""12481"", ""12495"", ""12527"", ""13294"", ""13298"", ""13301"", ""13319"", ""13329"", ""13408"", ""13421"", ""13557"", ""19"", ""2307"", ""2449"", ""421"", ""4454"", ""5870"", ""6149"", ""6819"", ""6931"", ""7585"", ""8112"", ""8146"", ""8183"", ""8210"", ""9482""]","[""8183"", ""12527"", ""12481"", ""8112"", ""8146"", ""13298"", ""10236"", ""9482"", ""12495"", ""421""]","{""10235"": 0.0, ""10236"": 0.0, ""11608"": 0.0, ""12457"": 0.0, ""12469"": 0.0, ""12481"": 0.0, ""12495"": 0.0, ""12527"": 0.0, ""13294"": 0.0, ""13298"": 0.0, ""13301"": 0.0, ""13319"": 0.0, ""13329"": 0.0, ""13408"": 0.0, ""13421"": 0.0, ""13557"": 0.0, ""19"": 0.0, ""2307"": 0.0, ""2449"": 0.0, ""421"": 0.0, ""4454"": 0.0, ""5870"": 0.0, ""6149"": 0.0, ""6819"": 0.0, ""6931"": 0.0, ""7585"": 0.0, ""8112"": 0.0, ""8146"": 0.0, ""8183"": 0.0, ""8210"": 0.0, ""9482"": 0.0}","[0.0, 0.0, 0.0, 0.0, 0.0, 0.0, 0.0, 0.0, 0.0, 0.0]"
2026-10-10T13:26:55+00:00,1370218620990263296,6,3,11,0.0,"[""10857"", ""11370"", ""11581"", ""11583"", ""11610"", ""12048"", ""12487"", ""12490"", ""12536"", ""13270"", ""13282"", ""13305"", ""13311"", ""13320"", ""13324"", ""1339"", ""13413"", ""3198"", ""3257"", ""3634"", ""4017"", ""5022"", ""5850"", ""5927"", ""6794"", ""6804"", ""6904"", ""7564"", ""9484"", ""9754""]","[""6904"", ""12490"", ""3198"", ""7564"", ""11610"", ""6794"", ""9484"", ""5022"", ""5927"", ""6804""]","{""10857"": 0.0, ""11370"": 0.0, ""11581"": 0.0, ""11583"": 0.0, ""11610"": 0.0, ""12048"": 0.0, ""12487"": 0.0, ""12490"": 0.0, ""12536"": 0.0, ""13270"": 0.0, ""13282"": 0.0, ""13305"": 0.0, ""13311"": 0.0, ""13320"": 0.0, ""13324"": 0.0, ""1339"": 0.0, ""13413"": 0.0, ""3198"": 0.0, ""3257"": 0.0, ""3634"": 0.0, ""4017"": 0.0, ""5022"": 0.0, ""5850"": 0.0, ""5927"": 0.0, ""6794"": 0.0, ""6804"": 0.0, ""6904"": 0.0, ""7564"": 0.0, ""9484"": 0.0, ""9754"": 0.0}","[0.0, 0.0, 0.0, 0.0, 0.0, 0.0, 0.0, 0.0, 0.0, 0.0]"
2026-10-10T13:26:55+00:00,1370218620990263296,6,6,12,0.0,"[""10218"", ""11596"", ""11637"", ""11643"", ""11729"", ""12484"", ""12504"", ""12535"", ""13264"", ""13299"", ""1466"", ""3294"", ""4037"", ""4046"", ""4866"", ""5872"", ""5892"", ""6039"", ""6768"", ""6786"", ""6801"", ""7002"", ""7039"", ""7526"", ""7591"", ""8162"", ""8188"", ""8207"", ""9221"", ""9225"", ""9480"", ""9501""]","[""3294"", ""9221"", ""5892"", ""6786"", ""6801"", ""4037"", ""9480"", ""11637"", ""7526"", ""7002""]","{""10218"": 0.0, ""11596"": 0.0, ""11637"": 0.0, ""11643"": 0.0, ""11729"": 0.0, ""12484"": 0.0, ""12504"": 0.0, ""12535"": 0.0, ""13264"": 0.0, ""13299"": 0.0, ""1466"": 0.0, ""3294"": 0.0, ""4037"": 0.0, ""4046"": 0.0, ""4866"": 0.0, ""5872"": 0.0, ""5892"": 0.0, ""6039"": 0.0, ""6768"": 0.0, ""6786"": 0.0, ""6801"": 0.0, ""7002"": 0.0, ""7039"": 0.0, ""7526"": 0.0, ""7591"": 0.0, ""8162"": 0.0, ""8188"": 0.0, ""8207"": 0.0, ""9221"": 0.0, ""9225"": 0.0, ""9480"": 0.0, ""9501"": 0.0}","[0.0, 0.0, 0.0, 0.0, 0.0, 0.0, 0.0, 0.0, 0.0, 0.0]"
2026-10-10T13:26:55+00:00,1370218620990263296,7,2,1,0.0,"[""11566"", ""11604"", ""13317"", ""2505"", ""13434"", ""13278"", ""8168"", ""13293"", ""13345"", ""13346"", ""13425"", ""13533"", ""13303"", ""13281"", ""12718"", ""13269"", ""13275"", ""13394"", ""11624"", ""12511"", ""13287"", ""13279"", ""9494"", ""11655"", ""10219"", ""13392"", ""13423"", ""11630"", ""13330"", ""96"", ""11618"", ""6130"", ""13400"", ""11571"", ""8119""]","[""11566"", ""13287"", ""11571"", ""13279"", ""13346"", ""13317"", ""11604"", ""11630"", ""13330"", ""96""]","{""10219"": 0.0, ""11566"": 0.0, ""11571"": 0.0, ""11604"": 0.0, ""11618"": 0.0, ""11624"": 0.0, ""11630"": 0.0, ""11655"": 0.0, ""12511"": 0.0, ""12718"": 0.0, ""13269"": 0.0, ""13275"": 0.0, ""13278"": 0.0, ""13279"": 0.0, ""13281"": 0.0, ""13287"": 0.0, ""13293"": 0.0, ""13303"": 0.0, ""13317"": 0.0, ""13330"": 0.0, ""13345"": 0.0, ""13346"": 0.0, ""13392"": 0.0, ""13394"": 0.0, ""13400"": 0.0, ""13423"": 0.0, ""13425"": 0.0, ""13434"": 0.0, ""13533"": 0.0, ""2505"": 0.0, ""6130"": 0.0, ""8119"": 0.0, ""8168"": 0.0, ""9494"": 0.0, ""96"": 0.0}","[0.0, 0.0, 0.0, 0.0, 0.0, 0.0, 0.0, 0.0, 0.0, 0.0]"
2026-10-10T13:26:55+00:00,1370218620990263296,7,2,2,0.0,"[""10859"", ""11589"", ""11626"", ""12500"", ""12508"", ""12522"", ""13272"", ""13277"", ""13309"", ""13336"", ""13338"", ""13355"", ""2133"", ""2216"", ""4033"", ""4066"", ""4137"", ""4981"", ""4983"", ""5844"", ""5848"", ""5849"", ""5859"", ""6865"", ""7049"", ""7600"", ""7611"", ""8132"", ""8151"", ""9493"", ""9504""]","[""5849"", ""8132"", ""7611"", ""9493"", ""2216"", ""2133"", ""10859"", ""4983"", ""5844"", ""4066""]","{""10859"": 0.0, ""11589"": 0.0, ""11626"": 0.0, ""12500"": 0.0, ""12508"": 0.0, ""12522"": 0.0, ""13272"": 0.0, ""13277"": 0.0, ""13309"": 0.0, ""13336"": 0.0, ""13338"": 0.0, ""13355"": 0.0, ""2133"": 0.0, ""2216"": 0.0, ""4033"": 0.0, ""4066"": 0.0, ""4137"": 0.0, ""4981"": 0.0, ""4983"": 0.0, ""5844"": 0.0, ""5848"": 0.0, ""5849"": 0.0, ""5859"": 0.0, ""6865"": 0.0, ""7049"": 0.0, ""7600"": 0.0, ""7611"": 0.0, ""8132"": 0.0, ""8151"": 0.0, ""9493"": 0.0, ""9504"": 0.0}","[0.0, 0.0, 0.0, 0.0, 0.0, 0.0, 0.0, 0.0, 0.0, 0.0]"
2026-10-10T13:26:55+00:00,1370218620990263296,7,4,3,0.0,"[""5001"", ""9502"", ""11435"", ""4035"", ""11834"", ""5045"", ""12544"", ""9500"", ""9224"", ""12494"", ""9757"", ""11603"", ""12472"", ""4950"", ""12497"", ""13276"", ""6826"", ""4147"", ""9481"", ""2306"", ""6770"", ""13353"", ""12514"", ""12519"", ""8110"", ""1166"", ""8205"", ""13342"", ""1373"", ""6790"", ""5995"", ""12507"", ""11584"", ""9487""]","[""6770"", ""11584"", ""9224"", ""12519"", ""12514"", ""9487"", ""5001"", ""11435"", ""12507"", ""1166""]","{""11435"": 0.0, ""11584"": 0.0, ""11603"": 0.0, ""1166"": 0.0, ""11834"": 0.0, ""12472"": 0.0, ""12494"": 0.0, ""12497"": 0.0, ""12507"": 0.0, ""12514"": 0.0, ""12519"": 0.0, ""12544"": 0.0, ""13276"": 0.0, ""13342"": 0.0, ""13353"": 0.0, ""1373"": 0.0, ""2306"": 0.0, ""4035"": 0.0, ""4147"": 0.0, ""4950"": 0.0, ""5001"": 0.0, ""5045"": 0.0, ""5995"": 0.0, ""6770"": 0.0, ""6790"": 0.0, ""6826"": 0.0, ""8110"": 0.0, ""8205"": 0.0, ""9224"": 0.0, ""9481"": 0.0, ""9487"": 0.0, ""9500"": 0.0, ""9502"": 0.0, ""9757"": 0.0}","[0.0, 0.0, 0.0, 0.0, 0.0, 0.0, 0.0, 0.0, 0.0, 0.0]"
2026-10-10T13:26:55+00:00,1370218620990263296,7,6,4,0.0,"[""12505"", ""13322"", ""13306"", ""8800"", ""8127"", ""13402"", ""9230"", ""12521"", ""3161"", ""8150"", ""12498"", ""11646"", ""12534"", ""12526"", ""12512"", ""9229"", ""4177"", ""13285"", ""13307"", ""13401"", ""11586"", ""7083"", ""4892"", ""9486"", ""13964"", ""12524"", ""13347"", ""11635"", ""9488"", ""10222"", ""4943"", ""8136"", ""12517"", ""13302""]","[""4943"", ""12512"", ""8150"", ""9488"", ""9486"", ""13285"", ""12517"", ""11586"", ""11635"", ""7083""]","{""10222"": 0.0, ""11586"": 0.0, ""11635"": 0.0, ""11646"": 0.0, ""12498"": 0.0, ""12505"": 0.0, ""12512"": 0.0, ""12517"": 0.0, ""12521"": 0.0, ""12524"": 0.0, ""12526"": 0.0, ""12534"": 0.0, ""13285"": 0.0, ""13302"": 0.0, ""13306"": 0.0, ""13307"": 0.0, ""13322"": 0.0, ""13347"": 0.0, ""13401"": 0.0, ""13402"": 0.0, ""13964"": 0.0, ""3161"": 0.0, ""4177"": 0.0, ""4892"": 0.0, ""4943"": 0.0, ""7083"": 0.0, ""8127"": 0.0, ""8136"": 0.0, ""8150"": 0.0, ""8800"": 0.0, ""9229"": 0.0, ""9230"": 0.0, ""9486"": 0.0, ""9488"": 0.0}","[0.0, 0.0, 0.0, 0.0, 0.0, 0.0, 0.0, 0.0, 0.0, 0.0]"
2026-10-10T13:26:55+00:00,1370218620990263296,7,5,5,0.0,"[""11575"", ""11577"", ""11625"", ""12493"", ""12499"", ""12531"", ""12540"", ""13335"", ""13405"", ""3214"", ""4663"", ""4984"", ""5947"", ""6012"", ""6783"", ""6828"", ""7090"", ""7525"", ""7543"", ""7567"", ""7594"", ""7670"", ""8131"", ""8137"", ""8167"", ""8676"", ""9226"", ""9479"", ""9753"", ""9758""]","[""4984"", ""11577"", ""7567"", ""8137"", ""8167"", ""7525"", ""8131"", ""5947"", ""3214"", ""9758""]","{""11575"": 0.0, ""11577"": 0.0, ""11625"": 0.0, ""12493"": 0.0, ""12499"": 0.0, ""12531"": 0.0, ""12540"": 0.0, ""13335"": 0.0, ""13405"": 0.0, ""3214"": 0.0, ""4663"": 0.0, ""4984"": 0.0, ""5947"": 0.0, ""6012"": 0.0, ""6783"": 0.0, ""6828"": 0.0, ""7090"": 0.0, ""7525"": 0.0, ""7543"": 0.0, ""7567"": 0.0, ""7594"": 0.0, ""7670"": 0.0, ""8131"": 0.0, ""8137"": 0.0, ""8167"": 0.0, ""8676"": 0.0, ""9226"": 0.0, ""9479"": 0.0, ""9753"": 0.0, ""9758"": 0.0}","[0.0, 0.0, 0.0, 0.0, 0.0, 0.0, 0.0, 0.0, 0.0, 0.0]"
2026-10-10T13:26:55+00:00,1370218620990263296,7,3,6,0.0,"[""11559"", ""11564"", ""11576"", ""11783"", ""12489"", ""12506"", ""12510"", ""12529"", ""13289"", ""13296"", ""13300"", ""13314"", ""13337"", ""13349"", ""13411"", ""13414"", ""13417"", ""13420"", ""13424"", ""3286"", ""4039"", ""6797"", ""7553"", ""7569"", ""7571"", ""8134"", ""8142"", ""8148"", ""8155"", ""8172"", ""9228""]","[""11564"", ""11576"", ""12489"", ""7569"", ""8148"", ""11783"", ""12506"", ""12529"", ""8134"", ""11559""]","{""11559"": 0.0, ""11564"": 0.0, ""11576"": 0.0, ""11783"": 0.0, ""12489"": 0.0, ""12506"": 0.0, ""12510"": 0.0, ""12529"": 0.0, ""13289"": 0.0, ""13296"": 0.0, ""13300"": 0.0, ""13314"": 0.0, ""13337"": 0.0, ""13349"": 0.0, ""13411"": 0.0, ""13414"": 0.0, ""13417"": 0.0, ""13420"": 0.0, ""13424"": 0.0, ""3286"": 0.0, ""4039"": 0.0, ""6797"": 0.0, ""7553"": 0.0, ""7569"": 0.0, ""7571"": 0.0, ""8134"": 0.0, ""8142"": 0.0, ""8148"": 0.0, ""8155"": 0.0, ""8172"": 0.0, ""9228"": 0.0}","[0.0, 0.0, 0.0, 0.0, 0.0, 0.0, 0.0, 0.0, 0.0, 0.0]"
2026-10-10T13:26:55+00:00,1370218620990263296,7,3,7,0.0,"[""10232"", ""11565"", ""11597"", ""11620"", ""11627"", ""11638"", ""11647"", ""12509"", ""12547"", ""13274"", ""13308"", ""13333"", ""13348"", ""13350"", ""13380"", ""13404"", ""13422"", ""3163"", ""4034"", ""4881"", ""5012"", ""6813"", ""7021"", ""7528"", ""8130"", ""8408"", ""9506"", ""9756"", ""9997""]","[""3163"", ""6813"", ""4034"", ""9997"", ""10232"", ""11620"", ""8130"", ""9756"", ""5012"", ""7021""]","{""10232"": 0.0, ""11565"": 0.0, ""11597"": 0.0, ""11620"": 0.0, ""11627"": 0.0, ""11638"": 0.0, ""11647"": 0.0, ""12509"": 0.0, ""12547"": 0.0, ""13274"": 0.0, ""13308"": 0.0, ""13333"": 0.0, ""13348"": 0.0, ""13350"": 0.0, ""13380"": 0.0, ""13404"": 0.0, ""13422"": 0.0, ""3163"": 0.0, ""4034"": 0.0, ""4881"": 0.0, ""5012"": 0.0, ""6813"": 0.0, ""7021"": 0.0, ""7528"": 0.0, ""8130"": 0.0, ""8408"": 0.0, ""9506"": 0.0, ""9756"": 0.0, ""9997"": 0.0}","[0.0, 0.0, 0.0, 0.0, 0.0, 0.0, 0.0, 0.0, 0.0, 0.0]"
2026-10-10T13:26:55+00:00,1370218620990263296,7,5,8,0.0,"[""10213"", ""10229"", ""11563"", ""11632"", ""12455"", ""12471"", ""12474"", ""12476"", ""12492"", ""12501"", ""12530"", ""12545"", ""13477"", ""1479"", ""3271"", ""4018"", ""4199"", ""4217"", ""4993"", ""6803"", ""7588"", ""7828"", ""8111"", ""8121"", ""8138"", ""8144"", ""8154"", ""8161"", ""8180"", ""8698"", ""9509""]","[""11563"", ""8138"", ""9509"", ""8144"", ""12501"", ""11632"", ""4217"", ""7588"", ""4199"", ""12545""]","{""10213"": 0.0, ""10229"": 0.0, ""11563"": 0.0, ""11632"": 0.0, ""12455"": 0.0, ""12471"": 0.0, ""12474"": 0.0, ""12476"": 0.0, ""12492"": 0.0, ""12501"": 0.0, ""12530"": 0.0, ""12545"": 0.0, ""13477"": 0.0, ""1479"": 0.0, ""3271"": 0.0, ""4018"": 0.0, ""4199"": 0.0, ""4217"": 0.0, ""4993"": 0.0, ""6803"": 0.0, ""7588"": 0.0, ""7828"": 0.0, ""8111"": 0.0, ""8121"": 0.0, ""8138"": 0.0, ""8144"": 0.0, ""8154"": 0.0, ""8161"": 0.0, ""8180"": 0.0, ""8698"": 0.0, ""9509"": 0.0}","[0.0, 0.0, 0.0, 0.0, 0.0, 0.0, 0.0, 0.0, 0.0, 0.0]"
2026-10-10T13:26:55+00:00,1370218620990263296,7,1,9,0.0,"[""10444"", ""11256"", ""11557"", ""11560"", ""11600"", ""11628"", ""11631"", ""12467"", ""12483"", ""12485"", ""12502"", ""12518"", ""12533"", ""12541"", ""13268"", ""13286"", ""13288"", ""13418"", ""3321"", ""5846"", ""5854"", ""5967"", ""6806"", ""7523"", ""7527"", ""7547"", ""8126"", ""8228"", ""9508"", ""9511""]","[""7523"", ""8228"", ""12533"", ""7547"", ""11631"", ""5846"", ""12518"", ""8126"", ""5967"", ""11256""]","{""10444"": 0.0, ""11256"": 0.0, ""11557"": 0.0, ""11560"": 0.0, ""11600"": 0.0, ""11628"": 0.0, ""11631"": 0.0, ""12467"": 0.0, ""12483"": 0.0, ""12485"": 0.0, ""12502"": 0.0, ""12518"": 0.0, ""12533"": 0.0, ""12541"": 0.0, ""13268"": 0.0, ""13286"": 0.0, ""13288"": 0.0, ""13418"": 0.0, ""3321"": 0.0, ""5846"": 0.0, ""5854"": 0.0, ""5967"": 0.0, ""6806"": 0.0, ""7523"": 0.0, ""7527"": 0.0, ""7547"": 0.0, ""8126"": 0.0, ""8228"": 0.0, ""9508"": 0.0, ""9511"": 0.0}","[0.0, 0.0, 0.0, 0.0, 0.0, 0.0, 0.0, 0.0, 0.0, 0.0]"
2026-10-10T13:26:55+00:00,1370218620990263296,7,1,10,0.0,"[""10235"", ""10236"", ""11608"", ""12457"", ""12469"", ""12481"", ""12495"", ""12527"", ""13294"", ""13298"", ""13301"", ""13319"", ""13329"", ""13408"", ""13421"", ""13557"", ""19"", ""2307"", ""2449"", ""421"", ""4454"", ""5870"", ""6149"", ""6819"", ""6931"", ""7585"", ""8112"", ""8146"", ""8183"", ""8210"", ""9482""]","[""8183"", ""12527"", ""12481"", ""8112"", ""8146"", ""13298"", ""10236"", ""9482"", ""12495"", ""421""]","{""10235"": 0.0, ""10236"": 0.0, ""11608"": 0.0, ""12457"": 0.0, ""12469"": 0.0, ""12481"": 0.0, ""12495"": 0.0, ""12527"": 0.0, ""13294"": 0.0, ""13298"": 0.0, ""13301"": 0.0, ""13319"": 0.0, ""13329"": 0.0, ""13408"": 0.0, ""13421"": 0.0, ""13557"": 0.0, ""19"": 0.0, ""2307"": 0.0, ""2449"": 0.0, ""421"": 0.0, ""4454"": 0.0, ""5870"": 0.0, ""6149"": 0.0, ""6819"": 0.0, ""6931"": 0.0, ""7585"": 0.0, ""8112"": 0.0, ""8146"": 0.0, ""8183"": 0.0, ""8210"": 0.0, ""9482"": 0.0}","[0.0, 0.0, 0.0, 0.0, 0.0, 0.0, 0.0, 0.0, 0.0, 0.0]"
2026-10-10T13:26:55+00:00,1370218620990263296,7,4,11,0.0,"[""10857"", ""11370"", ""11581"", ""11583"", ""11610"", ""12048"", ""12487"", ""12490"", ""12536"", ""13270"", ""13282"", ""13305"", ""13311"", ""13320"", ""13324"", ""1339"", ""13413"", ""3198"", ""3257"", ""3634"", ""4017"", ""5022"", ""5850"", ""5927"", ""6794"", ""6804"", ""6904"", ""7564"", ""9484"", ""9754""]","[""6904"", ""12490"", ""3198"", ""7564"", ""11610"", ""6794"", ""9484"", ""5022"", ""5927"", ""6804""]","{""10857"": 0.0, ""11370"": 0.0, ""11581"": 0.0, ""11583"": 0.0, ""11610"": 0.0, ""12048"": 0.0, ""12487"": 0.0, ""12490"": 0.0, ""12536"": 0.0, ""13270"": 0.0, ""13282"": 0.0, ""13305"": 0.0, ""13311"": 0.0, ""13320"": 0.0, ""13324"": 0.0, ""1339"": 0.0, ""13413"": 0.0, ""3198"": 0.0, ""3257"": 0.0, ""3634"": 0.0, ""4017"": 0.0, ""5022"": 0.0, ""5850"": 0.0, ""5927"": 0.0, ""6794"": 0.0, ""6804"": 0.0, ""6904"": 0.0, ""7564"": 0.0, ""9484"": 0.0, ""9754"": 0.0}","[0.0, 0.0, 0.0, 0.0, 0.0, 0.0, 0.0, 0.0, 0.0, 0.0]"
2026-10-10T13:26:55+00:00,1370218620990263296,7,6,12,0.0,"[""10218"", ""11596"", ""11637"", ""11643"", ""11729"", ""12484"", ""12504"", ""12535"", ""13264"", ""13299"", ""1466"", ""3294"", ""4037"", ""4046"", ""4866"", ""5872"", ""5892"", ""6039"", ""6768"", ""6786"", ""6801"", ""7002"", ""7039"", ""7526"", ""7591"", ""8162"", ""8188"", ""8207"", ""9221"", ""9225"", ""9480"", ""9501""]","[""3294"", ""9221"", ""5892"", ""6786"", ""6801"", ""4037"", ""9480"", ""11637"", ""7526"", ""7002""]","{""10218"": 0.0, ""11596"": 0.0, ""11637"": 0.0, ""11643"": 0.0, ""11729"": 0.0, ""12484"": 0.0, ""12504"": 0.0, ""12535"": 0.0, ""13264"": 0.0, ""13299"": 0.0, ""1466"": 0.0, ""3294"": 0.0, ""4037"": 0.0, ""4046"": 0.0, ""4866"": 0.0, ""5872"": 0.0, ""5892"": 0.0, ""6039"": 0.0, ""6768"": 0.0, ""6786"": 0.0, ""6801"": 0.0, ""7002"": 0.0, ""7039"": 0.0, ""7526"": 0.0, ""7591"": 0.0, ""8162"": 0.0, ""8188"": 0.0, ""8207"": 0.0, ""9221"": 0.0, ""9225"": 0.0, ""9480"": 0.0, ""9501"": 0.0}","[0.0, 0.0, 0.0, 0.0, 0.0, 0.0, 0.0, 0.0, 0.0, 0.0]"
2026-10-10T13:26:55+00:00,1370218620990263296,8,2,1,0.0,"[""11566"", ""11604"", ""13317"", ""2505"", ""13434"", ""13278"", ""8168"", ""13293"", ""13345"", ""13346"", ""13425"", ""13533"", ""13303"", ""13281"", ""12718"", ""13269"", ""13275"", ""13394"", ""11624"", ""12511"", ""13287"", ""13279"", ""9494"", ""11655"", ""10219"", ""13392"", ""13423"", ""11630"", ""13330"", ""96"", ""11618"", ""6130"", ""13400"", ""11571"", ""8119""]","[""11566"", ""13287"", ""11571"", ""13279"", ""13346"", ""13317"", ""11604"", ""11630"", ""13330"", ""96""]","{""10219"": 0.0, ""11566"": 0.0, ""11571"": 0.0, ""11604"": 0.0, ""11618"": 0.0, ""11624"": 0.0, ""11630"": 0.0, ""11655"": 0.0, ""12511"": 0.0, ""12718"": 0.0, ""13269"": 0.0, ""13275"": 0.0, ""13278"": 0.0, ""13279"": 0.0, ""13281"": 0.0, ""13287"": 0.0, ""13293"": 0.0, ""13303"": 0.0, ""13317"": 0.0, ""13330"": 0.0, ""13345"": 0.0, ""13346"": 0.0, ""13392"": 0.0, ""13394"": 0.0, ""13400"": 0.0, ""13423"": 0.0, ""13425"": 0.0, ""13434"": 0.0, ""13533"": 0.0, ""2505"": 0.0, ""6130"": 0.0, ""8119"": 0.0, ""8168"": 0.0, ""9494"": 0.0, ""96"": 0.0}","[0.0, 0.0, 0.0, 0.0, 0.0, 0.0, 0.0, 0.0, 0.0, 0.0]"
2026-10-10T13:26:55+00:00,1370218620990263296,8,3,2,0.0,"[""10859"", ""11589"", ""11626"", ""12500"", ""12508"", ""12522"", ""13272"", ""13277"", ""13309"", ""13336"", ""13338"", ""13355"", ""2133"", ""2216"", ""4033"", ""4066"", ""4137"", ""4981"", ""4983"", ""5844"", ""5848"", ""5849"", ""5859"", ""6865"", ""7049"", ""7600"", ""7611"", ""8132"", ""8151"", ""9493"", ""9504""]","[""5849"", ""8132"", ""7611"", ""9493"", ""2216"", ""2133"", ""10859"", ""4983"", ""5844"", ""4066""]","{""10859"": 0.0, ""11589"": 0.0, ""11626"": 0.0, ""12500"": 0.0, ""12508"": 0.0, ""12522"": 0.0, ""13272"": 0.0, ""13277"": 0.0, ""13309"": 0.0, ""13336"": 0.0, ""13338"": 0.0, ""13355"": 0.0, ""2133"": 0.0, ""2216"": 0.0, ""4033"": 0.0, ""4066"": 0.0, ""4137"": 0.0, ""4981"": 0.0, ""4983"": 0.0, ""5844"": 0.0, ""5848"": 0.0, ""5849"": 0.0, ""5859"": 0.0, ""6865"": 0.0, ""7049"": 0.0, ""7600"": 0.0, ""7611"": 0.0, ""8132"": 0.0, ""8151"": 0.0, ""9493"": 0.0, ""9504"": 0.0}","[0.0, 0.0, 0.0, 0.0, 0.0, 0.0, 0.0, 0.0, 0.0, 0.0]"
2026-10-10T13:26:55+00:00,1370218620990263296,8,4,3,0.0,"[""5001"", ""9502"", ""11435"", ""4035"", ""11834"", ""5045"", ""12544"", ""9500"", ""9224"", ""12494"", ""9757"", ""11603"", ""12472"", ""4950"", ""12497"", ""13276"", ""6826"", ""4147"", ""9481"", ""2306"", ""6770"", ""13353"", ""12514"", ""12519"", ""8110"", ""1166"", ""8205"", ""13342"", ""1373"", ""6790"", ""5995"", ""12507"", ""11584"", ""9487""]","[""6770"", ""11584"", ""9224"", ""12519"", ""12514"", ""9487"", ""5001"", ""11435"", ""12507"", ""1166""]","{""11435"": 0.0, ""11584"": 0.0, ""11603"": 0.0, ""1166"": 0.0, ""11834"": 0.0, ""12472"": 0.0, ""12494"": 0.0, ""12497"": 0.0, ""12507"": 0.0, ""12514"": 0.0, ""12519"": 0.0, ""12544"": 0.0, ""13276"": 0.0, ""13342"": 0.0, ""13353"": 0.0, ""1373"": 0.0, ""2306"": 0.0, ""4035"": 0.0, ""4147"": 0.0, ""4950"": 0.0, ""5001"": 0.0, ""5045"": 0.0, ""5995"": 0.0, ""6770"": 0.0, ""6790"": 0.0, ""6826"": 0.0, ""8110"": 0.0, ""8205"": 0.0, ""9224"": 0.0, ""9481"": 0.0, ""9487"": 0.0, ""9500"": 0.0, ""9502"": 0.0, ""9757"": 0.0}","[0.0, 0.0, 0.0, 0.0, 0.0, 0.0, 0.0, 0.0, 0.0, 0.0]"
2026-10-10T13:26:55+00:00,1370218620990263296,8,1,4,0.0,"[""12505"", ""13322"", ""13306"", ""8800"", ""8127"", ""13402"", ""9230"", ""12521"", ""3161"", ""8150"", ""12498"", ""11646"", ""12534"", ""12526"", ""12512"", ""9229"", ""4177"", ""13285"", ""13307"", ""13401"", ""11586"", ""7083"", ""4892"", ""9486"", ""13964"", ""12524"", ""13347"", ""11635"", ""9488"", ""10222"", ""4943"", ""8136"", ""12517"", ""13302""]","[""4943"", ""12512"", ""8150"", ""9488"", ""9486"", ""13285"", ""12517"", ""11586"", ""11635"", ""7083""]","{""10222"": 0.0, ""11586"": 0.0, ""11635"": 0.0, ""11646"": 0.0, ""12498"": 0.0, ""12505"": 0.0, ""12512"": 0.0, ""12517"": 0.0, ""12521"": 0.0, ""12524"": 0.0, ""12526"": 0.0, ""12534"": 0.0, ""13285"": 0.0, ""13302"": 0.0, ""13306"": 0.0, ""13307"": 0.0, ""13322"": 0.0, ""13347"": 0.0, ""13401"": 0.0, ""13402"": 0.0, ""13964"": 0.0, ""3161"": 0.0, ""4177"": 0.0, ""4892"": 0.0, ""4943"": 0.0, ""7083"": 0.0, ""8127"": 0.0, ""8136"": 0.0, ""8150"": 0.0, ""8800"": 0.0, ""9229"": 0.0, ""9230"": 0.0, ""9486"": 0.0, ""9488"": 0.0}","[0.0, 0.0, 0.0, 0.0, 0.0, 0.0, 0.0, 0.0, 0.0, 0.0]"
2026-10-10T13:26:55+00:00,1370218620990263296,8,5,5,0.0,"[""11575"", ""11577"", ""11625"", ""12493"", ""12499"", ""12531"", ""12540"", ""13335"", ""13405"", ""3214"", ""4663"", ""4984"", ""5947"", ""6012"", ""6783"", ""6828"", ""7090"", ""7525"", ""7543"", ""7567"", ""7594"", ""7670"", ""8131"", ""8137"", ""8167"", ""8676"", ""9226"", ""9479"", ""9753"", ""9758""]","[""4984"", ""11577"", ""7567"", ""8137"", ""8167"", ""7525"", ""8131"", ""5947"", ""3214"", ""9758""]","{""11575"": 0.0, ""11577"": 0.0, ""11625"": 0.0, ""12493"": 0.0, ""12499"": 0.0, ""12531"": 0.0, ""12540"": 0.0, ""13335"": 0.0, ""13405"": 0.0, ""3214"": 0.0, ""4663"": 0.0, ""4984"": 0.0, ""5947"": 0.0, ""6012"": 0.0, ""6783"": 0.0, ""6828"": 0.0, ""7090"": 0.0, ""7525"": 0.0, ""7543"": 0.0, ""7567"": 0.0, ""7594"": 0.0, ""7670"": 0.0, ""8131"": 0.0, ""8137"": 0.0, ""8167"": 0.0, ""8676"": 0.0, ""9226"": 0.0, ""9479"": 0.0, ""9753"": 0.0, ""9758"": 0.0}","[0.0, 0.0, 0.0, 0.0, 0.0, 0.0, 0.0, 0.0, 0.0, 0.0]"
2026-10-10T13:26:55+00:00,1370218620990263296,8,6,6,0.0,"[""11559"", ""11564"", ""11576"", ""11783"", ""12489"", ""12506"", ""12510"", ""12529"", ""13289"", ""13296"", ""13300"", ""13314"", ""13337"", ""13349"", ""13411"", ""13414"", ""13417"", ""13420"", ""13424"", ""3286"", ""4039"", ""6797"", ""7553"", ""7569"", ""7571"", ""8134"", ""8142"", ""8148"", ""8155"", ""8172"", ""9228""]","[""11564"", ""11576"", ""12489"", ""7569"", ""8148"", ""11783"", ""12506"", ""12529"", ""8134"", ""11559""]","{""11559"": 0.0, ""11564"": 0.0, ""11576"": 0.0, ""11783"": 0.0, ""12489"": 0.0, ""12506"": 0.0, ""12510"": 0.0, ""12529"": 0.0, ""13289"": 0.0, ""13296"": 0.0, ""13300"": 0.0, ""13314"": 0.0, ""13337"": 0.0, ""13349"": 0.0, ""13411"": 0.0, ""13414"": 0.0, ""13417"": 0.0, ""13420"": 0.0, ""13424"": 0.0, ""3286"": 0.0, ""4039"": 0.0, ""6797"": 0.0, ""7553"": 0.0, ""7569"": 0.0, ""7571"": 0.0, ""8134"": 0.0, ""8142"": 0.0, ""8148"": 0.0, ""8155"": 0.0, ""8172"": 0.0, ""9228"": 0.0}","[0.0, 0.0, 0.0, 0.0, 0.0, 0.0, 0.0, 0.0, 0.0, 0.0]"
2026-10-10T13:26:55+00:00,1370218620990263296,8,3,7,0.0,"[""10232"", ""11565"", ""11597"", ""11620"", ""11627"", ""11638"", ""11647"", ""12509"", ""12547"", ""13274"", ""13308"", ""13333"", ""13348"", ""13350"", ""13380"", ""13404"", ""13422"", ""3163"", ""4034"", ""4881"", ""5012"", ""6813"", ""7021"", ""7528"", ""8130"", ""8408"", ""9506"", ""9756"", ""9997""]","[""3163"", ""6813"", ""4034"", ""9997"", ""10232"", ""11620"", ""8130"", ""9756"", ""5012"", ""7021""]","{""10232"": 0.0, ""11565"": 0.0, ""11597"": 0.0, ""11620"": 0.0, ""11627"": 0.0, ""11638"": 0.0, ""11647"": 0.0, ""12509"": 0.0, ""12547"": 0.0, ""13274"": 0.0, ""13308"": 0.0, ""13333"": 0.0, ""13348"": 0.0, ""13350"": 0.0, ""13380"": 0.0, ""13404"": 0.0, ""13422"": 0.0, ""3163"": 0.0, ""4034"": 0.0, ""4881"": 0.0, ""5012"": 0.0, ""6813"": 0.0, ""7021"": 0.0, ""7528"": 0.0, ""8130"": 0.0, ""8408"": 0.0, ""9506"": 0.0, ""9756"": 0.0, ""9997"": 0.0}","[0.0, 0.0, 0.0, 0.0, 0.0, 0.0, 0.0, 0.0, 0.0, 0.0]"
2026-10-10T13:26:55+00:00,1370218620990263296,8,2,8,0.0,"[""10213"", ""10229"", ""11563"", ""11632"", ""12455"", ""12471"", ""12474"", ""12476"", ""12492"", ""12501"", ""12530"", ""12545"", ""13477"", ""1479"", ""3271"", ""4018"", ""4199"", ""4217"", ""4993"", ""6803"", ""7588"", ""7828"", ""8111"", ""8121"", ""8138"", ""8144"", ""8154"", ""8161"", ""8180"", ""8698"", ""9509""]","[""11563"", ""8138"", ""9509"", ""8144"", ""12501"", ""11632"", ""4217"", ""7588"", ""4199"", ""12545""]","{""10213"": 0.0, ""10229"": 0.0, ""11563"": 0.0, ""11632"": 0.0, ""12455"": 0.0, ""12471"": 0.0, ""12474"": 0.0, ""12476"": 0.0, ""12492"": 0.0, ""12501"": 0.0, ""12530"": 0.0, ""12545"": 0.0, ""13477"": 0.0, ""1479"": 0.0, ""3271"": 0.0, ""4018"": 0.0, ""4199"": 0.0, ""4217"": 0.0, ""4993"": 0.0, ""6803"": 0.0, ""7588"": 0.0, ""7828"": 0.0, ""8111"": 0.0, ""8121"": 0.0, ""8138"": 0.0, ""8144"": 0.0, ""8154"": 0.0, ""8161"": 0.0, ""8180"": 0.0, ""8698"": 0.0, ""9509"": 0.0}","[0.0, 0.0, 0.0, 0.0, 0.0, 0.0, 0.0, 0.0, 0.0, 0.0]"
2026-10-10T13:26:55+00:00,1370218620990263296,8,1,9,0.0,"[""10444"", ""11256"", ""11557"", ""11560"", ""11600"", ""11628"", ""11631"", ""12467"", ""12483"", ""12485"", ""12502"", ""12518"", ""12533"", ""12541"", ""13268"", ""13286"", ""13288"", ""13418"", ""3321"", ""5846"", ""5854"", ""5967"", ""6806"", ""7523"", ""7527"", ""7547"", ""8126"", ""8228"", ""9508"", ""9511""]","[""7523"", ""8228"", ""12533"", ""7547"", ""11631"", ""5846"", ""12518"", ""8126"", ""5967"", ""11256""]","{""10444"": 0.0, ""11256"": 0.0, ""11557"": 0.0, ""11560"": 0.0, ""11600"": 0.0, ""11628"": 0.0, ""11631"": 0.0, ""12467"": 0.0, ""12483"": 0.0, ""12485"": 0.0, ""12502"": 0.0, ""12518"": 0.0, ""12533"": 0.0, ""12541"": 0.0, ""13268"": 0.0, ""13286"": 0.0, ""13288"": 0.0, ""13418"": 0.0, ""3321"": 0.0, ""5846"": 0.0, ""5854"": 0.0, ""5967"": 0.0, ""6806"": 0.0, ""7523"": 0.0, ""7527"": 0.0, ""7547"": 0.0, ""8126"": 0.0, ""8228"": 0.0, ""9508"": 0.0, ""9511"": 0.0}","[0.0, 0.0, 0.0, 0.0, 0.0, 0.0, 0.0, 0.0, 0.0, 0.0]"
2026-10-10T13:26:55+00:00,1370218620990263296,8,4,10,0.0,"[""10235"", ""10236"", ""11608"", ""12457"", ""12469"", ""12481"", ""12495"", ""12527"", ""13294"", ""13298"", ""13301"", ""13319"", ""13329"", ""13408"", ""13421"", ""13557"", ""19"", ""2307"", ""2449"", ""421"", ""4454"", ""5870"", ""6149"", ""6819"", ""6931"", ""7585"", ""8112"", ""8146"", ""8183"", ""8210"", ""9482""]","[""8183"", ""12527"", ""12481"", ""8112"", ""8146"", ""13298"", ""10236"", ""9482"", ""12495"", ""421""]","{""10235"": 0.0, ""10236"": 0.0, ""11608"": 0.0, ""12457"": 0.0, ""12469"": 0.0, ""12481"": 0.0, ""12495"": 0.0, ""12527"": 0.0, ""13294"": 0.0, ""13298"": 0.0, ""13301"": 0.0, ""13319"": 0.0, ""13329"": 0.0, ""13408"": 0.0, ""13421"": 0.0, ""13557"": 0.0, ""19"": 0.0, ""2307"": 0.0, ""2449"": 0.0, ""421"": 0.0, ""4454"": 0.0, ""5870"": 0.0, ""6149"": 0.0, ""6819"": 0.0, ""6931"": 0.0, ""7585"": 0.0, ""8112"": 0.0, ""8146"": 0.0, ""8183"": 0.0, ""8210"": 0.0, ""9482"": 0.0}","[0.0, 0.0, 0.0, 0.0, 0.0, 0.0, 0.0, 0.0, 0.0, 0.0]"
2026-10-10T13:26:55+00:00,1370218620990263296,8,5,11,0.0,"[""10857"", ""11370"", ""11581"", ""11583"", ""11610"", ""12048"", ""12487"", ""12490"", ""12536"", ""13270"", ""13282"", ""13305"", ""13311"", ""13320"", ""13324"", ""1339"", ""13413"", ""3198"", ""3257"", ""3634"", ""4017"", ""5022"", ""5850"", ""5927"", ""6794"", ""6804"", ""6904"", ""7564"", ""9484"", ""9754""]","[""6904"", ""12490"", ""3198"", ""7564"", ""11610"", ""6794"", ""9484"", ""5022"", ""5927"", ""6804""]","{""10857"": 0.0, ""11370"": 0.0, ""11581"": 0.0, ""11583"": 0.0, ""11610"": 0.0, ""12048"": 0.0, ""12487"": 0.0, ""12490"": 0.0, ""12536"": 0.0, ""13270"": 0.0, ""13282"": 0.0, ""13305"": 0.0, ""13311"": 0.0, ""13320"": 0.0, ""13324"": 0.0, ""1339"": 0.0, ""13413"": 0.0, ""3198"": 0.0, ""3257"": 0.0, ""3634"": 0.0, ""4017"": 0.0, ""5022"": 0.0, ""5850"": 0.0, ""5927"": 0.0, ""6794"": 0.0, ""6804"": 0.0, ""6904"": 0.0, ""7564"": 0.0, ""9484"": 0.0, ""9754"": 0.0}","[0.0, 0.0, 0.0, 0.0, 0.0, 0.0, 0.0, 0.0, 0.0, 0.0]"
2026-10-10T13:26:55+00:00,1370218620990263296,8,6,12,0.0,"[""10218"", ""11596"", ""11637"", ""11643"", ""11729"", ""12484"", ""12504"", ""12535"", ""13264"", ""13299"", ""1466"", ""3294"", ""4037"", ""4046"", ""4866"", ""5872"", ""5892"", ""6039"", ""6768"", ""6786"", ""6801"", ""7002"", ""7039"", ""7526"", ""7591"", ""8162"", ""8188"", ""8207"", ""9221"", ""9225"", ""9480"", ""9501""]","[""3294"", ""9221"", ""5892"", ""6786"", ""6801"", ""4037"", ""9480"", ""11637"", ""7526"", ""7002""]","{""10218"": 0.0, ""11596"": 0.0, ""11637"": 0.0, ""11643"": 0.0, ""11729"": 0.0, ""12484"": 0.0, ""12504"": 0.0, ""12535"": 0.0, ""13264"": 0.0, ""13299"": 0.0, ""1466"": 0.0, ""3294"": 0.0, ""4037"": 0.0, ""4046"": 0.0, ""4866"": 0.0, ""5872"": 0.0, ""5892"": 0.0, ""6039"": 0.0, ""6768"": 0.0, ""6786"": 0.0, ""6801"": 0.0, ""7002"": 0.0, ""7039"": 0.0, ""7526"": 0.0, ""7591"": 0.0, ""8162"": 0.0, ""8188"": 0.0, ""8207"": 0.0, ""9221"": 0.0, ""9225"": 0.0, ""9480"": 0.0, ""9501"": 0.0}","[0.0, 0.0, 0.0, 0.0, 0.0, 0.0, 0.0, 0.0, 0.0, 0.0]"
2026-10-10T13:26:55+00:00,1370218620990263296,9,2,1,0.0,"[""11566"", ""11604"", ""13317"", ""2505"", ""13434"", ""13278"", ""8168"", ""13293"", ""13345"", ""13346"", ""13425"", ""13533"", ""13303"", ""13281"", ""12718"", ""13269"", ""13275"", ""13394"", ""11624"", ""12511"", ""13287"", ""13279"", ""9494"", ""11655"", ""10219"", ""13392"", ""13423"", ""11630"", ""13330"", ""96"", ""11618"", ""6130"", ""13400"", ""11571"", ""8119""]","[""11566"", ""13287"", ""11571"", ""13279"", ""13346"", ""13317"", ""11604"", ""11630"", ""13330"", ""96""]","{""10219"": 0.0, ""11566"": 0.0, ""11571"": 0.0, ""11604"": 0.0, ""11618"": 0.0, ""11624"": 0.0, ""11630"": 0.0, ""11655"": 0.0, ""12511"": 0.0, ""12718"": 0.0, ""13269"": 0.0, ""13275"": 0.0, ""13278"": 0.0, ""13279"": 0.0, ""13281"": 0.0, ""13287"": 0.0, ""13293"": 0.0, ""13303"": 0.0, ""13317"": 0.0, ""13330"": 0.0, ""13345"": 0.0, ""13346"": 0.0, ""13392"": 0.0, ""13394"": 0.0, ""13400"": 0.0, ""13423"": 0.0, ""13425"": 0.0, ""13434"": 0.0, ""13533"": 0.0, ""2505"": 0.0, ""6130"": 0.0, ""8119"": 0.0, ""8168"": 0.0, ""9494"": 0.0, ""96"": 0.0}","[0.0, 0.0, 0.0, 0.0, 0.0, 0.0, 0.0, 0.0, 0.0, 0.0]"
2026-10-10T13:26:55+00:00,1370218620990263296,9,4,2,0.0,"[""10859"", ""11589"", ""11626"", ""12500"", ""12508"", ""12522"", ""13272"", ""13277"", ""13309"", ""13336"", ""13338"", ""13355"", ""2133"", ""2216"", ""4033"", ""4066"", ""4137"", ""4981"", ""4983"", ""5844"", ""5848"", ""5849"", ""5859"", ""6865"", ""7049"", ""7600"", ""7611"", ""8132"", ""8151"", ""9493"", ""9504""]","[""5849"", ""8132"", ""7611"", ""9493"", ""2216"", ""2133"", ""10859"", ""4983"", ""5844"", ""4066""]","{""10859"": 0.0, ""11589"": 0.0, ""11626"": 0.0, ""12500"": 0.0, ""12508"": 0.0, ""12522"": 0.0, ""13272"": 0.0, ""13277"": 0.0, ""13309"": 0.0, ""13336"": 0.0, ""13338"": 0.0, ""13355"": 0.0, ""2133"": 0.0, ""2216"": 0.0, ""4033"": 0.0, ""4066"": 0.0, ""4137"": 0.0, ""4981"": 0.0, ""4983"": 0.0, ""5844"": 0.0, ""5848"": 0.0, ""5849"": 0.0, ""5859"": 0.0, ""6865"": 0.0, ""7049"": 0.0, ""7600"": 0.0, ""7611"": 0.0, ""8132"": 0.0, ""8151"": 0.0, ""9493"": 0.0, ""9504"": 0.0}","[0.0, 0.0, 0.0, 0.0, 0.0, 0.0, 0.0, 0.0, 0.0, 0.0]"
2026-10-10T13:26:55+00:00,1370218620990263296,9,4,3,0.0,"[""5001"", ""9502"", ""11435"", ""4035"", ""11834"", ""5045"", ""12544"", ""9500"", ""9224"", ""12494"", ""9757"", ""11603"", ""12472"", ""4950"", ""12497"", ""13276"", ""6826"", ""4147"", ""9481"", ""2306"", ""6770"", ""13353"", ""12514"", ""12519"", ""8110"", ""1166"", ""8205"", ""13342"", ""1373"", ""6790"", ""5995"", ""12507"", ""11584"", ""9487""]","[""6770"", ""11584"", ""9224"", ""12519"", ""12514"", ""9487"", ""5001"", ""11435"", ""12507"", ""1166""]","{""11435"": 0.0, ""11584"": 0.0, ""11603"": 0.0, ""1166"": 0.0, ""11834"": 0.0, ""12472"": 0.0, ""12494"": 0.0, ""12497"": 0.0, ""12507"": 0.0, ""12514"": 0.0, ""12519"": 0.0, ""12544"": 0.0, ""13276"": 0.0, ""13342"": 0.0, ""13353"": 0.0, ""1373"": 0.0, ""2306"": 0.0, ""4035"": 0.0, ""4147"": 0.0, ""4950"": 0.0, ""5001"": 0.0, ""5045"": 0.0, ""5995"": 0.0, ""6770"": 0.0, ""6790"": 0.0, ""6826"": 0.0, ""8110"": 0.0, ""8205"": 0.0, ""9224"": 0.0, ""9481"": 0.0, ""9487"": 0.0, ""9500"": 0.0, ""9502"": 0.0, ""9757"": 0.0}","[0.0, 0.0, 0.0, 0.0, 0.0, 0.0, 0.0, 0.0, 0.0, 0.0]"
2026-10-10T13:26:55+00:00,1370218620990263296,9,2,4,0.0,"[""12505"", ""13322"", ""13306"", ""8800"", ""8127"", ""13402"", ""9230"", ""12521"", ""3161"", ""8150"", ""12498"", ""11646"", ""12534"", ""12526"", ""12512"", ""9229"", ""4177"", ""13285"", ""13307"", ""13401"", ""11586"", ""7083"", ""4892"", ""9486"", ""13964"", ""12524"", ""13347"", ""11635"", ""9488"", ""10222"", ""4943"", ""8136"", ""12517"", ""13302""]","[""4943"", ""12512"", ""8150"", ""9488"", ""9486"", ""13285"", ""12517"", ""11586"", ""11635"", ""7083""]","{""10222"": 0.0, ""11586"": 0.0, ""11635"": 0.0, ""11646"": 0.0, ""12498"": 0.0, ""12505"": 0.0, ""12512"": 0.0, ""12517"": 0.0, ""12521"": 0.0, ""12524"": 0.0, ""12526"": 0.0, ""12534"": 0.0, ""13285"": 0.0, ""13302"": 0.0, ""13306"": 0.0, ""13307"": 0.0, ""13322"": 0.0, ""13347"": 0.0, ""13401"": 0.0, ""13402"": 0.0, ""13964"": 0.0, ""3161"": 0.0, ""4177"": 0.0, ""4892"": 0.0, ""4943"": 0.0, ""7083"": 0.0, ""8127"": 0.0, ""8136"": 0.0, ""8150"": 0.0, ""8800"": 0.0, ""9229"": 0.0, ""9230"": 0.0, ""9486"": 0.0, ""9488"": 0.0}","[0.0, 0.0, 0.0, 0.0, 0.0, 0.0, 0.0, 0.0, 0.0, 0.0]"
2026-10-10T13:26:55+00:00,1370218620990263296,9,5,5,0.0,"[""11575"", ""11577"", ""11625"", ""12493"", ""12499"", ""12531"", ""12540"", ""13335"", ""13405"", ""3214"", ""4663"", ""4984"", ""5947"", ""6012"", ""6783"", ""6828"", ""7090"", ""7525"", ""7543"", ""7567"", ""7594"", ""7670"", ""8131"", ""8137"", ""8167"", ""8676"", ""9226"", ""9479"", ""9753"", ""9758""]","[""4984"", ""11577"", ""7567"", ""8137"", ""8167"", ""7525"", ""8131"", ""5947"", ""3214"", ""9758""]","{""11575"": 0.0, ""11577"": 0.0, ""11625"": 0.0, ""12493"": 0.0, ""12499"": 0.0, ""12531"": 0.0, ""12540"": 0.0, ""13335"": 0.0, ""13405"": 0.0, ""3214"": 0.0, ""4663"": 0.0, ""4984"": 0.0, ""5947"": 0.0, ""6012"": 0.0, ""6783"": 0.0, ""6828"": 0.0, ""7090"": 0.0, ""7525"": 0.0, ""7543"": 0.0, ""7567"": 0.0, ""7594"": 0.0, ""7670"": 0.0, ""8131"": 0.0, ""8137"": 0.0, ""8167"": 0.0, ""8676"": 0.0, ""9226"": 0.0, ""9479"": 0.0, ""9753"": 0.0, ""9758"": 0.0}","[0.0, 0.0, 0.0, 0.0, 0.0, 0.0, 0.0, 0.0, 0.0, 0.0]"
2026-10-10T13:26:55+00:00,1370218620990263296,9,5,6,0.0,"[""11559"", ""11564"", ""11576"", ""11783"", ""12489"", ""12506"", ""12510"", ""12529"", ""13289"", ""13296"", ""13300"", ""13314"", ""13337"", ""13349"", ""13411"", ""13414"", ""13417"", ""13420"", ""13424"", ""3286"", ""4039"", ""6797"", ""7553"", ""7569"", ""7571"", ""8134"", ""8142"", ""8148"", ""8155"", ""8172"", ""9228""]","[""11564"", ""11576"", ""12489"", ""7569"", ""8148"", ""11783"", ""12506"", ""12529"", ""8134"", ""11559""]","{""11559"": 0.0, ""11564"": 0.0, ""11576"": 0.0, ""11783"": 0.0, ""12489"": 0.0, ""12506"": 0.0, ""12510"": 0.0, ""12529"": 0.0, ""13289"": 0.0, ""13296"": 0.0, ""13300"": 0.0, ""13314"": 0.0, ""13337"": 0.0, ""13349"": 0.0, ""13411"": 0.0, ""13414"": 0.0, ""13417"": 0.0, ""13420"": 0.0, ""13424"": 0.0, ""3286"": 0.0, ""4039"": 0.0, ""6797"": 0.0, ""7553"": 0.0, ""7569"": 0.0, ""7571"": 0.0, ""8134"": 0.0, ""8142"": 0.0, ""8148"": 0.0, ""8155"": 0.0, ""8172"": 0.0, ""9228"": 0.0}","[0.0, 0.0, 0.0, 0.0, 0.0, 0.0, 0.0, 0.0, 0.0, 0.0]"
2026-10-10T13:26:55+00:00,1370218620990263296,9,3,7,0.0,"[""10232"", ""11565"", ""11597"", ""11620"", ""11627"", ""11638"", ""11647"", ""12509"", ""12547"", ""13274"", ""13308"", ""13333"", ""13348"", ""13350"", ""13380"", ""13404"", ""13422"", ""3163"", ""4034"", ""4881"", ""5012"", ""6813"", ""7021"", ""7528"", ""8130"", ""8408"", ""9506"", ""9756"", ""9997""]","[""3163"", ""6813"", ""4034"", ""9997"", ""10232"", ""11620"", ""8130"", ""9756"", ""5012"", ""7021""]","{""10232"": 0.0, ""11565"": 0.0, ""11597"": 0.0, ""11620"": 0.0, ""11627"": 0.0, ""11638"": 0.0, ""11647"": 0.0, ""12509"": 0.0, ""12547"": 0.0, ""13274"": 0.0, ""13308"": 0.0, ""13333"": 0.0, ""13348"": 0.0, ""13350"": 0.0, ""13380"": 0.0, ""13404"": 0.0, ""13422"": 0.0, ""3163"": 0.0, ""4034"": 0.0, ""4881"": 0.0, ""5012"": 0.0, ""6813"": 0.0, ""7021"": 0.0, ""7528"": 0.0, ""8130"": 0.0, ""8408"": 0.0, ""9506"": 0.0, ""9756"": 0.0, ""9997"": 0.0}","[0.0, 0.0, 0.0, 0.0, 0.0, 0.0, 0.0, 0.0, 0.0, 0.0]"
2026-10-10T13:26:55+00:00,1370218620990263296,9,1,8,0.0,"[""10213"", ""10229"", ""11563"", ""11632"", ""12455"", ""12471"", ""12474"", ""12476"", ""12492"", ""12501"", ""12530"", ""12545"", ""13477"", ""1479"", ""3271"", ""4018"", ""4199"", ""4217"", ""4993"", ""6803"", ""7588"", ""7828"", ""8111"", ""8121"", ""8138"", ""8144"", ""8154"", ""8161"", ""8180"", ""8698"", ""9509""]","[""11563"", ""8138"", ""9509"", ""8144"", ""12501"", ""11632"", ""4217"", ""7588"", ""4199"", ""12545""]","{""10213"": 0.0, ""10229"": 0.0, ""11563"": 0.0, ""11632"": 0.0, ""12455"": 0.0, ""12471"": 0.0, ""12474"": 0.0, ""12476"": 0.0, ""12492"": 0.0, ""12501"": 0.0, ""12530"": 0.0, ""12545"": 0.0, ""13477"": 0.0, ""1479"": 0.0, ""3271"": 0.0, ""4018"": 0.0, ""4199"": 0.0, ""4217"": 0.0, ""4993"": 0.0, ""6803"": 0.0, ""7588"": 0.0, ""7828"": 0.0, ""8111"": 0.0, ""8121"": 0.0, ""8138"": 0.0, ""8144"": 0.0, ""8154"": 0.0, ""8161"": 0.0, ""8180"": 0.0, ""8698"": 0.0, ""9509"": 0.0}","[0.0, 0.0, 0.0, 0.0, 0.0, 0.0, 0.0, 0.0, 0.0, 0.0]"
2026-10-10T13:26:55+00:00,1370218620990263296,9,1,9,0.0,"[""10444"", ""11256"", ""11557"", ""11560"", ""11600"", ""11628"", ""11631"", ""12467"", ""12483"", ""12485"", ""12502"", ""12518"", ""12533"", ""12541"", ""13268"", ""13286"", ""13288"", ""13418"", ""3321"", ""5846"", ""5854"", ""5967"", ""6806"", ""7523"", ""7527"", ""7547"", ""8126"", ""8228"", ""9508"", ""9511""]","[""7523"", ""8228"", ""12533"", ""7547"", ""11631"", ""5846"", ""12518"", ""8126"", ""5967"", ""11256""]","{""10444"": 0.0, ""11256"": 0.0, ""11557"": 0.0, ""11560"": 0.0, ""11600"": 0.0, ""11628"": 0.0, ""11631"": 0.0, ""12467"": 0.0, ""12483"": 0.0, ""12485"": 0.0, ""12502"": 0.0, ""12518"": 0.0, ""12533"": 0.0, ""12541"": 0.0, ""13268"": 0.0, ""13286"": 0.0, ""13288"": 0.0, ""13418"": 0.0, ""3321"": 0.0, ""5846"": 0.0, ""5854"": 0.0, ""5967"": 0.0, ""6806"": 0.0, ""7523"": 0.0, ""7527"": 0.0, ""7547"": 0.0, ""8126"": 0.0, ""8228"": 0.0, ""9508"": 0.0, ""9511"": 0.0}","[0.0, 0.0, 0.0, 0.0, 0.0, 0.0, 0.0, 0.0, 0.0, 0.0]"
2026-10-10T13:26:55+00:00,1370218620990263296,9,3,10,0.0,"[""10235"", ""10236"", ""11608"", ""12457"", ""12469"", ""12481"", ""12495"", ""12527"", ""13294"", ""13298"", ""13301"", ""13319"", ""13329"", ""13408"", ""13421"", ""13557"", ""19"", ""2307"", ""2449"", ""421"", ""4454"", ""5870"", ""6149"", ""6819"", ""6931"", ""7585"", ""8112"", ""8146"", ""8183"", ""8210"", ""9482""]","[""8183"", ""12527"", ""12481"", ""8112"", ""8146"", ""13298"", ""10236"", ""9482"", ""12495"", ""421""]","{""10235"": 0.0, ""10236"": 0.0, ""11608"": 0.0, ""12457"": 0.0, ""12469"": 0.0, ""12481"": 0.0, ""12495"": 0.0, ""12527"": 0.0, ""13294"": 0.0, ""13298"": 0.0, ""13301"": 0.0, ""13319"": 0.0, ""13329"": 0.0, ""13408"": 0.0, ""13421"": 0.0, ""13557"": 0.0, ""19"": 0.0, ""2307"": 0.0, ""2449"": 0.0, ""421"": 0.0, ""4454"": 0.0, ""5870"": 0.0, ""6149"": 0.0, ""6819"": 0.0, ""6931"": 0.0, ""7585"": 0.0, ""8112"": 0.0, ""8146"": 0.0, ""8183"": 0.0, ""8210"": 0.0, ""9482"": 0.0}","[0.0, 0.0, 0.0, 0.0, 0.0, 0.0, 0.0, 0.0, 0.0, 0.0]"
2026-10-10T13:26:55+00:00,1370218620990263296,9,6,11,0.0,"[""10857"", ""11370"", ""11581"", ""11583"", ""11610"", ""12048"", ""12487"", ""12490"", ""12536"", ""13270"", ""13282"", ""13305"", ""13311"", ""13320"", ""13324"", ""1339"", ""13413"", ""3198"", ""3257"", ""3634"", ""4017"", ""5022"", ""5850"", ""5927"", ""6794"", ""6804"", ""6904"", ""7564"", ""9484"", ""9754""]","[""6904"", ""12490"", ""3198"", ""7564"", ""11610"", ""6794"", ""9484"", ""5022"", ""5927"", ""6804""]","{""10857"": 0.0, ""11370"": 0.0, ""11581"": 0.0, ""11583"": 0.0, ""11610"": 0.0, ""12048"": 0.0, ""12487"": 0.0, ""12490"": 0.0, ""12536"": 0.0, ""13270"": 0.0, ""13282"": 0.0, ""13305"": 0.0, ""13311"": 0.0, ""13320"": 0.0, ""13324"": 0.0, ""1339"": 0.0, ""13413"": 0.0, ""3198"": 0.0, ""3257"": 0.0, ""3634"": 0.0, ""4017"": 0.0, ""5022"": 0.0, ""5850"": 0.0, ""5927"": 0.0, ""6794"": 0.0, ""6804"": 0.0, ""6904"": 0.0, ""7564"": 0.0, ""9484"": 0.0, ""9754"": 0.0}","[0.0, 0.0, 0.0, 0.0, 0.0, 0.0, 0.0, 0.0, 0.0, 0.0]"
2026-10-10T13:26:55+00:00,1370218620990263296,9,6,12,0.0,"[""10218"", ""11596"", ""11637"", ""11643"", ""11729"", ""12484"", ""12504"", ""12535"", ""13264"", ""13299"", ""1466"", ""3294"", ""4037"", ""4046"", ""4866"", ""5872"", ""5892"", ""6039"", ""6768"", ""6786"", ""6801"", ""7002"", ""7039"", ""7526"", ""7591"", ""8162"", ""8188"", ""8207"", ""9221"", ""9225"", ""9480"", ""9501""]","[""3294"", ""9221"", ""5892"", ""6786"", ""6801"", ""4037"", ""9480"", ""11637"", ""7526"", ""7002""]","{""10218"": 0.0, ""11596"": 0.0, ""11637"": 0.0, ""11643"": 0.0, ""11729"": 0.0, ""12484"": 0.0, ""12504"": 0.0, ""12535"": 0.0, ""13264"": 0.0, ""13299"": 0.0, ""1466"": 0.0, ""3294"": 0.0, ""4037"": 0.0, ""4046"": 0.0, ""4866"": 0.0, ""5872"": 0.0, ""5892"": 0.0, ""6039"": 0.0, ""6768"": 0.0, ""6786"": 0.0, ""6801"": 0.0, ""7002"": 0.0, ""7039"": 0.0, ""7526"": 0.0, ""7591"": 0.0, ""8162"": 0.0, ""8188"": 0.0, ""8207"": 0.0, ""9221"": 0.0, ""9225"": 0.0, ""9480"": 0.0, ""9501"": 0.0}","[0.0, 0.0, 0.0, 0.0, 0.0, 0.0, 0.0, 0.0, 0.0, 0.0]"
2026-10-10T13:26:55+00:00,1370218620990263296,10,2,1,0.0,"[""11566"", ""11604"", ""13317"", ""2505"", ""13434"", ""13278"", ""8168"", ""13293"", ""13345"", ""13346"", ""13425"", ""13533"", ""13303"", ""13281"", ""12718"", ""13269"", ""13275"", ""13394"", ""11624"", ""12511"", ""13287"", ""13279"", ""9494"", ""11655"", ""10219"", ""13392"", ""13423"", ""11630"", ""13330"", ""96"", ""11618"", ""6130"", ""13400"", ""11571"", ""8119""]","[""11566"", ""13287"", ""11571"", ""13279"", ""13346"", ""13317"", ""11604"", ""11630"", ""13330"", ""96""]","{""10219"": 0.0, ""11566"": 0.0, ""11571"": 0.0, ""11604"": 0.0, ""11618"": 0.0, ""11624"": 0.0, ""11630"": 0.0, ""11655"": 0.0, ""12511"": 0.0, ""12718"": 0.0, ""13269"": 0.0, ""13275"": 0.0, ""13278"": 0.0, ""13279"": 0.0, ""13281"": 0.0, ""13287"": 0.0, ""13293"": 0.0, ""13303"": 0.0, ""13317"": 0.0, ""13330"": 0.0, ""13345"": 0.0, ""13346"": 0.0, ""13392"": 0.0, ""13394"": 0.0, ""13400"": 0.0, ""13423"": 0.0, ""13425"": 0.0, ""13434"": 0.0, ""13533"": 0.0, ""2505"": 0.0, ""6130"": 0.0, ""8119"": 0.0, ""8168"": 0.0, ""9494"": 0.0, ""96"": 0.0}","[0.0, 0.0, 0.0, 0.0, 0.0, 0.0, 0.0, 0.0, 0.0, 0.0]"
2026-10-10T13:26:55+00:00,1370218620990263296,10,5,2,0.0,"[""10859"", ""11589"", ""11626"", ""12500"", ""12508"", ""12522"", ""13272"", ""13277"", ""13309"", ""13336"", ""13338"", ""13355"", ""2133"", ""2216"", ""4033"", ""4066"", ""4137"", ""4981"", ""4983"", ""5844"", ""5848"", ""5849"", ""5859"", ""6865"", ""7049"", ""7600"", ""7611"", ""8132"", ""8151"", ""9493"", ""9504""]","[""5849"", ""8132"", ""7611"", ""9493"", ""2216"", ""2133"", ""10859"", ""4983"", ""5844"", ""4066""]","{""10859"": 0.0, ""11589"": 0.0, ""11626"": 0.0, ""12500"": 0.0, ""12508"": 0.0, ""12522"": 0.0, ""13272"": 0.0, ""13277"": 0.0, ""13309"": 0.0, ""13336"": 0.0, ""13338"": 0.0, ""13355"": 0.0, ""2133"": 0.0, ""2216"": 0.0, ""4033"": 0.0, ""4066"": 0.0, ""4137"": 0.0, ""4981"": 0.0, ""4983"": 0.0, ""5844"": 0.0, ""5848"": 0.0, ""5849"": 0.0, ""5859"": 0.0, ""6865"": 0.0, ""7049"": 0.0, ""7600"": 0.0, ""7611"": 0.0, ""8132"": 0.0, ""8151"": 0.0, ""9493"": 0.0, ""9504"": 0.0}","[0.0, 0.0, 0.0, 0.0, 0.0, 0.0, 0.0, 0.0, 0.0, 0.0]"
2026-10-10T13:26:55+00:00,1370218620990263296,10,4,3,0.0,"[""5001"", ""9502"", ""11435"", ""4035"", ""11834"", ""5045"", ""12544"", ""9500"", ""9224"", ""12494"", ""9757"", ""11603"", ""12472"", ""4950"", ""12497"", ""13276"", ""6826"", ""4147"", ""9481"", ""2306"", ""6770"", ""13353"", ""12514"", ""12519"", ""8110"", ""1166"", ""8205"", ""13342"", ""1373"", ""6790"", ""5995"", ""12507"", ""11584"", ""9487""]","[""6770"", ""11584"", ""9224"", ""12519"", ""12514"", ""9487"", ""5001"", ""11435"", ""12507"", ""1166""]","{""11435"": 0.0, ""11584"": 0.0, ""11603"": 0.0, ""1166"": 0.0, ""11834"": 0.0, ""12472"": 0.0, ""12494"": 0.0, ""12497"": 0.0, ""12507"": 0.0, ""12514"": 0.0, ""12519"": 0.0, ""12544"": 0.0, ""13276"": 0.0, ""13342"": 0.0, ""13353"": 0.0, ""1373"": 0.0, ""2306"": 0.0, ""4035"": 0.0, ""4147"": 0.0, ""4950"": 0.0, ""5001"": 0.0, ""5045"": 0.0, ""5995"": 0.0, ""6770"": 0.0, ""6790"": 0.0, ""6826"": 0.0, ""8110"": 0.0, ""8205"": 0.0, ""9224"": 0.0, ""9481"": 0.0, ""9487"": 0.0, ""9500"": 0.0, ""9502"": 0.0, ""9757"": 0.0}","[0.0, 0.0, 0.0, 0.0, 0.0, 0.0, 0.0, 0.0, 0.0, 0.0]"
2026-10-10T13:26:55+00:00,1370218620990263296,10,5,4,0.0,"[""12505"", ""13322"", ""13306"", ""8800"", ""8127"", ""13402"", ""9230"", ""12521"", ""3161"", ""8150"", ""12498"", ""11646"", ""12534"", ""12526"", ""12512"", ""9229"", ""4177"", ""13285"", ""13307"", ""13401"", ""11586"", ""7083"", ""4892"", ""9486"", ""13964"", ""12524"", ""13347"", ""11635"", ""9488"", ""10222"", ""4943"", ""8136"", ""12517"", ""13302""]","[""4943"", ""12512"", ""8150"", ""9488"", ""9486"", ""13285"", ""12517"", ""11586"", ""11635"", ""7083""]","{""10222"": 0.0, ""11586"": 0.0, ""11635"": 0.0, ""11646"": 0.0, ""12498"": 0.0, ""12505"": 0.0, ""12512"": 0.0, ""12517"": 0.0, ""12521"": 0.0, ""12524"": 0.0, ""12526"": 0.0, ""12534"": 0.0, ""13285"": 0.0, ""13302"": 0.0, ""13306"": 0.0, ""13307"": 0.0, ""13322"": 0.0, ""13347"": 0.0, ""13401"": 0.0, ""13402"": 0.0, ""13964"": 0.0, ""3161"": 0.0, ""4177"": 0.0, ""4892"": 0.0, ""4943"": 0.0, ""7083"": 0.0, ""8127"": 0.0, ""8136"": 0.0, ""8150"": 0.0, ""8800"": 0.0, ""9229"": 0.0, ""9230"": 0.0, ""9486"": 0.0, ""9488"": 0.0}","[0.0, 0.0, 0.0, 0.0, 0.0, 0.0, 0.0, 0.0, 0.0, 0.0]"
2026-10-10T13:26:55+00:00,1370218620990263296,10,3,5,0.0,"[""11575"", ""11577"", ""11625"", ""12493"", ""12499"", ""12531"", ""12540"", ""13335"", ""13405"", ""3214"", ""4663"", ""4984"", ""5947"", ""6012"", ""6783"", ""6828"", ""7090"", ""7525"", ""7543"", ""7567"", ""7594"", ""7670"", ""8131"", ""8137"", ""8167"", ""8676"", ""9226"", ""9479"", ""9753"", ""9758""]","[""4984"", ""11577"", ""7567"", ""8137"", ""8167"", ""7525"", ""8131"", ""5947"", ""3214"", ""9758""]","{""11575"": 0.0, ""11577"": 0.0, ""11625"": 0.0, ""12493"": 0.0, ""12499"": 0.0, ""12531"": 0.0, ""12540"": 0.0, ""13335"": 0.0, ""13405"": 0.0, ""3214"": 0.0, ""4663"": 0.0, ""4984"": 0.0, ""5947"": 0.0, ""6012"": 0.0, ""6783"": 0.0, ""6828"": 0.0, ""7090"": 0.0, ""7525"": 0.0, ""7543"": 0.0, ""7567"": 0.0, ""7594"": 0.0, ""7670"": 0.0, ""8131"": 0.0, ""8137"": 0.0, ""8167"": 0.0, ""8676"": 0.0, ""9226"": 0.0, ""9479"": 0.0, ""9753"": 0.0, ""9758"": 0.0}","[0.0, 0.0, 0.0, 0.0, 0.0, 0.0, 0.0, 0.0, 0.0, 0.0]"
2026-10-10T13:26:55+00:00,1370218620990263296,10,2,6,0.0,"[""11559"", ""11564"", ""11576"", ""11783"", ""12489"", ""12506"", ""12510"", ""12529"", ""13289"", ""13296"", ""13300"", ""13314"", ""13337"", ""13349"", ""13411"", ""13414"", ""13417"", ""13420"", ""13424"", ""3286"", ""4039"", ""6797"", ""7553"", ""7569"", ""7571"", ""8134"", ""8142"", ""8148"", ""8155"", ""8172"", ""9228""]","[""11564"", ""11576"", ""12489"", ""7569"", ""8148"", ""11783"", ""12506"", ""12529"", ""8134"", ""11559""]","{""11559"": 0.0, ""11564"": 0.0, ""11576"": 0.0, ""11783"": 0.0, ""12489"": 0.0, ""12506"": 0.0, ""12510"": 0.0, ""12529"": 0.0, ""13289"": 0.0, ""13296"": 0.0, ""13300"": 0.0, ""13314"": 0.0, ""13337"": 0.0, ""13349"": 0.0, ""13411"": 0.0, ""13414"": 0.0, ""13417"": 0.0, ""13420"": 0.0, ""13424"": 0.0, ""3286"": 0.0, ""4039"": 0.0, ""6797"": 0.0, ""7553"": 0.0, ""7569"": 0.0, ""7571"": 0.0, ""8134"": 0.0, ""8142"": 0.0, ""8148"": 0.0, ""8155"": 0.0, ""8172"": 0.0, ""9228"": 0.0}","[0.0, 0.0, 0.0, 0.0, 0.0, 0.0, 0.0, 0.0, 0.0, 0.0]"
2026-10-10T13:26:55+00:00,1370218620990263296,10,3,7,0.0,"[""10232"", ""11565"", ""11597"", ""11620"", ""11627"", ""11638"", ""11647"", ""12509"", ""12547"", ""13274"", ""13308"", ""13333"", ""13348"", ""13350"", ""13380"", ""13404"", ""13422"", ""3163"", ""4034"", ""4881"", ""5012"", ""6813"", ""7021"", ""7528"", ""8130"", ""8408"", ""9506"", ""9756"", ""9997""]","[""3163"", ""6813"", ""4034"", ""9997"", ""10232"", ""11620"", ""8130"", ""9756"", ""5012"", ""7021""]","{""10232"": 0.0, ""11565"": 0.0, ""11597"": 0.0, ""11620"": 0.0, ""11627"": 0.0, ""11638"": 0.0, ""11647"": 0.0, ""12509"": 0.0, ""12547"": 0.0, ""13274"": 0.0, ""13308"": 0.0, ""13333"": 0.0, ""13348"": 0.0, ""13350"": 0.0, ""13380"": 0.0, ""13404"": 0.0, ""13422"": 0.0, ""3163"": 0.0, ""4034"": 0.0, ""4881"": 0.0, ""5012"": 0.0, ""6813"": 0.0, ""7021"": 0.0, ""7528"": 0.0, ""8130"": 0.0, ""8408"": 0.0, ""9506"": 0.0, ""9756"": 0.0, ""9997"": 0.0}","[0.0, 0.0, 0.0, 0.0, 0.0, 0.0, 0.0, 0.0, 0.0, 0.0]"
2026-10-10T13:26:55+00:00,1370218620990263296,10,6,8,0.0,"[""10213"", ""10229"", ""11563"", ""11632"", ""12455"", ""12471"", ""12474"", ""12476"", ""12492"", ""12501"", ""12530"", ""12545"", ""13477"", ""1479"", ""3271"", ""4018"", ""4199"", ""4217"", ""4993"", ""6803"", ""7588"", ""7828"", ""8111"", ""8121"", ""8138"", ""8144"", ""8154"", ""8161"", ""8180"", ""8698"", ""9509""]","[""11563"", ""8138"", ""9509"", ""8144"", ""12501"", ""11632"", ""4217"", ""7588"", ""4199"", ""12545""]","{""10213"": 0.0, ""10229"": 0.0, ""11563"": 0.0, ""11632"": 0.0, ""12455"": 0.0, ""12471"": 0.0, ""12474"": 0.0, ""12476"": 0.0, ""12492"": 0.0, ""12501"": 0.0, ""12530"": 0.0, ""12545"": 0.0, ""13477"": 0.0, ""1479"": 0.0, ""3271"": 0.0, ""4018"": 0.0, ""4199"": 0.0, ""4217"": 0.0, ""4993"": 0.0, ""6803"": 0.0, ""7588"": 0.0, ""7828"": 0.0, ""8111"": 0.0, ""8121"": 0.0, ""8138"": 0.0, ""8144"": 0.0, ""8154"": 0.0, ""8161"": 0.0, ""8180"": 0.0, ""8698"": 0.0, ""9509"": 0.0}","[0.0, 0.0, 0.0, 0.0, 0.0, 0.0, 0.0, 0.0, 0.0, 0.0]"
2026-10-10T13:26:55+00:00,1370218620990263296,10,1,9,0.0,"[""10444"", ""11256"", ""11557"", ""11560"", ""11600"", ""11628"", ""11631"", ""12467"", ""12483"", ""12485"", ""12502"", ""12518"", ""12533"", ""12541"", ""13268"", ""13286"", ""13288"", ""13418"", ""3321"", ""5846"", ""5854"", ""5967"", ""6806"", ""7523"", ""7527"", ""7547"", ""8126"", ""8228"", ""9508"", ""9511""]","[""7523"", ""8228"", ""12533"", ""7547"", ""11631"", ""5846"", ""12518"", ""8126"", ""5967"", ""11256""]","{""10444"": 0.0, ""11256"": 0.0, ""11557"": 0.0, ""11560"": 0.0, ""11600"": 0.0, ""11628"": 0.0, ""11631"": 0.0, ""12467"": 0.0, ""12483"": 0.0, ""12485"": 0.0, ""12502"": 0.0, ""12518"": 0.0, ""12533"": 0.0, ""12541"": 0.0, ""13268"": 0.0, ""13286"": 0.0, ""13288"": 0.0, ""13418"": 0.0, ""3321"": 0.0, ""5846"": 0.0, ""5854"": 0.0, ""5967"": 0.0, ""6806"": 0.0, ""7523"": 0.0, ""7527"": 0.0, ""7547"": 0.0, ""8126"": 0.0, ""8228"": 0.0, ""9508"": 0.0, ""9511"": 0.0}","[0.0, 0.0, 0.0, 0.0, 0.0, 0.0, 0.0, 0.0, 0.0, 0.0]"
2026-10-10T13:26:55+00:00,1370218620990263296,10,6,10,0.0,"[""10235"", ""10236"", ""11608"", ""12457"", ""12469"", ""12481"", ""12495"", ""12527"", ""13294"", ""13298"", ""13301"", ""13319"", ""13329"", ""13408"", ""13421"", ""13557"", ""19"", ""2307"", ""2449"", ""421"", ""4454"", ""5870"", ""6149"", ""6819"", ""6931"", ""7585"", ""8112"", ""8146"", ""8183"", ""8210"", ""9482""]","[""8183"", ""12527"", ""12481"", ""8112"", ""8146"", ""13298"", ""10236"", ""9482"", ""12495"", ""421""]","{""10235"": 0.0, ""10236"": 0.0, ""11608"": 0.0, ""12457"": 0.0, ""12469"": 0.0, ""12481"": 0.0, ""12495"": 0.0, ""12527"": 0.0, ""13294"": 0.0, ""13298"": 0.0, ""13301"": 0.0, ""13319"": 0.0, ""13329"": 0.0, ""13408"": 0.0, ""13421"": 0.0, ""13557"": 0.0, ""19"": 0.0, ""2307"": 0.0, ""2449"": 0.0, ""421"": 0.0, ""4454"": 0.0, ""5870"": 0.0, ""6149"": 0.0, ""6819"": 0.0, ""6931"": 0.0, ""7585"": 0.0, ""8112"": 0.0, ""8146"": 0.0, ""8183"": 0.0, ""8210"": 0.0, ""9482"": 0.0}","[0.0, 0.0, 0.0, 0.0, 0.0, 0.0, 0.0, 0.0, 0.0, 0.0]"
2026-10-10T13:26:55+00:00,1370218620990263296,10,1,11,0.0,"[""10857"", ""11370"", ""11581"", ""11583"", ""11610"", ""12048"", ""12487"", ""12490"", ""12536"", ""13270"", ""13282"", ""13305"", ""13311"", ""13320"", ""13324"", ""1339"", ""13413"", ""3198"", ""3257"", ""3634"", ""4017"", ""5022"", ""5850"", ""5927"", ""6794"", ""6804"", ""6904"", ""7564"", ""9484"", ""9754""]","[""6904"", ""12490"", ""3198"", ""7564"", ""11610"", ""6794"", ""9484"", ""5022"", ""5927"", ""6804""]","{""10857"": 0.0, ""11370"": 0.0, ""11581"": 0.0, ""11583"": 0.0, ""11610"": 0.0, ""12048"": 0.0, ""12487"": 0.0, ""12490"": 0.0, ""12536"": 0.0, ""13270"": 0.0, ""13282"": 0.0, ""13305"": 0.0, ""13311"": 0.0, ""13320"": 0.0, ""13324"": 0.0, ""1339"": 0.0, ""13413"": 0.0, ""3198"": 0.0, ""3257"": 0.0, ""3634"": 0.0, ""4017"": 0.0, ""5022"": 0.0, ""5850"": 0.0, ""5927"": 0.0, ""6794"": 0.0, ""6804"": 0.0, ""6904"": 0.0, ""7564"": 0.0, ""9484"": 0.0, ""9754"": 0.0}","[0.0, 0.0, 0.0, 0.0, 0.0, 0.0, 0.0, 0.0, 0.0, 0.0]"
2026-10-10T13:26:55+00:00,1370218620990263296,10,4,12,0.0,"[""10218"", ""11596"", ""11637"", ""11643"", ""11729"", ""12484"", ""12504"", ""12535"", ""13264"", ""13299"", ""1466"", ""3294"", ""4037"", ""4046"", ""4866"", ""5872"", ""5892"", ""6039"", ""6768"", ""6786"", ""6801"", ""7002"", ""7039"", ""7526"", ""7591"", ""8162"", ""8188"", ""8207"", ""9221"", ""9225"", ""9480"", ""9501""]","[""3294"", ""9221"", ""5892"", ""6786"", ""6801"", ""4037"", ""9480"", ""11637"", ""7526"", ""7002""]","{""10218"": 0.0, ""11596"": 0.0, ""11637"": 0.0, ""11643"": 0.0, ""11729"": 0.0, ""12484"": 0.0, ""12504"": 0.0, ""12535"": 0.0, ""13264"": 0.0, ""13299"": 0.0, ""1466"": 0.0, ""3294"": 0.0, ""4037"": 0.0, ""4046"": 0.0, ""4866"": 0.0, ""5872"": 0.0, ""5892"": 0.0, ""6039"": 0.0, ""6768"": 0.0, ""6786"": 0.0, ""6801"": 0.0, ""7002"": 0.0, ""7039"": 0.0, ""7526"": 0.0, ""7591"": 0.0, ""8162"": 0.0, ""8188"": 0.0, ""8207"": 0.0, ""9221"": 0.0, ""9225"": 0.0, ""9480"": 0.0, ""9501"": 0.0}","[0.0, 0.0, 0.0, 0.0, 0.0, 0.0, 0.0, 0.0, 0.0, 0.0]"
2026-10-10T13:26:55+00:00,1370218620990263296,11,2,1,0.0,"[""11566"", ""11604"", ""13317"", ""2505"", ""13434"", ""13278"", ""8168"", ""13293"", ""13345"", ""13346"", ""13425"", ""13533"", ""13303"", ""13281"", ""12718"", ""13269"", ""13275"", ""13394"", ""11624"", ""12511"", ""13287"", ""13279"", ""9494"", ""11655"", ""10219"", ""13392"", ""13423"", ""11630"", ""13330"", ""96"", ""11618"", ""6130"", ""13400"", ""11571"", ""8119""]","[""11566"", ""13287"", ""11571"", ""13279"", ""13346"", ""13317"", ""11604"", ""11630"", ""13330"", ""96""]","{""10219"": 0.0, ""11566"": 0.0, ""11571"": 0.0, ""11604"": 0.0, ""11618"": 0.0, ""11624"": 0.0, ""11630"": 0.0, ""11655"": 0.0, ""12511"": 0.0, ""12718"": 0.0, ""13269"": 0.0, ""13275"": 0.0, ""13278"": 0.0, ""13279"": 0.0, ""13281"": 0.0, ""13287"": 0.0, ""13293"": 0.0, ""13303"": 0.0, ""13317"": 0.0, ""13330"": 0.0, ""13345"": 0.0, ""13346"": 0.0, ""13392"": 0.0, ""13394"": 0.0, ""13400"": 0.0, ""13423"": 0.0, ""13425"": 0.0, ""13434"": 0.0, ""13533"": 0.0, ""2505"": 0.0, ""6130"": 0.0, ""8119"": 0.0, ""8168"": 0.0, ""9494"": 0.0, ""96"": 0.0}","[0.0, 0.0, 0.0, 0.0, 0.0, 0.0, 0.0, 0.0, 0.0, 0.0]"
2026-10-10T13:26:55+00:00,1370218620990263296,11,5,2,0.0,"[""10859"", ""11589"", ""11626"", ""12500"", ""12508"", ""12522"", ""13272"", ""13277"", ""13309"", ""13336"", ""13338"", ""13355"", ""2133"", ""2216"", ""4033"", ""4066"", ""4137"", ""4981"", ""4983"", ""5844"", ""5848"", ""5849"", ""5859"", ""6865"", ""7049"", ""7600"", ""7611"", ""8132"", ""8151"", ""9493"", ""9504""]","[""5849"", ""8132"", ""7611"", ""9493"", ""2216"", ""2133"", ""10859"", ""4983"", ""5844"", ""4066""]","{""10859"": 0.0, ""11589"": 0.0, ""11626"": 0.0, ""12500"": 0.0, ""12508"": 0.0, ""12522"": 0.0, ""13272"": 0.0, ""13277"": 0.0, ""13309"": 0.0, ""13336"": 0.0, ""13338"": 0.0, ""13355"": 0.0, ""2133"": 0.0, ""2216"": 0.0, ""4033"": 0.0, ""4066"": 0.0, ""4137"": 0.0, ""4981"": 0.0, ""4983"": 0.0, ""5844"": 0.0, ""5848"": 0.0, ""5849"": 0.0, ""5859"": 0.0, ""6865"": 0.0, ""7049"": 0.0, ""7600"": 0.0, ""7611"": 0.0, ""8132"": 0.0, ""8151"": 0.0, ""9493"": 0.0, ""9504"": 0.0}","[0.0, 0.0, 0.0, 0.0, 0.0, 0.0, 0.0, 0.0, 0.0, 0.0]"
2026-10-10T13:26:55+00:00,1370218620990263296,11,4,3,0.0,"[""5001"", ""9502"", ""11435"", ""4035"", ""11834"", ""5045"", ""12544"", ""9500"", ""9224"", ""12494"", ""9757"", ""11603"", ""12472"", ""4950"", ""12497"", ""13276"", ""6826"", ""4147"", ""9481"", ""2306"", ""6770"", ""13353"", ""12514"", ""12519"", ""8110"", ""1166"", ""8205"", ""13342"", ""1373"", ""6790"", ""5995"", ""12507"", ""11584"", ""9487""]","[""6770"", ""11584"", ""9224"", ""12519"", ""12514"", ""9487"", ""5001"", ""11435"", ""12507"", ""1166""]","{""11435"": 0.0, ""11584"": 0.0, ""11603"": 0.0, ""1166"": 0.0, ""11834"": 0.0, ""12472"": 0.0, ""12494"": 0.0, ""12497"": 0.0, ""12507"": 0.0, ""12514"": 0.0, ""12519"": 0.0, ""12544"": 0.0, ""13276"": 0.0, ""13342"": 0.0, ""13353"": 0.0, ""1373"": 0.0, ""2306"": 0.0, ""4035"": 0.0, ""4147"": 0.0, ""4950"": 0.0, ""5001"": 0.0, ""5045"": 0.0, ""5995"": 0.0, ""6770"": 0.0, ""6790"": 0.0, ""6826"": 0.0, ""8110"": 0.0, ""8205"": 0.0, ""9224"": 0.0, ""9481"": 0.0, ""9487"": 0.0, ""9500"": 0.0, ""9502"": 0.0, ""9757"": 0.0}","[0.0, 0.0, 0.0, 0.0, 0.0, 0.0, 0.0, 0.0, 0.0, 0.0]"
2026-10-10T13:26:55+00:00,1370218620990263296,11,6,4,0.0,"[""12505"", ""13322"", ""13306"", ""8800"", ""8127"", ""13402"", ""9230"", ""12521"", ""3161"", ""8150"", ""12498"", ""11646"", ""12534"", ""12526"", ""12512"", ""9229"", ""4177"", ""13285"", ""13307"", ""13401"", ""11586"", ""7083"", ""4892"", ""9486"", ""13964"", ""12524"", ""13347"", ""11635"", ""9488"", ""10222"", ""4943"", ""8136"", ""12517"", ""13302""]","[""4943"", ""12512"", ""8150"", ""9488"", ""9486"", ""13285"", ""12517"", ""11586"", ""11635"", ""7083""]","{""10222"": 0.0, ""11586"": 0.0, ""11635"": 0.0, ""11646"": 0.0, ""12498"": 0.0, ""12505"": 0.0, ""12512"": 0.0, ""12517"": 0.0, ""12521"": 0.0, ""12524"": 0.0, ""12526"": 0.0, ""12534"": 0.0, ""13285"": 0.0, ""13302"": 0.0, ""13306"": 0.0, ""13307"": 0.0, ""13322"": 0.0, ""13347"": 0.0, ""13401"": 0.0, ""13402"": 0.0, ""13964"": 0.0, ""3161"": 0.0, ""4177"": 0.0, ""4892"": 0.0, ""4943"": 0.0, ""7083"": 0.0, ""8127"": 0.0, ""8136"": 0.0, ""8150"": 0.0, ""8800"": 0.0, ""9229"": 0.0, ""9230"": 0.0, ""9486"": 0.0, ""9488"": 0.0}","[0.0, 0.0, 0.0, 0.0, 0.0, 0.0, 0.0, 0.0, 0.0, 0.0]"
2026-10-10T13:26:55+00:00,1370218620990263296,11,4,5,0.0,"[""11575"", ""11577"", ""11625"", ""12493"", ""12499"", ""12531"", ""12540"", ""13335"", ""13405"", ""3214"", ""4663"", ""4984"", ""5947"", ""6012"", ""6783"", ""6828"", ""7090"", ""7525"", ""7543"", ""7567"", ""7594"", ""7670"", ""8131"", ""8137"", ""8167"", ""8676"", ""9226"", ""9479"", ""9753"", ""9758""]","[""4984"", ""11577"", ""7567"", ""8137"", ""8167"", ""7525"", ""8131"", ""5947"", ""3214"", ""9758""]","{""11575"": 0.0, ""11577"": 0.0, ""11625"": 0.0, ""12493"": 0.0, ""12499"": 0.0, ""12531"": 0.0, ""12540"": 0.0, ""13335"": 0.0, ""13405"": 0.0, ""3214"": 0.0, ""4663"": 0.0, ""4984"": 0.0, ""5947"": 0.0, ""6012"": 0.0, ""6783"": 0.0, ""6828"": 0.0, ""7090"": 0.0, ""7525"": 0.0, ""7543"": 0.0, ""7567"": 0.0, ""7594"": 0.0, ""7670"": 0.0, ""8131"": 0.0, ""8137"": 0.0, ""8167"": 0.0, ""8676"": 0.0, ""9226"": 0.0, ""9479"": 0.0, ""9753"": 0.0, ""9758"": 0.0}","[0.0, 0.0, 0.0, 0.0, 0.0, 0.0, 0.0, 0.0, 0.0, 0.0]"
2026-10-10T13:26:55+00:00,1370218620990263296,11,1,6,0.0,"[""11559"", ""11564"", ""11576"", ""11783"", ""12489"", ""12506"", ""12510"", ""12529"", ""13289"", ""13296"", ""13300"", ""13314"", ""13337"", ""13349"", ""13411"", ""13414"", ""13417"", ""13420"", ""13424"", ""3286"", ""4039"", ""6797"", ""7553"", ""7569"", ""7571"", ""8134"", ""8142"", ""8148"", ""8155"", ""8172"", ""9228""]","[""11564"", ""11576"", ""12489"", ""7569"", ""8148"", ""11783"", ""12506"", ""12529"", ""8134"", ""11559""]","{""11559"": 0.0, ""11564"": 0.0, ""11576"": 0.0, ""11783"": 0.0, ""12489"": 0.0, ""12506"": 0.0, ""12510"": 0.0, ""12529"": 0.0, ""13289"": 0.0, ""13296"": 0.0, ""13300"": 0.0, ""13314"": 0.0, ""13337"": 0.0, ""13349"": 0.0, ""13411"": 0.0, ""13414"": 0.0, ""13417"": 0.0, ""13420"": 0.0, ""13424"": 0.0, ""3286"": 0.0, ""4039"": 0.0, ""6797"": 0.0, ""7553"": 0.0, ""7569"": 0.0, ""7571"": 0.0, ""8134"": 0.0, ""8142"": 0.0, ""8148"": 0.0, ""8155"": 0.0, ""8172"": 0.0, ""9228"": 0.0}","[0.0, 0.0, 0.0, 0.0, 0.0, 0.0, 0.0, 0.0, 0.0, 0.0]"
2026-10-10T13:26:55+00:00,1370218620990263296,11,3,7,0.0,"[""10232"", ""11565"", ""11597"", ""11620"", ""11627"", ""11638"", ""11647"", ""12509"", ""12547"", ""13274"", ""13308"", ""13333"", ""13348"", ""13350"", ""13380"", ""13404"", ""13422"", ""3163"", ""4034"", ""4881"", ""5012"", ""6813"", ""7021"", ""7528"", ""8130"", ""8408"", ""9506"", ""9756"", ""9997""]","[""3163"", ""6813"", ""4034"", ""9997"", ""10232"", ""11620"", ""8130"", ""9756"", ""5012"", ""7021""]","{""10232"": 0.0, ""11565"": 0.0, ""11597"": 0.0, ""11620"": 0.0, ""11627"": 0.0, ""11638"": 0.0, ""11647"": 0.0, ""12509"": 0.0, ""12547"": 0.0, ""13274"": 0.0, ""13308"": 0.0, ""13333"": 0.0, ""13348"": 0.0, ""13350"": 0.0, ""13380"": 0.0, ""13404"": 0.0, ""13422"": 0.0, ""3163"": 0.0, ""4034"": 0.0, ""4881"": 0.0, ""5012"": 0.0, ""6813"": 0.0, ""7021"": 0.0, ""7528"": 0.0, ""8130"": 0.0, ""8408"": 0.0, ""9506"": 0.0, ""9756"": 0.0, ""9997"": 0.0}","[0.0, 0.0, 0.0, 0.0, 0.0, 0.0, 0.0, 0.0, 0.0, 0.0]"
2026-10-10T13:26:55+00:00,1370218620990263296,11,5,8,0.0,"[""10213"", ""10229"", ""11563"", ""11632"", ""12455"", ""12471"", ""12474"", ""12476"", ""12492"", ""12501"", ""12530"", ""12545"", ""13477"", ""1479"", ""3271"", ""4018"", ""4199"", ""4217"", ""4993"", ""6803"", ""7588"", ""7828"", ""8111"", ""8121"", ""8138"", ""8144"", ""8154"", ""8161"", ""8180"", ""8698"", ""9509""]","[""11563"", ""8138"", ""9509"", ""8144"", ""12501"", ""11632"", ""4217"", ""7588"", ""4199"", ""12545""]","{""10213"": 0.0, ""10229"": 0.0, ""11563"": 0.0, ""11632"": 0.0, ""12455"": 0.0, ""12471"": 0.0, ""12474"": 0.0, ""12476"": 0.0, ""12492"": 0.0, ""12501"": 0.0, ""12530"": 0.0, ""12545"": 0.0, ""13477"": 0.0, ""1479"": 0.0, ""3271"": 0.0, ""4018"": 0.0, ""4199"": 0.0, ""4217"": 0.0, ""4993"": 0.0, ""6803"": 0.0, ""7588"": 0.0, ""7828"": 0.0, ""8111"": 0.0, ""8121"": 0.0, ""8138"": 0.0, ""8144"": 0.0, ""8154"": 0.0, ""8161"": 0.0, ""8180"": 0.0, ""8698"": 0.0, ""9509"": 0.0}","[0.0, 0.0, 0.0, 0.0, 0.0, 0.0, 0.0, 0.0, 0.0, 0.0]"
2026-10-10T13:26:55+00:00,1370218620990263296,11,1,9,0.0,"[""10444"", ""11256"", ""11557"", ""11560"", ""11600"", ""11628"", ""11631"", ""12467"", ""12483"", ""12485"", ""12502"", ""12518"", ""12533"", ""12541"", ""13268"", ""13286"", ""13288"", ""13418"", ""3321"", ""5846"", ""5854"", ""5967"", ""6806"", ""7523"", ""7527"", ""7547"", ""8126"", ""8228"", ""9508"", ""9511""]","[""7523"", ""8228"", ""12533"", ""7547"", ""11631"", ""5846"", ""12518"", ""8126"", ""5967"", ""11256""]","{""10444"": 0.0, ""11256"": 0.0, ""11557"": 0.0, ""11560"": 0.0, ""11600"": 0.0, ""11628"": 0.0, ""11631"": 0.0, ""12467"": 0.0, ""12483"": 0.0, ""12485"": 0.0, ""12502"": 0.0, ""12518"": 0.0, ""12533"": 0.0, ""12541"": 0.0, ""13268"": 0.0, ""13286"": 0.0, ""13288"": 0.0, ""13418"": 0.0, ""3321"": 0.0, ""5846"": 0.0, ""5854"": 0.0, ""5967"": 0.0, ""6806"": 0.0, ""7523"": 0.0, ""7527"": 0.0, ""7547"": 0.0, ""8126"": 0.0, ""8228"": 0.0, ""9508"": 0.0, ""9511"": 0.0}","[0.0, 0.0, 0.0, 0.0, 0.0, 0.0, 0.0, 0.0, 0.0, 0.0]"
2026-10-10T13:26:55+00:00,1370218620990263296,11,6,10,0.0,"[""10235"", ""10236"", ""11608"", ""12457"", ""12469"", ""12481"", ""12495"", ""12527"", ""13294"", ""13298"", ""13301"", ""13319"", ""13329"", ""13408"", ""13421"", ""13557"", ""19"", ""2307"", ""2449"", ""421"", ""4454"", ""5870"", ""6149"", ""6819"", ""6931"", ""7585"", ""8112"", ""8146"", ""8183"", ""8210"", ""9482""]","[""8183"", ""12527"", ""12481"", ""8112"", ""8146"", ""13298"", ""10236"", ""9482"", ""12495"", ""421""]","{""10235"": 0.0, ""10236"": 0.0, ""11608"": 0.0, ""12457"": 0.0, ""12469"": 0.0, ""12481"": 0.0, ""12495"": 0.0, ""12527"": 0.0, ""13294"": 0.0, ""13298"": 0.0, ""13301"": 0.0, ""13319"": 0.0, ""13329"": 0.0, ""13408"": 0.0, ""13421"": 0.0, ""13557"": 0.0, ""19"": 0.0, ""2307"": 0.0, ""2449"": 0.0, ""421"": 0.0, ""4454"": 0.0, ""5870"": 0.0, ""6149"": 0.0, ""6819"": 0.0, ""6931"": 0.0, ""7585"": 0.0, ""8112"": 0.0, ""8146"": 0.0, ""8183"": 0.0, ""8210"": 0.0, ""9482"": 0.0}","[0.0, 0.0, 0.0, 0.0, 0.0, 0.0, 0.0, 0.0, 0.0, 0.0]"
2026-10-10T13:26:55+00:00,1370218620990263296,11,2,11,0.0,"[""10857"", ""11370"", ""11581"", ""11583"", ""11610"", ""12048"", ""12487"", ""12490"", ""12536"", ""13270"", ""13282"", ""13305"", ""13311"", ""13320"", ""13324"", ""1339"", ""13413"", ""3198"", ""3257"", ""3634"", ""4017"", ""5022"", ""5850"", ""5927"", ""6794"", ""6804"", ""6904"", ""7564"", ""9484"", ""9754""]","[""6904"", ""12490"", ""3198"", ""7564"", ""11610"", ""6794"", ""9484"", ""5022"", ""5927"", ""6804""]","{""10857"": 0.0, ""11370"": 0.0, ""11581"": 0.0, ""11583"": 0.0, ""11610"": 0.0, ""12048"": 0.0, ""12487"": 0.0, ""12490"": 0.0, ""12536"": 0.0, ""13270"": 0.0, ""13282"": 0.0, ""13305"": 0.0, ""13311"": 0.0, ""13320"": 0.0, ""13324"": 0.0, ""1339"": 0.0, ""13413"": 0.0, ""3198"": 0.0, ""3257"": 0.0, ""3634"": 0.0, ""4017"": 0.0, ""5022"": 0.0, ""5850"": 0.0, ""5927"": 0.0, ""6794"": 0.0, ""6804"": 0.0, ""6904"": 0.0, ""7564"": 0.0, ""9484"": 0.0, ""9754"": 0.0}","[0.0, 0.0, 0.0, 0.0, 0.0, 0.0, 0.0, 0.0, 0.0, 0.0]"
2026-10-10T13:26:55+00:00,1370218620990263296,11,3,12,0.0,"[""10218"", ""11596"", ""11637"", ""11643"", ""11729"", ""12484"", ""12504"", ""12535"", ""13264"", ""13299"", ""1466"", ""3294"", ""4037"", ""4046"", ""4866"", ""5872"", ""5892"", ""6039"", ""6768"", ""6786"", ""6801"", ""7002"", ""7039"", ""7526"", ""7591"", ""8162"", ""8188"", ""8207"", ""9221"", ""9225"", ""9480"", ""9501""]","[""3294"", ""9221"", ""5892"", ""6786"", ""6801"", ""4037"", ""9480"", ""11637"", ""7526"", ""7002""]","{""10218"": 0.0, ""11596"": 0.0, ""11637"": 0.0, ""11643"": 0.0, ""11729"": 0.0, ""12484"": 0.0, ""12504"": 0.0, ""12535"": 0.0, ""13264"": 0.0, ""13299"": 0.0, ""1466"": 0.0, ""3294"": 0.0, ""4037"": 0.0, ""4046"": 0.0, ""4866"": 0.0, ""5872"": 0.0, ""5892"": 0.0, ""6039"": 0.0, ""6768"": 0.0, ""6786"": 0.0, ""6801"": 0.0, ""7002"": 0.0, ""7039"": 0.0, ""7526"": 0.0, ""7591"": 0.0, ""8162"": 0.0, ""8188"": 0.0, ""8207"": 0.0, ""9221"": 0.0, ""9225"": 0.0, ""9480"": 0.0, ""9501"": 0.0}","[0.0, 0.0, 0.0, 0.0, 0.0, 0.0, 0.0, 0.0, 0.0, 0.0]"
2026-10-10T13:26:55+00:00,1370218620990263296,12,1,1,0.0,"[""11566"", ""11604"", ""13317"", ""2505"", ""13434"", ""13278"", ""8168"", ""13293"", ""13345"", ""13346"", ""13425"", ""13533"", ""13303"", ""13281"", ""12718"", ""13269"", ""13275"", ""13394"", ""11624"", ""12511"", ""13287"", ""13279"", ""9494"", ""11655"", ""10219"", ""13392"", ""13423"", ""11630"", ""13330"", ""96"", ""11618"", ""6130"", ""13400"", ""11571"", ""8119""]","[""11566"", ""13287"", ""11571"", ""13279"", ""13346"", ""13317"", ""11604"", ""11630"", ""13330"", ""96""]","{""10219"": 0.0, ""11566"": 0.0, ""11571"": 0.0, ""11604"": 0.0, ""11618"": 0.0, ""11624"": 0.0, ""11630"": 0.0, ""11655"": 0.0, ""12511"": 0.0, ""12718"": 0.0, ""13269"": 0.0, ""13275"": 0.0, ""13278"": 0.0, ""13279"": 0.0, ""13281"": 0.0, ""13287"": 0.0, ""13293"": 0.0, ""13303"": 0.0, ""13317"": 0.0, ""13330"": 0.0, ""13345"": 0.0, ""13346"": 0.0, ""13392"": 0.0, ""13394"": 0.0, ""13400"": 0.0, ""13423"": 0.0, ""13425"": 0.0, ""13434"": 0.0, ""13533"": 0.0, ""2505"": 0.0, ""6130"": 0.0, ""8119"": 0.0, ""8168"": 0.0, ""9494"": 0.0, ""96"": 0.0}","[0.0, 0.0, 0.0, 0.0, 0.0, 0.0, 0.0, 0.0, 0.0, 0.0]"
2026-10-10T13:26:55+00:00,1370218620990263296,12,4,2,0.0,"[""10859"", ""11589"", ""11626"", ""12500"", ""12508"", ""12522"", ""13272"", ""13277"", ""13309"", ""13336"", ""13338"", ""13355"", ""2133"", ""2216"", ""4033"", ""4066"", ""4137"", ""4981"", ""4983"", ""5844"", ""5848"", ""5849"", ""5859"", ""6865"", ""7049"", ""7600"", ""7611"", ""8132"", ""8151"", ""9493"", ""9504""]","[""5849"", ""8132"", ""7611"", ""9493"", ""2216"", ""2133"", ""10859"", ""4983"", ""5844"", ""4066""]","{""10859"": 0.0, ""11589"": 0.0, ""11626"": 0.0, ""12500"": 0.0, ""12508"": 0.0, ""12522"": 0.0, ""13272"": 0.0, ""13277"": 0.0, ""13309"": 0.0, ""13336"": 0.0, ""13338"": 0.0, ""13355"": 0.0, ""2133"": 0.0, ""2216"": 0.0, ""4033"": 0.0, ""4066"": 0.0, ""4137"": 0.0, ""4981"": 0.0, ""4983"": 0.0, ""5844"": 0.0, ""5848"": 0.0, ""5849"": 0.0, ""5859"": 0.0, ""6865"": 0.0, ""7049"": 0.0, ""7600"": 0.0, ""7611"": 0.0, ""8132"": 0.0, ""8151"": 0.0, ""9493"": 0.0, ""9504"": 0.0}","[0.0, 0.0, 0.0, 0.0, 0.0, 0.0, 0.0, 0.0, 0.0, 0.0]"
2026-10-10T13:26:55+00:00,1370218620990263296,12,2,3,0.0,"[""5001"", ""9502"", ""11435"", ""4035"", ""11834"", ""5045"", ""12544"", ""9500"", ""9224"", ""12494"", ""9757"", ""11603"", ""12472"", ""4950"", ""12497"", ""13276"", ""6826"", ""4147"", ""9481"", ""2306"", ""6770"", ""13353"", ""12514"", ""12519"", ""8110"", ""1166"", ""8205"", ""13342"", ""1373"", ""6790"", ""5995"", ""12507"", ""11584"", ""9487""]","[""6770"", ""11584"", ""9224"", ""12519"", ""12514"", ""9487"", ""5001"", ""11435"", ""12507"", ""1166""]","{""11435"": 0.0, ""11584"": 0.0, ""11603"": 0.0, ""1166"": 0.0, ""11834"": 0.0, ""12472"": 0.0, ""12494"": 0.0, ""12497"": 0.0, ""12507"": 0.0, ""12514"": 0.0, ""12519"": 0.0, ""12544"": 0.0, ""13276"": 0.0, ""13342"": 0.0, ""13353"": 0.0, ""1373"": 0.0, ""2306"": 0.0, ""4035"": 0.0, ""4147"": 0.0, ""4950"": 0.0, ""5001"": 0.0, ""5045"": 0.0, ""5995"": 0.0, ""6770"": 0.0, ""6790"": 0.0, ""6826"": 0.0, ""8110"": 0.0, ""8205"": 0.0, ""9224"": 0.0, ""9481"": 0.0, ""9487"": 0.0, ""9500"": 0.0, ""9502"": 0.0, ""9757"": 0.0}","[0.0, 0.0, 0.0, 0.0, 0.0, 0.0, 0.0, 0.0, 0.0, 0.0]"
2026-10-10T13:26:55+00:00,1370218620990263296,12,5,4,0.0,"[""12505"", ""13322"", ""13306"", ""8800"", ""8127"", ""13402"", ""9230"", ""12521"", ""3161"", ""8150"", ""12498"", ""11646"", ""12534"", ""12526"", ""12512"", ""9229"", ""4177"", ""13285"", ""13307"", ""13401"", ""11586"", ""7083"", ""4892"", ""9486"", ""13964"", ""12524"", ""13347"", ""11635"", ""9488"", ""10222"", ""4943"", ""8136"", ""12517"", ""13302""]","[""4943"", ""12512"", ""8150"", ""9488"", ""9486"", ""13285"", ""12517"", ""11586"", ""11635"", ""7083""]","{""10222"": 0.0, ""11586"": 0.0, ""11635"": 0.0, ""11646"": 0.0, ""12498"": 0.0, ""12505"": 0.0, ""12512"": 0.0, ""12517"": 0.0, ""12521"": 0.0, ""12524"": 0.0, ""12526"": 0.0, ""12534"": 0.0, ""13285"": 0.0, ""13302"": 0.0, ""13306"": 0.0, ""13307"": 0.0, ""13322"": 0.0, ""13347"": 0.0, ""13401"": 0.0, ""13402"": 0.0, ""13964"": 0.0, ""3161"": 0.0, ""4177"": 0.0, ""4892"": 0.0, ""4943"": 0.0, ""7083"": 0.0, ""8127"": 0.0, ""8136"": 0.0, ""8150"": 0.0, ""8800"": 0.0, ""9229"": 0.0, ""9230"": 0.0, ""9486"": 0.0, ""9488"": 0.0}","[0.0, 0.0, 0.0, 0.0, 0.0, 0.0, 0.0, 0.0, 0.0, 0.0]"
2026-10-10T13:26:55+00:00,1370218620990263296,12,3,5,0.0,"[""11575"", ""11577"", ""11625"", ""12493"", ""12499"", ""12531"", ""12540"", ""13335"", ""13405"", ""3214"", ""4663"", ""4984"", ""5947"", ""6012"", ""6783"", ""6828"", ""7090"", ""7525"", ""7543"", ""7567"", ""7594"", ""7670"", ""8131"", ""8137"", ""8167"", ""8676"", ""9226"", ""9479"", ""9753"", ""9758""]","[""4984"", ""11577"", ""7567"", ""8137"", ""8167"", ""7525"", ""8131"", ""5947"", ""3214"", ""9758""]","{""11575"": 0.0, ""11577"": 0.0, ""11625"": 0.0, ""12493"": 0.0, ""12499"": 0.0, ""12531"": 0.0, ""12540"": 0.0, ""13335"": 0.0, ""13405"": 0.0, ""3214"": 0.0, ""4663"": 0.0, ""4984"": 0.0, ""5947"": 0.0, ""6012"": 0.0, ""6783"": 0.0, ""6828"": 0.0, ""7090"": 0.0, ""7525"": 0.0, ""7543"": 0.0, ""7567"": 0.0, ""7594"": 0.0, ""7670"": 0.0, ""8131"": 0.0, ""8137"": 0.0, ""8167"": 0.0, ""8676"": 0.0, ""9226"": 0.0, ""9479"": 0.0, ""9753"": 0.0, ""9758"": 0.0}","[0.0, 0.0, 0.0, 0.0, 0.0, 0.0, 0.0, 0.0, 0.0, 0.0]"
2026-10-10T13:26:55+00:00,1370218620990263296,12,6,6,0.0,"[""11559"", ""11564"", ""11576"", ""11783"", ""12489"", ""12506"", ""12510"", ""12529"", ""13289"", ""13296"", ""13300"", ""13314"", ""13337"", ""13349"", ""13411"", ""13414"", ""13417"", ""13420"", ""13424"", ""3286"", ""4039"", ""6797"", ""7553"", ""7569"", ""7571"", ""8134"", ""8142"", ""8148"", ""8155"", ""8172"", ""9228""]","[""11564"", ""11576"", ""12489"", ""7569"", ""8148"", ""11783"", ""12506"", ""12529"", ""8134"", ""11559""]","{""11559"": 0.0, ""11564"": 0.0, ""11576"": 0.0, ""11783"": 0.0, ""12489"": 0.0, ""12506"": 0.0, ""12510"": 0.0, ""12529"": 0.0, ""13289"": 0.0, ""13296"": 0.0, ""13300"": 0.0, ""13314"": 0.0, ""13337"": 0.0, ""13349"": 0.0, ""13411"": 0.0, ""13414"": 0.0, ""13417"": 0.0, ""13420"": 0.0, ""13424"": 0.0, ""3286"": 0.0, ""4039"": 0.0, ""6797"": 0.0, ""7553"": 0.0, ""7569"": 0.0, ""7571"": 0.0, ""8134"": 0.0, ""8142"": 0.0, ""8148"": 0.0, ""8155"": 0.0, ""8172"": 0.0, ""9228"": 0.0}","[0.0, 0.0, 0.0, 0.0, 0.0, 0.0, 0.0, 0.0, 0.0, 0.0]"
2026-10-10T13:26:55+00:00,1370218620990263296,12,2,7,0.0,"[""10232"", ""11565"", ""11597"", ""11620"", ""11627"", ""11638"", ""11647"", ""12509"", ""12547"", ""13274"", ""13308"", ""13333"", ""13348"", ""13350"", ""13380"", ""13404"", ""13422"", ""3163"", ""4034"", ""4881"", ""5012"", ""6813"", ""7021"", ""7528"", ""8130"", ""8408"", ""9506"", ""9756"", ""9997""]","[""3163"", ""6813"", ""4034"", ""9997"", ""10232"", ""11620"", ""8130"", ""9756"", ""5012"", ""7021""]","{""10232"": 0.0, ""11565"": 0.0, ""11597"": 0.0, ""11620"": 0.0, ""11627"": 0.0, ""11638"": 0.0, ""11647"": 0.0, ""12509"": 0.0, ""12547"": 0.0, ""13274"": 0.0, ""13308"": 0.0, ""13333"": 0.0, ""13348"": 0.0, ""13350"": 0.0, ""13380"": 0.0, ""13404"": 0.0, ""13422"": 0.0, ""3163"": 0.0, ""4034"": 0.0, ""4881"": 0.0, ""5012"": 0.0, ""6813"": 0.0, ""7021"": 0.0, ""7528"": 0.0, ""8130"": 0.0, ""8408"": 0.0, ""9506"": 0.0, ""9756"": 0.0, ""9997"": 0.0}","[0.0, 0.0, 0.0, 0.0, 0.0, 0.0, 0.0, 0.0, 0.0, 0.0]"
2026-10-10T13:26:55+00:00,1370218620990263296,12,5,8,0.0,"[""10213"", ""10229"", ""11563"", ""11632"", ""12455"", ""12471"", ""12474"", ""12476"", ""12492"", ""12501"", ""12530"", ""12545"", ""13477"", ""1479"", ""3271"", ""4018"", ""4199"", ""4217"", ""4993"", ""6803"", ""7588"", ""7828"", ""8111"", ""8121"", ""8138"", ""8144"", ""8154"", ""8161"", ""8180"", ""8698"", ""9509""]","[""11563"", ""8138"", ""9509"", ""8144"", ""12501"", ""11632"", ""4217"", ""7588"", ""4199"", ""12545""]","{""10213"": 0.0, ""10229"": 0.0, ""11563"": 0.0, ""11632"": 0.0, ""12455"": 0.0, ""12471"": 0.0, ""12474"": 0.0, ""12476"": 0.0, ""12492"": 0.0, ""12501"": 0.0, ""12530"": 0.0, ""12545"": 0.0, ""13477"": 0.0, ""1479"": 0.0, ""3271"": 0.0, ""4018"": 0.0, ""4199"": 0.0, ""4217"": 0.0, ""4993"": 0.0, ""6803"": 0.0, ""7588"": 0.0, ""7828"": 0.0, ""8111"": 0.0, ""8121"": 0.0, ""8138"": 0.0, ""8144"": 0.0, ""8154"": 0.0, ""8161"": 0.0, ""8180"": 0.0, ""8698"": 0.0, ""9509"": 0.0}","[0.0, 0.0, 0.0, 0.0, 0.0, 0.0, 0.0, 0.0, 0.0, 0.0]"
2026-10-10T13:26:55+00:00,1370218620990263296,12,1,9,0.0,"[""10444"", ""11256"", ""11557"", ""11560"", ""11600"", ""11628"", ""11631"", ""12467"", ""12483"", ""12485"", ""12502"", ""12518"", ""12533"", ""12541"", ""13268"", ""13286"", ""13288"", ""13418"", ""3321"", ""5846"", ""5854"", ""5967"", ""6806"", ""7523"", ""7527"", ""7547"", ""8126"", ""8228"", ""9508"", ""9511""]","[""7523"", ""8228"", ""12533"", ""7547"", ""11631"", ""5846"", ""12518"", ""8126"", ""5967"", ""11256""]","{""10444"": 0.0, ""11256"": 0.0, ""11557"": 0.0, ""11560"": 0.0, ""11600"": 0.0, ""11628"": 0.0, ""11631"": 0.0, ""12467"": 0.0, ""12483"": 0.0, ""12485"": 0.0, ""12502"": 0.0, ""12518"": 0.0, ""12533"": 0.0, ""12541"": 0.0, ""13268"": 0.0, ""13286"": 0.0, ""13288"": 0.0, ""13418"": 0.0, ""3321"": 0.0, ""5846"": 0.0, ""5854"": 0.0, ""5967"": 0.0, ""6806"": 0.0, ""7523"": 0.0, ""7527"": 0.0, ""7547"": 0.0, ""8126"": 0.0, ""8228"": 0.0, ""9508"": 0.0, ""9511"": 0.0}","[0.0, 0.0, 0.0, 0.0, 0.0, 0.0, 0.0, 0.0, 0.0, 0.0]"
2026-10-10T13:26:55+00:00,1370218620990263296,12,4,10,0.0,"[""10235"", ""10236"", ""11608"", ""12457"", ""12469"", ""12481"", ""12495"", ""12527"", ""13294"", ""13298"", ""13301"", ""13319"", ""13329"", ""13408"", ""13421"", ""13557"", ""19"", ""2307"", ""2449"", ""421"", ""4454"", ""5870"", ""6149"", ""6819"", ""6931"", ""7585"", ""8112"", ""8146"", ""8183"", ""8210"", ""9482""]","[""8183"", ""12527"", ""12481"", ""8112"", ""8146"", ""13298"", ""10236"", ""9482"", ""12495"", ""421""]","{""10235"": 0.0, ""10236"": 0.0, ""11608"": 0.0, ""12457"": 0.0, ""12469"": 0.0, ""12481"": 0.0, ""12495"": 0.0, ""12527"": 0.0, ""13294"": 0.0, ""13298"": 0.0, ""13301"": 0.0, ""13319"": 0.0, ""13329"": 0.0, ""13408"": 0.0, ""13421"": 0.0, ""13557"": 0.0, ""19"": 0.0, ""2307"": 0.0, ""2449"": 0.0, ""421"": 0.0, ""4454"": 0.0, ""5870"": 0.0, ""6149"": 0.0, ""6819"": 0.0, ""6931"": 0.0, ""7585"": 0.0, ""8112"": 0.0, ""8146"": 0.0, ""8183"": 0.0, ""8210"": 0.0, ""9482"": 0.0}","[0.0, 0.0, 0.0, 0.0, 0.0, 0.0, 0.0, 0.0, 0.0, 0.0]"
2026-10-10T13:26:55+00:00,1370218620990263296,12,6,11,0.0,"[""10857"", ""11370"", ""11581"", ""11583"", ""11610"", ""12048"", ""12487"", ""12490"", ""12536"", ""13270"", ""13282"", ""13305"", ""13311"", ""13320"", ""13324"", ""1339"", ""13413"", ""3198"", ""3257"", ""3634"", ""4017"", ""5022"", ""5850"", ""5927"", ""6794"", ""6804"", ""6904"", ""7564"", ""9484"", ""9754""]","[""6904"", ""12490"", ""3198"", ""7564"", ""11610"", ""6794"", ""9484"", ""5022"", ""5927"", ""6804""]","{""10857"": 0.0, ""11370"": 0.0, ""11581"": 0.0, ""11583"": 0.0, ""11610"": 0.0, ""12048"": 0.0, ""12487"": 0.0, ""12490"": 0.0, ""12536"": 0.0, ""13270"": 0.0, ""13282"": 0.0, ""13305"": 0.0, ""13311"": 0.0, ""13320"": 0.0, ""13324"": 0.0, ""1339"": 0.0, ""13413"": 0.0, ""3198"": 0.0, ""3257"": 0.0, ""3634"": 0.0, ""4017"": 0.0, ""5022"": 0.0, ""5850"": 0.0, ""5927"": 0.0, ""6794"": 0.0, ""6804"": 0.0, ""6904"": 0.0, ""7564"": 0.0, ""9484"": 0.0, ""9754"": 0.0}","[0.0, 0.0, 0.0, 0.0, 0.0, 0.0, 0.0, 0.0, 0.0, 0.0]"
2026-10-10T13:26:55+00:00,1370218620990263296,12,3,12,0.0,"[""10218"", ""11596"", ""11637"", ""11643"", ""11729"", ""12484"", ""12504"", ""12535"", ""13264"", ""13299"", ""1466"", ""3294"", ""4037"", ""4046"", ""4866"", ""5872"", ""5892"", ""6039"", ""6768"", ""6786"", ""6801"", ""7002"", ""7039"", ""7526"", ""7591"", ""8162"", ""8188"", ""8207"", ""9221"", ""9225"", ""9480"", ""9501""]","[""3294"", ""9221"", ""5892"", ""6786"", ""6801"", ""4037"", ""9480"", ""11637"", ""7526"", ""7002""]","{""10218"": 0.0, ""11596"": 0.0, ""11637"": 0.0, ""11643"": 0.0, ""11729"": 0.0, ""12484"": 0.0, ""12504"": 0.0, ""12535"": 0.0, ""13264"": 0.0, ""13299"": 0.0, ""1466"": 0.0, ""3294"": 0.0, ""4037"": 0.0, ""4046"": 0.0, ""4866"": 0.0, ""5872"": 0.0, ""5892"": 0.0, ""6039"": 0.0, ""6768"": 0.0, ""6786"": 0.0, ""6801"": 0.0, ""7002"": 0.0, ""7039"": 0.0, ""7526"": 0.0, ""7591"": 0.0, ""8162"": 0.0, ""8188"": 0.0, ""8207"": 0.0, ""9221"": 0.0, ""9225"": 0.0, ""9480"": 0.0, ""9501"": 0.0}","[0.0, 0.0, 0.0, 0.0, 0.0, 0.0, 0.0, 0.0, 0.0, 0.0]"
2026-10-10T13:26:55+00:00,1370218620990263296,13,2,1,0.0,"[""11566"", ""11604"", ""13317"", ""2505"", ""13434"", ""13278"", ""8168"", ""13293"", ""13345"", ""13346"", ""13425"", ""13533"", ""13303"", ""13281"", ""12718"", ""13269"", ""13275"", ""13394"", ""11624"", ""12511"", ""13287"", ""13279"", ""9494"", ""11655"", ""10219"", ""13392"", ""13423"", ""11630"", ""13330"", ""96"", ""11618"", ""6130"", ""13400"", ""11571"", ""8119""]","[""11566"", ""13287"", ""11571"", ""13279"", ""13346"", ""13317"", ""11604"", ""11630"", ""13330"", ""96""]","{""10219"": 0.0, ""11566"": 0.0, ""11571"": 0.0, ""11604"": 0.0, ""11618"": 0.0, ""11624"": 0.0, ""11630"": 0.0, ""11655"": 0.0, ""12511"": 0.0, ""12718"": 0.0, ""13269"": 0.0, ""13275"": 0.0, ""13278"": 0.0, ""13279"": 0.0, ""13281"": 0.0, ""13287"": 0.0, ""13293"": 0.0, ""13303"": 0.0, ""13317"": 0.0, ""13330"": 0.0, ""13345"": 0.0, ""13346"": 0.0, ""13392"": 0.0, ""13394"": 0.0, ""13400"": 0.0, ""13423"": 0.0, ""13425"": 0.0, ""13434"": 0.0, ""13533"": 0.0, ""2505"": 0.0, ""6130"": 0.0, ""8119"": 0.0, ""8168"": 0.0, ""9494"": 0.0, ""96"": 0.0}","[0.0, 0.0, 0.0, 0.0, 0.0, 0.0, 0.0, 0.0, 0.0, 0.0]"
2026-10-10T13:26:55+00:00,1370218620990263296,13,3,2,0.0,"[""10859"", ""11589"", ""11626"", ""12500"", ""12508"", ""12522"", ""13272"", ""13277"", ""13309"", ""13336"", ""13338"", ""13355"", ""2133"", ""2216"", ""4033"", ""4066"", ""4137"", ""4981"", ""4983"", ""5844"", ""5848"", ""5849"", ""5859"", ""6865"", ""7049"", ""7600"", ""7611"", ""8132"", ""8151"", ""9493"", ""9504""]","[""5849"", ""8132"", ""7611"", ""9493"", ""2216"", ""2133"", ""10859"", ""4983"", ""5844"", ""4066""]","{""10859"": 0.0, ""11589"": 0.0, ""11626"": 0.0, ""12500"": 0.0, ""12508"": 0.0, ""12522"": 0.0, ""13272"": 0.0, ""13277"": 0.0, ""13309"": 0.0, ""13336"": 0.0, ""13338"": 0.0, ""13355"": 0.0, ""2133"": 0.0, ""2216"": 0.0, ""4033"": 0.0, ""4066"": 0.0, ""4137"": 0.0, ""4981"": 0.0, ""4983"": 0.0, ""5844"": 0.0, ""5848"": 0.0, ""5849"": 0.0, ""5859"": 0.0, ""6865"": 0.0, ""7049"": 0.0, ""7600"": 0.0, ""7611"": 0.0, ""8132"": 0.0, ""8151"": 0.0, ""9493"": 0.0, ""9504"": 0.0}","[0.0, 0.0, 0.0, 0.0, 0.0, 0.0, 0.0, 0.0, 0.0, 0.0]"
2026-10-10T13:26:55+00:00,1370218620990263296,13,2,3,0.0,"[""5001"", ""9502"", ""11435"", ""4035"", ""11834"", ""5045"", ""12544"", ""9500"", ""9224"", ""12494"", ""9757"", ""11603"", ""12472"", ""4950"", ""12497"", ""13276"", ""6826"", ""4147"", ""9481"", ""2306"", ""6770"", ""13353"", ""12514"", ""12519"", ""8110"", ""1166"", ""8205"", ""13342"", ""1373"", ""6790"", ""5995"", ""12507"", ""11584"", ""9487""]","[""6770"", ""11584"", ""9224"", ""12519"", ""12514"", ""9487"", ""5001"", ""11435"", ""12507"", ""1166""]","{""11435"": 0.0, ""11584"": 0.0, ""11603"": 0.0, ""1166"": 0.0, ""11834"": 0.0, ""12472"": 0.0, ""12494"": 0.0, ""12497"": 0.0, ""12507"": 0.0, ""12514"": 0.0, ""12519"": 0.0, ""12544"": 0.0, ""13276"": 0.0, ""13342"": 0.0, ""13353"": 0.0, ""1373"": 0.0, ""2306"": 0.0, ""4035"": 0.0, ""4147"": 0.0, ""4950"": 0.0, ""5001"": 0.0, ""5045"": 0.0, ""5995"": 0.0, ""6770"": 0.0, ""6790"": 0.0, ""6826"": 0.0, ""8110"": 0.0, ""8205"": 0.0, ""9224"": 0.0, ""9481"": 0.0, ""9487"": 0.0, ""9500"": 0.0, ""9502"": 0.0, ""9757"": 0.0}","[0.0, 0.0, 0.0, 0.0, 0.0, 0.0, 0.0, 0.0, 0.0, 0.0]"
2026-10-10T13:26:55+00:00,1370218620990263296,13,5,4,0.0,"[""12505"", ""13322"", ""13306"", ""8800"", ""8127"", ""13402"", ""9230"", ""12521"", ""3161"", ""8150"", ""12498"", ""11646"", ""12534"", ""12526"", ""12512"", ""9229"", ""4177"", ""13285"", ""13307"", ""13401"", ""11586"", ""7083"", ""4892"", ""9486"", ""13964"", ""12524"", ""13347"", ""11635"", ""9488"", ""10222"", ""4943"", ""8136"", ""12517"", ""13302""]","[""4943"", ""12512"", ""8150"", ""9488"", ""9486"", ""13285"", ""12517"", ""11586"", ""11635"", ""7083""]","{""10222"": 0.0, ""11586"": 0.0, ""11635"": 0.0, ""11646"": 0.0, ""12498"": 0.0, ""12505"": 0.0, ""12512"": 0.0, ""12517"": 0.0, ""12521"": 0.0, ""12524"": 0.0, ""12526"": 0.0, ""12534"": 0.0, ""13285"": 0.0, ""13302"": 0.0, ""13306"": 0.0, ""13307"": 0.0, ""13322"": 0.0, ""13347"": 0.0, ""13401"": 0.0, ""13402"": 0.0, ""13964"": 0.0, ""3161"": 0.0, ""4177"": 0.0, ""4892"": 0.0, ""4943"": 0.0, ""7083"": 0.0, ""8127"": 0.0, ""8136"": 0.0, ""8150"": 0.0, ""8800"": 0.0, ""9229"": 0.0, ""9230"": 0.0, ""9486"": 0.0, ""9488"": 0.0}","[0.0, 0.0, 0.0, 0.0, 0.0, 0.0, 0.0, 0.0, 0.0, 0.0]"
2026-10-10T13:26:55+00:00,1370218620990263296,13,3,5,0.0,"[""11575"", ""11577"", ""11625"", ""12493"", ""12499"", ""12531"", ""12540"", ""13335"", ""13405"", ""3214"", ""4663"", ""4984"", ""5947"", ""6012"", ""6783"", ""6828"", ""7090"", ""7525"", ""7543"", ""7567"", ""7594"", ""7670"", ""8131"", ""8137"", ""8167"", ""8676"", ""9226"", ""9479"", ""9753"", ""9758""]","[""4984"", ""11577"", ""7567"", ""8137"", ""8167"", ""7525"", ""8131"", ""5947"", ""3214"", ""9758""]","{""11575"": 0.0, ""11577"": 0.0, ""11625"": 0.0, ""12493"": 0.0, ""12499"": 0.0, ""12531"": 0.0, ""12540"": 0.0, ""13335"": 0.0, ""13405"": 0.0, ""3214"": 0.0, ""4663"": 0.0, ""4984"": 0.0, ""5947"": 0.0, ""6012"": 0.0, ""6783"": 0.0, ""6828"": 0.0, ""7090"": 0.0, ""7525"": 0.0, ""7543"": 0.0, ""7567"": 0.0, ""7594"": 0.0, ""7670"": 0.0, ""8131"": 0.0, ""8137"": 0.0, ""8167"": 0.0, ""8676"": 0.0, ""9226"": 0.0, ""9479"": 0.0, ""9753"": 0.0, ""9758"": 0.0}","[0.0, 0.0, 0.0, 0.0, 0.0, 0.0, 0.0, 0.0, 0.0, 0.0]"
2026-10-10T13:26:55+00:00,1370218620990263296,13,6,6,0.0,"[""11559"", ""11564"", ""11576"", ""11783"", ""12489"", ""12506"", ""12510"", ""12529"", ""13289"", ""13296"", ""13300"", ""13314"", ""13337"", ""13349"", ""13411"", ""13414"", ""13417"", ""13420"", ""13424"", ""3286"", ""4039"", ""6797"", ""7553"", ""7569"", ""7571"", ""8134"", ""8142"", ""8148"", ""8155"", ""8172"", ""9228""]","[""11564"", ""11576"", ""12489"", ""7569"", ""8148"", ""11783"", ""12506"", ""12529"", ""8134"", ""11559""]","{""11559"": 0.0, ""11564"": 0.0, ""11576"": 0.0, ""11783"": 0.0, ""12489"": 0.0, ""12506"": 0.0, ""12510"": 0.0, ""12529"": 0.0, ""13289"": 0.0, ""13296"": 0.0, ""13300"": 0.0, ""13314"": 0.0, ""13337"": 0.0, ""13349"": 0.0, ""13411"": 0.0, ""13414"": 0.0, ""13417"": 0.0, ""13420"": 0.0, ""13424"": 0.0, ""3286"": 0.0, ""4039"": 0.0, ""6797"": 0.0, ""7553"": 0.0, ""7569"": 0.0, ""7571"": 0.0, ""8134"": 0.0, ""8142"": 0.0, ""8148"": 0.0, ""8155"": 0.0, ""8172"": 0.0, ""9228"": 0.0}","[0.0, 0.0, 0.0, 0.0, 0.0, 0.0, 0.0, 0.0, 0.0, 0.0]"
2026-10-10T13:26:55+00:00,1370218620990263296,13,1,7,0.0,"[""10232"", ""11565"", ""11597"", ""11620"", ""11627"", ""11638"", ""11647"", ""12509"", ""12547"", ""13274"", ""13308"", ""13333"", ""13348"", ""13350"", ""13380"", ""13404"", ""13422"", ""3163"", ""4034"", ""4881"", ""5012"", ""6813"", ""7021"", ""7528"", ""8130"", ""8408"", ""9506"", ""9756"", ""9997""]","[""3163"", ""6813"", ""4034"", ""9997"", ""10232"", ""11620"", ""8130"", ""9756"", ""5012"", ""7021""]","{""10232"": 0.0, ""11565"": 0.0, ""11597"": 0.0, ""11620"": 0.0, ""11627"": 0.0, ""11638"": 0.0, ""11647"": 0.0, ""12509"": 0.0, ""12547"": 0.0, ""13274"": 0.0, ""13308"": 0.0, ""13333"": 0.0, ""13348"": 0.0, ""13350"": 0.0, ""13380"": 0.0, ""13404"": 0.0, ""13422"": 0.0, ""3163"": 0.0, ""4034"": 0.0, ""4881"": 0.0, ""5012"": 0.0, ""6813"": 0.0, ""7021"": 0.0, ""7528"": 0.0, ""8130"": 0.0, ""8408"": 0.0, ""9506"": 0.0, ""9756"": 0.0, ""9997"": 0.0}","[0.0, 0.0, 0.0, 0.0, 0.0, 0.0, 0.0, 0.0, 0.0, 0.0]"
2026-10-10T13:26:55+00:00,1370218620990263296,13,6,8,0.0,"[""10213"", ""10229"", ""11563"", ""11632"", ""12455"", ""12471"", ""12474"", ""12476"", ""12492"", ""12501"", ""12530"", ""12545"", ""13477"", ""1479"", ""3271"", ""4018"", ""4199"", ""4217"", ""4993"", ""6803"", ""7588"", ""7828"", ""8111"", ""8121"", ""8138"", ""8144"", ""8154"", ""8161"", ""8180"", ""8698"", ""9509""]","[""11563"", ""8138"", ""9509"", ""8144"", ""12501"", ""11632"", ""4217"", ""7588"", ""4199"", ""12545""]","{""10213"": 0.0, ""10229"": 0.0, ""11563"": 0.0, ""11632"": 0.0, ""12455"": 0.0, ""12471"": 0.0, ""12474"": 0.0, ""12476"": 0.0, ""12492"": 0.0, ""12501"": 0.0, ""12530"": 0.0, ""12545"": 0.0, ""13477"": 0.0, ""1479"": 0.0, ""3271"": 0.0, ""4018"": 0.0, ""4199"": 0.0, ""4217"": 0.0, ""4993"": 0.0, ""6803"": 0.0, ""7588"": 0.0, ""7828"": 0.0, ""8111"": 0.0, ""8121"": 0.0, ""8138"": 0.0, ""8144"": 0.0, ""8154"": 0.0, ""8161"": 0.0, ""8180"": 0.0, ""8698"": 0.0, ""9509"": 0.0}","[0.0, 0.0, 0.0, 0.0, 0.0, 0.0, 0.0, 0.0, 0.0, 0.0]"
2026-10-10T13:26:55+00:00,1370218620990263296,13,1,9,0.0,"[""10444"", ""11256"", ""11557"", ""11560"", ""11600"", ""11628"", ""11631"", ""12467"", ""12483"", ""12485"", ""12502"", ""12518"", ""12533"", ""12541"", ""13268"", ""13286"", ""13288"", ""13418"", ""3321"", ""5846"", ""5854"", ""5967"", ""6806"", ""7523"", ""7527"", ""7547"", ""8126"", ""8228"", ""9508"", ""9511""]","[""7523"", ""8228"", ""12533"", ""7547"", ""11631"", ""5846"", ""12518"", ""8126"", ""5967"", ""11256""]","{""10444"": 0.0, ""11256"": 0.0, ""11557"": 0.0, ""11560"": 0.0, ""11600"": 0.0, ""11628"": 0.0, ""11631"": 0.0, ""12467"": 0.0, ""12483"": 0.0, ""12485"": 0.0, ""12502"": 0.0, ""12518"": 0.0, ""12533"": 0.0, ""12541"": 0.0, ""13268"": 0.0, ""13286"": 0.0, ""13288"": 0.0, ""13418"": 0.0, ""3321"": 0.0, ""5846"": 0.0, ""5854"": 0.0, ""5967"": 0.0, ""6806"": 0.0, ""7523"": 0.0, ""7527"": 0.0, ""7547"": 0.0, ""8126"": 0.0, ""8228"": 0.0, ""9508"": 0.0, ""9511"": 0.0}","[0.0, 0.0, 0.0, 0.0, 0.0, 0.0, 0.0, 0.0, 0.0, 0.0]"
2026-10-10T13:26:55+00:00,1370218620990263296,13,4,10,0.0,"[""10235"", ""10236"", ""11608"", ""12457"", ""12469"", ""12481"", ""12495"", ""12527"", ""13294"", ""13298"", ""13301"", ""13319"", ""13329"", ""13408"", ""13421"", ""13557"", ""19"", ""2307"", ""2449"", ""421"", ""4454"", ""5870"", ""6149"", ""6819"", ""6931"", ""7585"", ""8112"", ""8146"", ""8183"", ""8210"", ""9482""]","[""8183"", ""12527"", ""12481"", ""8112"", ""8146"", ""13298"", ""10236"", ""9482"", ""12495"", ""421""]","{""10235"": 0.0, ""10236"": 0.0, ""11608"": 0.0, ""12457"": 0.0, ""12469"": 0.0, ""12481"": 0.0, ""12495"": 0.0, ""12527"": 0.0, ""13294"": 0.0, ""13298"": 0.0, ""13301"": 0.0, ""13319"": 0.0, ""13329"": 0.0, ""13408"": 0.0, ""13421"": 0.0, ""13557"": 0.0, ""19"": 0.0, ""2307"": 0.0, ""2449"": 0.0, ""421"": 0.0, ""4454"": 0.0, ""5870"": 0.0, ""6149"": 0.0, ""6819"": 0.0, ""6931"": 0.0, ""7585"": 0.0, ""8112"": 0.0, ""8146"": 0.0, ""8183"": 0.0, ""8210"": 0.0, ""9482"": 0.0}","[0.0, 0.0, 0.0, 0.0, 0.0, 0.0, 0.0, 0.0, 0.0, 0.0]"
2026-10-10T13:26:55+00:00,1370218620990263296,13,5,11,0.0,"[""10857"", ""11370"", ""11581"", ""11583"", ""11610"", ""12048"", ""12487"", ""12490"", ""12536"", ""13270"", ""13282"", ""13305"", ""13311"", ""13320"", ""13324"", ""1339"", ""13413"", ""3198"", ""3257"", ""3634"", ""4017"", ""5022"", ""5850"", ""5927"", ""6794"", ""6804"", ""6904"", ""7564"", ""9484"", ""9754""]","[""6904"", ""12490"", ""3198"", ""7564"", ""11610"", ""6794"", ""9484"", ""5022"", ""5927"", ""6804""]","{""10857"": 0.0, ""11370"": 0.0, ""11581"": 0.0, ""11583"": 0.0, ""11610"": 0.0, ""12048"": 0.0, ""12487"": 0.0, ""12490"": 0.0, ""12536"": 0.0, ""13270"": 0.0, ""13282"": 0.0, ""13305"": 0.0, ""13311"": 0.0, ""13320"": 0.0, ""13324"": 0.0, ""1339"": 0.0, ""13413"": 0.0, ""3198"": 0.0, ""3257"": 0.0, ""3634"": 0.0, ""4017"": 0.0, ""5022"": 0.0, ""5850"": 0.0, ""5927"": 0.0, ""6794"": 0.0, ""6804"": 0.0, ""6904"": 0.0, ""7564"": 0.0, ""9484"": 0.0, ""9754"": 0.0}","[0.0, 0.0, 0.0, 0.0, 0.0, 0.0, 0.0, 0.0, 0.0, 0.0]"
2026-10-10T13:26:55+00:00,1370218620990263296,13,4,12,0.0,"[""10218"", ""11596"", ""11637"", ""11643"", ""11729"", ""12484"", ""12504"", ""12535"", ""13264"", ""13299"", ""1466"", ""3294"", ""4037"", ""4046"", ""4866"", ""5872"", ""5892"", ""6039"", ""6768"", ""6786"", ""6801"", ""7002"", ""7039"", ""7526"", ""7591"", ""8162"", ""8188"", ""8207"", ""9221"", ""9225"", ""9480"", ""9501""]","[""3294"", ""9221"", ""5892"", ""6786"", ""6801"", ""4037"", ""9480"", ""11637"", ""7526"", ""7002""]","{""10218"": 0.0, ""11596"": 0.0, ""11637"": 0.0, ""11643"": 0.0, ""11729"": 0.0, ""12484"": 0.0, ""12504"": 0.0, ""12535"": 0.0, ""13264"": 0.0, ""13299"": 0.0, ""1466"": 0.0, ""3294"": 0.0, ""4037"": 0.0, ""4046"": 0.0, ""4866"": 0.0, ""5872"": 0.0, ""5892"": 0.0, ""6039"": 0.0, ""6768"": 0.0, ""6786"": 0.0, ""6801"": 0.0, ""7002"": 0.0, ""7039"": 0.0, ""7526"": 0.0, ""7591"": 0.0, ""8162"": 0.0, ""8188"": 0.0, ""8207"": 0.0, ""9221"": 0.0, ""9225"": 0.0, ""9480"": 0.0, ""9501"": 0.0}","[0.0, 0.0, 0.0, 0.0, 0.0, 0.0, 0.0, 0.0, 0.0, 0.0]"
2026-10-10T13:26:55+00:00,1370218620990263296,14,2,1,0.0,"[""11566"", ""11604"", ""13317"", ""2505"", ""13434"", ""13278"", ""8168"", ""13293"", ""13345"", ""13346"", ""13425"", ""13533"", ""13303"", ""13281"", ""12718"", ""13269"", ""13275"", ""13394"", ""11624"", ""12511"", ""13287"", ""13279"", ""9494"", ""11655"", ""10219"", ""13392"", ""13423"", ""11630"", ""13330"", ""96"", ""11618"", ""6130"", ""13400"", ""11571"", ""8119""]","[""11566"", ""13287"", ""11571"", ""13279"", ""13346"", ""13317"", ""11604"", ""11630"", ""13330"", ""96""]","{""10219"": 0.0, ""11566"": 0.0, ""11571"": 0.0, ""11604"": 0.0, ""11618"": 0.0, ""11624"": 0.0, ""11630"": 0.0, ""11655"": 0.0, ""12511"": 0.0, ""12718"": 0.0, ""13269"": 0.0, ""13275"": 0.0, ""13278"": 0.0, ""13279"": 0.0, ""13281"": 0.0, ""13287"": 0.0, ""13293"": 0.0, ""13303"": 0.0, ""13317"": 0.0, ""13330"": 0.0, ""13345"": 0.0, ""13346"": 0.0, ""13392"": 0.0, ""13394"": 0.0, ""13400"": 0.0, ""13423"": 0.0, ""13425"": 0.0, ""13434"": 0.0, ""13533"": 0.0, ""2505"": 0.0, ""6130"": 0.0, ""8119"": 0.0, ""8168"": 0.0, ""9494"": 0.0, ""96"": 0.0}","[0.0, 0.0, 0.0, 0.0, 0.0, 0.0, 0.0, 0.0, 0.0, 0.0]"
2026-10-10T13:26:55+00:00,1370218620990263296,14,4,2,0.0,"[""10859"", ""11589"", ""11626"", ""12500"", ""12508"", ""12522"", ""13272"", ""13277"", ""13309"", ""13336"", ""13338"", ""13355"", ""2133"", ""2216"", ""4033"", ""4066"", ""4137"", ""4981"", ""4983"", ""5844"", ""5848"", ""5849"", ""5859"", ""6865"", ""7049"", ""7600"", ""7611"", ""8132"", ""8151"", ""9493"", ""9504""]","[""5849"", ""8132"", ""7611"", ""9493"", ""2216"", ""2133"", ""10859"", ""4983"", ""5844"", ""4066""]","{""10859"": 0.0, ""11589"": 0.0, ""11626"": 0.0, ""12500"": 0.0, ""12508"": 0.0, ""12522"": 0.0, ""13272"": 0.0, ""13277"": 0.0, ""13309"": 0.0, ""13336"": 0.0, ""13338"": 0.0, ""13355"": 0.0, ""2133"": 0.0, ""2216"": 0.0, ""4033"": 0.0, ""4066"": 0.0, ""4137"": 0.0, ""4981"": 0.0, ""4983"": 0.0, ""5844"": 0.0, ""5848"": 0.0, ""5849"": 0.0, ""5859"": 0.0, ""6865"": 0.0, ""7049"": 0.0, ""7600"": 0.0, ""7611"": 0.0, ""8132"": 0.0, ""8151"": 0.0, ""9493"": 0.0, ""9504"": 0.0}","[0.0, 0.0, 0.0, 0.0, 0.0, 0.0, 0.0, 0.0, 0.0, 0.0]"
2026-10-10T13:26:55+00:00,1370218620990263296,14,1,3,0.0,"[""5001"", ""9502"", ""11435"", ""4035"", ""11834"", ""5045"", ""12544"", ""9500"", ""9224"", ""12494"", ""9757"", ""11603"", ""12472"", ""4950"", ""12497"", ""13276"", ""6826"", ""4147"", ""9481"", ""2306"", ""6770"", ""13353"", ""12514"", ""12519"", ""8110"", ""1166"", ""8205"", ""13342"", ""1373"", ""6790"", ""5995"", ""12507"", ""11584"", ""9487""]","[""6770"", ""11584"", ""9224"", ""12519"", ""12514"", ""9487"", ""5001"", ""11435"", ""12507"", ""1166""]","{""11435"": 0.0, ""11584"": 0.0, ""11603"": 0.0, ""1166"": 0.0, ""11834"": 0.0, ""12472"": 0.0, ""12494"": 0.0, ""12497"": 0.0, ""12507"": 0.0, ""12514"": 0.0, ""12519"": 0.0, ""12544"": 0.0, ""13276"": 0.0, ""13342"": 0.0, ""13353"": 0.0, ""1373"": 0.0, ""2306"": 0.0, ""4035"": 0.0, ""4147"": 0.0, ""4950"": 0.0, ""5001"": 0.0, ""5045"": 0.0, ""5995"": 0.0, ""6770"": 0.0, ""6790"": 0.0, ""6826"": 0.0, ""8110"": 0.0, ""8205"": 0.0, ""9224"": 0.0, ""9481"": 0.0, ""9487"": 0.0, ""9500"": 0.0, ""9502"": 0.0, ""9757"": 0.0}","[0.0, 0.0, 0.0, 0.0, 0.0, 0.0, 0.0, 0.0, 0.0, 0.0]"
2026-10-10T13:26:55+00:00,1370218620990263296,14,5,4,0.0,"[""12505"", ""13322"", ""13306"", ""8800"", ""8127"", ""13402"", ""9230"", ""12521"", ""3161"", ""8150"", ""12498"", ""11646"", ""12534"", ""12526"", ""12512"", ""9229"", ""4177"", ""13285"", ""13307"", ""13401"", ""11586"", ""7083"", ""4892"", ""9486"", ""13964"", ""12524"", ""13347"", ""11635"", ""9488"", ""10222"", ""4943"", ""8136"", ""12517"", ""13302""]","[""4943"", ""12512"", ""8150"", ""9488"", ""9486"", ""13285"", ""12517"", ""11586"", ""11635"", ""7083""]","{""10222"": 0.0, ""11586"": 0.0, ""11635"": 0.0, ""11646"": 0.0, ""12498"": 0.0, ""12505"": 0.0, ""12512"": 0.0, ""12517"": 0.0, ""12521"": 0.0, ""12524"": 0.0, ""12526"": 0.0, ""12534"": 0.0, ""13285"": 0.0, ""13302"": 0.0, ""13306"": 0.0, ""13307"": 0.0, ""13322"": 0.0, ""13347"": 0.0, ""13401"": 0.0, ""13402"": 0.0, ""13964"": 0.0, ""3161"": 0.0, ""4177"": 0.0, ""4892"": 0.0, ""4943"": 0.0, ""7083"": 0.0, ""8127"": 0.0, ""8136"": 0.0, ""8150"": 0.0, ""8800"": 0.0, ""9229"": 0.0, ""9230"": 0.0, ""9486"": 0.0, ""9488"": 0.0}","[0.0, 0.0, 0.0, 0.0, 0.0, 0.0, 0.0, 0.0, 0.0, 0.0]"
2026-10-10T13:26:55+00:00,1370218620990263296,14,3,5,0.0,"[""11575"", ""11577"", ""11625"", ""12493"", ""12499"", ""12531"", ""12540"", ""13335"", ""13405"", ""3214"", ""4663"", ""4984"", ""5947"", ""6012"", ""6783"", ""6828"", ""7090"", ""7525"", ""7543"", ""7567"", ""7594"", ""7670"", ""8131"", ""8137"", ""8167"", ""8676"", ""9226"", ""9479"", ""9753"", ""9758""]","[""4984"", ""11577"", ""7567"", ""8137"", ""8167"", ""7525"", ""8131"", ""5947"", ""3214"", ""9758""]","{""11575"": 0.0, ""11577"": 0.0, ""11625"": 0.0, ""12493"": 0.0, ""12499"": 0.0, ""12531"": 0.0, ""12540"": 0.0, ""13335"": 0.0, ""13405"": 0.0, ""3214"": 0.0, ""4663"": 0.0, ""4984"": 0.0, ""5947"": 0.0, ""6012"": 0.0, ""6783"": 0.0, ""6828"": 0.0, ""7090"": 0.0, ""7525"": 0.0, ""7543"": 0.0, ""7567"": 0.0, ""7594"": 0.0, ""7670"": 0.0, ""8131"": 0.0, ""8137"": 0.0, ""8167"": 0.0, ""8676"": 0.0, ""9226"": 0.0, ""9479"": 0.0, ""9753"": 0.0, ""9758"": 0.0}","[0.0, 0.0, 0.0, 0.0, 0.0, 0.0, 0.0, 0.0, 0.0, 0.0]"
2026-10-10T13:26:55+00:00,1370218620990263296,14,5,6,0.0,"[""11559"", ""11564"", ""11576"", ""11783"", ""12489"", ""12506"", ""12510"", ""12529"", ""13289"", ""13296"", ""13300"", ""13314"", ""13337"", ""13349"", ""13411"", ""13414"", ""13417"", ""13420"", ""13424"", ""3286"", ""4039"", ""6797"", ""7553"", ""7569"", ""7571"", ""8134"", ""8142"", ""8148"", ""8155"", ""8172"", ""9228""]","[""11564"", ""11576"", ""12489"", ""7569"", ""8148"", ""11783"", ""12506"", ""12529"", ""8134"", ""11559""]","{""11559"": 0.0, ""11564"": 0.0, ""11576"": 0.0, ""11783"": 0.0, ""12489"": 0.0, ""12506"": 0.0, ""12510"": 0.0, ""12529"": 0.0, ""13289"": 0.0, ""13296"": 0.0, ""13300"": 0.0, ""13314"": 0.0, ""13337"": 0.0, ""13349"": 0.0, ""13411"": 0.0, ""13414"": 0.0, ""13417"": 0.0, ""13420"": 0.0, ""13424"": 0.0, ""3286"": 0.0, ""4039"": 0.0, ""6797"": 0.0, ""7553"": 0.0, ""7569"": 0.0, ""7571"": 0.0, ""8134"": 0.0, ""8142"": 0.0, ""8148"": 0.0, ""8155"": 0.0, ""8172"": 0.0, ""9228"": 0.0}","[0.0, 0.0, 0.0, 0.0, 0.0, 0.0, 0.0, 0.0, 0.0, 0.0]"
2026-10-10T13:26:55+00:00,1370218620990263296,14,2,7,0.0,"[""10232"", ""11565"", ""11597"", ""11620"", ""11627"", ""11638"", ""11647"", ""12509"", ""12547"", ""13274"", ""13308"", ""13333"", ""13348"", ""13350"", ""13380"", ""13404"", ""13422"", ""3163"", ""4034"", ""4881"", ""5012"", ""6813"", ""7021"", ""7528"", ""8130"", ""8408"", ""9506"", ""9756"", ""9997""]","[""3163"", ""6813"", ""4034"", ""9997"", ""10232"", ""11620"", ""8130"", ""9756"", ""5012"", ""7021""]","{""10232"": 0.0, ""11565"": 0.0, ""11597"": 0.0, ""11620"": 0.0, ""11627"": 0.0, ""11638"": 0.0, ""11647"": 0.0, ""12509"": 0.0, ""12547"": 0.0, ""13274"": 0.0, ""13308"": 0.0, ""13333"": 0.0, ""13348"": 0.0, ""13350"": 0.0, ""13380"": 0.0, ""13404"": 0.0, ""13422"": 0.0, ""3163"": 0.0, ""4034"": 0.0, ""4881"": 0.0, ""5012"": 0.0, ""6813"": 0.0, ""7021"": 0.0, ""7528"": 0.0, ""8130"": 0.0, ""8408"": 0.0, ""9506"": 0.0, ""9756"": 0.0, ""9997"": 0.0}","[0.0, 0.0, 0.0, 0.0, 0.0, 0.0, 0.0, 0.0, 0.0, 0.0]"
2026-10-10T13:26:55+00:00,1370218620990263296,14,6,8,0.0,"[""10213"", ""10229"", ""11563"", ""11632"", ""12455"", ""12471"", ""12474"", ""12476"", ""12492"", ""12501"", ""12530"", ""12545"", ""13477"", ""1479"", ""3271"", ""4018"", ""4199"", ""4217"", ""4993"", ""6803"", ""7588"", ""7828"", ""8111"", ""8121"", ""8138"", ""8144"", ""8154"", ""8161"", ""8180"", ""8698"", ""9509""]","[""11563"", ""8138"", ""9509"", ""8144"", ""12501"", ""11632"", ""4217"", ""7588"", ""4199"", ""12545""]","{""10213"": 0.0, ""10229"": 0.0, ""11563"": 0.0, ""11632"": 0.0, ""12455"": 0.0, ""12471"": 0.0, ""12474"": 0.0, ""12476"": 0.0, ""12492"": 0.0, ""12501"": 0.0, ""12530"": 0.0, ""12545"": 0.0, ""13477"": 0.0, ""1479"": 0.0, ""3271"": 0.0, ""4018"": 0.0, ""4199"": 0.0, ""4217"": 0.0, ""4993"": 0.0, ""6803"": 0.0, ""7588"": 0.0, ""7828"": 0.0, ""8111"": 0.0, ""8121"": 0.0, ""8138"": 0.0, ""8144"": 0.0, ""8154"": 0.0, ""8161"": 0.0, ""8180"": 0.0, ""8698"": 0.0, ""9509"": 0.0}","[0.0, 0.0, 0.0, 0.0, 0.0, 0.0, 0.0, 0.0, 0.0, 0.0]"
2026-10-10T13:26:55+00:00,1370218620990263296,14,1,9,0.0,"[""10444"", ""11256"", ""11557"", ""11560"", ""11600"", ""11628"", ""11631"", ""12467"", ""12483"", ""12485"", ""12502"", ""12518"", ""12533"", ""12541"", ""13268"", ""13286"", ""13288"", ""13418"", ""3321"", ""5846"", ""5854"", ""5967"", ""6806"", ""7523"", ""7527"", ""7547"", ""8126"", ""8228"", ""9508"", ""9511""]","[""7523"", ""8228"", ""12533"", ""7547"", ""11631"", ""5846"", ""12518"", ""8126"", ""5967"", ""11256""]","{""10444"": 0.0, ""11256"": 0.0, ""11557"": 0.0, ""11560"": 0.0, ""11600"": 0.0, ""11628"": 0.0, ""11631"": 0.0, ""12467"": 0.0, ""12483"": 0.0, ""12485"": 0.0, ""12502"": 0.0, ""12518"": 0.0, ""12533"": 0.0, ""12541"": 0.0, ""13268"": 0.0, ""13286"": 0.0, ""13288"": 0.0, ""13418"": 0.0, ""3321"": 0.0, ""5846"": 0.0, ""5854"": 0.0, ""5967"": 0.0, ""6806"": 0.0, ""7523"": 0.0, ""7527"": 0.0, ""7547"": 0.0, ""8126"": 0.0, ""8228"": 0.0, ""9508"": 0.0, ""9511"": 0.0}","[0.0, 0.0, 0.0, 0.0, 0.0, 0.0, 0.0, 0.0, 0.0, 0.0]"
2026-10-10T13:26:55+00:00,1370218620990263296,14,3,10,0.0,"[""10235"", ""10236"", ""11608"", ""12457"", ""12469"", ""12481"", ""12495"", ""12527"", ""13294"", ""13298"", ""13301"", ""13319"", ""13329"", ""13408"", ""13421"", ""13557"", ""19"", ""2307"", ""2449"", ""421"", ""4454"", ""5870"", ""6149"", ""6819"", ""6931"", ""7585"", ""8112"", ""8146"", ""8183"", ""8210"", ""9482""]","[""8183"", ""12527"", ""12481"", ""8112"", ""8146"", ""13298"", ""10236"", ""9482"", ""12495"", ""421""]","{""10235"": 0.0, ""10236"": 0.0, ""11608"": 0.0, ""12457"": 0.0, ""12469"": 0.0, ""12481"": 0.0, ""12495"": 0.0, ""12527"": 0.0, ""13294"": 0.0, ""13298"": 0.0, ""13301"": 0.0, ""13319"": 0.0, ""13329"": 0.0, ""13408"": 0.0, ""13421"": 0.0, ""13557"": 0.0, ""19"": 0.0, ""2307"": 0.0, ""2449"": 0.0, ""421"": 0.0, ""4454"": 0.0, ""5870"": 0.0, ""6149"": 0.0, ""6819"": 0.0, ""6931"": 0.0, ""7585"": 0.0, ""8112"": 0.0, ""8146"": 0.0, ""8183"": 0.0, ""8210"": 0.0, ""9482"": 0.0}","[0.0, 0.0, 0.0, 0.0, 0.0, 0.0, 0.0, 0.0, 0.0, 0.0]"
2026-10-10T13:26:55+00:00,1370218620990263296,14,6,11,0.0,"[""10857"", ""11370"", ""11581"", ""11583"", ""11610"", ""12048"", ""12487"", ""12490"", ""12536"", ""13270"", ""13282"", ""13305"", ""13311"", ""13320"", ""13324"", ""1339"", ""13413"", ""3198"", ""3257"", ""3634"", ""4017"", ""5022"", ""5850"", ""5927"", ""6794"", ""6804"", ""6904"", ""7564"", ""9484"", ""9754""]","[""6904"", ""12490"", ""3198"", ""7564"", ""11610"", ""6794"", ""9484"", ""5022"", ""5927"", ""6804""]","{""10857"": 0.0, ""11370"": 0.0, ""11581"": 0.0, ""11583"": 0.0, ""11610"": 0.0, ""12048"": 0.0, ""12487"": 0.0, ""12490"": 0.0, ""12536"": 0.0, ""13270"": 0.0, ""13282"": 0.0, ""13305"": 0.0, ""13311"": 0.0, ""13320"": 0.0, ""13324"": 0.0, ""1339"": 0.0, ""13413"": 0.0, ""3198"": 0.0, ""3257"": 0.0, ""3634"": 0.0, ""4017"": 0.0, ""5022"": 0.0, ""5850"": 0.0, ""5927"": 0.0, ""6794"": 0.0, ""6804"": 0.0, ""6904"": 0.0, ""7564"": 0.0, ""9484"": 0.0, ""9754"": 0.0}","[0.0, 0.0, 0.0, 0.0, 0.0, 0.0, 0.0, 0.0, 0.0, 0.0]"
2026-10-10T13:26:55+00:00,1370218620990263296,14,4,12,0.0,"[""10218"", ""11596"", ""11637"", ""11643"", ""11729"", ""12484"", ""12504"", ""12535"", ""13264"", ""13299"", ""1466"", ""3294"", ""4037"", ""4046"", ""4866"", ""5872"", ""5892"", ""6039"", ""6768"", ""6786"", ""6801"", ""7002"", ""7039"", ""7526"", ""7591"", ""8162"", ""8188"", ""8207"", ""9221"", ""9225"", ""9480"", ""9501""]","[""3294"", ""9221"", ""5892"", ""6786"", ""6801"", ""4037"", ""9480"", ""11637"", ""7526"", ""7002""]","{""10218"": 0.0, ""11596"": 0.0, ""11637"": 0.0, ""11643"": 0.0, ""11729"": 0.0, ""12484"": 0.0, ""12504"": 0.0, ""12535"": 0.0, ""13264"": 0.0, ""13299"": 0.0, ""1466"": 0.0, ""3294"": 0.0, ""4037"": 0.0, ""4046"": 0.0, ""4866"": 0.0, ""5872"": 0.0, ""5892"": 0.0, ""6039"": 0.0, ""6768"": 0.0, ""6786"": 0.0, ""6801"": 0.0, ""7002"": 0.0, ""7039"": 0.0, ""7526"": 0.0, ""7591"": 0.0, ""8162"": 0.0, ""8188"": 0.0, ""8207"": 0.0, ""9221"": 0.0, ""9225"": 0.0, ""9480"": 0.0, ""9501"": 0.0}","[0.0, 0.0, 0.0, 0.0, 0.0, 0.0, 0.0, 0.0, 0.0, 0.0]"
2026-10-10T13:26:55+00:00,1366076769534251008,1,5,1,172.76,"[""10219"", ""10222"", ""11566"", ""11583"", ""11610"", ""12474"", ""12492"", ""12519"", ""12526"", ""12544"", ""13272"", ""13282"", ""13337"", ""13349"", ""13353"", ""13421"", ""13424"", ""2216"", ""2505"", ""3294"", ""4017"", ""6790"", ""7527"", ""7547"", ""7571"", ""7594"", ""7600"", ""8110"", ""8146"", ""9226"", ""9997""]","[""11566"", ""9226"", ""6790"", ""7547"", ""12526"", ""8110"", ""8146"", ""9997"", ""3294""]","{""10219"": 2.3, ""10222"": 5.0, ""11566"": 21.66, ""11583"": 8.2, ""11610"": 6.3, ""12474"": 5.0, ""12492"": 8.2, ""12519"": 9.5, ""12526"": 10.5, ""12544"": 0.0, ""13272"": 0.0, ""13282"": 0.0, ""13337"": 8.8, ""13349"": 0.0, ""13353"": 0.0, ""13421"": 7.7, ""13424"": 1.0, ""2216"": 16.9, ""2505"": 5.8, ""3294"": 18.4, ""4017"": 18.0, ""6790"": 34.4, ""7527"": 0.0, ""7547"": 28.7, ""7571"": 0.0, ""7594"": 23.7, ""7600"": 18.1, ""8110"": 3.6, ""8146"": 13.9, ""9226"": 10.6, ""9997"": 31.0}","[21.66, 10.6, 34.4, 28.7, 10.5, 3.6, 13.9, 31.0, 18.4]"
2026-10-10T13:26:55+00:00,1366076769534251008,1,4,2,128.88,"[""11575"", ""12455"", ""12457"", ""12483"", ""12484"", ""12502"", ""12505"", ""12517"", ""12545"", ""13285"", ""13301"", ""13305"", ""13320"", ""13347"", ""13402"", ""4037"", ""4866"", ""4881"", ""4943"", ""5844"", ""5859"", ""5927"", ""7021"", ""7588"", ""8151"", ""9482"", ""9493"", ""9501"", ""9511""]","[""4881"", ""4866"", ""8151"", ""9493"", ""5859"", ""12517"", ""7588"", ""7021"", ""4943""]","{""11575"": 0.3, ""12455"": 0.0, ""12457"": 0.0, ""12483"": 11.3, ""12484"": 0.0, ""12502"": 8.8, ""12505"": 0.0, ""12517"": 0.0, ""12545"": 34.2, ""13285"": 4.5, ""13301"": 16.4, ""13305"": 4.1, ""13320"": 0.0, ""13347"": 0.0, ""13402"": 0.0, ""4037"": 8.3, ""4866"": 10.0, ""4881"": 32.96, ""4943"": 0.52, ""5844"": 15.6, ""5859"": 5.6, ""5927"": 3.4, ""7021"": 4.1, ""7588"": 24.2, ""8151"": 38.1, ""9482"": 12.2, ""9493"": 13.4, ""9501"": 7.0, ""9511"": 0.9}","[32.96, 10.0, 38.1, 13.4, 5.6, 0.0, 24.2, 4.1, 0.52]"
2026-10-10T13:26:55+00:00,1366076769534251008,1,2,3,198.06,"[""11584"", ""11589"", ""11600"", ""11620"", ""11631"", ""11632"", ""11643"", ""12500"", ""12501"", ""12508"", ""12510"", ""12522"", ""12534"", ""12547"", ""13333"", ""13348"", ""13403"", ""2306"", ""5012"", ""6783"", ""6826"", ""7569"", ""8131"", ""8134"", ""8161"", ""8210"", ""9225"", ""9487"", ""9509"", ""9758""]","[""12508"", ""9509"", ""11584"", ""7569"", ""11632"", ""8131"", ""9487"", ""11620"", ""9758""]","{""11584"": 20.3, ""11589"": 0.0, ""11600"": 0.0, ""11620"": 8.2, ""11631"": 7.0, ""11632"": 12.9, ""11643"": -0.1, ""12500"": 0.0, ""12501"": 16.5, ""12508"": 32.6, ""12510"": 0.0, ""12522"": 13.7, ""12534"": 24.4, ""12547"": 0.0, ""13333"": 0.0, ""13348"": 0.0, ""13403"": 0.0, ""2306"": 0.0, ""5012"": 10.9, ""6783"": 4.6, ""6826"": 12.5, ""7569"": 21.2, ""8131"": 31.8, ""8134"": 9.0, ""8161"": 16.7, ""8210"": 4.6, ""9225"": 0.3, ""9487"": 19.3, ""9509"": 31.3, ""9758"": 20.46}","[32.6, 31.3, 20.3, 21.2, 12.9, 31.8, 19.3, 8.2, 20.46]"
2026-10-10T13:26:55+00:00,1366076769534251008,1,1,4,121.74,"[""10859"", ""11237"", ""11560"", ""11581"", ""12521"", ""13268"", ""13274"", ""13275"", ""13279"", ""13287"", ""13293"", ""13296"", ""13298"", ""13324"", ""13346"", ""13413"", ""13434"", ""13477"", ""1466"", ""2449"", ""3163"", ""3214"", ""4035"", ""4039"", ""421"", ""7049"", ""7526"", ""7528"", ""7611"", ""8130"", ""9224""]","[""421"", ""7611"", ""9224"", ""7526"", ""13279"", ""8130"", ""10859"", ""1466"", ""3163""]","{""10859"": 12.3, ""11237"": 0.0, ""11560"": 42.26, ""11581"": 3.7, ""12521"": 0.0, ""13268"": 0.0, ""13274"": 0.0, ""13275"": 0.0, ""13279"": 7.8, ""13287"": 13.0, ""13293"": 2.1, ""13296"": 14.4, ""13298"": 7.8, ""13324"": 2.8, ""13346"": 15.9, ""13413"": 0.0, ""13434"": 0.0, ""13477"": 0.0, ""1466"": 12.6, ""2449"": 15.5, ""3163"": 20.44, ""3214"": 7.1, ""4035"": 0.0, ""4039"": 5.5, ""421"": 5.1, ""7049"": 0.0, ""7526"": 1.2, ""7528"": 0.0, ""7611"": 14.5, ""8130"": 29.0, ""9224"": 18.8}","[5.1, 14.5, 18.8, 1.2, 7.8, 29.0, 12.3, 12.6, 20.44]"
2026-10-10T13:26:55+00:00,1366076769534251008,1,1,5,119.56,"[""11370"", ""11563"", ""11604"", ""11638"", ""1166"", ""12470"", ""12495"", ""12507"", ""12533"", ""12536"", ""13303"", ""13425"", ""1479"", ""2133"", ""3257"", ""4981"", ""5849"", ""6904"", ""7525"", ""7543"", ""7553"", ""8137"", ""8180"", ""8205"", ""8408"", ""8676"", ""8800"", ""9221"", ""9500"", ""9504"", ""9753""]","[""6904"", ""9221"", ""12507"", ""8137"", ""7525"", ""7553"", ""2133"", ""7543"", ""11563""]","{""11370"": 2.9, ""11563"": 7.44, ""11604"": 0.0, ""11638"": 0.0, ""1166"": 19.8, ""12470"": 0.0, ""12495"": 0.0, ""12507"": 8.3, ""12533"": 12.6, ""12536"": 7.3, ""13303"": 0.0, ""13425"": 0.0, ""1479"": 9.2, ""2133"": 5.6, ""3257"": 18.48, ""4981"": 0.0, ""5849"": -0.38, ""6904"": 33.72, ""7525"": 8.3, ""7543"": 14.8, ""7553"": 0.0, ""8137"": 5.8, ""8180"": 5.7, ""8205"": 0.0, ""8408"": 11.9, ""8676"": 1.4, ""8800"": 0.0, ""9221"": 35.6, ""9500"": 5.7, ""9504"": 3.1, ""9753"": 0.0}","[33.72, 35.6, 8.3, 5.8, 8.3, 0.0, 5.6, 14.8, 7.44]"
2026-10-10T13:26:55+00:00,1366076769534251008,1,5,6,169.76,"[""10229"", ""11618"", ""11626"", ""11646"", ""12048"", ""12471"", ""12481"", ""12493"", ""12509"", ""13278"", ""13288"", ""13302"", ""13311"", ""13317"", ""1373"", ""3198"", ""4199"", ""4217"", ""5022"", ""5870"", ""6770"", ""6806"", ""7523"", ""7564"", ""8112"", ""8142"", ""8155"", ""9486"", ""9754""]","[""6770"", ""3198"", ""8155"", ""7564"", ""8112"", ""5022"", ""10229"", ""12481"", ""7523""]","{""10229"": 9.9, ""11618"": 0.0, ""11626"": 0.0, ""11646"": 37.8, ""12048"": 2.9, ""12471"": 0.0, ""12481"": 14.1, ""12493"": 6.2, ""12509"": 5.0, ""13278"": 0.0, ""13288"": 0.0, ""13302"": 0.0, ""13311"": 3.5, ""13317"": 6.6, ""1373"": 10.3, ""3198"": 37.3, ""4199"": 10.0, ""4217"": 4.2, ""5022"": 27.7, ""5870"": 11.04, ""6770"": 16.16, ""6806"": 3.6, ""7523"": 34.1, ""7564"": 3.2, ""8112"": 5.5, ""8142"": 10.1, ""8155"": 21.8, ""9486"": 16.3, ""9754"": 3.7}","[16.16, 37.3, 21.8, 3.2, 5.5, 27.7, 9.9, 14.1, 34.1]"
2026-10-10T13:26:55+00:00,1366076769534251008,1,2,7,152.46,"[""10232"", ""11435"", ""11564"", ""11586"", ""11624"", ""11655"", ""11783"", ""12467"", ""12511"", ""12514"", ""13286"", ""13417"", ""13420"", ""13423"", ""4034"", ""4892"", ""4983"", ""5045"", ""5967"", ""6813"", ""6865"", ""7828"", ""8111"", ""8144"", ""8154"", ""8167"", ""9479"", ""9484"", ""9502"", ""96""]","[""11564"", ""6813"", ""4034"", ""8144"", ""12514"", ""9484"", ""4983"", ""10232"", ""4892""]","{""10232"": 10.6, ""11435"": 0.3, ""11564"": 11.82, ""11586"": 5.4, ""11624"": 4.8, ""11655"": -0.6, ""11783"": 4.2, ""12467"": 0.0, ""12511"": 0.0, ""12514"": 11.3, ""13286"": 7.8, ""13417"": 0.0, ""13420"": 7.2, ""13423"": 0.0, ""4034"": 13.8, ""4892"": 11.64, ""4983"": 25.0, ""5045"": 3.1, ""5967"": 4.4, ""6813"": 25.1, ""6865"": 2.1, ""7828"": 2.0, ""8111"": 7.1, ""8144"": 32.2, ""8154"": 3.1, ""8167"": 36.7, ""9479"": 4.8, ""9484"": 11.0, ""9502"": 0.0, ""96"": 14.54}","[11.82, 25.1, 13.8, 32.2, 11.3, 11.0, 25.0, 10.6, 11.64]"
2026-10-10T13:26:55+00:00,1366076769534251008,1,3,8,164.04,"[""10236"", ""11596"", ""11603"", ""11627"", ""12487"", ""12489"", ""12497"", ""12512"", ""12518"", ""12535"", ""13289"", ""13329"", ""13336"", ""13380"", ""13405"", ""13414"", ""4066"", ""4950"", ""4984"", ""5850"", ""5872"", ""6786"", ""6794"", ""6804"", ""6819"", ""8121"", ""8136"", ""8150"", ""8698"", ""9228""]","[""4984"", ""8150"", ""8136"", ""6786"", ""6794"", ""12518"", ""12512"", ""11603"", ""6804""]","{""10236"": 23.5, ""11596"": 0.0, ""11603"": 4.3, ""11627"": 0.5, ""12487"": 0.0, ""12489"": 8.1, ""12497"": 0.0, ""12512"": 7.0, ""12518"": 11.8, ""12535"": 0.0, ""13289"": 0.0, ""13329"": 0.8, ""13336"": 0.0, ""13380"": 0.0, ""13405"": 1.6, ""13414"": 8.0, ""4066"": 16.3, ""4950"": 0.0, ""4984"": 44.66, ""5850"": 0.0, ""5872"": 18.0, ""6786"": 15.4, ""6794"": 31.2, ""6804"": 29.48, ""6819"": 8.8, ""8121"": 0.0, ""8136"": 4.7, ""8150"": 15.5, ""8698"": 0.0, ""9228"": 42.44}","[44.66, 15.5, 4.7, 15.4, 31.2, 11.8, 7.0, 4.3, 29.48]"
2026-10-10T13:26:55+00:00,1366076769534251008,1,4,9,96.16,"[""11559"", ""11597"", ""11625"", ""11628"", ""11834"", ""12476"", ""12485"", ""12490"", ""12498"", ""12504"", ""12506"", ""12530"", ""12541"", ""13269"", ""13281"", ""13294"", ""13345"", ""13404"", ""5892"", ""5947"", ""6768"", ""6797"", ""6801"", ""7002"", ""7567"", ""8126"", ""8132"", ""8138"", ""9229"", ""9494""]","[""6797"", ""8138"", ""7567"", ""11834"", ""11625"", ""12506"", ""5892"", ""11628"", ""6768""]","{""11559"": 0.0, ""11597"": 2.4, ""11625"": 10.0, ""11628"": 4.3, ""11834"": 19.9, ""12476"": 0.0, ""12485"": -0.4, ""12490"": 9.8, ""12498"": 2.8, ""12504"": 0.0, ""12506"": 5.1, ""12530"": 2.1, ""12541"": 0.0, ""13269"": 0.0, ""13281"": 0.0, ""13294"": 2.5, ""13345"": 0.0, ""13404"": 0.0, ""5892"": 28.9, ""5947"": 12.2, ""6768"": 0.0, ""6797"": 15.26, ""6801"": 8.9, ""7002"": 15.9, ""7567"": 2.8, ""8126"": 8.8, ""8132"": 9.0, ""8138"": 9.9, ""9229"": 0.0, ""9494"": 0.0}","[15.26, 9.9, 2.8, 19.9, 10.0, 5.1, 28.9, 4.3, 0.0]"
2026-10-10T13:26:55+00:00,1366076769534251008,1,3,10,166.16,"[""10213"", ""11565"", ""11576"", ""11635"", ""12469"", ""12499"", ""12503"", ""12524"", ""12527"", ""12529"", ""12540"", ""13276"", ""13319"", ""13330"", ""13338"", ""2307"", ""3321"", ""4033"", ""4046"", ""5001"", ""5846"", ""6803"", ""7591"", ""8148"", ""8183"", ""8228"", ""9480"", ""9488"", ""9508"", ""9756""]","[""4046"", ""12527"", ""12529"", ""9488"", ""11635"", ""5001"", ""8228"", ""8148"", ""8183""]","{""10213"": 4.7, ""11565"": 0.0, ""11576"": 4.0, ""11635"": 19.2, ""12469"": 0.0, ""12499"": 8.1, ""12503"": 0.0, ""12524"": 0.0, ""12527"": 34.7, ""12529"": 0.0, ""12540"": -0.3, ""13276"": 4.0, ""13319"": 0.0, ""13330"": 12.9, ""13338"": 0.0, ""2307"": 0.0, ""3321"": 0.0, ""4033"": 13.3, ""4046"": 26.66, ""5001"": 9.5, ""5846"": 8.0, ""6803"": 0.0, ""7591"": 0.0, ""8148"": 8.5, ""8183"": 27.1, ""8228"": 10.3, ""9480"": 11.3, ""9488"": 30.2, ""9508"": 4.4, ""9756"": 0.0}","[26.66, 34.7, 0.0, 30.2, 19.2, 9.5, 10.3, 8.5, 27.1]"
2026-10-10T13:26:55+00:00,1366076769534251008,2,5,1,187.4,"[""10219"", ""10222"", ""11566"", ""11581"", ""11583"", ""11610"", ""12474"", ""12492"", ""12519"", ""12526"", ""12544"", ""13272"", ""13282"", ""13288"", ""13337"", ""13349"", ""13353"", ""13421"", ""2505"", ""3294"", ""4017"", ""6790"", ""7527"", ""7547"", ""7571"", ""7594"", ""7600"", ""8110"", ""8146"", ""9226"", ""9997""]","[""11566"", ""7594"", ""6790"", ""7547"", ""12526"", ""8110"", ""8146"", ""9226"", ""3294""]","{""10219"": 1.3, ""10222"": 1.4, ""11566"": 16.74, ""11581"": 8.6, ""11583"": 2.1, ""11610"": 8.7, ""12474"": 8.5, ""12492"": 1.6, ""12519"": 6.2, ""12526"": 17.1, ""12544"": 0.0, ""13272"": 0.0, ""13282"": 0.0, ""13288"": 1.0, ""13337"": 5.5, ""13349"": 0.0, ""13353"": 0.0, ""13421"": 4.5, ""2505"": 19.8, ""3294"": 37.76, ""4017"": 25.72, ""6790"": 12.9, ""7527"": -0.2, ""7547"": 37.2, ""7571"": 21.8, ""7594"": 14.4, ""7600"": 9.4, ""8110"": 22.3, ""8146"": 16.7, ""9226"": 12.3, ""9997"": 0.0}","[16.74, 14.4, 12.9, 37.2, 17.1, 22.3, 16.7, 12.3, 37.76]"
2026-10-10T13:26:55+00:00,1366076769534251008,2,5,2,99.18,"[""11575"", ""12455"", ""12457"", ""12483"", ""12484"", ""12502"", ""12505"", ""12517"", ""12545"", ""13285"", ""13301"", ""13305"", ""13320"", ""13347"", ""13402"", ""4037"", ""4866"", ""4881"", ""4943"", ""5844"", ""5859"", ""5927"", ""7021"", ""7588"", ""8151"", ""9482"", ""9493"", ""9501"", ""9511""]","[""4881"", ""4866"", ""8151"", ""13285"", ""5927"", ""12517"", ""7588"", ""7021"", ""12545""]","{""11575"": 0.0, ""12455"": 0.0, ""12457"": 0.0, ""12483"": 4.5, ""12484"": 0.0, ""12502"": 4.3, ""12505"": 8.6, ""12517"": 1.8, ""12545"": 24.38, ""13285"": 5.0, ""13301"": 5.4, ""13305"": 0.7, ""13320"": 3.4, ""13347"": 1.2, ""13402"": 0.0, ""4037"": 8.8, ""4866"": 3.0, ""4881"": 17.8, ""4943"": 0.0, ""5844"": 7.4, ""5859"": 0.0, ""5927"": 7.0, ""7021"": 6.4, ""7588"": 8.0, ""8151"": 25.8, ""9482"": 6.8, ""9493"": 0.0, ""9501"": 1.9, ""9511"": 4.9}","[17.8, 3.0, 25.8, 5.0, 7.0, 1.8, 8.0, 6.4, 24.38]"
2026-10-10T13:26:55+00:00,1366076769534251008,2,1,3,89.72,"[""11584"", ""11589"", ""11600"", ""11620"", ""11631"", ""11632"", ""11643"", ""12500"", ""12501"", ""12508"", ""12510"", ""12522"", ""12534"", ""12547"", ""13333"", ""13348"", ""13403"", ""2306"", ""5012"", ""6783"", ""6826"", ""7569"", ""8131"", ""8134"", ""8161"", ""8210"", ""9225"", ""9487"", ""9509"", ""9758""]","[""12508"", ""9509"", ""11584"", ""11632"", ""9487"", ""8131"", ""12501"", ""11620"", ""9758""]","{""11584"": 13.0, ""11589"": 0.0, ""11600"": 0.0, ""11620"": 7.3, ""11631"": 7.0, ""11632"": 1.1, ""11643"": 1.1, ""12500"": 0.0, ""12501"": 9.8, ""12508"": 0.8, ""12510"": 0.0, ""12522"": 21.02, ""12534"": 7.8, ""12547"": 2.0, ""13333"": 1.4, ""13348"": 0.0, ""13403"": 0.0, ""2306"": 2.54, ""5012"": 13.9, ""6783"": 0.0, ""6826"": 0.0, ""7569"": 0.0, ""8131"": 10.8, ""8134"": 6.8, ""8161"": 16.48, ""8210"": 0.0, ""9225"": 11.8, ""9487"": 16.8, ""9509"": 11.1, ""9758"": 19.02}","[0.8, 11.1, 13.0, 1.1, 16.8, 10.8, 9.8, 7.3, 19.02]"
2026-10-10T13:26:55+00:00,1366076769534251008,2,1,4,166.3,"[""10859"", ""11237"", ""11560"", ""12472"", ""12521"", ""13268"", ""13274"", ""13275"", ""13279"", ""13287"", ""13293"", ""13296"", ""13298"", ""13324"", ""13346"", ""13413"", ""13434"", ""13477"", ""1466"", ""2216"", ""2449"", ""3163"", ""3214"", ""4039"", ""421"", ""6130"", ""7049"", ""7526"", ""7611"", ""8130"", ""9224""]","[""11560"", ""7611"", ""9224"", ""2216"", ""2449"", ""8130"", ""10859"", ""1466"", ""3163""]","{""10859"": 20.2, ""11237"": 0.0, ""11560"": 7.72, ""12472"": 2.1, ""12521"": 3.2, ""13268"": 0.0, ""13274"": 7.5, ""13275"": 0.0, ""13279"": 5.7, ""13287"": 7.5, ""13293"": 0.0, ""13296"": 3.9, ""13298"": 8.2, ""13324"": 0.0, ""13346"": 22.5, ""13413"": 0.0, ""13434"": 1.9, ""13477"": 1.7, ""1466"": 31.6, ""2216"": 8.4, ""2449"": 21.7, ""3163"": 39.78, ""3214"": 8.5, ""4039"": 4.0, ""421"": 37.98, ""6130"": 0.9, ""7049"": 0.0, ""7526"": 24.8, ""7611"": 3.6, ""8130"": 22.1, ""9224"": 11.2}","[7.72, 3.6, 11.2, 8.4, 21.7, 22.1, 20.2, 31.6, 39.78]"
2026-10-10T13:26:55+00:00,1366076769534251008,2,2,5,169.08,"[""11370"", ""11563"", ""11604"", ""11638"", ""1166"", ""12470"", ""12495"", ""12507"", ""12533"", ""12536"", ""13303"", ""13425"", ""1479"", ""2133"", ""3257"", ""4035"", ""5849"", ""6904"", ""7525"", ""7543"", ""7553"", ""8137"", ""8180"", ""8205"", ""8408"", ""8676"", ""8800"", ""9221"", ""9500"", ""9504"", ""9753""]","[""6904"", ""9221"", ""12507"", ""8137"", ""7525"", ""7553"", ""2133"", ""12533"", ""11563""]","{""11370"": 3.6, ""11563"": 17.12, ""11604"": 0.0, ""11638"": 0.0, ""1166"": 29.22, ""12470"": 0.0, ""12495"": 0.7, ""12507"": 17.5, ""12533"": 5.8, ""12536"": 5.4, ""13303"": 0.0, ""13425"": 0.0, ""1479"": 1.5, ""2133"": 42.5, ""3257"": 8.5, ""4035"": 7.2, ""5849"": 0.0, ""6904"": 20.16, ""7525"": 29.7, ""7543"": 7.1, ""7553"": 3.0, ""8137"": 10.0, ""8180"": 1.9, ""8205"": 0.0, ""8408"": 0.0, ""8676"": 6.9, ""8800"": 0.0, ""9221"": 23.3, ""9500"": 14.2, ""9504"": 6.7, ""9753"": 0.0}","[20.16, 23.3, 17.5, 10.0, 29.7, 3.0, 42.5, 5.8, 17.12]"
2026-10-10T13:26:55+00:00,1366076769534251008,2,4,6,118.54,"[""10229"", ""11618"", ""11626"", ""11646"", ""12048"", ""12471"", ""12481"", ""12493"", ""12509"", ""13278"", ""13302"", ""13311"", ""13317"", ""13424"", ""1373"", ""3198"", ""4199"", ""4217"", ""5022"", ""5870"", ""6770"", ""6806"", ""7523"", ""7564"", ""8112"", ""8142"", ""8155"", ""9486"", ""9754""]","[""6770"", ""3198"", ""8155"", ""7564"", ""8112"", ""5022"", ""4199"", ""12481"", ""7523""]","{""10229"": 12.3, ""11618"": 0.0, ""11626"": 9.4, ""11646"": 14.6, ""12048"": 2.5, ""12471"": 0.0, ""12481"": 9.5, ""12493"": 10.8, ""12509"": 7.3, ""13278"": 0.0, ""13302"": 0.0, ""13311"": 0.0, ""13317"": 4.7, ""13424"": 0.0, ""1373"": 18.58, ""3198"": 17.7, ""4199"": 12.5, ""4217"": 21.0, ""5022"": 1.9, ""5870"": 14.4, ""6770"": 20.18, ""6806"": 3.6, ""7523"": 6.16, ""7564"": 26.5, ""8112"": 8.9, ""8142"": 2.1, ""8155"": 15.2, ""9486"": 12.4, ""9754"": 2.4}","[20.18, 17.7, 15.2, 26.5, 8.9, 1.9, 12.5, 9.5, 6.16]"
2026-10-10T13:26:55+00:00,1366076769534251008,2,3,7,127.4,"[""10232"", ""11435"", ""11564"", ""11586"", ""11624"", ""11655"", ""11783"", ""12467"", ""12511"", ""12514"", ""13286"", ""13417"", ""13420"", ""13423"", ""4034"", ""4892"", ""4983"", ""5045"", ""5967"", ""6813"", ""6865"", ""7828"", ""8111"", ""8144"", ""8154"", ""8167"", ""9479"", ""9484"", ""9502"", ""96""]","[""11564"", ""6813"", ""4034"", ""8144"", ""12514"", ""9484"", ""4983"", ""8167"", ""4892""]","{""10232"": 3.8, ""11435"": 9.2, ""11564"": 9.02, ""11586"": 10.2, ""11624"": 13.5, ""11655"": 0.0, ""11783"": 7.3, ""12467"": 1.5, ""12511"": 0.0, ""12514"": 10.3, ""13286"": 5.0, ""13417"": 0.0, ""13420"": 1.8, ""13423"": 0.0, ""4034"": 22.6, ""4892"": 15.18, ""4983"": -0.1, ""5045"": 5.5, ""5967"": 7.5, ""6813"": 29.2, ""6865"": 4.5, ""7828"": 0.0, ""8111"": 11.3, ""8144"": 22.6, ""8154"": 8.7, ""8167"": 14.1, ""9479"": 2.2, ""9484"": 4.5, ""9502"": 0.0, ""96"": 3.98}","[9.02, 29.2, 22.6, 22.6, 10.3, 4.5, -0.1, 14.1, 15.18]"
2026-10-10T13:26:55+00:00,1366076769534251008,2,4,8,189.4,"[""10236"", ""11596"", ""11603"", ""11627"", ""12487"", ""12489"", ""12497"", ""12512"", ""12518"", ""12535"", ""13289"", ""13329"", ""13336"", ""13380"", ""13405"", ""13414"", ""4066"", ""4950"", ""4984"", ""5850"", ""5872"", ""6786"", ""6794"", ""6804"", ""6819"", ""8121"", ""8136"", ""8150"", ""8698"", ""9228""]","[""4984"", ""8150"", ""8136"", ""6786"", ""6794"", ""12518"", ""5872"", ""12512"", ""9228""]","{""10236"": 26.0, ""11596"": 2.1, ""11603"": 8.4, ""11627"": 3.7, ""12487"": 20.4, ""12489"": 0.0, ""12497"": 0.0, ""12512"": 9.8, ""12518"": 17.4, ""12535"": 4.6, ""13289"": 0.0, ""13329"": 0.0, ""13336"": 0.0, ""13380"": 2.3, ""13405"": 2.4, ""13414"": 2.5, ""4066"": 3.2, ""4950"": 0.0, ""4984"": 48.82, ""5850"": 0.0, ""5872"": 6.5, ""6786"": 37.3, ""6794"": 8.5, ""6804"": 17.8, ""6819"": 0.0, ""8121"": 13.6, ""8136"": 14.3, ""8150"": 15.7, ""8698"": 0.0, ""9228"": 31.08}","[48.82, 15.7, 14.3, 37.3, 8.5, 17.4, 6.5, 9.8, 31.08]"
2026-10-10T13:26:55+00:00,1366076769534251008,2,3,9,79.28,"[""11559"", ""11597"", ""11625"", ""11628"", ""11834"", ""12476"", ""12485"", ""12490"", ""12498"", ""12504"", ""12506"", ""12530"", ""12541"", ""13269"", ""13281"", ""13294"", ""13345"", ""13404"", ""5892"", ""5947"", ""6768"", ""6797"", ""6801"", ""7002"", ""7567"", ""8126"", ""8132"", ""8138"", ""9229"", ""9494""]","[""6797"", ""8138"", ""7567"", ""11834"", ""11625"", ""12506"", ""5892"", ""11628"", ""6768""]","{""11559"": 0.0, ""11597"": 0.0, ""11625"": 12.3, ""11628"": 0.0, ""11834"": 11.4, ""12476"": 0.0, ""12485"": 6.9, ""12490"": 14.2, ""12498"": 0.0, ""12504"": 3.2, ""12506"": 12.9, ""12530"": 0.0, ""12541"": 0.0, ""13269"": 0.0, ""13281"": 0.0, ""13294"": 1.9, ""13345"": 14.8, ""13404"": 0.0, ""5892"": 4.4, ""5947"": 3.8, ""6768"": 0.0, ""6797"": 10.88, ""6801"": 14.5, ""7002"": 12.6, ""7567"": 4.5, ""8126"": 1.9, ""8132"": 3.9, ""8138"": 22.9, ""9229"": 0.0, ""9494"": 0.0}","[10.88, 22.9, 4.5, 11.4, 12.3, 12.9, 4.4, 0.0, 0.0]"
2026-10-10T13:26:55+00:00,1366076769534251008,2,2,10,161.16,"[""10213"", ""11565"", ""11576"", ""11635"", ""12469"", ""12499"", ""12524"", ""12527"", ""12529"", ""13276"", ""13319"", ""13330"", ""3321"", ""4033"", ""4046"", ""5001"", ""5846"", ""6803"", ""7591"", ""8148"", ""8183"", ""8228"", ""9480"", ""9488"", ""9508"", ""9756""]","[""4046"", ""12527"", ""8228"", ""9488"", ""11635"", ""9480"", ""5846"", ""8148"", ""8183""]","{""10213"": 27.9, ""11565"": 0.0, ""11576"": 8.5, ""11635"": 6.5, ""12469"": 0.0, ""12499"": 9.9, ""12524"": 0.0, ""12527"": 10.3, ""12529"": 13.6, ""13276"": 0.0, ""13319"": 2.3, ""13330"": 4.7, ""3321"": 0.0, ""4033"": 2.4, ""4046"": 37.98, ""5001"": 34.0, ""5846"": 6.7, ""6803"": 0.0, ""7591"": 0.0, ""8148"": 5.3, ""8183"": 33.48, ""8228"": 9.7, ""9480"": 4.7, ""9488"": 46.5, ""9508"": 9.0, ""9756"": 4.1}","[37.98, 10.3, 9.7, 46.5, 6.5, 4.7, 6.7, 5.3, 33.48]"
2026-10-10T13:26:55+00:00,1366076769534251008,3,4,1,128.7,"[""10219"", ""10222"", ""11566"", ""11581"", ""11583"", ""11610"", ""12474"", ""12492"", ""12519"", ""12526"", ""13272"", ""13282"", ""13288"", ""13337"", ""13349"", ""13353"", ""13421"", ""2307"", ""2505"", ""3294"", ""4017"", ""6790"", ""7527"", ""7547"", ""7571"", ""7594"", ""7600"", ""8110"", ""8146"", ""9226"", ""9997""]","[""3294"", ""7594"", ""9226"", ""7547"", ""12526"", ""7600"", ""8146"", ""9997"", ""4017""]","{""10219"": 9.7, ""10222"": 0.0, ""11566"": 0.0, ""11581"": 3.8, ""11583"": 0.0, ""11610"": 11.1, ""12474"": 9.1, ""12492"": 14.4, ""12519"": 19.8, ""12526"": 3.7, ""13272"": 0.0, ""13282"": 0.0, ""13288"": 0.0, ""13337"": 1.7, ""13349"": 0.0, ""13353"": 0.0, ""13421"": 0.0, ""2307"": 26.42, ""2505"": 12.6, ""3294"": 21.94, ""4017"": 24.26, ""6790"": 10.8, ""7527"": 0.0, ""7547"": 11.9, ""7571"": 5.7, ""7594"": 15.0, ""7600"": 6.1, ""8110"": 10.8, ""8146"": 28.7, ""9226"": 1.7, ""9997"": 15.4}","[21.94, 15.0, 1.7, 11.9, 3.7, 6.1, 28.7, 15.4, 24.26]"
2026-10-10T13:26:55+00:00,1366076769534251008,3,5,2,134.14,"[""11575"", ""12455"", ""12457"", ""12483"", ""12484"", ""12502"", ""12505"", ""12517"", ""12545"", ""13285"", ""13301"", ""13305"", ""13320"", ""13347"", ""13402"", ""4037"", ""4866"", ""4881"", ""4943"", ""5844"", ""5859"", ""5927"", ""7021"", ""7588"", ""8151"", ""9482"", ""9493"", ""9501"", ""9511""]","[""4881"", ""4866"", ""8151"", ""4037"", ""5927"", ""5844"", ""7588"", ""7021"", ""12545""]","{""11575"": 0.0, ""12455"": 1.4, ""12457"": 0.0, ""12483"": 0.0, ""12484"": 0.0, ""12502"": 4.4, ""12505"": 2.1, ""12517"": 9.1, ""12545"": 31.8, ""13285"": 3.9, ""13301"": 3.5, ""13305"": 11.4, ""13320"": 1.7, ""13347"": 0.1, ""13402"": 0.0, ""4037"": 5.5, ""4866"": 9.0, ""4881"": 24.44, ""4943"": 37.66, ""5844"": 4.1, ""5859"": 0.0, ""5927"": 19.7, ""7021"": 0.0, ""7588"": 18.3, ""8151"": 21.3, ""9482"": 13.7, ""9493"": 0.0, ""9501"": 4.8, ""9511"": 13.7}","[24.44, 9.0, 21.3, 5.5, 19.7, 4.1, 18.3, 0.0, 31.8]"
2026-10-10T13:26:55+00:00,1366076769534251008,3,2,3,127.02,"[""11584"", ""11589"", ""11600"", ""11620"", ""11631"", ""11632"", ""11643"", ""12500"", ""12501"", ""12508"", ""12510"", ""12522"", ""12534"", ""12547"", ""13333"", ""13348"", ""13403"", ""2306"", ""5012"", ""6783"", ""6826"", ""7569"", ""8131"", ""8134"", ""8161"", ""8210"", ""9225"", ""9487"", ""9509"", ""9758""]","[""9758"", ""9509"", ""11584"", ""11632"", ""9487"", ""8131"", ""12501"", ""5012"", ""12522""]","{""11584"": 7.8, ""11589"": 0.0, ""11600"": 0.0, ""11620"": 7.4, ""11631"": 1.8, ""11632"": 7.6, ""11643"": 0.0, ""12500"": 0.0, ""12501"": 24.0, ""12508"": 0.0, ""12510"": 0.0, ""12522"": 11.44, ""12534"": 3.1, ""12547"": 4.4, ""13333"": 0.0, ""13348"": 0.0, ""13403"": 0.0, ""2306"": 6.12, ""5012"": 6.9, ""6783"": 0.0, ""6826"": 0.0, ""7569"": 0.0, ""8131"": 4.3, ""8134"": 1.6, ""8161"": 12.0, ""8210"": 0.0, ""9225"": -0.5, ""9487"": 13.0, ""9509"": 38.3, ""9758"": 13.68}","[13.68, 38.3, 7.8, 7.6, 13.0, 4.3, 24.0, 6.9, 11.44]"
2026-10-10T13:26:55+00:00,1366076769534251008,3,1,4,145.36,"[""10859"", ""11237"", ""11560"", ""12472"", ""12521"", ""13268"", ""13274"", ""13275"", ""13279"", ""13287"", ""13293"", ""13296"", ""13298"", ""13324"", ""13346"", ""13413"", ""13434"", ""13477"", ""1466"", ""2216"", ""2449"", ""3163"", ""3214"", ""4039"", ""421"", ""6130"", ""7049"", ""7526"", ""7611"", ""8130"", ""9224""]","[""421"", ""13287"", ""9224"", ""13346"", ""7526"", ""8130"", ""10859"", ""1466"", ""3163""]","{""10859"": 8.9, ""11237"": 0.0, ""11560"": 0.0, ""12472"": 9.1, ""12521"": 0.0, ""13268"": 0.0, ""13274"": 2.4, ""13275"": 0.0, ""13279"": 11.8, ""13287"": 21.9, ""13293"": 0.0, ""13296"": 0.0, ""13298"": 2.9, ""13324"": 11.3, ""13346"": 8.1, ""13413"": 0.0, ""13434"": 0.0, ""13477"": 1.2, ""1466"": 15.9, ""2216"": 12.4, ""2449"": 7.3, ""3163"": 24.36, ""3214"": 2.0, ""4039"": 14.6, ""421"": 29.9, ""6130"": 0.0, ""7049"": 1.1, ""7526"": 6.4, ""7611"": 6.8, ""8130"": 21.0, ""9224"": 8.9}","[29.9, 21.9, 8.9, 8.1, 6.4, 21.0, 8.9, 15.9, 24.36]"
2026-10-10T13:26:55+00:00,1366076769534251008,3,3,5,179.06,"[""11370"", ""11563"", ""11604"", ""11638"", ""1166"", ""12470"", ""12495"", ""12507"", ""12533"", ""12536"", ""13303"", ""13425"", ""1479"", ""2133"", ""3257"", ""4035"", ""5849"", ""6904"", ""7525"", ""7543"", ""7553"", ""8137"", ""8180"", ""8205"", ""8408"", ""8676"", ""8800"", ""9221"", ""9500"", ""9504"", ""9753""]","[""6904"", ""9221"", ""12507"", ""8137"", ""7525"", ""11604"", ""2133"", ""12533"", ""11563""]","{""11370"": 1.4, ""11563"": 28.14, ""11604"": 34.6, ""11638"": 0.0, ""1166"": 28.22, ""12470"": 0.0, ""12495"": 14.5, ""12507"": 5.6, ""12533"": 5.3, ""12536"": 4.5, ""13303"": 0.0, ""13425"": -1.1, ""1479"": 18.3, ""2133"": 23.7, ""3257"": 29.6, ""4035"": 5.1, ""5849"": 14.42, ""6904"": 12.62, ""7525"": 12.5, ""7543"": 9.0, ""7553"": 2.0, ""8137"": 15.2, ""8180"": 2.6, ""8205"": 0.0, ""8408"": 0.0, ""8676"": 3.4, ""8800"": 0.0, ""9221"": 41.4, ""9500"": 12.7, ""9504"": 4.1, ""9753"": 0.0}","[12.62, 41.4, 5.6, 15.2, 12.5, 34.6, 23.7, 5.3, 28.14]"
2026-10-10T13:26:55+00:00,1366076769534251008,3,3,6,189.16,"[""10229"", ""11618"", ""11626"", ""11646"", ""12048"", ""12471"", ""12481"", ""12493"", ""12509"", ""13278"", ""13302"", ""13311"", ""13317"", ""13424"", ""1373"", ""3198"", ""4199"", ""4217"", ""5022"", ""5870"", ""6770"", ""6806"", ""7523"", ""7564"", ""8112"", ""8142"", ""8155"", ""9486"", ""9754""]","[""6770"", ""3198"", ""8155"", ""7564"", ""8112"", ""4217"", ""4199"", ""11646"", ""7523""]","{""10229"": 15.8, ""11618"": 0.0, ""11626"": 0.0, ""11646"": 3.8, ""12048"": 10.8, ""12471"": 0.0, ""12481"": 13.0, ""12493"": 0.0, ""12509"": 13.6, ""13278"": 0.0, ""13302"": 0.0, ""13311"": 11.7, ""13317"": 13.0, ""13424"": 1.4, ""1373"": 35.04, ""3198"": 21.9, ""4199"": 14.2, ""4217"": 29.2, ""5022"": 0.0, ""5870"": 9.9, ""6770"": 28.58, ""6806"": 6.3, ""7523"": 25.78, ""7564"": 24.8, ""8112"": 32.4, ""8142"": 0.0, ""8155"": 8.5, ""9486"": 5.2, ""9754"": 7.0}","[28.58, 21.9, 8.5, 24.8, 32.4, 29.2, 14.2, 3.8, 25.78]"
2026-10-10T13:26:55+00:00,1366076769534251008,3,4,7,115.14,"[""10232"", ""11435"", ""11564"", ""11586"", ""11624"", ""11655"", ""11783"", ""12467"", ""12511"", ""12514"", ""13286"", ""13417"", ""13420"", ""13423"", ""4034"", ""4892"", ""4983"", ""5045"", ""5854"", ""5967"", ""6813"", ""6865"", ""8111"", ""8144"", ""8154"", ""8167"", ""9479"", ""9484"", ""9502"", ""96""]","[""11564"", ""6813"", ""4034"", ""8144"", ""8167"", ""9484"", ""13286"", ""12514"", ""4892""]","{""10232"": 25.9, ""11435"": 1.4, ""11564"": 3.76, ""11586"": 3.5, ""11624"": 4.0, ""11655"": 0.3, ""11783"": 4.2, ""12467"": 0.0, ""12511"": 0.0, ""12514"": 11.2, ""13286"": 1.2, ""13417"": 0.0, ""13420"": 0.0, ""13423"": 0.0, ""4034"": 21.6, ""4892"": 15.28, ""4983"": 12.7, ""5045"": 7.6, ""5854"": 0.0, ""5967"": 13.6, ""6813"": 9.2, ""6865"": 0.0, ""8111"": 10.1, ""8144"": 21.7, ""8154"": 11.0, ""8167"": 22.6, ""9479"": 12.2, ""9484"": 8.6, ""9502"": 0.0, ""96"": 29.68}","[3.76, 9.2, 21.6, 21.7, 22.6, 8.6, 1.2, 11.2, 15.28]"
2026-10-10T13:26:55+00:00,1366076769534251008,3,5,8,134.8,"[""10236"", ""11596"", ""11603"", ""11627"", ""12487"", ""12489"", ""12497"", ""12512"", ""12518"", ""12535"", ""13289"", ""13329"", ""13336"", ""13380"", ""13405"", ""13414"", ""4066"", ""4950"", ""4984"", ""5850"", ""5872"", ""6786"", ""6794"", ""6804"", ""6819"", ""8121"", ""8136"", ""8150"", ""8698"", ""9228""]","[""4984"", ""8150"", ""8136"", ""6786"", ""6794"", ""12518"", ""10236"", ""5872"", ""9228""]","{""10236"": 4.8, ""11596"": 0.0, ""11603"": 14.4, ""11627"": 3.1, ""12487"": 2.4, ""12489"": 10.7, ""12497"": 7.8, ""12512"": 9.9, ""12518"": 19.2, ""12535"": 10.6, ""13289"": 0.0, ""13329"": 0.0, ""13336"": 0.0, ""13380"": 0.0, ""13405"": 0.0, ""13414"": 1.7, ""4066"": 0.0, ""4950"": 0.0, ""4984"": 17.46, ""5850"": 0.0, ""5872"": 16.4, ""6786"": 23.2, ""6794"": 5.2, ""6804"": 25.48, ""6819"": 3.6, ""8121"": 7.9, ""8136"": 11.1, ""8150"": 21.8, ""8698"": 0.0, ""9228"": 15.64}","[17.46, 21.8, 11.1, 23.2, 5.2, 19.2, 4.8, 16.4, 15.64]"
2026-10-10T13:26:55+00:00,1366076769534251008,3,2,9,108.44,"[""11559"", ""11597"", ""11625"", ""11628"", ""11834"", ""12476"", ""12485"", ""12490"", ""12498"", ""12504"", ""12506"", ""12530"", ""12541"", ""13269"", ""13281"", ""13294"", ""13345"", ""13404"", ""5892"", ""5947"", ""6768"", ""6797"", ""6801"", ""7002"", ""7567"", ""8126"", ""8132"", ""8138"", ""9229"", ""9494""]","[""6797"", ""8138"", ""7567"", ""11834"", ""6801"", ""12506"", ""5892"", ""11628"", ""6768""]","{""11559"": 18.04, ""11597"": 0.0, ""11625"": 0.0, ""11628"": 7.0, ""11834"": 6.9, ""12476"": 0.0, ""12485"": 1.8, ""12490"": 17.0, ""12498"": 0.0, ""12504"": 2.6, ""12506"": 27.6, ""12530"": 0.0, ""12541"": 0.0, ""13269"": 0.0, ""13281"": 0.0, ""13294"": 5.9, ""13345"": 0.0, ""13404"": 0.0, ""5892"": 6.8, ""5947"": 19.4, ""6768"": 0.0, ""6797"": 14.74, ""6801"": 21.0, ""7002"": 27.3, ""7567"": 3.0, ""8126"": 18.7, ""8132"": 4.9, ""8138"": 21.4, ""9229"": 0.0, ""9494"": 0.0}","[14.74, 21.4, 3.0, 6.9, 21.0, 27.6, 6.8, 7.0, 0.0]"
2026-10-10T13:26:55+00:00,1366076769534251008,3,1,10,165.38,"[""10213"", ""11565"", ""11576"", ""11635"", ""12469"", ""12499"", ""12524"", ""12527"", ""12529"", ""13276"", ""13319"", ""13330"", ""3321"", ""4033"", ""4046"", ""5001"", ""5846"", ""6803"", ""7591"", ""8148"", ""8183"", ""8228"", ""9480"", ""9488"", ""9508"", ""9756""]","[""4046"", ""12527"", ""8228"", ""9488"", ""11635"", ""5001"", ""12529"", ""8148"", ""8183""]","{""10213"": 8.3, ""11565"": 0.0, ""11576"": 4.7, ""11635"": 10.6, ""12469"": 0.0, ""12499"": 2.1, ""12524"": 0.0, ""12527"": 12.3, ""12529"": 3.9, ""13276"": 0.0, ""13319"": 0.0, ""13330"": 30.0, ""3321"": 0.0, ""4033"": 0.0, ""4046"": 20.94, ""5001"": 7.5, ""5846"": 12.1, ""6803"": 0.0, ""7591"": 0.0, ""8148"": 8.9, ""8183"": 41.28, ""8228"": 22.6, ""9480"": 7.7, ""9488"": 37.36, ""9508"": 0.5, ""9756"": 22.0}","[20.94, 12.3, 22.6, 37.36, 10.6, 7.5, 3.9, 8.9, 41.28]"
2026-10-10T13:26:55+00:00,1366076769534251008,4,3,1,173.14,"[""11566"", ""7527"", ""2505"", ""4017"", ""2307"", ""7594"", ""9997"", ""13288"", ""7600"", ""9757"", ""7571"", ""11583"", ""13337"", ""12526"", ""12492"", ""11581"", ""7547"", ""9226"", ""10219"", ""13353"", ""12474"", ""8146"", ""13272"", ""13349"", ""12519"", ""8110"", ""6790"", ""13421"", ""11571"", ""13282"", ""10222"", ""11610"", ""3294""]","[""3294"", ""7594"", ""6790"", ""7547"", ""12526"", ""7600"", ""8146"", ""9997"", ""2307""]","{""10219"": 9.5, ""10222"": 0.0, ""11566"": 0.0, ""11571"": 0.0, ""11581"": 9.9, ""11583"": 0.0, ""11610"": 12.0, ""12474"": 8.2, ""12492"": 7.7, ""12519"": 11.4, ""12526"": 47.2, ""13272"": 0.0, ""13282"": 0.0, ""13288"": 0.2, ""13337"": 2.0, ""13349"": 0.0, ""13353"": 0.0, ""13421"": 2.7, ""2307"": 5.34, ""2505"": 8.1, ""3294"": 23.1, ""4017"": 15.92, ""6790"": 7.4, ""7527"": 0.0, ""7547"": 15.5, ""7571"": 6.6, ""7594"": 27.9, ""7600"": 12.2, ""8110"": 5.6, ""8146"": 5.7, ""9226"": 0.0, ""9757"": 1.9, ""9997"": 28.8}","[23.1, 27.9, 7.4, 15.5, 47.2, 12.2, 5.7, 28.8, 5.34]"
2026-10-10T13:26:55+00:00,1366076769534251008,4,4,2,195.3,"[""11575"", ""12455"", ""12457"", ""12483"", ""12484"", ""12502"", ""12505"", ""12517"", ""12545"", ""13285"", ""13301"", ""13305"", ""13320"", ""13347"", ""13402"", ""4037"", ""4866"", ""4881"", ""4943"", ""4993"", ""5844"", ""5859"", ""5927"", ""7588"", ""8151"", ""9482"", ""9493"", ""9501"", ""9511""]","[""4881"", ""4866"", ""8151"", ""9493"", ""4037"", ""5844"", ""7588"", ""12517"", ""4943""]","{""11575"": 1.7, ""12455"": 0.0, ""12457"": 0.0, ""12483"": 0.0, ""12484"": 0.0, ""12502"": 4.0, ""12505"": 0.0, ""12517"": 14.7, ""12545"": 18.94, ""13285"": 14.2, ""13301"": 5.1, ""13305"": 2.7, ""13320"": 3.0, ""13347"": 1.2, ""13402"": 0.0, ""4037"": 9.1, ""4866"": 2.0, ""4881"": 23.88, ""4943"": 17.32, ""4993"": 14.5, ""5844"": 33.4, ""5859"": 0.0, ""5927"": 0.0, ""7588"": 31.3, ""8151"": 33.9, ""9482"": 20.2, ""9493"": 29.7, ""9501"": 3.5, ""9511"": 11.3}","[23.88, 2.0, 33.9, 29.7, 9.1, 33.4, 31.3, 14.7, 17.32]"
2026-10-10T13:26:55+00:00,1366076769534251008,4,3,3,176.26,"[""11584"", ""11589"", ""11600"", ""11620"", ""11631"", ""11632"", ""11643"", ""12500"", ""12501"", ""12508"", ""12510"", ""12522"", ""12534"", ""12547"", ""13333"", ""13348"", ""13403"", ""2306"", ""5012"", ""6783"", ""6826"", ""7569"", ""8131"", ""8134"", ""8161"", ""8210"", ""9225"", ""9487"", ""9509"", ""9758""]","[""9758"", ""9509"", ""11584"", ""7569"", ""9487"", ""8131"", ""12501"", ""11632"", ""12522""]","{""11584"": 6.1, ""11589"": 0.0, ""11600"": 0.0, ""11620"": 15.4, ""11631"": 9.7, ""11632"": 25.2, ""11643"": 0.7, ""12500"": 0.0, ""12501"": 11.7, ""12508"": 0.0, ""12510"": 0.0, ""12522"": 17.58, ""12534"": 30.0, ""12547"": 0.0, ""13333"": 1.6, ""13348"": 0.0, ""13403"": 0.0, ""2306"": 25.0, ""5012"": 16.2, ""6783"": 6.6, ""6826"": 4.3, ""7569"": 33.8, ""8131"": 17.1, ""8134"": 14.2, ""8161"": 2.5, ""8210"": 3.5, ""9225"": 5.5, ""9487"": 2.0, ""9509"": 31.7, ""9758"": 31.08}","[31.08, 31.7, 6.1, 33.8, 2.0, 17.1, 11.7, 25.2, 17.58]"
2026-10-10T13:26:55+00:00,1366076769534251008,4,1,4,132.26,"[""10859"", ""11237"", ""11560"", ""12472"", ""12521"", ""13268"", ""13274"", ""13275"", ""13279"", ""13287"", ""13293"", ""13296"", ""13298"", ""13324"", ""13346"", ""13434"", ""13477"", ""1466"", ""2216"", ""2449"", ""3163"", ""3214"", ""3634"", ""4039"", ""421"", ""6130"", ""7049"", ""7526"", ""7611"", ""8130"", ""9224""]","[""3163"", ""13287"", ""9224"", ""7526"", ""2449"", ""8130"", ""10859"", ""1466"", ""421""]","{""10859"": 26.4, ""11237"": 0.0, ""11560"": 0.0, ""12472"": 3.6, ""12521"": 0.0, ""13268"": 2.3, ""13274"": 3.1, ""13275"": 0.0, ""13279"": 23.5, ""13287"": 6.5, ""13293"": 0.0, ""13296"": 0.0, ""13298"": 11.4, ""13324"": 6.4, ""13346"": 13.9, ""13434"": 3.0, ""13477"": 0.0, ""1466"": 4.5, ""2216"": 12.6, ""2449"": 8.5, ""3163"": 27.48, ""3214"": 13.7, ""3634"": 2.6, ""4039"": 2.3, ""421"": 11.68, ""6130"": 0.0, ""7049"": 1.8, ""7526"": 14.5, ""7611"": 18.4, ""8130"": 13.6, ""9224"": 19.1}","[27.48, 6.5, 19.1, 14.5, 8.5, 13.6, 26.4, 4.5, 11.68]"
2026-10-10T13:26:55+00:00,1366076769534251008,4,4,5,135.18,"[""11370"", ""11563"", ""11604"", ""11638"", ""1166"", ""12470"", ""12495"", ""12507"", ""12533"", ""12536"", ""13303"", ""13425"", ""1479"", ""2133"", ""3257"", ""3271"", ""4018"", ""4035"", ""4663"", ""5849"", ""6904"", ""7525"", ""7543"", ""7553"", ""8137"", ""8205"", ""8408"", ""8676"", ""9221"", ""9500"", ""9753""]","[""6904"", ""9221"", ""12507"", ""8137"", ""2133"", ""11604"", ""4035"", ""12533"", ""11563""]","{""11370"": 4.5, ""11563"": 15.56, ""11604"": 23.6, ""11638"": 0.0, ""1166"": 28.6, ""12470"": 0.0, ""12495"": 21.0, ""12507"": 13.3, ""12533"": 7.0, ""12536"": 12.9, ""13303"": 0.0, ""13425"": 13.42, ""1479"": 0.0, ""2133"": 7.2, ""3257"": 14.44, ""3271"": 14.2, ""4018"": 0.0, ""4035"": 22.8, ""4663"": 5.0, ""5849"": 11.48, ""6904"": 17.52, ""7525"": 0.0, ""7543"": 0.0, ""7553"": 9.2, ""8137"": 10.5, ""8205"": 0.0, ""8408"": 0.0, ""8676"": 12.3, ""9221"": 17.7, ""9500"": 4.6, ""9753"": 0.0}","[17.52, 17.7, 13.3, 10.5, 7.2, 23.6, 22.8, 7.0, 15.56]"
2026-10-10T13:26:55+00:00,1366076769534251008,4,2,6,97.9,"[""10229"", ""10236"", ""11618"", ""11626"", ""11646"", ""12048"", ""12471"", ""12481"", ""12493"", ""12718"", ""13278"", ""13302"", ""13311"", ""13317"", ""13424"", ""1373"", ""4199"", ""5022"", ""6770"", ""6804"", ""6806"", ""7523"", ""7564"", ""8112"", ""8142"", ""8155"", ""9754""]","[""6770"", ""4199"", ""12481"", ""7564"", ""8112"", ""10236"", ""10229"", ""6806"", ""7523""]","{""10229"": 0.0, ""10236"": 2.2, ""11618"": 0.0, ""11626"": 0.0, ""11646"": 0.0, ""12048"": 3.0, ""12471"": 0.0, ""12481"": 7.6, ""12493"": 11.3, ""12718"": 1.7, ""13278"": 0.0, ""13302"": 0.0, ""13311"": 0.0, ""13317"": 4.5, ""13424"": 4.8, ""1373"": 12.76, ""4199"": 16.8, ""5022"": 0.0, ""6770"": 28.72, ""6804"": 17.08, ""6806"": 7.2, ""7523"": 15.08, ""7564"": 5.7, ""8112"": 14.6, ""8142"": 0.0, ""8155"": 0.0, ""9754"": 6.0}","[28.72, 16.8, 7.6, 5.7, 14.6, 2.2, 0.0, 7.2, 15.08]"
2026-10-10T13:26:55+00:00,1366076769534251008,4,5,7,169.82,"[""10232"", ""11435"", ""11564"", ""11586"", ""11624"", ""11655"", ""11783"", ""12467"", ""12511"", ""12514"", ""13286"", ""13417"", ""13420"", ""13423"", ""1737"", ""4034"", ""4892"", ""4983"", ""5045"", ""5967"", ""6813"", ""6865"", ""8111"", ""8144"", ""8154"", ""8167"", ""9479"", ""9484"", ""9502"", ""96""]","[""11564"", ""6813"", ""4034"", ""8144"", ""8167"", ""9484"", ""10232"", ""4983"", ""96""]","{""10232"": 16.5, ""11435"": 27.0, ""11564"": 32.16, ""11586"": 3.1, ""11624"": 12.0, ""11655"": -0.1, ""11783"": 7.7, ""12467"": 0.0, ""12511"": 0.0, ""12514"": 3.3, ""13286"": 0.0, ""13417"": 0.0, ""13420"": 1.7, ""13423"": 0.0, ""1737"": 0.0, ""4034"": 16.0, ""4892"": 0.0, ""4983"": 2.7, ""5045"": 1.4, ""5967"": 13.0, ""6813"": 22.7, ""6865"": 0.0, ""8111"": 9.7, ""8144"": 22.6, ""8154"": 25.7, ""8167"": 7.7, ""9479"": 13.2, ""9484"": 19.5, ""9502"": 0.0, ""96"": 29.96}","[32.16, 22.7, 16.0, 22.6, 7.7, 19.5, 16.5, 2.7, 29.96]"
2026-10-10T13:26:55+00:00,1366076769534251008,4,5,8,204.48,"[""6819"", ""13289"", ""5850"", ""13329"", ""7528"", ""4984"", ""6794"", ""8121"", ""8150"", ""11603"", ""4950"", ""13336"", ""12497"", ""13405"", ""12512"", ""4217"", ""11627"", ""13414"", ""4066"", ""3198"", ""12489"", ""12487"", ""9228"", ""12509"", ""12518"", ""5872"", ""9486"", ""12535"", ""5870"", ""13380"", ""8136"", ""8698"", ""6786""]","[""4984"", ""8150"", ""3198"", ""6786"", ""5872"", ""12518"", ""4217"", ""12509"", ""9228""]","{""11603"": 2.7, ""11627"": 0.0, ""12487"": 0.0, ""12489"": 19.3, ""12497"": 7.6, ""12509"": 9.0, ""12512"": 21.6, ""12518"": 11.6, ""12535"": 14.5, ""13289"": 0.0, ""13329"": 0.0, ""13336"": 0.0, ""13380"": 0.0, ""13405"": 0.1, ""13414"": 1.3, ""3198"": 15.9, ""4066"": 2.1, ""4217"": 21.0, ""4950"": 0.0, ""4984"": 21.52, ""5850"": 0.0, ""5870"": 7.92, ""5872"": 18.0, ""6786"": 43.3, ""6794"": 0.0, ""6819"": 3.5, ""7528"": 3.0, ""8121"": 23.8, ""8136"": 0.0, ""8150"": 36.7, ""8698"": 0.0, ""9228"": 27.46, ""9486"": 4.8}","[21.52, 36.7, 15.9, 43.3, 18.0, 11.6, 21.0, 9.0, 27.46]"
2026-10-10T13:26:55+00:00,1366076769534251008,4,1,9,111.36,"[""11559"", ""11597"", ""11625"", ""11628"", ""11834"", ""12476"", ""12485"", ""12490"", ""12498"", ""12504"", ""12506"", ""12530"", ""12541"", ""13269"", ""13281"", ""13294"", ""13345"", ""13404"", ""5892"", ""5947"", ""6768"", ""6797"", ""6801"", ""7002"", ""7567"", ""8126"", ""8132"", ""8138"", ""9229"", ""9494""]","[""6797"", ""8138"", ""7567"", ""11834"", ""6801"", ""12506"", ""5892"", ""11628"", ""6768""]","{""11559"": 14.72, ""11597"": 8.6, ""11625"": 0.0, ""11628"": 8.2, ""11834"": 17.4, ""12476"": 0.0, ""12485"": 4.7, ""12490"": 11.1, ""12498"": 0.0, ""12504"": 2.2, ""12506"": 13.2, ""12530"": 0.0, ""12541"": 0.0, ""13269"": 0.0, ""13281"": 0.0, ""13294"": 5.7, ""13345"": 0.0, ""13404"": 0.0, ""5892"": 4.3, ""5947"": 6.3, ""6768"": 0.0, ""6797"": 12.56, ""6801"": 28.7, ""7002"": 14.9, ""7567"": 10.7, ""8126"": 11.0, ""8132"": 12.9, ""8138"": 16.3, ""9229"": 0.0, ""9494"": 0.0}","[12.56, 16.3, 10.7, 17.4, 28.7, 13.2, 4.3, 8.2, 0.0]"
2026-10-10T13:26:55+00:00,1366076769534251008,4,2,10,123.72,"[""10213"", ""11565"", ""11576"", ""11635"", ""12469"", ""12499"", ""12524"", ""12527"", ""12529"", ""13276"", ""13319"", ""13330"", ""3321"", ""4033"", ""4046"", ""5001"", ""5846"", ""6803"", ""7591"", ""8148"", ""8183"", ""8228"", ""9480"", ""9488"", ""9508"", ""9756""]","[""4046"", ""12527"", ""8228"", ""9488"", ""11635"", ""5001"", ""12529"", ""8148"", ""8183""]","{""10213"": 8.4, ""11565"": 0.0, ""11576"": 8.7, ""11635"": 0.0, ""12469"": 0.0, ""12499"": 3.2, ""12524"": 0.0, ""12527"": 18.6, ""12529"": 4.2, ""13276"": 0.0, ""13319"": 0.0, ""13330"": 0.0, ""3321"": 0.0, ""4033"": 0.0, ""4046"": 24.0, ""5001"": 3.9, ""5846"": 19.5, ""6803"": 0.0, ""7591"": 0.0, ""8148"": 19.2, ""8183"": 25.62, ""8228"": 15.6, ""9480"": 20.0, ""9488"": 12.6, ""9508"": 1.6, ""9756"": 9.1}","[24.0, 18.6, 15.6, 12.6, 0.0, 3.9, 4.2, 19.2, 25.62]"
2026-10-10T13:26:55+00:00,1366076769534251008,5,2,1,17.64,"[""11566"", ""7527"", ""2505"", ""4017"", ""2307"", ""7594"", ""9997"", ""13288"", ""7600"", ""9757"", ""7571"", ""11583"", ""13337"", ""12526"", ""12492"", ""11581"", ""7547"", ""9226"", ""10219"", ""13353"", ""11577"", ""12474"", ""8146"", ""13272"", ""13349"", ""12519"", ""8110"", ""6790"", ""13421"", ""13282"", ""10222"", ""11610"", ""3294""]","[""3294"", ""6790"", ""11577"", ""7547"", ""12519"", ""7600"", ""8146"", ""9997"", ""11566""]","{""10219"": 0.0, ""10222"": 0.0, ""11566"": 0.0, ""11577"": 0.0, ""11581"": 0.0, ""11583"": 0.0, ""11610"": 0.0, ""12474"": 0.0, ""12492"": 0.0, ""12519"": 0.0, ""12526"": 0.0, ""13272"": 0.0, ""13282"": 0.0, ""13288"": 0.0, ""13337"": 0.0, ""13349"": 0.0, ""13353"": 0.0, ""13421"": 0.0, ""2307"": 0.0, ""2505"": 0.0, ""3294"": 17.64, ""4017"": 0.0, ""6790"": 0.0, ""7527"": 0.0, ""7547"": 0.0, ""7571"": 0.0, ""7594"": 0.0, ""7600"": 0.0, ""8110"": 6.4, ""8146"": 0.0, ""9226"": 0.0, ""9757"": 0.0, ""9997"": 0.0}","[17.64, 0.0, 0.0, 0.0, 0.0, 0.0, 0.0, 0.0, 0.0]"
2026-10-10T13:26:55+00:00,1366076769534251008,5,3,2,21.2,"[""11575"", ""12455"", ""12457"", ""12483"", ""12484"", ""12502"", ""12505"", ""12517"", ""12545"", ""13285"", ""13301"", ""13305"", ""13320"", ""13347"", ""13402"", ""4037"", ""4866"", ""4881"", ""4943"", ""4993"", ""5844"", ""5859"", ""5927"", ""7588"", ""8151"", ""9482"", ""9493"", ""9501"", ""9511""]","[""4943"", ""7588"", ""9511"", ""9493"", ""4037"", ""5844"", ""4993"", ""12517"", ""12545""]","{""11575"": 0.0, ""12455"": 0.0, ""12457"": 0.0, ""12483"": 0.0, ""12484"": 0.0, ""12502"": 0.0, ""12505"": 0.0, ""12517"": 0.0, ""12545"": 0.0, ""13285"": 0.0, ""13301"": 0.0, ""13305"": 0.0, ""13320"": 0.0, ""13347"": 0.0, ""13402"": 0.0, ""4037"": 7.0, ""4866"": 0.0, ""4881"": 0.0, ""4943"": 0.0, ""4993"": 0.0, ""5844"": 0.0, ""5859"": 0.0, ""5927"": 0.0, ""7588"": 14.2, ""8151"": 0.0, ""9482"": 0.0, ""9493"": 0.0, ""9501"": 0.0, ""9511"": 0.0}","[0.0, 14.2, 0.0, 0.0, 7.0, 0.0, 0.0, 0.0, 0.0]"
2026-10-10T13:26:55+00:00,1366076769534251008,5,4,3,34.5,"[""11584"", ""11589"", ""11600"", ""11620"", ""11631"", ""11632"", ""11643"", ""12500"", ""12501"", ""12508"", ""12510"", ""12522"", ""12534"", ""12547"", ""13333"", ""13348"", ""13403"", ""2306"", ""5012"", ""6783"", ""6826"", ""7569"", ""8131"", ""8134"", ""8161"", ""8210"", ""9225"", ""9487"", ""9509"", ""9758""]","[""9758"", ""9509"", ""11584"", ""7569"", ""9487"", ""8131"", ""12501"", ""11632"", ""12522""]","{""11584"": 34.5, ""11589"": 0.0, ""11600"": 0.0, ""11620"": 0.0, ""11631"": 0.0, ""11632"": 0.0, ""11643"": 0.0, ""12500"": 0.0, ""12501"": 0.0, ""12508"": 0.0, ""12510"": 0.0, ""12522"": 0.0, ""12534"": 0.0, ""12547"": 0.0, ""13333"": 0.0, ""13348"": 0.0, ""13403"": 0.0, ""2306"": 0.0, ""5012"": 0.0, ""6783"": 0.0, ""6826"": 0.0, ""7569"": 0.0, ""8131"": 0.0, ""8134"": 0.0, ""8161"": 0.0, ""8210"": 0.0, ""9225"": 0.0, ""9487"": 0.0, ""9509"": 0.0, ""9758"": 0.0}","[0.0, 0.0, 34.5, 0.0, 0.0, 0.0, 0.0, 0.0, 0.0]"
2026-10-10T13:26:55+00:00,1366076769534251008,5,1,4,0.0,"[""10859"", ""11237"", ""11560"", ""11637"", ""12472"", ""12521"", ""13268"", ""13274"", ""13275"", ""13279"", ""13287"", ""13293"", ""13296"", ""13298"", ""13324"", ""13346"", ""13434"", ""13477"", ""1466"", ""2216"", ""2449"", ""3163"", ""3214"", ""3634"", ""4039"", ""421"", ""6130"", ""7526"", ""7611"", ""8130"", ""9224""]","[""3163"", ""13287"", ""9224"", ""7526"", ""13279"", ""8130"", ""10859"", ""7611"", ""421""]","{""10859"": 0.0, ""11237"": 0.0, ""11560"": 0.0, ""11637"": 0.0, ""12472"": 0.0, ""12521"": 0.0, ""13268"": 0.0, ""13274"": 0.0, ""13275"": 0.0, ""13279"": 0.0, ""13287"": 0.0, ""13293"": 0.0, ""13296"": 0.0, ""13298"": 0.0, ""13324"": 0.0, ""13346"": 0.0, ""13434"": 0.0, ""13477"": 0.0, ""1466"": 0.0, ""2216"": 0.0, ""2449"": 0.0, ""3163"": 0.0, ""3214"": 0.0, ""3634"": 0.0, ""4039"": 0.0, ""421"": 0.0, ""6130"": 0.0, ""7526"": 0.0, ""7611"": 0.0, ""8130"": 0.0, ""9224"": 0.0}","[0.0, 0.0, 0.0, 0.0, 0.0, 0.0, 0.0, 0.0, 0.0]"
2026-10-10T13:26:55+00:00,1366076769534251008,5,5,5,30.0,"[""11370"", ""11563"", ""11604"", ""11638"", ""1166"", ""12470"", ""12495"", ""12507"", ""12533"", ""12536"", ""13303"", ""13425"", ""2133"", ""3257"", ""3271"", ""4018"", ""4035"", ""4663"", ""5849"", ""6904"", ""7525"", ""7543"", ""7553"", ""8137"", ""8205"", ""8408"", ""8676"", ""9221"", ""9500"", ""9753""]","[""3257"", ""9221"", ""12495"", ""8137"", ""2133"", ""11604"", ""4035"", ""12507"", ""11563""]","{""11370"": 0.0, ""11563"": 0.0, ""11604"": 0.0, ""11638"": 0.0, ""1166"": 0.0, ""12470"": 0.0, ""12495"": 0.0, ""12507"": 0.0, ""12533"": 0.0, ""12536"": 0.0, ""13303"": 0.0, ""13425"": 16.86, ""2133"": 0.0, ""3257"": 0.0, ""3271"": 0.0, ""4018"": 0.0, ""4035"": 0.0, ""4663"": 0.0, ""5849"": 0.0, ""6904"": 0.0, ""7525"": 0.0, ""7543"": 0.0, ""7553"": 0.0, ""8137"": 30.0, ""8205"": 0.0, ""8408"": 0.0, ""8676"": 0.0, ""9221"": 0.0, ""9500"": 0.0, ""9753"": 0.0}","[0.0, 0.0, 0.0, 30.0, 0.0, 0.0, 0.0, 0.0, 0.0]"
2026-10-10T13:26:55+00:00,1366076769534251008,5,1,6,0.0,"[""10229"", ""10236"", ""11618"", ""11626"", ""11630"", ""11646"", ""12048"", ""12471"", ""12481"", ""12493"", ""12718"", ""13278"", ""13302"", ""13311"", ""13317"", ""13424"", ""1373"", ""4199"", ""5022"", ""6770"", ""6804"", ""6806"", ""7523"", ""7564"", ""8112"", ""8142"", ""8155"", ""9754""]","[""6770"", ""4199"", ""12481"", ""7564"", ""8112"", ""10236"", ""11630"", ""6806"", ""7523""]","{""10229"": 0.0, ""10236"": 0.0, ""11618"": 0.0, ""11626"": 0.0, ""11630"": 0.0, ""11646"": 0.0, ""12048"": 0.0, ""12471"": 0.0, ""12481"": 0.0, ""12493"": 0.0, ""12718"": 0.0, ""13278"": 0.0, ""13302"": 0.0, ""13311"": 0.0, ""13317"": 0.0, ""13424"": 0.0, ""1373"": 0.0, ""4199"": 0.0, ""5022"": 0.0, ""6770"": 0.0, ""6804"": 0.0, ""6806"": 0.0, ""7523"": 0.0, ""7564"": 0.0, ""8112"": 0.0, ""8142"": 0.0, ""8155"": 0.0, ""9754"": 0.0}","[0.0, 0.0, 0.0, 0.0, 0.0, 0.0, 0.0, 0.0, 0.0]"
2026-10-10T13:26:55+00:00,1366076769534251008,5,5,7,0.0,"[""10232"", ""11435"", ""11564"", ""11586"", ""11624"", ""11655"", ""11783"", ""12467"", ""12511"", ""12514"", ""13264"", ""13286"", ""13417"", ""13420"", ""13423"", ""4034"", ""4892"", ""4983"", ""5045"", ""5967"", ""6813"", ""6865"", ""7021"", ""8111"", ""8144"", ""8154"", ""8167"", ""9479"", ""9484"", ""9502"", ""96""]","[""11564"", ""6813"", ""4034"", ""8144"", ""8167"", ""9484"", ""10232"", ""11435"", ""96""]","{""10232"": 0.0, ""11435"": 0.0, ""11564"": 0.0, ""11586"": 0.0, ""11624"": 0.0, ""11655"": 0.0, ""11783"": 13.0, ""12467"": 0.0, ""12511"": 0.0, ""12514"": 17.2, ""13264"": 0.0, ""13286"": 0.0, ""13417"": 0.0, ""13420"": 0.0, ""13423"": 0.0, ""4034"": 0.0, ""4892"": 0.0, ""4983"": 0.0, ""5045"": 0.0, ""5967"": 0.0, ""6813"": 0.0, ""6865"": 0.0, ""7021"": 0.0, ""8111"": 7.0, ""8144"": 0.0, ""8154"": 0.0, ""8167"": 0.0, ""9479"": 0.0, ""9484"": 0.0, ""9502"": 0.0, ""96"": 0.0}","[0.0, 0.0, 0.0, 0.0, 0.0, 0.0, 0.0, 0.0, 0.0]"
2026-10-10T13:26:55+00:00,1366076769534251008,5,4,8,2.9,"[""6819"", ""13289"", ""5850"", ""13329"", ""7528"", ""4984"", ""6794"", ""8121"", ""8150"", ""11603"", ""4950"", ""13336"", ""12497"", ""13405"", ""12512"", ""4217"", ""11627"", ""13414"", ""4066"", ""3198"", ""12489"", ""12487"", ""9228"", ""12509"", ""12518"", ""5872"", ""9486"", ""12535"", ""5870"", ""13380"", ""8136"", ""8698"", ""6786""]","[""4984"", ""8150"", ""3198"", ""6786"", ""6794"", ""12518"", ""4217"", ""12512"", ""5870""]","{""11603"": 0.0, ""11627"": 0.0, ""12487"": 0.0, ""12489"": 0.0, ""12497"": 0.0, ""12509"": 0.0, ""12512"": 0.0, ""12518"": 0.0, ""12535"": 0.0, ""13289"": 0.0, ""13329"": 0.0, ""13336"": 0.0, ""13380"": 0.0, ""13405"": 0.0, ""13414"": 0.0, ""3198"": 0.0, ""4066"": 0.0, ""4217"": 0.0, ""4950"": 0.0, ""4984"": 0.0, ""5850"": 0.0, ""5870"": 0.0, ""5872"": 0.0, ""6786"": 2.9, ""6794"": 0.0, ""6819"": 0.0, ""7528"": 0.0, ""8121"": 0.0, ""8136"": 0.0, ""8150"": 0.0, ""8698"": 0.0, ""9228"": 0.0, ""9486"": 0.0}","[0.0, 0.0, 0.0, 2.9, 0.0, 0.0, 0.0, 0.0, 0.0]"
2026-10-10T13:26:55+00:00,1366076769534251008,5,2,9,5.8,"[""11559"", ""11597"", ""11625"", ""11628"", ""11834"", ""12476"", ""12485"", ""12490"", ""12498"", ""12504"", ""12506"", ""12530"", ""12541"", ""13269"", ""13281"", ""13294"", ""13345"", ""13404"", ""5892"", ""5947"", ""6768"", ""6797"", ""6801"", ""7002"", ""7567"", ""8126"", ""8132"", ""8138"", ""9229"", ""9494""]","[""6797"", ""8138"", ""7567"", ""11834"", ""6801"", ""12506"", ""5892"", ""11628"", ""6768""]","{""11559"": 0.0, ""11597"": 0.0, ""11625"": 0.0, ""11628"": 0.0, ""11834"": 0.0, ""12476"": 0.0, ""12485"": 8.4, ""12490"": 0.0, ""12498"": 0.0, ""12504"": 0.0, ""12506"": 0.0, ""12530"": 0.0, ""12541"": 0.0, ""13269"": 0.0, ""13281"": 0.0, ""13294"": 0.0, ""13345"": 0.0, ""13404"": 0.0, ""5892"": 0.0, ""5947"": 0.0, ""6768"": 0.0, ""6797"": 0.0, ""6801"": 0.0, ""7002"": 0.0, ""7567"": 5.8, ""8126"": 0.0, ""8132"": 0.0, ""8138"": 0.0, ""9229"": 0.0, ""9494"": 0.0}","[0.0, 0.0, 5.8, 0.0, 0.0, 0.0, 0.0, 0.0, 0.0]"
2026-10-10T13:26:55+00:00,1366076769534251008,5,3,10,0.0,"[""10213"", ""11565"", ""11576"", ""11635"", ""12469"", ""12499"", ""12524"", ""12527"", ""12529"", ""13276"", ""13319"", ""13330"", ""3321"", ""4033"", ""4046"", ""5001"", ""5846"", ""6803"", ""7591"", ""8148"", ""8183"", ""8228"", ""9480"", ""9488"", ""9508"", ""9756""]","[""8183"", ""12527"", ""8228"", ""9488"", ""5846"", ""5001"", ""12529"", ""8148"", ""11576""]","{""10213"": 0.0, ""11565"": 0.0, ""11576"": 0.0, ""11635"": 0.0, ""12469"": 0.0, ""12499"": 0.0, ""12524"": 0.0, ""12527"": 0.0, ""12529"": 0.0, ""13276"": 0.0, ""13319"": 0.0, ""13330"": 0.0, ""3321"": 0.0, ""4033"": 0.0, ""4046"": 0.0, ""5001"": 0.0, ""5846"": 0.0, ""6803"": 0.0, ""7591"": 0.0, ""8148"": 0.0, ""8183"": 0.0, ""8228"": 0.0, ""9480"": 0.0, ""9488"": 0.0, ""9508"": 0.0, ""9756"": 0.0}","[0.0, 0.0, 0.0, 0.0, 0.0, 0.0, 0.0, 0.0, 0.0]"
2026-10-10T13:26:55+00:00,1366076769534251008,6,1,1,0.0,"[""11566"", ""7527"", ""2505"", ""4017"", ""2307"", ""7594"", ""9997"", ""13288"", ""7600"", ""9757"", ""7571"", ""11583"", ""13337"", ""12526"", ""12492"", ""11581"", ""7547"", ""9226"", ""10219"", ""13353"", ""11577"", ""12474"", ""8146"", ""13272"", ""13349"", ""12519"", ""8110"", ""6790"", ""13421"", ""13282"", ""10222"", ""11610"", ""3294""]","[""3294"", ""6790"", ""11577"", ""7547"", ""12519"", ""7600"", ""8146"", ""9997"", ""11566""]","{""10219"": 0.0, ""10222"": 0.0, ""11566"": 0.0, ""11577"": 0.0, ""11581"": 0.0, ""11583"": 0.0, ""11610"": 0.0, ""12474"": 0.0, ""12492"": 0.0, ""12519"": 0.0, ""12526"": 0.0, ""13272"": 0.0, ""13282"": 0.0, ""13288"": 0.0, ""13337"": 0.0, ""13349"": 0.0, ""13353"": 0.0, ""13421"": 0.0, ""2307"": 0.0, ""2505"": 0.0, ""3294"": 0.0, ""4017"": 0.0, ""6790"": 0.0, ""7527"": 0.0, ""7547"": 0.0, ""7571"": 0.0, ""7594"": 0.0, ""7600"": 0.0, ""8110"": 0.0, ""8146"": 0.0, ""9226"": 0.0, ""9757"": 0.0, ""9997"": 0.0}","[0.0, 0.0, 0.0, 0.0, 0.0, 0.0, 0.0, 0.0, 0.0]"
2026-10-10T13:26:55+00:00,1366076769534251008,6,2,2,0.0,"[""11575"", ""12455"", ""12457"", ""12483"", ""12484"", ""12502"", ""12505"", ""12517"", ""12545"", ""13285"", ""13301"", ""13305"", ""13320"", ""13347"", ""13402"", ""4037"", ""4866"", ""4881"", ""4943"", ""4993"", ""5844"", ""5859"", ""5927"", ""7588"", ""8151"", ""9482"", ""9493"", ""9501"", ""9511""]","[""4943"", ""7588"", ""9511"", ""9493"", ""4037"", ""5844"", ""4993"", ""12517"", ""12545""]","{""11575"": 0.0, ""12455"": 0.0, ""12457"": 0.0, ""12483"": 0.0, ""12484"": 0.0, ""12502"": 0.0, ""12505"": 0.0, ""12517"": 0.0, ""12545"": 0.0, ""13285"": 0.0, ""13301"": 0.0, ""13305"": 0.0, ""13320"": 0.0, ""13347"": 0.0, ""13402"": 0.0, ""4037"": 0.0, ""4866"": 0.0, ""4881"": 0.0, ""4943"": 0.0, ""4993"": 0.0, ""5844"": 0.0, ""5859"": 0.0, ""5927"": 0.0, ""7588"": 0.0, ""8151"": 0.0, ""9482"": 0.0, ""9493"": 0.0, ""9501"": 0.0, ""9511"": 0.0}","[0.0, 0.0, 0.0, 0.0, 0.0, 0.0, 0.0, 0.0, 0.0]"
2026-10-10T13:26:55+00:00,1366076769534251008,6,5,3,0.0,"[""11584"", ""11589"", ""11600"", ""11620"", ""11631"", ""11632"", ""11643"", ""12500"", ""12501"", ""12508"", ""12510"", ""12522"", ""12534"", ""12547"", ""13333"", ""13348"", ""13403"", ""2306"", ""5012"", ""6783"", ""6826"", ""7569"", ""8131"", ""8134"", ""8161"", ""8210"", ""9225"", ""9487"", ""9509"", ""9758""]","[""9758"", ""9509"", ""11584"", ""7569"", ""9487"", ""8131"", ""12501"", ""11632"", ""12522""]","{""11584"": 0.0, ""11589"": 0.0, ""11600"": 0.0, ""11620"": 0.0, ""11631"": 0.0, ""11632"": 0.0, ""11643"": 0.0, ""12500"": 0.0, ""12501"": 0.0, ""12508"": 0.0, ""12510"": 0.0, ""12522"": 0.0, ""12534"": 0.0, ""12547"": 0.0, ""13333"": 0.0, ""13348"": 0.0, ""13403"": 0.0, ""2306"": 0.0, ""5012"": 0.0, ""6783"": 0.0, ""6826"": 0.0, ""7569"": 0.0, ""8131"": 0.0, ""8134"": 0.0, ""8161"": 0.0, ""8210"": 0.0, ""9225"": 0.0, ""9487"": 0.0, ""9509"": 0.0, ""9758"": 0.0}","[0.0, 0.0, 0.0, 0.0, 0.0, 0.0, 0.0, 0.0, 0.0]"
2026-10-10T13:26:55+00:00,1366076769534251008,6,1,4,0.0,"[""10859"", ""11237"", ""11560"", ""11637"", ""12472"", ""12521"", ""13268"", ""13274"", ""13275"", ""13279"", ""13287"", ""13293"", ""13296"", ""13298"", ""13324"", ""13346"", ""13434"", ""13477"", ""1466"", ""2216"", ""2449"", ""3163"", ""3214"", ""3634"", ""4039"", ""421"", ""6130"", ""7526"", ""7611"", ""8130"", ""9224""]","[""3163"", ""13287"", ""9224"", ""7526"", ""13279"", ""8130"", ""10859"", ""7611"", ""421""]","{""10859"": 0.0, ""11237"": 0.0, ""11560"": 0.0, ""11637"": 0.0, ""12472"": 0.0, ""12521"": 0.0, ""13268"": 0.0, ""13274"": 0.0, ""13275"": 0.0, ""13279"": 0.0, ""13287"": 0.0, ""13293"": 0.0, ""13296"": 0.0, ""13298"": 0.0, ""13324"": 0.0, ""13346"": 0.0, ""13434"": 0.0, ""13477"": 0.0, ""1466"": 0.0, ""2216"": 0.0, ""2449"": 0.0, ""3163"": 0.0, ""3214"": 0.0, ""3634"": 0.0, ""4039"": 0.0, ""421"": 0.0, ""6130"": 0.0, ""7526"": 0.0, ""7611"": 0.0, ""8130"": 0.0, ""9224"": 0.0}","[0.0, 0.0, 0.0, 0.0, 0.0, 0.0, 0.0, 0.0, 0.0]"
2026-10-10T13:26:55+00:00,1366076769534251008,6,5,5,0.0,"[""11370"", ""11563"", ""11604"", ""11638"", ""1166"", ""12470"", ""12495"", ""12507"", ""12533"", ""12536"", ""13303"", ""13425"", ""2133"", ""3257"", ""3271"", ""4018"", ""4035"", ""4663"", ""5849"", ""6904"", ""7525"", ""7543"", ""7553"", ""8137"", ""8205"", ""8408"", ""8676"", ""9221"", ""9500"", ""9753""]","[""3257"", ""9221"", ""12495"", ""8137"", ""2133"", ""11604"", ""4035"", ""12507"", ""11563""]","{""11370"": 0.0, ""11563"": 0.0, ""11604"": 0.0, ""11638"": 0.0, ""1166"": 0.0, ""12470"": 0.0, ""12495"": 0.0, ""12507"": 0.0, ""12533"": 0.0, ""12536"": 0.0, ""13303"": 0.0, ""13425"": 0.0, ""2133"": 0.0, ""3257"": 0.0, ""3271"": 0.0, ""4018"": 0.0, ""4035"": 0.0, ""4663"": 0.0, ""5849"": 0.0, ""6904"": 0.0, ""7525"": 0.0, ""7543"": 0.0, ""7553"": 0.0, ""8137"": 0.0, ""8205"": 0.0, ""8408"": 0.0, ""8676"": 0.0, ""9221"": 0.0, ""9500"": 0.0, ""9753"": 0.0}","[0.0, 0.0, 0.0, 0.0, 0.0, 0.0, 0.0, 0.0, 0.0]"
2026-10-10T13:26:55+00:00,1366076769534251008,6,2,6,0.0,"[""10229"", ""10236"", ""11618"", ""11626"", ""11630"", ""11646"", ""12048"", ""12471"", ""12481"", ""12493"", ""12718"", ""13278"", ""13302"", ""13311"", ""13317"", ""13424"", ""1373"", ""4199"", ""5022"", ""6770"", ""6804"", ""6806"", ""7523"", ""7564"", ""8112"", ""8142"", ""8155"", ""9754""]","[""6770"", ""4199"", ""12481"", ""7564"", ""8112"", ""10236"", ""11630"", ""6806"", ""7523""]","{""10229"": 0.0, ""10236"": 0.0, ""11618"": 0.0, ""11626"": 0.0, ""11630"": 0.0, ""11646"": 0.0, ""12048"": 0.0, ""12471"": 0.0, ""12481"": 0.0, ""12493"": 0.0, ""12718"": 0.0, ""13278"": 0.0, ""13302"": 0.0, ""13311"": 0.0, ""13317"": 0.0, ""13424"": 0.0, ""1373"": 0.0, ""4199"": 0.0, ""5022"": 0.0, ""6770"": 0.0, ""6804"": 0.0, ""6806"": 0.0, ""7523"": 0.0, ""7564"": 0.0, ""8112"": 0.0, ""8142"": 0.0, ""8155"": 0.0, ""9754"": 0.0}","[0.0, 0.0, 0.0, 0.0, 0.0, 0.0, 0.0, 0.0, 0.0]"
2026-10-10T13:26:55+00:00,1366076769534251008,6,4,7,0.0,"[""10232"", ""11435"", ""11564"", ""11586"", ""11624"", ""11655"", ""11783"", ""12467"", ""12511"", ""12514"", ""13264"", ""13286"", ""13417"", ""13420"", ""13423"", ""4034"", ""4892"", ""4983"", ""5045"", ""5967"", ""6813"", ""6865"", ""7021"", ""8111"", ""8144"", ""8154"", ""8167"", ""9479"", ""9484"", ""9502"", ""96""]","[""11564"", ""6813"", ""4034"", ""8144"", ""8167"", ""9484"", ""10232"", ""11435"", ""96""]","{""10232"": 0.0, ""11435"": 0.0, ""11564"": 0.0, ""11586"": 0.0, ""11624"": 0.0, ""11655"": 0.0, ""11783"": 0.0, ""12467"": 0.0, ""12511"": 0.0, ""12514"": 0.0, ""13264"": 0.0, ""13286"": 0.0, ""13417"": 0.0, ""13420"": 0.0, ""13423"": 0.0, ""4034"": 0.0, ""4892"": 0.0, ""4983"": 0.0, ""5045"": 0.0, ""5967"": 0.0, ""6813"": 0.0, ""6865"": 0.0, ""7021"": 0.0, ""8111"": 0.0, ""8144"": 0.0, ""8154"": 0.0, ""8167"": 0.0, ""9479"": 0.0, ""9484"": 0.0, ""9502"": 0.0, ""96"": 0.0}","[0.0, 0.0, 0.0, 0.0, 0.0, 0.0, 0.0, 0.0, 0.0]"
2026-10-10T13:26:55+00:00,1366076769534251008,6,3,8,0.0,"[""6819"", ""13289"", ""5850"", ""13329"", ""7528"", ""4984"", ""6794"", ""8121"", ""8150"", ""11603"", ""4950"", ""13336"", ""12497"", ""13405"", ""12512"", ""4217"", ""11627"", ""13414"", ""4066"", ""3198"", ""12489"", ""12487"", ""9228"", ""12509"", ""12518"", ""5872"", ""9486"", ""12535"", ""5870"", ""13380"", ""8136"", ""8698"", ""6786""]","[""4984"", ""8150"", ""3198"", ""6786"", ""5872"", ""12518"", ""4217"", ""12509"", ""9228""]","{""11603"": 0.0, ""11627"": 0.0, ""12487"": 0.0, ""12489"": 0.0, ""12497"": 0.0, ""12509"": 0.0, ""12512"": 0.0, ""12518"": 0.0, ""12535"": 0.0, ""13289"": 0.0, ""13329"": 0.0, ""13336"": 0.0, ""13380"": 0.0, ""13405"": 0.0, ""13414"": 0.0, ""3198"": 0.0, ""4066"": 0.0, ""4217"": 0.0, ""4950"": 0.0, ""4984"": 0.0, ""5850"": 0.0, ""5870"": 0.0, ""5872"": 0.0, ""6786"": 0.0, ""6794"": 0.0, ""6819"": 0.0, ""7528"": 0.0, ""8121"": 0.0, ""8136"": 0.0, ""8150"": 0.0, ""8698"": 0.0, ""9228"": 0.0, ""9486"": 0.0}","[0.0, 0.0, 0.0, 0.0, 0.0, 0.0, 0.0, 0.0, 0.0]"
2026-10-10T13:26:55+00:00,1366076769534251008,6,3,9,0.0,"[""11559"", ""11597"", ""11625"", ""11628"", ""11834"", ""12476"", ""12485"", ""12490"", ""12498"", ""12504"", ""12506"", ""12530"", ""12541"", ""13269"", ""13281"", ""13294"", ""13345"", ""13404"", ""5892"", ""5947"", ""6768"", ""6797"", ""6801"", ""7002"", ""7567"", ""8126"", ""8132"", ""8138"", ""9229"", ""9494""]","[""6797"", ""8138"", ""7567"", ""11834"", ""6801"", ""12506"", ""5892"", ""11628"", ""6768""]","{""11559"": 0.0, ""11597"": 0.0, ""11625"": 0.0, ""11628"": 0.0, ""11834"": 0.0, ""12476"": 0.0, ""12485"": 0.0, ""12490"": 0.0, ""12498"": 0.0, ""12504"": 0.0, ""12506"": 0.0, ""12530"": 0.0, ""12541"": 0.0, ""13269"": 0.0, ""13281"": 0.0, ""13294"": 0.0, ""13345"": 0.0, ""13404"": 0.0, ""5892"": 0.0, ""5947"": 0.0, ""6768"": 0.0, ""6797"": 0.0, ""6801"": 0.0, ""7002"": 0.0, ""7567"": 0.0, ""8126"": 0.0, ""8132"": 0.0, ""8138"": 0.0, ""9229"": 0.0, ""9494"": 0.0}","[0.0, 0.0, 0.0, 0.0, 0.0, 0.0, 0.0, 0.0, 0.0]"
2026-10-10T13:26:55+00:00,1366076769534251008,6,4,10,0.0,"[""10213"", ""11565"", ""11576"", ""11635"", ""12469"", ""12499"", ""12524"", ""12527"", ""12529"", ""13276"", ""13319"", ""13330"", ""3321"", ""4033"", ""4046"", ""5001"", ""5846"", ""6803"", ""7591"", ""8148"", ""8183"", ""8228"", ""9480"", ""9488"", ""9508"", ""9756""]","[""8183"", ""12527"", ""8228"", ""9488"", ""5846"", ""5001"", ""12529"", ""8148"", ""11576""]","{""10213"": 0.0, ""11565"": 0.0, ""11576"": 0.0, ""11635"": 0.0, ""12469"": 0.0, ""12499"": 0.0, ""12524"": 0.0, ""12527"": 0.0, ""12529"": 0.0, ""13276"": 0.0, ""13319"": 0.0, ""13330"": 0.0, ""3321"": 0.0, ""4033"": 0.0, ""4046"": 0.0, ""5001"": 0.0, ""5846"": 0.0, ""6803"": 0.0, ""7591"": 0.0, ""8148"": 0.0, ""8183"": 0.0, ""8228"": 0.0, ""9480"": 0.0, ""9488"": 0.0, ""9508"": 0.0, ""9756"": 0.0}","[0.0, 0.0, 0.0, 0.0, 0.0, 0.0, 0.0, 0.0, 0.0]"
2026-10-10T13:26:55+00:00,1366076769534251008,7,2,1,0.0,"[""11566"", ""7527"", ""2505"", ""4017"", ""2307"", ""7594"", ""9997"", ""13288"", ""7600"", ""9757"", ""7571"", ""11583"", ""13337"", ""12526"", ""12492"", ""11581"", ""7547"", ""9226"", ""10219"", ""13353"", ""11577"", ""12474"", ""8146"", ""13272"", ""13349"", ""12519"", ""8110"", ""6790"", ""13421"", ""13282"", ""10222"", ""11610"", ""3294""]","[""3294"", ""6790"", ""11577"", ""7547"", ""12519"", ""7600"", ""8146"", ""9997"", ""11566""]","{""10219"": 0.0, ""10222"": 0.0, ""11566"": 0.0, ""11577"": 0.0, ""11581"": 0.0, ""11583"": 0.0, ""11610"": 0.0, ""12474"": 0.0, ""12492"": 0.0, ""12519"": 0.0, ""12526"": 0.0, ""13272"": 0.0, ""13282"": 0.0, ""13288"": 0.0, ""13337"": 0.0, ""13349"": 0.0, ""13353"": 0.0, ""13421"": 0.0, ""2307"": 0.0, ""2505"": 0.0, ""3294"": 0.0, ""4017"": 0.0, ""6790"": 0.0, ""7527"": 0.0, ""7547"": 0.0, ""7571"": 0.0, ""7594"": 0.0, ""7600"": 0.0, ""8110"": 0.0, ""8146"": 0.0, ""9226"": 0.0, ""9757"": 0.0, ""9997"": 0.0}","[0.0, 0.0, 0.0, 0.0, 0.0, 0.0, 0.0, 0.0, 0.0]"
2026-10-10T13:26:55+00:00,1366076769534251008,7,1,2,0.0,"[""11575"", ""12455"", ""12457"", ""12483"", ""12484"", ""12502"", ""12505"", ""12517"", ""12545"", ""13285"", ""13301"", ""13305"", ""13320"", ""13347"", ""13402"", ""4037"", ""4866"", ""4881"", ""4943"", ""4993"", ""5844"", ""5859"", ""5927"", ""7588"", ""8151"", ""9482"", ""9493"", ""9501"", ""9511""]","[""4943"", ""7588"", ""9511"", ""9493"", ""4037"", ""5844"", ""4993"", ""12517"", ""12545""]","{""11575"": 0.0, ""12455"": 0.0, ""12457"": 0.0, ""12483"": 0.0, ""12484"": 0.0, ""12502"": 0.0, ""12505"": 0.0, ""12517"": 0.0, ""12545"": 0.0, ""13285"": 0.0, ""13301"": 0.0, ""13305"": 0.0, ""13320"": 0.0, ""13347"": 0.0, ""13402"": 0.0, ""4037"": 0.0, ""4866"": 0.0, ""4881"": 0.0, ""4943"": 0.0, ""4993"": 0.0, ""5844"": 0.0, ""5859"": 0.0, ""5927"": 0.0, ""7588"": 0.0, ""8151"": 0.0, ""9482"": 0.0, ""9493"": 0.0, ""9501"": 0.0, ""9511"": 0.0}","[0.0, 0.0, 0.0, 0.0, 0.0, 0.0, 0.0, 0.0, 0.0]"
2026-10-10T13:26:55+00:00,1366076769534251008,7,5,3,0.0,"[""11584"", ""11589"", ""11600"", ""11620"", ""11631"", ""11632"", ""11643"", ""12500"", ""12501"", ""12508"", ""12510"", ""12522"", ""12534"", ""12547"", ""13333"", ""13348"", ""13403"", ""2306"", ""5012"", ""6783"", ""6826"", ""7569"", ""8131"", ""8134"", ""8161"", ""8210"", ""9225"", ""9487"", ""9509"", ""9758""]","[""9758"", ""9509"", ""11584"", ""7569"", ""9487"", ""8131"", ""12501"", ""11632"", ""12522""]","{""11584"": 0.0, ""11589"": 0.0, ""11600"": 0.0, ""11620"": 0.0, ""11631"": 0.0, ""11632"": 0.0, ""11643"": 0.0, ""12500"": 0.0, ""12501"": 0.0, ""12508"": 0.0, ""12510"": 0.0, ""12522"": 0.0, ""12534"": 0.0, ""12547"": 0.0, ""13333"": 0.0, ""13348"": 0.0, ""13403"": 0.0, ""2306"": 0.0, ""5012"": 0.0, ""6783"": 0.0, ""6826"": 0.0, ""7569"": 0.0, ""8131"": 0.0, ""8134"": 0.0, ""8161"": 0.0, ""8210"": 0.0, ""9225"": 0.0, ""9487"": 0.0, ""9509"": 0.0, ""9758"": 0.0}","[0.0, 0.0, 0.0, 0.0, 0.0, 0.0, 0.0, 0.0, 0.0]"
2026-10-10T13:26:55+00:00,1366076769534251008,7,1,4,0.0,"[""10859"", ""11237"", ""11560"", ""11637"", ""12472"", ""12521"", ""13268"", ""13274"", ""13275"", ""13279"", ""13287"", ""13293"", ""13296"", ""13298"", ""13324"", ""13346"", ""13434"", ""13477"", ""1466"", ""2216"", ""2449"", ""3163"", ""3214"", ""3634"", ""4039"", ""421"", ""6130"", ""7526"", ""7611"", ""8130"", ""9224""]","[""3163"", ""13287"", ""9224"", ""7526"", ""13279"", ""8130"", ""10859"", ""7611"", ""421""]","{""10859"": 0.0, ""11237"": 0.0, ""11560"": 0.0, ""11637"": 0.0, ""12472"": 0.0, ""12521"": 0.0, ""13268"": 0.0, ""13274"": 0.0, ""13275"": 0.0, ""13279"": 0.0, ""13287"": 0.0, ""13293"": 0.0, ""13296"": 0.0, ""13298"": 0.0, ""13324"": 0.0, ""13346"": 0.0, ""13434"": 0.0, ""13477"": 0.0, ""1466"": 0.0, ""2216"": 0.0, ""2449"": 0.0, ""3163"": 0.0, ""3214"": 0.0, ""3634"": 0.0, ""4039"": 0.0, ""421"": 0.0, ""6130"": 0.0, ""7526"": 0.0, ""7611"": 0.0, ""8130"": 0.0, ""9224"": 0.0}","[0.0, 0.0, 0.0, 0.0, 0.0, 0.0, 0.0, 0.0, 0.0]"
2026-10-10T13:26:55+00:00,1366076769534251008,7,4,5,0.0,"[""11370"", ""11563"", ""11604"", ""11638"", ""1166"", ""12470"", ""12495"", ""12507"", ""12533"", ""12536"", ""13303"", ""13425"", ""2133"", ""3257"", ""3271"", ""4018"", ""4035"", ""4663"", ""5849"", ""6904"", ""7525"", ""7543"", ""7553"", ""8137"", ""8205"", ""8408"", ""8676"", ""9221"", ""9500"", ""9753""]","[""3257"", ""9221"", ""12495"", ""8137"", ""2133"", ""11604"", ""4035"", ""12507"", ""11563""]","{""11370"": 0.0, ""11563"": 0.0, ""11604"": 0.0, ""11638"": 0.0, ""1166"": 0.0, ""12470"": 0.0, ""12495"": 0.0, ""12507"": 0.0, ""12533"": 0.0, ""12536"": 0.0, ""13303"": 0.0, ""13425"": 0.0, ""2133"": 0.0, ""3257"": 0.0, ""3271"": 0.0, ""4018"": 0.0, ""4035"": 0.0, ""4663"": 0.0, ""5849"": 0.0, ""6904"": 0.0, ""7525"": 0.0, ""7543"": 0.0, ""7553"": 0.0, ""8137"": 0.0, ""8205"": 0.0, ""8408"": 0.0, ""8676"": 0.0, ""9221"": 0.0, ""9500"": 0.0, ""9753"": 0.0}","[0.0, 0.0, 0.0, 0.0, 0.0, 0.0, 0.0, 0.0, 0.0]"
2026-10-10T13:26:55+00:00,1366076769534251008,7,3,6,0.0,"[""10229"", ""10236"", ""11618"", ""11626"", ""11630"", ""11646"", ""12048"", ""12471"", ""12481"", ""12493"", ""12718"", ""13278"", ""13302"", ""13311"", ""13317"", ""13424"", ""1373"", ""4199"", ""5022"", ""6770"", ""6804"", ""6806"", ""7523"", ""7564"", ""8112"", ""8142"", ""8155"", ""9754""]","[""6770"", ""4199"", ""12481"", ""7564"", ""8112"", ""10236"", ""11630"", ""6806"", ""7523""]","{""10229"": 0.0, ""10236"": 0.0, ""11618"": 0.0, ""11626"": 0.0, ""11630"": 0.0, ""11646"": 0.0, ""12048"": 0.0, ""12471"": 0.0, ""12481"": 0.0, ""12493"": 0.0, ""12718"": 0.0, ""13278"": 0.0, ""13302"": 0.0, ""13311"": 0.0, ""13317"": 0.0, ""13424"": 0.0, ""1373"": 0.0, ""4199"": 0.0, ""5022"": 0.0, ""6770"": 0.0, ""6804"": 0.0, ""6806"": 0.0, ""7523"": 0.0, ""7564"": 0.0, ""8112"": 0.0, ""8142"": 0.0, ""8155"": 0.0, ""9754"": 0.0}","[0.0, 0.0, 0.0, 0.0, 0.0, 0.0, 0.0, 0.0, 0.0]"
2026-10-10T13:26:55+00:00,1366076769534251008,7,3,7,0.0,"[""10232"", ""11435"", ""11564"", ""11586"", ""11624"", ""11655"", ""11783"", ""12467"", ""12511"", ""12514"", ""13264"", ""13286"", ""13417"", ""13420"", ""13423"", ""4034"", ""4892"", ""4983"", ""5045"", ""5967"", ""6813"", ""6865"", ""7021"", ""8111"", ""8144"", ""8154"", ""8167"", ""9479"", ""9484"", ""9502"", ""96""]","[""11564"", ""6813"", ""4034"", ""8144"", ""8167"", ""9484"", ""10232"", ""11435"", ""96""]","{""10232"": 0.0, ""11435"": 0.0, ""11564"": 0.0, ""11586"": 0.0, ""11624"": 0.0, ""11655"": 0.0, ""11783"": 0.0, ""12467"": 0.0, ""12511"": 0.0, ""12514"": 0.0, ""13264"": 0.0, ""13286"": 0.0, ""13417"": 0.0, ""13420"": 0.0, ""13423"": 0.0, ""4034"": 0.0, ""4892"": 0.0, ""4983"": 0.0, ""5045"": 0.0, ""5967"": 0.0, ""6813"": 0.0, ""6865"": 0.0, ""7021"": 0.0, ""8111"": 0.0, ""8144"": 0.0, ""8154"": 0.0, ""8167"": 0.0, ""9479"": 0.0, ""9484"": 0.0, ""9502"": 0.0, ""96"": 0.0}","[0.0, 0.0, 0.0, 0.0, 0.0, 0.0, 0.0, 0.0, 0.0]"
2026-10-10T13:26:55+00:00,1366076769534251008,7,2,8,0.0,"[""6819"", ""13289"", ""5850"", ""13329"", ""7528"", ""4984"", ""6794"", ""8121"", ""8150"", ""11603"", ""4950"", ""13336"", ""12497"", ""13405"", ""12512"", ""4217"", ""11627"", ""13414"", ""4066"", ""3198"", ""12489"", ""12487"", ""9228"", ""12509"", ""12518"", ""5872"", ""9486"", ""12535"", ""5870"", ""13380"", ""8136"", ""8698"", ""6786""]","[""4984"", ""8150"", ""3198"", ""6786"", ""5872"", ""12518"", ""4217"", ""12509"", ""9228""]","{""11603"": 0.0, ""11627"": 0.0, ""12487"": 0.0, ""12489"": 0.0, ""12497"": 0.0, ""12509"": 0.0, ""12512"": 0.0, ""12518"": 0.0, ""12535"": 0.0, ""13289"": 0.0, ""13329"": 0.0, ""13336"": 0.0, ""13380"": 0.0, ""13405"": 0.0, ""13414"": 0.0, ""3198"": 0.0, ""4066"": 0.0, ""4217"": 0.0, ""4950"": 0.0, ""4984"": 0.0, ""5850"": 0.0, ""5870"": 0.0, ""5872"": 0.0, ""6786"": 0.0, ""6794"": 0.0, ""6819"": 0.0, ""7528"": 0.0, ""8121"": 0.0, ""8136"": 0.0, ""8150"": 0.0, ""8698"": 0.0, ""9228"": 0.0, ""9486"": 0.0}","[0.0, 0.0, 0.0, 0.0, 0.0, 0.0, 0.0, 0.0, 0.0]"
2026-10-10T13:26:55+00:00,1366076769534251008,7,4,9,0.0,"[""11559"", ""11597"", ""11625"", ""11628"", ""11834"", ""12476"", ""12485"", ""12490"", ""12498"", ""12504"", ""12506"", ""12530"", ""12541"", ""13269"", ""13281"", ""13294"", ""13345"", ""13404"", ""5892"", ""5947"", ""6768"", ""6797"", ""6801"", ""7002"", ""7567"", ""8126"", ""8132"", ""8138"", ""9229"", ""9494""]","[""6797"", ""8138"", ""7567"", ""11834"", ""6801"", ""12506"", ""5892"", ""11628"", ""6768""]","{""11559"": 0.0, ""11597"": 0.0, ""11625"": 0.0, ""11628"": 0.0, ""11834"": 0.0, ""12476"": 0.0, ""12485"": 0.0, ""12490"": 0.0, ""12498"": 0.0, ""12504"": 0.0, ""12506"": 0.0, ""12530"": 0.0, ""12541"": 0.0, ""13269"": 0.0, ""13281"": 0.0, ""13294"": 0.0, ""13345"": 0.0, ""13404"": 0.0, ""5892"": 0.0, ""5947"": 0.0, ""6768"": 0.0, ""6797"": 0.0, ""6801"": 0.0, ""7002"": 0.0, ""7567"": 0.0, ""8126"": 0.0, ""8132"": 0.0, ""8138"": 0.0, ""9229"": 0.0, ""9494"": 0.0}","[0.0, 0.0, 0.0, 0.0, 0.0, 0.0, 0.0, 0.0, 0.0]"
2026-10-10T13:26:55+00:00,1366076769534251008,7,5,10,0.0,"[""10213"", ""11565"", ""11576"", ""11635"", ""12469"", ""12499"", ""12524"", ""12527"", ""12529"", ""13276"", ""13319"", ""13330"", ""3321"", ""4033"", ""4046"", ""5001"", ""5846"", ""6803"", ""7591"", ""8148"", ""8183"", ""8228"", ""9480"", ""9488"", ""9508"", ""9756""]","[""8183"", ""12527"", ""8228"", ""9488"", ""5846"", ""5001"", ""12529"", ""8148"", ""11576""]","{""10213"": 0.0, ""11565"": 0.0, ""11576"": 0.0, ""11635"": 0.0, ""12469"": 0.0, ""12499"": 0.0, ""12524"": 0.0, ""12527"": 0.0, ""12529"": 0.0, ""13276"": 0.0, ""13319"": 0.0, ""13330"": 0.0, ""3321"": 0.0, ""4033"": 0.0, ""4046"": 0.0, ""5001"": 0.0, ""5846"": 0.0, ""6803"": 0.0, ""7591"": 0.0, ""8148"": 0.0, ""8183"": 0.0, ""8228"": 0.0, ""9480"": 0.0, ""9488"": 0.0, ""9508"": 0.0, ""9756"": 0.0}","[0.0, 0.0, 0.0, 0.0, 0.0, 0.0, 0.0, 0.0, 0.0]"
2026-10-10T13:26:55+00:00,1366076769534251008,8,3,1,0.0,"[""11566"", ""7527"", ""2505"", ""4017"", ""2307"", ""7594"", ""9997"", ""13288"", ""7600"", ""9757"", ""7571"", ""11583"", ""13337"", ""12526"", ""12492"", ""11581"", ""7547"", ""9226"", ""10219"", ""13353"", ""11577"", ""12474"", ""8146"", ""13272"", ""13349"", ""12519"", ""8110"", ""6790"", ""13421"", ""13282"", ""10222"", ""11610"", ""3294""]","[""3294"", ""6790"", ""11577"", ""7547"", ""12519"", ""7600"", ""8146"", ""9997"", ""11566""]","{""10219"": 0.0, ""10222"": 0.0, ""11566"": 0.0, ""11577"": 0.0, ""11581"": 0.0, ""11583"": 0.0, ""11610"": 0.0, ""12474"": 0.0, ""12492"": 0.0, ""12519"": 0.0, ""12526"": 0.0, ""13272"": 0.0, ""13282"": 0.0, ""13288"": 0.0, ""13337"": 0.0, ""13349"": 0.0, ""13353"": 0.0, ""13421"": 0.0, ""2307"": 0.0, ""2505"": 0.0, ""3294"": 0.0, ""4017"": 0.0, ""6790"": 0.0, ""7527"": 0.0, ""7547"": 0.0, ""7571"": 0.0, ""7594"": 0.0, ""7600"": 0.0, ""8110"": 0.0, ""8146"": 0.0, ""9226"": 0.0, ""9757"": 0.0, ""9997"": 0.0}","[0.0, 0.0, 0.0, 0.0, 0.0, 0.0, 0.0, 0.0, 0.0]"
2026-10-10T13:26:55+00:00,1366076769534251008,8,2,2,0.0,"[""11575"", ""12455"", ""12457"", ""12483"", ""12484"", ""12502"", ""12505"", ""12517"", ""12545"", ""13285"", ""13301"", ""13305"", ""13320"", ""13347"", ""13402"", ""4037"", ""4866"", ""4881"", ""4943"", ""4993"", ""5844"", ""5859"", ""5927"", ""7588"", ""8151"", ""9482"", ""9493"", ""9501"", ""9511""]","[""4943"", ""7588"", ""9511"", ""9493"", ""4037"", ""5844"", ""4993"", ""12517"", ""12545""]","{""11575"": 0.0, ""12455"": 0.0, ""12457"": 0.0, ""12483"": 0.0, ""12484"": 0.0, ""12502"": 0.0, ""12505"": 0.0, ""12517"": 0.0, ""12545"": 0.0, ""13285"": 0.0, ""13301"": 0.0, ""13305"": 0.0, ""13320"": 0.0, ""13347"": 0.0, ""13402"": 0.0, ""4037"": 0.0, ""4866"": 0.0, ""4881"": 0.0, ""4943"": 0.0, ""4993"": 0.0, ""5844"": 0.0, ""5859"": 0.0, ""5927"": 0.0, ""7588"": 0.0, ""8151"": 0.0, ""9482"": 0.0, ""9493"": 0.0, ""9501"": 0.0, ""9511"": 0.0}","[0.0, 0.0, 0.0, 0.0, 0.0, 0.0, 0.0, 0.0, 0.0]"
2026-10-10T13:26:55+00:00,1366076769534251008,8,4,3,0.0,"[""11584"", ""11589"", ""11600"", ""11620"", ""11631"", ""11632"", ""11643"", ""12500"", ""12501"", ""12508"", ""12510"", ""12522"", ""12534"", ""12547"", ""13333"", ""13348"", ""13403"", ""2306"", ""5012"", ""6783"", ""6826"", ""7569"", ""8131"", ""8134"", ""8161"", ""8210"", ""9225"", ""9487"", ""9509"", ""9758""]","[""9758"", ""9509"", ""11584"", ""7569"", ""9487"", ""8131"", ""12501"", ""11632"", ""12522""]","{""11584"": 0.0, ""11589"": 0.0, ""11600"": 0.0, ""11620"": 0.0, ""11631"": 0.0, ""11632"": 0.0, ""11643"": 0.0, ""12500"": 0.0, ""12501"": 0.0, ""12508"": 0.0, ""12510"": 0.0, ""12522"": 0.0, ""12534"": 0.0, ""12547"": 0.0, ""13333"": 0.0, ""13348"": 0.0, ""13403"": 0.0, ""2306"": 0.0, ""5012"": 0.0, ""6783"": 0.0, ""6826"": 0.0, ""7569"": 0.0, ""8131"": 0.0, ""8134"": 0.0, ""8161"": 0.0, ""8210"": 0.0, ""9225"": 0.0, ""9487"": 0.0, ""9509"": 0.0, ""9758"": 0.0}","[0.0, 0.0, 0.0, 0.0, 0.0, 0.0, 0.0, 0.0, 0.0]"
2026-10-10T13:26:55+00:00,1366076769534251008,8,1,4,0.0,"[""10859"", ""11237"", ""11560"", ""11637"", ""12472"", ""12521"", ""13268"", ""13274"", ""13275"", ""13279"", ""13287"", ""13293"", ""13296"", ""13298"", ""13324"", ""13346"", ""13434"", ""13477"", ""1466"", ""2216"", ""2449"", ""3163"", ""3214"", ""3634"", ""4039"", ""421"", ""6130"", ""7526"", ""7611"", ""8130"", ""9224""]","[""3163"", ""13287"", ""9224"", ""7526"", ""13279"", ""8130"", ""10859"", ""7611"", ""421""]","{""10859"": 0.0, ""11237"": 0.0, ""11560"": 0.0, ""11637"": 0.0, ""12472"": 0.0, ""12521"": 0.0, ""13268"": 0.0, ""13274"": 0.0, ""13275"": 0.0, ""13279"": 0.0, ""13287"": 0.0, ""13293"": 0.0, ""13296"": 0.0, ""13298"": 0.0, ""13324"": 0.0, ""13346"": 0.0, ""13434"": 0.0, ""13477"": 0.0, ""1466"": 0.0, ""2216"": 0.0, ""2449"": 0.0, ""3163"": 0.0, ""3214"": 0.0, ""3634"": 0.0, ""4039"": 0.0, ""421"": 0.0, ""6130"": 0.0, ""7526"": 0.0, ""7611"": 0.0, ""8130"": 0.0, ""9224"": 0.0}","[0.0, 0.0, 0.0, 0.0, 0.0, 0.0, 0.0, 0.0, 0.0]"
2026-10-10T13:26:55+00:00,1366076769534251008,8,3,5,0.0,"[""11370"", ""11563"", ""11604"", ""11638"", ""1166"", ""12470"", ""12495"", ""12507"", ""12533"", ""12536"", ""13303"", ""13425"", ""2133"", ""3257"", ""3271"", ""4018"", ""4035"", ""4663"", ""5849"", ""6904"", ""7525"", ""7543"", ""7553"", ""8137"", ""8205"", ""8408"", ""8676"", ""9221"", ""9500"", ""9753""]","[""3257"", ""9221"", ""12495"", ""8137"", ""2133"", ""11604"", ""4035"", ""12507"", ""11563""]","{""11370"": 0.0, ""11563"": 0.0, ""11604"": 0.0, ""11638"": 0.0, ""1166"": 0.0, ""12470"": 0.0, ""12495"": 0.0, ""12507"": 0.0, ""12533"": 0.0, ""12536"": 0.0, ""13303"": 0.0, ""13425"": 0.0, ""2133"": 0.0, ""3257"": 0.0, ""3271"": 0.0, ""4018"": 0.0, ""4035"": 0.0, ""4663"": 0.0, ""5849"": 0.0, ""6904"": 0.0, ""7525"": 0.0, ""7543"": 0.0, ""7553"": 0.0, ""8137"": 0.0, ""8205"": 0.0, ""8408"": 0.0, ""8676"": 0.0, ""9221"": 0.0, ""9500"": 0.0, ""9753"": 0.0}","[0.0, 0.0, 0.0, 0.0, 0.0, 0.0, 0.0, 0.0, 0.0]"
2026-10-10T13:26:55+00:00,1366076769534251008,8,4,6,0.0,"[""10229"", ""10236"", ""11618"", ""11626"", ""11630"", ""11646"", ""12048"", ""12471"", ""12481"", ""12493"", ""12718"", ""13278"", ""13302"", ""13311"", ""13317"", ""13424"", ""1373"", ""4199"", ""5022"", ""6770"", ""6804"", ""6806"", ""7523"", ""7564"", ""8112"", ""8142"", ""8155"", ""9754""]","[""6770"", ""4199"", ""12481"", ""7564"", ""8112"", ""10236"", ""11630"", ""6806"", ""7523""]","{""10229"": 0.0, ""10236"": 0.0, ""11618"": 0.0, ""11626"": 0.0, ""11630"": 0.0, ""11646"": 0.0, ""12048"": 0.0, ""12471"": 0.0, ""12481"": 0.0, ""12493"": 0.0, ""12718"": 0.0, ""13278"": 0.0, ""13302"": 0.0, ""13311"": 0.0, ""13317"": 0.0, ""13424"": 0.0, ""1373"": 0.0, ""4199"": 0.0, ""5022"": 0.0, ""6770"": 0.0, ""6804"": 0.0, ""6806"": 0.0, ""7523"": 0.0, ""7564"": 0.0, ""8112"": 0.0, ""8142"": 0.0, ""8155"": 0.0, ""9754"": 0.0}","[0.0, 0.0, 0.0, 0.0, 0.0, 0.0, 0.0, 0.0, 0.0]"
2026-10-10T13:26:55+00:00,1366076769534251008,8,2,7,0.0,"[""10232"", ""11435"", ""11564"", ""11586"", ""11624"", ""11655"", ""11783"", ""12467"", ""12511"", ""12514"", ""13264"", ""13286"", ""13417"", ""13420"", ""13423"", ""4034"", ""4892"", ""4983"", ""5045"", ""5967"", ""6813"", ""6865"", ""7021"", ""8111"", ""8144"", ""8154"", ""8167"", ""9479"", ""9484"", ""9502"", ""96""]","[""11564"", ""6813"", ""4034"", ""8144"", ""8167"", ""9484"", ""10232"", ""11435"", ""96""]","{""10232"": 0.0, ""11435"": 0.0, ""11564"": 0.0, ""11586"": 0.0, ""11624"": 0.0, ""11655"": 0.0, ""11783"": 0.0, ""12467"": 0.0, ""12511"": 0.0, ""12514"": 0.0, ""13264"": 0.0, ""13286"": 0.0, ""13417"": 0.0, ""13420"": 0.0, ""13423"": 0.0, ""4034"": 0.0, ""4892"": 0.0, ""4983"": 0.0, ""5045"": 0.0, ""5967"": 0.0, ""6813"": 0.0, ""6865"": 0.0, ""7021"": 0.0, ""8111"": 0.0, ""8144"": 0.0, ""8154"": 0.0, ""8167"": 0.0, ""9479"": 0.0, ""9484"": 0.0, ""9502"": 0.0, ""96"": 0.0}","[0.0, 0.0, 0.0, 0.0, 0.0, 0.0, 0.0, 0.0, 0.0]"
2026-10-10T13:26:55+00:00,1366076769534251008,8,1,8,0.0,"[""6819"", ""13289"", ""5850"", ""13329"", ""7528"", ""4984"", ""6794"", ""8121"", ""8150"", ""11603"", ""4950"", ""13336"", ""12497"", ""13405"", ""12512"", ""4217"", ""11627"", ""13414"", ""4066"", ""3198"", ""12489"", ""12487"", ""9228"", ""12509"", ""12518"", ""5872"", ""9486"", ""12535"", ""5870"", ""13380"", ""8136"", ""8698"", ""6786""]","[""4984"", ""8150"", ""3198"", ""6786"", ""5872"", ""12518"", ""4217"", ""12509"", ""9228""]","{""11603"": 0.0, ""11627"": 0.0, ""12487"": 0.0, ""12489"": 0.0, ""12497"": 0.0, ""12509"": 0.0, ""12512"": 0.0, ""12518"": 0.0, ""12535"": 0.0, ""13289"": 0.0, ""13329"": 0.0, ""13336"": 0.0, ""13380"": 0.0, ""13405"": 0.0, ""13414"": 0.0, ""3198"": 0.0, ""4066"": 0.0, ""4217"": 0.0, ""4950"": 0.0, ""4984"": 0.0, ""5850"": 0.0, ""5870"": 0.0, ""5872"": 0.0, ""6786"": 0.0, ""6794"": 0.0, ""6819"": 0.0, ""7528"": 0.0, ""8121"": 0.0, ""8136"": 0.0, ""8150"": 0.0, ""8698"": 0.0, ""9228"": 0.0, ""9486"": 0.0}","[0.0, 0.0, 0.0, 0.0, 0.0, 0.0, 0.0, 0.0, 0.0]"
2026-10-10T13:26:55+00:00,1366076769534251008,8,5,9,0.0,"[""11559"", ""11597"", ""11625"", ""11628"", ""11834"", ""12476"", ""12485"", ""12490"", ""12498"", ""12504"", ""12506"", ""12530"", ""12541"", ""13269"", ""13281"", ""13294"", ""13345"", ""13404"", ""5892"", ""5947"", ""6768"", ""6797"", ""6801"", ""7002"", ""7567"", ""8126"", ""8132"", ""8138"", ""9229"", ""9494""]","[""6797"", ""8138"", ""7567"", ""11834"", ""6801"", ""12506"", ""5892"", ""11628"", ""6768""]","{""11559"": 0.0, ""11597"": 0.0, ""11625"": 0.0, ""11628"": 0.0, ""11834"": 0.0, ""12476"": 0.0, ""12485"": 0.0, ""12490"": 0.0, ""12498"": 0.0, ""12504"": 0.0, ""12506"": 0.0, ""12530"": 0.0, ""12541"": 0.0, ""13269"": 0.0, ""13281"": 0.0, ""13294"": 0.0, ""13345"": 0.0, ""13404"": 0.0, ""5892"": 0.0, ""5947"": 0.0, ""6768"": 0.0, ""6797"": 0.0, ""6801"": 0.0, ""7002"": 0.0, ""7567"": 0.0, ""8126"": 0.0, ""8132"": 0.0, ""8138"": 0.0, ""9229"": 0.0, ""9494"": 0.0}","[0.0, 0.0, 0.0, 0.0, 0.0, 0.0, 0.0, 0.0, 0.0]"
2026-10-10T13:26:55+00:00,1366076769534251008,8,5,10,0.0,"[""10213"", ""11565"", ""11576"", ""11635"", ""12469"", ""12499"", ""12524"", ""12527"", ""12529"", ""13276"", ""13319"", ""13330"", ""3321"", ""4033"", ""4046"", ""5001"", ""5846"", ""6803"", ""7591"", ""8148"", ""8183"", ""8228"", ""9480"", ""9488"", ""9508"", ""9756""]","[""8183"", ""12527"", ""8228"", ""9488"", ""5846"", ""5001"", ""12529"", ""8148"", ""11576""]","{""10213"": 0.0, ""11565"": 0.0, ""11576"": 0.0, ""11635"": 0.0, ""12469"": 0.0, ""12499"": 0.0, ""12524"": 0.0, ""12527"": 0.0, ""12529"": 0.0, ""13276"": 0.0, ""13319"": 0.0, ""13330"": 0.0, ""3321"": 0.0, ""4033"": 0.0, ""4046"": 0.0, ""5001"": 0.0, ""5846"": 0.0, ""6803"": 0.0, ""7591"": 0.0, ""8148"": 0.0, ""8183"": 0.0, ""8228"": 0.0, ""9480"": 0.0, ""9488"": 0.0, ""9508"": 0.0, ""9756"": 0.0}","[0.0, 0.0, 0.0, 0.0, 0.0, 0.0, 0.0, 0.0, 0.0]"
2026-10-10T13:26:55+00:00,1366076769534251008,9,4,1,0.0,"[""11566"", ""7527"", ""2505"", ""4017"", ""2307"", ""7594"", ""9997"", ""13288"", ""7600"", ""9757"", ""7571"", ""11583"", ""13337"", ""12526"", ""12492"", ""11581"", ""7547"", ""9226"", ""10219"", ""13353"", ""11577"", ""12474"", ""8146"", ""13272"", ""13349"", ""12519"", ""8110"", ""6790"", ""13421"", ""13282"", ""10222"", ""11610"", ""3294""]","[""3294"", ""6790"", ""11577"", ""7547"", ""12519"", ""7600"", ""8146"", ""9997"", ""11566""]","{""10219"": 0.0, ""10222"": 0.0, ""11566"": 0.0, ""11577"": 0.0, ""11581"": 0.0, ""11583"": 0.0, ""11610"": 0.0, ""12474"": 0.0, ""12492"": 0.0, ""12519"": 0.0, ""12526"": 0.0, ""13272"": 0.0, ""13282"": 0.0, ""13288"": 0.0, ""13337"": 0.0, ""13349"": 0.0, ""13353"": 0.0, ""13421"": 0.0, ""2307"": 0.0, ""2505"": 0.0, ""3294"": 0.0, ""4017"": 0.0, ""6790"": 0.0, ""7527"": 0.0, ""7547"": 0.0, ""7571"": 0.0, ""7594"": 0.0, ""7600"": 0.0, ""8110"": 0.0, ""8146"": 0.0, ""9226"": 0.0, ""9757"": 0.0, ""9997"": 0.0}","[0.0, 0.0, 0.0, 0.0, 0.0, 0.0, 0.0, 0.0, 0.0]"
2026-10-10T13:26:55+00:00,1366076769534251008,9,3,2,0.0,"[""11575"", ""12455"", ""12457"", ""12483"", ""12484"", ""12502"", ""12505"", ""12517"", ""12545"", ""13285"", ""13301"", ""13305"", ""13320"", ""13347"", ""13402"", ""4037"", ""4866"", ""4881"", ""4943"", ""4993"", ""5844"", ""5859"", ""5927"", ""7588"", ""8151"", ""9482"", ""9493"", ""9501"", ""9511""]","[""4943"", ""7588"", ""9511"", ""9493"", ""4037"", ""5844"", ""4993"", ""12517"", ""12545""]","{""11575"": 0.0, ""12455"": 0.0, ""12457"": 0.0, ""12483"": 0.0, ""12484"": 0.0, ""12502"": 0.0, ""12505"": 0.0, ""12517"": 0.0, ""12545"": 0.0, ""13285"": 0.0, ""13301"": 0.0, ""13305"": 0.0, ""13320"": 0.0, ""13347"": 0.0, ""13402"": 0.0, ""4037"": 0.0, ""4866"": 0.0, ""4881"": 0.0, ""4943"": 0.0, ""4993"": 0.0, ""5844"": 0.0, ""5859"": 0.0, ""5927"": 0.0, ""7588"": 0.0, ""8151"": 0.0, ""9482"": 0.0, ""9493"": 0.0, ""9501"": 0.0, ""9511"": 0.0}","[0.0, 0.0, 0.0, 0.0, 0.0, 0.0, 0.0, 0.0, 0.0]"
2026-10-10T13:26:55+00:00,1366076769534251008,9,3,3,0.0,"[""11584"", ""11589"", ""11600"", ""11620"", ""11631"", ""11632"", ""11643"", ""12500"", ""12501"", ""12508"", ""12510"", ""12522"", ""12534"", ""12547"", ""13333"", ""13348"", ""13403"", ""2306"", ""5012"", ""6783"", ""6826"", ""7569"", ""8131"", ""8134"", ""8161"", ""8210"", ""9225"", ""9487"", ""9509"", ""9758""]","[""9758"", ""9509"", ""11584"", ""7569"", ""9487"", ""8131"", ""12501"", ""11632"", ""12522""]","{""11584"": 0.0, ""11589"": 0.0, ""11600"": 0.0, ""11620"": 0.0, ""11631"": 0.0, ""11632"": 0.0, ""11643"": 0.0, ""12500"": 0.0, ""12501"": 0.0, ""12508"": 0.0, ""12510"": 0.0, ""12522"": 0.0, ""12534"": 0.0, ""12547"": 0.0, ""13333"": 0.0, ""13348"": 0.0, ""13403"": 0.0, ""2306"": 0.0, ""5012"": 0.0, ""6783"": 0.0, ""6826"": 0.0, ""7569"": 0.0, ""8131"": 0.0, ""8134"": 0.0, ""8161"": 0.0, ""8210"": 0.0, ""9225"": 0.0, ""9487"": 0.0, ""9509"": 0.0, ""9758"": 0.0}","[0.0, 0.0, 0.0, 0.0, 0.0, 0.0, 0.0, 0.0, 0.0]"
2026-10-10T13:26:55+00:00,1366076769534251008,9,1,4,0.0,"[""10859"", ""11237"", ""11560"", ""11637"", ""12472"", ""12521"", ""13268"", ""13274"", ""13275"", ""13279"", ""13287"", ""13293"", ""13296"", ""13298"", ""13324"", ""13346"", ""13434"", ""13477"", ""1466"", ""2216"", ""2449"", ""3163"", ""3214"", ""3634"", ""4039"", ""421"", ""6130"", ""7526"", ""7611"", ""8130"", ""9224""]","[""3163"", ""13287"", ""9224"", ""7526"", ""13279"", ""8130"", ""10859"", ""7611"", ""421""]","{""10859"": 0.0, ""11237"": 0.0, ""11560"": 0.0, ""11637"": 0.0, ""12472"": 0.0, ""12521"": 0.0, ""13268"": 0.0, ""13274"": 0.0, ""13275"": 0.0, ""13279"": 0.0, ""13287"": 0.0, ""13293"": 0.0, ""13296"": 0.0, ""13298"": 0.0, ""13324"": 0.0, ""13346"": 0.0, ""13434"": 0.0, ""13477"": 0.0, ""1466"": 0.0, ""2216"": 0.0, ""2449"": 0.0, ""3163"": 0.0, ""3214"": 0.0, ""3634"": 0.0, ""4039"": 0.0, ""421"": 0.0, ""6130"": 0.0, ""7526"": 0.0, ""7611"": 0.0, ""8130"": 0.0, ""9224"": 0.0}","[0.0, 0.0, 0.0, 0.0, 0.0, 0.0, 0.0, 0.0, 0.0]"
2026-10-10T13:26:55+00:00,1366076769534251008,9,2,5,0.0,"[""11370"", ""11563"", ""11604"", ""11638"", ""1166"", ""12470"", ""12495"", ""12507"", ""12533"", ""12536"", ""13303"", ""13425"", ""2133"", ""3257"", ""3271"", ""4018"", ""4035"", ""4663"", ""5849"", ""6904"", ""7525"", ""7543"", ""7553"", ""8137"", ""8205"", ""8408"", ""8676"", ""9221"", ""9500"", ""9753""]","[""3257"", ""9221"", ""12495"", ""8137"", ""2133"", ""11604"", ""4035"", ""12507"", ""11563""]","{""11370"": 0.0, ""11563"": 0.0, ""11604"": 0.0, ""11638"": 0.0, ""1166"": 0.0, ""12470"": 0.0, ""12495"": 0.0, ""12507"": 0.0, ""12533"": 0.0, ""12536"": 0.0, ""13303"": 0.0, ""13425"": 0.0, ""2133"": 0.0, ""3257"": 0.0, ""3271"": 0.0, ""4018"": 0.0, ""4035"": 0.0, ""4663"": 0.0, ""5849"": 0.0, ""6904"": 0.0, ""7525"": 0.0, ""7543"": 0.0, ""7553"": 0.0, ""8137"": 0.0, ""8205"": 0.0, ""8408"": 0.0, ""8676"": 0.0, ""9221"": 0.0, ""9500"": 0.0, ""9753"": 0.0}","[0.0, 0.0, 0.0, 0.0, 0.0, 0.0, 0.0, 0.0, 0.0]"
2026-10-10T13:26:55+00:00,1366076769534251008,9,5,6,0.0,"[""10229"", ""10236"", ""11618"", ""11626"", ""11630"", ""11646"", ""12048"", ""12471"", ""12481"", ""12493"", ""12718"", ""13278"", ""13302"", ""13311"", ""13317"", ""13424"", ""1373"", ""4199"", ""5022"", ""6770"", ""6804"", ""6806"", ""7523"", ""7564"", ""8112"", ""8142"", ""8155"", ""9754""]","[""6770"", ""4199"", ""12481"", ""7564"", ""8112"", ""10236"", ""11630"", ""6806"", ""7523""]","{""10229"": 0.0, ""10236"": 0.0, ""11618"": 0.0, ""11626"": 0.0, ""11630"": 0.0, ""11646"": 0.0, ""12048"": 0.0, ""12471"": 0.0, ""12481"": 0.0, ""12493"": 0.0, ""12718"": 0.0, ""13278"": 0.0, ""13302"": 0.0, ""13311"": 0.0, ""13317"": 0.0, ""13424"": 0.0, ""1373"": 0.0, ""4199"": 0.0, ""5022"": 0.0, ""6770"": 0.0, ""6804"": 0.0, ""6806"": 0.0, ""7523"": 0.0, ""7564"": 0.0, ""8112"": 0.0, ""8142"": 0.0, ""8155"": 0.0, ""9754"": 0.0}","[0.0, 0.0, 0.0, 0.0, 0.0, 0.0, 0.0, 0.0, 0.0]"
2026-10-10T13:26:55+00:00,1366076769534251008,9,1,7,0.0,"[""10232"", ""11435"", ""11564"", ""11586"", ""11624"", ""11655"", ""11783"", ""12467"", ""12511"", ""12514"", ""13264"", ""13286"", ""13417"", ""13420"", ""13423"", ""4034"", ""4892"", ""4983"", ""5045"", ""5967"", ""6813"", ""6865"", ""7021"", ""8111"", ""8144"", ""8154"", ""8167"", ""9479"", ""9484"", ""9502"", ""96""]","[""11564"", ""6813"", ""4034"", ""8144"", ""8167"", ""9484"", ""10232"", ""11435"", ""96""]","{""10232"": 0.0, ""11435"": 0.0, ""11564"": 0.0, ""11586"": 0.0, ""11624"": 0.0, ""11655"": 0.0, ""11783"": 0.0, ""12467"": 0.0, ""12511"": 0.0, ""12514"": 0.0, ""13264"": 0.0, ""13286"": 0.0, ""13417"": 0.0, ""13420"": 0.0, ""13423"": 0.0, ""4034"": 0.0, ""4892"": 0.0, ""4983"": 0.0, ""5045"": 0.0, ""5967"": 0.0, ""6813"": 0.0, ""6865"": 0.0, ""7021"": 0.0, ""8111"": 0.0, ""8144"": 0.0, ""8154"": 0.0, ""8167"": 0.0, ""9479"": 0.0, ""9484"": 0.0, ""9502"": 0.0, ""96"": 0.0}","[0.0, 0.0, 0.0, 0.0, 0.0, 0.0, 0.0, 0.0, 0.0]"
2026-10-10T13:26:55+00:00,1366076769534251008,9,2,8,0.0,"[""6819"", ""13289"", ""5850"", ""13329"", ""7528"", ""4984"", ""6794"", ""8121"", ""8150"", ""11603"", ""4950"", ""13336"", ""12497"", ""13405"", ""12512"", ""4217"", ""11627"", ""13414"", ""4066"", ""3198"", ""12489"", ""12487"", ""9228"", ""12509"", ""12518"", ""5872"", ""9486"", ""12535"", ""5870"", ""13380"", ""8136"", ""8698"", ""6786""]","[""4984"", ""8150"", ""3198"", ""6786"", ""5872"", ""12518"", ""4217"", ""12509"", ""9228""]","{""11603"": 0.0, ""11627"": 0.0, ""12487"": 0.0, ""12489"": 0.0, ""12497"": 0.0, ""12509"": 0.0, ""12512"": 0.0, ""12518"": 0.0, ""12535"": 0.0, ""13289"": 0.0, ""13329"": 0.0, ""13336"": 0.0, ""13380"": 0.0, ""13405"": 0.0, ""13414"": 0.0, ""3198"": 0.0, ""4066"": 0.0, ""4217"": 0.0, ""4950"": 0.0, ""4984"": 0.0, ""5850"": 0.0, ""5870"": 0.0, ""5872"": 0.0, ""6786"": 0.0, ""6794"": 0.0, ""6819"": 0.0, ""7528"": 0.0, ""8121"": 0.0, ""8136"": 0.0, ""8150"": 0.0, ""8698"": 0.0, ""9228"": 0.0, ""9486"": 0.0}","[0.0, 0.0, 0.0, 0.0, 0.0, 0.0, 0.0, 0.0, 0.0]"
2026-10-10T13:26:55+00:00,1366076769534251008,9,5,9,0.0,"[""11559"", ""11597"", ""11625"", ""11628"", ""11834"", ""12476"", ""12485"", ""12490"", ""12498"", ""12504"", ""12506"", ""12530"", ""12541"", ""13269"", ""13281"", ""13294"", ""13345"", ""13404"", ""5892"", ""5947"", ""6768"", ""6797"", ""6801"", ""7002"", ""7567"", ""8126"", ""8132"", ""8138"", ""9229"", ""9494""]","[""6797"", ""8138"", ""7567"", ""11834"", ""6801"", ""12506"", ""5892"", ""11628"", ""6768""]","{""11559"": 0.0, ""11597"": 0.0, ""11625"": 0.0, ""11628"": 0.0, ""11834"": 0.0, ""12476"": 0.0, ""12485"": 0.0, ""12490"": 0.0, ""12498"": 0.0, ""12504"": 0.0, ""12506"": 0.0, ""12530"": 0.0, ""12541"": 0.0, ""13269"": 0.0, ""13281"": 0.0, ""13294"": 0.0, ""13345"": 0.0, ""13404"": 0.0, ""5892"": 0.0, ""5947"": 0.0, ""6768"": 0.0, ""6797"": 0.0, ""6801"": 0.0, ""7002"": 0.0, ""7567"": 0.0, ""8126"": 0.0, ""8132"": 0.0, ""8138"": 0.0, ""9229"": 0.0, ""9494"": 0.0}","[0.0, 0.0, 0.0, 0.0, 0.0, 0.0, 0.0, 0.0, 0.0]"
2026-10-10T13:26:55+00:00,1366076769534251008,9,4,10,0.0,"[""10213"", ""11565"", ""11576"", ""11635"", ""12469"", ""12499"", ""12524"", ""12527"", ""12529"", ""13276"", ""13319"", ""13330"", ""3321"", ""4033"", ""4046"", ""5001"", ""5846"", ""6803"", ""7591"", ""8148"", ""8183"", ""8228"", ""9480"", ""9488"", ""9508"", ""9756""]","[""8183"", ""12527"", ""8228"", ""9488"", ""5846"", ""5001"", ""12529"", ""8148"", ""11576""]","{""10213"": 0.0, ""11565"": 0.0, ""11576"": 0.0, ""11635"": 0.0, ""12469"": 0.0, ""12499"": 0.0, ""12524"": 0.0, ""12527"": 0.0, ""12529"": 0.0, ""13276"": 0.0, ""13319"": 0.0, ""13330"": 0.0, ""3321"": 0.0, ""4033"": 0.0, ""4046"": 0.0, ""5001"": 0.0, ""5846"": 0.0, ""6803"": 0.0, ""7591"": 0.0, ""8148"": 0.0, ""8183"": 0.0, ""8228"": 0.0, ""9480"": 0.0, ""9488"": 0.0, ""9508"": 0.0, ""9756"": 0.0}","[0.0, 0.0, 0.0, 0.0, 0.0, 0.0, 0.0, 0.0, 0.0]"
2026-10-10T13:26:55+00:00,1366076769534251008,10,5,1,0.0,"[""11566"", ""7527"", ""2505"", ""4017"", ""2307"", ""7594"", ""9997"", ""13288"", ""7600"", ""9757"", ""7571"", ""11583"", ""13337"", ""12526"", ""12492"", ""11581"", ""7547"", ""9226"", ""10219"", ""13353"", ""11577"", ""12474"", ""8146"", ""13272"", ""13349"", ""12519"", ""8110"", ""6790"", ""13421"", ""13282"", ""10222"", ""11610"", ""3294""]","[""3294"", ""6790"", ""11577"", ""7547"", ""12519"", ""7600"", ""8146"", ""9997"", ""11566""]","{""10219"": 0.0, ""10222"": 0.0, ""11566"": 0.0, ""11577"": 0.0, ""11581"": 0.0, ""11583"": 0.0, ""11610"": 0.0, ""12474"": 0.0, ""12492"": 0.0, ""12519"": 0.0, ""12526"": 0.0, ""13272"": 0.0, ""13282"": 0.0, ""13288"": 0.0, ""13337"": 0.0, ""13349"": 0.0, ""13353"": 0.0, ""13421"": 0.0, ""2307"": 0.0, ""2505"": 0.0, ""3294"": 0.0, ""4017"": 0.0, ""6790"": 0.0, ""7527"": 0.0, ""7547"": 0.0, ""7571"": 0.0, ""7594"": 0.0, ""7600"": 0.0, ""8110"": 0.0, ""8146"": 0.0, ""9226"": 0.0, ""9757"": 0.0, ""9997"": 0.0}","[0.0, 0.0, 0.0, 0.0, 0.0, 0.0, 0.0, 0.0, 0.0]"
2026-10-10T13:26:55+00:00,1366076769534251008,10,4,2,0.0,"[""11575"", ""12455"", ""12457"", ""12483"", ""12484"", ""12502"", ""12505"", ""12517"", ""12545"", ""13285"", ""13301"", ""13305"", ""13320"", ""13347"", ""13402"", ""4037"", ""4866"", ""4881"", ""4943"", ""4993"", ""5844"", ""5859"", ""5927"", ""7588"", ""8151"", ""9482"", ""9493"", ""9501"", ""9511""]","[""4943"", ""7588"", ""9511"", ""9493"", ""4037"", ""5844"", ""4993"", ""12517"", ""12545""]","{""11575"": 0.0, ""12455"": 0.0, ""12457"": 0.0, ""12483"": 0.0, ""12484"": 0.0, ""12502"": 0.0, ""12505"": 0.0, ""12517"": 0.0, ""12545"": 0.0, ""13285"": 0.0, ""13301"": 0.0, ""13305"": 0.0, ""13320"": 0.0, ""13347"": 0.0, ""13402"": 0.0, ""4037"": 0.0, ""4866"": 0.0, ""4881"": 0.0, ""4943"": 0.0, ""4993"": 0.0, ""5844"": 0.0, ""5859"": 0.0, ""5927"": 0.0, ""7588"": 0.0, ""8151"": 0.0, ""9482"": 0.0, ""9493"": 0.0, ""9501"": 0.0, ""9511"": 0.0}","[0.0, 0.0, 0.0, 0.0, 0.0, 0.0, 0.0, 0.0, 0.0]"
2026-10-10T13:26:55+00:00,1366076769534251008,10,2,3,0.0,"[""11584"", ""11589"", ""11600"", ""11620"", ""11631"", ""11632"", ""11643"", ""12500"", ""12501"", ""12508"", ""12510"", ""12522"", ""12534"", ""12547"", ""13333"", ""13348"", ""13403"", ""2306"", ""5012"", ""6783"", ""6826"", ""7569"", ""8131"", ""8134"", ""8161"", ""8210"", ""9225"", ""9487"", ""9509"", ""9758""]","[""9758"", ""9509"", ""11584"", ""7569"", ""9487"", ""8131"", ""12501"", ""11632"", ""12522""]","{""11584"": 0.0, ""11589"": 0.0, ""11600"": 0.0, ""11620"": 0.0, ""11631"": 0.0, ""11632"": 0.0, ""11643"": 0.0, ""12500"": 0.0, ""12501"": 0.0, ""12508"": 0.0, ""12510"": 0.0, ""12522"": 0.0, ""12534"": 0.0, ""12547"": 0.0, ""13333"": 0.0, ""13348"": 0.0, ""13403"": 0.0, ""2306"": 0.0, ""5012"": 0.0, ""6783"": 0.0, ""6826"": 0.0, ""7569"": 0.0, ""8131"": 0.0, ""8134"": 0.0, ""8161"": 0.0, ""8210"": 0.0, ""9225"": 0.0, ""9487"": 0.0, ""9509"": 0.0, ""9758"": 0.0}","[0.0, 0.0, 0.0, 0.0, 0.0, 0.0, 0.0, 0.0, 0.0]"
2026-10-10T13:26:55+00:00,1366076769534251008,10,1,4,0.0,"[""10859"", ""11237"", ""11560"", ""11637"", ""12472"", ""12521"", ""13268"", ""13274"", ""13275"", ""13279"", ""13287"", ""13293"", ""13296"", ""13298"", ""13324"", ""13346"", ""13434"", ""13477"", ""1466"", ""2216"", ""2449"", ""3163"", ""3214"", ""3634"", ""4039"", ""421"", ""6130"", ""7526"", ""7611"", ""8130"", ""9224""]","[""3163"", ""13287"", ""9224"", ""7526"", ""13279"", ""8130"", ""10859"", ""7611"", ""421""]","{""10859"": 0.0, ""11237"": 0.0, ""11560"": 0.0, ""11637"": 0.0, ""12472"": 0.0, ""12521"": 0.0, ""13268"": 0.0, ""13274"": 0.0, ""13275"": 0.0, ""13279"": 0.0, ""13287"": 0.0, ""13293"": 0.0, ""13296"": 0.0, ""13298"": 0.0, ""13324"": 0.0, ""13346"": 0.0, ""13434"": 0.0, ""13477"": 0.0, ""1466"": 0.0, ""2216"": 0.0, ""2449"": 0.0, ""3163"": 0.0, ""3214"": 0.0, ""3634"": 0.0, ""4039"": 0.0, ""421"": 0.0, ""6130"": 0.0, ""7526"": 0.0, ""7611"": 0.0, ""8130"": 0.0, ""9224"": 0.0}","[0.0, 0.0, 0.0, 0.0, 0.0, 0.0, 0.0, 0.0, 0.0]"
2026-10-10T13:26:55+00:00,1366076769534251008,10,1,5,0.0,"[""11370"", ""11563"", ""11604"", ""11638"", ""1166"", ""12470"", ""12495"", ""12507"", ""12533"", ""12536"", ""13303"", ""13425"", ""2133"", ""3257"", ""3271"", ""4018"", ""4035"", ""4663"", ""5849"", ""6904"", ""7525"", ""7543"", ""7553"", ""8137"", ""8205"", ""8408"", ""8676"", ""9221"", ""9500"", ""9753""]","[""3257"", ""9221"", ""12495"", ""8137"", ""2133"", ""11604"", ""4035"", ""12507"", ""11563""]","{""11370"": 0.0, ""11563"": 0.0, ""11604"": 0.0, ""11638"": 0.0, ""1166"": 0.0, ""12470"": 0.0, ""12495"": 0.0, ""12507"": 0.0, ""12533"": 0.0, ""12536"": 0.0, ""13303"": 0.0, ""13425"": 0.0, ""2133"": 0.0, ""3257"": 0.0, ""3271"": 0.0, ""4018"": 0.0, ""4035"": 0.0, ""4663"": 0.0, ""5849"": 0.0, ""6904"": 0.0, ""7525"": 0.0, ""7543"": 0.0, ""7553"": 0.0, ""8137"": 0.0, ""8205"": 0.0, ""8408"": 0.0, ""8676"": 0.0, ""9221"": 0.0, ""9500"": 0.0, ""9753"": 0.0}","[0.0, 0.0, 0.0, 0.0, 0.0, 0.0, 0.0, 0.0, 0.0]"
2026-10-10T13:26:55+00:00,1366076769534251008,10,5,6,0.0,"[""10229"", ""10236"", ""11618"", ""11626"", ""11630"", ""11646"", ""12048"", ""12471"", ""12481"", ""12493"", ""12718"", ""13278"", ""13302"", ""13311"", ""13317"", ""13424"", ""1373"", ""4199"", ""5022"", ""6770"", ""6804"", ""6806"", ""7523"", ""7564"", ""8112"", ""8142"", ""8155"", ""9754""]","[""6770"", ""4199"", ""12481"", ""7564"", ""8112"", ""10236"", ""11630"", ""6806"", ""7523""]","{""10229"": 0.0, ""10236"": 0.0, ""11618"": 0.0, ""11626"": 0.0, ""11630"": 0.0, ""11646"": 0.0, ""12048"": 0.0, ""12471"": 0.0, ""12481"": 0.0, ""12493"": 0.0, ""12718"": 0.0, ""13278"": 0.0, ""13302"": 0.0, ""13311"": 0.0, ""13317"": 0.0, ""13424"": 0.0, ""1373"": 0.0, ""4199"": 0.0, ""5022"": 0.0, ""6770"": 0.0, ""6804"": 0.0, ""6806"": 0.0, ""7523"": 0.0, ""7564"": 0.0, ""8112"": 0.0, ""8142"": 0.0, ""8155"": 0.0, ""9754"": 0.0}","[0.0, 0.0, 0.0, 0.0, 0.0, 0.0, 0.0, 0.0, 0.0]"
2026-10-10T13:26:55+00:00,1366076769534251008,10,2,7,0.0,"[""10232"", ""11435"", ""11564"", ""11586"", ""11624"", ""11655"", ""11783"", ""12467"", ""12511"", ""12514"", ""13264"", ""13286"", ""13417"", ""13420"", ""13423"", ""4034"", ""4892"", ""4983"", ""5045"", ""5967"", ""6813"", ""6865"", ""7021"", ""8111"", ""8144"", ""8154"", ""8167"", ""9479"", ""9484"", ""9502"", ""96""]","[""11564"", ""6813"", ""4034"", ""8144"", ""8167"", ""9484"", ""10232"", ""11435"", ""96""]","{""10232"": 0.0, ""11435"": 0.0, ""11564"": 0.0, ""11586"": 0.0, ""11624"": 0.0, ""11655"": 0.0, ""11783"": 0.0, ""12467"": 0.0, ""12511"": 0.0, ""12514"": 0.0, ""13264"": 0.0, ""13286"": 0.0, ""13417"": 0.0, ""13420"": 0.0, ""13423"": 0.0, ""4034"": 0.0, ""4892"": 0.0, ""4983"": 0.0, ""5045"": 0.0, ""5967"": 0.0, ""6813"": 0.0, ""6865"": 0.0, ""7021"": 0.0, ""8111"": 0.0, ""8144"": 0.0, ""8154"": 0.0, ""8167"": 0.0, ""9479"": 0.0, ""9484"": 0.0, ""9502"": 0.0, ""96"": 0.0}","[0.0, 0.0, 0.0, 0.0, 0.0, 0.0, 0.0, 0.0, 0.0]"
2026-10-10T13:26:55+00:00,1366076769534251008,10,3,8,0.0,"[""6819"", ""13289"", ""5850"", ""13329"", ""7528"", ""4984"", ""6794"", ""8121"", ""8150"", ""11603"", ""4950"", ""13336"", ""12497"", ""13405"", ""12512"", ""4217"", ""11627"", ""13414"", ""4066"", ""3198"", ""12489"", ""12487"", ""9228"", ""12509"", ""12518"", ""5872"", ""9486"", ""12535"", ""5870"", ""13380"", ""8136"", ""8698"", ""6786""]","[""4984"", ""8150"", ""3198"", ""6786"", ""5872"", ""12518"", ""4217"", ""12509"", ""9228""]","{""11603"": 0.0, ""11627"": 0.0, ""12487"": 0.0, ""12489"": 0.0, ""12497"": 0.0, ""12509"": 0.0, ""12512"": 0.0, ""12518"": 0.0, ""12535"": 0.0, ""13289"": 0.0, ""13329"": 0.0, ""13336"": 0.0, ""13380"": 0.0, ""13405"": 0.0, ""13414"": 0.0, ""3198"": 0.0, ""4066"": 0.0, ""4217"": 0.0, ""4950"": 0.0, ""4984"": 0.0, ""5850"": 0.0, ""5870"": 0.0, ""5872"": 0.0, ""6786"": 0.0, ""6794"": 0.0, ""6819"": 0.0, ""7528"": 0.0, ""8121"": 0.0, ""8136"": 0.0, ""8150"": 0.0, ""8698"": 0.0, ""9228"": 0.0, ""9486"": 0.0}","[0.0, 0.0, 0.0, 0.0, 0.0, 0.0, 0.0, 0.0, 0.0]"
2026-10-10T13:26:55+00:00,1366076769534251008,10,4,9,0.0,"[""11559"", ""11597"", ""11625"", ""11628"", ""11834"", ""12476"", ""12485"", ""12490"", ""12498"", ""12504"", ""12506"", ""12530"", ""12541"", ""13269"", ""13281"", ""13294"", ""13345"", ""13404"", ""5892"", ""5947"", ""6768"", ""6797"", ""6801"", ""7002"", ""7567"", ""8126"", ""8132"", ""8138"", ""9229"", ""9494""]","[""6797"", ""8138"", ""7567"", ""11834"", ""6801"", ""12506"", ""5892"", ""11628"", ""6768""]","{""11559"": 0.0, ""11597"": 0.0, ""11625"": 0.0, ""11628"": 0.0, ""11834"": 0.0, ""12476"": 0.0, ""12485"": 0.0, ""12490"": 0.0, ""12498"": 0.0, ""12504"": 0.0, ""12506"": 0.0, ""12530"": 0.0, ""12541"": 0.0, ""13269"": 0.0, ""13281"": 0.0, ""13294"": 0.0, ""13345"": 0.0, ""13404"": 0.0, ""5892"": 0.0, ""5947"": 0.0, ""6768"": 0.0, ""6797"": 0.0, ""6801"": 0.0, ""7002"": 0.0, ""7567"": 0.0, ""8126"": 0.0, ""8132"": 0.0, ""8138"": 0.0, ""9229"": 0.0, ""9494"": 0.0}","[0.0, 0.0, 0.0, 0.0, 0.0, 0.0, 0.0, 0.0, 0.0]"
2026-10-10T13:26:55+00:00,1366076769534251008,10,3,10,0.0,"[""10213"", ""11565"", ""11576"", ""11635"", ""12469"", ""12499"", ""12524"", ""12527"", ""12529"", ""13276"", ""13319"", ""13330"", ""3321"", ""4033"", ""4046"", ""5001"", ""5846"", ""6803"", ""7591"", ""8148"", ""8183"", ""8228"", ""9480"", ""9488"", ""9508"", ""9756""]","[""8183"", ""12527"", ""8228"", ""9488"", ""5846"", ""5001"", ""12529"", ""8148"", ""11576""]","{""10213"": 0.0, ""11565"": 0.0, ""11576"": 0.0, ""11635"": 0.0, ""12469"": 0.0, ""12499"": 0.0, ""12524"": 0.0, ""12527"": 0.0, ""12529"": 0.0, ""13276"": 0.0, ""13319"": 0.0, ""13330"": 0.0, ""3321"": 0.0, ""4033"": 0.0, ""4046"": 0.0, ""5001"": 0.0, ""5846"": 0.0, ""6803"": 0.0, ""7591"": 0.0, ""8148"": 0.0, ""8183"": 0.0, ""8228"": 0.0, ""9480"": 0.0, ""9488"": 0.0, ""9508"": 0.0, ""9756"": 0.0}","[0.0, 0.0, 0.0, 0.0, 0.0, 0.0, 0.0, 0.0, 0.0]"
2026-10-10T13:26:55+00:00,1366076769534251008,11,5,1,0.0,"[""11566"", ""7527"", ""2505"", ""4017"", ""2307"", ""7594"", ""9997"", ""13288"", ""7600"", ""9757"", ""7571"", ""11583"", ""13337"", ""12526"", ""12492"", ""11581"", ""7547"", ""9226"", ""10219"", ""13353"", ""11577"", ""12474"", ""8146"", ""13272"", ""13349"", ""12519"", ""8110"", ""6790"", ""13421"", ""13282"", ""10222"", ""11610"", ""3294""]","[""3294"", ""6790"", ""11577"", ""7547"", ""12519"", ""7600"", ""8146"", ""9997"", ""11566""]","{""10219"": 0.0, ""10222"": 0.0, ""11566"": 0.0, ""11577"": 0.0, ""11581"": 0.0, ""11583"": 0.0, ""11610"": 0.0, ""12474"": 0.0, ""12492"": 0.0, ""12519"": 0.0, ""12526"": 0.0, ""13272"": 0.0, ""13282"": 0.0, ""13288"": 0.0, ""13337"": 0.0, ""13349"": 0.0, ""13353"": 0.0, ""13421"": 0.0, ""2307"": 0.0, ""2505"": 0.0, ""3294"": 0.0, ""4017"": 0.0, ""6790"": 0.0, ""7527"": 0.0, ""7547"": 0.0, ""7571"": 0.0, ""7594"": 0.0, ""7600"": 0.0, ""8110"": 0.0, ""8146"": 0.0, ""9226"": 0.0, ""9757"": 0.0, ""9997"": 0.0}","[0.0, 0.0, 0.0, 0.0, 0.0, 0.0, 0.0, 0.0, 0.0]"
2026-10-10T13:26:55+00:00,1366076769534251008,11,5,2,0.0,"[""11575"", ""12455"", ""12457"", ""12483"", ""12484"", ""12502"", ""12505"", ""12517"", ""12545"", ""13285"", ""13301"", ""13305"", ""13320"", ""13347"", ""13402"", ""4037"", ""4866"", ""4881"", ""4943"", ""4993"", ""5844"", ""5859"", ""5927"", ""7588"", ""8151"", ""9482"", ""9493"", ""9501"", ""9511""]","[""4943"", ""7588"", ""9511"", ""9493"", ""4037"", ""5844"", ""4993"", ""12517"", ""12545""]","{""11575"": 0.0, ""12455"": 0.0, ""12457"": 0.0, ""12483"": 0.0, ""12484"": 0.0, ""12502"": 0.0, ""12505"": 0.0, ""12517"": 0.0, ""12545"": 0.0, ""13285"": 0.0, ""13301"": 0.0, ""13305"": 0.0, ""13320"": 0.0, ""13347"": 0.0, ""13402"": 0.0, ""4037"": 0.0, ""4866"": 0.0, ""4881"": 0.0, ""4943"": 0.0, ""4993"": 0.0, ""5844"": 0.0, ""5859"": 0.0, ""5927"": 0.0, ""7588"": 0.0, ""8151"": 0.0, ""9482"": 0.0, ""9493"": 0.0, ""9501"": 0.0, ""9511"": 0.0}","[0.0, 0.0, 0.0, 0.0, 0.0, 0.0, 0.0, 0.0, 0.0]"
2026-10-10T13:26:55+00:00,1366076769534251008,11,1,3,0.0,"[""11584"", ""11589"", ""11600"", ""11620"", ""11631"", ""11632"", ""11643"", ""12500"", ""12501"", ""12508"", ""12510"", ""12522"", ""12534"", ""12547"", ""13333"", ""13348"", ""13403"", ""2306"", ""5012"", ""6783"", ""6826"", ""7569"", ""8131"", ""8134"", ""8161"", ""8210"", ""9225"", ""9487"", ""9509"", ""9758""]","[""9758"", ""9509"", ""11584"", ""7569"", ""9487"", ""8131"", ""12501"", ""11632"", ""12522""]","{""11584"": 0.0, ""11589"": 0.0, ""11600"": 0.0, ""11620"": 0.0, ""11631"": 0.0, ""11632"": 0.0, ""11643"": 0.0, ""12500"": 0.0, ""12501"": 0.0, ""12508"": 0.0, ""12510"": 0.0, ""12522"": 0.0, ""12534"": 0.0, ""12547"": 0.0, ""13333"": 0.0, ""13348"": 0.0, ""13403"": 0.0, ""2306"": 0.0, ""5012"": 0.0, ""6783"": 0.0, ""6826"": 0.0, ""7569"": 0.0, ""8131"": 0.0, ""8134"": 0.0, ""8161"": 0.0, ""8210"": 0.0, ""9225"": 0.0, ""9487"": 0.0, ""9509"": 0.0, ""9758"": 0.0}","[0.0, 0.0, 0.0, 0.0, 0.0, 0.0, 0.0, 0.0, 0.0]"
2026-10-10T13:26:55+00:00,1366076769534251008,11,1,4,0.0,"[""10859"", ""11237"", ""11560"", ""11637"", ""12472"", ""12521"", ""13268"", ""13274"", ""13275"", ""13279"", ""13287"", ""13293"", ""13296"", ""13298"", ""13324"", ""13346"", ""13434"", ""13477"", ""1466"", ""2216"", ""2449"", ""3163"", ""3214"", ""3634"", ""4039"", ""421"", ""6130"", ""7526"", ""7611"", ""8130"", ""9224""]","[""3163"", ""13287"", ""9224"", ""7526"", ""13279"", ""8130"", ""10859"", ""7611"", ""421""]","{""10859"": 0.0, ""11237"": 0.0, ""11560"": 0.0, ""11637"": 0.0, ""12472"": 0.0, ""12521"": 0.0, ""13268"": 0.0, ""13274"": 0.0, ""13275"": 0.0, ""13279"": 0.0, ""13287"": 0.0, ""13293"": 0.0, ""13296"": 0.0, ""13298"": 0.0, ""13324"": 0.0, ""13346"": 0.0, ""13434"": 0.0, ""13477"": 0.0, ""1466"": 0.0, ""2216"": 0.0, ""2449"": 0.0, ""3163"": 0.0, ""3214"": 0.0, ""3634"": 0.0, ""4039"": 0.0, ""421"": 0.0, ""6130"": 0.0, ""7526"": 0.0, ""7611"": 0.0, ""8130"": 0.0, ""9224"": 0.0}","[0.0, 0.0, 0.0, 0.0, 0.0, 0.0, 0.0, 0.0, 0.0]"
2026-10-10T13:26:55+00:00,1366076769534251008,11,2,5,0.0,"[""11370"", ""11563"", ""11604"", ""11638"", ""1166"", ""12470"", ""12495"", ""12507"", ""12533"", ""12536"", ""13303"", ""13425"", ""2133"", ""3257"", ""3271"", ""4018"", ""4035"", ""4663"", ""5849"", ""6904"", ""7525"", ""7543"", ""7553"", ""8137"", ""8205"", ""8408"", ""8676"", ""9221"", ""9500"", ""9753""]","[""3257"", ""9221"", ""12495"", ""8137"", ""2133"", ""11604"", ""4035"", ""12507"", ""11563""]","{""11370"": 0.0, ""11563"": 0.0, ""11604"": 0.0, ""11638"": 0.0, ""1166"": 0.0, ""12470"": 0.0, ""12495"": 0.0, ""12507"": 0.0, ""12533"": 0.0, ""12536"": 0.0, ""13303"": 0.0, ""13425"": 0.0, ""2133"": 0.0, ""3257"": 0.0, ""3271"": 0.0, ""4018"": 0.0, ""4035"": 0.0, ""4663"": 0.0, ""5849"": 0.0, ""6904"": 0.0, ""7525"": 0.0, ""7543"": 0.0, ""7553"": 0.0, ""8137"": 0.0, ""8205"": 0.0, ""8408"": 0.0, ""8676"": 0.0, ""9221"": 0.0, ""9500"": 0.0, ""9753"": 0.0}","[0.0, 0.0, 0.0, 0.0, 0.0, 0.0, 0.0, 0.0, 0.0]"
2026-10-10T13:26:55+00:00,1366076769534251008,11,4,6,0.0,"[""10229"", ""10236"", ""11618"", ""11626"", ""11630"", ""11646"", ""12048"", ""12471"", ""12481"", ""12493"", ""12718"", ""13278"", ""13302"", ""13311"", ""13317"", ""13424"", ""1373"", ""4199"", ""5022"", ""6770"", ""6804"", ""6806"", ""7523"", ""7564"", ""8112"", ""8142"", ""8155"", ""9754""]","[""6770"", ""4199"", ""12481"", ""7564"", ""8112"", ""10236"", ""11630"", ""6806"", ""7523""]","{""10229"": 0.0, ""10236"": 0.0, ""11618"": 0.0, ""11626"": 0.0, ""11630"": 0.0, ""11646"": 0.0, ""12048"": 0.0, ""12471"": 0.0, ""12481"": 0.0, ""12493"": 0.0, ""12718"": 0.0, ""13278"": 0.0, ""13302"": 0.0, ""13311"": 0.0, ""13317"": 0.0, ""13424"": 0.0, ""1373"": 0.0, ""4199"": 0.0, ""5022"": 0.0, ""6770"": 0.0, ""6804"": 0.0, ""6806"": 0.0, ""7523"": 0.0, ""7564"": 0.0, ""8112"": 0.0, ""8142"": 0.0, ""8155"": 0.0, ""9754"": 0.0}","[0.0, 0.0, 0.0, 0.0, 0.0, 0.0, 0.0, 0.0, 0.0]"
2026-10-10T13:26:55+00:00,1366076769534251008,11,3,7,0.0,"[""10232"", ""11435"", ""11564"", ""11586"", ""11624"", ""11655"", ""11783"", ""12467"", ""12511"", ""12514"", ""13264"", ""13286"", ""13417"", ""13420"", ""13423"", ""4034"", ""4892"", ""4983"", ""5045"", ""5967"", ""6813"", ""6865"", ""7021"", ""8111"", ""8144"", ""8154"", ""8167"", ""9479"", ""9484"", ""9502"", ""96""]","[""11564"", ""6813"", ""4034"", ""8144"", ""8167"", ""9484"", ""10232"", ""11435"", ""96""]","{""10232"": 0.0, ""11435"": 0.0, ""11564"": 0.0, ""11586"": 0.0, ""11624"": 0.0, ""11655"": 0.0, ""11783"": 0.0, ""12467"": 0.0, ""12511"": 0.0, ""12514"": 0.0, ""13264"": 0.0, ""13286"": 0.0, ""13417"": 0.0, ""13420"": 0.0, ""13423"": 0.0, ""4034"": 0.0, ""4892"": 0.0, ""4983"": 0.0, ""5045"": 0.0, ""5967"": 0.0, ""6813"": 0.0, ""6865"": 0.0, ""7021"": 0.0, ""8111"": 0.0, ""8144"": 0.0, ""8154"": 0.0, ""8167"": 0.0, ""9479"": 0.0, ""9484"": 0.0, ""9502"": 0.0, ""96"": 0.0}","[0.0, 0.0, 0.0, 0.0, 0.0, 0.0, 0.0, 0.0, 0.0]"
2026-10-10T13:26:55+00:00,1366076769534251008,11,4,8,0.0,"[""6819"", ""13289"", ""5850"", ""13329"", ""7528"", ""4984"", ""6794"", ""8121"", ""8150"", ""11603"", ""4950"", ""13336"", ""12497"", ""13405"", ""12512"", ""4217"", ""11627"", ""13414"", ""4066"", ""3198"", ""12489"", ""12487"", ""9228"", ""12509"", ""12518"", ""5872"", ""9486"", ""12535"", ""5870"", ""13380"", ""8136"", ""8698"", ""6786""]","[""4984"", ""8150"", ""3198"", ""6786"", ""5872"", ""12518"", ""4217"", ""12509"", ""9228""]","{""11603"": 0.0, ""11627"": 0.0, ""12487"": 0.0, ""12489"": 0.0, ""12497"": 0.0, ""12509"": 0.0, ""12512"": 0.0, ""12518"": 0.0, ""12535"": 0.0, ""13289"": 0.0, ""13329"": 0.0, ""13336"": 0.0, ""13380"": 0.0, ""13405"": 0.0, ""13414"": 0.0, ""3198"": 0.0, ""4066"": 0.0, ""4217"": 0.0, ""4950"": 0.0, ""4984"": 0.0, ""5850"": 0.0, ""5870"": 0.0, ""5872"": 0.0, ""6786"": 0.0, ""6794"": 0.0, ""6819"": 0.0, ""7528"": 0.0, ""8121"": 0.0, ""8136"": 0.0, ""8150"": 0.0, ""8698"": 0.0, ""9228"": 0.0, ""9486"": 0.0}","[0.0, 0.0, 0.0, 0.0, 0.0, 0.0, 0.0, 0.0, 0.0]"
2026-10-10T13:26:55+00:00,1366076769534251008,11,3,9,0.0,"[""11559"", ""11597"", ""11625"", ""11628"", ""11834"", ""12476"", ""12485"", ""12490"", ""12498"", ""12504"", ""12506"", ""12530"", ""12541"", ""13269"", ""13281"", ""13294"", ""13345"", ""13404"", ""5892"", ""5947"", ""6768"", ""6797"", ""6801"", ""7002"", ""7567"", ""8126"", ""8132"", ""8138"", ""9229"", ""9494""]","[""6797"", ""8138"", ""7567"", ""11834"", ""6801"", ""12506"", ""5892"", ""11628"", ""6768""]","{""11559"": 0.0, ""11597"": 0.0, ""11625"": 0.0, ""11628"": 0.0, ""11834"": 0.0, ""12476"": 0.0, ""12485"": 0.0, ""12490"": 0.0, ""12498"": 0.0, ""12504"": 0.0, ""12506"": 0.0, ""12530"": 0.0, ""12541"": 0.0, ""13269"": 0.0, ""13281"": 0.0, ""13294"": 0.0, ""13345"": 0.0, ""13404"": 0.0, ""5892"": 0.0, ""5947"": 0.0, ""6768"": 0.0, ""6797"": 0.0, ""6801"": 0.0, ""7002"": 0.0, ""7567"": 0.0, ""8126"": 0.0, ""8132"": 0.0, ""8138"": 0.0, ""9229"": 0.0, ""9494"": 0.0}","[0.0, 0.0, 0.0, 0.0, 0.0, 0.0, 0.0, 0.0, 0.0]"
2026-10-10T13:26:55+00:00,1366076769534251008,11,2,10,0.0,"[""10213"", ""11565"", ""11576"", ""11635"", ""12469"", ""12499"", ""12524"", ""12527"", ""12529"", ""13276"", ""13319"", ""13330"", ""3321"", ""4033"", ""4046"", ""5001"", ""5846"", ""6803"", ""7591"", ""8148"", ""8183"", ""8228"", ""9480"", ""9488"", ""9508"", ""9756""]","[""8183"", ""12527"", ""8228"", ""9488"", ""5846"", ""5001"", ""12529"", ""8148"", ""11576""]","{""10213"": 0.0, ""11565"": 0.0, ""11576"": 0.0, ""11635"": 0.0, ""12469"": 0.0, ""12499"": 0.0, ""12524"": 0.0, ""12527"": 0.0, ""12529"": 0.0, ""13276"": 0.0, ""13319"": 0.0, ""13330"": 0.0, ""3321"": 0.0, ""4033"": 0.0, ""4046"": 0.0, ""5001"": 0.0, ""5846"": 0.0, ""6803"": 0.0, ""7591"": 0.0, ""8148"": 0.0, ""8183"": 0.0, ""8228"": 0.0, ""9480"": 0.0, ""9488"": 0.0, ""9508"": 0.0, ""9756"": 0.0}","[0.0, 0.0, 0.0, 0.0, 0.0, 0.0, 0.0, 0.0, 0.0]"
2026-10-10T13:26:55+00:00,1366076769534251008,12,4,1,0.0,"[""11566"", ""7527"", ""2505"", ""4017"", ""2307"", ""7594"", ""9997"", ""13288"", ""7600"", ""9757"", ""7571"", ""11583"", ""13337"", ""12526"", ""12492"", ""11581"", ""7547"", ""9226"", ""10219"", ""13353"", ""11577"", ""12474"", ""8146"", ""13272"", ""13349"", ""12519"", ""8110"", ""6790"", ""13421"", ""13282"", ""10222"", ""11610"", ""3294""]","[""3294"", ""6790"", ""11577"", ""7547"", ""12519"", ""7600"", ""8146"", ""9997"", ""11566""]","{""10219"": 0.0, ""10222"": 0.0, ""11566"": 0.0, ""11577"": 0.0, ""11581"": 0.0, ""11583"": 0.0, ""11610"": 0.0, ""12474"": 0.0, ""12492"": 0.0, ""12519"": 0.0, ""12526"": 0.0, ""13272"": 0.0, ""13282"": 0.0, ""13288"": 0.0, ""13337"": 0.0, ""13349"": 0.0, ""13353"": 0.0, ""13421"": 0.0, ""2307"": 0.0, ""2505"": 0.0, ""3294"": 0.0, ""4017"": 0.0, ""6790"": 0.0, ""7527"": 0.0, ""7547"": 0.0, ""7571"": 0.0, ""7594"": 0.0, ""7600"": 0.0, ""8110"": 0.0, ""8146"": 0.0, ""9226"": 0.0, ""9757"": 0.0, ""9997"": 0.0}","[0.0, 0.0, 0.0, 0.0, 0.0, 0.0, 0.0, 0.0, 0.0]"
2026-10-10T13:26:55+00:00,1366076769534251008,12,5,2,0.0,"[""11575"", ""12455"", ""12457"", ""12483"", ""12484"", ""12502"", ""12505"", ""12517"", ""12545"", ""13285"", ""13301"", ""13305"", ""13320"", ""13347"", ""13402"", ""4037"", ""4866"", ""4881"", ""4943"", ""4993"", ""5844"", ""5859"", ""5927"", ""7588"", ""8151"", ""9482"", ""9493"", ""9501"", ""9511""]","[""4943"", ""7588"", ""9511"", ""9493"", ""4037"", ""5844"", ""4993"", ""12517"", ""12545""]","{""11575"": 0.0, ""12455"": 0.0, ""12457"": 0.0, ""12483"": 0.0, ""12484"": 0.0, ""12502"": 0.0, ""12505"": 0.0, ""12517"": 0.0, ""12545"": 0.0, ""13285"": 0.0, ""13301"": 0.0, ""13305"": 0.0, ""13320"": 0.0, ""13347"": 0.0, ""13402"": 0.0, ""4037"": 0.0, ""4866"": 0.0, ""4881"": 0.0, ""4943"": 0.0, ""4993"": 0.0, ""5844"": 0.0, ""5859"": 0.0, ""5927"": 0.0, ""7588"": 0.0, ""8151"": 0.0, ""9482"": 0.0, ""9493"": 0.0, ""9501"": 0.0, ""9511"": 0.0}","[0.0, 0.0, 0.0, 0.0, 0.0, 0.0, 0.0, 0.0, 0.0]"
2026-10-10T13:26:55+00:00,1366076769534251008,12,2,3,0.0,"[""11584"", ""11589"", ""11600"", ""11620"", ""11631"", ""11632"", ""11643"", ""12500"", ""12501"", ""12508"", ""12510"", ""12522"", ""12534"", ""12547"", ""13333"", ""13348"", ""13403"", ""2306"", ""5012"", ""6783"", ""6826"", ""7569"", ""8131"", ""8134"", ""8161"", ""8210"", ""9225"", ""9487"", ""9509"", ""9758""]","[""9758"", ""9509"", ""11584"", ""7569"", ""9487"", ""8131"", ""12501"", ""11632"", ""12522""]","{""11584"": 0.0, ""11589"": 0.0, ""11600"": 0.0, ""11620"": 0.0, ""11631"": 0.0, ""11632"": 0.0, ""11643"": 0.0, ""12500"": 0.0, ""12501"": 0.0, ""12508"": 0.0, ""12510"": 0.0, ""12522"": 0.0, ""12534"": 0.0, ""12547"": 0.0, ""13333"": 0.0, ""13348"": 0.0, ""13403"": 0.0, ""2306"": 0.0, ""5012"": 0.0, ""6783"": 0.0, ""6826"": 0.0, ""7569"": 0.0, ""8131"": 0.0, ""8134"": 0.0, ""8161"": 0.0, ""8210"": 0.0, ""9225"": 0.0, ""9487"": 0.0, ""9509"": 0.0, ""9758"": 0.0}","[0.0, 0.0, 0.0, 0.0, 0.0, 0.0, 0.0, 0.0, 0.0]"
2026-10-10T13:26:55+00:00,1366076769534251008,12,1,4,0.0,"[""10859"", ""11237"", ""11560"", ""11637"", ""12472"", ""12521"", ""13268"", ""13274"", ""13275"", ""13279"", ""13287"", ""13293"", ""13296"", ""13298"", ""13324"", ""13346"", ""13434"", ""13477"", ""1466"", ""2216"", ""2449"", ""3163"", ""3214"", ""3634"", ""4039"", ""421"", ""6130"", ""7526"", ""7611"", ""8130"", ""9224""]","[""3163"", ""13287"", ""9224"", ""7526"", ""13279"", ""8130"", ""10859"", ""7611"", ""421""]","{""10859"": 0.0, ""11237"": 0.0, ""11560"": 0.0, ""11637"": 0.0, ""12472"": 0.0, ""12521"": 0.0, ""13268"": 0.0, ""13274"": 0.0, ""13275"": 0.0, ""13279"": 0.0, ""13287"": 0.0, ""13293"": 0.0, ""13296"": 0.0, ""13298"": 0.0, ""13324"": 0.0, ""13346"": 0.0, ""13434"": 0.0, ""13477"": 0.0, ""1466"": 0.0, ""2216"": 0.0, ""2449"": 0.0, ""3163"": 0.0, ""3214"": 0.0, ""3634"": 0.0, ""4039"": 0.0, ""421"": 0.0, ""6130"": 0.0, ""7526"": 0.0, ""7611"": 0.0, ""8130"": 0.0, ""9224"": 0.0}","[0.0, 0.0, 0.0, 0.0, 0.0, 0.0, 0.0, 0.0, 0.0]"
2026-10-10T13:26:55+00:00,1366076769534251008,12,3,5,0.0,"[""11370"", ""11563"", ""11604"", ""11638"", ""1166"", ""12470"", ""12495"", ""12507"", ""12533"", ""12536"", ""13303"", ""13425"", ""2133"", ""3257"", ""3271"", ""4018"", ""4035"", ""4663"", ""5849"", ""6904"", ""7525"", ""7543"", ""7553"", ""8137"", ""8205"", ""8408"", ""8676"", ""9221"", ""9500"", ""9753""]","[""3257"", ""9221"", ""12495"", ""8137"", ""2133"", ""11604"", ""4035"", ""12507"", ""11563""]","{""11370"": 0.0, ""11563"": 0.0, ""11604"": 0.0, ""11638"": 0.0, ""1166"": 0.0, ""12470"": 0.0, ""12495"": 0.0, ""12507"": 0.0, ""12533"": 0.0, ""12536"": 0.0, ""13303"": 0.0, ""13425"": 0.0, ""2133"": 0.0, ""3257"": 0.0, ""3271"": 0.0, ""4018"": 0.0, ""4035"": 0.0, ""4663"": 0.0, ""5849"": 0.0, ""6904"": 0.0, ""7525"": 0.0, ""7543"": 0.0, ""7553"": 0.0, ""8137"": 0.0, ""8205"": 0.0, ""8408"": 0.0, ""8676"": 0.0, ""9221"": 0.0, ""9500"": 0.0, ""9753"": 0.0}","[0.0, 0.0, 0.0, 0.0, 0.0, 0.0, 0.0, 0.0, 0.0]"
2026-10-10T13:26:55+00:00,1366076769534251008,12,3,6,0.0,"[""10229"", ""10236"", ""11618"", ""11626"", ""11630"", ""11646"", ""12048"", ""12471"", ""12481"", ""12493"", ""12718"", ""13278"", ""13302"", ""13311"", ""13317"", ""13424"", ""1373"", ""4199"", ""5022"", ""6770"", ""6804"", ""6806"", ""7523"", ""7564"", ""8112"", ""8142"", ""8155"", ""9754""]","[""6770"", ""4199"", ""12481"", ""7564"", ""8112"", ""10236"", ""11630"", ""6806"", ""7523""]","{""10229"": 0.0, ""10236"": 0.0, ""11618"": 0.0, ""11626"": 0.0, ""11630"": 0.0, ""11646"": 0.0, ""12048"": 0.0, ""12471"": 0.0, ""12481"": 0.0, ""12493"": 0.0, ""12718"": 0.0, ""13278"": 0.0, ""13302"": 0.0, ""13311"": 0.0, ""13317"": 0.0, ""13424"": 0.0, ""1373"": 0.0, ""4199"": 0.0, ""5022"": 0.0, ""6770"": 0.0, ""6804"": 0.0, ""6806"": 0.0, ""7523"": 0.0, ""7564"": 0.0, ""8112"": 0.0, ""8142"": 0.0, ""8155"": 0.0, ""9754"": 0.0}","[0.0, 0.0, 0.0, 0.0, 0.0, 0.0, 0.0, 0.0, 0.0]"
2026-10-10T13:26:55+00:00,1366076769534251008,12,4,7,0.0,"[""10232"", ""11435"", ""11564"", ""11586"", ""11624"", ""11655"", ""11783"", ""12467"", ""12511"", ""12514"", ""13264"", ""13286"", ""13417"", ""13420"", ""13423"", ""4034"", ""4892"", ""4983"", ""5045"", ""5967"", ""6813"", ""6865"", ""7021"", ""8111"", ""8144"", ""8154"", ""8167"", ""9479"", ""9484"", ""9502"", ""96""]","[""11564"", ""6813"", ""4034"", ""8144"", ""8167"", ""9484"", ""10232"", ""11435"", ""96""]","{""10232"": 0.0, ""11435"": 0.0, ""11564"": 0.0, ""11586"": 0.0, ""11624"": 0.0, ""11655"": 0.0, ""11783"": 0.0, ""12467"": 0.0, ""12511"": 0.0, ""12514"": 0.0, ""13264"": 0.0, ""13286"": 0.0, ""13417"": 0.0, ""13420"": 0.0, ""13423"": 0.0, ""4034"": 0.0, ""4892"": 0.0, ""4983"": 0.0, ""5045"": 0.0, ""5967"": 0.0, ""6813"": 0.0, ""6865"": 0.0, ""7021"": 0.0, ""8111"": 0.0, ""8144"": 0.0, ""8154"": 0.0, ""8167"": 0.0, ""9479"": 0.0, ""9484"": 0.0, ""9502"": 0.0, ""96"": 0.0}","[0.0, 0.0, 0.0, 0.0, 0.0, 0.0, 0.0, 0.0, 0.0]"
2026-10-10T13:26:55+00:00,1366076769534251008,12,5,8,0.0,"[""6819"", ""13289"", ""5850"", ""13329"", ""7528"", ""4984"", ""6794"", ""8121"", ""8150"", ""11603"", ""4950"", ""13336"", ""12497"", ""13405"", ""12512"", ""4217"", ""11627"", ""13414"", ""4066"", ""3198"", ""12489"", ""12487"", ""9228"", ""12509"", ""12518"", ""5872"", ""9486"", ""12535"", ""5870"", ""13380"", ""8136"", ""8698"", ""6786""]","[""4984"", ""8150"", ""3198"", ""6786"", ""5872"", ""12518"", ""4217"", ""12509"", ""9228""]","{""11603"": 0.0, ""11627"": 0.0, ""12487"": 0.0, ""12489"": 0.0, ""12497"": 0.0, ""12509"": 0.0, ""12512"": 0.0, ""12518"": 0.0, ""12535"": 0.0, ""13289"": 0.0, ""13329"": 0.0, ""13336"": 0.0, ""13380"": 0.0, ""13405"": 0.0, ""13414"": 0.0, ""3198"": 0.0, ""4066"": 0.0, ""4217"": 0.0, ""4950"": 0.0, ""4984"": 0.0, ""5850"": 0.0, ""5870"": 0.0, ""5872"": 0.0, ""6786"": 0.0, ""6794"": 0.0, ""6819"": 0.0, ""7528"": 0.0, ""8121"": 0.0, ""8136"": 0.0, ""8150"": 0.0, ""8698"": 0.0, ""9228"": 0.0, ""9486"": 0.0}","[0.0, 0.0, 0.0, 0.0, 0.0, 0.0, 0.0, 0.0, 0.0]"
2026-10-10T13:26:55+00:00,1366076769534251008,12,2,9,0.0,"[""11559"", ""11597"", ""11625"", ""11628"", ""11834"", ""12476"", ""12485"", ""12490"", ""12498"", ""12504"", ""12506"", ""12530"", ""12541"", ""13269"", ""13281"", ""13294"", ""13345"", ""13404"", ""5892"", ""5947"", ""6768"", ""6797"", ""6801"", ""7002"", ""7567"", ""8126"", ""8132"", ""8138"", ""9229"", ""9494""]","[""6797"", ""8138"", ""7567"", ""11834"", ""6801"", ""12506"", ""5892"", ""11628"", ""6768""]","{""11559"": 0.0, ""11597"": 0.0, ""11625"": 0.0, ""11628"": 0.0, ""11834"": 0.0, ""12476"": 0.0, ""12485"": 0.0, ""12490"": 0.0, ""12498"": 0.0, ""12504"": 0.0, ""12506"": 0.0, ""12530"": 0.0, ""12541"": 0.0, ""13269"": 0.0, ""13281"": 0.0, ""13294"": 0.0, ""13345"": 0.0, ""13404"": 0.0, ""5892"": 0.0, ""5947"": 0.0, ""6768"": 0.0, ""6797"": 0.0, ""6801"": 0.0, ""7002"": 0.0, ""7567"": 0.0, ""8126"": 0.0, ""8132"": 0.0, ""8138"": 0.0, ""9229"": 0.0, ""9494"": 0.0}","[0.0, 0.0, 0.0, 0.0, 0.0, 0.0, 0.0, 0.0, 0.0]"
2026-10-10T13:26:55+00:00,1366076769534251008,12,1,10,0.0,"[""10213"", ""11565"", ""11576"", ""11635"", ""12469"", ""12499"", ""12524"", ""12527"", ""12529"", ""13276"", ""13319"", ""13330"", ""3321"", ""4033"", ""4046"", ""5001"", ""5846"", ""6803"", ""7591"", ""8148"", ""8183"", ""8228"", ""9480"", ""9488"", ""9508"", ""9756""]","[""8183"", ""12527"", ""8228"", ""9488"", ""5846"", ""5001"", ""12529"", ""8148"", ""11576""]","{""10213"": 0.0, ""11565"": 0.0, ""11576"": 0.0, ""11635"": 0.0, ""12469"": 0.0, ""12499"": 0.0, ""12524"": 0.0, ""12527"": 0.0, ""12529"": 0.0, ""13276"": 0.0, ""13319"": 0.0, ""13330"": 0.0, ""3321"": 0.0, ""4033"": 0.0, ""4046"": 0.0, ""5001"": 0.0, ""5846"": 0.0, ""6803"": 0.0, ""7591"": 0.0, ""8148"": 0.0, ""8183"": 0.0, ""8228"": 0.0, ""9480"": 0.0, ""9488"": 0.0, ""9508"": 0.0, ""9756"": 0.0}","[0.0, 0.0, 0.0, 0.0, 0.0, 0.0, 0.0, 0.0, 0.0]"
2026-10-10T13:26:55+00:00,1366076769534251008,13,3,1,0.0,"[""11566"", ""7527"", ""2505"", ""4017"", ""2307"", ""7594"", ""9997"", ""13288"", ""7600"", ""9757"", ""7571"", ""11583"", ""13337"", ""12526"", ""12492"", ""11581"", ""7547"", ""9226"", ""10219"", ""13353"", ""11577"", ""12474"", ""8146"", ""13272"", ""13349"", ""12519"", ""8110"", ""6790"", ""13421"", ""13282"", ""10222"", ""11610"", ""3294""]","[""3294"", ""6790"", ""11577"", ""7547"", ""12519"", ""7600"", ""8146"", ""9997"", ""11566""]","{""10219"": 0.0, ""10222"": 0.0, ""11566"": 0.0, ""11577"": 0.0, ""11581"": 0.0, ""11583"": 0.0, ""11610"": 0.0, ""12474"": 0.0, ""12492"": 0.0, ""12519"": 0.0, ""12526"": 0.0, ""13272"": 0.0, ""13282"": 0.0, ""13288"": 0.0, ""13337"": 0.0, ""13349"": 0.0, ""13353"": 0.0, ""13421"": 0.0, ""2307"": 0.0, ""2505"": 0.0, ""3294"": 0.0, ""4017"": 0.0, ""6790"": 0.0, ""7527"": 0.0, ""7547"": 0.0, ""7571"": 0.0, ""7594"": 0.0, ""7600"": 0.0, ""8110"": 0.0, ""8146"": 0.0, ""9226"": 0.0, ""9757"": 0.0, ""9997"": 0.0}","[0.0, 0.0, 0.0, 0.0, 0.0, 0.0, 0.0, 0.0, 0.0]"
2026-10-10T13:26:55+00:00,1366076769534251008,13,4,2,0.0,"[""11575"", ""12455"", ""12457"", ""12483"", ""12484"", ""12502"", ""12505"", ""12517"", ""12545"", ""13285"", ""13301"", ""13305"", ""13320"", ""13347"", ""13402"", ""4037"", ""4866"", ""4881"", ""4943"", ""4993"", ""5844"", ""5859"", ""5927"", ""7588"", ""8151"", ""9482"", ""9493"", ""9501"", ""9511""]","[""4943"", ""7588"", ""9511"", ""9493"", ""4037"", ""5844"", ""4993"", ""12517"", ""12545""]","{""11575"": 0.0, ""12455"": 0.0, ""12457"": 0.0, ""12483"": 0.0, ""12484"": 0.0, ""12502"": 0.0, ""12505"": 0.0, ""12517"": 0.0, ""12545"": 0.0, ""13285"": 0.0, ""13301"": 0.0, ""13305"": 0.0, ""13320"": 0.0, ""13347"": 0.0, ""13402"": 0.0, ""4037"": 0.0, ""4866"": 0.0, ""4881"": 0.0, ""4943"": 0.0, ""4993"": 0.0, ""5844"": 0.0, ""5859"": 0.0, ""5927"": 0.0, ""7588"": 0.0, ""8151"": 0.0, ""9482"": 0.0, ""9493"": 0.0, ""9501"": 0.0, ""9511"": 0.0}","[0.0, 0.0, 0.0, 0.0, 0.0, 0.0, 0.0, 0.0, 0.0]"
2026-10-10T13:26:55+00:00,1366076769534251008,13,3,3,0.0,"[""11584"", ""11589"", ""11600"", ""11620"", ""11631"", ""11632"", ""11643"", ""12500"", ""12501"", ""12508"", ""12510"", ""12522"", ""12534"", ""12547"", ""13333"", ""13348"", ""13403"", ""2306"", ""5012"", ""6783"", ""6826"", ""7569"", ""8131"", ""8134"", ""8161"", ""8210"", ""9225"", ""9487"", ""9509"", ""9758""]","[""9758"", ""9509"", ""11584"", ""7569"", ""9487"", ""8131"", ""12501"", ""11632"", ""12522""]","{""11584"": 0.0, ""11589"": 0.0, ""11600"": 0.0, ""11620"": 0.0, ""11631"": 0.0, ""11632"": 0.0, ""11643"": 0.0, ""12500"": 0.0, ""12501"": 0.0, ""12508"": 0.0, ""12510"": 0.0, ""12522"": 0.0, ""12534"": 0.0, ""12547"": 0.0, ""13333"": 0.0, ""13348"": 0.0, ""13403"": 0.0, ""2306"": 0.0, ""5012"": 0.0, ""6783"": 0.0, ""6826"": 0.0, ""7569"": 0.0, ""8131"": 0.0, ""8134"": 0.0, ""8161"": 0.0, ""8210"": 0.0, ""9225"": 0.0, ""9487"": 0.0, ""9509"": 0.0, ""9758"": 0.0}","[0.0, 0.0, 0.0, 0.0, 0.0, 0.0, 0.0, 0.0, 0.0]"
2026-10-10T13:26:55+00:00,1366076769534251008,13,1,4,0.0,"[""10859"", ""11237"", ""11560"", ""11637"", ""12472"", ""12521"", ""13268"", ""13274"", ""13275"", ""13279"", ""13287"", ""13293"", ""13296"", ""13298"", ""13324"", ""13346"", ""13434"", ""13477"", ""1466"", ""2216"", ""2449"", ""3163"", ""3214"", ""3634"", ""4039"", ""421"", ""6130"", ""7526"", ""7611"", ""8130"", ""9224""]","[""3163"", ""13287"", ""9224"", ""7526"", ""13279"", ""8130"", ""10859"", ""7611"", ""421""]","{""10859"": 0.0, ""11237"": 0.0, ""11560"": 0.0, ""11637"": 0.0, ""12472"": 0.0, ""12521"": 0.0, ""13268"": 0.0, ""13274"": 0.0, ""13275"": 0.0, ""13279"": 0.0, ""13287"": 0.0, ""13293"": 0.0, ""13296"": 0.0, ""13298"": 0.0, ""13324"": 0.0, ""13346"": 0.0, ""13434"": 0.0, ""13477"": 0.0, ""1466"": 0.0, ""2216"": 0.0, ""2449"": 0.0, ""3163"": 0.0, ""3214"": 0.0, ""3634"": 0.0, ""4039"": 0.0, ""421"": 0.0, ""6130"": 0.0, ""7526"": 0.0, ""7611"": 0.0, ""8130"": 0.0, ""9224"": 0.0}","[0.0, 0.0, 0.0, 0.0, 0.0, 0.0, 0.0, 0.0, 0.0]"
2026-10-10T13:26:55+00:00,1366076769534251008,13,4,5,0.0,"[""11370"", ""11563"", ""11604"", ""11638"", ""1166"", ""12470"", ""12495"", ""12507"", ""12533"", ""12536"", ""13303"", ""13425"", ""2133"", ""3257"", ""3271"", ""4018"", ""4035"", ""4663"", ""5849"", ""6904"", ""7525"", ""7543"", ""7553"", ""8137"", ""8205"", ""8408"", ""8676"", ""9221"", ""9500"", ""9753""]","[""3257"", ""9221"", ""12495"", ""8137"", ""2133"", ""11604"", ""4035"", ""12507"", ""11563""]","{""11370"": 0.0, ""11563"": 0.0, ""11604"": 0.0, ""11638"": 0.0, ""1166"": 0.0, ""12470"": 0.0, ""12495"": 0.0, ""12507"": 0.0, ""12533"": 0.0, ""12536"": 0.0, ""13303"": 0.0, ""13425"": 0.0, ""2133"": 0.0, ""3257"": 0.0, ""3271"": 0.0, ""4018"": 0.0, ""4035"": 0.0, ""4663"": 0.0, ""5849"": 0.0, ""6904"": 0.0, ""7525"": 0.0, ""7543"": 0.0, ""7553"": 0.0, ""8137"": 0.0, ""8205"": 0.0, ""8408"": 0.0, ""8676"": 0.0, ""9221"": 0.0, ""9500"": 0.0, ""9753"": 0.0}","[0.0, 0.0, 0.0, 0.0, 0.0, 0.0, 0.0, 0.0, 0.0]"
2026-10-10T13:26:55+00:00,1366076769534251008,13,2,6,0.0,"[""10229"", ""10236"", ""11618"", ""11626"", ""11630"", ""11646"", ""12048"", ""12471"", ""12481"", ""12493"", ""12718"", ""13278"", ""13302"", ""13311"", ""13317"", ""13424"", ""1373"", ""4199"", ""5022"", ""6770"", ""6804"", ""6806"", ""7523"", ""7564"", ""8112"", ""8142"", ""8155"", ""9754""]","[""6770"", ""4199"", ""12481"", ""7564"", ""8112"", ""10236"", ""11630"", ""6806"", ""7523""]","{""10229"": 0.0, ""10236"": 0.0, ""11618"": 0.0, ""11626"": 0.0, ""11630"": 0.0, ""11646"": 0.0, ""12048"": 0.0, ""12471"": 0.0, ""12481"": 0.0, ""12493"": 0.0, ""12718"": 0.0, ""13278"": 0.0, ""13302"": 0.0, ""13311"": 0.0, ""13317"": 0.0, ""13424"": 0.0, ""1373"": 0.0, ""4199"": 0.0, ""5022"": 0.0, ""6770"": 0.0, ""6804"": 0.0, ""6806"": 0.0, ""7523"": 0.0, ""7564"": 0.0, ""8112"": 0.0, ""8142"": 0.0, ""8155"": 0.0, ""9754"": 0.0}","[0.0, 0.0, 0.0, 0.0, 0.0, 0.0, 0.0, 0.0, 0.0]"
2026-10-10T13:26:55+00:00,1366076769534251008,13,5,7,0.0,"[""10232"", ""11435"", ""11564"", ""11586"", ""11624"", ""11655"", ""11783"", ""12467"", ""12511"", ""12514"", ""13264"", ""13286"", ""13417"", ""13420"", ""13423"", ""4034"", ""4892"", ""4983"", ""5045"", ""5967"", ""6813"", ""6865"", ""7021"", ""8111"", ""8144"", ""8154"", ""8167"", ""9479"", ""9484"", ""9502"", ""96""]","[""11564"", ""6813"", ""4034"", ""8144"", ""8167"", ""9484"", ""10232"", ""11435"", ""96""]","{""10232"": 0.0, ""11435"": 0.0, ""11564"": 0.0, ""11586"": 0.0, ""11624"": 0.0, ""11655"": 0.0, ""11783"": 0.0, ""12467"": 0.0, ""12511"": 0.0, ""12514"": 0.0, ""13264"": 0.0, ""13286"": 0.0, ""13417"": 0.0, ""13420"": 0.0, ""13423"": 0.0, ""4034"": 0.0, ""4892"": 0.0, ""4983"": 0.0, ""5045"": 0.0, ""5967"": 0.0, ""6813"": 0.0, ""6865"": 0.0, ""7021"": 0.0, ""8111"": 0.0, ""8144"": 0.0, ""8154"": 0.0, ""8167"": 0.0, ""9479"": 0.0, ""9484"": 0.0, ""9502"": 0.0, ""96"": 0.0}","[0.0, 0.0, 0.0, 0.0, 0.0, 0.0, 0.0, 0.0, 0.0]"
2026-10-10T13:26:55+00:00,1366076769534251008,13,5,8,0.0,"[""6819"", ""13289"", ""5850"", ""13329"", ""7528"", ""4984"", ""6794"", ""8121"", ""8150"", ""11603"", ""4950"", ""13336"", ""12497"", ""13405"", ""12512"", ""4217"", ""11627"", ""13414"", ""4066"", ""3198"", ""12489"", ""12487"", ""9228"", ""12509"", ""12518"", ""5872"", ""9486"", ""12535"", ""5870"", ""13380"", ""8136"", ""8698"", ""6786""]","[""4984"", ""8150"", ""3198"", ""6786"", ""5872"", ""12518"", ""4217"", ""12509"", ""9228""]","{""11603"": 0.0, ""11627"": 0.0, ""12487"": 0.0, ""12489"": 0.0, ""12497"": 0.0, ""12509"": 0.0, ""12512"": 0.0, ""12518"": 0.0, ""12535"": 0.0, ""13289"": 0.0, ""13329"": 0.0, ""13336"": 0.0, ""13380"": 0.0, ""13405"": 0.0, ""13414"": 0.0, ""3198"": 0.0, ""4066"": 0.0, ""4217"": 0.0, ""4950"": 0.0, ""4984"": 0.0, ""5850"": 0.0, ""5870"": 0.0, ""5872"": 0.0, ""6786"": 0.0, ""6794"": 0.0, ""6819"": 0.0, ""7528"": 0.0, ""8121"": 0.0, ""8136"": 0.0, ""8150"": 0.0, ""8698"": 0.0, ""9228"": 0.0, ""9486"": 0.0}","[0.0, 0.0, 0.0, 0.0, 0.0, 0.0, 0.0, 0.0, 0.0]"
2026-10-10T13:26:55+00:00,1366076769534251008,13,1,9,0.0,"[""11559"", ""11597"", ""11625"", ""11628"", ""11834"", ""12476"", ""12485"", ""12490"", ""12498"", ""12504"", ""12506"", ""12530"", ""12541"", ""13269"", ""13281"", ""13294"", ""13345"", ""13404"", ""5892"", ""5947"", ""6768"", ""6797"", ""6801"", ""7002"", ""7567"", ""8126"", ""8132"", ""8138"", ""9229"", ""9494""]","[""6797"", ""8138"", ""7567"", ""11834"", ""6801"", ""12506"", ""5892"", ""11628"", ""6768""]","{""11559"": 0.0, ""11597"": 0.0, ""11625"": 0.0, ""11628"": 0.0, ""11834"": 0.0, ""12476"": 0.0, ""12485"": 0.0, ""12490"": 0.0, ""12498"": 0.0, ""12504"": 0.0, ""12506"": 0.0, ""12530"": 0.0, ""12541"": 0.0, ""13269"": 0.0, ""13281"": 0.0, ""13294"": 0.0, ""13345"": 0.0, ""13404"": 0.0, ""5892"": 0.0, ""5947"": 0.0, ""6768"": 0.0, ""6797"": 0.0, ""6801"": 0.0, ""7002"": 0.0, ""7567"": 0.0, ""8126"": 0.0, ""8132"": 0.0, ""8138"": 0.0, ""9229"": 0.0, ""9494"": 0.0}","[0.0, 0.0, 0.0, 0.0, 0.0, 0.0, 0.0, 0.0, 0.0]"
2026-10-10T13:26:55+00:00,1366076769534251008,13,2,10,0.0,"[""10213"", ""11565"", ""11576"", ""11635"", ""12469"", ""12499"", ""12524"", ""12527"", ""12529"", ""13276"", ""13319"", ""13330"", ""3321"", ""4033"", ""4046"", ""5001"", ""5846"", ""6803"", ""7591"", ""8148"", ""8183"", ""8228"", ""9480"", ""9488"", ""9508"", ""9756""]","[""8183"", ""12527"", ""8228"", ""9488"", ""5846"", ""5001"", ""12529"", ""8148"", ""11576""]","{""10213"": 0.0, ""11565"": 0.0, ""11576"": 0.0, ""11635"": 0.0, ""12469"": 0.0, ""12499"": 0.0, ""12524"": 0.0, ""12527"": 0.0, ""12529"": 0.0, ""13276"": 0.0, ""13319"": 0.0, ""13330"": 0.0, ""3321"": 0.0, ""4033"": 0.0, ""4046"": 0.0, ""5001"": 0.0, ""5846"": 0.0, ""6803"": 0.0, ""7591"": 0.0, ""8148"": 0.0, ""8183"": 0.0, ""8228"": 0.0, ""9480"": 0.0, ""9488"": 0.0, ""9508"": 0.0, ""9756"": 0.0}","[0.0, 0.0, 0.0, 0.0, 0.0, 0.0, 0.0, 0.0, 0.0]"
2026-10-10T13:26:55+00:00,1366076769534251008,14,2,1,0.0,"[""11566"", ""7527"", ""2505"", ""4017"", ""2307"", ""7594"", ""9997"", ""13288"", ""7600"", ""9757"", ""7571"", ""11583"", ""13337"", ""12526"", ""12492"", ""11581"", ""7547"", ""9226"", ""10219"", ""13353"", ""11577"", ""12474"", ""8146"", ""13272"", ""13349"", ""12519"", ""8110"", ""6790"", ""13421"", ""13282"", ""10222"", ""11610"", ""3294""]","[""3294"", ""6790"", ""11577"", ""7547"", ""12519"", ""7600"", ""8146"", ""9997"", ""11566""]","{""10219"": 0.0, ""10222"": 0.0, ""11566"": 0.0, ""11577"": 0.0, ""11581"": 0.0, ""11583"": 0.0, ""11610"": 0.0, ""12474"": 0.0, ""12492"": 0.0, ""12519"": 0.0, ""12526"": 0.0, ""13272"": 0.0, ""13282"": 0.0, ""13288"": 0.0, ""13337"": 0.0, ""13349"": 0.0, ""13353"": 0.0, ""13421"": 0.0, ""2307"": 0.0, ""2505"": 0.0, ""3294"": 0.0, ""4017"": 0.0, ""6790"": 0.0, ""7527"": 0.0, ""7547"": 0.0, ""7571"": 0.0, ""7594"": 0.0, ""7600"": 0.0, ""8110"": 0.0, ""8146"": 0.0, ""9226"": 0.0, ""9757"": 0.0, ""9997"": 0.0}","[0.0, 0.0, 0.0, 0.0, 0.0, 0.0, 0.0, 0.0, 0.0]"
2026-10-10T13:26:55+00:00,1366076769534251008,14,3,2,0.0,"[""11575"", ""12455"", ""12457"", ""12483"", ""12484"", ""12502"", ""12505"", ""12517"", ""12545"", ""13285"", ""13301"", ""13305"", ""13320"", ""13347"", ""13402"", ""4037"", ""4866"", ""4881"", ""4943"", ""4993"", ""5844"", ""5859"", ""5927"", ""7588"", ""8151"", ""9482"", ""9493"", ""9501"", ""9511""]","[""4943"", ""7588"", ""9511"", ""9493"", ""4037"", ""5844"", ""4993"", ""12517"", ""12545""]","{""11575"": 0.0, ""12455"": 0.0, ""12457"": 0.0, ""12483"": 0.0, ""12484"": 0.0, ""12502"": 0.0, ""12505"": 0.0, ""12517"": 0.0, ""12545"": 0.0, ""13285"": 0.0, ""13301"": 0.0, ""13305"": 0.0, ""13320"": 0.0, ""13347"": 0.0, ""13402"": 0.0, ""4037"": 0.0, ""4866"": 0.0, ""4881"": 0.0, ""4943"": 0.0, ""4993"": 0.0, ""5844"": 0.0, ""5859"": 0.0, ""5927"": 0.0, ""7588"": 0.0, ""8151"": 0.0, ""9482"": 0.0, ""9493"": 0.0, ""9501"": 0.0, ""9511"": 0.0}","[0.0, 0.0, 0.0, 0.0, 0.0, 0.0, 0.0, 0.0, 0.0]"
2026-10-10T13:26:55+00:00,1366076769534251008,14,4,3,0.0,"[""11584"", ""11589"", ""11600"", ""11620"", ""11631"", ""11632"", ""11643"", ""12500"", ""12501"", ""12508"", ""12510"", ""12522"", ""12534"", ""12547"", ""13333"", ""13348"", ""13403"", ""2306"", ""5012"", ""6783"", ""6826"", ""7569"", ""8131"", ""8134"", ""8161"", ""8210"", ""9225"", ""9487"", ""9509"", ""9758""]","[""9758"", ""9509"", ""11584"", ""7569"", ""9487"", ""8131"", ""12501"", ""11632"", ""12522""]","{""11584"": 0.0, ""11589"": 0.0, ""11600"": 0.0, ""11620"": 0.0, ""11631"": 0.0, ""11632"": 0.0, ""11643"": 0.0, ""12500"": 0.0, ""12501"": 0.0, ""12508"": 0.0, ""12510"": 0.0, ""12522"": 0.0, ""12534"": 0.0, ""12547"": 0.0, ""13333"": 0.0, ""13348"": 0.0, ""13403"": 0.0, ""2306"": 0.0, ""5012"": 0.0, ""6783"": 0.0, ""6826"": 0.0, ""7569"": 0.0, ""8131"": 0.0, ""8134"": 0.0, ""8161"": 0.0, ""8210"": 0.0, ""9225"": 0.0, ""9487"": 0.0, ""9509"": 0.0, ""9758"": 0.0}","[0.0, 0.0, 0.0, 0.0, 0.0, 0.0, 0.0, 0.0, 0.0]"
2026-10-10T13:26:55+00:00,1366076769534251008,14,1,4,0.0,"[""10859"", ""11237"", ""11560"", ""11637"", ""12472"", ""12521"", ""13268"", ""13274"", ""13275"", ""13279"", ""13287"", ""13293"", ""13296"", ""13298"", ""13324"", ""13346"", ""13434"", ""13477"", ""1466"", ""2216"", ""2449"", ""3163"", ""3214"", ""3634"", ""4039"", ""421"", ""6130"", ""7526"", ""7611"", ""8130"", ""9224""]","[""3163"", ""13287"", ""9224"", ""7526"", ""13279"", ""8130"", ""10859"", ""7611"", ""421""]","{""10859"": 0.0, ""11237"": 0.0, ""11560"": 0.0, ""11637"": 0.0, ""12472"": 0.0, ""12521"": 0.0, ""13268"": 0.0, ""13274"": 0.0, ""13275"": 0.0, ""13279"": 0.0, ""13287"": 0.0, ""13293"": 0.0, ""13296"": 0.0, ""13298"": 0.0, ""13324"": 0.0, ""13346"": 0.0, ""13434"": 0.0, ""13477"": 0.0, ""1466"": 0.0, ""2216"": 0.0, ""2449"": 0.0, ""3163"": 0.0, ""3214"": 0.0, ""3634"": 0.0, ""4039"": 0.0, ""421"": 0.0, ""6130"": 0.0, ""7526"": 0.0, ""7611"": 0.0, ""8130"": 0.0, ""9224"": 0.0}","[0.0, 0.0, 0.0, 0.0, 0.0, 0.0, 0.0, 0.0, 0.0]"
2026-10-10T13:26:55+00:00,1366076769534251008,14,5,5,0.0,"[""11370"", ""11563"", ""11604"", ""11638"", ""1166"", ""12470"", ""12495"", ""12507"", ""12533"", ""12536"", ""13303"", ""13425"", ""2133"", ""3257"", ""3271"", ""4018"", ""4035"", ""4663"", ""5849"", ""6904"", ""7525"", ""7543"", ""7553"", ""8137"", ""8205"", ""8408"", ""8676"", ""9221"", ""9500"", ""9753""]","[""3257"", ""9221"", ""12495"", ""8137"", ""2133"", ""11604"", ""4035"", ""12507"", ""11563""]","{""11370"": 0.0, ""11563"": 0.0, ""11604"": 0.0, ""11638"": 0.0, ""1166"": 0.0, ""12470"": 0.0, ""12495"": 0.0, ""12507"": 0.0, ""12533"": 0.0, ""12536"": 0.0, ""13303"": 0.0, ""13425"": 0.0, ""2133"": 0.0, ""3257"": 0.0, ""3271"": 0.0, ""4018"": 0.0, ""4035"": 0.0, ""4663"": 0.0, ""5849"": 0.0, ""6904"": 0.0, ""7525"": 0.0, ""7543"": 0.0, ""7553"": 0.0, ""8137"": 0.0, ""8205"": 0.0, ""8408"": 0.0, ""8676"": 0.0, ""9221"": 0.0, ""9500"": 0.0, ""9753"": 0.0}","[0.0, 0.0, 0.0, 0.0, 0.0, 0.0, 0.0, 0.0, 0.0]"
2026-10-10T13:26:55+00:00,1366076769534251008,14,1,6,0.0,"[""10229"", ""10236"", ""11618"", ""11626"", ""11630"", ""11646"", ""12048"", ""12471"", ""12481"", ""12493"", ""12718"", ""13278"", ""13302"", ""13311"", ""13317"", ""13424"", ""1373"", ""4199"", ""5022"", ""6770"", ""6804"", ""6806"", ""7523"", ""7564"", ""8112"", ""8142"", ""8155"", ""9754""]","[""6770"", ""4199"", ""12481"", ""7564"", ""8112"", ""10236"", ""11630"", ""6806"", ""7523""]","{""10229"": 0.0, ""10236"": 0.0, ""11618"": 0.0, ""11626"": 0.0, ""11630"": 0.0, ""11646"": 0.0, ""12048"": 0.0, ""12471"": 0.0, ""12481"": 0.0, ""12493"": 0.0, ""12718"": 0.0, ""13278"": 0.0, ""13302"": 0.0, ""13311"": 0.0, ""13317"": 0.0, ""13424"": 0.0, ""1373"": 0.0, ""4199"": 0.0, ""5022"": 0.0, ""6770"": 0.0, ""6804"": 0.0, ""6806"": 0.0, ""7523"": 0.0, ""7564"": 0.0, ""8112"": 0.0, ""8142"": 0.0, ""8155"": 0.0, ""9754"": 0.0}","[0.0, 0.0, 0.0, 0.0, 0.0, 0.0, 0.0, 0.0, 0.0]"
2026-10-10T13:26:55+00:00,1366076769534251008,14,5,7,0.0,"[""10232"", ""11435"", ""11564"", ""11586"", ""11624"", ""11655"", ""11783"", ""12467"", ""12511"", ""12514"", ""13264"", ""13286"", ""13417"", ""13420"", ""13423"", ""4034"", ""4892"", ""4983"", ""5045"", ""5967"", ""6813"", ""6865"", ""7021"", ""8111"", ""8144"", ""8154"", ""8167"", ""9479"", ""9484"", ""9502"", ""96""]","[""11564"", ""6813"", ""4034"", ""8144"", ""8167"", ""9484"", ""10232"", ""11435"", ""96""]","{""10232"": 0.0, ""11435"": 0.0, ""11564"": 0.0, ""11586"": 0.0, ""11624"": 0.0, ""11655"": 0.0, ""11783"": 0.0, ""12467"": 0.0, ""12511"": 0.0, ""12514"": 0.0, ""13264"": 0.0, ""13286"": 0.0, ""13417"": 0.0, ""13420"": 0.0, ""13423"": 0.0, ""4034"": 0.0, ""4892"": 0.0, ""4983"": 0.0, ""5045"": 0.0, ""5967"": 0.0, ""6813"": 0.0, ""6865"": 0.0, ""7021"": 0.0, ""8111"": 0.0, ""8144"": 0.0, ""8154"": 0.0, ""8167"": 0.0, ""9479"": 0.0, ""9484"": 0.0, ""9502"": 0.0, ""96"": 0.0}","[0.0, 0.0, 0.0, 0.0, 0.0, 0.0, 0.0, 0.0, 0.0]"
2026-10-10T13:26:55+00:00,1366076769534251008,14,4,8,0.0,"[""6819"", ""13289"", ""5850"", ""13329"", ""7528"", ""4984"", ""6794"", ""8121"", ""8150"", ""11603"", ""4950"", ""13336"", ""12497"", ""13405"", ""12512"", ""4217"", ""11627"", ""13414"", ""4066"", ""3198"", ""12489"", ""12487"", ""9228"", ""12509"", ""12518"", ""5872"", ""9486"", ""12535"", ""5870"", ""13380"", ""8136"", ""8698"", ""6786""]","[""4984"", ""8150"", ""3198"", ""6786"", ""5872"", ""12518"", ""4217"", ""12509"", ""9228""]","{""11603"": 0.0, ""11627"": 0.0, ""12487"": 0.0, ""12489"": 0.0, ""12497"": 0.0, ""12509"": 0.0, ""12512"": 0.0, ""12518"": 0.0, ""12535"": 0.0, ""13289"": 0.0, ""13329"": 0.0, ""13336"": 0.0, ""13380"": 0.0, ""13405"": 0.0, ""13414"": 0.0, ""3198"": 0.0, ""4066"": 0.0, ""4217"": 0.0, ""4950"": 0.0, ""4984"": 0.0, ""5850"": 0.0, ""5870"": 0.0, ""5872"": 0.0, ""6786"": 0.0, ""6794"": 0.0, ""6819"": 0.0, ""7528"": 0.0, ""8121"": 0.0, ""8136"": 0.0, ""8150"": 0.0, ""8698"": 0.0, ""9228"": 0.0, ""9486"": 0.0}","[0.0, 0.0, 0.0, 0.0, 0.0, 0.0, 0.0, 0.0, 0.0]"
2026-10-10T13:26:55+00:00,1366076769534251008,14,2,9,0.0,"[""11559"", ""11597"", ""11625"", ""11628"", ""11834"", ""12476"", ""12485"", ""12490"", ""12498"", ""12504"", ""12506"", ""12530"", ""12541"", ""13269"", ""13281"", ""13294"", ""13345"", ""13404"", ""5892"", ""5947"", ""6768"", ""6797"", ""6801"", ""7002"", ""7567"", ""8126"", ""8132"", ""8138"", ""9229"", ""9494""]","[""6797"", ""8138"", ""7567"", ""11834"", ""6801"", ""12506"", ""5892"", ""11628"", ""6768""]","{""11559"": 0.0, ""11597"": 0.0, ""11625"": 0.0, ""11628"": 0.0, ""11834"": 0.0, ""12476"": 0.0, ""12485"": 0.0, ""12490"": 0.0, ""12498"": 0.0, ""12504"": 0.0, ""12506"": 0.0, ""12530"": 0.0, ""12541"": 0.0, ""13269"": 0.0, ""13281"": 0.0, ""13294"": 0.0, ""13345"": 0.0, ""13404"": 0.0, ""5892"": 0.0, ""5947"": 0.0, ""6768"": 0.0, ""6797"": 0.0, ""6801"": 0.0, ""7002"": 0.0, ""7567"": 0.0, ""8126"": 0.0, ""8132"": 0.0, ""8138"": 0.0, ""9229"": 0.0, ""9494"": 0.0}","[0.0, 0.0, 0.0, 0.0, 0.0, 0.0, 0.0, 0.0, 0.0]"
2026-10-10T13:26:55+00:00,1366076769534251008,14,3,10,0.0,"[""10213"", ""11565"", ""11576"", ""11635"", ""12469"", ""12499"", ""12524"", ""12527"", ""12529"", ""13276"", ""13319"", ""13330"", ""3321"", ""4033"", ""4046"", ""5001"", ""5846"", ""6803"", ""7591"", ""8148"", ""8183"", ""8228"", ""9480"", ""9488"", ""9508"", ""9756""]","[""8183"", ""12527"", ""8228"", ""9488"", ""5846"", ""5001"", ""12529"", ""8148"", ""11576""]","{""10213"": 0.0, ""11565"": 0.0, ""11576"": 0.0, ""11635"": 0.0, ""12469"": 0.0, ""12499"": 0.0, ""12524"": 0.0, ""12527"": 0.0, ""12529"": 0.0, ""13276"": 0.0, ""13319"": 0.0, ""13330"": 0.0, ""3321"": 0.0, ""4033"": 0.0, ""4046"": 0.0, ""5001"": 0.0, ""5846"": 0.0, ""6803"": 0.0, ""7591"": 0.0, ""8148"": 0.0, ""8183"": 0.0, ""8228"": 0.0, ""9480"": 0.0, ""9488"": 0.0, ""9508"": 0.0, ""9756"": 0.0}","[0.0, 0.0, 0.0, 0.0, 0.0, 0.0, 0.0, 0.0, 0.0]"
2026-10-10T13:26:55+00:00,1359546418284494848,1,1,1,112.12,"[""10219"", ""10880"", ""11564"", ""11583"", ""11610"", ""11665"", ""11678"", ""12512"", ""13279"", ""13287"", ""2020"", ""7564"", ""8112"", ""8228"", ""9484"", ""9500"", ""9754""]","[""11564"", ""8228"", ""12512"", ""7564"", ""8112"", ""9484"", ""9500"", ""2020"", ""11665"", ""10880"", ""11678""]","{""10219"": 2.8, ""10880"": 14.0, ""11564"": 18.92, ""11583"": 8.2, ""11610"": 6.3, ""11665"": 9.0, ""11678"": 13.0, ""12512"": 7.5, ""13279"": 7.8, ""13287"": 13.5, ""2020"": 12.0, ""7564"": 3.2, ""8112"": 5.5, ""8228"": 11.8, ""9484"": 9.5, ""9500"": 7.7, ""9754"": 3.7}","[18.92, 11.8, 7.5, 3.2, 5.5, 9.5, 7.7, 12.0, 9.0, 14.0, 13.0]"
2026-10-10T13:26:55+00:00,1359546418284494848,1,4,2,142.86,"[""11533"", ""11566"", ""11584"", ""11631"", ""11632"", ""12506"", ""13305"", ""13337"", ""13417"", ""4866"", ""5041"", ""5840"", ""5872"", ""7016"", ""8121"", ""8137"", ""8800""]","[""11566"", ""4866"", ""11584"", ""11632"", ""8137"", ""12506"", ""11631"", ""11533"", ""5840"", ""5041"", ""7016""]","{""11533"": 1.0, ""11566"": 25.76, ""11584"": 21.3, ""11631"": 7.0, ""11632"": 12.9, ""12506"": 4.1, ""13305"": 4.6, ""13337"": 9.3, ""13417"": 0.0, ""4866"": 11.0, ""5041"": 22.0, ""5840"": 20.0, ""5872"": 18.5, ""7016"": 12.0, ""8121"": 0.0, ""8137"": 5.8, ""8800"": 0.0}","[25.76, 11.0, 21.3, 12.9, 5.8, 4.1, 7.0, 1.0, 20.0, 22.0, 12.0]"
2026-10-10T13:26:55+00:00,1359546418284494848,1,2,3,179.1,"[""10232"", ""11624"", ""11655"", ""12481"", ""13286"", ""4081"", ""421"", ""4943"", ""5012"", ""5862"", ""6949"", ""7839"", ""8136"", ""8146"", ""8676"", ""9221"", ""9488"", ""9502""]","[""421"", ""9221"", ""12481"", ""9488"", ""8146"", ""5012"", ""13286"", ""7839"", ""5862"", ""6949"", ""4081""]","{""10232"": 10.6, ""11624"": 4.8, ""11655"": -0.1, ""12481"": 16.6, ""13286"": 9.8, ""4081"": 11.0, ""421"": 8.1, ""4943"": 0.72, ""5012"": 8.9, ""5862"": 4.0, ""6949"": 16.0, ""7839"": 21.0, ""8136"": 5.2, ""8146"": 13.9, ""8676"": 1.4, ""9221"": 40.6, ""9488"": 29.2, ""9502"": 0.0}","[8.1, 40.6, 16.6, 29.2, 13.9, 8.9, 9.8, 21.0, 4.0, 16.0, 11.0]"
2026-10-10T13:26:55+00:00,1359546418284494848,1,2,4,210.06,"[""10229"", ""11563"", ""11786"", ""12490"", ""12574"", ""13285"", ""13376"", ""4037"", ""4217"", ""4984"", ""5332"", ""6790"", ""7002"", ""7021"", ""8132"", ""8167"", ""9493""]","[""4984"", ""12490"", ""6790"", ""9493"", ""10229"", ""4217"", ""8167"", ""11786"", ""12574"", ""5332"", ""13376""]","{""10229"": 9.9, ""11563"": 10.84, ""11786"": 12.0, ""12490"": 11.8, ""12574"": 4.0, ""13285"": 4.5, ""13376"": 17.0, ""4037"": 8.3, ""4217"": 5.2, ""4984"": 47.66, ""5332"": 16.0, ""6790"": 34.4, ""7002"": 14.4, ""7021"": 4.1, ""8132"": 10.0, ""8167"": 36.7, ""9493"": 15.4}","[47.66, 11.8, 34.4, 15.4, 9.9, 5.2, 36.7, 12.0, 4.0, 16.0, 17.0]"
2026-10-10T13:26:55+00:00,1359546418284494848,1,6,5,193.76,"[""10914"", ""11560"", ""12474"", ""12507"", ""12514"", ""12530"", ""12533"", ""12567"", ""13281"", ""13311"", ""13413"", ""4227"", ""5859"", ""8144"", ""8151"", ""8280"", ""8408"", ""9480""]","[""11560"", ""12507"", ""8151"", ""5859"", ""8144"", ""9480"", ""12514"", ""4227"", ""8280"", ""10914"", ""12567""]","{""10914"": 12.0, ""11560"": 47.46, ""12474"": 7.0, ""12507"": 10.3, ""12514"": 11.3, ""12530"": 4.1, ""12533"": 15.6, ""12567"": 14.0, ""13281"": 0.0, ""13311"": 3.5, ""13413"": 0.0, ""4227"": 7.0, ""5859"": 5.6, ""8144"": 31.2, ""8151"": 41.6, ""8280"": 3.0, ""8408"": 12.4, ""9480"": 10.3}","[47.46, 10.3, 41.6, 5.6, 31.2, 10.3, 11.3, 7.0, 3.0, 12.0, 14.0]"
2026-10-10T13:26:55+00:00,1359546418284494848,1,1,6,146.82,"[""10222"", ""11539"", ""11581"", ""12517"", ""2133"", ""2227"", ""4971"", ""5045"", ""5991"", ""6783"", ""6819"", ""6904"", ""7525"", ""8131"", ""8138"", ""8267"", ""9224""]","[""6904"", ""8138"", ""9224"", ""7525"", ""2133"", ""12517"", ""11581"", ""11539"", ""5991"", ""8267"", ""4971""]","{""10222"": 5.0, ""11539"": 7.0, ""11581"": 4.7, ""12517"": 0.0, ""2133"": 5.6, ""2227"": 0.0, ""4971"": 20.0, ""5045"": 5.1, ""5991"": 11.0, ""6783"": 4.6, ""6819"": 8.8, ""6904"": 37.52, ""7525"": 8.3, ""8131"": 27.8, ""8138"": 11.4, ""8267"": 21.0, ""9224"": 20.3}","[37.52, 11.4, 20.3, 8.3, 5.6, 0.0, 4.7, 7.0, 11.0, 21.0, 20.0]"
2026-10-10T13:26:55+00:00,1359546418284494848,1,4,7,166.26,"[""10859"", ""11687"", ""12534"", ""13293"", ""167"", ""4046"", ""5001"", ""5816"", ""5846"", ""5927"", ""6786"", ""6806"", ""7594"", ""8150"", ""8155"", ""8259"", ""8339""]","[""4046"", ""8150"", ""8155"", ""6786"", ""5927"", ""10859"", ""7594"", ""8259"", ""5816"", ""11687"", ""8339""]","{""10859"": 9.8, ""11687"": 20.0, ""12534"": 24.9, ""13293"": 2.1, ""167"": 0.0, ""4046"": 30.16, ""5001"": 7.5, ""5816"": 12.0, ""5846"": 8.0, ""5927"": 3.4, ""6786"": 15.4, ""6806"": 4.1, ""7594"": 24.2, ""8150"": 16.5, ""8155"": 23.8, ""8259"": 2.0, ""8339"": 9.0}","[30.16, 16.5, 23.8, 15.4, 3.4, 9.8, 24.2, 2.0, 12.0, 20.0, 9.0]"
2026-10-10T13:26:55+00:00,1359546418284494848,1,5,8,197.7,"[""11586"", ""11792"", ""12501"", ""12519"", ""12591"", ""4983"", ""5850"", ""6183"", ""7523"", ""7588"", ""7611"", ""7648"", ""8126"", ""8130"", ""8148"", ""9487"", ""9509""]","[""7523"", ""9509"", ""7588"", ""12519"", ""8148"", ""8130"", ""7611"", ""11792"", ""6183"", ""7648"", ""12591""]","{""11586"": 6.4, ""11792"": 9.0, ""12501"": 16.5, ""12519"": 9.5, ""12591"": 6.0, ""4983"": 24.0, ""5850"": 0.0, ""6183"": 18.0, ""7523"": 38.2, ""7588"": 24.7, ""7611"": 15.5, ""7648"": 9.0, ""8126"": 8.8, ""8130"": 24.5, ""8148"": 8.5, ""9487"": 19.3, ""9509"": 34.8}","[38.2, 34.8, 24.7, 9.5, 8.5, 24.5, 15.5, 9.0, 18.0, 9.0, 6.0]"
2026-10-10T13:26:55+00:00,1359546418284494848,1,6,9,167.1,"[""12508"", ""12578"", ""2216"", ""3198"", ""3233"", ""3294"", ""3451"", ""4034"", ""5022"", ""6119"", ""6125"", ""6801"", ""6815"", ""7526"", ""7567"", ""8110"", ""8142""]","[""3294"", ""4034"", ""3198"", ""6801"", ""7526"", ""5022"", ""2216"", ""3451"", ""6125"", ""12578"", ""3233""]","{""12508"": 39.2, ""12578"": 16.0, ""2216"": 16.9, ""3198"": 38.3, ""3233"": 7.0, ""3294"": 23.3, ""3451"": 9.0, ""4034"": 14.8, ""5022"": 25.7, ""6119"": 4.0, ""6125"": 6.0, ""6801"": 8.9, ""6815"": 27.0, ""7526"": 1.2, ""7567"": 3.3, ""8110"": 2.6, ""8142"": 10.1}","[23.3, 14.8, 38.3, 8.9, 1.2, 25.7, 16.9, 9.0, 6.0, 16.0, 7.0]"
2026-10-10T13:26:55+00:00,1359546418284494848,1,3,10,190.34,"[""10892"", ""11237"", ""11604"", ""12526"", ""13298"", ""13375"", ""2747"", ""3163"", ""3214"", ""3973"", ""4892"", ""5892"", ""5947"", ""6794"", ""7543"", ""8289"", ""8392""]","[""3163"", ""7543"", ""5892"", ""6794"", ""12526"", ""3214"", ""5947"", ""2747"", ""8289"", ""13375"", ""8392""]","{""10892"": 6.0, ""11237"": 0.0, ""11604"": 0.0, ""12526"": 10.5, ""13298"": 8.3, ""13375"": 14.0, ""2747"": 7.0, ""3163"": 25.64, ""3214"": 5.6, ""3973"": 0.0, ""4892"": 16.24, ""5892"": 29.9, ""5947"": 12.7, ""6794"": 31.2, ""7543"": 15.8, ""8289"": 21.0, ""8392"": 17.0}","[25.64, 15.8, 29.9, 31.2, 10.5, 5.6, 12.7, 7.0, 21.0, 14.0, 17.0]"
2026-10-10T13:26:55+00:00,1359546418284494848,1,3,11,210.06,"[""10917"", ""11620"", ""11635"", ""11705"", ""12489"", ""12518"", ""12527"", ""13294"", ""1945"", ""2393"", ""2449"", ""4070"", ""6770"", ""6797"", ""6813"", ""9753"", ""9997""]","[""6770"", ""6813"", ""12527"", ""11635"", ""9997"", ""12518"", ""12489"", ""1945"", ""4070"", ""10917"", ""11705""]","{""10917"": 1.0, ""11620"": 8.2, ""11635"": 19.2, ""11705"": 10.0, ""12489"": 8.6, ""12518"": 10.3, ""12527"": 37.2, ""13294"": 2.5, ""1945"": 7.0, ""2393"": 3.0, ""2449"": 15.5, ""4070"": 35.0, ""6770"": 23.16, ""6797"": 19.16, ""6813"": 27.6, ""9753"": 0.0, ""9997"": 31.0}","[23.16, 27.6, 37.2, 19.2, 31.0, 10.3, 8.6, 7.0, 35.0, 1.0, 10.0]"
2026-10-10T13:26:55+00:00,1359546418284494848,1,5,12,176.36,"[""10236"", ""11628"", ""12529"", ""12711"", ""13377"", ""1466"", ""4199"", ""4881"", ""4960"", ""5967"", ""7136"", ""7547"", ""7553"", ""7569"", ""8134"", ""9226"", ""9756""]","[""4881"", ""9226"", ""5967"", ""7547"", ""7569"", ""1466"", ""9756"", ""12711"", ""13377"", ""4960"", ""7136""]","{""10236"": 20.0, ""11628"": 4.3, ""12529"": 0.0, ""12711"": 16.0, ""13377"": 13.0, ""1466"": 11.1, ""4199"": 11.0, ""4881"": 36.36, ""4960"": 29.0, ""5967"": 4.9, ""7136"": 4.0, ""7547"": 28.7, ""7553"": 0.0, ""7569"": 21.7, ""8134"": 9.0, ""9226"": 11.6, ""9756"": 0.0}","[36.36, 11.6, 4.9, 28.7, 21.7, 11.1, 0.0, 16.0, 13.0, 29.0, 4.0]"
2026-10-10T13:26:55+00:00,1359546418284494848,2,1,1,112.72,"[""10219"", ""10880"", ""11564"", ""11583"", ""11665"", ""11834"", ""12512"", ""13279"", ""13287"", ""13371"", ""2020"", ""7564"", ""8112"", ""8228"", ""9484"", ""9500"", ""9754""]","[""11564"", ""8228"", ""12512"", ""7564"", ""8112"", ""9484"", ""13287"", ""2020"", ""11665"", ""10880"", ""13371""]","{""10219"": 2.3, ""10880"": 9.0, ""11564"": 12.32, ""11583"": 2.1, ""11665"": 5.0, ""11834"": 11.4, ""12512"": 10.3, ""13279"": 5.7, ""13287"": 8.0, ""13371"": 13.0, ""2020"": 3.0, ""7564"": 26.5, ""8112"": 11.9, ""8228"": 10.2, ""9484"": 3.5, ""9500"": 14.2, ""9754"": 2.4}","[12.32, 10.2, 10.3, 26.5, 11.9, 3.5, 8.0, 3.0, 5.0, 9.0, 13.0]"
2026-10-10T13:26:55+00:00,1359546418284494848,2,5,2,124.98,"[""11533"", ""11566"", ""11584"", ""11631"", ""11632"", ""12506"", ""13296"", ""13305"", ""13330"", ""13337"", ""13417"", ""4866"", ""5041"", ""5840"", ""5872"", ""5876"", ""8137"", ""9228""]","[""9228"", ""4866"", ""11584"", ""11632"", ""8137"", ""13330"", ""5872"", ""11533"", ""5840"", ""5041"", ""5876""]","{""11533"": 18.0, ""11566"": 21.44, ""11584"": 14.5, ""11631"": 7.0, ""11632"": 1.1, ""12506"": 10.4, ""13296"": 3.9, ""13305"": 0.7, ""13330"": 3.7, ""13337"": 8.0, ""13417"": 0.0, ""4866"": 3.0, ""5041"": 11.0, ""5840"": 3.0, ""5872"": 6.5, ""5876"": 18.0, ""8137"": 10.0, ""9228"": 36.18}","[36.18, 3.0, 14.5, 1.1, 10.0, 3.7, 6.5, 18.0, 3.0, 11.0, 18.0]"
2026-10-10T13:26:55+00:00,1359546418284494848,2,3,3,203.78,"[""10232"", ""11624"", ""11655"", ""12481"", ""13286"", ""13414"", ""4081"", ""421"", ""4943"", ""5012"", ""5862"", ""6949"", ""7839"", ""8136"", ""8146"", ""9221"", ""9488"", ""9502""]","[""421"", ""9221"", ""12481"", ""9488"", ""8146"", ""5012"", ""13286"", ""7839"", ""5862"", ""6949"", ""4081""]","{""10232"": 3.8, ""11624"": 13.5, ""11655"": 0.0, ""12481"": 10.0, ""13286"": 6.0, ""13414"": 2.5, ""4081"": 26.0, ""421"": 41.38, ""4943"": 0.0, ""5012"": 10.9, ""5862"": 5.0, ""6949"": 5.0, ""7839"": 12.0, ""8136"": 16.3, ""8146"": 16.7, ""9221"": 24.3, ""9488"": 46.5, ""9502"": 0.0}","[41.38, 24.3, 10.0, 46.5, 16.7, 10.9, 6.0, 12.0, 5.0, 5.0, 26.0]"
2026-10-10T13:26:55+00:00,1359546418284494848,2,1,4,203.62,"[""10229"", ""11563"", ""11786"", ""12490"", ""13376"", ""4035"", ""4037"", ""4217"", ""4984"", ""5332"", ""6790"", ""7002"", ""7021"", ""7627"", ""8132"", ""8167"", ""9493""]","[""4984"", ""12490"", ""6790"", ""8167"", ""10229"", ""4217"", ""4037"", ""11786"", ""7627"", ""5332"", ""13376""]","{""10229"": 12.3, ""11563"": 22.52, ""11786"": 6.0, ""12490"": 15.7, ""13376"": 24.0, ""4035"": 7.7, ""4037"": 9.3, ""4217"": 19.0, ""4984"": 55.82, ""5332"": 12.0, ""6790"": 14.4, ""7002"": 10.6, ""7021"": 6.9, ""7627"": 21.0, ""8132"": 4.9, ""8167"": 14.1, ""9493"": 0.0}","[55.82, 15.7, 14.4, 14.1, 12.3, 19.0, 9.3, 6.0, 21.0, 12.0, 24.0]"
2026-10-10T13:26:55+00:00,1359546418284494848,2,6,5,130.92,"[""10914"", ""11370"", ""11560"", ""12474"", ""12507"", ""12514"", ""12530"", ""12533"", ""12567"", ""13281"", ""13311"", ""13413"", ""4227"", ""5859"", ""8144"", ""8151"", ""8280"", ""8408"", ""9480""]","[""11560"", ""12507"", ""8151"", ""12514"", ""8144"", ""9480"", ""12533"", ""4227"", ""8280"", ""10914"", ""12567""]","{""10914"": 3.0, ""11370"": 3.6, ""11560"": 12.22, ""12474"": 9.0, ""12507"": 20.0, ""12514"": 10.3, ""12530"": 11.0, ""12533"": 5.8, ""12567"": 7.0, ""13281"": 0.0, ""13311"": 0.0, ""13413"": 0.0, ""4227"": 15.0, ""5859"": 0.0, ""8144"": 22.6, ""8151"": 28.3, ""8280"": 3.0, ""8408"": 0.0, ""9480"": 3.7}","[12.22, 20.0, 28.3, 10.3, 22.6, 3.7, 5.8, 15.0, 3.0, 3.0, 7.0]"
2026-10-10T13:26:55+00:00,1359546418284494848,2,2,6,188.56,"[""10218"", ""10222"", ""11539"", ""11581"", ""12517"", ""2133"", ""4971"", ""5045"", ""5991"", ""6783"", ""6819"", ""6904"", ""7525"", ""8131"", ""8138"", ""8267"", ""9224""]","[""6904"", ""8138"", ""9224"", ""7525"", ""2133"", ""12517"", ""11581"", ""11539"", ""5991"", ""8267"", ""4971""]","{""10218"": 6.7, ""10222"": 1.4, ""11539"": 7.0, ""11581"": 9.1, ""12517"": 1.3, ""2133"": 43.5, ""4971"": 9.0, ""5045"": 5.5, ""5991"": 3.0, ""6783"": 0.0, ""6819"": 0.0, ""6904"": 26.36, ""7525"": 30.7, ""8131"": 8.3, ""8138"": 24.9, ""8267"": 21.0, ""9224"": 12.7}","[26.36, 24.9, 12.7, 30.7, 43.5, 1.3, 9.1, 7.0, 3.0, 21.0, 9.0]"
2026-10-10T13:26:55+00:00,1359546418284494848,2,3,7,202.18,"[""10859"", ""11687"", ""12534"", ""13293"", ""167"", ""4046"", ""5001"", ""5816"", ""5846"", ""5927"", ""6786"", ""6806"", ""7594"", ""8150"", ""8155"", ""8259"", ""8339""]","[""4046"", ""8150"", ""8155"", ""6786"", ""5927"", ""10859"", ""7594"", ""8259"", ""5816"", ""11687"", ""8339""]","{""10859"": 17.2, ""11687"": 23.0, ""12534"": 9.3, ""13293"": 0.0, ""167"": 0.0, ""4046"": 43.88, ""5001"": 27.0, ""5816"": 3.0, ""5846"": 6.7, ""5927"": 7.0, ""6786"": 36.3, ""6806"": 4.1, ""7594"": 16.4, ""8150"": 17.2, ""8155"": 16.2, ""8259"": 0.0, ""8339"": 22.0}","[43.88, 17.2, 16.2, 36.3, 7.0, 17.2, 16.4, 0.0, 3.0, 23.0, 22.0]"
2026-10-10T13:26:55+00:00,1359546418284494848,2,4,8,117.56,"[""11586"", ""11792"", ""12501"", ""12519"", ""12591"", ""4983"", ""5850"", ""6183"", ""7523"", ""7588"", ""7611"", ""7648"", ""8126"", ""8130"", ""8148"", ""9487"", ""9509""]","[""7523"", ""9509"", ""7588"", ""4983"", ""8148"", ""8130"", ""7611"", ""11792"", ""6183"", ""7648"", ""12591""]","{""11586"": 12.7, ""11792"": 10.0, ""12501"": 9.8, ""12519"": 6.2, ""12591"": 15.0, ""4983"": -0.1, ""5850"": 0.0, ""6183"": 13.0, ""7523"": 10.06, ""7588"": 8.0, ""7611"": 5.1, ""7648"": 21.0, ""8126"": 1.9, ""8130"": 18.1, ""8148"": 5.3, ""9487"": 18.8, ""9509"": 12.1}","[10.06, 12.1, 8.0, -0.1, 5.3, 18.1, 5.1, 10.0, 13.0, 21.0, 15.0]"
2026-10-10T13:26:55+00:00,1359546418284494848,2,5,9,168.68,"[""11646"", ""12578"", ""2216"", ""3198"", ""3233"", ""3294"", ""3451"", ""4034"", ""5022"", ""6125"", ""6801"", ""6815"", ""7526"", ""7567"", ""8110"", ""8142"", ""8183""]","[""8183"", ""4034"", ""3198"", ""6801"", ""2216"", ""5022"", ""11646"", ""3451"", ""6125"", ""12578"", ""3233""]","{""11646"": 14.6, ""12578"": 17.0, ""2216"": 8.4, ""3198"": 19.7, ""3233"": 6.0, ""3294"": 43.96, ""3451"": 7.0, ""4034"": 22.6, ""5022"": 1.4, ""6125"": 19.0, ""6801"": 14.5, ""6815"": 8.0, ""7526"": 23.8, ""7567"": 5.5, ""8110"": 20.3, ""8142"": 2.1, ""8183"": 38.48}","[38.48, 22.6, 19.7, 14.5, 8.4, 1.4, 14.6, 7.0, 19.0, 17.0, 6.0]"
2026-10-10T13:26:55+00:00,1359546418284494848,2,2,10,120.78,"[""10892"", ""11604"", ""12526"", ""13298"", ""13375"", ""2747"", ""3163"", ""3214"", ""3973"", ""4892"", ""4993"", ""5892"", ""5947"", ""6794"", ""7543"", ""8289"", ""8392""]","[""3163"", ""7543"", ""5892"", ""6794"", ""12526"", ""4993"", ""13298"", ""2747"", ""8289"", ""13375"", ""8392""]","{""10892"": 25.0, ""11604"": 0.0, ""12526"": 16.1, ""13298"": 8.2, ""13375"": 3.0, ""2747"": 7.0, ""3163"": 43.98, ""3214"": 9.0, ""3973"": 0.0, ""4892"": 20.88, ""4993"": 0.0, ""5892"": 4.4, ""5947"": 3.8, ""6794"": 8.5, ""7543"": 7.6, ""8289"": 14.0, ""8392"": 8.0}","[43.98, 7.6, 4.4, 8.5, 16.1, 0.0, 8.2, 7.0, 14.0, 3.0, 8.0]"
2026-10-10T13:26:55+00:00,1359546418284494848,2,4,11,144.88,"[""10917"", ""11620"", ""11635"", ""11705"", ""12489"", ""12518"", ""12527"", ""13294"", ""1945"", ""2393"", ""2449"", ""4070"", ""6770"", ""6797"", ""6813"", ""9753"", ""9997""]","[""6770"", ""6813"", ""12527"", ""11635"", ""11620"", ""12518"", ""12489"", ""1945"", ""4070"", ""10917"", ""11705""]","{""10917"": 15.0, ""11620"": 9.3, ""11635"": 6.5, ""11705"": 15.0, ""12489"": 0.0, ""12518"": 14.9, ""12527"": 12.8, ""13294"": 3.9, ""1945"": 3.0, ""2393"": 10.0, ""2449"": 21.7, ""4070"": 13.0, ""6770"": 24.18, ""6797"": 15.88, ""6813"": 31.2, ""9753"": 0.0, ""9997"": 0.0}","[24.18, 31.2, 12.8, 6.5, 9.3, 14.9, 0.0, 3.0, 13.0, 15.0, 15.0]"
2026-10-10T13:26:55+00:00,1359546418284494848,2,6,12,175.7,"[""10236"", ""11628"", ""12529"", ""12711"", ""13377"", ""1466"", ""4199"", ""4881"", ""4960"", ""5967"", ""7136"", ""7547"", ""7553"", ""7569"", ""8134"", ""9226"", ""9756""]","[""4881"", ""9226"", ""4199"", ""7547"", ""9756"", ""1466"", ""10236"", ""12711"", ""13377"", ""4960"", ""7136""]","{""10236"": 22.5, ""11628"": 0.0, ""12529"": 14.6, ""12711"": 6.0, ""13377"": 10.0, ""1466"": 26.1, ""4199"": 13.0, ""4881"": 23.5, ""4960"": 10.0, ""5967"": 9.0, ""7136"": 11.0, ""7547"": 36.2, ""7553"": 3.5, ""7569"": 0.0, ""8134"": 6.8, ""9226"": 13.3, ""9756"": 4.1}","[23.5, 13.3, 13.0, 36.2, 4.1, 26.1, 22.5, 6.0, 10.0, 10.0, 11.0]"
2026-10-10T13:26:55+00:00,1359546418284494848,3,1,1,163.06,"[""10880"", ""11564"", ""11834"", ""12512"", ""13279"", ""13287"", ""13345"", ""13379"", ""5864"", ""6650"", ""7564"", ""7726"", ""8112"", ""8228"", ""9484"", ""9486"", ""9500"", ""9754""]","[""11564"", ""8228"", ""12512"", ""7564"", ""8112"", ""9484"", ""9500"", ""6650"", ""7726"", ""10880"", ""5864""]","{""10880"": 13.0, ""11564"": 9.56, ""11834"": 6.9, ""12512"": 10.9, ""13279"": 11.8, ""13287"": 23.4, ""13345"": 0.0, ""13379"": 0.0, ""5864"": 1.0, ""6650"": 12.0, ""7564"": 24.8, ""7726"": 15.0, ""8112"": 33.4, ""8228"": 24.1, ""9484"": 6.6, ""9486"": 5.2, ""9500"": 12.7, ""9754"": 7.0}","[9.56, 24.1, 10.9, 24.8, 33.4, 6.6, 12.7, 12.0, 15.0, 13.0, 1.0]"
2026-10-10T13:26:55+00:00,1359546418284494848,3,6,2,125.34,"[""11435"", ""11533"", ""11566"", ""11584"", ""11631"", ""11632"", ""12493"", ""12506"", ""13296"", ""13371"", ""13417"", ""4866"", ""5041"", ""5840"", ""5872"", ""8137"", ""9225"", ""9228""]","[""9228"", ""4866"", ""11584"", ""11632"", ""8137"", ""12493"", ""11435"", ""11533"", ""5840"", ""5041"", ""13371""]","{""11435"": 1.4, ""11533"": 9.0, ""11566"": 0.0, ""11584"": 8.3, ""11631"": 1.8, ""11632"": 7.6, ""12493"": 0.0, ""12506"": 24.1, ""13296"": 0.0, ""13371"": 19.0, ""13417"": 0.0, ""4866"": 11.0, ""5041"": 27.0, ""5840"": 6.0, ""5872"": 17.9, ""8137"": 15.2, ""9225"": -0.5, ""9228"": 20.84}","[20.84, 11.0, 8.3, 7.6, 15.2, 0.0, 1.4, 9.0, 6.0, 27.0, 19.0]"
2026-10-10T13:26:55+00:00,1359546418284494848,3,4,3,203.16,"[""10213"", ""10232"", ""11624"", ""11667"", ""12481"", ""13286"", ""13414"", ""4081"", ""421"", ""5012"", ""6949"", ""7571"", ""7839"", ""8136"", ""8146"", ""9221"", ""9488"", ""9502""]","[""421"", ""9221"", ""12481"", ""9488"", ""8146"", ""5012"", ""13286"", ""7839"", ""11667"", ""6949"", ""4081""]","{""10213"": 8.3, ""10232"": 25.9, ""11624"": 6.0, ""11667"": 7.0, ""12481"": 14.5, ""13286"": 2.2, ""13414"": 2.2, ""4081"": 5.0, ""421"": 35.9, ""5012"": 5.4, ""6949"": 14.0, ""7571"": 5.7, ""7839"": 11.0, ""8136"": 11.6, ""8146"": 27.7, ""9221"": 43.9, ""9488"": 36.56, ""9502"": 0.0}","[35.9, 43.9, 14.5, 36.56, 27.7, 5.4, 2.2, 11.0, 7.0, 14.0, 5.0]"
2026-10-10T13:26:55+00:00,1359546418284494848,3,2,4,170.16,"[""10229"", ""11563"", ""11786"", ""12490"", ""13376"", ""4035"", ""4037"", ""4217"", ""4984"", ""5332"", ""6790"", ""7002"", ""7021"", ""7627"", ""8132"", ""8167"", ""9493""]","[""4984"", ""12490"", ""6790"", ""8167"", ""10229"", ""4217"", ""4035"", ""11786"", ""7627"", ""5332"", ""13376""]","{""10229"": 15.8, ""11563"": 32.04, ""11786"": 4.5, ""12490"": 19.0, ""13376"": 5.0, ""4035"": 6.1, ""4037"": 5.5, ""4217"": 26.2, ""4984"": 21.16, ""5332"": 10.0, ""6790"": 11.8, ""7002"": 28.3, ""7021"": 0.0, ""7627"": 28.0, ""8132"": 4.9, ""8167"": 22.6, ""9493"": 0.0}","[21.16, 19.0, 11.8, 22.6, 15.8, 26.2, 6.1, 4.5, 28.0, 10.0, 5.0]"
2026-10-10T13:26:55+00:00,1359546418284494848,3,5,5,130.08,"[""10885"", ""11370"", ""11560"", ""12474"", ""12487"", ""12507"", ""12514"", ""12530"", ""12533"", ""13281"", ""13346"", ""4227"", ""5859"", ""6804"", ""7647"", ""7666"", ""8144"", ""8151"", ""8408""]","[""6804"", ""12507"", ""8151"", ""12514"", ""8144"", ""12487"", ""12533"", ""4227"", ""10885"", ""7647"", ""7666""]","{""10885"": 6.0, ""11370"": 3.4, ""11560"": 0.0, ""12474"": 9.6, ""12487"": 1.9, ""12507"": 6.6, ""12514"": 11.2, ""12530"": 14.0, ""12533"": 6.8, ""13281"": 0.0, ""13346"": 8.1, ""4227"": 4.0, ""5859"": 0.0, ""6804"": 30.08, ""7647"": 6.0, ""7666"": 14.0, ""8144"": 20.7, ""8151"": 22.8, ""8408"": 0.0}","[30.08, 6.6, 22.8, 11.2, 20.7, 1.9, 6.8, 4.0, 6.0, 6.0, 14.0]"
2026-10-10T13:26:55+00:00,1359546418284494848,3,3,6,154.42,"[""10218"", ""11581"", ""11637"", ""12517"", ""13545"", ""2133"", ""4971"", ""5045"", ""5991"", ""6819"", ""6904"", ""7525"", ""8131"", ""8138"", ""8267"", ""9224""]","[""6904"", ""8138"", ""9224"", ""7525"", ""2133"", ""12517"", ""10218"", ""13545"", ""5991"", ""8267"", ""4971""]","{""10218"": 9.0, ""11581"": 4.3, ""11637"": 4.7, ""12517"": 7.1, ""13545"": 0.0, ""2133"": 22.7, ""4971"": 7.0, ""5045"": 7.6, ""5991"": 14.0, ""6819"": 3.6, ""6904"": 16.82, ""7525"": 12.5, ""8131"": 3.3, ""8138"": 23.9, ""8267"": 31.0, ""9224"": 10.4}","[16.82, 23.9, 10.4, 12.5, 22.7, 7.1, 9.0, 0.0, 14.0, 31.0, 7.0]"
2026-10-10T13:26:55+00:00,1359546418284494848,3,2,7,163.04,"[""10859"", ""11687"", ""12534"", ""13293"", ""167"", ""4046"", ""5001"", ""5816"", ""5846"", ""5927"", ""6786"", ""6806"", ""7594"", ""8150"", ""8155"", ""8259"", ""8339""]","[""4046"", ""8150"", ""8155"", ""6786"", ""5927"", ""10859"", ""7594"", ""8259"", ""5816"", ""11687"", ""8339""]","{""10859"": 7.4, ""11687"": 10.0, ""12534"": 4.6, ""13293"": 0.0, ""167"": 0.0, ""4046"": 24.94, ""5001"": 6.0, ""5816"": 0.0, ""5846"": 12.1, ""5927"": 19.7, ""6786"": 22.2, ""6806"": 7.3, ""7594"": 16.5, ""8150"": 23.8, ""8155"": 10.5, ""8259"": 8.0, ""8339"": 20.0}","[24.94, 23.8, 10.5, 22.2, 19.7, 7.4, 16.5, 8.0, 0.0, 10.0, 20.0]"
2026-10-10T13:26:55+00:00,1359546418284494848,3,3,8,218.78,"[""11586"", ""11792"", ""12501"", ""12519"", ""12545"", ""12591"", ""4983"", ""5850"", ""6183"", ""7523"", ""7588"", ""7611"", ""7648"", ""8130"", ""8148"", ""9487"", ""9509""]","[""7523"", ""9509"", ""7588"", ""9487"", ""8148"", ""8130"", ""4983"", ""11792"", ""6183"", ""7648"", ""12591""]","{""11586"": 3.5, ""11792"": 16.0, ""12501"": 23.0, ""12519"": 19.8, ""12545"": 38.1, ""12591"": 17.0, ""4983"": 14.7, ""5850"": 0.0, ""6183"": 15.0, ""7523"": 30.58, ""7588"": 21.3, ""7611"": 8.3, ""7648"": 24.0, ""8130"": 16.5, ""8148"": 8.9, ""9487"": 13.0, ""9509"": 41.8}","[30.58, 41.8, 21.3, 13.0, 8.9, 16.5, 14.7, 16.0, 15.0, 24.0, 17.0]"
2026-10-10T13:26:55+00:00,1359546418284494848,3,4,9,154.78,"[""11646"", ""12578"", ""2216"", ""3198"", ""3294"", ""3451"", ""4034"", ""5022"", ""6801"", ""6815"", ""7113"", ""7526"", ""7567"", ""8110"", ""8142"", ""8183"", ""8330""]","[""8183"", ""4034"", ""3198"", ""6801"", ""7526"", ""8110"", ""11646"", ""3451"", ""7113"", ""12578"", ""8330""]","{""11646"": 3.8, ""12578"": 7.0, ""2216"": 12.4, ""3198"": 22.9, ""3294"": 27.44, ""3451"": 5.0, ""4034"": 23.1, ""5022"": 0.0, ""6801"": 21.0, ""6815"": 21.0, ""7113"": 0.0, ""7526"": 6.9, ""7567"": 5.0, ""8110"": 9.3, ""8142"": 0.0, ""8183"": 44.78, ""8330"": 11.0}","[44.78, 23.1, 22.9, 21.0, 6.9, 9.3, 3.8, 5.0, 0.0, 7.0, 11.0]"
2026-10-10T13:26:55+00:00,1359546418284494848,3,1,10,139.06,"[""10892"", ""11604"", ""11678"", ""12526"", ""13298"", ""13375"", ""2747"", ""3163"", ""3214"", ""3973"", ""4892"", ""4993"", ""5892"", ""5947"", ""6794"", ""7543"", ""8289"", ""8392""]","[""3163"", ""7543"", ""5892"", ""6794"", ""12526"", ""11604"", ""13298"", ""2747"", ""8289"", ""13375"", ""11678""]","{""10892"": 32.0, ""11604"": 28.6, ""11678"": 13.0, ""12526"": 3.7, ""13298"": 2.9, ""13375"": 25.0, ""2747"": 9.0, ""3163"": 29.36, ""3214"": 1.5, ""3973"": 0.0, ""4892"": 19.18, ""4993"": 12.7, ""5892"": 7.3, ""5947"": 20.4, ""6794"": 5.2, ""7543"": 11.0, ""8289"": 4.0, ""8392"": 0.0}","[29.36, 11.0, 7.3, 5.2, 3.7, 28.6, 2.9, 9.0, 4.0, 25.0, 13.0]"
2026-10-10T13:26:55+00:00,1359546418284494848,3,5,11,129.08,"[""10917"", ""11620"", ""11635"", ""11705"", ""12489"", ""12518"", ""12527"", ""13294"", ""1945"", ""2393"", ""2449"", ""4070"", ""6770"", ""6797"", ""6813"", ""6828"", ""9753"", ""9997""]","[""6770"", ""6813"", ""12527"", ""11635"", ""11620"", ""12518"", ""12489"", ""1945"", ""4070"", ""10917"", ""11705""]","{""10917"": 4.0, ""11620"": 7.4, ""11635"": 10.6, ""11705"": 8.0, ""12489"": 10.7, ""12518"": 15.2, ""12527"": 12.8, ""13294"": 7.9, ""1945"": 13.0, ""2393"": 17.0, ""2449"": 7.3, ""4070"": 2.0, ""6770"": 34.68, ""6797"": 19.74, ""6813"": 10.7, ""6828"": 2.9, ""9753"": 0.0, ""9997"": 15.9}","[34.68, 10.7, 12.8, 10.6, 7.4, 15.2, 10.7, 13.0, 2.0, 4.0, 8.0]"
2026-10-10T13:26:55+00:00,1359546418284494848,3,6,12,165.44,"[""10236"", ""11628"", ""12529"", ""12711"", ""13377"", ""1466"", ""4199"", ""4881"", ""4960"", ""5967"", ""7136"", ""7547"", ""7553"", ""7569"", ""8134"", ""9226"", ""9756""]","[""4881"", ""9226"", ""4199"", ""7547"", ""9756"", ""1466"", ""10236"", ""12711"", ""13377"", ""4960"", ""7136""]","{""10236"": 3.8, ""11628"": 7.0, ""12529"": 3.9, ""12711"": 12.0, ""13377"": 28.0, ""1466"": 14.9, ""4199"": 15.7, ""4881"": 28.94, ""4960"": 20.0, ""5967"": 15.1, ""7136"": 6.0, ""7547"": 11.9, ""7553"": 1.5, ""7569"": 0.0, ""8134"": 1.6, ""9226"": 2.2, ""9756"": 22.0}","[28.94, 2.2, 15.7, 11.9, 22.0, 14.9, 3.8, 12.0, 28.0, 20.0, 6.0]"
2026-10-10T13:26:55+00:00,1359546418284494848,4,1,1,153.42,"[""11564"", ""11584"", ""11643"", ""11739"", ""11834"", ""13279"", ""13287"", ""13345"", ""13453"", ""3321"", ""3634"", ""4943"", ""6650"", ""7564"", ""7726"", ""8112"", ""8228"", ""9484""]","[""4943"", ""8228"", ""11584"", ""7564"", ""8112"", ""9484"", ""13287"", ""6650"", ""7726"", ""13453"", ""11739""]","{""11564"": 38.56, ""11584"": 7.6, ""11643"": 0.7, ""11739"": 28.0, ""11834"": 17.4, ""13279"": 22.5, ""13287"": 8.0, ""13345"": 0.0, ""13453"": 27.0, ""3321"": 0.0, ""3634"": 2.6, ""4943"": 20.42, ""6650"": 2.0, ""7564"": 5.7, ""7726"": 2.0, ""8112"": 14.6, ""8228"": 19.1, ""9484"": 19.0}","[20.42, 19.1, 7.6, 5.7, 14.6, 19.0, 8.0, 2.0, 2.0, 27.0, 28.0]"
2026-10-10T13:26:55+00:00,1359546418284494848,4,6,2,145.66,"[""11435"", ""11533"", ""11566"", ""11631"", ""11632"", ""12506"", ""12512"", ""13371"", ""13417"", ""4866"", ""5041"", ""5840"", ""5872"", ""8137"", ""8329"", ""9228"", ""9500"", ""9511""]","[""9228"", ""4866"", ""12512"", ""9500"", ""8137"", ""12506"", ""5872"", ""11533"", ""5840"", ""8329"", ""13371""]","{""11435"": 30.0, ""11533"": 11.0, ""11566"": 0.0, ""11631"": 9.7, ""11632"": 24.2, ""12506"": 11.7, ""12512"": 23.1, ""13371"": 7.0, ""13417"": 0.0, ""4866"": 2.0, ""5041"": 16.0, ""5840"": 7.0, ""5872"": 19.0, ""8137"": 10.5, ""8329"": 17.0, ""9228"": 32.76, ""9500"": 4.6, ""9511"": 11.8}","[32.76, 2.0, 23.1, 4.6, 10.5, 11.7, 19.0, 11.0, 7.0, 17.0, 7.0]"
2026-10-10T13:26:55+00:00,1359546418284494848,4,5,3,157.38,"[""10213"", ""10232"", ""1166"", ""11667"", ""12481"", ""12495"", ""13286"", ""13414"", ""1479"", ""4081"", ""421"", ""5012"", ""6949"", ""7839"", ""8136"", ""8146"", ""9221"", ""9488"", ""9502""]","[""421"", ""9221"", ""12481"", ""9488"", ""8146"", ""5012"", ""10232"", ""7839"", ""11667"", ""6949"", ""4081""]","{""10213"": 8.4, ""10232"": 16.5, ""1166"": 33.8, ""11667"": 17.0, ""12481"": 9.1, ""12495"": 21.0, ""13286"": 0.0, ""13414"": 2.3, ""1479"": 0.0, ""4081"": 19.0, ""421"": 17.08, ""5012"": 13.7, ""6949"": 21.0, ""7839"": 7.0, ""8136"": 0.0, ""8146"": 5.7, ""9221"": 18.7, ""9488"": 12.6, ""9502"": 0.0}","[17.08, 18.7, 9.1, 12.6, 5.7, 13.7, 16.5, 7.0, 17.0, 21.0, 19.0]"
2026-10-10T13:26:55+00:00,1359546418284494848,4,3,4,170.52,"[""10229"", ""11563"", ""11786"", ""12490"", ""13376"", ""4035"", ""4037"", ""4217"", ""4984"", ""5332"", ""6790"", ""7002"", ""7021"", ""7627"", ""8132"", ""8167"", ""9493""]","[""4984"", ""12490"", ""6790"", ""8167"", ""10229"", ""4217"", ""9493"", ""11786"", ""7627"", ""5332"", ""13376""]","{""10229"": 0.0, ""11563"": 21.06, ""11786"": 14.0, ""12490"": 12.1, ""13376"": 11.0, ""4035"": 23.3, ""4037"": 9.1, ""4217"": 20.0, ""4984"": 26.62, ""5332"": 26.0, ""6790"": 8.4, ""7002"": 11.9, ""7021"": 0.0, ""7627"": 16.0, ""8132"": 13.4, ""8167"": 7.7, ""9493"": 28.7}","[26.62, 12.1, 8.4, 7.7, 0.0, 20.0, 28.7, 14.0, 16.0, 26.0, 11.0]"
2026-10-10T13:26:55+00:00,1359546418284494848,4,4,5,154.88,"[""10885"", ""11560"", ""12474"", ""12487"", ""12507"", ""12514"", ""12530"", ""12533"", ""13281"", ""13330"", ""13346"", ""4227"", ""5859"", ""6217"", ""7666"", ""8144"", ""8151"", ""8408"", ""9758""]","[""9758"", ""12507"", ""8151"", ""12514"", ""8144"", ""13330"", ""12533"", ""4227"", ""10885"", ""6217"", ""7666""]","{""10885"": 6.0, ""11560"": 0.0, ""12474"": 8.2, ""12487"": 0.0, ""12507"": 14.8, ""12514"": 3.3, ""12530"": 13.0, ""12533"": 7.5, ""13281"": 0.0, ""13330"": 0.0, ""13346"": 15.9, ""4227"": 6.0, ""5859"": 0.0, ""6217"": 15.0, ""7666"": 11.0, ""8144"": 21.6, ""8151"": 34.9, ""8408"": 0.0, ""9758"": 34.78}","[34.78, 14.8, 34.9, 3.3, 21.6, 0.0, 7.5, 6.0, 6.0, 15.0, 11.0]"
2026-10-10T13:26:55+00:00,1359546418284494848,4,4,6,133.62,"[""10218"", ""11581"", ""11637"", ""12517"", ""13545"", ""2133"", ""4018"", ""4224"", ""4971"", ""5045"", ""5991"", ""6819"", ""6904"", ""7525"", ""8131"", ""8138"", ""8267"", ""9224"", ""9486""]","[""6904"", ""8138"", ""9224"", ""9486"", ""2133"", ""12517"", ""8131"", ""13545"", ""5991"", ""8267"", ""4224""]","{""10218"": 7.6, ""11581"": 10.4, ""11637"": 24.6, ""12517"": 11.7, ""13545"": 7.0, ""2133"": 7.2, ""4018"": 0.0, ""4224"": 13.0, ""4971"": 0.0, ""5045"": 1.4, ""5991"": 9.0, ""6819"": 5.5, ""6904"": 20.42, ""7525"": 0.0, ""8131"": 13.6, ""8138"": 17.8, ""8267"": 8.0, ""9224"": 21.1, ""9486"": 4.8}","[20.42, 17.8, 21.1, 4.8, 7.2, 11.7, 13.6, 7.0, 9.0, 8.0, 13.0]"
2026-10-10T13:26:55+00:00,1359546418284494848,4,1,7,220.8,"[""10859"", ""11687"", ""12534"", ""13293"", ""167"", ""4046"", ""5001"", ""5816"", ""5846"", ""5927"", ""6786"", ""6806"", ""7594"", ""8150"", ""8155"", ""8259"", ""8339""]","[""4046"", ""8150"", ""8155"", ""6786"", ""5927"", ""10859"", ""7594"", ""8259"", ""5816"", ""11687"", ""8339""]","{""10859"": 22.4, ""11687"": 25.0, ""12534"": 32.0, ""13293"": 0.0, ""167"": 0.0, ""4046"": 27.5, ""5001"": 2.9, ""5816"": 0.0, ""5846"": 18.5, ""5927"": 0.0, ""6786"": 42.3, ""6806"": 8.2, ""7594"": 29.9, ""8150"": 40.7, ""8155"": 0.0, ""8259"": 12.0, ""8339"": 21.0}","[27.5, 40.7, 0.0, 42.3, 0.0, 22.4, 29.9, 12.0, 0.0, 25.0, 21.0]"
2026-10-10T13:26:55+00:00,1359546418284494848,4,2,8,161.88,"[""11586"", ""11792"", ""12501"", ""12519"", ""12545"", ""12591"", ""4983"", ""6183"", ""7523"", ""7588"", ""7611"", ""7648"", ""8130"", ""8148"", ""9487"", ""9509"", ""9757""]","[""7523"", ""9509"", ""7588"", ""9487"", ""4983"", ""8130"", ""12519"", ""11792"", ""6183"", ""7648"", ""12591""]","{""11586"": 3.1, ""11792"": 19.0, ""12501"": 11.7, ""12519"": 11.9, ""12545"": 25.44, ""12591"": 15.0, ""4983"": 2.7, ""6183"": 3.0, ""7523"": 19.18, ""7588"": 32.3, ""7611"": 19.9, ""7648"": 13.0, ""8130"": 10.1, ""8148"": 18.2, ""9487"": 2.0, ""9509"": 33.7, ""9757"": 2.4}","[19.18, 33.7, 32.3, 2.0, 2.7, 10.1, 11.9, 19.0, 3.0, 13.0, 15.0]"
2026-10-10T13:26:55+00:00,1359546418284494848,4,3,9,165.22,"[""11646"", ""12578"", ""2216"", ""3198"", ""3294"", ""3451"", ""4034"", ""5022"", ""6125"", ""6801"", ""6815"", ""7049"", ""7113"", ""7526"", ""8110"", ""8142"", ""8183"", ""8330""]","[""8183"", ""4034"", ""3198"", ""6801"", ""7526"", ""8110"", ""2216"", ""3451"", ""7113"", ""12578"", ""8330""]","{""11646"": 0.0, ""12578"": 12.0, ""2216"": 12.6, ""3198"": 18.9, ""3294"": 28.5, ""3451"": 16.0, ""4034"": 17.5, ""5022"": 0.0, ""6125"": 9.0, ""6801"": 27.7, ""6815"": 0.0, ""7049"": 1.8, ""7113"": 4.0, ""7526"": 14.5, ""8110"": 4.1, ""8142"": 0.0, ""8183"": 30.92, ""8330"": 7.0}","[30.92, 17.5, 18.9, 27.7, 14.5, 4.1, 12.6, 16.0, 4.0, 12.0, 7.0]"
2026-10-10T13:26:55+00:00,1359546418284494848,4,2,10,185.78,"[""10892"", ""11576"", ""11604"", ""11678"", ""12526"", ""13298"", ""13375"", ""2747"", ""3163"", ""3214"", ""3973"", ""4177"", ""5892"", ""5947"", ""6794"", ""7543"", ""8289"", ""8392""]","[""3163"", ""11576"", ""5892"", ""5947"", ""12526"", ""11604"", ""4177"", ""2747"", ""10892"", ""13375"", ""11678""]","{""10892"": 19.0, ""11576"": 10.2, ""11604"": 20.6, ""11678"": 20.0, ""12526"": 46.2, ""13298"": 11.4, ""13375"": 12.0, ""2747"": 5.0, ""3163"": 33.88, ""3214"": 11.2, ""3973"": 0.0, ""4177"": 8.3, ""5892"": 4.3, ""5947"": 6.3, ""6794"": 0.0, ""7543"": 0.0, ""8289"": 7.0, ""8392"": 0.0}","[33.88, 10.2, 4.3, 6.3, 46.2, 20.6, 8.3, 5.0, 19.0, 12.0, 20.0]"
2026-10-10T13:26:55+00:00,1359546418284494848,4,6,11,204.52,"[""10917"", ""11620"", ""11635"", ""11705"", ""12489"", ""12518"", ""12527"", ""13294"", ""1945"", ""2393"", ""2449"", ""4070"", ""6770"", ""6797"", ""6813"", ""6828"", ""9753"", ""9997""]","[""6770"", ""6813"", ""12527"", ""11635"", ""9997"", ""12518"", ""12489"", ""1945"", ""4070"", ""10917"", ""11705""]","{""10917"": 25.0, ""11620"": 15.4, ""11635"": 0.0, ""11705"": 14.0, ""12489"": 19.8, ""12518"": 9.1, ""12527"": 20.1, ""13294"": 5.7, ""1945"": 2.0, ""2393"": 4.0, ""2449"": 8.5, ""4070"": 25.0, ""6770"": 37.02, ""6797"": 17.86, ""6813"": 24.7, ""6828"": 2.2, ""9753"": 0.0, ""9997"": 27.8}","[37.02, 24.7, 20.1, 0.0, 27.8, 9.1, 19.8, 2.0, 25.0, 25.0, 14.0]"
2026-10-10T13:26:55+00:00,1359546418284494848,4,5,12,186.68,"[""10236"", ""11628"", ""12529"", ""12567"", ""12711"", ""13377"", ""1466"", ""4199"", ""4881"", ""4960"", ""5967"", ""6083"", ""7547"", ""7553"", ""7569"", ""8134"", ""9226"", ""9756""]","[""4881"", ""5967"", ""4199"", ""7547"", ""7569"", ""1466"", ""10236"", ""6083"", ""13377"", ""4960"", ""12567""]","{""10236"": 1.7, ""11628"": 10.2, ""12529"": 5.2, ""12567"": 15.0, ""12711"": 8.0, ""13377"": 35.0, ""1466"": 3.5, ""4199"": 19.3, ""4881"": 26.88, ""4960"": 7.0, ""5967"": 14.0, ""6083"": 16.0, ""7547"": 15.5, ""7553"": 7.7, ""7569"": 32.8, ""8134"": 14.2, ""9226"": 0.0, ""9756"": 9.1}","[26.88, 14.0, 19.3, 15.5, 32.8, 3.5, 1.7, 16.0, 35.0, 7.0, 15.0]"
2026-10-10T13:26:55+00:00,1359546418284494848,5,1,1,43.0,"[""11564"", ""11577"", ""11584"", ""11739"", ""11834"", ""13264"", ""13279"", ""13287"", ""13345"", ""13453"", ""3321"", ""3634"", ""6650"", ""6804"", ""7564"", ""7726"", ""8112"", ""8228"", ""9484""]","[""6804"", ""8228"", ""11584"", ""13279"", ""8112"", ""9484"", ""13287"", ""6650"", ""7726"", ""13453"", ""11739""]","{""11564"": 0.0, ""11577"": 0.0, ""11584"": 36.0, ""11739"": 0.0, ""11834"": 0.0, ""13264"": 0.0, ""13279"": 0.0, ""13287"": 0.0, ""13345"": 0.0, ""13453"": 0.0, ""3321"": 0.0, ""3634"": 0.0, ""6650"": 7.0, ""6804"": 0.0, ""7564"": 0.0, ""7726"": 0.0, ""8112"": 0.0, ""8228"": 0.0, ""9484"": 0.0}","[0.0, 0.0, 36.0, 0.0, 0.0, 0.0, 0.0, 7.0, 0.0, 0.0, 0.0]"
2026-10-10T13:26:55+00:00,1359546418284494848,5,5,2,34.0,"[""11435"", ""11533"", ""11566"", ""11631"", ""11632"", ""12506"", ""12512"", ""13371"", ""13417"", ""4866"", ""5041"", ""5840"", ""5872"", ""8129"", ""8137"", ""8154"", ""9228"", ""9500""]","[""11566"", ""11435"", ""12512"", ""11632"", ""8137"", ""12506"", ""5872"", ""11533"", ""5840"", ""5041"", ""13371""]","{""11435"": 0.0, ""11533"": 5.0, ""11566"": 0.0, ""11631"": 0.0, ""11632"": 0.0, ""12506"": 0.0, ""12512"": 0.0, ""13371"": 0.0, ""13417"": 0.0, ""4866"": 0.0, ""5041"": 0.0, ""5840"": 0.0, ""5872"": 0.0, ""8129"": 0.0, ""8137"": 29.0, ""8154"": 0.0, ""9228"": 0.0, ""9500"": 0.0}","[0.0, 0.0, 0.0, 0.0, 29.0, 0.0, 0.0, 5.0, 0.0, 0.0, 0.0]"
2026-10-10T13:26:55+00:00,1359546418284494848,5,6,3,0.0,"[""10213"", ""10232"", ""1166"", ""11667"", ""12481"", ""12495"", ""13286"", ""13414"", ""4081"", ""421"", ""4663"", ""5012"", ""6949"", ""7839"", ""8136"", ""8146"", ""9221"", ""9488"", ""9502""]","[""421"", ""9221"", ""12495"", ""9488"", ""10232"", ""5012"", ""8146"", ""7839"", ""11667"", ""6949"", ""4081""]","{""10213"": 0.0, ""10232"": 0.0, ""1166"": 0.0, ""11667"": 0.0, ""12481"": 0.0, ""12495"": 0.0, ""13286"": 0.0, ""13414"": 0.0, ""4081"": 0.0, ""421"": 0.0, ""4663"": 0.0, ""5012"": 0.0, ""6949"": 0.0, ""7839"": 0.0, ""8136"": 0.0, ""8146"": 0.0, ""9221"": 0.0, ""9488"": 0.0, ""9502"": 0.0}","[0.0, 0.0, 0.0, 0.0, 0.0, 0.0, 0.0, 0.0, 0.0, 0.0, 0.0]"
2026-10-10T13:26:55+00:00,1359546418284494848,5,4,4,6.0,"[""10229"", ""11563"", ""11786"", ""12490"", ""13376"", ""4035"", ""4037"", ""4217"", ""4984"", ""5332"", ""6790"", ""7002"", ""7021"", ""7627"", ""8132"", ""8167"", ""9493""]","[""4984"", ""12490"", ""6790"", ""9493"", ""8167"", ""4217"", ""4035"", ""11786"", ""7627"", ""5332"", ""13376""]","{""10229"": 0.0, ""11563"": 0.0, ""11786"": 0.0, ""12490"": 0.0, ""13376"": 6.0, ""4035"": 0.0, ""4037"": 7.0, ""4217"": 0.0, ""4984"": 0.0, ""5332"": 0.0, ""6790"": 0.0, ""7002"": 0.0, ""7021"": 0.0, ""7627"": 0.0, ""8132"": 0.0, ""8167"": 0.0, ""9493"": 0.0}","[0.0, 0.0, 0.0, 0.0, 0.0, 0.0, 0.0, 0.0, 0.0, 0.0, 6.0]"
2026-10-10T13:26:55+00:00,1359546418284494848,5,3,5,0.0,"[""11560"", ""12185"", ""12474"", ""12507"", ""12514"", ""12530"", ""12533"", ""13281"", ""13346"", ""3172"", ""3257"", ""5844"", ""5859"", ""6217"", ""6911"", ""8121"", ""8144"", ""8151"", ""8408""]","[""3257"", ""12507"", ""12474"", ""8121"", ""8144"", ""5844"", ""13346"", ""12185"", ""3172"", ""6217"", ""6911""]","{""11560"": 0.0, ""12185"": 0.0, ""12474"": 0.0, ""12507"": 0.0, ""12514"": 17.2, ""12530"": 0.0, ""12533"": 0.0, ""13281"": 0.0, ""13346"": 0.0, ""3172"": 0.0, ""3257"": 0.0, ""5844"": 0.0, ""5859"": 0.0, ""6217"": 0.0, ""6911"": 0.0, ""8121"": 0.0, ""8144"": 0.0, ""8151"": 0.0, ""8408"": 0.0}","[0.0, 0.0, 0.0, 0.0, 0.0, 0.0, 0.0, 0.0, 0.0, 0.0, 0.0]"
2026-10-10T13:26:55+00:00,1359546418284494848,5,5,6,0.0,"[""11581"", ""11630"", ""11637"", ""12517"", ""13545"", ""2133"", ""4224"", ""4971"", ""5991"", ""6819"", ""6904"", ""7525"", ""8131"", ""8138"", ""8267"", ""9224"", ""9486""]","[""6904"", ""8138"", ""9224"", ""11630"", ""2133"", ""12517"", ""11637"", ""13545"", ""5991"", ""8267"", ""4224""]","{""11581"": 0.0, ""11630"": 0.0, ""11637"": 0.0, ""12517"": 0.0, ""13545"": 0.0, ""2133"": 0.0, ""4224"": 0.0, ""4971"": 0.0, ""5991"": 0.0, ""6819"": 0.0, ""6904"": 0.0, ""7525"": 0.0, ""8131"": 0.0, ""8138"": 0.0, ""8267"": 0.0, ""9224"": 0.0, ""9486"": 0.0}","[0.0, 0.0, 0.0, 0.0, 0.0, 0.0, 0.0, 0.0, 0.0, 0.0, 0.0]"
2026-10-10T13:26:55+00:00,1359546418284494848,5,2,7,2.9,"[""10859"", ""11687"", ""12534"", ""12617"", ""13293"", ""4046"", ""4943"", ""5001"", ""5816"", ""5846"", ""5927"", ""6786"", ""6806"", ""7594"", ""8150"", ""8155"", ""8259"", ""8280"", ""8339""]","[""4943"", ""8150"", ""6806"", ""6786"", ""5927"", ""10859"", ""5846"", ""8259"", ""8280"", ""12617"", ""8339""]","{""10859"": 0.0, ""11687"": 0.0, ""12534"": 0.0, ""12617"": 0.0, ""13293"": 0.0, ""4046"": 0.0, ""4943"": 0.0, ""5001"": 0.0, ""5816"": 0.0, ""5846"": 0.0, ""5927"": 0.0, ""6786"": 2.9, ""6806"": 0.0, ""7594"": 0.0, ""8150"": 0.0, ""8155"": 0.0, ""8259"": 0.0, ""8280"": 0.0, ""8339"": 0.0}","[0.0, 0.0, 0.0, 2.9, 0.0, 0.0, 0.0, 0.0, 0.0, 0.0, 0.0]"
2026-10-10T13:26:55+00:00,1359546418284494848,5,1,8,15.7,"[""11586"", ""11792"", ""12501"", ""12519"", ""12545"", ""12591"", ""4983"", ""6183"", ""7523"", ""7588"", ""7611"", ""7648"", ""8130"", ""8148"", ""9487"", ""9509"", ""9757""]","[""7523"", ""9509"", ""7588"", ""9487"", ""12501"", ""8130"", ""12519"", ""11792"", ""6183"", ""7648"", ""12591""]","{""11586"": 0.0, ""11792"": 0.0, ""12501"": 0.0, ""12519"": 0.0, ""12545"": 0.0, ""12591"": 0.0, ""4983"": 0.0, ""6183"": 0.0, ""7523"": 0.0, ""7588"": 15.7, ""7611"": 0.0, ""7648"": 0.0, ""8130"": 0.0, ""8148"": 0.0, ""9487"": 0.0, ""9509"": 0.0, ""9757"": 0.0}","[0.0, 0.0, 15.7, 0.0, 0.0, 0.0, 0.0, 0.0, 0.0, 0.0, 0.0]"
2026-10-10T13:26:55+00:00,1359546418284494848,5,2,9,4.9,"[""11646"", ""12578"", ""2216"", ""3198"", ""3294"", ""3451"", ""4034"", ""5022"", ""6125"", ""6801"", ""6815"", ""7049"", ""7113"", ""7526"", ""8110"", ""8142"", ""8183"", ""8330""]","[""8183"", ""4034"", ""3198"", ""6801"", ""7526"", ""8110"", ""2216"", ""3451"", ""7113"", ""12578"", ""8330""]","{""11646"": 0.0, ""12578"": 0.0, ""2216"": 0.0, ""3198"": 0.0, ""3294"": 21.44, ""3451"": 0.0, ""4034"": 0.0, ""5022"": 0.0, ""6125"": 0.0, ""6801"": 0.0, ""6815"": 0.0, ""7049"": 0.0, ""7113"": 0.0, ""7526"": 0.0, ""8110"": 4.9, ""8142"": 0.0, ""8183"": 0.0, ""8330"": 0.0}","[0.0, 0.0, 0.0, 0.0, 0.0, 4.9, 0.0, 0.0, 0.0, 0.0, 0.0]"
2026-10-10T13:26:55+00:00,1359546418284494848,5,3,10,0.0,"[""10892"", ""11576"", ""11604"", ""11678"", ""12526"", ""13298"", ""13375"", ""2747"", ""3163"", ""3214"", ""3973"", ""4177"", ""5892"", ""5947"", ""6794"", ""7543"", ""8289"", ""8392""]","[""3163"", ""11576"", ""5892"", ""5947"", ""13298"", ""11604"", ""4177"", ""2747"", ""10892"", ""13375"", ""11678""]","{""10892"": 0.0, ""11576"": 0.0, ""11604"": 0.0, ""11678"": 0.0, ""12526"": 0.0, ""13298"": 0.0, ""13375"": 0.0, ""2747"": 0.0, ""3163"": 0.0, ""3214"": 0.0, ""3973"": 0.0, ""4177"": 0.0, ""5892"": 0.0, ""5947"": 0.0, ""6794"": 0.0, ""7543"": 0.0, ""8289"": 0.0, ""8392"": 0.0}","[0.0, 0.0, 0.0, 0.0, 0.0, 0.0, 0.0, 0.0, 0.0, 0.0, 0.0]"
2026-10-10T13:26:55+00:00,1359546418284494848,5,6,11,9.0,"[""10917"", ""11620"", ""11635"", ""11705"", ""12489"", ""12518"", ""12527"", ""13294"", ""1945"", ""2393"", ""2449"", ""4070"", ""6770"", ""6797"", ""6813"", ""6828"", ""9753"", ""9997""]","[""6770"", ""6813"", ""12527"", ""2449"", ""9997"", ""12518"", ""12489"", ""1945"", ""4070"", ""10917"", ""11705""]","{""10917"": 0.0, ""11620"": 0.0, ""11635"": 0.0, ""11705"": 9.0, ""12489"": 0.0, ""12518"": 0.0, ""12527"": 0.0, ""13294"": 0.0, ""1945"": 0.0, ""2393"": 0.0, ""2449"": 0.0, ""4070"": 0.0, ""6770"": 0.0, ""6797"": 0.0, ""6813"": 0.0, ""6828"": 0.0, ""9753"": 0.0, ""9997"": 0.0}","[0.0, 0.0, 0.0, 0.0, 0.0, 0.0, 0.0, 0.0, 0.0, 0.0, 9.0]"
2026-10-10T13:26:55+00:00,1359546418284494848,5,4,12,0.0,"[""10236"", ""10880"", ""11628"", ""12529"", ""12597"", ""13377"", ""1466"", ""4199"", ""4881"", ""5967"", ""6083"", ""7547"", ""7553"", ""7569"", ""8134"", ""9226"", ""96"", ""9756""]","[""96"", ""4199"", ""12529"", ""7547"", ""7569"", ""10236"", ""5967"", ""6083"", ""13377"", ""10880"", ""12597""]","{""10236"": 0.0, ""10880"": 0.0, ""11628"": 0.0, ""12529"": 0.0, ""12597"": 0.0, ""13377"": 0.0, ""1466"": 0.0, ""4199"": 0.0, ""4881"": 0.0, ""5967"": 0.0, ""6083"": 0.0, ""7547"": 0.0, ""7553"": 0.0, ""7569"": 0.0, ""8134"": 0.0, ""9226"": 0.0, ""96"": 0.0, ""9756"": 0.0}","[0.0, 0.0, 0.0, 0.0, 0.0, 0.0, 0.0, 0.0, 0.0, 0.0, 0.0]"
2026-10-10T13:26:55+00:00,1359546418284494848,6,1,1,0.0,"[""11564"", ""11577"", ""11584"", ""11739"", ""11834"", ""13264"", ""13279"", ""13287"", ""13345"", ""13453"", ""3321"", ""3634"", ""6650"", ""6804"", ""7564"", ""7726"", ""8112"", ""8228"", ""9484""]","[""6804"", ""8228"", ""11584"", ""13279"", ""8112"", ""9484"", ""13287"", ""6650"", ""7726"", ""13453"", ""11739""]","{""11564"": 0.0, ""11577"": 0.0, ""11584"": 0.0, ""11739"": 0.0, ""11834"": 0.0, ""13264"": 0.0, ""13279"": 0.0, ""13287"": 0.0, ""13345"": 0.0, ""13453"": 0.0, ""3321"": 0.0, ""3634"": 0.0, ""6650"": 0.0, ""6804"": 0.0, ""7564"": 0.0, ""7726"": 0.0, ""8112"": 0.0, ""8228"": 0.0, ""9484"": 0.0}","[0.0, 0.0, 0.0, 0.0, 0.0, 0.0, 0.0, 0.0, 0.0, 0.0, 0.0]"
2026-10-10T13:26:55+00:00,1359546418284494848,6,4,2,0.0,"[""11435"", ""11533"", ""11566"", ""11631"", ""11632"", ""12506"", ""12512"", ""13371"", ""13417"", ""4866"", ""5041"", ""5840"", ""5872"", ""8129"", ""8137"", ""8154"", ""9228"", ""9500""]","[""11566"", ""11435"", ""12512"", ""11632"", ""8137"", ""12506"", ""5872"", ""11533"", ""5840"", ""5041"", ""13371""]","{""11435"": 0.0, ""11533"": 0.0, ""11566"": 0.0, ""11631"": 0.0, ""11632"": 0.0, ""12506"": 0.0, ""12512"": 0.0, ""13371"": 0.0, ""13417"": 0.0, ""4866"": 0.0, ""5041"": 0.0, ""5840"": 0.0, ""5872"": 0.0, ""8129"": 0.0, ""8137"": 0.0, ""8154"": 0.0, ""9228"": 0.0, ""9500"": 0.0}","[0.0, 0.0, 0.0, 0.0, 0.0, 0.0, 0.0, 0.0, 0.0, 0.0, 0.0]"
2026-10-10T13:26:55+00:00,1359546418284494848,6,6,3,0.0,"[""10213"", ""10232"", ""1166"", ""11667"", ""12481"", ""12495"", ""13286"", ""13414"", ""4081"", ""421"", ""4663"", ""5012"", ""6949"", ""7839"", ""8136"", ""8146"", ""9221"", ""9488"", ""9502""]","[""421"", ""9221"", ""12495"", ""9488"", ""10232"", ""5012"", ""8146"", ""7839"", ""11667"", ""6949"", ""4081""]","{""10213"": 0.0, ""10232"": 0.0, ""1166"": 0.0, ""11667"": 0.0, ""12481"": 0.0, ""12495"": 0.0, ""13286"": 0.0, ""13414"": 0.0, ""4081"": 0.0, ""421"": 0.0, ""4663"": 0.0, ""5012"": 0.0, ""6949"": 0.0, ""7839"": 0.0, ""8136"": 0.0, ""8146"": 0.0, ""9221"": 0.0, ""9488"": 0.0, ""9502"": 0.0}","[0.0, 0.0, 0.0, 0.0, 0.0, 0.0, 0.0, 0.0, 0.0, 0.0, 0.0]"
2026-10-10T13:26:55+00:00,1359546418284494848,6,5,4,0.0,"[""10229"", ""11563"", ""11786"", ""12490"", ""13376"", ""4035"", ""4037"", ""4217"", ""4984"", ""5332"", ""6790"", ""7002"", ""7021"", ""7627"", ""8132"", ""8167"", ""9493""]","[""4984"", ""12490"", ""6790"", ""8167"", ""10229"", ""4217"", ""9493"", ""11786"", ""7627"", ""5332"", ""13376""]","{""10229"": 0.0, ""11563"": 0.0, ""11786"": 0.0, ""12490"": 0.0, ""13376"": 0.0, ""4035"": 0.0, ""4037"": 0.0, ""4217"": 0.0, ""4984"": 0.0, ""5332"": 0.0, ""6790"": 0.0, ""7002"": 0.0, ""7021"": 0.0, ""7627"": 0.0, ""8132"": 0.0, ""8167"": 0.0, ""9493"": 0.0}","[0.0, 0.0, 0.0, 0.0, 0.0, 0.0, 0.0, 0.0, 0.0, 0.0, 0.0]"
2026-10-10T13:26:55+00:00,1359546418284494848,6,2,5,0.0,"[""11560"", ""12185"", ""12474"", ""12507"", ""12514"", ""12530"", ""12533"", ""13281"", ""13346"", ""3172"", ""3257"", ""5844"", ""5859"", ""6217"", ""6911"", ""8121"", ""8144"", ""8151"", ""8408""]","[""3257"", ""12507"", ""12474"", ""8121"", ""8144"", ""5844"", ""13346"", ""12185"", ""3172"", ""6217"", ""6911""]","{""11560"": 0.0, ""12185"": 0.0, ""12474"": 0.0, ""12507"": 0.0, ""12514"": 0.0, ""12530"": 0.0, ""12533"": 0.0, ""13281"": 0.0, ""13346"": 0.0, ""3172"": 0.0, ""3257"": 0.0, ""5844"": 0.0, ""5859"": 0.0, ""6217"": 0.0, ""6911"": 0.0, ""8121"": 0.0, ""8144"": 0.0, ""8151"": 0.0, ""8408"": 0.0}","[0.0, 0.0, 0.0, 0.0, 0.0, 0.0, 0.0, 0.0, 0.0, 0.0, 0.0]"
2026-10-10T13:26:55+00:00,1359546418284494848,6,6,6,0.0,"[""11581"", ""11630"", ""11637"", ""12517"", ""13545"", ""2133"", ""4224"", ""4971"", ""5991"", ""6819"", ""6904"", ""7525"", ""8131"", ""8138"", ""8267"", ""9224"", ""9486""]","[""6904"", ""8138"", ""9224"", ""11630"", ""2133"", ""12517"", ""11637"", ""13545"", ""5991"", ""8267"", ""4224""]","{""11581"": 0.0, ""11630"": 0.0, ""11637"": 0.0, ""12517"": 0.0, ""13545"": 0.0, ""2133"": 0.0, ""4224"": 0.0, ""4971"": 0.0, ""5991"": 0.0, ""6819"": 0.0, ""6904"": 0.0, ""7525"": 0.0, ""8131"": 0.0, ""8138"": 0.0, ""8267"": 0.0, ""9224"": 0.0, ""9486"": 0.0}","[0.0, 0.0, 0.0, 0.0, 0.0, 0.0, 0.0, 0.0, 0.0, 0.0, 0.0]"
2026-10-10T13:26:55+00:00,1359546418284494848,6,3,7,0.0,"[""10859"", ""11687"", ""12534"", ""12617"", ""13293"", ""4046"", ""4943"", ""5001"", ""5816"", ""5846"", ""5927"", ""6786"", ""6806"", ""7594"", ""8150"", ""8155"", ""8259"", ""8280"", ""8339""]","[""4943"", ""8150"", ""6806"", ""6786"", ""5927"", ""10859"", ""5846"", ""8259"", ""8280"", ""12617"", ""8339""]","{""10859"": 0.0, ""11687"": 0.0, ""12534"": 0.0, ""12617"": 0.0, ""13293"": 0.0, ""4046"": 0.0, ""4943"": 0.0, ""5001"": 0.0, ""5816"": 0.0, ""5846"": 0.0, ""5927"": 0.0, ""6786"": 0.0, ""6806"": 0.0, ""7594"": 0.0, ""8150"": 0.0, ""8155"": 0.0, ""8259"": 0.0, ""8280"": 0.0, ""8339"": 0.0}","[0.0, 0.0, 0.0, 0.0, 0.0, 0.0, 0.0, 0.0, 0.0, 0.0, 0.0]"
2026-10-10T13:26:55+00:00,1359546418284494848,6,2,8,0.0,"[""11586"", ""11792"", ""12501"", ""12519"", ""12545"", ""12591"", ""4983"", ""6183"", ""7523"", ""7588"", ""7611"", ""7648"", ""8130"", ""8148"", ""9487"", ""9509"", ""9757""]","[""7523"", ""9509"", ""7588"", ""9487"", ""12501"", ""8130"", ""12519"", ""11792"", ""6183"", ""7648"", ""12591""]","{""11586"": 0.0, ""11792"": 0.0, ""12501"": 0.0, ""12519"": 0.0, ""12545"": 0.0, ""12591"": 0.0, ""4983"": 0.0, ""6183"": 0.0, ""7523"": 0.0, ""7588"": 0.0, ""7611"": 0.0, ""7648"": 0.0, ""8130"": 0.0, ""8148"": 0.0, ""9487"": 0.0, ""9509"": 0.0, ""9757"": 0.0}","[0.0, 0.0, 0.0, 0.0, 0.0, 0.0, 0.0, 0.0, 0.0, 0.0, 0.0]"
2026-10-10T13:26:55+00:00,1359546418284494848,6,1,9,0.0,"[""11646"", ""12578"", ""2216"", ""3198"", ""3294"", ""3451"", ""4034"", ""5022"", ""6125"", ""6801"", ""6815"", ""7049"", ""7113"", ""7526"", ""8110"", ""8142"", ""8183"", ""8330""]","[""8183"", ""4034"", ""3198"", ""6801"", ""7526"", ""8110"", ""2216"", ""3451"", ""7113"", ""12578"", ""8330""]","{""11646"": 0.0, ""12578"": 0.0, ""2216"": 0.0, ""3198"": 0.0, ""3294"": 0.0, ""3451"": 0.0, ""4034"": 0.0, ""5022"": 0.0, ""6125"": 0.0, ""6801"": 0.0, ""6815"": 0.0, ""7049"": 0.0, ""7113"": 0.0, ""7526"": 0.0, ""8110"": 0.0, ""8142"": 0.0, ""8183"": 0.0, ""8330"": 0.0}","[0.0, 0.0, 0.0, 0.0, 0.0, 0.0, 0.0, 0.0, 0.0, 0.0, 0.0]"
2026-10-10T13:26:55+00:00,1359546418284494848,6,4,10,0.0,"[""10892"", ""11576"", ""11604"", ""11678"", ""12526"", ""13298"", ""13375"", ""2747"", ""3163"", ""3214"", ""3973"", ""4177"", ""5892"", ""5947"", ""6794"", ""7543"", ""8289"", ""8392""]","[""3163"", ""11576"", ""5892"", ""5947"", ""13298"", ""11604"", ""4177"", ""2747"", ""10892"", ""13375"", ""11678""]","{""10892"": 0.0, ""11576"": 0.0, ""11604"": 0.0, ""11678"": 0.0, ""12526"": 0.0, ""13298"": 0.0, ""13375"": 0.0, ""2747"": 0.0, ""3163"": 0.0, ""3214"": 0.0, ""3973"": 0.0, ""4177"": 0.0, ""5892"": 0.0, ""5947"": 0.0, ""6794"": 0.0, ""7543"": 0.0, ""8289"": 0.0, ""8392"": 0.0}","[0.0, 0.0, 0.0, 0.0, 0.0, 0.0, 0.0, 0.0, 0.0, 0.0, 0.0]"
2026-10-10T13:26:55+00:00,1359546418284494848,6,5,11,0.0,"[""10917"", ""11620"", ""11635"", ""11705"", ""12489"", ""12518"", ""12527"", ""13294"", ""1945"", ""2393"", ""2449"", ""4070"", ""6770"", ""6797"", ""6813"", ""6828"", ""9753"", ""9997""]","[""6770"", ""6813"", ""12527"", ""2449"", ""9997"", ""12518"", ""12489"", ""1945"", ""4070"", ""10917"", ""11705""]","{""10917"": 0.0, ""11620"": 0.0, ""11635"": 0.0, ""11705"": 0.0, ""12489"": 0.0, ""12518"": 0.0, ""12527"": 0.0, ""13294"": 0.0, ""1945"": 0.0, ""2393"": 0.0, ""2449"": 0.0, ""4070"": 0.0, ""6770"": 0.0, ""6797"": 0.0, ""6813"": 0.0, ""6828"": 0.0, ""9753"": 0.0, ""9997"": 0.0}","[0.0, 0.0, 0.0, 0.0, 0.0, 0.0, 0.0, 0.0, 0.0, 0.0, 0.0]"
2026-10-10T13:26:55+00:00,1359546418284494848,6,3,12,0.0,"[""10236"", ""10880"", ""11628"", ""12529"", ""12597"", ""13377"", ""1466"", ""4199"", ""4881"", ""5967"", ""6083"", ""7547"", ""7553"", ""7569"", ""8134"", ""9226"", ""96"", ""9756""]","[""96"", ""4199"", ""12529"", ""7547"", ""7569"", ""10236"", ""5967"", ""6083"", ""13377"", ""10880"", ""12597""]","{""10236"": 0.0, ""10880"": 0.0, ""11628"": 0.0, ""12529"": 0.0, ""12597"": 0.0, ""13377"": 0.0, ""1466"": 0.0, ""4199"": 0.0, ""4881"": 0.0, ""5967"": 0.0, ""6083"": 0.0, ""7547"": 0.0, ""7553"": 0.0, ""7569"": 0.0, ""8134"": 0.0, ""9226"": 0.0, ""96"": 0.0, ""9756"": 0.0}","[0.0, 0.0, 0.0, 0.0, 0.0, 0.0, 0.0, 0.0, 0.0, 0.0, 0.0]"
2026-10-10T13:26:55+00:00,1359546418284494848,7,1,1,0.0,"[""11564"", ""11577"", ""11584"", ""11739"", ""11834"", ""13264"", ""13279"", ""13287"", ""13345"", ""13453"", ""3321"", ""3634"", ""6650"", ""6804"", ""7564"", ""7726"", ""8112"", ""8228"", ""9484""]","[""6804"", ""8228"", ""11584"", ""13279"", ""8112"", ""9484"", ""13287"", ""6650"", ""7726"", ""13453"", ""11739""]","{""11564"": 0.0, ""11577"": 0.0, ""11584"": 0.0, ""11739"": 0.0, ""11834"": 0.0, ""13264"": 0.0, ""13279"": 0.0, ""13287"": 0.0, ""13345"": 0.0, ""13453"": 0.0, ""3321"": 0.0, ""3634"": 0.0, ""6650"": 0.0, ""6804"": 0.0, ""7564"": 0.0, ""7726"": 0.0, ""8112"": 0.0, ""8228"": 0.0, ""9484"": 0.0}","[0.0, 0.0, 0.0, 0.0, 0.0, 0.0, 0.0, 0.0, 0.0, 0.0, 0.0]"
2026-10-10T13:26:55+00:00,1359546418284494848,7,3,2,0.0,"[""11435"", ""11533"", ""11566"", ""11631"", ""11632"", ""12506"", ""12512"", ""13371"", ""13417"", ""4866"", ""5041"", ""5840"", ""5872"", ""8129"", ""8137"", ""8154"", ""9228"", ""9500""]","[""11566"", ""11435"", ""12512"", ""11632"", ""8137"", ""12506"", ""5872"", ""11533"", ""5840"", ""5041"", ""13371""]","{""11435"": 0.0, ""11533"": 0.0, ""11566"": 0.0, ""11631"": 0.0, ""11632"": 0.0, ""12506"": 0.0, ""12512"": 0.0, ""13371"": 0.0, ""13417"": 0.0, ""4866"": 0.0, ""5041"": 0.0, ""5840"": 0.0, ""5872"": 0.0, ""8129"": 0.0, ""8137"": 0.0, ""8154"": 0.0, ""9228"": 0.0, ""9500"": 0.0}","[0.0, 0.0, 0.0, 0.0, 0.0, 0.0, 0.0, 0.0, 0.0, 0.0, 0.0]"
2026-10-10T13:26:55+00:00,1359546418284494848,7,5,3,0.0,"[""10213"", ""10232"", ""1166"", ""11667"", ""12481"", ""12495"", ""13286"", ""13414"", ""4081"", ""421"", ""4663"", ""5012"", ""6949"", ""7839"", ""8136"", ""8146"", ""9221"", ""9488"", ""9502""]","[""421"", ""9221"", ""12495"", ""9488"", ""10232"", ""5012"", ""8146"", ""7839"", ""11667"", ""6949"", ""4081""]","{""10213"": 0.0, ""10232"": 0.0, ""1166"": 0.0, ""11667"": 0.0, ""12481"": 0.0, ""12495"": 0.0, ""13286"": 0.0, ""13414"": 0.0, ""4081"": 0.0, ""421"": 0.0, ""4663"": 0.0, ""5012"": 0.0, ""6949"": 0.0, ""7839"": 0.0, ""8136"": 0.0, ""8146"": 0.0, ""9221"": 0.0, ""9488"": 0.0, ""9502"": 0.0}","[0.0, 0.0, 0.0, 0.0, 0.0, 0.0, 0.0, 0.0, 0.0, 0.0, 0.0]"
2026-10-10T13:26:55+00:00,1359546418284494848,7,6,4,0.0,"[""10229"", ""11563"", ""11786"", ""12490"", ""13376"", ""4035"", ""4037"", ""4217"", ""4984"", ""5332"", ""6790"", ""7002"", ""7021"", ""7627"", ""8132"", ""8167"", ""9493""]","[""4984"", ""12490"", ""6790"", ""8167"", ""10229"", ""4217"", ""9493"", ""11786"", ""7627"", ""5332"", ""13376""]","{""10229"": 0.0, ""11563"": 0.0, ""11786"": 0.0, ""12490"": 0.0, ""13376"": 0.0, ""4035"": 0.0, ""4037"": 0.0, ""4217"": 0.0, ""4984"": 0.0, ""5332"": 0.0, ""6790"": 0.0, ""7002"": 0.0, ""7021"": 0.0, ""7627"": 0.0, ""8132"": 0.0, ""8167"": 0.0, ""9493"": 0.0}","[0.0, 0.0, 0.0, 0.0, 0.0, 0.0, 0.0, 0.0, 0.0, 0.0, 0.0]"
2026-10-10T13:26:55+00:00,1359546418284494848,7,1,5,0.0,"[""11560"", ""12185"", ""12474"", ""12507"", ""12514"", ""12530"", ""12533"", ""13281"", ""13346"", ""3172"", ""3257"", ""5844"", ""5859"", ""6217"", ""6911"", ""8121"", ""8144"", ""8151"", ""8408""]","[""3257"", ""12507"", ""12474"", ""8121"", ""8144"", ""5844"", ""13346"", ""12185"", ""3172"", ""6217"", ""6911""]","{""11560"": 0.0, ""12185"": 0.0, ""12474"": 0.0, ""12507"": 0.0, ""12514"": 0.0, ""12530"": 0.0, ""12533"": 0.0, ""13281"": 0.0, ""13346"": 0.0, ""3172"": 0.0, ""3257"": 0.0, ""5844"": 0.0, ""5859"": 0.0, ""6217"": 0.0, ""6911"": 0.0, ""8121"": 0.0, ""8144"": 0.0, ""8151"": 0.0, ""8408"": 0.0}","[0.0, 0.0, 0.0, 0.0, 0.0, 0.0, 0.0, 0.0, 0.0, 0.0, 0.0]"
2026-10-10T13:26:55+00:00,1359546418284494848,7,6,6,0.0,"[""11581"", ""11630"", ""11637"", ""12517"", ""13545"", ""2133"", ""4224"", ""4971"", ""5991"", ""6819"", ""6904"", ""7525"", ""8131"", ""8138"", ""8267"", ""9224"", ""9486""]","[""6904"", ""8138"", ""9224"", ""11630"", ""2133"", ""12517"", ""11637"", ""13545"", ""5991"", ""8267"", ""4224""]","{""11581"": 0.0, ""11630"": 0.0, ""11637"": 0.0, ""12517"": 0.0, ""13545"": 0.0, ""2133"": 0.0, ""4224"": 0.0, ""4971"": 0.0, ""5991"": 0.0, ""6819"": 0.0, ""6904"": 0.0, ""7525"": 0.0, ""8131"": 0.0, ""8138"": 0.0, ""8267"": 0.0, ""9224"": 0.0, ""9486"": 0.0}","[0.0, 0.0, 0.0, 0.0, 0.0, 0.0, 0.0, 0.0, 0.0, 0.0, 0.0]"
2026-10-10T13:26:55+00:00,1359546418284494848,7,4,7,0.0,"[""10859"", ""11687"", ""12534"", ""12617"", ""13293"", ""4046"", ""4943"", ""5001"", ""5816"", ""5846"", ""5927"", ""6786"", ""6806"", ""7594"", ""8150"", ""8155"", ""8259"", ""8280"", ""8339""]","[""4943"", ""8150"", ""6806"", ""6786"", ""5927"", ""10859"", ""5846"", ""8259"", ""8280"", ""12617"", ""8339""]","{""10859"": 0.0, ""11687"": 0.0, ""12534"": 0.0, ""12617"": 0.0, ""13293"": 0.0, ""4046"": 0.0, ""4943"": 0.0, ""5001"": 0.0, ""5816"": 0.0, ""5846"": 0.0, ""5927"": 0.0, ""6786"": 0.0, ""6806"": 0.0, ""7594"": 0.0, ""8150"": 0.0, ""8155"": 0.0, ""8259"": 0.0, ""8280"": 0.0, ""8339"": 0.0}","[0.0, 0.0, 0.0, 0.0, 0.0, 0.0, 0.0, 0.0, 0.0, 0.0, 0.0]"
2026-10-10T13:26:55+00:00,1359546418284494848,7,3,8,0.0,"[""11586"", ""11792"", ""12501"", ""12519"", ""12545"", ""12591"", ""4983"", ""6183"", ""7523"", ""7588"", ""7611"", ""7648"", ""8130"", ""8148"", ""9487"", ""9509"", ""9757""]","[""7523"", ""9509"", ""7588"", ""9487"", ""12501"", ""8130"", ""12519"", ""11792"", ""6183"", ""7648"", ""12591""]","{""11586"": 0.0, ""11792"": 0.0, ""12501"": 0.0, ""12519"": 0.0, ""12545"": 0.0, ""12591"": 0.0, ""4983"": 0.0, ""6183"": 0.0, ""7523"": 0.0, ""7588"": 0.0, ""7611"": 0.0, ""7648"": 0.0, ""8130"": 0.0, ""8148"": 0.0, ""9487"": 0.0, ""9509"": 0.0, ""9757"": 0.0}","[0.0, 0.0, 0.0, 0.0, 0.0, 0.0, 0.0, 0.0, 0.0, 0.0, 0.0]"
2026-10-10T13:26:55+00:00,1359546418284494848,7,2,9,0.0,"[""11646"", ""12578"", ""2216"", ""3198"", ""3294"", ""3451"", ""4034"", ""5022"", ""6125"", ""6801"", ""6815"", ""7049"", ""7113"", ""7526"", ""8110"", ""8142"", ""8183"", ""8330""]","[""8183"", ""4034"", ""3198"", ""6801"", ""7526"", ""8110"", ""2216"", ""3451"", ""7113"", ""12578"", ""8330""]","{""11646"": 0.0, ""12578"": 0.0, ""2216"": 0.0, ""3198"": 0.0, ""3294"": 0.0, ""3451"": 0.0, ""4034"": 0.0, ""5022"": 0.0, ""6125"": 0.0, ""6801"": 0.0, ""6815"": 0.0, ""7049"": 0.0, ""7113"": 0.0, ""7526"": 0.0, ""8110"": 0.0, ""8142"": 0.0, ""8183"": 0.0, ""8330"": 0.0}","[0.0, 0.0, 0.0, 0.0, 0.0, 0.0, 0.0, 0.0, 0.0, 0.0, 0.0]"
2026-10-10T13:26:55+00:00,1359546418284494848,7,5,10,0.0,"[""10892"", ""11576"", ""11604"", ""11678"", ""12526"", ""13298"", ""13375"", ""2747"", ""3163"", ""3214"", ""3973"", ""4177"", ""5892"", ""5947"", ""6794"", ""7543"", ""8289"", ""8392""]","[""3163"", ""11576"", ""5892"", ""5947"", ""13298"", ""11604"", ""4177"", ""2747"", ""10892"", ""13375"", ""11678""]","{""10892"": 0.0, ""11576"": 0.0, ""11604"": 0.0, ""11678"": 0.0, ""12526"": 0.0, ""13298"": 0.0, ""13375"": 0.0, ""2747"": 0.0, ""3163"": 0.0, ""3214"": 0.0, ""3973"": 0.0, ""4177"": 0.0, ""5892"": 0.0, ""5947"": 0.0, ""6794"": 0.0, ""7543"": 0.0, ""8289"": 0.0, ""8392"": 0.0}","[0.0, 0.0, 0.0, 0.0, 0.0, 0.0, 0.0, 0.0, 0.0, 0.0, 0.0]"
2026-10-10T13:26:55+00:00,1359546418284494848,7,4,11,0.0,"[""10917"", ""11620"", ""11635"", ""11705"", ""12489"", ""12518"", ""12527"", ""13294"", ""1945"", ""2393"", ""2449"", ""4070"", ""6770"", ""6797"", ""6813"", ""6828"", ""9753"", ""9997""]","[""6770"", ""6813"", ""12527"", ""2449"", ""9997"", ""12518"", ""12489"", ""1945"", ""4070"", ""10917"", ""11705""]","{""10917"": 0.0, ""11620"": 0.0, ""11635"": 0.0, ""11705"": 0.0, ""12489"": 0.0, ""12518"": 0.0, ""12527"": 0.0, ""13294"": 0.0, ""1945"": 0.0, ""2393"": 0.0, ""2449"": 0.0, ""4070"": 0.0, ""6770"": 0.0, ""6797"": 0.0, ""6813"": 0.0, ""6828"": 0.0, ""9753"": 0.0, ""9997"": 0.0}","[0.0, 0.0, 0.0, 0.0, 0.0, 0.0, 0.0, 0.0, 0.0, 0.0, 0.0]"
2026-10-10T13:26:55+00:00,1359546418284494848,7,2,12,0.0,"[""10236"", ""10880"", ""11628"", ""12529"", ""12597"", ""13377"", ""1466"", ""4199"", ""4881"", ""5967"", ""6083"", ""7547"", ""7553"", ""7569"", ""8134"", ""9226"", ""96"", ""9756""]","[""96"", ""4199"", ""12529"", ""7547"", ""7569"", ""10236"", ""5967"", ""6083"", ""13377"", ""10880"", ""12597""]","{""10236"": 0.0, ""10880"": 0.0, ""11628"": 0.0, ""12529"": 0.0, ""12597"": 0.0, ""13377"": 0.0, ""1466"": 0.0, ""4199"": 0.0, ""4881"": 0.0, ""5967"": 0.0, ""6083"": 0.0, ""7547"": 0.0, ""7553"": 0.0, ""7569"": 0.0, ""8134"": 0.0, ""9226"": 0.0, ""96"": 0.0, ""9756"": 0.0}","[0.0, 0.0, 0.0, 0.0, 0.0, 0.0, 0.0, 0.0, 0.0, 0.0, 0.0]"
2026-10-10T13:26:55+00:00,1359546418284494848,8,1,1,0.0,"[""11564"", ""11577"", ""11584"", ""11739"", ""11834"", ""13264"", ""13279"", ""13287"", ""13345"", ""13453"", ""3321"", ""3634"", ""6650"", ""6804"", ""7564"", ""7726"", ""8112"", ""8228"", ""9484""]","[""6804"", ""8228"", ""11584"", ""13279"", ""8112"", ""9484"", ""13287"", ""6650"", ""7726"", ""13453"", ""11739""]","{""11564"": 0.0, ""11577"": 0.0, ""11584"": 0.0, ""11739"": 0.0, ""11834"": 0.0, ""13264"": 0.0, ""13279"": 0.0, ""13287"": 0.0, ""13345"": 0.0, ""13453"": 0.0, ""3321"": 0.0, ""3634"": 0.0, ""6650"": 0.0, ""6804"": 0.0, ""7564"": 0.0, ""7726"": 0.0, ""8112"": 0.0, ""8228"": 0.0, ""9484"": 0.0}","[0.0, 0.0, 0.0, 0.0, 0.0, 0.0, 0.0, 0.0, 0.0, 0.0, 0.0]"
2026-10-10T13:26:55+00:00,1359546418284494848,8,2,2,0.0,"[""11435"", ""11533"", ""11566"", ""11631"", ""11632"", ""12506"", ""12512"", ""13371"", ""13417"", ""4866"", ""5041"", ""5840"", ""5872"", ""8129"", ""8137"", ""8154"", ""9228"", ""9500""]","[""11566"", ""11435"", ""12512"", ""11632"", ""8137"", ""12506"", ""5872"", ""11533"", ""5840"", ""5041"", ""13371""]","{""11435"": 0.0, ""11533"": 0.0, ""11566"": 0.0, ""11631"": 0.0, ""11632"": 0.0, ""12506"": 0.0, ""12512"": 0.0, ""13371"": 0.0, ""13417"": 0.0, ""4866"": 0.0, ""5041"": 0.0, ""5840"": 0.0, ""5872"": 0.0, ""8129"": 0.0, ""8137"": 0.0, ""8154"": 0.0, ""9228"": 0.0, ""9500"": 0.0}","[0.0, 0.0, 0.0, 0.0, 0.0, 0.0, 0.0, 0.0, 0.0, 0.0, 0.0]"
2026-10-10T13:26:55+00:00,1359546418284494848,8,4,3,0.0,"[""10213"", ""10232"", ""1166"", ""11667"", ""12481"", ""12495"", ""13286"", ""13414"", ""4081"", ""421"", ""4663"", ""5012"", ""6949"", ""7839"", ""8136"", ""8146"", ""9221"", ""9488"", ""9502""]","[""421"", ""9221"", ""12495"", ""9488"", ""10232"", ""5012"", ""8146"", ""7839"", ""11667"", ""6949"", ""4081""]","{""10213"": 0.0, ""10232"": 0.0, ""1166"": 0.0, ""11667"": 0.0, ""12481"": 0.0, ""12495"": 0.0, ""13286"": 0.0, ""13414"": 0.0, ""4081"": 0.0, ""421"": 0.0, ""4663"": 0.0, ""5012"": 0.0, ""6949"": 0.0, ""7839"": 0.0, ""8136"": 0.0, ""8146"": 0.0, ""9221"": 0.0, ""9488"": 0.0, ""9502"": 0.0}","[0.0, 0.0, 0.0, 0.0, 0.0, 0.0, 0.0, 0.0, 0.0, 0.0, 0.0]"
2026-10-10T13:26:55+00:00,1359546418284494848,8,6,4,0.0,"[""10229"", ""11563"", ""11786"", ""12490"", ""13376"", ""4035"", ""4037"", ""4217"", ""4984"", ""5332"", ""6790"", ""7002"", ""7021"", ""7627"", ""8132"", ""8167"", ""9493""]","[""4984"", ""12490"", ""6790"", ""8167"", ""10229"", ""4217"", ""9493"", ""11786"", ""7627"", ""5332"", ""13376""]","{""10229"": 0.0, ""11563"": 0.0, ""11786"": 0.0, ""12490"": 0.0, ""13376"": 0.0, ""4035"": 0.0, ""4037"": 0.0, ""4217"": 0.0, ""4984"": 0.0, ""5332"": 0.0, ""6790"": 0.0, ""7002"": 0.0, ""7021"": 0.0, ""7627"": 0.0, ""8132"": 0.0, ""8167"": 0.0, ""9493"": 0.0}","[0.0, 0.0, 0.0, 0.0, 0.0, 0.0, 0.0, 0.0, 0.0, 0.0, 0.0]"
2026-10-10T13:26:55+00:00,1359546418284494848,8,2,5,0.0,"[""11560"", ""12185"", ""12474"", ""12507"", ""12514"", ""12530"", ""12533"", ""13281"", ""13346"", ""3172"", ""3257"", ""5844"", ""5859"", ""6217"", ""6911"", ""8121"", ""8144"", ""8151"", ""8408""]","[""3257"", ""12507"", ""12474"", ""8121"", ""8144"", ""5844"", ""13346"", ""12185"", ""3172"", ""6217"", ""6911""]","{""11560"": 0.0, ""12185"": 0.0, ""12474"": 0.0, ""12507"": 0.0, ""12514"": 0.0, ""12530"": 0.0, ""12533"": 0.0, ""13281"": 0.0, ""13346"": 0.0, ""3172"": 0.0, ""3257"": 0.0, ""5844"": 0.0, ""5859"": 0.0, ""6217"": 0.0, ""6911"": 0.0, ""8121"": 0.0, ""8144"": 0.0, ""8151"": 0.0, ""8408"": 0.0}","[0.0, 0.0, 0.0, 0.0, 0.0, 0.0, 0.0, 0.0, 0.0, 0.0, 0.0]"
2026-10-10T13:26:55+00:00,1359546418284494848,8,5,6,0.0,"[""11581"", ""11630"", ""11637"", ""12517"", ""13545"", ""2133"", ""4224"", ""4971"", ""5991"", ""6819"", ""6904"", ""7525"", ""8131"", ""8138"", ""8267"", ""9224"", ""9486""]","[""6904"", ""8138"", ""9224"", ""11630"", ""2133"", ""12517"", ""11637"", ""13545"", ""5991"", ""8267"", ""4224""]","{""11581"": 0.0, ""11630"": 0.0, ""11637"": 0.0, ""12517"": 0.0, ""13545"": 0.0, ""2133"": 0.0, ""4224"": 0.0, ""4971"": 0.0, ""5991"": 0.0, ""6819"": 0.0, ""6904"": 0.0, ""7525"": 0.0, ""8131"": 0.0, ""8138"": 0.0, ""8267"": 0.0, ""9224"": 0.0, ""9486"": 0.0}","[0.0, 0.0, 0.0, 0.0, 0.0, 0.0, 0.0, 0.0, 0.0, 0.0, 0.0]"
2026-10-10T13:26:55+00:00,1359546418284494848,8,5,7,0.0,"[""10859"", ""11687"", ""12534"", ""12617"", ""13293"", ""4046"", ""4943"", ""5001"", ""5816"", ""5846"", ""5927"", ""6786"", ""6806"", ""7594"", ""8150"", ""8155"", ""8259"", ""8280"", ""8339""]","[""4943"", ""8150"", ""6806"", ""6786"", ""5927"", ""10859"", ""5846"", ""8259"", ""8280"", ""12617"", ""8339""]","{""10859"": 0.0, ""11687"": 0.0, ""12534"": 0.0, ""12617"": 0.0, ""13293"": 0.0, ""4046"": 0.0, ""4943"": 0.0, ""5001"": 0.0, ""5816"": 0.0, ""5846"": 0.0, ""5927"": 0.0, ""6786"": 0.0, ""6806"": 0.0, ""7594"": 0.0, ""8150"": 0.0, ""8155"": 0.0, ""8259"": 0.0, ""8280"": 0.0, ""8339"": 0.0}","[0.0, 0.0, 0.0, 0.0, 0.0, 0.0, 0.0, 0.0, 0.0, 0.0, 0.0]"
2026-10-10T13:26:55+00:00,1359546418284494848,8,4,8,0.0,"[""11586"", ""11792"", ""12501"", ""12519"", ""12545"", ""12591"", ""4983"", ""6183"", ""7523"", ""7588"", ""7611"", ""7648"", ""8130"", ""8148"", ""9487"", ""9509"", ""9757""]","[""7523"", ""9509"", ""7588"", ""9487"", ""12501"", ""8130"", ""12519"", ""11792"", ""6183"", ""7648"", ""12591""]","{""11586"": 0.0, ""11792"": 0.0, ""12501"": 0.0, ""12519"": 0.0, ""12545"": 0.0, ""12591"": 0.0, ""4983"": 0.0, ""6183"": 0.0, ""7523"": 0.0, ""7588"": 0.0, ""7611"": 0.0, ""7648"": 0.0, ""8130"": 0.0, ""8148"": 0.0, ""9487"": 0.0, ""9509"": 0.0, ""9757"": 0.0}","[0.0, 0.0, 0.0, 0.0, 0.0, 0.0, 0.0, 0.0, 0.0, 0.0, 0.0]"
2026-10-10T13:26:55+00:00,1359546418284494848,8,3,9,0.0,"[""11646"", ""12578"", ""2216"", ""3198"", ""3294"", ""3451"", ""4034"", ""5022"", ""6125"", ""6801"", ""6815"", ""7049"", ""7113"", ""7526"", ""8110"", ""8142"", ""8183"", ""8330""]","[""8183"", ""4034"", ""3198"", ""6801"", ""7526"", ""8110"", ""2216"", ""3451"", ""7113"", ""12578"", ""8330""]","{""11646"": 0.0, ""12578"": 0.0, ""2216"": 0.0, ""3198"": 0.0, ""3294"": 0.0, ""3451"": 0.0, ""4034"": 0.0, ""5022"": 0.0, ""6125"": 0.0, ""6801"": 0.0, ""6815"": 0.0, ""7049"": 0.0, ""7113"": 0.0, ""7526"": 0.0, ""8110"": 0.0, ""8142"": 0.0, ""8183"": 0.0, ""8330"": 0.0}","[0.0, 0.0, 0.0, 0.0, 0.0, 0.0, 0.0, 0.0, 0.0, 0.0, 0.0]"
2026-10-10T13:26:55+00:00,1359546418284494848,8,6,10,0.0,"[""10892"", ""11576"", ""11604"", ""11678"", ""12526"", ""13298"", ""13375"", ""2747"", ""3163"", ""3214"", ""3973"", ""4177"", ""5892"", ""5947"", ""6794"", ""7543"", ""8289"", ""8392""]","[""3163"", ""11576"", ""5892"", ""5947"", ""13298"", ""11604"", ""4177"", ""2747"", ""10892"", ""13375"", ""11678""]","{""10892"": 0.0, ""11576"": 0.0, ""11604"": 0.0, ""11678"": 0.0, ""12526"": 0.0, ""13298"": 0.0, ""13375"": 0.0, ""2747"": 0.0, ""3163"": 0.0, ""3214"": 0.0, ""3973"": 0.0, ""4177"": 0.0, ""5892"": 0.0, ""5947"": 0.0, ""6794"": 0.0, ""7543"": 0.0, ""8289"": 0.0, ""8392"": 0.0}","[0.0, 0.0, 0.0, 0.0, 0.0, 0.0, 0.0, 0.0, 0.0, 0.0, 0.0]"
2026-10-10T13:26:55+00:00,1359546418284494848,8,3,11,0.0,"[""10917"", ""11620"", ""11635"", ""11705"", ""12489"", ""12518"", ""12527"", ""13294"", ""1945"", ""2393"", ""2449"", ""4070"", ""6770"", ""6797"", ""6813"", ""6828"", ""9753"", ""9997""]","[""6770"", ""6813"", ""12527"", ""2449"", ""9997"", ""12518"", ""12489"", ""1945"", ""4070"", ""10917"", ""11705""]","{""10917"": 0.0, ""11620"": 0.0, ""11635"": 0.0, ""11705"": 0.0, ""12489"": 0.0, ""12518"": 0.0, ""12527"": 0.0, ""13294"": 0.0, ""1945"": 0.0, ""2393"": 0.0, ""2449"": 0.0, ""4070"": 0.0, ""6770"": 0.0, ""6797"": 0.0, ""6813"": 0.0, ""6828"": 0.0, ""9753"": 0.0, ""9997"": 0.0}","[0.0, 0.0, 0.0, 0.0, 0.0, 0.0, 0.0, 0.0, 0.0, 0.0, 0.0]"
2026-10-10T13:26:55+00:00,1359546418284494848,8,1,12,0.0,"[""10236"", ""10880"", ""11628"", ""12529"", ""12597"", ""13377"", ""1466"", ""4199"", ""4881"", ""5967"", ""6083"", ""7547"", ""7553"", ""7569"", ""8134"", ""9226"", ""96"", ""9756""]","[""96"", ""4199"", ""12529"", ""7547"", ""7569"", ""10236"", ""5967"", ""6083"", ""13377"", ""10880"", ""12597""]","{""10236"": 0.0, ""10880"": 0.0, ""11628"": 0.0, ""12529"": 0.0, ""12597"": 0.0, ""13377"": 0.0, ""1466"": 0.0, ""4199"": 0.0, ""4881"": 0.0, ""5967"": 0.0, ""6083"": 0.0, ""7547"": 0.0, ""7553"": 0.0, ""7569"": 0.0, ""8134"": 0.0, ""9226"": 0.0, ""96"": 0.0, ""9756"": 0.0}","[0.0, 0.0, 0.0, 0.0, 0.0, 0.0, 0.0, 0.0, 0.0, 0.0, 0.0]"
2026-10-10T13:26:55+00:00,1359546418284494848,9,1,1,0.0,"[""11564"", ""11577"", ""11584"", ""11739"", ""11834"", ""13264"", ""13279"", ""13287"", ""13345"", ""13453"", ""3321"", ""3634"", ""6650"", ""6804"", ""7564"", ""7726"", ""8112"", ""8228"", ""9484""]","[""6804"", ""8228"", ""11584"", ""13279"", ""8112"", ""9484"", ""13287"", ""6650"", ""7726"", ""13453"", ""11739""]","{""11564"": 0.0, ""11577"": 0.0, ""11584"": 0.0, ""11739"": 0.0, ""11834"": 0.0, ""13264"": 0.0, ""13279"": 0.0, ""13287"": 0.0, ""13345"": 0.0, ""13453"": 0.0, ""3321"": 0.0, ""3634"": 0.0, ""6650"": 0.0, ""6804"": 0.0, ""7564"": 0.0, ""7726"": 0.0, ""8112"": 0.0, ""8228"": 0.0, ""9484"": 0.0}","[0.0, 0.0, 0.0, 0.0, 0.0, 0.0, 0.0, 0.0, 0.0, 0.0, 0.0]"
2026-10-10T13:26:55+00:00,1359546418284494848,9,1,2,0.0,"[""11435"", ""11533"", ""11566"", ""11631"", ""11632"", ""12506"", ""12512"", ""13371"", ""13417"", ""4866"", ""5041"", ""5840"", ""5872"", ""8129"", ""8137"", ""8154"", ""9228"", ""9500""]","[""11566"", ""11435"", ""12512"", ""11632"", ""8137"", ""12506"", ""5872"", ""11533"", ""5840"", ""5041"", ""13371""]","{""11435"": 0.0, ""11533"": 0.0, ""11566"": 0.0, ""11631"": 0.0, ""11632"": 0.0, ""12506"": 0.0, ""12512"": 0.0, ""13371"": 0.0, ""13417"": 0.0, ""4866"": 0.0, ""5041"": 0.0, ""5840"": 0.0, ""5872"": 0.0, ""8129"": 0.0, ""8137"": 0.0, ""8154"": 0.0, ""9228"": 0.0, ""9500"": 0.0}","[0.0, 0.0, 0.0, 0.0, 0.0, 0.0, 0.0, 0.0, 0.0, 0.0, 0.0]"
2026-10-10T13:26:55+00:00,1359546418284494848,9,3,3,0.0,"[""10213"", ""10232"", ""1166"", ""11667"", ""12481"", ""12495"", ""13286"", ""13414"", ""4081"", ""421"", ""4663"", ""5012"", ""6949"", ""7839"", ""8136"", ""8146"", ""9221"", ""9488"", ""9502""]","[""421"", ""9221"", ""12495"", ""9488"", ""10232"", ""5012"", ""8146"", ""7839"", ""11667"", ""6949"", ""4081""]","{""10213"": 0.0, ""10232"": 0.0, ""1166"": 0.0, ""11667"": 0.0, ""12481"": 0.0, ""12495"": 0.0, ""13286"": 0.0, ""13414"": 0.0, ""4081"": 0.0, ""421"": 0.0, ""4663"": 0.0, ""5012"": 0.0, ""6949"": 0.0, ""7839"": 0.0, ""8136"": 0.0, ""8146"": 0.0, ""9221"": 0.0, ""9488"": 0.0, ""9502"": 0.0}","[0.0, 0.0, 0.0, 0.0, 0.0, 0.0, 0.0, 0.0, 0.0, 0.0, 0.0]"
2026-10-10T13:26:55+00:00,1359546418284494848,9,5,4,0.0,"[""10229"", ""11563"", ""11786"", ""12490"", ""13376"", ""4035"", ""4037"", ""4217"", ""4984"", ""5332"", ""6790"", ""7002"", ""7021"", ""7627"", ""8132"", ""8167"", ""9493""]","[""4984"", ""12490"", ""6790"", ""8167"", ""10229"", ""4217"", ""9493"", ""11786"", ""7627"", ""5332"", ""13376""]","{""10229"": 0.0, ""11563"": 0.0, ""11786"": 0.0, ""12490"": 0.0, ""13376"": 0.0, ""4035"": 0.0, ""4037"": 0.0, ""4217"": 0.0, ""4984"": 0.0, ""5332"": 0.0, ""6790"": 0.0, ""7002"": 0.0, ""7021"": 0.0, ""7627"": 0.0, ""8132"": 0.0, ""8167"": 0.0, ""9493"": 0.0}","[0.0, 0.0, 0.0, 0.0, 0.0, 0.0, 0.0, 0.0, 0.0, 0.0, 0.0]"
2026-10-10T13:26:55+00:00,1359546418284494848,9,3,5,0.0,"[""11560"", ""12185"", ""12474"", ""12507"", ""12514"", ""12530"", ""12533"", ""13281"", ""13346"", ""3172"", ""3257"", ""5844"", ""5859"", ""6217"", ""6911"", ""8121"", ""8144"", ""8151"", ""8408""]","[""3257"", ""12507"", ""12474"", ""8121"", ""8144"", ""5844"", ""13346"", ""12185"", ""3172"", ""6217"", ""6911""]","{""11560"": 0.0, ""12185"": 0.0, ""12474"": 0.0, ""12507"": 0.0, ""12514"": 0.0, ""12530"": 0.0, ""12533"": 0.0, ""13281"": 0.0, ""13346"": 0.0, ""3172"": 0.0, ""3257"": 0.0, ""5844"": 0.0, ""5859"": 0.0, ""6217"": 0.0, ""6911"": 0.0, ""8121"": 0.0, ""8144"": 0.0, ""8151"": 0.0, ""8408"": 0.0}","[0.0, 0.0, 0.0, 0.0, 0.0, 0.0, 0.0, 0.0, 0.0, 0.0, 0.0]"
2026-10-10T13:26:55+00:00,1359546418284494848,9,4,6,0.0,"[""11581"", ""11630"", ""11637"", ""12517"", ""13545"", ""2133"", ""4224"", ""4971"", ""5991"", ""6819"", ""6904"", ""7525"", ""8131"", ""8138"", ""8267"", ""9224"", ""9486""]","[""6904"", ""8138"", ""9224"", ""11630"", ""2133"", ""12517"", ""11637"", ""13545"", ""5991"", ""8267"", ""4224""]","{""11581"": 0.0, ""11630"": 0.0, ""11637"": 0.0, ""12517"": 0.0, ""13545"": 0.0, ""2133"": 0.0, ""4224"": 0.0, ""4971"": 0.0, ""5991"": 0.0, ""6819"": 0.0, ""6904"": 0.0, ""7525"": 0.0, ""8131"": 0.0, ""8138"": 0.0, ""8267"": 0.0, ""9224"": 0.0, ""9486"": 0.0}","[0.0, 0.0, 0.0, 0.0, 0.0, 0.0, 0.0, 0.0, 0.0, 0.0, 0.0]"
2026-10-10T13:26:55+00:00,1359546418284494848,9,6,7,0.0,"[""10859"", ""11687"", ""12534"", ""12617"", ""13293"", ""4046"", ""4943"", ""5001"", ""5816"", ""5846"", ""5927"", ""6786"", ""6806"", ""7594"", ""8150"", ""8155"", ""8259"", ""8280"", ""8339""]","[""4943"", ""8150"", ""6806"", ""6786"", ""5927"", ""10859"", ""5846"", ""8259"", ""8280"", ""12617"", ""8339""]","{""10859"": 0.0, ""11687"": 0.0, ""12534"": 0.0, ""12617"": 0.0, ""13293"": 0.0, ""4046"": 0.0, ""4943"": 0.0, ""5001"": 0.0, ""5816"": 0.0, ""5846"": 0.0, ""5927"": 0.0, ""6786"": 0.0, ""6806"": 0.0, ""7594"": 0.0, ""8150"": 0.0, ""8155"": 0.0, ""8259"": 0.0, ""8280"": 0.0, ""8339"": 0.0}","[0.0, 0.0, 0.0, 0.0, 0.0, 0.0, 0.0, 0.0, 0.0, 0.0, 0.0]"
2026-10-10T13:26:55+00:00,1359546418284494848,9,5,8,0.0,"[""11586"", ""11792"", ""12501"", ""12519"", ""12545"", ""12591"", ""4983"", ""6183"", ""7523"", ""7588"", ""7611"", ""7648"", ""8130"", ""8148"", ""9487"", ""9509"", ""9757""]","[""7523"", ""9509"", ""7588"", ""9487"", ""12501"", ""8130"", ""12519"", ""11792"", ""6183"", ""7648"", ""12591""]","{""11586"": 0.0, ""11792"": 0.0, ""12501"": 0.0, ""12519"": 0.0, ""12545"": 0.0, ""12591"": 0.0, ""4983"": 0.0, ""6183"": 0.0, ""7523"": 0.0, ""7588"": 0.0, ""7611"": 0.0, ""7648"": 0.0, ""8130"": 0.0, ""8148"": 0.0, ""9487"": 0.0, ""9509"": 0.0, ""9757"": 0.0}","[0.0, 0.0, 0.0, 0.0, 0.0, 0.0, 0.0, 0.0, 0.0, 0.0, 0.0]"
2026-10-10T13:26:55+00:00,1359546418284494848,9,4,9,0.0,"[""11646"", ""12578"", ""2216"", ""3198"", ""3294"", ""3451"", ""4034"", ""5022"", ""6125"", ""6801"", ""6815"", ""7049"", ""7113"", ""7526"", ""8110"", ""8142"", ""8183"", ""8330""]","[""8183"", ""4034"", ""3198"", ""6801"", ""7526"", ""8110"", ""2216"", ""3451"", ""7113"", ""12578"", ""8330""]","{""11646"": 0.0, ""12578"": 0.0, ""2216"": 0.0, ""3198"": 0.0, ""3294"": 0.0, ""3451"": 0.0, ""4034"": 0.0, ""5022"": 0.0, ""6125"": 0.0, ""6801"": 0.0, ""6815"": 0.0, ""7049"": 0.0, ""7113"": 0.0, ""7526"": 0.0, ""8110"": 0.0, ""8142"": 0.0, ""8183"": 0.0, ""8330"": 0.0}","[0.0, 0.0, 0.0, 0.0, 0.0, 0.0, 0.0, 0.0, 0.0, 0.0, 0.0]"
2026-10-10T13:26:55+00:00,1359546418284494848,9,6,10,0.0,"[""10892"", ""11576"", ""11604"", ""11678"", ""12526"", ""13298"", ""13375"", ""2747"", ""3163"", ""3214"", ""3973"", ""4177"", ""5892"", ""5947"", ""6794"", ""7543"", ""8289"", ""8392""]","[""3163"", ""11576"", ""5892"", ""5947"", ""13298"", ""11604"", ""4177"", ""2747"", ""10892"", ""13375"", ""11678""]","{""10892"": 0.0, ""11576"": 0.0, ""11604"": 0.0, ""11678"": 0.0, ""12526"": 0.0, ""13298"": 0.0, ""13375"": 0.0, ""2747"": 0.0, ""3163"": 0.0, ""3214"": 0.0, ""3973"": 0.0, ""4177"": 0.0, ""5892"": 0.0, ""5947"": 0.0, ""6794"": 0.0, ""7543"": 0.0, ""8289"": 0.0, ""8392"": 0.0}","[0.0, 0.0, 0.0, 0.0, 0.0, 0.0, 0.0, 0.0, 0.0, 0.0, 0.0]"
2026-10-10T13:26:55+00:00,1359546418284494848,9,2,11,0.0,"[""10917"", ""11620"", ""11635"", ""11705"", ""12489"", ""12518"", ""12527"", ""13294"", ""1945"", ""2393"", ""2449"", ""4070"", ""6770"", ""6797"", ""6813"", ""6828"", ""9753"", ""9997""]","[""6770"", ""6813"", ""12527"", ""2449"", ""9997"", ""12518"", ""12489"", ""1945"", ""4070"", ""10917"", ""11705""]","{""10917"": 0.0, ""11620"": 0.0, ""11635"": 0.0, ""11705"": 0.0, ""12489"": 0.0, ""12518"": 0.0, ""12527"": 0.0, ""13294"": 0.0, ""1945"": 0.0, ""2393"": 0.0, ""2449"": 0.0, ""4070"": 0.0, ""6770"": 0.0, ""6797"": 0.0, ""6813"": 0.0, ""6828"": 0.0, ""9753"": 0.0, ""9997"": 0.0}","[0.0, 0.0, 0.0, 0.0, 0.0, 0.0, 0.0, 0.0, 0.0, 0.0, 0.0]"
2026-10-10T13:26:55+00:00,1359546418284494848,9,2,12,0.0,"[""10236"", ""10880"", ""11628"", ""12529"", ""12597"", ""13377"", ""1466"", ""4199"", ""4881"", ""5967"", ""6083"", ""7547"", ""7553"", ""7569"", ""8134"", ""9226"", ""96"", ""9756""]","[""96"", ""4199"", ""12529"", ""7547"", ""7569"", ""10236"", ""5967"", ""6083"", ""13377"", ""10880"", ""12597""]","{""10236"": 0.0, ""10880"": 0.0, ""11628"": 0.0, ""12529"": 0.0, ""12597"": 0.0, ""13377"": 0.0, ""1466"": 0.0, ""4199"": 0.0, ""4881"": 0.0, ""5967"": 0.0, ""6083"": 0.0, ""7547"": 0.0, ""7553"": 0.0, ""7569"": 0.0, ""8134"": 0.0, ""9226"": 0.0, ""96"": 0.0, ""9756"": 0.0}","[0.0, 0.0, 0.0, 0.0, 0.0, 0.0, 0.0, 0.0, 0.0, 0.0, 0.0]"
2026-10-10T13:26:55+00:00,1359546418284494848,10,1,1,0.0,"[""11564"", ""11577"", ""11584"", ""11739"", ""11834"", ""13264"", ""13279"", ""13287"", ""13345"", ""13453"", ""3321"", ""3634"", ""6650"", ""6804"", ""7564"", ""7726"", ""8112"", ""8228"", ""9484""]","[""6804"", ""8228"", ""11584"", ""13279"", ""8112"", ""9484"", ""13287"", ""6650"", ""7726"", ""13453"", ""11739""]","{""11564"": 0.0, ""11577"": 0.0, ""11584"": 0.0, ""11739"": 0.0, ""11834"": 0.0, ""13264"": 0.0, ""13279"": 0.0, ""13287"": 0.0, ""13345"": 0.0, ""13453"": 0.0, ""3321"": 0.0, ""3634"": 0.0, ""6650"": 0.0, ""6804"": 0.0, ""7564"": 0.0, ""7726"": 0.0, ""8112"": 0.0, ""8228"": 0.0, ""9484"": 0.0}","[0.0, 0.0, 0.0, 0.0, 0.0, 0.0, 0.0, 0.0, 0.0, 0.0, 0.0]"
2026-10-10T13:26:55+00:00,1359546418284494848,10,2,2,0.0,"[""11435"", ""11533"", ""11566"", ""11631"", ""11632"", ""12506"", ""12512"", ""13371"", ""13417"", ""4866"", ""5041"", ""5840"", ""5872"", ""8129"", ""8137"", ""8154"", ""9228"", ""9500""]","[""11566"", ""11435"", ""12512"", ""11632"", ""8137"", ""12506"", ""5872"", ""11533"", ""5840"", ""5041"", ""13371""]","{""11435"": 0.0, ""11533"": 0.0, ""11566"": 0.0, ""11631"": 0.0, ""11632"": 0.0, ""12506"": 0.0, ""12512"": 0.0, ""13371"": 0.0, ""13417"": 0.0, ""4866"": 0.0, ""5041"": 0.0, ""5840"": 0.0, ""5872"": 0.0, ""8129"": 0.0, ""8137"": 0.0, ""8154"": 0.0, ""9228"": 0.0, ""9500"": 0.0}","[0.0, 0.0, 0.0, 0.0, 0.0, 0.0, 0.0, 0.0, 0.0, 0.0, 0.0]"
2026-10-10T13:26:55+00:00,1359546418284494848,10,2,3,0.0,"[""10213"", ""10232"", ""1166"", ""11667"", ""12481"", ""12495"", ""13286"", ""13414"", ""4081"", ""421"", ""4663"", ""5012"", ""6949"", ""7839"", ""8136"", ""8146"", ""9221"", ""9488"", ""9502""]","[""421"", ""9221"", ""12495"", ""9488"", ""10232"", ""5012"", ""8146"", ""7839"", ""11667"", ""6949"", ""4081""]","{""10213"": 0.0, ""10232"": 0.0, ""1166"": 0.0, ""11667"": 0.0, ""12481"": 0.0, ""12495"": 0.0, ""13286"": 0.0, ""13414"": 0.0, ""4081"": 0.0, ""421"": 0.0, ""4663"": 0.0, ""5012"": 0.0, ""6949"": 0.0, ""7839"": 0.0, ""8136"": 0.0, ""8146"": 0.0, ""9221"": 0.0, ""9488"": 0.0, ""9502"": 0.0}","[0.0, 0.0, 0.0, 0.0, 0.0, 0.0, 0.0, 0.0, 0.0, 0.0, 0.0]"
2026-10-10T13:26:55+00:00,1359546418284494848,10,4,4,0.0,"[""10229"", ""11563"", ""11786"", ""12490"", ""13376"", ""4035"", ""4037"", ""4217"", ""4984"", ""5332"", ""6790"", ""7002"", ""7021"", ""7627"", ""8132"", ""8167"", ""9493""]","[""4984"", ""12490"", ""6790"", ""8167"", ""10229"", ""4217"", ""9493"", ""11786"", ""7627"", ""5332"", ""13376""]","{""10229"": 0.0, ""11563"": 0.0, ""11786"": 0.0, ""12490"": 0.0, ""13376"": 0.0, ""4035"": 0.0, ""4037"": 0.0, ""4217"": 0.0, ""4984"": 0.0, ""5332"": 0.0, ""6790"": 0.0, ""7002"": 0.0, ""7021"": 0.0, ""7627"": 0.0, ""8132"": 0.0, ""8167"": 0.0, ""9493"": 0.0}","[0.0, 0.0, 0.0, 0.0, 0.0, 0.0, 0.0, 0.0, 0.0, 0.0, 0.0]"
2026-10-10T13:26:55+00:00,1359546418284494848,10,4,5,0.0,"[""11560"", ""12185"", ""12474"", ""12507"", ""12514"", ""12530"", ""12533"", ""13281"", ""13346"", ""3172"", ""3257"", ""5844"", ""5859"", ""6217"", ""6911"", ""8121"", ""8144"", ""8151"", ""8408""]","[""3257"", ""12507"", ""12474"", ""8121"", ""8144"", ""5844"", ""13346"", ""12185"", ""3172"", ""6217"", ""6911""]","{""11560"": 0.0, ""12185"": 0.0, ""12474"": 0.0, ""12507"": 0.0, ""12514"": 0.0, ""12530"": 0.0, ""12533"": 0.0, ""13281"": 0.0, ""13346"": 0.0, ""3172"": 0.0, ""3257"": 0.0, ""5844"": 0.0, ""5859"": 0.0, ""6217"": 0.0, ""6911"": 0.0, ""8121"": 0.0, ""8144"": 0.0, ""8151"": 0.0, ""8408"": 0.0}","[0.0, 0.0, 0.0, 0.0, 0.0, 0.0, 0.0, 0.0, 0.0, 0.0, 0.0]"
2026-10-10T13:26:55+00:00,1359546418284494848,10,3,6,0.0,"[""11581"", ""11630"", ""11637"", ""12517"", ""13545"", ""2133"", ""4224"", ""4971"", ""5991"", ""6819"", ""6904"", ""7525"", ""8131"", ""8138"", ""8267"", ""9224"", ""9486""]","[""6904"", ""8138"", ""9224"", ""11630"", ""2133"", ""12517"", ""11637"", ""13545"", ""5991"", ""8267"", ""4224""]","{""11581"": 0.0, ""11630"": 0.0, ""11637"": 0.0, ""12517"": 0.0, ""13545"": 0.0, ""2133"": 0.0, ""4224"": 0.0, ""4971"": 0.0, ""5991"": 0.0, ""6819"": 0.0, ""6904"": 0.0, ""7525"": 0.0, ""8131"": 0.0, ""8138"": 0.0, ""8267"": 0.0, ""9224"": 0.0, ""9486"": 0.0}","[0.0, 0.0, 0.0, 0.0, 0.0, 0.0, 0.0, 0.0, 0.0, 0.0, 0.0]"
2026-10-10T13:26:55+00:00,1359546418284494848,10,6,7,0.0,"[""10859"", ""11687"", ""12534"", ""12617"", ""13293"", ""4046"", ""4943"", ""5001"", ""5816"", ""5846"", ""5927"", ""6786"", ""6806"", ""7594"", ""8150"", ""8155"", ""8259"", ""8280"", ""8339""]","[""4943"", ""8150"", ""6806"", ""6786"", ""5927"", ""10859"", ""5846"", ""8259"", ""8280"", ""12617"", ""8339""]","{""10859"": 0.0, ""11687"": 0.0, ""12534"": 0.0, ""12617"": 0.0, ""13293"": 0.0, ""4046"": 0.0, ""4943"": 0.0, ""5001"": 0.0, ""5816"": 0.0, ""5846"": 0.0, ""5927"": 0.0, ""6786"": 0.0, ""6806"": 0.0, ""7594"": 0.0, ""8150"": 0.0, ""8155"": 0.0, ""8259"": 0.0, ""8280"": 0.0, ""8339"": 0.0}","[0.0, 0.0, 0.0, 0.0, 0.0, 0.0, 0.0, 0.0, 0.0, 0.0, 0.0]"
2026-10-10T13:26:55+00:00,1359546418284494848,10,6,8,0.0,"[""11586"", ""11792"", ""12501"", ""12519"", ""12545"", ""12591"", ""4983"", ""6183"", ""7523"", ""7588"", ""7611"", ""7648"", ""8130"", ""8148"", ""9487"", ""9509"", ""9757""]","[""7523"", ""9509"", ""7588"", ""9487"", ""12501"", ""8130"", ""12519"", ""11792"", ""6183"", ""7648"", ""12591""]","{""11586"": 0.0, ""11792"": 0.0, ""12501"": 0.0, ""12519"": 0.0, ""12545"": 0.0, ""12591"": 0.0, ""4983"": 0.0, ""6183"": 0.0, ""7523"": 0.0, ""7588"": 0.0, ""7611"": 0.0, ""7648"": 0.0, ""8130"": 0.0, ""8148"": 0.0, ""9487"": 0.0, ""9509"": 0.0, ""9757"": 0.0}","[0.0, 0.0, 0.0, 0.0, 0.0, 0.0, 0.0, 0.0, 0.0, 0.0, 0.0]"
2026-10-10T13:26:55+00:00,1359546418284494848,10,5,9,0.0,"[""11646"", ""12578"", ""2216"", ""3198"", ""3294"", ""3451"", ""4034"", ""5022"", ""6125"", ""6801"", ""6815"", ""7049"", ""7113"", ""7526"", ""8110"", ""8142"", ""8183"", ""8330""]","[""8183"", ""4034"", ""3198"", ""6801"", ""7526"", ""8110"", ""2216"", ""3451"", ""7113"", ""12578"", ""8330""]","{""11646"": 0.0, ""12578"": 0.0, ""2216"": 0.0, ""3198"": 0.0, ""3294"": 0.0, ""3451"": 0.0, ""4034"": 0.0, ""5022"": 0.0, ""6125"": 0.0, ""6801"": 0.0, ""6815"": 0.0, ""7049"": 0.0, ""7113"": 0.0, ""7526"": 0.0, ""8110"": 0.0, ""8142"": 0.0, ""8183"": 0.0, ""8330"": 0.0}","[0.0, 0.0, 0.0, 0.0, 0.0, 0.0, 0.0, 0.0, 0.0, 0.0, 0.0]"
2026-10-10T13:26:55+00:00,1359546418284494848,10,5,10,0.0,"[""10892"", ""11576"", ""11604"", ""11678"", ""12526"", ""13298"", ""13375"", ""2747"", ""3163"", ""3214"", ""3973"", ""4177"", ""5892"", ""5947"", ""6794"", ""7543"", ""8289"", ""8392""]","[""3163"", ""11576"", ""5892"", ""5947"", ""13298"", ""11604"", ""4177"", ""2747"", ""10892"", ""13375"", ""11678""]","{""10892"": 0.0, ""11576"": 0.0, ""11604"": 0.0, ""11678"": 0.0, ""12526"": 0.0, ""13298"": 0.0, ""13375"": 0.0, ""2747"": 0.0, ""3163"": 0.0, ""3214"": 0.0, ""3973"": 0.0, ""4177"": 0.0, ""5892"": 0.0, ""5947"": 0.0, ""6794"": 0.0, ""7543"": 0.0, ""8289"": 0.0, ""8392"": 0.0}","[0.0, 0.0, 0.0, 0.0, 0.0, 0.0, 0.0, 0.0, 0.0, 0.0, 0.0]"
2026-10-10T13:26:55+00:00,1359546418284494848,10,1,11,0.0,"[""10917"", ""11620"", ""11635"", ""11705"", ""12489"", ""12518"", ""12527"", ""13294"", ""1945"", ""2393"", ""2449"", ""4070"", ""6770"", ""6797"", ""6813"", ""6828"", ""9753"", ""9997""]","[""6770"", ""6813"", ""12527"", ""2449"", ""9997"", ""12518"", ""12489"", ""1945"", ""4070"", ""10917"", ""11705""]","{""10917"": 0.0, ""11620"": 0.0, ""11635"": 0.0, ""11705"": 0.0, ""12489"": 0.0, ""12518"": 0.0, ""12527"": 0.0, ""13294"": 0.0, ""1945"": 0.0, ""2393"": 0.0, ""2449"": 0.0, ""4070"": 0.0, ""6770"": 0.0, ""6797"": 0.0, ""6813"": 0.0, ""6828"": 0.0, ""9753"": 0.0, ""9997"": 0.0}","[0.0, 0.0, 0.0, 0.0, 0.0, 0.0, 0.0, 0.0, 0.0, 0.0, 0.0]"
2026-10-10T13:26:55+00:00,1359546418284494848,10,3,12,0.0,"[""10236"", ""10880"", ""11628"", ""12529"", ""12597"", ""13377"", ""1466"", ""4199"", ""4881"", ""5967"", ""6083"", ""7547"", ""7553"", ""7569"", ""8134"", ""9226"", ""96"", ""9756""]","[""96"", ""4199"", ""12529"", ""7547"", ""7569"", ""10236"", ""5967"", ""6083"", ""13377"", ""10880"", ""12597""]","{""10236"": 0.0, ""10880"": 0.0, ""11628"": 0.0, ""12529"": 0.0, ""12597"": 0.0, ""13377"": 0.0, ""1466"": 0.0, ""4199"": 0.0, ""4881"": 0.0, ""5967"": 0.0, ""6083"": 0.0, ""7547"": 0.0, ""7553"": 0.0, ""7569"": 0.0, ""8134"": 0.0, ""9226"": 0.0, ""96"": 0.0, ""9756"": 0.0}","[0.0, 0.0, 0.0, 0.0, 0.0, 0.0, 0.0, 0.0, 0.0, 0.0, 0.0]"
2026-10-10T13:26:55+00:00,1359546418284494848,11,1,1,0.0,"[""11564"", ""11577"", ""11584"", ""11739"", ""11834"", ""13264"", ""13279"", ""13287"", ""13345"", ""13453"", ""3321"", ""3634"", ""6650"", ""6804"", ""7564"", ""7726"", ""8112"", ""8228"", ""9484""]","[""6804"", ""8228"", ""11584"", ""13279"", ""8112"", ""9484"", ""13287"", ""6650"", ""7726"", ""13453"", ""11739""]","{""11564"": 0.0, ""11577"": 0.0, ""11584"": 0.0, ""11739"": 0.0, ""11834"": 0.0, ""13264"": 0.0, ""13279"": 0.0, ""13287"": 0.0, ""13345"": 0.0, ""13453"": 0.0, ""3321"": 0.0, ""3634"": 0.0, ""6650"": 0.0, ""6804"": 0.0, ""7564"": 0.0, ""7726"": 0.0, ""8112"": 0.0, ""8228"": 0.0, ""9484"": 0.0}","[0.0, 0.0, 0.0, 0.0, 0.0, 0.0, 0.0, 0.0, 0.0, 0.0, 0.0]"
2026-10-10T13:26:55+00:00,1359546418284494848,11,3,2,0.0,"[""11435"", ""11533"", ""11566"", ""11631"", ""11632"", ""12506"", ""12512"", ""13371"", ""13417"", ""4866"", ""5041"", ""5840"", ""5872"", ""8129"", ""8137"", ""8154"", ""9228"", ""9500""]","[""11566"", ""11435"", ""12512"", ""11632"", ""8137"", ""12506"", ""5872"", ""11533"", ""5840"", ""5041"", ""13371""]","{""11435"": 0.0, ""11533"": 0.0, ""11566"": 0.0, ""11631"": 0.0, ""11632"": 0.0, ""12506"": 0.0, ""12512"": 0.0, ""13371"": 0.0, ""13417"": 0.0, ""4866"": 0.0, ""5041"": 0.0, ""5840"": 0.0, ""5872"": 0.0, ""8129"": 0.0, ""8137"": 0.0, ""8154"": 0.0, ""9228"": 0.0, ""9500"": 0.0}","[0.0, 0.0, 0.0, 0.0, 0.0, 0.0, 0.0, 0.0, 0.0, 0.0, 0.0]"
2026-10-10T13:26:55+00:00,1359546418284494848,11,1,3,0.0,"[""10213"", ""10232"", ""1166"", ""11667"", ""12481"", ""12495"", ""13286"", ""13414"", ""4081"", ""421"", ""4663"", ""5012"", ""6949"", ""7839"", ""8136"", ""8146"", ""9221"", ""9488"", ""9502""]","[""421"", ""9221"", ""12495"", ""9488"", ""10232"", ""5012"", ""8146"", ""7839"", ""11667"", ""6949"", ""4081""]","{""10213"": 0.0, ""10232"": 0.0, ""1166"": 0.0, ""11667"": 0.0, ""12481"": 0.0, ""12495"": 0.0, ""13286"": 0.0, ""13414"": 0.0, ""4081"": 0.0, ""421"": 0.0, ""4663"": 0.0, ""5012"": 0.0, ""6949"": 0.0, ""7839"": 0.0, ""8136"": 0.0, ""8146"": 0.0, ""9221"": 0.0, ""9488"": 0.0, ""9502"": 0.0}","[0.0, 0.0, 0.0, 0.0, 0.0, 0.0, 0.0, 0.0, 0.0, 0.0, 0.0]"
2026-10-10T13:26:55+00:00,1359546418284494848,11,3,4,0.0,"[""10229"", ""11563"", ""11786"", ""12490"", ""13376"", ""4035"", ""4037"", ""4217"", ""4984"", ""5332"", ""6790"", ""7002"", ""7021"", ""7627"", ""8132"", ""8167"", ""9493""]","[""4984"", ""12490"", ""6790"", ""8167"", ""10229"", ""4217"", ""9493"", ""11786"", ""7627"", ""5332"", ""13376""]","{""10229"": 0.0, ""11563"": 0.0, ""11786"": 0.0, ""12490"": 0.0, ""13376"": 0.0, ""4035"": 0.0, ""4037"": 0.0, ""4217"": 0.0, ""4984"": 0.0, ""5332"": 0.0, ""6790"": 0.0, ""7002"": 0.0, ""7021"": 0.0, ""7627"": 0.0, ""8132"": 0.0, ""8167"": 0.0, ""9493"": 0.0}","[0.0, 0.0, 0.0, 0.0, 0.0, 0.0, 0.0, 0.0, 0.0, 0.0, 0.0]"
2026-10-10T13:26:55+00:00,1359546418284494848,11,5,5,0.0,"[""11560"", ""12185"", ""12474"", ""12507"", ""12514"", ""12530"", ""12533"", ""13281"", ""13346"", ""3172"", ""3257"", ""5844"", ""5859"", ""6217"", ""6911"", ""8121"", ""8144"", ""8151"", ""8408""]","[""3257"", ""12507"", ""12474"", ""8121"", ""8144"", ""5844"", ""13346"", ""12185"", ""3172"", ""6217"", ""6911""]","{""11560"": 0.0, ""12185"": 0.0, ""12474"": 0.0, ""12507"": 0.0, ""12514"": 0.0, ""12530"": 0.0, ""12533"": 0.0, ""13281"": 0.0, ""13346"": 0.0, ""3172"": 0.0, ""3257"": 0.0, ""5844"": 0.0, ""5859"": 0.0, ""6217"": 0.0, ""6911"": 0.0, ""8121"": 0.0, ""8144"": 0.0, ""8151"": 0.0, ""8408"": 0.0}","[0.0, 0.0, 0.0, 0.0, 0.0, 0.0, 0.0, 0.0, 0.0, 0.0, 0.0]"
2026-10-10T13:26:55+00:00,1359546418284494848,11,2,6,0.0,"[""11581"", ""11630"", ""11637"", ""12517"", ""13545"", ""2133"", ""4224"", ""4971"", ""5991"", ""6819"", ""6904"", ""7525"", ""8131"", ""8138"", ""8267"", ""9224"", ""9486""]","[""6904"", ""8138"", ""9224"", ""11630"", ""2133"", ""12517"", ""11637"", ""13545"", ""5991"", ""8267"", ""4224""]","{""11581"": 0.0, ""11630"": 0.0, ""11637"": 0.0, ""12517"": 0.0, ""13545"": 0.0, ""2133"": 0.0, ""4224"": 0.0, ""4971"": 0.0, ""5991"": 0.0, ""6819"": 0.0, ""6904"": 0.0, ""7525"": 0.0, ""8131"": 0.0, ""8138"": 0.0, ""8267"": 0.0, ""9224"": 0.0, ""9486"": 0.0}","[0.0, 0.0, 0.0, 0.0, 0.0, 0.0, 0.0, 0.0, 0.0, 0.0, 0.0]"
2026-10-10T13:26:55+00:00,1359546418284494848,11,5,7,0.0,"[""10859"", ""11687"", ""12534"", ""12617"", ""13293"", ""4046"", ""4943"", ""5001"", ""5816"", ""5846"", ""5927"", ""6786"", ""6806"", ""7594"", ""8150"", ""8155"", ""8259"", ""8280"", ""8339""]","[""4943"", ""8150"", ""6806"", ""6786"", ""5927"", ""10859"", ""5846"", ""8259"", ""8280"", ""12617"", ""8339""]","{""10859"": 0.0, ""11687"": 0.0, ""12534"": 0.0, ""12617"": 0.0, ""13293"": 0.0, ""4046"": 0.0, ""4943"": 0.0, ""5001"": 0.0, ""5816"": 0.0, ""5846"": 0.0, ""5927"": 0.0, ""6786"": 0.0, ""6806"": 0.0, ""7594"": 0.0, ""8150"": 0.0, ""8155"": 0.0, ""8259"": 0.0, ""8280"": 0.0, ""8339"": 0.0}","[0.0, 0.0, 0.0, 0.0, 0.0, 0.0, 0.0, 0.0, 0.0, 0.0, 0.0]"
2026-10-10T13:26:55+00:00,1359546418284494848,11,6,8,0.0,"[""11586"", ""11792"", ""12501"", ""12519"", ""12545"", ""12591"", ""4983"", ""6183"", ""7523"", ""7588"", ""7611"", ""7648"", ""8130"", ""8148"", ""9487"", ""9509"", ""9757""]","[""7523"", ""9509"", ""7588"", ""9487"", ""12501"", ""8130"", ""12519"", ""11792"", ""6183"", ""7648"", ""12591""]","{""11586"": 0.0, ""11792"": 0.0, ""12501"": 0.0, ""12519"": 0.0, ""12545"": 0.0, ""12591"": 0.0, ""4983"": 0.0, ""6183"": 0.0, ""7523"": 0.0, ""7588"": 0.0, ""7611"": 0.0, ""7648"": 0.0, ""8130"": 0.0, ""8148"": 0.0, ""9487"": 0.0, ""9509"": 0.0, ""9757"": 0.0}","[0.0, 0.0, 0.0, 0.0, 0.0, 0.0, 0.0, 0.0, 0.0, 0.0, 0.0]"
2026-10-10T13:26:55+00:00,1359546418284494848,11,6,9,0.0,"[""11646"", ""12578"", ""2216"", ""3198"", ""3294"", ""3451"", ""4034"", ""5022"", ""6125"", ""6801"", ""6815"", ""7049"", ""7113"", ""7526"", ""8110"", ""8142"", ""8183"", ""8330""]","[""8183"", ""4034"", ""3198"", ""6801"", ""7526"", ""8110"", ""2216"", ""3451"", ""7113"", ""12578"", ""8330""]","{""11646"": 0.0, ""12578"": 0.0, ""2216"": 0.0, ""3198"": 0.0, ""3294"": 0.0, ""3451"": 0.0, ""4034"": 0.0, ""5022"": 0.0, ""6125"": 0.0, ""6801"": 0.0, ""6815"": 0.0, ""7049"": 0.0, ""7113"": 0.0, ""7526"": 0.0, ""8110"": 0.0, ""8142"": 0.0, ""8183"": 0.0, ""8330"": 0.0}","[0.0, 0.0, 0.0, 0.0, 0.0, 0.0, 0.0, 0.0, 0.0, 0.0, 0.0]"
2026-10-10T13:26:55+00:00,1359546418284494848,11,4,10,0.0,"[""10892"", ""11576"", ""11604"", ""11678"", ""12526"", ""13298"", ""13375"", ""2747"", ""3163"", ""3214"", ""3973"", ""4177"", ""5892"", ""5947"", ""6794"", ""7543"", ""8289"", ""8392""]","[""3163"", ""11576"", ""5892"", ""5947"", ""13298"", ""11604"", ""4177"", ""2747"", ""10892"", ""13375"", ""11678""]","{""10892"": 0.0, ""11576"": 0.0, ""11604"": 0.0, ""11678"": 0.0, ""12526"": 0.0, ""13298"": 0.0, ""13375"": 0.0, ""2747"": 0.0, ""3163"": 0.0, ""3214"": 0.0, ""3973"": 0.0, ""4177"": 0.0, ""5892"": 0.0, ""5947"": 0.0, ""6794"": 0.0, ""7543"": 0.0, ""8289"": 0.0, ""8392"": 0.0}","[0.0, 0.0, 0.0, 0.0, 0.0, 0.0, 0.0, 0.0, 0.0, 0.0, 0.0]"
2026-10-10T13:26:55+00:00,1359546418284494848,11,2,11,0.0,"[""10917"", ""11620"", ""11635"", ""11705"", ""12489"", ""12518"", ""12527"", ""13294"", ""1945"", ""2393"", ""2449"", ""4070"", ""6770"", ""6797"", ""6813"", ""6828"", ""9753"", ""9997""]","[""6770"", ""6813"", ""12527"", ""2449"", ""9997"", ""12518"", ""12489"", ""1945"", ""4070"", ""10917"", ""11705""]","{""10917"": 0.0, ""11620"": 0.0, ""11635"": 0.0, ""11705"": 0.0, ""12489"": 0.0, ""12518"": 0.0, ""12527"": 0.0, ""13294"": 0.0, ""1945"": 0.0, ""2393"": 0.0, ""2449"": 0.0, ""4070"": 0.0, ""6770"": 0.0, ""6797"": 0.0, ""6813"": 0.0, ""6828"": 0.0, ""9753"": 0.0, ""9997"": 0.0}","[0.0, 0.0, 0.0, 0.0, 0.0, 0.0, 0.0, 0.0, 0.0, 0.0, 0.0]"
2026-10-10T13:26:55+00:00,1359546418284494848,11,4,12,0.0,"[""10236"", ""10880"", ""11628"", ""12529"", ""12597"", ""13377"", ""1466"", ""4199"", ""4881"", ""5967"", ""6083"", ""7547"", ""7553"", ""7569"", ""8134"", ""9226"", ""96"", ""9756""]","[""96"", ""4199"", ""12529"", ""7547"", ""7569"", ""10236"", ""5967"", ""6083"", ""13377"", ""10880"", ""12597""]","{""10236"": 0.0, ""10880"": 0.0, ""11628"": 0.0, ""12529"": 0.0, ""12597"": 0.0, ""13377"": 0.0, ""1466"": 0.0, ""4199"": 0.0, ""4881"": 0.0, ""5967"": 0.0, ""6083"": 0.0, ""7547"": 0.0, ""7553"": 0.0, ""7569"": 0.0, ""8134"": 0.0, ""9226"": 0.0, ""96"": 0.0, ""9756"": 0.0}","[0.0, 0.0, 0.0, 0.0, 0.0, 0.0, 0.0, 0.0, 0.0, 0.0, 0.0]"
2026-10-10T13:26:55+00:00,1359546418284494848,12,1,1,0.0,"[""11564"", ""11577"", ""11584"", ""11739"", ""11834"", ""13264"", ""13279"", ""13287"", ""13345"", ""13453"", ""3321"", ""3634"", ""6650"", ""6804"", ""7564"", ""7726"", ""8112"", ""8228"", ""9484""]","[""6804"", ""8228"", ""11584"", ""13279"", ""8112"", ""9484"", ""13287"", ""6650"", ""7726"", ""13453"", ""11739""]","{""11564"": 0.0, ""11577"": 0.0, ""11584"": 0.0, ""11739"": 0.0, ""11834"": 0.0, ""13264"": 0.0, ""13279"": 0.0, ""13287"": 0.0, ""13345"": 0.0, ""13453"": 0.0, ""3321"": 0.0, ""3634"": 0.0, ""6650"": 0.0, ""6804"": 0.0, ""7564"": 0.0, ""7726"": 0.0, ""8112"": 0.0, ""8228"": 0.0, ""9484"": 0.0}","[0.0, 0.0, 0.0, 0.0, 0.0, 0.0, 0.0, 0.0, 0.0, 0.0, 0.0]"
2026-10-10T13:26:55+00:00,1359546418284494848,12,4,2,0.0,"[""11435"", ""11533"", ""11566"", ""11631"", ""11632"", ""12506"", ""12512"", ""13371"", ""13417"", ""4866"", ""5041"", ""5840"", ""5872"", ""8129"", ""8137"", ""8154"", ""9228"", ""9500""]","[""11566"", ""11435"", ""12512"", ""11632"", ""8137"", ""12506"", ""5872"", ""11533"", ""5840"", ""5041"", ""13371""]","{""11435"": 0.0, ""11533"": 0.0, ""11566"": 0.0, ""11631"": 0.0, ""11632"": 0.0, ""12506"": 0.0, ""12512"": 0.0, ""13371"": 0.0, ""13417"": 0.0, ""4866"": 0.0, ""5041"": 0.0, ""5840"": 0.0, ""5872"": 0.0, ""8129"": 0.0, ""8137"": 0.0, ""8154"": 0.0, ""9228"": 0.0, ""9500"": 0.0}","[0.0, 0.0, 0.0, 0.0, 0.0, 0.0, 0.0, 0.0, 0.0, 0.0, 0.0]"
2026-10-10T13:26:55+00:00,1359546418284494848,12,2,3,0.0,"[""10213"", ""10232"", ""1166"", ""11667"", ""12481"", ""12495"", ""13286"", ""13414"", ""4081"", ""421"", ""4663"", ""5012"", ""6949"", ""7839"", ""8136"", ""8146"", ""9221"", ""9488"", ""9502""]","[""421"", ""9221"", ""12495"", ""9488"", ""10232"", ""5012"", ""8146"", ""7839"", ""11667"", ""6949"", ""4081""]","{""10213"": 0.0, ""10232"": 0.0, ""1166"": 0.0, ""11667"": 0.0, ""12481"": 0.0, ""12495"": 0.0, ""13286"": 0.0, ""13414"": 0.0, ""4081"": 0.0, ""421"": 0.0, ""4663"": 0.0, ""5012"": 0.0, ""6949"": 0.0, ""7839"": 0.0, ""8136"": 0.0, ""8146"": 0.0, ""9221"": 0.0, ""9488"": 0.0, ""9502"": 0.0}","[0.0, 0.0, 0.0, 0.0, 0.0, 0.0, 0.0, 0.0, 0.0, 0.0, 0.0]"
2026-10-10T13:26:55+00:00,1359546418284494848,12,2,4,0.0,"[""10229"", ""11563"", ""11786"", ""12490"", ""13376"", ""4035"", ""4037"", ""4217"", ""4984"", ""5332"", ""6790"", ""7002"", ""7021"", ""7627"", ""8132"", ""8167"", ""9493""]","[""4984"", ""12490"", ""6790"", ""8167"", ""10229"", ""4217"", ""9493"", ""11786"", ""7627"", ""5332"", ""13376""]","{""10229"": 0.0, ""11563"": 0.0, ""11786"": 0.0, ""12490"": 0.0, ""13376"": 0.0, ""4035"": 0.0, ""4037"": 0.0, ""4217"": 0.0, ""4984"": 0.0, ""5332"": 0.0, ""6790"": 0.0, ""7002"": 0.0, ""7021"": 0.0, ""7627"": 0.0, ""8132"": 0.0, ""8167"": 0.0, ""9493"": 0.0}","[0.0, 0.0, 0.0, 0.0, 0.0, 0.0, 0.0, 0.0, 0.0, 0.0, 0.0]"
2026-10-10T13:26:55+00:00,1359546418284494848,12,6,5,0.0,"[""11560"", ""12185"", ""12474"", ""12507"", ""12514"", ""12530"", ""12533"", ""13281"", ""13346"", ""3172"", ""3257"", ""5844"", ""5859"", ""6217"", ""6911"", ""8121"", ""8144"", ""8151"", ""8408""]","[""3257"", ""12507"", ""12474"", ""8121"", ""8144"", ""5844"", ""13346"", ""12185"", ""3172"", ""6217"", ""6911""]","{""11560"": 0.0, ""12185"": 0.0, ""12474"": 0.0, ""12507"": 0.0, ""12514"": 0.0, ""12530"": 0.0, ""12533"": 0.0, ""13281"": 0.0, ""13346"": 0.0, ""3172"": 0.0, ""3257"": 0.0, ""5844"": 0.0, ""5859"": 0.0, ""6217"": 0.0, ""6911"": 0.0, ""8121"": 0.0, ""8144"": 0.0, ""8151"": 0.0, ""8408"": 0.0}","[0.0, 0.0, 0.0, 0.0, 0.0, 0.0, 0.0, 0.0, 0.0, 0.0, 0.0]"
2026-10-10T13:26:55+00:00,1359546418284494848,12,1,6,0.0,"[""11581"", ""11630"", ""11637"", ""12517"", ""13545"", ""2133"", ""4224"", ""4971"", ""5991"", ""6819"", ""6904"", ""7525"", ""8131"", ""8138"", ""8267"", ""9224"", ""9486""]","[""6904"", ""8138"", ""9224"", ""11630"", ""2133"", ""12517"", ""11637"", ""13545"", ""5991"", ""8267"", ""4224""]","{""11581"": 0.0, ""11630"": 0.0, ""11637"": 0.0, ""12517"": 0.0, ""13545"": 0.0, ""2133"": 0.0, ""4224"": 0.0, ""4971"": 0.0, ""5991"": 0.0, ""6819"": 0.0, ""6904"": 0.0, ""7525"": 0.0, ""8131"": 0.0, ""8138"": 0.0, ""8267"": 0.0, ""9224"": 0.0, ""9486"": 0.0}","[0.0, 0.0, 0.0, 0.0, 0.0, 0.0, 0.0, 0.0, 0.0, 0.0, 0.0]"
2026-10-10T13:26:55+00:00,1359546418284494848,12,4,7,0.0,"[""10859"", ""11687"", ""12534"", ""12617"", ""13293"", ""4046"", ""4943"", ""5001"", ""5816"", ""5846"", ""5927"", ""6786"", ""6806"", ""7594"", ""8150"", ""8155"", ""8259"", ""8280"", ""8339""]","[""4943"", ""8150"", ""6806"", ""6786"", ""5927"", ""10859"", ""5846"", ""8259"", ""8280"", ""12617"", ""8339""]","{""10859"": 0.0, ""11687"": 0.0, ""12534"": 0.0, ""12617"": 0.0, ""13293"": 0.0, ""4046"": 0.0, ""4943"": 0.0, ""5001"": 0.0, ""5816"": 0.0, ""5846"": 0.0, ""5927"": 0.0, ""6786"": 0.0, ""6806"": 0.0, ""7594"": 0.0, ""8150"": 0.0, ""8155"": 0.0, ""8259"": 0.0, ""8280"": 0.0, ""8339"": 0.0}","[0.0, 0.0, 0.0, 0.0, 0.0, 0.0, 0.0, 0.0, 0.0, 0.0, 0.0]"
2026-10-10T13:26:55+00:00,1359546418284494848,12,5,8,0.0,"[""11586"", ""11792"", ""12501"", ""12519"", ""12545"", ""12591"", ""4983"", ""6183"", ""7523"", ""7588"", ""7611"", ""7648"", ""8130"", ""8148"", ""9487"", ""9509"", ""9757""]","[""7523"", ""9509"", ""7588"", ""9487"", ""12501"", ""8130"", ""12519"", ""11792"", ""6183"", ""7648"", ""12591""]","{""11586"": 0.0, ""11792"": 0.0, ""12501"": 0.0, ""12519"": 0.0, ""12545"": 0.0, ""12591"": 0.0, ""4983"": 0.0, ""6183"": 0.0, ""7523"": 0.0, ""7588"": 0.0, ""7611"": 0.0, ""7648"": 0.0, ""8130"": 0.0, ""8148"": 0.0, ""9487"": 0.0, ""9509"": 0.0, ""9757"": 0.0}","[0.0, 0.0, 0.0, 0.0, 0.0, 0.0, 0.0, 0.0, 0.0, 0.0, 0.0]"
2026-10-10T13:26:55+00:00,1359546418284494848,12,6,9,0.0,"[""11646"", ""12578"", ""2216"", ""3198"", ""3294"", ""3451"", ""4034"", ""5022"", ""6125"", ""6801"", ""6815"", ""7049"", ""7113"", ""7526"", ""8110"", ""8142"", ""8183"", ""8330""]","[""8183"", ""4034"", ""3198"", ""6801"", ""7526"", ""8110"", ""2216"", ""3451"", ""7113"", ""12578"", ""8330""]","{""11646"": 0.0, ""12578"": 0.0, ""2216"": 0.0, ""3198"": 0.0, ""3294"": 0.0, ""3451"": 0.0, ""4034"": 0.0, ""5022"": 0.0, ""6125"": 0.0, ""6801"": 0.0, ""6815"": 0.0, ""7049"": 0.0, ""7113"": 0.0, ""7526"": 0.0, ""8110"": 0.0, ""8142"": 0.0, ""8183"": 0.0, ""8330"": 0.0}","[0.0, 0.0, 0.0, 0.0, 0.0, 0.0, 0.0, 0.0, 0.0, 0.0, 0.0]"
2026-10-10T13:26:55+00:00,1359546418284494848,12,3,10,0.0,"[""10892"", ""11576"", ""11604"", ""11678"", ""12526"", ""13298"", ""13375"", ""2747"", ""3163"", ""3214"", ""3973"", ""4177"", ""5892"", ""5947"", ""6794"", ""7543"", ""8289"", ""8392""]","[""3163"", ""11576"", ""5892"", ""5947"", ""13298"", ""11604"", ""4177"", ""2747"", ""10892"", ""13375"", ""11678""]","{""10892"": 0.0, ""11576"": 0.0, ""11604"": 0.0, ""11678"": 0.0, ""12526"": 0.0, ""13298"": 0.0, ""13375"": 0.0, ""2747"": 0.0, ""3163"": 0.0, ""3214"": 0.0, ""3973"": 0.0, ""4177"": 0.0, ""5892"": 0.0, ""5947"": 0.0, ""6794"": 0.0, ""7543"": 0.0, ""8289"": 0.0, ""8392"": 0.0}","[0.0, 0.0, 0.0, 0.0, 0.0, 0.0, 0.0, 0.0, 0.0, 0.0, 0.0]"
2026-10-10T13:26:55+00:00,1359546418284494848,12,3,11,0.0,"[""10917"", ""11620"", ""11635"", ""11705"", ""12489"", ""12518"", ""12527"", ""13294"", ""1945"", ""2393"", ""2449"", ""4070"", ""6770"", ""6797"", ""6813"", ""6828"", ""9753"", ""9997""]","[""6770"", ""6813"", ""12527"", ""2449"", ""9997"", ""12518"", ""12489"", ""1945"", ""4070"", ""10917"", ""11705""]","{""10917"": 0.0, ""11620"": 0.0, ""11635"": 0.0, ""11705"": 0.0, ""12489"": 0.0, ""12518"": 0.0, ""12527"": 0.0, ""13294"": 0.0, ""1945"": 0.0, ""2393"": 0.0, ""2449"": 0.0, ""4070"": 0.0, ""6770"": 0.0, ""6797"": 0.0, ""6813"": 0.0, ""6828"": 0.0, ""9753"": 0.0, ""9997"": 0.0}","[0.0, 0.0, 0.0, 0.0, 0.0, 0.0, 0.0, 0.0, 0.0, 0.0, 0.0]"
2026-10-10T13:26:55+00:00,1359546418284494848,12,5,12,0.0,"[""10236"", ""10880"", ""11628"", ""12529"", ""12597"", ""13377"", ""1466"", ""4199"", ""4881"", ""5967"", ""6083"", ""7547"", ""7553"", ""7569"", ""8134"", ""9226"", ""96"", ""9756""]","[""96"", ""4199"", ""12529"", ""7547"", ""7569"", ""10236"", ""5967"", ""6083"", ""13377"", ""10880"", ""12597""]","{""10236"": 0.0, ""10880"": 0.0, ""11628"": 0.0, ""12529"": 0.0, ""12597"": 0.0, ""13377"": 0.0, ""1466"": 0.0, ""4199"": 0.0, ""4881"": 0.0, ""5967"": 0.0, ""6083"": 0.0, ""7547"": 0.0, ""7553"": 0.0, ""7569"": 0.0, ""8134"": 0.0, ""9226"": 0.0, ""96"": 0.0, ""9756"": 0.0}","[0.0, 0.0, 0.0, 0.0, 0.0, 0.0, 0.0, 0.0, 0.0, 0.0, 0.0]"
2026-10-10T13:26:55+00:00,1359546418284494848,13,1,1,0.0,"[""11564"", ""11577"", ""11584"", ""11739"", ""11834"", ""13264"", ""13279"", ""13287"", ""13345"", ""13453"", ""3321"", ""3634"", ""6650"", ""6804"", ""7564"", ""7726"", ""8112"", ""8228"", ""9484""]","[""6804"", ""8228"", ""11584"", ""13279"", ""8112"", ""9484"", ""13287"", ""6650"", ""7726"", ""13453"", ""11739""]","{""11564"": 0.0, ""11577"": 0.0, ""11584"": 0.0, ""11739"": 0.0, ""11834"": 0.0, ""13264"": 0.0, ""13279"": 0.0, ""13287"": 0.0, ""13345"": 0.0, ""13453"": 0.0, ""3321"": 0.0, ""3634"": 0.0, ""6650"": 0.0, ""6804"": 0.0, ""7564"": 0.0, ""7726"": 0.0, ""8112"": 0.0, ""8228"": 0.0, ""9484"": 0.0}","[0.0, 0.0, 0.0, 0.0, 0.0, 0.0, 0.0, 0.0, 0.0, 0.0, 0.0]"
2026-10-10T13:26:55+00:00,1359546418284494848,13,5,2,0.0,"[""11435"", ""11533"", ""11566"", ""11631"", ""11632"", ""12506"", ""12512"", ""13371"", ""13417"", ""4866"", ""5041"", ""5840"", ""5872"", ""8129"", ""8137"", ""8154"", ""9228"", ""9500""]","[""11566"", ""11435"", ""12512"", ""11632"", ""8137"", ""12506"", ""5872"", ""11533"", ""5840"", ""5041"", ""13371""]","{""11435"": 0.0, ""11533"": 0.0, ""11566"": 0.0, ""11631"": 0.0, ""11632"": 0.0, ""12506"": 0.0, ""12512"": 0.0, ""13371"": 0.0, ""13417"": 0.0, ""4866"": 0.0, ""5041"": 0.0, ""5840"": 0.0, ""5872"": 0.0, ""8129"": 0.0, ""8137"": 0.0, ""8154"": 0.0, ""9228"": 0.0, ""9500"": 0.0}","[0.0, 0.0, 0.0, 0.0, 0.0, 0.0, 0.0, 0.0, 0.0, 0.0, 0.0]"
2026-10-10T13:26:55+00:00,1359546418284494848,13,3,3,0.0,"[""10213"", ""10232"", ""1166"", ""11667"", ""12481"", ""12495"", ""13286"", ""13414"", ""4081"", ""421"", ""4663"", ""5012"", ""6949"", ""7839"", ""8136"", ""8146"", ""9221"", ""9488"", ""9502""]","[""421"", ""9221"", ""12495"", ""9488"", ""10232"", ""5012"", ""8146"", ""7839"", ""11667"", ""6949"", ""4081""]","{""10213"": 0.0, ""10232"": 0.0, ""1166"": 0.0, ""11667"": 0.0, ""12481"": 0.0, ""12495"": 0.0, ""13286"": 0.0, ""13414"": 0.0, ""4081"": 0.0, ""421"": 0.0, ""4663"": 0.0, ""5012"": 0.0, ""6949"": 0.0, ""7839"": 0.0, ""8136"": 0.0, ""8146"": 0.0, ""9221"": 0.0, ""9488"": 0.0, ""9502"": 0.0}","[0.0, 0.0, 0.0, 0.0, 0.0, 0.0, 0.0, 0.0, 0.0, 0.0, 0.0]"
2026-10-10T13:26:55+00:00,1359546418284494848,13,1,4,0.0,"[""10229"", ""11563"", ""11786"", ""12490"", ""13376"", ""4035"", ""4037"", ""4217"", ""4984"", ""5332"", ""6790"", ""7002"", ""7021"", ""7627"", ""8132"", ""8167"", ""9493""]","[""4984"", ""12490"", ""6790"", ""8167"", ""10229"", ""4217"", ""9493"", ""11786"", ""7627"", ""5332"", ""13376""]","{""10229"": 0.0, ""11563"": 0.0, ""11786"": 0.0, ""12490"": 0.0, ""13376"": 0.0, ""4035"": 0.0, ""4037"": 0.0, ""4217"": 0.0, ""4984"": 0.0, ""5332"": 0.0, ""6790"": 0.0, ""7002"": 0.0, ""7021"": 0.0, ""7627"": 0.0, ""8132"": 0.0, ""8167"": 0.0, ""9493"": 0.0}","[0.0, 0.0, 0.0, 0.0, 0.0, 0.0, 0.0, 0.0, 0.0, 0.0, 0.0]"
2026-10-10T13:26:55+00:00,1359546418284494848,13,6,5,0.0,"[""11560"", ""12185"", ""12474"", ""12507"", ""12514"", ""12530"", ""12533"", ""13281"", ""13346"", ""3172"", ""3257"", ""5844"", ""5859"", ""6217"", ""6911"", ""8121"", ""8144"", ""8151"", ""8408""]","[""3257"", ""12507"", ""12474"", ""8121"", ""8144"", ""5844"", ""13346"", ""12185"", ""3172"", ""6217"", ""6911""]","{""11560"": 0.0, ""12185"": 0.0, ""12474"": 0.0, ""12507"": 0.0, ""12514"": 0.0, ""12530"": 0.0, ""12533"": 0.0, ""13281"": 0.0, ""13346"": 0.0, ""3172"": 0.0, ""3257"": 0.0, ""5844"": 0.0, ""5859"": 0.0, ""6217"": 0.0, ""6911"": 0.0, ""8121"": 0.0, ""8144"": 0.0, ""8151"": 0.0, ""8408"": 0.0}","[0.0, 0.0, 0.0, 0.0, 0.0, 0.0, 0.0, 0.0, 0.0, 0.0, 0.0]"
2026-10-10T13:26:55+00:00,1359546418284494848,13,2,6,0.0,"[""11581"", ""11630"", ""11637"", ""12517"", ""13545"", ""2133"", ""4224"", ""4971"", ""5991"", ""6819"", ""6904"", ""7525"", ""8131"", ""8138"", ""8267"", ""9224"", ""9486""]","[""6904"", ""8138"", ""9224"", ""11630"", ""2133"", ""12517"", ""11637"", ""13545"", ""5991"", ""8267"", ""4224""]","{""11581"": 0.0, ""11630"": 0.0, ""11637"": 0.0, ""12517"": 0.0, ""13545"": 0.0, ""2133"": 0.0, ""4224"": 0.0, ""4971"": 0.0, ""5991"": 0.0, ""6819"": 0.0, ""6904"": 0.0, ""7525"": 0.0, ""8131"": 0.0, ""8138"": 0.0, ""8267"": 0.0, ""9224"": 0.0, ""9486"": 0.0}","[0.0, 0.0, 0.0, 0.0, 0.0, 0.0, 0.0, 0.0, 0.0, 0.0, 0.0]"
2026-10-10T13:26:55+00:00,1359546418284494848,13,3,7,0.0,"[""10859"", ""11687"", ""12534"", ""12617"", ""13293"", ""4046"", ""4943"", ""5001"", ""5816"", ""5846"", ""5927"", ""6786"", ""6806"", ""7594"", ""8150"", ""8155"", ""8259"", ""8280"", ""8339""]","[""4943"", ""8150"", ""6806"", ""6786"", ""5927"", ""10859"", ""5846"", ""8259"", ""8280"", ""12617"", ""8339""]","{""10859"": 0.0, ""11687"": 0.0, ""12534"": 0.0, ""12617"": 0.0, ""13293"": 0.0, ""4046"": 0.0, ""4943"": 0.0, ""5001"": 0.0, ""5816"": 0.0, ""5846"": 0.0, ""5927"": 0.0, ""6786"": 0.0, ""6806"": 0.0, ""7594"": 0.0, ""8150"": 0.0, ""8155"": 0.0, ""8259"": 0.0, ""8280"": 0.0, ""8339"": 0.0}","[0.0, 0.0, 0.0, 0.0, 0.0, 0.0, 0.0, 0.0, 0.0, 0.0, 0.0]"
2026-10-10T13:26:55+00:00,1359546418284494848,13,4,8,0.0,"[""11586"", ""11792"", ""12501"", ""12519"", ""12545"", ""12591"", ""4983"", ""6183"", ""7523"", ""7588"", ""7611"", ""7648"", ""8130"", ""8148"", ""9487"", ""9509"", ""9757""]","[""7523"", ""9509"", ""7588"", ""9487"", ""12501"", ""8130"", ""12519"", ""11792"", ""6183"", ""7648"", ""12591""]","{""11586"": 0.0, ""11792"": 0.0, ""12501"": 0.0, ""12519"": 0.0, ""12545"": 0.0, ""12591"": 0.0, ""4983"": 0.0, ""6183"": 0.0, ""7523"": 0.0, ""7588"": 0.0, ""7611"": 0.0, ""7648"": 0.0, ""8130"": 0.0, ""8148"": 0.0, ""9487"": 0.0, ""9509"": 0.0, ""9757"": 0.0}","[0.0, 0.0, 0.0, 0.0, 0.0, 0.0, 0.0, 0.0, 0.0, 0.0, 0.0]"
2026-10-10T13:26:55+00:00,1359546418284494848,13,5,9,0.0,"[""11646"", ""12578"", ""2216"", ""3198"", ""3294"", ""3451"", ""4034"", ""5022"", ""6125"", ""6801"", ""6815"", ""7049"", ""7113"", ""7526"", ""8110"", ""8142"", ""8183"", ""8330""]","[""8183"", ""4034"", ""3198"", ""6801"", ""7526"", ""8110"", ""2216"", ""3451"", ""7113"", ""12578"", ""8330""]","{""11646"": 0.0, ""12578"": 0.0, ""2216"": 0.0, ""3198"": 0.0, ""3294"": 0.0, ""3451"": 0.0, ""4034"": 0.0, ""5022"": 0.0, ""6125"": 0.0, ""6801"": 0.0, ""6815"": 0.0, ""7049"": 0.0, ""7113"": 0.0, ""7526"": 0.0, ""8110"": 0.0, ""8142"": 0.0, ""8183"": 0.0, ""8330"": 0.0}","[0.0, 0.0, 0.0, 0.0, 0.0, 0.0, 0.0, 0.0, 0.0, 0.0, 0.0]"
2026-10-10T13:26:55+00:00,1359546418284494848,13,2,10,0.0,"[""10892"", ""11576"", ""11604"", ""11678"", ""12526"", ""13298"", ""13375"", ""2747"", ""3163"", ""3214"", ""3973"", ""4177"", ""5892"", ""5947"", ""6794"", ""7543"", ""8289"", ""8392""]","[""3163"", ""11576"", ""5892"", ""5947"", ""13298"", ""11604"", ""4177"", ""2747"", ""10892"", ""13375"", ""11678""]","{""10892"": 0.0, ""11576"": 0.0, ""11604"": 0.0, ""11678"": 0.0, ""12526"": 0.0, ""13298"": 0.0, ""13375"": 0.0, ""2747"": 0.0, ""3163"": 0.0, ""3214"": 0.0, ""3973"": 0.0, ""4177"": 0.0, ""5892"": 0.0, ""5947"": 0.0, ""6794"": 0.0, ""7543"": 0.0, ""8289"": 0.0, ""8392"": 0.0}","[0.0, 0.0, 0.0, 0.0, 0.0, 0.0, 0.0, 0.0, 0.0, 0.0, 0.0]"
2026-10-10T13:26:55+00:00,1359546418284494848,13,4,11,0.0,"[""10917"", ""11620"", ""11635"", ""11705"", ""12489"", ""12518"", ""12527"", ""13294"", ""1945"", ""2393"", ""2449"", ""4070"", ""6770"", ""6797"", ""6813"", ""6828"", ""9753"", ""9997""]","[""6770"", ""6813"", ""12527"", ""2449"", ""9997"", ""12518"", ""12489"", ""1945"", ""4070"", ""10917"", ""11705""]","{""10917"": 0.0, ""11620"": 0.0, ""11635"": 0.0, ""11705"": 0.0, ""12489"": 0.0, ""12518"": 0.0, ""12527"": 0.0, ""13294"": 0.0, ""1945"": 0.0, ""2393"": 0.0, ""2449"": 0.0, ""4070"": 0.0, ""6770"": 0.0, ""6797"": 0.0, ""6813"": 0.0, ""6828"": 0.0, ""9753"": 0.0, ""9997"": 0.0}","[0.0, 0.0, 0.0, 0.0, 0.0, 0.0, 0.0, 0.0, 0.0, 0.0, 0.0]"
2026-10-10T13:26:55+00:00,1359546418284494848,13,6,12,0.0,"[""10236"", ""10880"", ""11628"", ""12529"", ""12597"", ""13377"", ""1466"", ""4199"", ""4881"", ""5967"", ""6083"", ""7547"", ""7553"", ""7569"", ""8134"", ""9226"", ""96"", ""9756""]","[""96"", ""4199"", ""12529"", ""7547"", ""7569"", ""10236"", ""5967"", ""6083"", ""13377"", ""10880"", ""12597""]","{""10236"": 0.0, ""10880"": 0.0, ""11628"": 0.0, ""12529"": 0.0, ""12597"": 0.0, ""13377"": 0.0, ""1466"": 0.0, ""4199"": 0.0, ""4881"": 0.0, ""5967"": 0.0, ""6083"": 0.0, ""7547"": 0.0, ""7553"": 0.0, ""7569"": 0.0, ""8134"": 0.0, ""9226"": 0.0, ""96"": 0.0, ""9756"": 0.0}","[0.0, 0.0, 0.0, 0.0, 0.0, 0.0, 0.0, 0.0, 0.0, 0.0, 0.0]"
2026-10-10T13:26:55+00:00,1359546418284494848,14,1,1,0.0,"[""11564"", ""11577"", ""11584"", ""11739"", ""11834"", ""13264"", ""13279"", ""13287"", ""13345"", ""13453"", ""3321"", ""3634"", ""6650"", ""6804"", ""7564"", ""7726"", ""8112"", ""8228"", ""9484""]","[""6804"", ""8228"", ""11584"", ""13279"", ""8112"", ""9484"", ""13287"", ""6650"", ""7726"", ""13453"", ""11739""]","{""11564"": 0.0, ""11577"": 0.0, ""11584"": 0.0, ""11739"": 0.0, ""11834"": 0.0, ""13264"": 0.0, ""13279"": 0.0, ""13287"": 0.0, ""13345"": 0.0, ""13453"": 0.0, ""3321"": 0.0, ""3634"": 0.0, ""6650"": 0.0, ""6804"": 0.0, ""7564"": 0.0, ""7726"": 0.0, ""8112"": 0.0, ""8228"": 0.0, ""9484"": 0.0}","[0.0, 0.0, 0.0, 0.0, 0.0, 0.0, 0.0, 0.0, 0.0, 0.0, 0.0]"
2026-10-10T13:26:55+00:00,1359546418284494848,14,6,2,0.0,"[""11435"", ""11533"", ""11566"", ""11631"", ""11632"", ""12506"", ""12512"", ""13371"", ""13417"", ""4866"", ""5041"", ""5840"", ""5872"", ""8129"", ""8137"", ""8154"", ""9228"", ""9500""]","[""11566"", ""11435"", ""12512"", ""11632"", ""8137"", ""12506"", ""5872"", ""11533"", ""5840"", ""5041"", ""13371""]","{""11435"": 0.0, ""11533"": 0.0, ""11566"": 0.0, ""11631"": 0.0, ""11632"": 0.0, ""12506"": 0.0, ""12512"": 0.0, ""13371"": 0.0, ""13417"": 0.0, ""4866"": 0.0, ""5041"": 0.0, ""5840"": 0.0, ""5872"": 0.0, ""8129"": 0.0, ""8137"": 0.0, ""8154"": 0.0, ""9228"": 0.0, ""9500"": 0.0}","[0.0, 0.0, 0.0, 0.0, 0.0, 0.0, 0.0, 0.0, 0.0, 0.0, 0.0]"
2026-10-10T13:26:55+00:00,1359546418284494848,14,4,3,0.0,"[""10213"", ""10232"", ""1166"", ""11667"", ""12481"", ""12495"", ""13286"", ""13414"", ""4081"", ""421"", ""4663"", ""5012"", ""6949"", ""7839"", ""8136"", ""8146"", ""9221"", ""9488"", ""9502""]","[""421"", ""9221"", ""12495"", ""9488"", ""10232"", ""5012"", ""8146"", ""7839"", ""11667"", ""6949"", ""4081""]","{""10213"": 0.0, ""10232"": 0.0, ""1166"": 0.0, ""11667"": 0.0, ""12481"": 0.0, ""12495"": 0.0, ""13286"": 0.0, ""13414"": 0.0, ""4081"": 0.0, ""421"": 0.0, ""4663"": 0.0, ""5012"": 0.0, ""6949"": 0.0, ""7839"": 0.0, ""8136"": 0.0, ""8146"": 0.0, ""9221"": 0.0, ""9488"": 0.0, ""9502"": 0.0}","[0.0, 0.0, 0.0, 0.0, 0.0, 0.0, 0.0, 0.0, 0.0, 0.0, 0.0]"
2026-10-10T13:26:55+00:00,1359546418284494848,14,2,4,0.0,"[""10229"", ""11563"", ""11786"", ""12490"", ""13376"", ""4035"", ""4037"", ""4217"", ""4984"", ""5332"", ""6790"", ""7002"", ""7021"", ""7627"", ""8132"", ""8167"", ""9493""]","[""4984"", ""12490"", ""6790"", ""8167"", ""10229"", ""4217"", ""9493"", ""11786"", ""7627"", ""5332"", ""13376""]","{""10229"": 0.0, ""11563"": 0.0, ""11786"": 0.0, ""12490"": 0.0, ""13376"": 0.0, ""4035"": 0.0, ""4037"": 0.0, ""4217"": 0.0, ""4984"": 0.0, ""5332"": 0.0, ""6790"": 0.0, ""7002"": 0.0, ""7021"": 0.0, ""7627"": 0.0, ""8132"": 0.0, ""8167"": 0.0, ""9493"": 0.0}","[0.0, 0.0, 0.0, 0.0, 0.0, 0.0, 0.0, 0.0, 0.0, 0.0, 0.0]"
2026-10-10T13:26:55+00:00,1359546418284494848,14,5,5,0.0,"[""11560"", ""12185"", ""12474"", ""12507"", ""12514"", ""12530"", ""12533"", ""13281"", ""13346"", ""3172"", ""3257"", ""5844"", ""5859"", ""6217"", ""6911"", ""8121"", ""8144"", ""8151"", ""8408""]","[""3257"", ""12507"", ""12474"", ""8121"", ""8144"", ""5844"", ""13346"", ""12185"", ""3172"", ""6217"", ""6911""]","{""11560"": 0.0, ""12185"": 0.0, ""12474"": 0.0, ""12507"": 0.0, ""12514"": 0.0, ""12530"": 0.0, ""12533"": 0.0, ""13281"": 0.0, ""13346"": 0.0, ""3172"": 0.0, ""3257"": 0.0, ""5844"": 0.0, ""5859"": 0.0, ""6217"": 0.0, ""6911"": 0.0, ""8121"": 0.0, ""8144"": 0.0, ""8151"": 0.0, ""8408"": 0.0}","[0.0, 0.0, 0.0, 0.0, 0.0, 0.0, 0.0, 0.0, 0.0, 0.0, 0.0]"
2026-10-10T13:26:55+00:00,1359546418284494848,14,3,6,0.0,"[""11581"", ""11630"", ""11637"", ""12517"", ""13545"", ""2133"", ""4224"", ""4971"", ""5991"", ""6819"", ""6904"", ""7525"", ""8131"", ""8138"", ""8267"", ""9224"", ""9486""]","[""6904"", ""8138"", ""9224"", ""11630"", ""2133"", ""12517"", ""11637"", ""13545"", ""5991"", ""8267"", ""4224""]","{""11581"": 0.0, ""11630"": 0.0, ""11637"": 0.0, ""12517"": 0.0, ""13545"": 0.0, ""2133"": 0.0, ""4224"": 0.0, ""4971"": 0.0, ""5991"": 0.0, ""6819"": 0.0, ""6904"": 0.0, ""7525"": 0.0, ""8131"": 0.0, ""8138"": 0.0, ""8267"": 0.0, ""9224"": 0.0, ""9486"": 0.0}","[0.0, 0.0, 0.0, 0.0, 0.0, 0.0, 0.0, 0.0, 0.0, 0.0, 0.0]"
2026-10-10T13:26:55+00:00,1359546418284494848,14,2,7,0.0,"[""10859"", ""11687"", ""12534"", ""12617"", ""13293"", ""4046"", ""4943"", ""5001"", ""5816"", ""5846"", ""5927"", ""6786"", ""6806"", ""7594"", ""8150"", ""8155"", ""8259"", ""8280"", ""8339""]","[""4943"", ""8150"", ""6806"", ""6786"", ""5927"", ""10859"", ""5846"", ""8259"", ""8280"", ""12617"", ""8339""]","{""10859"": 0.0, ""11687"": 0.0, ""12534"": 0.0, ""12617"": 0.0, ""13293"": 0.0, ""4046"": 0.0, ""4943"": 0.0, ""5001"": 0.0, ""5816"": 0.0, ""5846"": 0.0, ""5927"": 0.0, ""6786"": 0.0, ""6806"": 0.0, ""7594"": 0.0, ""8150"": 0.0, ""8155"": 0.0, ""8259"": 0.0, ""8280"": 0.0, ""8339"": 0.0}","[0.0, 0.0, 0.0, 0.0, 0.0, 0.0, 0.0, 0.0, 0.0, 0.0, 0.0]"
2026-10-10T13:26:55+00:00,1359546418284494848,14,3,8,0.0,"[""11586"", ""11792"", ""12501"", ""12519"", ""12545"", ""12591"", ""4983"", ""6183"", ""7523"", ""7588"", ""7611"", ""7648"", ""8130"", ""8148"", ""9487"", ""9509"", ""9757""]","[""7523"", ""9509"", ""7588"", ""9487"", ""12501"", ""8130"", ""12519"", ""11792"", ""6183"", ""7648"", ""12591""]","{""11586"": 0.0, ""11792"": 0.0, ""12501"": 0.0, ""12519"": 0.0, ""12545"": 0.0, ""12591"": 0.0, ""4983"": 0.0, ""6183"": 0.0, ""7523"": 0.0, ""7588"": 0.0, ""7611"": 0.0, ""7648"": 0.0, ""8130"": 0.0, ""8148"": 0.0, ""9487"": 0.0, ""9509"": 0.0, ""9757"": 0.0}","[0.0, 0.0, 0.0, 0.0, 0.0, 0.0, 0.0, 0.0, 0.0, 0.0, 0.0]"
2026-10-10T13:26:55+00:00,1359546418284494848,14,4,9,0.0,"[""11646"", ""12578"", ""2216"", ""3198"", ""3294"", ""3451"", ""4034"", ""5022"", ""6125"", ""6801"", ""6815"", ""7049"", ""7113"", ""7526"", ""8110"", ""8142"", ""8183"", ""8330""]","[""8183"", ""4034"", ""3198"", ""6801"", ""7526"", ""8110"", ""2216"", ""3451"", ""7113"", ""12578"", ""8330""]","{""11646"": 0.0, ""12578"": 0.0, ""2216"": 0.0, ""3198"": 0.0, ""3294"": 0.0, ""3451"": 0.0, ""4034"": 0.0, ""5022"": 0.0, ""6125"": 0.0, ""6801"": 0.0, ""6815"": 0.0, ""7049"": 0.0, ""7113"": 0.0, ""7526"": 0.0, ""8110"": 0.0, ""8142"": 0.0, ""8183"": 0.0, ""8330"": 0.0}","[0.0, 0.0, 0.0, 0.0, 0.0, 0.0, 0.0, 0.0, 0.0, 0.0, 0.0]"
2026-10-10T13:26:55+00:00,1359546418284494848,14,1,10,0.0,"[""10892"", ""11576"", ""11604"", ""11678"", ""12526"", ""13298"", ""13375"", ""2747"", ""3163"", ""3214"", ""3973"", ""4177"", ""5892"", ""5947"", ""6794"", ""7543"", ""8289"", ""8392""]","[""3163"", ""11576"", ""5892"", ""5947"", ""13298"", ""11604"", ""4177"", ""2747"", ""10892"", ""13375"", ""11678""]","{""10892"": 0.0, ""11576"": 0.0, ""11604"": 0.0, ""11678"": 0.0, ""12526"": 0.0, ""13298"": 0.0, ""13375"": 0.0, ""2747"": 0.0, ""3163"": 0.0, ""3214"": 0.0, ""3973"": 0.0, ""4177"": 0.0, ""5892"": 0.0, ""5947"": 0.0, ""6794"": 0.0, ""7543"": 0.0, ""8289"": 0.0, ""8392"": 0.0}","[0.0, 0.0, 0.0, 0.0, 0.0, 0.0, 0.0, 0.0, 0.0, 0.0, 0.0]"
2026-10-10T13:26:55+00:00,1359546418284494848,14,5,11,0.0,"[""10917"", ""11620"", ""11635"", ""11705"", ""12489"", ""12518"", ""12527"", ""13294"", ""1945"", ""2393"", ""2449"", ""4070"", ""6770"", ""6797"", ""6813"", ""6828"", ""9753"", ""9997""]","[""6770"", ""6813"", ""12527"", ""2449"", ""9997"", ""12518"", ""12489"", ""1945"", ""4070"", ""10917"", ""11705""]","{""10917"": 0.0, ""11620"": 0.0, ""11635"": 0.0, ""11705"": 0.0, ""12489"": 0.0, ""12518"": 0.0, ""12527"": 0.0, ""13294"": 0.0, ""1945"": 0.0, ""2393"": 0.0, ""2449"": 0.0, ""4070"": 0.0, ""6770"": 0.0, ""6797"": 0.0, ""6813"": 0.0, ""6828"": 0.0, ""9753"": 0.0, ""9997"": 0.0}","[0.0, 0.0, 0.0, 0.0, 0.0, 0.0, 0.0, 0.0, 0.0, 0.0, 0.0]"
2026-10-10T13:26:55+00:00,1359546418284494848,14,6,12,0.0,"[""10236"", ""10880"", ""11628"", ""12529"", ""12597"", ""13377"", ""1466"", ""4199"", ""4881"", ""5967"", ""6083"", ""7547"", ""7553"", ""7569"", ""8134"", ""9226"", ""96"", ""9756""]","[""96"", ""4199"", ""12529"", ""7547"", ""7569"", ""10236"", ""5967"", ""6083"", ""13377"", ""10880"", ""12597""]","{""10236"": 0.0, ""10880"": 0.0, ""11628"": 0.0, ""12529"": 0.0, ""12597"": 0.0, ""13377"": 0.0, ""1466"": 0.0, ""4199"": 0.0, ""4881"": 0.0, ""5967"": 0.0, ""6083"": 0.0, ""7547"": 0.0, ""7553"": 0.0, ""7569"": 0.0, ""8134"": 0.0, ""9226"": 0.0, ""96"": 0.0, ""9756"": 0.0}","[0.0, 0.0, 0.0, 0.0, 0.0, 0.0, 0.0, 0.0, 0.0, 0.0, 0.0]"
