snapshot_utc,league_id,roster_id,owner_id,is_my_roster,player_id,full_name,position,fantasy_positions,nfl_team,status,injury_status,injury_body_part,practice_participation,practice_description,depth_chart_position,depth_chart_order,active,starter,reserve,taxi
2026-08-31T17:33:25+00:00,1389740418316374016,1,996104610009952256,False,11628,Marvin Harrison,WR,"[""WR""]",ARI,Active,,,,,LWR,1,True,False,False,False
2026-08-31T17:33:25+00:00,1389740418316374016,1,996104610009952256,False,12015,Harrison Mevis,K,"[""K""]",LAR,Active,,,,,K,1,True,True,False,False
2026-08-31T17:33:25+00:00,1389740418316374016,1,996104610009952256,False,12507,Omarion Hampton,RB,"[""RB""]",LAC,Active,,,,,RB,1,True,True,False,False
2026-08-31T17:33:25+00:00,1389740418316374016,1,996104610009952256,False,13286,Jadarian Price,RB,"[""RB""]",SEA,Active,,,,,RB,1,True,False,False,False
2026-08-31T17:33:25+00:00,1389740418316374016,1,996104610009952256,False,4881,Lamar Jackson,QB,"[""QB""]",BAL,Active,,,,,QB,1,True,True,False,False
2026-08-31T17:33:25+00:00,1389740418316374016,1,996104610009952256,False,5892,David Montgomery,RB,"[""RB""]",HOU,Active,,,,,RB,1,True,True,False,False
2026-08-31T17:33:25+00:00,1389740418316374016,1,996104610009952256,False,6804,Jordan Love,QB,"[""QB""]",GB,Active,,,,,QB,1,True,False,False,False
2026-08-31T17:33:25+00:00,1389740418316374016,1,996104610009952256,False,7525,DeVonta Smith,WR,"[""WR""]",PHI,Active,,,,,LWR,1,True,True,False,False
2026-08-31T17:33:25+00:00,1389740418316374016,1,996104610009952256,False,7567,Kenny Gainwell,RB,"[""RB""]",TB,Active,,,,,RB,2,True,False,False,False
2026-08-31T17:33:25+00:00,1389740418316374016,1,996104610009952256,False,8130,Trey McBride,TE,"[""TE""]",ARI,Active,,,,,TE,1,True,True,False,False
2026-08-31T17:33:25+00:00,1389740418316374016,1,996104610009952256,False,8131,Isaiah Likely,TE,"[""TE""]",NYG,Active,,,,,TE,1,True,False,False,False
2026-08-31T17:33:25+00:00,1389740418316374016,1,996104610009952256,False,8148,Jameson Williams,WR,"[""WR""]",DET,Active,,,,,RWR,2,True,True,False,False
2026-08-31T17:33:25+00:00,1389740418316374016,1,996104610009952256,False,9488,Jaxon Smith-Njigba,WR,"[""WR""]",SEA,Active,,,,,LWR,1,True,True,False,False
2026-08-31T17:33:25+00:00,1389740418316374016,1,996104610009952256,False,9754,Quentin Johnston,WR,"[""WR""]",LAC,Active,,,,,LWR,2,True,True,False,False
2026-08-31T17:33:25+00:00,1389740418316374016,1,996104610009952256,False,LAC,Los Angeles Chargers,DEF,"[""DEF""]",LAC,,,,,,,,True,True,False,False
2026-08-31T17:33:25+00:00,1389740418316374016,2,996120449870385152,False,10222,Jayden Reed,WR,"[""WR""]",GB,Active,,,,,SWR,2,True,True,False,False
2026-08-31T17:33:25+00:00,1389740418316374016,2,996120449870385152,False,11581,MarShawn Lloyd,RB,"[""RB""]",GB,Active,,,,,RB,2,True,False,False,False
2026-08-31T17:33:25+00:00,1389740418316374016,2,996120449870385152,False,11583,Jonathon Brooks,RB,"[""RB""]",CAR,Active,,,,,RB,2,True,False,False,False
2026-08-31T17:33:25+00:00,1389740418316374016,2,996120449870385152,False,11631,Brian Thomas,WR,"[""WR""]",JAX,Active,Questionable,Shoulder,,,LWR,2,True,False,False,False
2026-08-31T17:33:25+00:00,1389740418316374016,2,996120449870385152,False,11792,Will Reichard,K,"[""K""]",MIN,Active,,,,,K,1,True,True,False,False
2026-08-31T17:33:25+00:00,1389740418316374016,2,996120449870385152,False,12517,Colston Loveland,TE,"[""TE""]",CHI,Active,,,,,TE,1,True,True,False,False
2026-08-31T17:33:25+00:00,1389740418316374016,2,996120449870385152,False,12519,Luther Burden,WR,"[""WR""]",CHI,Active,Questionable,Lower Body,,,RWR,2,True,True,False,False
2026-08-31T17:33:25+00:00,1389740418316374016,2,996120449870385152,False,5927,Terry McLaurin,WR,"[""WR""]",WAS,Active,,,,,LWR,1,True,True,False,False
2026-08-31T17:33:25+00:00,1389740418316374016,2,996120449870385152,False,6806,J.K. Dobbins,RB,"[""RB""]",DEN,Active,,,,,RB,1,True,False,False,False
2026-08-31T17:33:25+00:00,1389740418316374016,2,996120449870385152,False,7547,Amon-Ra St. Brown,WR,"[""WR""]",DET,Active,,,,,SWR,1,True,True,False,False
2026-08-31T17:33:25+00:00,1389740418316374016,2,996120449870385152,False,7588,Javonte Williams,RB,"[""RB""]",DAL,Active,,,,,RB,1,True,True,False,False
2026-08-31T17:33:25+00:00,1389740418316374016,2,996120449870385152,False,8138,James Cook,RB,"[""RB""]",BUF,Active,,,,,RB,1,True,True,False,False
2026-08-31T17:33:25+00:00,1389740418316374016,2,996120449870385152,False,8183,Brock Purdy,QB,"[""QB""]",SF,Active,,,,,QB,1,True,True,False,False
2026-08-31T17:33:25+00:00,1389740418316374016,2,996120449870385152,False,8408,Jordan Mason,RB,"[""RB""]",MIN,Active,,,,,RB,1,True,False,False,False
2026-08-31T17:33:25+00:00,1389740418316374016,2,996120449870385152,False,CLE,Cleveland Browns,DEF,"[""DEF""]",CLE,,,,,,,,True,True,False,False
2026-08-31T17:33:25+00:00,1389740418316374016,3,996120627872493568,False,10232,Michael Wilson,WR,"[""WR""]",ARI,Active,,,,,RWR,2,True,False,False,False
2026-08-31T17:33:25+00:00,1389740418316374016,3,996120627872493568,False,11584,Bucky Irving,RB,"[""RB""]",TB,Active,,,,,RB,1,True,True,False,False
2026-08-31T17:33:25+00:00,1389740418316374016,3,996120627872493568,False,11632,Malik Nabers,WR,"[""WR""]",NYG,Active,Questionable,Knee - ACL,,,LWR,1,True,True,False,False
2026-08-31T17:33:25+00:00,1389740418316374016,3,996120627872493568,False,12529,TreVeyon Henderson,RB,"[""RB""]",NE,Active,Questionable,Leg,,,RB,1,True,False,False,False
2026-08-31T17:33:25+00:00,1389740418316374016,3,996120627872493568,False,12713,Andy Borregales,K,"[""K""]",NE,Active,,,,,K,1,True,True,False,False
2026-08-31T17:33:25+00:00,1389740418316374016,3,996120627872493568,False,13279,Carnell Tate,WR,"[""WR""]",TEN,Active,,,,,LWR,1,True,False,False,False
2026-08-31T17:33:25+00:00,1389740418316374016,3,996120627872493568,False,13281,Jordyn Tyson,WR,"[""WR""]",NO,Inactive,IR,Hamstring,,,RWR,7,True,False,True,False
2026-08-31T17:33:25+00:00,1389740418316374016,3,996120627872493568,False,2216,Mike Evans,WR,"[""WR""]",SF,Active,Questionable,Foot,,,LWR,1,True,True,False,False
2026-08-31T17:33:25+00:00,1389740418316374016,3,996120627872493568,False,3163,Jared Goff,QB,"[""QB""]",DET,Active,,,,,QB,1,True,True,False,False
2026-08-31T17:33:25+00:00,1389740418316374016,3,996120627872493568,False,3198,Derrick Henry,RB,"[""RB""]",BAL,Active,,,,,RB,1,True,True,False,False
2026-08-31T17:33:25+00:00,1389740418316374016,3,996120627872493568,False,4892,Baker Mayfield,QB,"[""QB""]",TB,Active,,,,,QB,1,True,False,False,False
2026-08-31T17:33:25+00:00,1389740418316374016,3,996120627872493568,False,5012,Mark Andrews,TE,"[""TE""]",BAL,Active,,,,,TE,1,True,True,False,False
2026-08-31T17:33:25+00:00,1389740418316374016,3,996120627872493568,False,6819,Michael Pittman,WR,"[""WR""]",PIT,Active,Questionable,Leg,,,RWR,2,True,False,False,False
2026-08-31T17:33:25+00:00,1389740418316374016,3,996120627872493568,False,8146,Garrett Wilson,WR,"[""WR""]",NYJ,Active,,,,,LWR,1,True,True,False,False
2026-08-31T17:33:25+00:00,1389740418316374016,3,996120627872493568,False,9509,Bijan Robinson,RB,"[""RB""]",ATL,Active,,,,,RB,1,True,True,False,False
2026-08-31T17:33:25+00:00,1389740418316374016,3,996120627872493568,False,HOU,Houston Texans,DEF,"[""DEF""]",HOU,,,,,,,,True,True,False,False
2026-08-31T17:33:25+00:00,1389740418316374016,4,779583277362245632,True,10219,Chris Rodriguez,RB,"[""RB""]",JAX,Active,,,,,RB,2,True,False,False,False
2026-08-31T17:33:25+00:00,1389740418316374016,4,779583277362245632,True,11533,Brandon Aubrey,K,"[""K""]",DAL,Active,,,,,K,1,True,True,False,False
2026-08-31T17:33:25+00:00,1389740418316374016,4,779583277362245632,True,11566,Jayden Daniels,QB,"[""QB""]",WAS,Active,,,,,QB,1,True,False,False,False
2026-08-31T17:33:25+00:00,1389740418316374016,4,779583277362245632,True,11610,Malik Washington,WR,"[""WR""]",MIA,Active,,,,,SWR,1,True,False,False,False
2026-08-31T17:33:25+00:00,1389740418316374016,4,779583277362245632,True,12512,Quinshon Judkins,RB,"[""RB""]",CLE,Active,,,,,RB,1,True,True,False,False
2026-08-31T17:33:25+00:00,1389740418316374016,4,779583277362245632,True,12526,Tetairoa McMillan,WR,"[""WR""]",CAR,Active,,,,,LWR,1,True,True,False,False
2026-08-31T17:33:25+00:00,1389740418316374016,4,779583277362245632,True,12527,Ashton Jeanty,RB,"[""RB""]",LV,Active,Questionable,Knee,,,RB,1,True,True,False,False
2026-08-31T17:33:25+00:00,1389740418316374016,4,779583277362245632,True,12533,Jacory Croskey-Merritt,RB,"[""RB""]",WAS,Active,Questionable,Undisclosed,,,RB,1,True,False,False,False
2026-08-31T17:33:25+00:00,1389740418316374016,4,779583277362245632,True,5872,Deebo Samuel,WR,"[""WR""]",SF,Active,,,,,RWR,2,True,False,False,False
2026-08-31T17:33:25+00:00,1389740418316374016,4,779583277362245632,True,6797,Justin Herbert,QB,"[""QB""]",LAC,Active,,,,,QB,1,True,True,False,False
2026-08-31T17:33:25+00:00,1389740418316374016,4,779583277362245632,True,7543,Travis Etienne,RB,"[""RB""]",NO,Active,,,,,RB,1,True,True,False,False
2026-08-31T17:33:25+00:00,1389740418316374016,4,779583277362245632,True,7564,Ja'Marr Chase,WR,"[""WR""]",CIN,Active,Questionable,Knee,,,LWR,1,True,True,False,False
2026-08-31T17:33:25+00:00,1389740418316374016,4,779583277362245632,True,8110,Jake Ferguson,TE,"[""TE""]",DAL,Active,,,,,TE,1,True,True,False,False
2026-08-31T17:33:25+00:00,1389740418316374016,4,779583277362245632,True,8151,Kenneth Walker,RB,"[""RB""]",KC,Active,Questionable,Foot,,,RB,1,True,True,False,False
2026-08-31T17:33:25+00:00,1389740418316374016,4,779583277362245632,True,PHI,Philadelphia Eagles,DEF,"[""DEF""]",PHI,,,,,,,,True,True,False,False
2026-08-31T17:33:25+00:00,1389740418316374016,5,1262108133212311552,False,10229,Rashee Rice,WR,"[""WR""]",KC,Active,,,,,SWR,1,True,True,False,False
2026-08-31T17:33:25+00:00,1389740418316374016,5,1262108133212311552,False,11786,Cam Little,K,"[""K""]",JAX,Active,,,,,K,1,True,True,False,False
2026-08-31T17:33:25+00:00,1389740418316374016,5,1262108133212311552,False,12481,Cam Skattebo,RB,"[""RB""]",NYG,Active,,,,,RB,1,True,True,False,False
2026-08-31T17:33:25+00:00,1389740418316374016,5,1262108133212311552,False,12508,Jaxson Dart,QB,"[""QB""]",NYG,Active,,,,,QB,1,True,False,False,False
2026-08-31T17:33:25+00:00,1389740418316374016,5,1262108133212311552,False,2449,Stefon Diggs,WR,"[""WR""]",WAS,Active,,,,,RWR,2,True,False,False,False
2026-08-31T17:33:25+00:00,1389740418316374016,5,1262108133212311552,False,5022,Dallas Goedert,TE,"[""TE""]",PHI,Active,,,,,TE,1,True,False,False,False
2026-08-31T17:33:25+00:00,1389740418316374016,5,1262108133212311552,False,6904,Jalen Hurts,QB,"[""QB""]",PHI,Active,,,,,QB,1,True,True,False,False
2026-08-31T17:33:25+00:00,1389740418316374016,5,1262108133212311552,False,7021,Rico Dowdle,RB,"[""RB""]",PIT,Active,,,,,RB,2,True,False,False,False
2026-08-31T17:33:25+00:00,1389740418316374016,5,1262108133212311552,False,7526,Jaylen Waddle,WR,"[""WR""]",DEN,Active,,,,,RWR,1,True,True,False,False
2026-08-31T17:33:25+00:00,1389740418316374016,5,1262108133212311552,False,7553,Kyle Pitts,TE,"[""TE""]",ATL,Active,,,,,TE,1,True,True,False,False
2026-08-31T17:33:25+00:00,1389740418316374016,5,1262108133212311552,False,8112,Drake London,WR,"[""WR""]",ATL,Active,,,,,LWR,1,True,True,False,False
2026-08-31T17:33:25+00:00,1389740418316374016,5,1262108133212311552,False,8167,Christian Watson,WR,"[""WR""]",GB,Active,,,,,LWR,1,True,True,False,False
2026-08-31T17:33:25+00:00,1389740418316374016,5,1262108133212311552,False,8180,Jalen Nailor,WR,"[""WR""]",LV,Active,,,,,SWR,2,True,False,False,False
2026-08-31T17:33:25+00:00,1389740418316374016,5,1262108133212311552,False,9226,De'Von Achane,RB,"[""RB""]",MIA,Active,,,,,RB,1,True,True,False,False
2026-08-31T17:33:25+00:00,1389740418316374016,5,1262108133212311552,False,DEN,Denver Broncos,DEF,"[""DEF""]",DEN,,,,,,,,True,True,False,False
2026-08-31T17:33:25+00:00,1389740418316374016,6,996322180944277504,False,11564,Drake Maye,QB,"[""QB""]",NE,Active,,,,,QB,1,True,False,False,False
2026-08-31T17:33:25+00:00,1389740418316374016,6,996322180944277504,False,11646,Jalen Coker,WR,"[""WR""]",CAR,Active,,,,,SWR,2,True,True,False,False
2026-08-31T17:33:25+00:00,1389740418316374016,6,996322180944277504,False,12506,Harold Fannin,TE,"[""TE""]",CLE,Active,,,,,TE,1,True,True,False,False
2026-08-31T17:33:25+00:00,1389740418316374016,6,996322180944277504,False,13294,Makai Lemon,WR,"[""WR""]",PHI,Active,,,,,SWR,2,True,False,False,False
2026-08-31T17:33:25+00:00,1389740418316374016,6,996322180944277504,False,1945,Chris Boswell,K,"[""K""]",PIT,Active,,,,,K,1,True,True,False,False
2026-08-31T17:33:25+00:00,1389740418316374016,6,996322180944277504,False,3214,Hunter Henry,TE,"[""TE""]",NE,Active,,,,,TE,1,True,False,False,False
2026-08-31T17:33:25+00:00,1389740418316374016,6,996322180944277504,False,4034,Christian McCaffrey,RB,"[""RB""]",SF,Active,Questionable,Undisclosed,,,RB,1,True,True,False,False
2026-08-31T17:33:25+00:00,1389740418316374016,6,996322180944277504,False,5859,A.J. Brown,WR,"[""WR""]",NE,Active,,,,,LWR,1,True,True,False,False
2026-08-31T17:33:25+00:00,1389740418316374016,6,996322180944277504,False,6790,D'Andre Swift,RB,"[""RB""]",CHI,Active,,,,,RB,1,True,True,False,False
2026-08-31T17:33:25+00:00,1389740418316374016,6,996322180944277504,False,7523,Trevor Lawrence,QB,"[""QB""]",JAX,Active,,,,,QB,1,True,True,False,False
2026-08-31T17:33:25+00:00,1389740418316374016,6,996322180944277504,False,7569,Nico Collins,WR,"[""WR""]",HOU,Active,,,,,LWR,1,True,True,False,False
2026-08-31T17:33:25+00:00,1389740418316374016,6,996322180944277504,False,7611,Rhamondre Stevenson,RB,"[""RB""]",NE,Active,,,,,RB,2,True,False,False,False
2026-08-31T17:33:25+00:00,1389740418316374016,6,996322180944277504,False,9487,Parker Washington,WR,"[""WR""]",JAX,Active,,,,,SWR,1,True,False,False,False
2026-08-31T17:33:25+00:00,1389740418316374016,6,996322180944277504,False,9500,Josh Downs,WR,"[""WR""]",IND,Active,Questionable,Undisclosed,,,SWR,2,True,True,False,False
2026-08-31T17:33:25+00:00,1389740418316374016,6,996322180944277504,False,SEA,Seattle Seahawks,DEF,"[""DEF""]",SEA,,,,,,,,True,True,False,False
2026-08-31T17:33:25+00:00,1389740418316374016,7,996128808304558080,False,11604,Brock Bowers,TE,"[""TE""]",LV,Active,,,,,TE,1,True,True,False,False
2026-08-31T17:33:25+00:00,1389740418316374016,7,996128808304558080,False,2133,Davante Adams,WR,"[""WR""]",LAR,Active,,,,,RWR,2,True,True,False,False
2026-08-31T17:33:25+00:00,1389740418316374016,7,996128808304558080,False,2747,Jason Myers,K,"[""K""]",SEA,Active,,,,,K,1,True,True,False,False
2026-08-31T17:33:25+00:00,1389740418316374016,7,996128808304558080,False,3294,Dak Prescott,QB,"[""QB""]",DAL,Active,,,,,QB,1,True,True,False,False
2026-08-31T17:33:25+00:00,1389740418316374016,7,996128808304558080,False,4046,Patrick Mahomes,QB,"[""QB""]",KC,Active,Questionable,Knee - ACL,,,QB,1,True,False,False,False
2026-08-31T17:33:25+00:00,1389740418316374016,7,996128808304558080,False,4866,Saquon Barkley,RB,"[""RB""]",PHI,Active,,,,,RB,1,True,True,False,False
2026-08-31T17:33:25+00:00,1389740418316374016,7,996128808304558080,False,5850,Josh Jacobs,RB,"[""RB""]",GB,Active,DNR,Groin,,,RB,1,True,True,False,False
2026-08-31T17:33:25+00:00,1389740418316374016,7,996128808304558080,False,5967,Tony Pollard,RB,"[""RB""]",TEN,Active,,,,,RB,1,True,False,False,False
2026-08-31T17:33:25+00:00,1389740418316374016,7,996128808304558080,False,7594,Chuba Hubbard,RB,"[""RB""]",CAR,Active,Questionable,Hamstring,,,RB,1,True,False,False,False
2026-08-31T17:33:25+00:00,1389740418316374016,7,996128808304558080,False,8126,Wan'Dale Robinson,WR,"[""WR""]",TEN,Active,Questionable,Head,,,SWR,2,True,False,False,False
2026-08-31T17:33:25+00:00,1389740418316374016,7,996128808304558080,False,8136,Rachaad White,RB,"[""RB""]",WAS,Active,Questionable,Undisclosed,,,RB,2,True,False,False,False
2026-08-31T17:33:25+00:00,1389740418316374016,7,996128808304558080,False,9493,Puka Nacua,WR,"[""WR""]",LAR,Active,Questionable,Undisclosed,,,LWR,1,True,True,False,False
2026-08-31T17:33:25+00:00,1389740418316374016,7,996128808304558080,False,9756,Jordan Addison,WR,"[""WR""]",MIN,Active,,,,,RWR,2,True,True,False,False
2026-08-31T17:33:25+00:00,1389740418316374016,7,996128808304558080,False,9997,Zay Flowers,WR,"[""WR""]",BAL,Active,Questionable,Undisclosed,,,SWR,1,True,True,False,False
2026-08-31T17:33:25+00:00,1389740418316374016,7,996128808304558080,False,BAL,Baltimore Ravens,DEF,"[""DEF""]",BAL,,,,,,,,True,True,False,False
2026-08-31T17:33:25+00:00,1389740418316374016,8,997245852273930240,False,11539,Jake Bates,K,"[""K""]",DET,Active,,,,,K,1,True,True,False,False
2026-08-31T17:33:25+00:00,1389740418316374016,8,997245852273930240,False,11560,Caleb Williams,QB,"[""QB""]",CHI,Active,,,,,QB,1,True,True,False,False
2026-08-31T17:33:25+00:00,1389740418316374016,8,997245852273930240,False,11563,Bo Nix,QB,"[""QB""]",DEN,Active,,,,,QB,1,True,False,False,False
2026-08-31T17:33:25+00:00,1389740418316374016,8,997245852273930240,False,12501,Matthew Golden,WR,"[""WR""]",GB,Active,,,,,RWR,3,True,False,False,False
2026-08-31T17:33:25+00:00,1389740418316374016,8,997245852273930240,False,12514,Emeka Egbuka,WR,"[""WR""]",TB,Active,Questionable,Undisclosed,,,LWR,1,True,True,False,False
2026-08-31T17:33:25+00:00,1389740418316374016,8,997245852273930240,False,12518,Tyler Warren,TE,"[""TE""]",IND,Active,Questionable,Groin,,,TE,1,True,True,False,False
2026-08-31T17:33:25+00:00,1389740418316374016,8,997245852273930240,False,12534,Kyle Monangai,RB,"[""RB""]",CHI,Active,Questionable,Knee,,,RB,2,True,False,False,False
2026-08-31T17:33:25+00:00,1389740418316374016,8,997245852273930240,False,13287,Jeremiyah Love,RB,"[""RB""]",ARI,Active,Questionable,Ankle,,,RB,1,True,True,False,False
2026-08-31T17:33:25+00:00,1389740418316374016,8,997245852273930240,False,5045,Courtland Sutton,WR,"[""WR""]",DEN,Active,,,,,LWR,2,True,False,False,False
2026-08-31T17:33:25+00:00,1389740418316374016,8,997245852273930240,False,5947,Jakobi Meyers,WR,"[""WR""]",JAX,Active,Questionable,Hand,,,RWR,3,True,False,False,False
2026-08-31T17:33:25+00:00,1389740418316374016,8,997245852273930240,False,6786,CeeDee Lamb,WR,"[""WR""]",DAL,Active,,,,,LWR,1,True,True,False,False
2026-08-31T17:33:25+00:00,1389740418316374016,8,997245852273930240,False,6794,Justin Jefferson,WR,"[""WR""]",MIN,Active,,,,,LWR,1,True,True,False,False
2026-08-31T17:33:25+00:00,1389740418316374016,8,997245852273930240,False,8150,Kyren Williams,RB,"[""RB""]",LAR,Active,,,,,RB,1,True,True,False,False
2026-08-31T17:33:25+00:00,1389740418316374016,8,997245852273930240,False,9484,Tucker Kraft,TE,"[""TE""]",GB,Active,Questionable,Knee - ACL,,,TE,1,True,True,False,False
2026-08-31T17:33:25+00:00,1389740418316374016,8,997245852273930240,False,LAR,Los Angeles Rams,DEF,"[""DEF""]",LAR,,,,,,,,True,True,False,False
2026-08-31T17:33:25+00:00,1389740418316374016,9,1008988929109843968,False,10236,Dalton Kincaid,TE,"[""TE""]",BUF,Active,,,,,TE,1,True,True,False,False
2026-08-31T17:33:25+00:00,1389740418316374016,9,1008988929109843968,False,10859,Sam LaPorta,TE,"[""TE""]",DET,Active,Questionable,Hip,,,TE,1,True,False,False,False
2026-08-31T17:33:25+00:00,1389740418316374016,9,1008988929109843968,False,11635,Ladd McConkey,WR,"[""WR""]",LAC,Active,,,,,SWR,1,True,True,False,False
2026-08-31T17:33:25+00:00,1389740418316374016,9,1008988929109843968,False,12489,RJ Harvey,RB,"[""RB""]",DEN,Active,,,,,RB,2,True,False,False,False
2026-08-31T17:33:25+00:00,1389740418316374016,9,1008988929109843968,False,12490,Bhayshul Tuten,RB,"[""RB""]",JAX,Active,,,,,RB,1,True,True,False,False
2026-08-31T17:33:25+00:00,1389740418316374016,9,1008988929109843968,False,3451,Ka'imi Fairbairn,K,"[""K""]",HOU,Active,,,,,K,1,True,True,False,False
2026-08-31T17:33:25+00:00,1389740418316374016,9,1008988929109843968,False,4037,Chris Godwin,WR,"[""WR""]",TB,Active,,,,,SWR,2,True,False,False,False
2026-08-31T17:33:25+00:00,1389740418316374016,9,1008988929109843968,False,4199,Aaron Jones,RB,"[""RB""]",MIN,Active,,,,,RB,2,True,False,False,False
2026-08-31T17:33:25+00:00,1389740418316374016,9,1008988929109843968,False,4984,Josh Allen,QB,"[""QB""]",BUF,Active,,,,,QB,1,True,True,False,False
2026-08-31T17:33:25+00:00,1389740418316374016,9,1008988929109843968,False,5846,DK Metcalf,WR,"[""WR""]",PIT,Active,Questionable,Undisclosed,,,LWR,1,True,True,False,False
2026-08-31T17:33:25+00:00,1389740418316374016,9,1008988929109843968,False,6813,Jonathan Taylor,RB,"[""RB""]",IND,Active,,,,,RB,1,True,True,False,False
2026-08-31T17:33:25+00:00,1389740418316374016,9,1008988929109843968,False,8121,Romeo Doubs,WR,"[""WR""]",NE,Active,,,,,RWR,2,True,False,False,False
2026-08-31T17:33:25+00:00,1389740418316374016,9,1008988929109843968,False,8144,Chris Olave,WR,"[""WR""]",NO,Active,,,,,LWR,1,True,True,False,False
2026-08-31T17:33:25+00:00,1389740418316374016,9,1008988929109843968,False,8155,Breece Hall,RB,"[""RB""]",NYJ,Active,Questionable,Thigh,,,RB,1,True,True,False,False
2026-08-31T17:33:25+00:00,1389740418316374016,9,1008988929109843968,False,MIN,Minnesota Vikings,DEF,"[""DEF""]",MIN,,,,,,,,True,True,False,False
2026-08-31T17:33:25+00:00,1389740418316374016,10,594991759398850560,False,11586,Blake Corum,RB,"[""RB""]",LAR,Active,,,,,RB,2,True,False,False,False
2026-08-31T17:33:25+00:00,1389740418316374016,10,594991759398850560,False,11620,Rome Odunze,WR,"[""WR""]",CHI,Active,,,,,LWR,1,True,False,False,False
2026-08-31T17:33:25+00:00,1389740418316374016,10,594991759398850560,False,1466,Travis Kelce,TE,"[""TE""]",KC,Active,,,,,TE,1,True,False,False,False
2026-08-31T17:33:25+00:00,1389740418316374016,10,594991759398850560,False,421,Matthew Stafford,QB,"[""QB""]",LAR,Active,,,,,QB,1,True,False,False,False
2026-08-31T17:33:25+00:00,1389740418316374016,10,594991759398850560,False,4217,George Kittle,TE,"[""TE""]",SF,Active,Questionable,Achilles,,,TE,1,True,True,False,False
2026-08-31T17:33:25+00:00,1389740418316374016,10,594991759398850560,False,4983,DJ Moore,WR,"[""WR""]",BUF,Active,,,,,LWR,1,True,True,False,False
2026-08-31T17:33:25+00:00,1389740418316374016,10,594991759398850560,False,6770,Joe Burrow,QB,"[""QB""]",CIN,Active,,,,,QB,1,True,True,False,False
2026-08-31T17:33:25+00:00,1389740418316374016,10,594991759398850560,False,6801,Tee Higgins,WR,"[""WR""]",CIN,Active,,,,,RWR,2,True,True,False,False
2026-08-31T17:33:25+00:00,1389740418316374016,10,594991759398850560,False,8134,Khalil Shakir,WR,"[""WR""]",BUF,Active,Questionable,Undisclosed,,,SWR,2,True,False,False,False
2026-08-31T17:33:25+00:00,1389740418316374016,10,594991759398850560,False,8137,George Pickens,WR,"[""WR""]",DAL,Active,,,,,RWR,2,True,True,False,False
2026-08-31T17:33:25+00:00,1389740418316374016,10,594991759398850560,False,8228,Jaylen Warren,RB,"[""RB""]",PIT,Active,,,,,RB,1,True,True,False,False
2026-08-31T17:33:25+00:00,1389740418316374016,10,594991759398850560,False,8259,Cameron Dicker,K,"[""K""]",LAC,Active,Questionable,Undisclosed,,,K,1,True,True,False,False
2026-08-31T17:33:25+00:00,1389740418316374016,10,594991759398850560,False,9221,Jahmyr Gibbs,RB,"[""RB""]",DET,Active,,,,,RB,1,True,True,False,False
2026-08-31T17:33:25+00:00,1389740418316374016,10,594991759398850560,False,9224,Chase Brown,RB,"[""RB""]",CIN,Active,,,,,RB,1,True,True,False,False
2026-08-31T17:33:25+00:00,1389740418316374016,10,594991759398850560,False,NE,New England Patriots,DEF,"[""DEF""]",NE,,,,,,,,True,True,False,False
2026-08-31T17:33:25+00:00,1370453762442797056,1,779583277362245632,True,11237,Jacob Saylors,RB,"[""RB""]",DET,Active,,,,,RB,3,True,True,False,False
2026-08-31T17:33:25+00:00,1370453762442797056,1,779583277362245632,True,11628,Marvin Harrison,WR,"[""WR""]",ARI,Active,,,,,LWR,1,True,True,False,False
2026-08-31T17:33:25+00:00,1370453762442797056,1,779583277362245632,True,11632,Malik Nabers,WR,"[""WR""]",NYG,Active,Questionable,Knee - ACL,,,LWR,1,True,True,False,False
2026-08-31T17:33:25+00:00,1370453762442797056,1,779583277362245632,True,12497,Tory Horton,WR,"[""WR""]",SEA,Active,Questionable,Undisclosed,,,RWR,4,True,False,False,False
2026-08-31T17:33:25+00:00,1370453762442797056,1,779583277362245632,True,13075,Myles Price,WR,"[""WR""]",MIN,Active,,,,,SWR,5,True,True,False,False
2026-08-31T17:33:25+00:00,1370453762442797056,1,779583277362245632,True,13533,Barion Brown,WR,"[""WR""]",NO,Active,,,,,SWR,5,True,False,False,False
2026-08-31T17:33:25+00:00,1370453762442797056,1,779583277362245632,True,4199,Aaron Jones,RB,"[""RB""]",MIN,Active,,,,,RB,2,True,True,False,False
2026-08-31T17:33:25+00:00,1370453762442797056,1,779583277362245632,True,6768,Tua Tagovailoa,QB,"[""QB""]",ATL,Active,,,,,QB,1,True,False,False,False
2026-08-31T17:33:25+00:00,1370453762442797056,1,779583277362245632,True,6770,Joe Burrow,QB,"[""QB""]",CIN,Active,,,,,QB,1,True,True,False,False
2026-08-31T17:33:25+00:00,1370453762442797056,1,779583277362245632,True,6813,Jonathan Taylor,RB,"[""RB""]",IND,Active,,,,,RB,1,True,True,False,False
2026-08-31T17:33:25+00:00,1370453762442797056,1,779583277362245632,True,8172,Greg Dulcich,TE,"[""TE""]",MIA,Active,,,,,TE,1,True,False,False,False
2026-08-31T17:33:25+00:00,1370453762442797056,1,779583277362245632,True,8259,Cameron Dicker,K,"[""K""]",LAC,Active,Questionable,Undisclosed,,,K,1,True,True,False,False
2026-08-31T17:33:25+00:00,1370453762442797056,1,779583277362245632,True,8800,Malik Davis,RB,"[""RB""]",DAL,Active,,,,,RB,2,True,False,False,False
2026-08-31T17:33:25+00:00,1370453762442797056,1,779583277362245632,True,9225,Tank Bigsby,RB,"[""RB""]",PHI,Active,,,,,RB,2,True,False,False,False
2026-08-31T17:33:25+00:00,1370453762442797056,1,779583277362245632,True,9484,Tucker Kraft,TE,"[""TE""]",GB,Active,Questionable,Knee - ACL,,,TE,1,True,True,False,False
2026-08-31T17:33:25+00:00,1370453762442797056,1,779583277362245632,True,9753,Zach Charbonnet,RB,"[""RB""]",SEA,Active,PUP,Knee - ACL,,,RB,2,True,False,True,False
2026-08-31T17:33:25+00:00,1370453762442797056,2,779583497248550912,False,11560,Caleb Williams,QB,"[""QB""]",CHI,Active,,,,,QB,1,True,True,False,False
2026-08-31T17:33:25+00:00,1370453762442797056,2,779583497248550912,False,11604,Brock Bowers,TE,"[""TE""]",LV,Active,,,,,TE,1,True,True,False,False
2026-08-31T17:33:25+00:00,1370453762442797056,2,779583497248550912,False,11617,Malachi Corley,WR,"[""WR""]",CLE,Active,,,,,SWR,5,True,False,False,False
2026-08-31T17:33:25+00:00,1370453762442797056,2,779583497248550912,False,11620,Rome Odunze,WR,"[""WR""]",CHI,Active,,,,,LWR,1,True,True,False,False
2026-08-31T17:33:25+00:00,1370453762442797056,2,779583497248550912,False,11624,Xavier Worthy,WR,"[""WR""]",KC,Active,,,,,RWR,2,True,True,False,False
2026-08-31T17:33:25+00:00,1370453762442797056,2,779583497248550912,False,11647,Kimani Vidal,RB,"[""RB""]",LAC,Active,,,,,RB,3,True,False,False,False
2026-08-31T17:33:25+00:00,1370453762442797056,2,779583497248550912,False,11655,Tyrone Tracy,RB,"[""RB""]",NYG,Active,Questionable,Neck,,,RB,2,True,False,False,False
2026-08-31T17:33:25+00:00,1370453762442797056,2,779583497248550912,False,12455,Brashard Smith,RB,"[""RB""]",KC,Active,,,,,RB,3,True,False,False,False
2026-08-31T17:33:25+00:00,1370453762442797056,2,779583497248550912,False,12481,Cam Skattebo,RB,"[""RB""]",NYG,Active,,,,,RB,1,True,True,False,False
2026-08-31T17:33:25+00:00,1370453762442797056,2,779583497248550912,False,12507,Omarion Hampton,RB,"[""RB""]",LAC,Active,,,,,RB,1,True,True,False,False
2026-08-31T17:33:25+00:00,1370453762442797056,2,779583497248550912,False,13296,Caleb Douglas,WR,"[""WR""]",MIA,Active,,,,,RWR,2,True,False,False,False
2026-08-31T17:33:25+00:00,1370453762442797056,2,779583497248550912,False,2020,Cairo Santos,K,"[""K""]",CHI,Active,,,,,K,1,True,True,False,False
2026-08-31T17:33:25+00:00,1370453762442797056,2,779583497248550912,False,5045,Courtland Sutton,WR,"[""WR""]",DEN,Active,,,,,LWR,2,True,True,False,False
2026-08-31T17:33:25+00:00,1370453762442797056,2,779583497248550912,False,5844,T.J. Hockenson,TE,"[""TE""]",MIN,Active,,,,,TE,1,True,False,False,False
2026-08-31T17:33:25+00:00,1370453762442797056,2,779583497248550912,False,5872,Deebo Samuel,WR,"[""WR""]",SF,Active,,,,,RWR,2,True,True,False,False
2026-08-31T17:33:25+00:00,1370453762442797056,3,1126612181929336832,False,10219,Chris Rodriguez,RB,"[""RB""]",JAX,Active,,,,,RB,2,True,True,False,False
2026-08-31T17:33:25+00:00,1370453762442797056,3,1126612181929336832,False,10222,Jayden Reed,WR,"[""WR""]",GB,Active,,,,,SWR,2,True,True,False,False
2026-08-31T17:33:25+00:00,1370453762442797056,3,1126612181929336832,False,11564,Drake Maye,QB,"[""QB""]",NE,Active,,,,,QB,1,True,True,False,False
2026-08-31T17:33:25+00:00,1370453762442797056,3,1126612181929336832,False,11576,Braelon Allen,RB,"[""RB""]",NYJ,Active,,,,,RB,2,True,False,False,False
2026-08-31T17:33:25+00:00,1370453762442797056,3,1126612181929336832,False,11625,Adonai Mitchell,WR,"[""WR""]",NYJ,Active,,,,,RWR,2,True,False,False,False
2026-08-31T17:33:25+00:00,1370453762442797056,3,1126612181929336832,False,12498,Mason Taylor,TE,"[""TE""]",NYJ,Active,,,,,TE,2,True,False,False,False
2026-08-31T17:33:25+00:00,1370453762442797056,3,1126612181929336832,False,12504,Kaleb Johnson,RB,"[""RB""]",GB,Active,,,,,RB,4,True,False,False,False
2026-08-31T17:33:25+00:00,1370453762442797056,3,1126612181929336832,False,13293,Ja'Kobi Lane,WR,"[""WR""]",BAL,Active,,,,,RWR,3,True,False,False,False
2026-08-31T17:33:25+00:00,1370453762442797056,3,1126612181929336832,False,1466,Travis Kelce,TE,"[""TE""]",KC,Active,,,,,TE,1,True,True,False,False
2026-08-31T17:33:25+00:00,1370453762442797056,3,1126612181929336832,False,6790,D'Andre Swift,RB,"[""RB""]",CHI,Active,,,,,RB,1,True,True,False,False
2026-08-31T17:33:25+00:00,1370453762442797056,3,1126612181929336832,False,7049,Jauan Jennings,WR,"[""WR""]",MIN,Active,,,,,SWR,3,True,True,False,False
2026-08-31T17:33:25+00:00,1370453762442797056,3,1126612181929336832,False,7839,Evan McPherson,K,"[""K""]",CIN,Active,,,,,K,1,True,True,False,False
2026-08-31T17:33:25+00:00,1370453762442797056,3,1126612181929336832,False,8228,Jaylen Warren,RB,"[""RB""]",PIT,Active,,,,,RB,1,True,True,False,False
2026-08-31T17:33:25+00:00,1370453762442797056,3,1126612181929336832,False,9488,Jaxon Smith-Njigba,WR,"[""WR""]",SEA,Active,,,,,LWR,1,True,True,False,False
2026-08-31T17:33:25+00:00,1370453762442797056,3,1126612181929336832,False,9494,Marvin Mims,WR,"[""WR""]",DEN,Active,Questionable,Foot,,,SWR,5,True,False,False,False
2026-08-31T17:33:25+00:00,1370453762442797056,4,1262823409977393152,False,11581,MarShawn Lloyd,RB,"[""RB""]",GB,Active,,,,,RB,2,True,False,False,False
2026-08-31T17:33:25+00:00,1370453762442797056,4,1262823409977393152,False,12476,Devin Neal,RB,"[""RB""]",NO,Active,IR,Hamstring,,,RB,6,True,False,False,False
2026-08-31T17:33:25+00:00,1370453762442797056,4,1262823409977393152,False,12509,Tre' Harris,WR,"[""WR""]",LAC,Active,Questionable,Undisclosed,,,RWR,3,True,False,False,False
2026-08-31T17:33:25+00:00,1370453762442797056,4,1262823409977393152,False,13286,Jadarian Price,RB,"[""RB""]",SEA,Active,,,,,RB,1,True,True,False,False
2026-08-31T17:33:25+00:00,1370453762442797056,4,1262823409977393152,False,13320,Zachariah Branch,WR,"[""WR""]",ATL,Active,,,,,SWR,3,True,False,False,False
2026-08-31T17:33:25+00:00,1370453762442797056,4,1262823409977393152,False,13413,Cyrus Allen,WR,"[""WR""]",KC,Active,,,,,SWR,4,True,False,False,False
2026-08-31T17:33:25+00:00,1370453762442797056,4,1262823409977393152,False,3257,Jacoby Brissett,QB,"[""QB""]",ARI,Active,,,,,QB,1,True,False,False,False
2026-08-31T17:33:25+00:00,1370453762442797056,4,1262823409977393152,False,4034,Christian McCaffrey,RB,"[""RB""]",SF,Active,Questionable,Undisclosed,,,RB,1,True,True,False,False
2026-08-31T17:33:25+00:00,1370453762442797056,4,1262823409977393152,False,5012,Mark Andrews,TE,"[""TE""]",BAL,Active,,,,,TE,1,True,True,False,False
2026-08-31T17:33:25+00:00,1370453762442797056,4,1262823409977393152,False,5967,Tony Pollard,RB,"[""RB""]",TEN,Active,,,,,RB,1,True,True,False,False
2026-08-31T17:33:25+00:00,1370453762442797056,4,1262823409977393152,False,7042,Tyler Bass,K,"[""K""]",BUF,Active,,,,,K,1,True,True,False,False
2026-08-31T17:33:25+00:00,1370453762442797056,4,1262823409977393152,False,8126,Wan'Dale Robinson,WR,"[""WR""]",TEN,Active,Questionable,Head,,,SWR,2,True,True,False,False
2026-08-31T17:33:25+00:00,1370453762442797056,4,1262823409977393152,False,8144,Chris Olave,WR,"[""WR""]",NO,Active,,,,,LWR,1,True,True,False,False
2026-08-31T17:33:25+00:00,1370453762442797056,4,1262823409977393152,False,8146,Garrett Wilson,WR,"[""WR""]",NYJ,Active,,,,,LWR,1,True,True,False,False
2026-08-31T17:33:25+00:00,1370453762442797056,4,1262823409977393152,False,8183,Brock Purdy,QB,"[""QB""]",SF,Active,,,,,QB,1,True,True,False,False
2026-08-31T17:33:25+00:00,1370453762442797056,5,861663770647339008,False,11583,Jonathon Brooks,RB,"[""RB""]",CAR,Active,,,,,RB,2,True,True,False,False
2026-08-31T17:33:25+00:00,1370453762442797056,5,861663770647339008,False,11786,Cam Little,K,"[""K""]",JAX,Active,,,,,K,1,True,True,False,False
2026-08-31T17:33:25+00:00,1370453762442797056,5,861663770647339008,False,12469,Dylan Sampson,RB,"[""RB""]",CLE,Active,,,,,RB,2,True,False,False,False
2026-08-31T17:33:25+00:00,1370453762442797056,5,861663770647339008,False,12530,Travis Hunter,WR,"[""DB"", ""WR""]",JAX,Active,,,,,SWR,4,True,False,False,False
2026-08-31T17:33:25+00:00,1370453762442797056,5,861663770647339008,False,12536,Jaylin Noel,WR,"[""WR""]",HOU,Active,Questionable,Hamstring,,,SWR,3,True,False,False,False
2026-08-31T17:33:25+00:00,1370453762442797056,5,861663770647339008,False,2505,Darren Waller,TE,"[""TE""]",CAR,Active,,,,,TE,1,True,True,False,False
2026-08-31T17:33:25+00:00,1370453762442797056,5,861663770647339008,False,4046,Patrick Mahomes,QB,"[""QB""]",KC,Active,Questionable,Knee - ACL,,,QB,1,True,False,False,False
2026-08-31T17:33:25+00:00,1370453762442797056,5,861663770647339008,False,4984,Josh Allen,QB,"[""QB""]",BUF,Active,,,,,QB,1,True,True,False,False
2026-08-31T17:33:25+00:00,1370453762442797056,5,861663770647339008,False,7021,Rico Dowdle,RB,"[""RB""]",PIT,Active,,,,,RB,2,True,True,False,False
2026-08-31T17:33:25+00:00,1370453762442797056,5,861663770647339008,False,7090,Darnell Mooney,WR,"[""WR""]",NYG,Active,,,,,SWR,4,True,False,False,False
2026-08-31T17:33:25+00:00,1370453762442797056,5,861663770647339008,False,7553,Kyle Pitts,TE,"[""TE""]",ATL,Active,,,,,TE,1,True,True,False,False
2026-08-31T17:33:25+00:00,1370453762442797056,5,861663770647339008,False,7569,Nico Collins,WR,"[""WR""]",HOU,Active,,,,,LWR,1,True,True,False,False
2026-08-31T17:33:25+00:00,1370453762442797056,5,861663770647339008,False,8119,Jahan Dotson,WR,"[""WR""]",ATL,Active,,,,,RWR,2,True,False,False,False
2026-08-31T17:33:25+00:00,1370453762442797056,5,861663770647339008,False,8180,Jalen Nailor,WR,"[""WR""]",LV,Active,,,,,SWR,2,True,True,False,False
2026-08-31T17:33:25+00:00,1370453762442797056,5,861663770647339008,False,9997,Zay Flowers,WR,"[""WR""]",BAL,Active,Questionable,Undisclosed,,,SWR,1,True,True,False,False
2026-08-31T17:33:25+00:00,1370453762442797056,6,770802446909222912,False,10229,Rashee Rice,WR,"[""WR""]",KC,Active,,,,,SWR,1,True,True,False,False
2026-08-31T17:33:25+00:00,1370453762442797056,6,770802446909222912,False,11635,Ladd McConkey,WR,"[""WR""]",LAC,Active,,,,,SWR,1,True,True,False,False
2026-08-31T17:33:25+00:00,1370453762442797056,6,770802446909222912,False,12467,Jordan James,RB,"[""RB""]",SF,Active,,,,,RB,3,True,False,False,False
2026-08-31T17:33:25+00:00,1370453762442797056,6,770802446909222912,False,12474,Woody Marks,RB,"[""RB""]",HOU,Active,,,,,RB,2,True,False,False,False
2026-08-31T17:33:25+00:00,1370453762442797056,6,770802446909222912,False,12492,Pat Bryant,WR,"[""WR""]",DEN,Active,,,,,SWR,4,True,False,False,False
2026-08-31T17:33:25+00:00,1370453762442797056,6,770802446909222912,False,12533,Jacory Croskey-Merritt,RB,"[""RB""]",WAS,Active,Questionable,Undisclosed,,,RB,1,True,True,False,False
2026-08-31T17:33:25+00:00,1370453762442797056,6,770802446909222912,False,12545,Tyler Shough,QB,"[""QB""]",NO,Active,,,,,QB,1,True,True,False,False
2026-08-31T17:33:25+00:00,1370453762442797056,6,770802446909222912,False,13317,Ted Hurst,WR,"[""WR""]",TB,Active,,,,,LWR,4,True,False,False,False
2026-08-31T17:33:25+00:00,1370453762442797056,6,770802446909222912,False,1479,Keenan Allen,WR,"[""WR""]",IND,Active,,,,,RWR,3,True,False,False,False
2026-08-31T17:33:25+00:00,1370453762442797056,6,770802446909222912,False,5022,Dallas Goedert,TE,"[""TE""]",PHI,Active,,,,,TE,1,True,True,False,False
2026-08-31T17:33:25+00:00,1370453762442797056,6,770802446909222912,False,6650,Chase McLaughlin,K,"[""K""]",TB,Active,,,,,K,1,True,True,False,False
2026-08-31T17:33:25+00:00,1370453762442797056,6,770802446909222912,False,6806,J.K. Dobbins,RB,"[""RB""]",DEN,Active,,,,,RB,1,True,False,False,False
2026-08-31T17:33:25+00:00,1370453762442797056,6,770802446909222912,False,8132,Tyler Allgeier,RB,"[""RB""]",ARI,Active,,,,,RB,2,True,True,False,False
2026-08-31T17:33:25+00:00,1370453762442797056,6,770802446909222912,False,8148,Jameson Williams,WR,"[""WR""]",DET,Active,,,,,RWR,2,True,True,False,False
2026-08-31T17:33:25+00:00,1370453762442797056,6,770802446909222912,False,9226,De'Von Achane,RB,"[""RB""]",MIA,Active,,,,,RB,1,True,True,False,False
2026-08-31T17:33:25+00:00,1370453762442797056,7,739882929580335104,False,11834,Devaughn Vele,WR,"[""WR""]",NO,Active,,,,,SWR,2,True,False,False,False
2026-08-31T17:33:25+00:00,1370453762442797056,7,739882929580335104,False,12711,Tyler Loop,K,"[""K""]",BAL,Active,,,,,K,1,True,True,False,False
2026-08-31T17:33:25+00:00,1370453762442797056,7,739882929580335104,False,13305,Mike Washington,RB,"[""RB""]",LV,Active,,,,,RB,2,True,False,False,False
2026-08-31T17:33:25+00:00,1370453762442797056,7,739882929580335104,False,13417,De'Zhaun Stribling,WR,"[""WR""]",SF,Active,Questionable,Shoulder,,,LWR,3,True,False,False,False
2026-08-31T17:33:25+00:00,1370453762442797056,7,739882929580335104,False,3678,Wil Lutz,K,"[""K""]",DEN,Active,,,,,K,1,True,False,False,False
2026-08-31T17:33:25+00:00,1370453762442797056,7,739882929580335104,False,7002,Juwan Johnson,TE,"[""TE""]",NO,Active,,,,,TE,1,True,True,False,False
2026-08-31T17:33:25+00:00,1370453762442797056,7,739882929580335104,False,7523,Trevor Lawrence,QB,"[""QB""]",JAX,Active,,,,,QB,1,True,True,False,False
2026-08-31T17:33:25+00:00,1370453762442797056,7,739882929580335104,False,7543,Travis Etienne,RB,"[""RB""]",NO,Active,,,,,RB,1,True,True,False,False
2026-08-31T17:33:25+00:00,1370453762442797056,7,739882929580335104,False,7567,Kenny Gainwell,RB,"[""RB""]",TB,Active,,,,,RB,2,True,True,False,False
2026-08-31T17:33:25+00:00,1370453762442797056,7,739882929580335104,False,8155,Breece Hall,RB,"[""RB""]",NYJ,Active,Questionable,Thigh,,,RB,1,True,True,False,False
2026-08-31T17:33:25+00:00,1370453762442797056,7,739882929580335104,False,8167,Christian Watson,WR,"[""WR""]",GB,Active,,,,,LWR,1,True,True,False,False
2026-08-31T17:33:25+00:00,1370453762442797056,7,739882929580335104,False,8698,Jake Tonges,TE,"[""TE""]",SF,Active,,,,,TE,2,True,False,False,False
2026-08-31T17:33:25+00:00,1370453762442797056,7,739882929580335104,False,9228,Bryce Young,QB,"[""QB""]",CAR,Active,,,,,QB,1,True,False,False,False
2026-08-31T17:33:25+00:00,1370453762442797056,7,739882929580335104,False,9487,Parker Washington,WR,"[""WR""]",JAX,Active,,,,,SWR,1,True,True,False,False
2026-08-31T17:33:25+00:00,1370453762442797056,7,739882929580335104,False,9493,Puka Nacua,WR,"[""WR""]",LAR,Active,Questionable,Undisclosed,,,LWR,1,True,True,False,False
2026-08-31T17:33:25+00:00,1370453762442797056,8,1128436496693874688,False,11435,Emanuel Wilson,RB,"[""RB""]",SEA,Active,Questionable,Hamstring,,,RB,3,True,False,False,False
2026-08-31T17:33:25+00:00,1370453762442797056,8,1128436496693874688,False,11575,Ray Davis,RB,"[""RB""]",BUF,Active,,,,,RB,3,True,False,False,False
2026-08-31T17:33:25+00:00,1370453762442797056,8,1128436496693874688,False,11637,Keon Coleman,WR,"[""WR""]",BUF,Active,Questionable,Foot,,,LWR,3,True,False,False,False
2026-08-31T17:33:25+00:00,1370453762442797056,8,1128436496693874688,False,12501,Matthew Golden,WR,"[""WR""]",GB,Active,,,,,RWR,3,True,True,False,False
2026-08-31T17:33:25+00:00,1370453762442797056,8,1128436496693874688,False,12506,Harold Fannin,TE,"[""TE""]",CLE,Active,,,,,TE,1,True,True,False,False
2026-08-31T17:33:25+00:00,1370453762442797056,8,1128436496693874688,False,12514,Emeka Egbuka,WR,"[""WR""]",TB,Active,Questionable,Undisclosed,,,LWR,1,True,True,False,False
2026-08-31T17:33:25+00:00,1370453762442797056,8,1128436496693874688,False,13330,Kenyon Sadiq,TE,"[""TE""]",NYJ,Active,Questionable,Abdomen,,,TE,1,True,False,False,False
2026-08-31T17:33:25+00:00,1370453762442797056,8,1128436496693874688,False,2216,Mike Evans,WR,"[""WR""]",SF,Active,Questionable,Foot,,,LWR,1,True,True,False,False
2026-08-31T17:33:25+00:00,1370453762442797056,8,1128436496693874688,False,3294,Dak Prescott,QB,"[""QB""]",DAL,Active,,,,,QB,1,True,True,False,False
2026-08-31T17:33:25+00:00,1370453762442797056,8,1128436496693874688,False,3321,Tyreek Hill,WR,"[""WR""]",,Active,Questionable,Knee - ACL,,,,,True,False,False,False
2026-08-31T17:33:25+00:00,1370453762442797056,8,1128436496693874688,False,4866,Saquon Barkley,RB,"[""RB""]",PHI,Active,,,,,RB,1,True,True,False,False
2026-08-31T17:33:25+00:00,1370453762442797056,8,1128436496693874688,False,5189,Eddy Pineiro,K,"[""K""]",SF,Active,,,,,K,1,True,True,False,False
2026-08-31T17:33:25+00:00,1370453762442797056,8,1128436496693874688,False,8112,Drake London,WR,"[""WR""]",ATL,Active,,,,,LWR,1,True,True,False,False
2026-08-31T17:33:25+00:00,1370453762442797056,8,1128436496693874688,False,8136,Rachaad White,RB,"[""RB""]",WAS,Active,Questionable,Undisclosed,,,RB,2,True,True,False,False
2026-08-31T17:33:25+00:00,1370453762442797056,8,1128436496693874688,False,8161,Malik Willis,QB,"[""QB""]",MIA,Active,,,,,QB,1,True,False,False,False
2026-08-31T17:33:25+00:00,1370453762442797056,9,609154836893601792,False,11533,Brandon Aubrey,K,"[""K""]",DAL,Active,,,,,K,1,True,True,False,False
2026-08-31T17:33:25+00:00,1370453762442797056,9,609154836893601792,False,11566,Jayden Daniels,QB,"[""QB""]",WAS,Active,,,,,QB,1,True,True,False,False
2026-08-31T17:33:25+00:00,1370453762442797056,9,609154836893601792,False,11616,Jacob Cowing,WR,"[""WR""]",SF,Active,Questionable,Groin,,,SWR,6,True,False,False,False
2026-08-31T17:33:25+00:00,1370453762442797056,9,609154836893601792,False,11643,Jaylen Wright,RB,"[""RB""]",MIA,Active,,,,,RB,2,True,False,False,False
2026-08-31T17:33:25+00:00,1370453762442797056,9,609154836893601792,False,11783,Ryan Flournoy,WR,"[""WR""]",DAL,Active,,,,,SWR,3,True,False,False,False
2026-08-31T17:33:25+00:00,1370453762442797056,9,609154836893601792,False,12540,Chimere Dike,WR,"[""WR""]",TEN,Active,,,,,SWR,5,True,False,False,False
2026-08-31T17:33:25+00:00,1370453762442797056,9,609154836893601792,False,13337,Emmett Johnson,RB,"[""RB""]",KC,Active,,,,,RB,2,True,False,False,False
2026-08-31T17:33:25+00:00,1370453762442797056,9,609154836893601792,False,7526,Jaylen Waddle,WR,"[""WR""]",DEN,Active,,,,,RWR,1,True,True,False,False
2026-08-31T17:33:25+00:00,1370453762442797056,9,609154836893601792,False,8130,Trey McBride,TE,"[""TE""]",ARI,Active,,,,,TE,1,True,True,False,False
2026-08-31T17:33:25+00:00,1370453762442797056,9,609154836893601792,False,8150,Kyren Williams,RB,"[""RB""]",LAR,Active,,,,,RB,1,True,True,False,False
2026-08-31T17:33:25+00:00,1370453762442797056,9,609154836893601792,False,8408,Jordan Mason,RB,"[""RB""]",MIN,Active,,,,,RB,1,True,True,False,False
2026-08-31T17:33:25+00:00,1370453762442797056,9,609154836893601792,False,9480,Brenton Strange,TE,"[""TE""]",JAX,Active,,,,,TE,1,True,True,False,False
2026-08-31T17:33:25+00:00,1370453762442797056,9,609154836893601792,False,9506,Sean Tucker,RB,"[""RB""]",TB,Active,,,,,RB,3,True,False,False,False
2026-08-31T17:33:25+00:00,1370453762442797056,9,609154836893601792,False,9511,Keaton Mitchell,RB,"[""RB""]",LAC,Active,Questionable,Undisclosed,,,RB,2,True,True,False,False
2026-08-31T17:33:25+00:00,1370453762442797056,9,609154836893601792,False,9754,Quentin Johnston,WR,"[""WR""]",LAC,Active,,,,,LWR,2,True,True,False,False
2026-08-31T17:33:25+00:00,1370453762442797056,10,1264073315803217920,False,12150,Jarveon Howard,RB,"[""RB""]",,Inactive,,,,,,,True,False,False,False
2026-08-31T17:33:25+00:00,1370453762442797056,10,1264073315803217920,False,12526,Tetairoa McMillan,WR,"[""WR""]",CAR,Active,,,,,LWR,1,True,True,False,False
2026-08-31T17:33:25+00:00,1370453762442797056,10,1264073315803217920,False,12529,TreVeyon Henderson,RB,"[""RB""]",NE,Active,Questionable,Leg,,,RB,1,True,True,False,False
2026-08-31T17:33:25+00:00,1370453762442797056,10,1264073315803217920,False,12535,Isaac TeSlaa,WR,"[""WR""]",DET,Active,,,,,LWR,3,True,False,False,False
2026-08-31T17:33:25+00:00,1370453762442797056,10,1264073315803217920,False,12547,Kyle Williams,WR,"[""WR""]",NE,Active,,,,,SWR,5,True,False,False,False
2026-08-31T17:33:25+00:00,1370453762442797056,10,1264073315803217920,False,13269,Fernando Mendoza,QB,"[""QB""]",LV,Active,,,,,QB,1,True,True,False,False
2026-08-31T17:33:25+00:00,1370453762442797056,10,1264073315803217920,False,4195,Jake Elliott,K,"[""K""]",PHI,Active,,,,,K,1,True,True,False,False
2026-08-31T17:33:25+00:00,1370453762442797056,10,1264073315803217920,False,4217,George Kittle,TE,"[""TE""]",SF,Active,Questionable,Achilles,,,TE,1,True,True,False,False
2026-08-31T17:33:25+00:00,1370453762442797056,10,1264073315803217920,False,5846,DK Metcalf,WR,"[""WR""]",PIT,Active,Questionable,Undisclosed,,,LWR,1,True,True,False,False
2026-08-31T17:33:25+00:00,1370453762442797056,10,1264073315803217920,False,5849,Kyler Murray,QB,"[""QB""]",MIN,Active,,,,,QB,1,True,False,False,False
2026-08-31T17:33:25+00:00,1370453762442797056,10,1264073315803217920,False,5947,Jakobi Meyers,WR,"[""WR""]",JAX,Active,Questionable,Hand,,,RWR,3,True,True,False,False
2026-08-31T17:33:25+00:00,1370453762442797056,10,1264073315803217920,False,6786,CeeDee Lamb,WR,"[""WR""]",DAL,Active,,,,,LWR,1,True,True,False,False
2026-08-31T17:33:25+00:00,1370453762442797056,10,1264073315803217920,False,8151,Kenneth Walker,RB,"[""RB""]",KC,Active,Questionable,Foot,,,RB,1,True,True,False,False
2026-08-31T17:33:25+00:00,1370453762442797056,10,1264073315803217920,False,8154,Brian Robinson,RB,"[""RB""]",ATL,Active,,,,,RB,2,True,False,False,False
2026-08-31T17:33:25+00:00,1370453762442797056,10,1264073315803217920,False,9508,Tyjae Spears,RB,"[""RB""]",TEN,Active,,,,,RB,2,True,False,False,False
2026-08-31T17:33:25+00:00,1370453762442797056,11,997348618057125888,False,11586,Blake Corum,RB,"[""RB""]",LAR,Active,,,,,RB,2,True,True,False,False
2026-08-31T17:33:25+00:00,1370453762442797056,11,997348618057125888,False,12508,Jaxson Dart,QB,"[""QB""]",NYG,Active,,,,,QB,1,True,True,False,False
2026-08-31T17:33:25+00:00,1370453762442797056,11,997348618057125888,False,13345,Jonah Coleman,RB,"[""RB""]",DEN,Active,,,,,RB,3,True,False,False,False
2026-08-31T17:33:25+00:00,1370453762442797056,11,997348618057125888,False,1945,Chris Boswell,K,"[""K""]",PIT,Active,,,,,K,1,True,True,False,False
2026-08-31T17:33:25+00:00,1370453762442797056,11,997348618057125888,False,2133,Davante Adams,WR,"[""WR""]",LAR,Active,,,,,RWR,2,True,True,False,False
2026-08-31T17:33:25+00:00,1370453762442797056,11,997348618057125888,False,2449,Stefon Diggs,WR,"[""WR""]",WAS,Active,,,,,RWR,2,True,True,False,False
2026-08-31T17:33:25+00:00,1370453762442797056,11,997348618057125888,False,3214,Hunter Henry,TE,"[""TE""]",NE,Active,,,,,TE,1,True,True,False,False
2026-08-31T17:33:25+00:00,1370453762442797056,11,997348618057125888,False,4039,Cooper Kupp,WR,"[""WR""]",SEA,Active,,,,,SWR,3,True,False,False,False
2026-08-31T17:33:25+00:00,1370453762442797056,11,997348618057125888,False,4993,Mike Gesicki,TE,"[""TE""]",CIN,Active,,,,,TE,1,True,False,False,False
2026-08-31T17:33:25+00:00,1370453762442797056,11,997348618057125888,False,5850,Josh Jacobs,RB,"[""RB""]",GB,Active,DNR,Groin,,,RB,1,True,False,False,False
2026-08-31T17:33:25+00:00,1370453762442797056,11,997348618057125888,False,7525,DeVonta Smith,WR,"[""WR""]",PHI,Active,,,,,LWR,1,True,True,False,False
2026-08-31T17:33:25+00:00,1370453762442797056,11,997348618057125888,False,7528,Najee Harris,RB,"[""RB""]",NYG,Active,,,,,RB,3,True,False,False,False
2026-08-31T17:33:25+00:00,1370453762442797056,11,997348618057125888,False,8138,James Cook,RB,"[""RB""]",BUF,Active,,,,,RB,1,True,True,False,False
2026-08-31T17:33:25+00:00,1370453762442797056,11,997348618057125888,False,8210,Chig Okonkwo,TE,"[""TE""]",WAS,Active,,,,,TE,1,True,False,False,False
2026-08-31T17:33:25+00:00,1370453762442797056,11,997348618057125888,False,9501,DeMario Douglas,WR,"[""WR""]",NE,Active,,,,,SWR,3,True,True,False,False
2026-08-31T17:33:25+00:00,1370453762442797056,12,997317930117337088,False,11792,Will Reichard,K,"[""K""]",MIN,Active,,,,,K,1,True,True,False,False
2026-08-31T17:33:25+00:00,1370453762442797056,12,997317930117337088,False,12457,Jaydon Blue,RB,"[""RB""]",,Active,,,,,,,True,False,False,False
2026-08-31T17:33:25+00:00,1370453762442797056,12,997317930117337088,False,12519,Luther Burden,WR,"[""WR""]",CHI,Active,Questionable,Lower Body,,,RWR,2,True,True,False,False
2026-08-31T17:33:25+00:00,1370453762442797056,12,997317930117337088,False,3198,Derrick Henry,RB,"[""RB""]",BAL,Active,,,,,RB,1,True,True,False,False
2026-08-31T17:33:25+00:00,1370453762442797056,12,997317930117337088,False,4018,Joe Mixon,RB,"[""RB""]",,Active,Questionable,Foot,,,,,True,False,False,False
2026-08-31T17:33:25+00:00,1370453762442797056,12,997317930117337088,False,4035,Alvin Kamara,RB,"[""RB""]",NO,Active,Questionable,Knee,,,RB,2,True,False,False,False
2026-08-31T17:33:25+00:00,1370453762442797056,12,997317930117337088,False,4950,Christian Kirk,WR,"[""WR""]",SF,Inactive,IR,Calf,,,SWR,8,True,False,False,False
2026-08-31T17:33:25+00:00,1370453762442797056,12,997317930117337088,False,4983,DJ Moore,WR,"[""WR""]",BUF,Active,,,,,LWR,1,True,True,False,False
2026-08-31T17:33:25+00:00,1370453762442797056,12,997317930117337088,False,5859,A.J. Brown,WR,"[""WR""]",NE,Active,,,,,LWR,1,True,True,False,False
2026-08-31T17:33:25+00:00,1370453762442797056,12,997317930117337088,False,6797,Justin Herbert,QB,"[""QB""]",LAC,Active,,,,,QB,1,True,True,False,False
2026-08-31T17:33:25+00:00,1370453762442797056,12,997317930117337088,False,7571,Rashod Bateman,WR,"[""WR""]",BAL,Active,,,,,LWR,2,True,False,False,False
2026-08-31T17:33:25+00:00,1370453762442797056,12,997317930117337088,False,7594,Chuba Hubbard,RB,"[""RB""]",CAR,Active,Questionable,Hamstring,,,RB,1,True,True,False,False
2026-08-31T17:33:25+00:00,1370453762442797056,12,997317930117337088,False,8121,Romeo Doubs,WR,"[""WR""]",NE,Active,,,,,RWR,2,True,True,False,False
2026-08-31T17:33:25+00:00,1370453762442797056,12,997317930117337088,False,8131,Isaiah Likely,TE,"[""TE""]",NYG,Active,,,,,TE,1,True,True,False,False
2026-08-31T17:33:25+00:00,1370453762442797056,12,997317930117337088,False,9758,C.J. Stroud,QB,"[""QB""]",HOU,Active,,,,,QB,1,True,False,False,False
2026-08-31T17:33:25+00:00,1370453762442797056,13,860386640982589440,False,11584,Bucky Irving,RB,"[""RB""]",TB,Active,,,,,RB,1,True,True,False,False
2026-08-31T17:33:25+00:00,1370453762442797056,13,860386640982589440,False,11618,Jalen McMillan,WR,"[""WR""]",TB,Active,Questionable,Calf,,,RWR,3,True,False,False,False
2026-08-31T17:33:25+00:00,1370453762442797056,13,860386640982589440,False,12015,Harrison Mevis,K,"[""K""]",LAR,Active,,,,,K,1,True,True,False,False
2026-08-31T17:33:25+00:00,1370453762442797056,13,860386640982589440,False,12484,Jayden Higgins,WR,"[""WR""]",HOU,Inactive,IR,Knee - ACL,,,,6,True,False,False,False
2026-08-31T17:33:25+00:00,1370453762442797056,13,860386640982589440,False,12522,Cam Ward,QB,"[""QB""]",TEN,Active,,,,,QB,1,True,False,False,False
2026-08-31T17:33:25+00:00,1370453762442797056,13,860386640982589440,False,13288,Nicholas Singleton,RB,"[""RB""]",TEN,Active,,,,,RB,3,True,False,False,False
2026-08-31T17:33:25+00:00,1370453762442797056,13,860386640982589440,False,5927,Terry McLaurin,WR,"[""WR""]",WAS,Active,,,,,LWR,1,True,True,False,False
2026-08-31T17:33:25+00:00,1370453762442797056,13,860386640982589440,False,6904,Jalen Hurts,QB,"[""QB""]",PHI,Active,,,,,QB,1,True,True,False,False
2026-08-31T17:33:25+00:00,1370453762442797056,13,860386640982589440,False,7547,Amon-Ra St. Brown,WR,"[""WR""]",DET,Active,,,,,SWR,1,True,True,False,False
2026-08-31T17:33:25+00:00,1370453762442797056,13,860386640982589440,False,7588,Javonte Williams,RB,"[""RB""]",DAL,Active,,,,,RB,1,True,True,False,False
2026-08-31T17:33:25+00:00,1370453762442797056,13,860386640982589440,False,7600,Pat Freiermuth,TE,"[""TE""]",PIT,Active,,,,,TE,1,True,False,False,False
2026-08-31T17:33:25+00:00,1370453762442797056,13,860386640982589440,False,8110,Jake Ferguson,TE,"[""TE""]",DAL,Active,,,,,TE,1,True,True,False,False
2026-08-31T17:33:25+00:00,1370453762442797056,13,860386640982589440,False,8142,Alec Pierce,WR,"[""WR""]",IND,Active,Questionable,Ankle,,,LWR,1,True,True,False,False
2026-08-31T17:33:25+00:00,1370453762442797056,13,860386640982589440,False,9486,Dontayvion Wicks,WR,"[""WR""]",PHI,Active,,,,,RWR,3,True,False,False,False
2026-08-31T17:33:25+00:00,1370453762442797056,13,860386640982589440,False,9756,Jordan Addison,WR,"[""WR""]",MIN,Active,,,,,RWR,2,True,True,False,False
2026-08-31T17:33:25+00:00,1370453762442797056,14,1265369037945184256,False,10859,Sam LaPorta,TE,"[""TE""]",DET,Active,Questionable,Hip,,,TE,1,True,True,False,False
2026-08-31T17:33:25+00:00,1370453762442797056,14,1265369037945184256,False,12487,Terrance Ferguson,TE,"[""TE""]",LAR,Active,Questionable,Undisclosed,,,TE,1,True,False,False,False
2026-08-31T17:33:25+00:00,1370453762442797056,14,1265369037945184256,False,12512,Quinshon Judkins,RB,"[""RB""]",CLE,Active,,,,,RB,1,True,True,False,False
2026-08-31T17:33:25+00:00,1370453762442797056,14,1265369037945184256,False,12527,Ashton Jeanty,RB,"[""RB""]",LV,Active,Questionable,Knee,,,RB,1,True,True,False,False
2026-08-31T17:33:25+00:00,1370453762442797056,14,1265369037945184256,False,12713,Andy Borregales,K,"[""K""]",NE,Active,,,,,K,1,True,True,False,False
2026-08-31T17:33:25+00:00,1370453762442797056,14,1265369037945184256,False,13281,Jordyn Tyson,WR,"[""WR""]",NO,Inactive,IR,Hamstring,,,RWR,7,True,True,False,False
2026-08-31T17:33:25+00:00,1370453762442797056,14,1265369037945184256,False,13294,Makai Lemon,WR,"[""WR""]",PHI,Active,,,,,SWR,2,True,True,False,False
2026-08-31T17:33:25+00:00,1370453762442797056,14,1265369037945184256,False,13346,Denzel Boston,WR,"[""WR""]",CLE,Active,,,,,LWR,3,True,False,False,False
2026-08-31T17:33:25+00:00,1370453762442797056,14,1265369037945184256,False,13347,Demond Claiborne,RB,"[""RB""]",MIN,Active,,,,,RB,3,True,False,False,False
2026-08-31T17:33:25+00:00,1370453762442797056,14,1265369037945184256,False,3488,D.J. Foster,RB,"[""RB""]",,Inactive,,,,,,,True,False,False,False
2026-08-31T17:33:25+00:00,1370453762442797056,14,1265369037945184256,False,5870,Daniel Jones,QB,"[""QB""]",IND,Active,,,,,QB,1,True,False,False,False
2026-08-31T17:33:25+00:00,1370453762442797056,14,1265369037945184256,False,6794,Justin Jefferson,WR,"[""WR""]",MIN,Active,,,,,LWR,1,True,True,False,False
2026-08-31T17:33:25+00:00,1370453762442797056,14,1265369037945184256,False,6804,Jordan Love,QB,"[""QB""]",GB,Active,,,,,QB,1,True,True,False,False
2026-08-31T17:33:25+00:00,1370453762442797056,14,1265369037945184256,False,9500,Josh Downs,WR,"[""WR""]",IND,Active,Questionable,Undisclosed,,,SWR,2,True,True,False,False
2026-08-31T17:33:25+00:00,1370453762442797056,14,1265369037945184256,False,9504,Kayshon Boutte,WR,"[""WR""]",HOU,Active,,,,,RWR,2,True,False,False,False
2026-08-31T17:33:25+00:00,1370453762442797056,15,1127380007921328128,False,11539,Jake Bates,K,"[""K""]",DET,Active,,,,,K,1,True,True,False,False
2026-08-31T17:33:25+00:00,1370453762442797056,15,1127380007921328128,False,11610,Malik Washington,WR,"[""WR""]",MIA,Active,,,,,SWR,1,True,True,False,False
2026-08-31T17:33:25+00:00,1370453762442797056,15,1127380007921328128,False,11627,Troy Franklin,WR,"[""WR""]",DEN,Active,,,,,SWR,3,True,False,False,False
2026-08-31T17:33:25+00:00,1370453762442797056,15,1127380007921328128,False,12502,Gunnar Helm,TE,"[""TE""]",TEN,Active,,,,,TE,1,True,False,False,False
2026-08-31T17:33:25+00:00,1370453762442797056,15,1127380007921328128,False,12517,Colston Loveland,TE,"[""TE""]",CHI,Active,,,,,TE,1,True,True,False,False
2026-08-31T17:33:25+00:00,1370453762442797056,15,1127380007921328128,False,13274,Germie Bernard,WR,"[""WR""]",PIT,Active,,,,,SWR,3,True,False,False,False
2026-08-31T17:33:25+00:00,1370453762442797056,15,1127380007921328128,False,13287,Jeremiyah Love,RB,"[""RB""]",ARI,Active,Questionable,Ankle,,,RB,1,True,False,False,False
2026-08-31T17:33:25+00:00,1370453762442797056,15,1127380007921328128,False,13298,KC Concepcion,WR,"[""WR""]",CLE,Active,,,,,SWR,1,True,True,False,False
2026-08-31T17:33:25+00:00,1370453762442797056,15,1127380007921328128,False,3163,Jared Goff,QB,"[""QB""]",DET,Active,,,,,QB,1,True,True,False,False
2026-08-31T17:33:25+00:00,1370453762442797056,15,1127380007921328128,False,4981,Calvin Ridley,WR,"[""WR""]",TEN,Active,,,,,RWR,3,True,False,False,False
2026-08-31T17:33:25+00:00,1370453762442797056,15,1127380007921328128,False,5001,Dalton Schultz,TE,"[""TE""]",HOU,Active,,,,,TE,1,True,True,False,False
2026-08-31T17:33:25+00:00,1370453762442797056,15,1127380007921328128,False,6783,Jerry Jeudy,WR,"[""WR""]",CLE,Active,,,,,RWR,2,True,False,False,False
2026-08-31T17:33:25+00:00,1370453762442797056,15,1127380007921328128,False,7611,Rhamondre Stevenson,RB,"[""RB""]",NE,Active,,,,,RB,2,True,True,False,False
2026-08-31T17:33:25+00:00,1370453762442797056,15,1127380007921328128,False,8917,KaVontae Turpin,WR,"[""WR""]",DAL,Active,,,,,SWR,4,True,True,False,False
2026-08-31T17:33:25+00:00,1370453762442797056,15,1127380007921328128,False,9509,Bijan Robinson,RB,"[""RB""]",ATL,Active,,,,,RB,1,True,True,False,False
2026-08-31T17:33:25+00:00,1370453762442797056,16,1135263834127753216,False,10213,Tre Tucker,WR,"[""WR""]",LV,Active,,,,,RWR,1,True,False,False,False
2026-08-31T17:33:25+00:00,1370453762442797056,16,1135263834127753216,False,10234,Derius Davis,WR,"[""WR""]",LAC,Active,,,,,SWR,6,True,False,False,False
2026-08-31T17:33:25+00:00,1370453762442797056,16,1135263834127753216,False,10236,Dalton Kincaid,TE,"[""TE""]",BUF,Active,,,,,TE,1,True,True,False,False
2026-08-31T17:33:25+00:00,1370453762442797056,16,1135263834127753216,False,11168,Xavier Smith,WR,"[""WR""]",LAR,Active,,,,,SWR,7,True,False,False,False
2026-08-31T17:33:25+00:00,1370453762442797056,16,1135263834127753216,False,11563,Bo Nix,QB,"[""QB""]",DEN,Active,,,,,QB,1,True,True,False,False
2026-08-31T17:33:25+00:00,1370453762442797056,16,1135263834127753216,False,12489,RJ Harvey,RB,"[""RB""]",DEN,Active,,,,,RB,2,True,True,False,False
2026-08-31T17:33:25+00:00,1370453762442797056,16,1135263834127753216,False,3451,Ka'imi Fairbairn,K,"[""K""]",HOU,Active,,,,,K,1,True,True,False,False
2026-08-31T17:33:25+00:00,1370453762442797056,16,1135263834127753216,False,4037,Chris Godwin,WR,"[""WR""]",TB,Active,,,,,SWR,2,True,True,False,False
2026-08-31T17:33:25+00:00,1370453762442797056,16,1135263834127753216,False,4137,James Conner,RB,"[""RB""]",ARI,Inactive,IR,Foot,,,RB,4,True,False,False,False
2026-08-31T17:33:25+00:00,1370453762442797056,16,1135263834127753216,False,8111,Cade Otton,TE,"[""TE""]",TB,Active,,,,,TE,1,True,False,False,False
2026-08-31T17:33:25+00:00,1370453762442797056,16,1135263834127753216,False,8134,Khalil Shakir,WR,"[""WR""]",BUF,Active,Questionable,Undisclosed,,,SWR,2,True,True,False,False
2026-08-31T17:33:25+00:00,1370453762442797056,16,1135263834127753216,False,8137,George Pickens,WR,"[""WR""]",DAL,Active,,,,,RWR,2,True,True,False,False
2026-08-31T17:33:25+00:00,1370453762442797056,16,1135263834127753216,False,8676,Rashid Shaheed,WR,"[""WR""]",SEA,Active,,,,,RWR,2,True,True,False,False
2026-08-31T17:33:25+00:00,1370453762442797056,16,1135263834127753216,False,9224,Chase Brown,RB,"[""RB""]",CIN,Active,,,,,RB,1,True,True,False,False
2026-08-31T17:33:25+00:00,1370453762442797056,16,1135263834127753216,False,96,Aaron Rodgers,QB,"[""QB""]",PIT,Active,,,,,QB,1,True,False,False,False
2026-08-31T17:33:25+00:00,1370453762442797056,17,996120627872493568,False,11569,Jarquez Hunter,RB,"[""RB""]",MIA,Active,,,,,,,True,False,False,False
2026-08-31T17:33:25+00:00,1370453762442797056,17,996120627872493568,False,11603,AJ Barner,TE,"[""TE""]",SEA,Active,,,,,TE,1,True,True,False,False
2026-08-31T17:33:25+00:00,1370453762442797056,17,996120627872493568,False,11631,Brian Thomas,WR,"[""WR""]",JAX,Active,Questionable,Shoulder,,,LWR,2,True,True,False,False
2026-08-31T17:33:25+00:00,1370453762442797056,17,996120627872493568,False,12493,Oronde Gadsden,TE,"[""TE""]",LAC,Active,,,,,TE,1,True,True,False,False
2026-08-31T17:33:25+00:00,1370453762442797056,17,996120627872493568,False,12534,Kyle Monangai,RB,"[""RB""]",CHI,Active,Questionable,Knee,,,RB,2,True,True,False,False
2026-08-31T17:33:25+00:00,1370453762442797056,17,996120627872493568,False,13279,Carnell Tate,WR,"[""WR""]",TEN,Active,,,,,LWR,1,True,True,False,False
2026-08-31T17:33:25+00:00,1370453762442797056,17,996120627872493568,False,13301,Antonio Williams,WR,"[""WR""]",WAS,Active,,,,,SWR,3,True,False,False,False
2026-08-31T17:33:25+00:00,1370453762442797056,17,996120627872493568,False,13311,Chris Bell,WR,"[""WR""]",MIA,Active,,,,,LWR,3,True,False,False,False
2026-08-31T17:33:25+00:00,1370453762442797056,17,996120627872493568,False,2747,Jason Myers,K,"[""K""]",SEA,Active,,,,,K,1,True,True,False,False
2026-08-31T17:33:25+00:00,1370453762442797056,17,996120627872493568,False,421,Matthew Stafford,QB,"[""QB""]",LAR,Active,,,,,QB,1,True,False,False,False
2026-08-31T17:33:25+00:00,1370453762442797056,17,996120627872493568,False,4881,Lamar Jackson,QB,"[""QB""]",BAL,Active,,,,,QB,1,True,True,False,False
2026-08-31T17:33:25+00:00,1370453762442797056,17,996120627872493568,False,6801,Tee Higgins,WR,"[""WR""]",CIN,Active,,,,,RWR,2,True,True,False,False
2026-08-31T17:33:25+00:00,1370453762442797056,17,996120627872493568,False,8205,Isiah Pacheco,RB,"[""RB""]",DET,Active,Questionable,Knee - MCL,,,RB,2,True,False,False,False
2026-08-31T17:33:25+00:00,1370453762442797056,17,996120627872493568,False,9221,Jahmyr Gibbs,RB,"[""RB""]",DET,Active,,,,,RB,1,True,True,False,False
2026-08-31T17:33:25+00:00,1370453762442797056,17,996120627872493568,False,9757,Kendre Miller,RB,"[""RB""]",NO,Active,,,,,RB,3,True,False,False,False
2026-08-31T17:33:25+00:00,1370453762442797056,18,1266474061580480512,False,10232,Michael Wilson,WR,"[""WR""]",ARI,Active,,,,,RWR,2,True,True,False,False
2026-08-31T17:33:25+00:00,1370453762442797056,18,1266474061580480512,False,11579,Audric Estime,RB,"[""RB""]",NO,Active,,,,,RB,4,True,False,False,False
2026-08-31T17:33:25+00:00,1370453762442797056,18,1266474061580480512,False,11646,Jalen Coker,WR,"[""WR""]",CAR,Active,,,,,SWR,2,True,True,False,False
2026-08-31T17:33:25+00:00,1370453762442797056,18,1266474061580480512,False,12490,Bhayshul Tuten,RB,"[""RB""]",JAX,Active,,,,,RB,1,True,True,False,False
2026-08-31T17:33:25+00:00,1370453762442797056,18,1266474061580480512,False,12518,Tyler Warren,TE,"[""TE""]",IND,Active,Questionable,Groin,,,TE,1,True,True,False,False
2026-08-31T17:33:25+00:00,1370453762442797056,18,1266474061580480512,False,13276,Omar Cooper,WR,"[""WR""]",NYJ,Active,,,,,SWR,3,True,False,False,False
2026-08-31T17:33:25+00:00,1370453762442797056,18,1266474061580480512,False,13285,Malachi Fields,WR,"[""WR""]",NYG,Active,,,,,LWR,3,True,False,False,False
2026-08-31T17:33:25+00:00,1370453762442797056,18,1266474061580480512,False,13405,Kaytron Allen,RB,"[""RB""]",WAS,Active,,,,,RB,3,True,False,False,False
2026-08-31T17:33:25+00:00,1370453762442797056,18,1266474061580480512,False,4033,David Njoku,TE,"[""TE""]",LAC,Active,,,,,TE,2,True,False,False,False
2026-08-31T17:33:25+00:00,1370453762442797056,18,1266474061580480512,False,4227,Harrison Butker,K,"[""K""]",KC,Active,,,,,K,1,True,True,False,False
2026-08-31T17:33:25+00:00,1370453762442797056,18,1266474061580480512,False,4892,Baker Mayfield,QB,"[""QB""]",TB,Active,,,,,QB,1,True,True,False,False
2026-08-31T17:33:25+00:00,1370453762442797056,18,1266474061580480512,False,4943,Sam Darnold,QB,"[""QB""]",SEA,Active,,,,,QB,1,True,False,False,False
2026-08-31T17:33:25+00:00,1370453762442797056,18,1266474061580480512,False,5892,David Montgomery,RB,"[""RB""]",HOU,Active,,,,,RB,1,True,True,False,False
2026-08-31T17:33:25+00:00,1370453762442797056,18,1266474061580480512,False,6819,Michael Pittman,WR,"[""WR""]",PIT,Active,Questionable,Leg,,,RWR,2,True,True,False,False
2026-08-31T17:33:25+00:00,1370453762442797056,18,1266474061580480512,False,7564,Ja'Marr Chase,WR,"[""WR""]",CIN,Active,Questionable,Knee,,,LWR,1,True,True,False,False
2026-08-31T17:33:25+00:00,1370218620990263296,1,978483609717858304,False,10219,Chris Rodriguez,RB,"[""RB""]",JAX,Active,,,,,RB,2,True,True,False,False
2026-08-31T17:33:25+00:00,1370218620990263296,1,978483609717858304,False,10226,Andrei Iosivas,WR,"[""WR""]",CIN,Active,,,,,SWR,3,True,False,False,False
2026-08-31T17:33:25+00:00,1370218620990263296,1,978483609717858304,False,11566,Jayden Daniels,QB,"[""QB""]",WAS,Active,,,,,QB,1,True,True,False,False
2026-08-31T17:33:25+00:00,1370218620990263296,1,978483609717858304,False,11604,Brock Bowers,TE,"[""TE""]",LV,Active,,,,,TE,1,True,True,False,False
2026-08-31T17:33:25+00:00,1370218620990263296,1,978483609717858304,False,11618,Jalen McMillan,WR,"[""WR""]",TB,Active,Questionable,Calf,,,RWR,3,True,False,False,False
2026-08-31T17:33:25+00:00,1370218620990263296,1,978483609717858304,False,11624,Xavier Worthy,WR,"[""WR""]",KC,Active,,,,,RWR,2,True,True,False,False
2026-08-31T17:33:25+00:00,1370218620990263296,1,978483609717858304,False,11655,Tyrone Tracy,RB,"[""RB""]",NYG,Active,Questionable,Neck,,,RB,2,True,True,False,False
2026-08-31T17:33:25+00:00,1370218620990263296,1,978483609717858304,False,12511,Will Howard,QB,"[""QB""]",PIT,Active,Questionable,Head,,,QB,4,True,False,False,False
2026-08-31T17:33:25+00:00,1370218620990263296,1,978483609717858304,False,13269,Fernando Mendoza,QB,"[""QB""]",LV,Active,,,,,QB,1,True,False,False,False
2026-08-31T17:33:25+00:00,1370218620990263296,1,978483609717858304,False,13275,Ty Simpson,QB,"[""QB""]",LAR,Active,,,,,QB,2,True,False,False,True
2026-08-31T17:33:25+00:00,1370218620990263296,1,978483609717858304,False,13278,Max Klare,TE,"[""TE""]",LAR,Active,,,,,TE,5,True,False,False,False
2026-08-31T17:33:25+00:00,1370218620990263296,1,978483609717858304,False,13279,Carnell Tate,WR,"[""WR""]",TEN,Active,,,,,LWR,1,True,True,False,False
2026-08-31T17:33:25+00:00,1370218620990263296,1,978483609717858304,False,13281,Jordyn Tyson,WR,"[""WR""]",NO,Inactive,IR,Hamstring,,,RWR,7,True,False,False,False
2026-08-31T17:33:25+00:00,1370218620990263296,1,978483609717858304,False,13287,Jeremiyah Love,RB,"[""RB""]",ARI,Active,Questionable,Ankle,,,RB,1,True,True,False,False
2026-08-31T17:33:25+00:00,1370218620990263296,1,978483609717858304,False,13293,Ja'Kobi Lane,WR,"[""WR""]",BAL,Active,,,,,RWR,3,True,False,False,False
2026-08-31T17:33:25+00:00,1370218620990263296,1,978483609717858304,False,13303,Cade Klubnik,QB,"[""QB""]",NYJ,Active,,,,,QB,2,True,False,False,True
2026-08-31T17:33:25+00:00,1370218620990263296,1,978483609717858304,False,13317,Ted Hurst,WR,"[""WR""]",TB,Active,,,,,LWR,4,True,False,False,False
2026-08-31T17:33:25+00:00,1370218620990263296,1,978483609717858304,False,13330,Kenyon Sadiq,TE,"[""TE""]",NYJ,Active,Questionable,Abdomen,,,TE,1,True,True,False,False
2026-08-31T17:33:25+00:00,1370218620990263296,1,978483609717858304,False,13345,Jonah Coleman,RB,"[""RB""]",DEN,Active,,,,,RB,3,True,False,False,False
2026-08-31T17:33:25+00:00,1370218620990263296,1,978483609717858304,False,13346,Denzel Boston,WR,"[""WR""]",CLE,Active,,,,,LWR,3,True,True,False,False
2026-08-31T17:33:25+00:00,1370218620990263296,1,978483609717858304,False,13392,Jeff Caldwell,WR,"[""WR""]",KC,Inactive,IR,Knee,,,,,True,False,True,False
2026-08-31T17:33:25+00:00,1370218620990263296,1,978483609717858304,False,13394,Josh Cameron,WR,"[""WR""]",JAX,Active,,,,,RWR,5,True,False,False,True
2026-08-31T17:33:25+00:00,1370218620990263296,1,978483609717858304,False,13400,Justin Joly,TE,"[""TE""]",,Active,,,,,,,True,False,False,True
2026-08-31T17:33:25+00:00,1370218620990263296,1,978483609717858304,False,13423,Eli Heidenreich,RB,"[""RB""]",PIT,Active,,,,,RB,4,True,False,False,True
2026-08-31T17:33:25+00:00,1370218620990263296,1,978483609717858304,False,13434,Will Kacmarek,TE,"[""TE""]",MIA,Active,Questionable,Undisclosed,,,TE,2,True,False,False,False
2026-08-31T17:33:25+00:00,1370218620990263296,1,978483609717858304,False,2505,Darren Waller,TE,"[""TE""]",CAR,Active,,,,,TE,1,True,False,False,False
2026-08-31T17:33:25+00:00,1370218620990263296,1,978483609717858304,False,7828,Noah Gray,TE,"[""TE""]",KC,Active,,,,,TE,2,True,False,False,False
2026-08-31T17:33:25+00:00,1370218620990263296,1,978483609717858304,False,8119,Jahan Dotson,WR,"[""WR""]",ATL,Active,,,,,RWR,2,True,False,False,False
2026-08-31T17:33:25+00:00,1370218620990263296,1,978483609717858304,False,9494,Marvin Mims,WR,"[""WR""]",DEN,Active,Questionable,Foot,,,SWR,5,True,False,False,False
2026-08-31T17:33:25+00:00,1370218620990263296,1,978483609717858304,False,96,Aaron Rodgers,QB,"[""QB""]",PIT,Active,,,,,QB,1,True,True,False,False
2026-08-31T17:33:25+00:00,1370218620990263296,2,1241276722213564416,False,10859,Sam LaPorta,TE,"[""TE""]",DET,Active,Questionable,Hip,,,TE,1,True,True,False,False
2026-08-31T17:33:25+00:00,1370218620990263296,2,1241276722213564416,False,11589,Trey Benson,RB,"[""RB""]",ARI,Inactive,IR,Knee,,,RB,5,True,False,False,False
2026-08-31T17:33:25+00:00,1370218620990263296,2,1241276722213564416,False,11626,Xavier Legette,WR,"[""WR""]",CAR,Active,Questionable,Lower Body,,,RWR,3,True,False,False,False
2026-08-31T17:33:25+00:00,1370218620990263296,2,1241276722213564416,False,12500,Quinn Ewers,QB,"[""QB""]",JAX,Active,,,,,QB,2,True,False,False,False
2026-08-31T17:33:25+00:00,1370218620990263296,2,1241276722213564416,False,12508,Jaxson Dart,QB,"[""QB""]",NYG,Active,,,,,QB,1,True,True,False,False
2026-08-31T17:33:25+00:00,1370218620990263296,2,1241276722213564416,False,12522,Cam Ward,QB,"[""QB""]",TEN,Active,,,,,QB,1,True,True,False,False
2026-08-31T17:33:25+00:00,1370218620990263296,2,1241276722213564416,False,13272,Carson Beck,QB,"[""QB""]",ARI,Active,Questionable,Ribs,,,QB,2,True,False,False,False
2026-08-31T17:33:25+00:00,1370218620990263296,2,1241276722213564416,False,13277,CJ Donaldson,RB,"[""RB""]",NO,Active,,,,,,,True,False,False,False
2026-08-31T17:33:25+00:00,1370218620990263296,2,1241276722213564416,False,13309,Aaron Anderson,WR,"[""WR""]",,Inactive,Questionable,Undisclosed,,,,,True,False,False,False
2026-08-31T17:33:25+00:00,1370218620990263296,2,1241276722213564416,False,13336,Dane Key,WR,"[""WR""]",DEN,Active,,,,,,,True,False,False,False
2026-08-31T17:33:25+00:00,1370218620990263296,2,1241276722213564416,False,13338,Kevin Coleman,WR,"[""WR""]",MIA,Active,,,,,SWR,5,True,False,False,False
2026-08-31T17:33:25+00:00,1370218620990263296,2,1241276722213564416,False,13355,DJ Rogers,TE,"[""TE""]",DAL,Active,Questionable,Knee,,,,,True,False,False,False
2026-08-31T17:33:25+00:00,1370218620990263296,2,1241276722213564416,False,2133,Davante Adams,WR,"[""WR""]",LAR,Active,,,,,RWR,2,True,True,False,False
2026-08-31T17:33:25+00:00,1370218620990263296,2,1241276722213564416,False,2216,Mike Evans,WR,"[""WR""]",SF,Active,Questionable,Foot,,,LWR,1,True,False,False,False
2026-08-31T17:33:25+00:00,1370218620990263296,2,1241276722213564416,False,4033,David Njoku,TE,"[""TE""]",LAC,Active,,,,,TE,2,True,False,False,False
2026-08-31T17:33:25+00:00,1370218620990263296,2,1241276722213564416,False,4066,Evan Engram,TE,"[""TE""]",DEN,Active,,,,,TE,1,True,False,False,False
2026-08-31T17:33:25+00:00,1370218620990263296,2,1241276722213564416,False,4137,James Conner,RB,"[""RB""]",ARI,Inactive,IR,Foot,,,RB,4,True,False,False,False
2026-08-31T17:33:25+00:00,1370218620990263296,2,1241276722213564416,False,4981,Calvin Ridley,WR,"[""WR""]",TEN,Active,,,,,RWR,3,True,False,False,False
2026-08-31T17:33:25+00:00,1370218620990263296,2,1241276722213564416,False,4983,DJ Moore,WR,"[""WR""]",BUF,Active,,,,,LWR,1,True,True,False,False
2026-08-31T17:33:25+00:00,1370218620990263296,2,1241276722213564416,False,5844,T.J. Hockenson,TE,"[""TE""]",MIN,Active,,,,,TE,1,True,False,False,False
2026-08-31T17:33:25+00:00,1370218620990263296,2,1241276722213564416,False,5848,Marquise Brown,WR,"[""WR""]",PHI,Active,,,,,SWR,4,True,False,False,False
2026-08-31T17:33:25+00:00,1370218620990263296,2,1241276722213564416,False,5849,Kyler Murray,QB,"[""QB""]",MIN,Active,,,,,QB,1,True,False,False,False
2026-08-31T17:33:25+00:00,1370218620990263296,2,1241276722213564416,False,5859,A.J. Brown,WR,"[""WR""]",NE,Active,,,,,LWR,1,True,True,False,False
2026-08-31T17:33:25+00:00,1370218620990263296,2,1241276722213564416,False,6865,Colby Parkinson,TE,"[""TE""]",LAR,Active,,,,,TE,2,True,False,False,False
2026-08-31T17:33:25+00:00,1370218620990263296,2,1241276722213564416,False,7049,Jauan Jennings,WR,"[""WR""]",MIN,Active,,,,,SWR,3,True,False,False,False
2026-08-31T17:33:25+00:00,1370218620990263296,2,1241276722213564416,False,7600,Pat Freiermuth,TE,"[""TE""]",PIT,Active,,,,,TE,1,True,False,False,False
2026-08-31T17:33:25+00:00,1370218620990263296,2,1241276722213564416,False,7611,Rhamondre Stevenson,RB,"[""RB""]",NE,Active,,,,,RB,2,True,True,False,False
2026-08-31T17:33:25+00:00,1370218620990263296,2,1241276722213564416,False,8132,Tyler Allgeier,RB,"[""RB""]",ARI,Active,,,,,RB,2,True,True,False,False
2026-08-31T17:33:25+00:00,1370218620990263296,2,1241276722213564416,False,8151,Kenneth Walker,RB,"[""RB""]",KC,Active,Questionable,Foot,,,RB,1,True,True,False,False
2026-08-31T17:33:25+00:00,1370218620990263296,2,1241276722213564416,False,9493,Puka Nacua,WR,"[""WR""]",LAR,Active,Questionable,Undisclosed,,,LWR,1,True,True,False,False
2026-08-31T17:33:25+00:00,1370218620990263296,2,1241276722213564416,False,9504,Kayshon Boutte,WR,"[""WR""]",HOU,Active,,,,,RWR,2,True,False,False,False
2026-08-31T17:33:25+00:00,1370218620990263296,3,779583277362245632,True,11435,Emanuel Wilson,RB,"[""RB""]",SEA,Active,Questionable,Hamstring,,,RB,3,True,False,False,False
2026-08-31T17:33:25+00:00,1370218620990263296,3,779583277362245632,True,11584,Bucky Irving,RB,"[""RB""]",TB,Active,,,,,RB,1,True,True,False,False
2026-08-31T17:33:25+00:00,1370218620990263296,3,779583277362245632,True,11603,AJ Barner,TE,"[""TE""]",SEA,Active,,,,,TE,1,True,False,False,False
2026-08-31T17:33:25+00:00,1370218620990263296,3,779583277362245632,True,1166,Kirk Cousins,QB,"[""QB""]",LV,Active,,,,,QB,2,True,False,False,False
2026-08-31T17:33:25+00:00,1370218620990263296,3,779583277362245632,True,11834,Devaughn Vele,WR,"[""WR""]",NO,Active,,,,,SWR,2,True,False,False,False
2026-08-31T17:33:25+00:00,1370218620990263296,3,779583277362245632,True,12497,Tory Horton,WR,"[""WR""]",SEA,Active,Questionable,Undisclosed,,,RWR,4,True,False,False,True
2026-08-31T17:33:25+00:00,1370218620990263296,3,779583277362245632,True,12507,Omarion Hampton,RB,"[""RB""]",LAC,Active,,,,,RB,1,True,True,False,False
2026-08-31T17:33:25+00:00,1370218620990263296,3,779583277362245632,True,12514,Emeka Egbuka,WR,"[""WR""]",TB,Active,Questionable,Undisclosed,,,LWR,1,True,True,False,False
2026-08-31T17:33:25+00:00,1370218620990263296,3,779583277362245632,True,12519,Luther Burden,WR,"[""WR""]",CHI,Active,Questionable,Lower Body,,,RWR,2,True,True,False,False
2026-08-31T17:33:25+00:00,1370218620990263296,3,779583277362245632,True,12544,LeQuint Allen,RB,"[""RB""]",JAX,Active,Questionable,Undisclosed,,,RB,3,True,False,False,True
2026-08-31T17:33:25+00:00,1370218620990263296,3,779583277362245632,True,13276,Omar Cooper,WR,"[""WR""]",NYJ,Active,,,,,SWR,3,True,False,False,True
2026-08-31T17:33:25+00:00,1370218620990263296,3,779583277362245632,True,13342,John Michael Gyllenborg,TE,"[""TE""]",KC,Inactive,IR,Knee,,,TE,3,True,False,False,True
2026-08-31T17:33:25+00:00,1370218620990263296,3,779583277362245632,True,13353,Chris Brazzell,WR,"[""WR""]",CAR,Inactive,IR,Knee,,,,7,True,False,False,True
2026-08-31T17:33:25+00:00,1370218620990263296,3,779583277362245632,True,1373,Geno Smith,QB,"[""QB""]",NYJ,Active,,,,,QB,1,True,True,False,False
2026-08-31T17:33:25+00:00,1370218620990263296,3,779583277362245632,True,2306,Jameis Winston,QB,"[""QB""]",NYG,Active,,,,,QB,2,True,False,False,False
2026-08-31T17:33:25+00:00,1370218620990263296,3,779583277362245632,True,4035,Alvin Kamara,RB,"[""RB""]",NO,Active,Questionable,Knee,,,RB,2,True,False,False,False
2026-08-31T17:33:25+00:00,1370218620990263296,3,779583277362245632,True,4950,Christian Kirk,WR,"[""WR""]",SF,Inactive,IR,Calf,,,SWR,8,True,False,True,False
2026-08-31T17:33:25+00:00,1370218620990263296,3,779583277362245632,True,5001,Dalton Schultz,TE,"[""TE""]",HOU,Active,,,,,TE,1,True,False,False,False
2026-08-31T17:33:25+00:00,1370218620990263296,3,779583277362245632,True,5045,Courtland Sutton,WR,"[""WR""]",DEN,Active,,,,,LWR,2,True,False,False,False
2026-08-31T17:33:25+00:00,1370218620990263296,3,779583277362245632,True,6770,Joe Burrow,QB,"[""QB""]",CIN,Active,,,,,QB,1,True,True,False,False
2026-08-31T17:33:25+00:00,1370218620990263296,3,779583277362245632,True,6790,D'Andre Swift,RB,"[""RB""]",CHI,Active,,,,,RB,1,True,True,False,False
2026-08-31T17:33:25+00:00,1370218620990263296,3,779583277362245632,True,6826,Cole Kmet,TE,"[""TE""]",CHI,Active,,,,,TE,2,True,False,False,False
2026-08-31T17:33:25+00:00,1370218620990263296,3,779583277362245632,True,8110,Jake Ferguson,TE,"[""TE""]",DAL,Active,,,,,TE,1,True,True,False,False
2026-08-31T17:33:25+00:00,1370218620990263296,3,779583277362245632,True,8205,Isiah Pacheco,RB,"[""RB""]",DET,Active,Questionable,Knee - MCL,,,RB,2,True,False,False,False
2026-08-31T17:33:25+00:00,1370218620990263296,3,779583277362245632,True,9224,Chase Brown,RB,"[""RB""]",CIN,Active,,,,,RB,1,True,True,False,False
2026-08-31T17:33:25+00:00,1370218620990263296,3,779583277362245632,True,9481,Luke Musgrave,TE,"[""TE""]",GB,Active,PUP,Undisclosed,,,TE,3,True,False,True,False
2026-08-31T17:33:25+00:00,1370218620990263296,3,779583277362245632,True,9487,Parker Washington,WR,"[""WR""]",JAX,Active,,,,,SWR,1,True,True,False,False
2026-08-31T17:33:25+00:00,1370218620990263296,3,779583277362245632,True,9500,Josh Downs,WR,"[""WR""]",IND,Active,Questionable,Undisclosed,,,SWR,2,True,False,False,False
2026-08-31T17:33:25+00:00,1370218620990263296,3,779583277362245632,True,9502,Tank Dell,WR,"[""WR""]",HOU,Inactive,IR,Knee - ACL + MCL,,,SWR,5,True,False,True,False
2026-08-31T17:33:25+00:00,1370218620990263296,3,779583277362245632,True,9757,Kendre Miller,RB,"[""RB""]",NO,Active,,,,,RB,3,True,False,False,False
2026-08-31T17:33:25+00:00,1370218620990263296,4,458310882858889216,False,10222,Jayden Reed,WR,"[""WR""]",GB,Active,,,,,SWR,2,True,True,False,False
2026-08-31T17:33:25+00:00,1370218620990263296,4,458310882858889216,False,11586,Blake Corum,RB,"[""RB""]",LAR,Active,,,,,RB,2,True,False,False,False
2026-08-31T17:33:25+00:00,1370218620990263296,4,458310882858889216,False,11635,Ladd McConkey,WR,"[""WR""]",LAC,Active,,,,,SWR,1,True,True,False,False
2026-08-31T17:33:25+00:00,1370218620990263296,4,458310882858889216,False,11646,Jalen Coker,WR,"[""WR""]",CAR,Active,,,,,SWR,2,True,True,False,False
2026-08-31T17:33:25+00:00,1370218620990263296,4,458310882858889216,False,12498,Mason Taylor,TE,"[""TE""]",NYJ,Active,,,,,TE,2,True,False,False,False
2026-08-31T17:33:25+00:00,1370218620990263296,4,458310882858889216,False,12505,Jalen Royals,WR,"[""WR""]",KC,Active,,,,,LWR,5,True,False,False,False
2026-08-31T17:33:25+00:00,1370218620990263296,4,458310882858889216,False,12512,Quinshon Judkins,RB,"[""RB""]",CLE,Active,,,,,RB,1,True,True,False,False
2026-08-31T17:33:25+00:00,1370218620990263296,4,458310882858889216,False,12517,Colston Loveland,TE,"[""TE""]",CHI,Active,,,,,TE,1,True,True,False,False
2026-08-31T17:33:25+00:00,1370218620990263296,4,458310882858889216,False,12521,Elijah Arroyo,TE,"[""TE""]",SEA,Active,,,,,TE,2,True,False,False,False
2026-08-31T17:33:25+00:00,1370218620990263296,4,458310882858889216,False,12524,Shedeur Sanders,QB,"[""QB""]",CLE,Active,,,,,QB,2,True,False,False,False
2026-08-31T17:33:25+00:00,1370218620990263296,4,458310882858889216,False,12526,Tetairoa McMillan,WR,"[""WR""]",CAR,Active,,,,,LWR,1,True,True,False,False
2026-08-31T17:33:25+00:00,1370218620990263296,4,458310882858889216,False,12534,Kyle Monangai,RB,"[""RB""]",CHI,Active,Questionable,Knee,,,RB,2,True,False,False,False
2026-08-31T17:33:25+00:00,1370218620990263296,4,458310882858889216,False,13285,Malachi Fields,WR,"[""WR""]",NYG,Active,,,,,LWR,3,True,False,False,False
2026-08-31T17:33:25+00:00,1370218620990263296,4,458310882858889216,False,13302,Adam Randall,RB,"[""RB""]",BAL,Inactive,IR,Undisclosed,,,RB,4,True,False,False,True
2026-08-31T17:33:25+00:00,1370218620990263296,4,458310882858889216,False,13306,Taylen Green,QB,"[""QB""]",CLE,Active,,,,,QB,3,True,False,False,True
2026-08-31T17:33:25+00:00,1370218620990263296,4,458310882858889216,False,13307,Marlin Klein,TE,"[""TE""]",HOU,Active,,,,,TE,3,True,False,False,False
2026-08-31T17:33:25+00:00,1370218620990263296,4,458310882858889216,False,13322,Sam Roush,TE,"[""TE""]",CHI,Active,,,,,TE,3,True,False,False,True
2026-08-31T17:33:25+00:00,1370218620990263296,4,458310882858889216,False,13347,Demond Claiborne,RB,"[""RB""]",MIN,Active,,,,,RB,3,True,False,False,True
2026-08-31T17:33:25+00:00,1370218620990263296,4,458310882858889216,False,13401,Michael Trigg,TE,"[""TE""]",DAL,Active,,,,,,,True,False,False,True
2026-08-31T17:33:25+00:00,1370218620990263296,4,458310882858889216,False,13402,Skyler Bell,WR,"[""WR""]",BUF,Active,,,,,SWR,5,True,False,False,False
2026-08-31T17:33:25+00:00,1370218620990263296,4,458310882858889216,False,13964,Myles Montgomery,RB,"[""RB""]",,Active,IR,Undisclosed,,,,,True,False,True,False
2026-08-31T17:33:25+00:00,1370218620990263296,4,458310882858889216,False,4892,Baker Mayfield,QB,"[""QB""]",TB,Active,,,,,QB,1,True,True,False,False
2026-08-31T17:33:25+00:00,1370218620990263296,4,458310882858889216,False,4943,Sam Darnold,QB,"[""QB""]",SEA,Active,,,,,QB,1,True,True,False,False
2026-08-31T17:33:25+00:00,1370218620990263296,4,458310882858889216,False,8127,Charlie Kolar,TE,"[""TE""]",LAC,Active,,,,,TE,3,True,False,False,False
2026-08-31T17:33:25+00:00,1370218620990263296,4,458310882858889216,False,8136,Rachaad White,RB,"[""RB""]",WAS,Active,Questionable,Undisclosed,,,RB,2,True,False,False,False
2026-08-31T17:33:25+00:00,1370218620990263296,4,458310882858889216,False,8150,Kyren Williams,RB,"[""RB""]",LAR,Active,,,,,RB,1,True,True,False,False
2026-08-31T17:33:25+00:00,1370218620990263296,4,458310882858889216,False,8800,Malik Davis,RB,"[""RB""]",DAL,Active,,,,,RB,2,True,False,False,False
2026-08-31T17:33:25+00:00,1370218620990263296,4,458310882858889216,False,9229,Anthony Richardson,QB,"[""QB""]",IND,Active,,,,,QB,2,True,False,False,False
2026-08-31T17:33:25+00:00,1370218620990263296,4,458310882858889216,False,9230,Tanner McKee,QB,"[""QB""]",PHI,Active,,,,,QB,3,True,False,False,False
2026-08-31T17:33:25+00:00,1370218620990263296,4,458310882858889216,False,9486,Dontayvion Wicks,WR,"[""WR""]",PHI,Active,,,,,RWR,3,True,False,False,False
2026-08-31T17:33:25+00:00,1370218620990263296,4,458310882858889216,False,9488,Jaxon Smith-Njigba,WR,"[""WR""]",SEA,Active,,,,,LWR,1,True,True,False,False
2026-08-31T17:33:25+00:00,1370218620990263296,5,1369507540269809664,False,11571,Isaiah Davis,RB,"[""RB""]",NYJ,Active,Questionable,Knee,,,RB,3,True,False,False,False
2026-08-31T17:33:25+00:00,1370218620990263296,5,1369507540269809664,False,11575,Ray Davis,RB,"[""RB""]",BUF,Active,,,,,RB,3,True,False,False,False
2026-08-31T17:33:25+00:00,1370218620990263296,5,1369507540269809664,False,11625,Adonai Mitchell,WR,"[""WR""]",NYJ,Active,,,,,RWR,2,True,False,False,False
2026-08-31T17:33:25+00:00,1370218620990263296,5,1369507540269809664,False,12493,Oronde Gadsden,TE,"[""TE""]",LAC,Active,,,,,TE,1,True,False,False,False
2026-08-31T17:33:25+00:00,1370218620990263296,5,1369507540269809664,False,12499,Elic Ayomanor,WR,"[""WR""]",TEN,Active,,,,,LWR,4,True,False,False,False
2026-08-31T17:33:25+00:00,1370218620990263296,5,1369507540269809664,False,12531,Trevor Etienne,RB,"[""RB""]",CAR,Active,IR,Ankle,,,RB,4,True,False,False,False
2026-08-31T17:33:25+00:00,1370218620990263296,5,1369507540269809664,False,12540,Chimere Dike,WR,"[""WR""]",TEN,Active,,,,,SWR,5,True,False,False,False
2026-08-31T17:33:25+00:00,1370218620990263296,5,1369507540269809664,False,13335,Cole Payton,QB,"[""QB""]",PHI,Active,,,,,QB,4,True,False,False,True
2026-08-31T17:33:25+00:00,1370218620990263296,5,1369507540269809664,False,13405,Kaytron Allen,RB,"[""RB""]",WAS,Active,,,,,RB,3,True,False,False,True
2026-08-31T17:33:25+00:00,1370218620990263296,5,1369507540269809664,False,3214,Hunter Henry,TE,"[""TE""]",NE,Active,,,,,TE,1,True,False,False,False
2026-08-31T17:33:25+00:00,1370218620990263296,5,1369507540269809664,False,4984,Josh Allen,QB,"[""QB""]",BUF,Active,,,,,QB,1,True,True,False,False
2026-08-31T17:33:25+00:00,1370218620990263296,5,1369507540269809664,False,5947,Jakobi Meyers,WR,"[""WR""]",JAX,Active,Questionable,Hand,,,RWR,3,True,True,False,False
2026-08-31T17:33:25+00:00,1370218620990263296,5,1369507540269809664,False,6783,Jerry Jeudy,WR,"[""WR""]",CLE,Active,,,,,RWR,2,True,False,False,False
2026-08-31T17:33:25+00:00,1370218620990263296,5,1369507540269809664,False,7090,Darnell Mooney,WR,"[""WR""]",NYG,Active,,,,,SWR,4,True,False,False,False
2026-08-31T17:33:25+00:00,1370218620990263296,5,1369507540269809664,False,7525,DeVonta Smith,WR,"[""WR""]",PHI,Active,,,,,LWR,1,True,True,False,False
2026-08-31T17:33:25+00:00,1370218620990263296,5,1369507540269809664,False,7543,Travis Etienne,RB,"[""RB""]",NO,Active,,,,,RB,1,True,True,False,False
2026-08-31T17:33:25+00:00,1370218620990263296,5,1369507540269809664,False,7567,Kenny Gainwell,RB,"[""RB""]",TB,Active,,,,,RB,2,True,False,False,False
2026-08-31T17:33:25+00:00,1370218620990263296,5,1369507540269809664,False,7594,Chuba Hubbard,RB,"[""RB""]",CAR,Active,Questionable,Hamstring,,,RB,1,True,True,False,False
2026-08-31T17:33:25+00:00,1370218620990263296,5,1369507540269809664,False,7670,Joshua Palmer,WR,"[""WR""]",BUF,Active,,,,,RWR,4,True,False,False,False
2026-08-31T17:33:25+00:00,1370218620990263296,5,1369507540269809664,False,8131,Isaiah Likely,TE,"[""TE""]",NYG,Active,,,,,TE,1,True,True,False,False
2026-08-31T17:33:25+00:00,1370218620990263296,5,1369507540269809664,False,8137,George Pickens,WR,"[""WR""]",DAL,Active,,,,,RWR,2,True,True,False,False
2026-08-31T17:33:25+00:00,1370218620990263296,5,1369507540269809664,False,8167,Christian Watson,WR,"[""WR""]",GB,Active,,,,,LWR,1,True,True,False,False
2026-08-31T17:33:25+00:00,1370218620990263296,5,1369507540269809664,False,8676,Rashid Shaheed,WR,"[""WR""]",SEA,Active,,,,,RWR,2,True,False,False,False
2026-08-31T17:33:25+00:00,1370218620990263296,5,1369507540269809664,False,9226,De'Von Achane,RB,"[""RB""]",MIA,Active,,,,,RB,1,True,True,False,False
2026-08-31T17:33:25+00:00,1370218620990263296,5,1369507540269809664,False,9479,Darnell Washington,TE,"[""TE""]",PIT,Active,,,,,TE,2,True,False,False,False
2026-08-31T17:33:25+00:00,1370218620990263296,5,1369507540269809664,False,9753,Zach Charbonnet,RB,"[""RB""]",SEA,Active,PUP,Knee - ACL,,,RB,2,True,False,True,False
2026-08-31T17:33:25+00:00,1370218620990263296,5,1369507540269809664,False,9758,C.J. Stroud,QB,"[""QB""]",HOU,Active,,,,,QB,1,True,True,False,False
2026-08-31T17:33:25+00:00,1370218620990263296,6,998103180779155456,False,11559,Michael Penix,QB,"[""QB""]",ATL,Active,Questionable,Knee - ACL,,,QB,2,True,False,False,False
2026-08-31T17:33:25+00:00,1370218620990263296,6,998103180779155456,False,11564,Drake Maye,QB,"[""QB""]",NE,Active,,,,,QB,1,True,True,False,False
2026-08-31T17:33:25+00:00,1370218620990263296,6,998103180779155456,False,11576,Braelon Allen,RB,"[""RB""]",NYJ,Active,,,,,RB,2,True,False,False,False
2026-08-31T17:33:25+00:00,1370218620990263296,6,998103180779155456,False,11783,Ryan Flournoy,WR,"[""WR""]",DAL,Active,,,,,SWR,3,True,False,False,False
2026-08-31T17:33:25+00:00,1370218620990263296,6,998103180779155456,False,12489,RJ Harvey,RB,"[""RB""]",DEN,Active,,,,,RB,2,True,True,False,False
2026-08-31T17:33:25+00:00,1370218620990263296,6,998103180779155456,False,12506,Harold Fannin,TE,"[""TE""]",CLE,Active,,,,,TE,1,True,True,False,False
2026-08-31T17:33:25+00:00,1370218620990263296,6,998103180779155456,False,12510,Jalen Milroe,QB,"[""QB""]",SEA,Active,,,,,QB,3,True,False,False,True
2026-08-31T17:33:25+00:00,1370218620990263296,6,998103180779155456,False,12529,TreVeyon Henderson,RB,"[""RB""]",NE,Active,Questionable,Leg,,,RB,1,True,True,False,False
2026-08-31T17:33:25+00:00,1370218620990263296,6,998103180779155456,False,13289,Drew Allar,QB,"[""QB""]",PIT,Active,,,,,QB,3,True,False,False,True
2026-08-31T17:33:25+00:00,1370218620990263296,6,998103180779155456,False,13296,Caleb Douglas,WR,"[""WR""]",MIA,Active,,,,,RWR,2,True,False,False,False
2026-08-31T17:33:25+00:00,1370218620990263296,6,998103180779155456,False,13300,Le'Veon Moss,RB,"[""RB""]",,Active,NA,Undisclosed,,,,,True,False,False,True
2026-08-31T17:33:25+00:00,1370218620990263296,6,998103180779155456,False,13314,Luke Altmyer,QB,"[""QB""]",,Active,,,,,,,True,False,False,True
2026-08-31T17:33:25+00:00,1370218620990263296,6,998103180779155456,False,13337,Emmett Johnson,RB,"[""RB""]",KC,Active,,,,,RB,2,True,False,False,False
2026-08-31T17:33:25+00:00,1370218620990263296,6,998103180779155456,False,13349,Eli Stowers,TE,"[""TE""]",PHI,Active,Questionable,Hamstring,,,TE,2,True,False,False,False
2026-08-31T17:33:25+00:00,1370218620990263296,6,998103180779155456,False,13411,Zavion Thomas,WR,"[""WR""]",CHI,Active,,,,,SWR,3,True,False,False,False
2026-08-31T17:33:25+00:00,1370218620990263296,6,998103180779155456,False,13414,Kaelon Black,RB,"[""RB""]",SF,Active,,,,,RB,2,True,False,False,False
2026-08-31T17:33:25+00:00,1370218620990263296,6,998103180779155456,False,13417,De'Zhaun Stribling,WR,"[""WR""]",SF,Active,Questionable,Shoulder,,,LWR,3,True,False,False,False
2026-08-31T17:33:25+00:00,1370218620990263296,6,998103180779155456,False,13420,Bryce Lance,WR,"[""WR""]",NO,Active,,,,,LWR,3,True,False,False,True
2026-08-31T17:33:25+00:00,1370218620990263296,6,998103180779155456,False,13424,Seth McGowan,RB,"[""RB""]",IND,Active,,,,,RB,2,True,False,False,False
2026-08-31T17:33:25+00:00,1370218620990263296,6,998103180779155456,False,4039,Cooper Kupp,WR,"[""WR""]",SEA,Active,,,,,SWR,3,True,False,False,False
2026-08-31T17:33:25+00:00,1370218620990263296,6,998103180779155456,False,6797,Justin Herbert,QB,"[""QB""]",LAC,Active,,,,,QB,1,True,True,False,False
2026-08-31T17:33:25+00:00,1370218620990263296,6,998103180779155456,False,7553,Kyle Pitts,TE,"[""TE""]",ATL,Active,,,,,TE,1,True,True,False,False
2026-08-31T17:33:25+00:00,1370218620990263296,6,998103180779155456,False,7569,Nico Collins,WR,"[""WR""]",HOU,Active,,,,,LWR,1,True,True,False,False
2026-08-31T17:33:25+00:00,1370218620990263296,6,998103180779155456,False,7571,Rashod Bateman,WR,"[""WR""]",BAL,Active,,,,,LWR,2,True,False,False,False
2026-08-31T17:33:25+00:00,1370218620990263296,6,998103180779155456,False,8134,Khalil Shakir,WR,"[""WR""]",BUF,Active,Questionable,Undisclosed,,,SWR,2,True,True,False,False
2026-08-31T17:33:25+00:00,1370218620990263296,6,998103180779155456,False,8142,Alec Pierce,WR,"[""WR""]",IND,Active,Questionable,Ankle,,,LWR,1,True,False,False,False
2026-08-31T17:33:25+00:00,1370218620990263296,6,998103180779155456,False,8148,Jameson Williams,WR,"[""WR""]",DET,Active,,,,,RWR,2,True,True,False,False
2026-08-31T17:33:25+00:00,1370218620990263296,6,998103180779155456,False,8155,Breece Hall,RB,"[""RB""]",NYJ,Active,Questionable,Thigh,,,RB,1,True,True,False,False
2026-08-31T17:33:25+00:00,1370218620990263296,6,998103180779155456,False,8172,Greg Dulcich,TE,"[""TE""]",MIA,Active,,,,,TE,1,True,False,False,False
2026-08-31T17:33:25+00:00,1370218620990263296,6,998103180779155456,False,9228,Bryce Young,QB,"[""QB""]",CAR,Active,,,,,QB,1,True,False,False,False
2026-08-31T17:33:25+00:00,1370218620990263296,7,1241249556683821056,False,10232,Michael Wilson,WR,"[""WR""]",ARI,Active,,,,,RWR,2,True,True,False,False
2026-08-31T17:33:25+00:00,1370218620990263296,7,1241249556683821056,False,11565,J.J. McCarthy,QB,"[""QB""]",MIN,Active,Questionable,Undisclosed,,,QB,2,True,False,False,False
2026-08-31T17:33:25+00:00,1370218620990263296,7,1241249556683821056,False,11597,Theo Johnson,TE,"[""TE""]",NYG,Active,Questionable,Undisclosed,,,TE,2,True,False,False,False
2026-08-31T17:33:25+00:00,1370218620990263296,7,1241249556683821056,False,11620,Rome Odunze,WR,"[""WR""]",CHI,Active,,,,,LWR,1,True,True,False,False
2026-08-31T17:33:25+00:00,1370218620990263296,7,1241249556683821056,False,11627,Troy Franklin,WR,"[""WR""]",DEN,Active,,,,,SWR,3,True,False,False,False
2026-08-31T17:33:25+00:00,1370218620990263296,7,1241249556683821056,False,11638,Ricky Pearsall,WR,"[""WR""]",SF,Inactive,IR,Knee - PCL,,,,9,True,False,True,False
2026-08-31T17:33:25+00:00,1370218620990263296,7,1241249556683821056,False,11647,Kimani Vidal,RB,"[""RB""]",LAC,Active,,,,,RB,3,True,False,False,False
2026-08-31T17:33:25+00:00,1370218620990263296,7,1241249556683821056,False,12509,Tre' Harris,WR,"[""WR""]",LAC,Active,Questionable,Undisclosed,,,RWR,3,True,False,False,False
2026-08-31T17:33:25+00:00,1370218620990263296,7,1241249556683821056,False,12547,Kyle Williams,WR,"[""WR""]",NE,Active,,,,,SWR,5,True,False,False,False
2026-08-31T17:33:25+00:00,1370218620990263296,7,1241249556683821056,False,13274,Germie Bernard,WR,"[""WR""]",PIT,Active,,,,,SWR,3,True,False,False,False
2026-08-31T17:33:25+00:00,1370218620990263296,7,1241249556683821056,False,13308,Bauer Sharp,TE,"[""TE""]",TB,Active,,,,,TE,4,True,False,False,True
2026-08-31T17:33:25+00:00,1370218620990263296,7,1241249556683821056,False,13333,Deion Burks,WR,"[""WR""]",IND,Active,,,,,RWR,6,True,False,False,False
2026-08-31T17:33:25+00:00,1370218620990263296,7,1241249556683821056,False,13348,J'Mari Taylor,RB,"[""RB""]",JAX,Active,,,,,,,True,False,False,True
2026-08-31T17:33:25+00:00,1370218620990263296,7,1241249556683821056,False,13350,Joe Fagnano,QB,"[""QB""]",BAL,Active,,,,,QB,,True,False,False,True
2026-08-31T17:33:25+00:00,1370218620990263296,7,1241249556683821056,False,13380,Brenen Thompson,WR,"[""WR""]",LAC,Active,Questionable,Undisclosed,,,RWR,4,True,False,False,False
2026-08-31T17:33:25+00:00,1370218620990263296,7,1241249556683821056,False,13404,Garrett Nussmeier,QB,"[""QB""]",KC,Active,,,,,QB,3,True,False,False,True
2026-08-31T17:33:25+00:00,1370218620990263296,7,1241249556683821056,False,13422,Jaren Kanak,TE,"[""TE""]",TEN,Inactive,IR,Pectoral,,,TE,5,True,False,False,True
2026-08-31T17:33:25+00:00,1370218620990263296,7,1241249556683821056,False,3163,Jared Goff,QB,"[""QB""]",DET,Active,,,,,QB,1,True,True,False,False
2026-08-31T17:33:25+00:00,1370218620990263296,7,1241249556683821056,False,4034,Christian McCaffrey,RB,"[""RB""]",SF,Active,Questionable,Undisclosed,,,RB,1,True,True,False,False
2026-08-31T17:33:25+00:00,1370218620990263296,7,1241249556683821056,False,4881,Lamar Jackson,QB,"[""QB""]",BAL,Active,,,,,QB,1,True,True,False,False
2026-08-31T17:33:25+00:00,1370218620990263296,7,1241249556683821056,False,5012,Mark Andrews,TE,"[""TE""]",BAL,Active,,,,,TE,1,True,True,False,False
2026-08-31T17:33:25+00:00,1370218620990263296,7,1241249556683821056,False,6813,Jonathan Taylor,RB,"[""RB""]",IND,Active,,,,,RB,1,True,True,False,False
2026-08-31T17:33:25+00:00,1370218620990263296,7,1241249556683821056,False,7021,Rico Dowdle,RB,"[""RB""]",PIT,Active,,,,,RB,2,True,True,False,False
2026-08-31T17:33:25+00:00,1370218620990263296,7,1241249556683821056,False,7528,Najee Harris,RB,"[""RB""]",NYG,Active,,,,,RB,3,True,False,False,False
2026-08-31T17:33:25+00:00,1370218620990263296,7,1241249556683821056,False,8130,Trey McBride,TE,"[""TE""]",ARI,Active,,,,,TE,1,True,True,False,False
2026-08-31T17:33:25+00:00,1370218620990263296,7,1241249556683821056,False,8408,Jordan Mason,RB,"[""RB""]",MIN,Active,,,,,RB,1,True,False,False,False
2026-08-31T17:33:25+00:00,1370218620990263296,7,1241249556683821056,False,9506,Sean Tucker,RB,"[""RB""]",TB,Active,,,,,RB,3,True,False,False,False
2026-08-31T17:33:25+00:00,1370218620990263296,7,1241249556683821056,False,9756,Jordan Addison,WR,"[""WR""]",MIN,Active,,,,,RWR,2,True,False,False,False
2026-08-31T17:33:25+00:00,1370218620990263296,7,1241249556683821056,False,9997,Zay Flowers,WR,"[""WR""]",BAL,Active,Questionable,Undisclosed,,,SWR,1,True,True,False,False
2026-08-31T17:33:25+00:00,1370218620990263296,8,725564023889817600,False,10213,Tre Tucker,WR,"[""WR""]",LV,Active,,,,,RWR,1,True,False,False,False
2026-08-31T17:33:25+00:00,1370218620990263296,8,725564023889817600,False,10229,Rashee Rice,WR,"[""WR""]",KC,Active,,,,,SWR,1,True,True,False,False
2026-08-31T17:33:25+00:00,1370218620990263296,8,725564023889817600,False,11563,Bo Nix,QB,"[""QB""]",DEN,Active,,,,,QB,1,True,True,False,False
2026-08-31T17:33:25+00:00,1370218620990263296,8,725564023889817600,False,11632,Malik Nabers,WR,"[""WR""]",NYG,Active,Questionable,Knee - ACL,,,LWR,1,True,True,False,False
2026-08-31T17:33:25+00:00,1370218620990263296,8,725564023889817600,False,12455,Brashard Smith,RB,"[""RB""]",KC,Active,,,,,RB,3,True,False,False,True
2026-08-31T17:33:25+00:00,1370218620990263296,8,725564023889817600,False,12471,DJ Giddens,RB,"[""RB""]",IND,Active,,,,,RB,3,True,False,False,True
2026-08-31T17:33:25+00:00,1370218620990263296,8,725564023889817600,False,12474,Woody Marks,RB,"[""RB""]",HOU,Active,,,,,RB,2,True,False,False,True
2026-08-31T17:33:25+00:00,1370218620990263296,8,725564023889817600,False,12476,Devin Neal,RB,"[""RB""]",NO,Active,IR,Hamstring,,,RB,6,True,False,False,True
2026-08-31T17:33:25+00:00,1370218620990263296,8,725564023889817600,False,12492,Pat Bryant,WR,"[""WR""]",DEN,Active,,,,,SWR,4,True,False,False,True
2026-08-31T17:33:25+00:00,1370218620990263296,8,725564023889817600,False,12501,Matthew Golden,WR,"[""WR""]",GB,Active,,,,,RWR,3,True,False,False,False
2026-08-31T17:33:25+00:00,1370218620990263296,8,725564023889817600,False,12530,Travis Hunter,WR,"[""DB"", ""WR""]",JAX,Active,,,,,SWR,4,True,False,False,False
2026-08-31T17:33:25+00:00,1370218620990263296,8,725564023889817600,False,12545,Tyler Shough,QB,"[""QB""]",NO,Active,,,,,QB,1,True,True,False,False
2026-08-31T17:33:25+00:00,1370218620990263296,8,725564023889817600,False,1479,Keenan Allen,WR,"[""WR""]",IND,Active,,,,,RWR,3,True,False,False,False
2026-08-31T17:33:25+00:00,1370218620990263296,8,725564023889817600,False,4018,Joe Mixon,RB,"[""RB""]",,Active,Questionable,Foot,,,,,True,False,False,False
2026-08-31T17:33:25+00:00,1370218620990263296,8,725564023889817600,False,4199,Aaron Jones,RB,"[""RB""]",MIN,Active,,,,,RB,2,True,False,False,False
2026-08-31T17:33:25+00:00,1370218620990263296,8,725564023889817600,False,4217,George Kittle,TE,"[""TE""]",SF,Active,Questionable,Achilles,,,TE,1,True,True,False,False
2026-08-31T17:33:25+00:00,1370218620990263296,8,725564023889817600,False,4993,Mike Gesicki,TE,"[""TE""]",CIN,Active,,,,,TE,1,True,False,False,False
2026-08-31T17:33:25+00:00,1370218620990263296,8,725564023889817600,False,6149,Darius Slayton,WR,"[""WR""]",NYG,Active,,,,,RWR,2,True,False,False,False
2026-08-31T17:33:25+00:00,1370218620990263296,8,725564023889817600,False,6803,Brandon Aiyuk,WR,"[""WR""]",SF,Active,DNR,Knee - ACL + MCL,,,,4,True,False,False,False
2026-08-31T17:33:25+00:00,1370218620990263296,8,725564023889817600,False,7588,Javonte Williams,RB,"[""RB""]",DAL,Active,,,,,RB,1,True,True,False,False
2026-08-31T17:33:25+00:00,1370218620990263296,8,725564023889817600,False,8111,Cade Otton,TE,"[""TE""]",TB,Active,,,,,TE,1,True,False,False,False
2026-08-31T17:33:25+00:00,1370218620990263296,8,725564023889817600,False,8117,Jalen Tolbert,WR,"[""WR""]",MIA,Active,,,,,LWR,4,True,False,False,False
2026-08-31T17:33:25+00:00,1370218620990263296,8,725564023889817600,False,8121,Romeo Doubs,WR,"[""WR""]",NE,Active,,,,,RWR,2,True,True,False,False
2026-08-31T17:33:25+00:00,1370218620990263296,8,725564023889817600,False,8138,James Cook,RB,"[""RB""]",BUF,Active,,,,,RB,1,True,True,False,False
2026-08-31T17:33:25+00:00,1370218620990263296,8,725564023889817600,False,8144,Chris Olave,WR,"[""WR""]",NO,Active,,,,,LWR,1,True,True,False,False
2026-08-31T17:33:25+00:00,1370218620990263296,8,725564023889817600,False,8154,Brian Robinson,RB,"[""RB""]",ATL,Active,,,,,RB,2,True,False,False,False
2026-08-31T17:33:25+00:00,1370218620990263296,8,725564023889817600,False,8161,Malik Willis,QB,"[""QB""]",MIA,Active,,,,,QB,1,True,False,False,False
2026-08-31T17:33:25+00:00,1370218620990263296,8,725564023889817600,False,8180,Jalen Nailor,WR,"[""WR""]",LV,Active,,,,,SWR,2,True,False,False,False
2026-08-31T17:33:25+00:00,1370218620990263296,8,725564023889817600,False,8698,Jake Tonges,TE,"[""TE""]",SF,Active,,,,,TE,2,True,False,False,False
2026-08-31T17:33:25+00:00,1370218620990263296,8,725564023889817600,False,9509,Bijan Robinson,RB,"[""RB""]",ATL,Active,,,,,RB,1,True,True,False,False
2026-08-31T17:33:25+00:00,1370218620990263296,9,1225654710162182144,False,10444,Cedric Tillman,WR,"[""WR""]",,Active,Questionable,Undisclosed,,,,,True,False,False,False
2026-08-31T17:33:25+00:00,1370218620990263296,9,1225654710162182144,False,11256,Tyson Bagent,QB,"[""QB""]",CHI,Active,,,,,QB,2,True,False,False,False
2026-08-31T17:33:25+00:00,1370218620990263296,9,1225654710162182144,False,11557,Joe Milton,QB,"[""QB""]",DAL,Active,,,,,QB,2,True,False,False,True
2026-08-31T17:33:25+00:00,1370218620990263296,9,1225654710162182144,False,11560,Caleb Williams,QB,"[""QB""]",CHI,Active,,,,,QB,1,True,True,False,False
2026-08-31T17:33:25+00:00,1370218620990263296,9,1225654710162182144,False,11600,Ja'Tavion Sanders,TE,"[""TE""]",CAR,Active,,,,,TE,3,True,False,False,False
2026-08-31T17:33:25+00:00,1370218620990263296,9,1225654710162182144,False,11628,Marvin Harrison,WR,"[""WR""]",ARI,Active,,,,,LWR,1,True,False,False,False
2026-08-31T17:33:25+00:00,1370218620990263296,9,1225654710162182144,False,11631,Brian Thomas,WR,"[""WR""]",JAX,Active,Questionable,Shoulder,,,LWR,2,True,True,False,False
2026-08-31T17:33:25+00:00,1370218620990263296,9,1225654710162182144,False,12467,Jordan James,RB,"[""RB""]",SF,Active,,,,,RB,3,True,False,False,True
2026-08-31T17:33:25+00:00,1370218620990263296,9,1225654710162182144,False,12483,Jack Bech,WR,"[""WR""]",LV,Active,,,,,LWR,4,True,False,False,False
2026-08-31T17:33:25+00:00,1370218620990263296,9,1225654710162182144,False,12485,Tez Johnson,WR,"[""WR""]",TB,Active,,,,,RWR,5,True,False,False,False
2026-08-31T17:33:25+00:00,1370218620990263296,9,1225654710162182144,False,12502,Gunnar Helm,TE,"[""TE""]",TEN,Active,,,,,TE,1,True,False,False,True
2026-08-31T17:33:25+00:00,1370218620990263296,9,1225654710162182144,False,12518,Tyler Warren,TE,"[""TE""]",IND,Active,Questionable,Groin,,,TE,1,True,True,False,False
2026-08-31T17:33:25+00:00,1370218620990263296,9,1225654710162182144,False,12533,Jacory Croskey-Merritt,RB,"[""RB""]",WAS,Active,Questionable,Undisclosed,,,RB,1,True,False,False,False
2026-08-31T17:33:25+00:00,1370218620990263296,9,1225654710162182144,False,12541,Dont'e Thornton,WR,"[""WR""]",LV,Active,Questionable,Undisclosed,,,LWR,5,True,False,False,False
2026-08-31T17:33:25+00:00,1370218620990263296,9,1225654710162182144,False,13268,Elijah Sarratt,WR,"[""WR""]",BAL,Active,,,,,LWR,5,True,False,False,False
2026-08-31T17:33:25+00:00,1370218620990263296,9,1225654710162182144,False,13286,Jadarian Price,RB,"[""RB""]",SEA,Active,,,,,RB,1,True,True,False,False
2026-08-31T17:33:25+00:00,1370218620990263296,9,1225654710162182144,False,13288,Nicholas Singleton,RB,"[""RB""]",TEN,Active,,,,,RB,3,True,False,False,False
2026-08-31T17:33:25+00:00,1370218620990263296,9,1225654710162182144,False,13291,Kejon Owens,RB,"[""RB""]",,Active,Questionable,Illness,,,,,True,False,False,True
2026-08-31T17:33:25+00:00,1370218620990263296,9,1225654710162182144,False,13418,Robert Henry,RB,"[""RB""]",,Active,,,,,,,True,False,False,True
2026-08-31T17:33:25+00:00,1370218620990263296,9,1225654710162182144,False,3321,Tyreek Hill,WR,"[""WR""]",,Active,Questionable,Knee - ACL,,,,,True,False,False,False
2026-08-31T17:33:25+00:00,1370218620990263296,9,1225654710162182144,False,5846,DK Metcalf,WR,"[""WR""]",PIT,Active,Questionable,Undisclosed,,,LWR,1,True,True,False,False
2026-08-31T17:33:25+00:00,1370218620990263296,9,1225654710162182144,False,5967,Tony Pollard,RB,"[""RB""]",TEN,Active,,,,,RB,1,True,True,False,False
2026-08-31T17:33:25+00:00,1370218620990263296,9,1225654710162182144,False,6806,J.K. Dobbins,RB,"[""RB""]",DEN,Active,,,,,RB,1,True,True,False,False
2026-08-31T17:33:25+00:00,1370218620990263296,9,1225654710162182144,False,7523,Trevor Lawrence,QB,"[""QB""]",JAX,Active,,,,,QB,1,True,True,False,False
2026-08-31T17:33:25+00:00,1370218620990263296,9,1225654710162182144,False,7527,Mac Jones,QB,"[""QB""]",SF,Active,,,,,QB,2,True,False,False,False
2026-08-31T17:33:25+00:00,1370218620990263296,9,1225654710162182144,False,7547,Amon-Ra St. Brown,WR,"[""WR""]",DET,Active,,,,,SWR,1,True,True,False,False
2026-08-31T17:33:25+00:00,1370218620990263296,9,1225654710162182144,False,8126,Wan'Dale Robinson,WR,"[""WR""]",TEN,Active,Questionable,Head,,,SWR,2,True,False,False,False
2026-08-31T17:33:25+00:00,1370218620990263296,9,1225654710162182144,False,8228,Jaylen Warren,RB,"[""RB""]",PIT,Active,,,,,RB,1,True,True,False,False
2026-08-31T17:33:25+00:00,1370218620990263296,9,1225654710162182144,False,9508,Tyjae Spears,RB,"[""RB""]",TEN,Active,,,,,RB,2,True,False,False,False
2026-08-31T17:33:25+00:00,1370218620990263296,9,1225654710162182144,False,9511,Keaton Mitchell,RB,"[""RB""]",LAC,Active,Questionable,Undisclosed,,,RB,2,True,False,False,False
2026-08-31T17:33:25+00:00,1370218620990263296,10,1087855749369339904,False,10235,Roschon Johnson,RB,"[""RB""]",CHI,Active,,,,,RB,4,True,False,False,False
2026-08-31T17:33:25+00:00,1370218620990263296,10,1087855749369339904,False,10236,Dalton Kincaid,TE,"[""TE""]",BUF,Active,,,,,TE,1,True,True,False,False
2026-08-31T17:33:25+00:00,1370218620990263296,10,1087855749369339904,False,11569,Jarquez Hunter,RB,"[""RB""]",MIA,Active,,,,,,,True,False,False,False
2026-08-31T17:33:25+00:00,1370218620990263296,10,1087855749369339904,False,11592,Erick All,TE,"[""TE""]",CIN,Active,,,,,TE,2,True,False,False,False
2026-08-31T17:33:25+00:00,1370218620990263296,10,1087855749369339904,False,12457,Jaydon Blue,RB,"[""RB""]",,Active,,,,,,,True,False,False,True
2026-08-31T17:33:25+00:00,1370218620990263296,10,1087855749369339904,False,12469,Dylan Sampson,RB,"[""RB""]",CLE,Active,,,,,RB,2,True,False,False,False
2026-08-31T17:33:25+00:00,1370218620990263296,10,1087855749369339904,False,12481,Cam Skattebo,RB,"[""RB""]",NYG,Active,,,,,RB,1,True,True,False,False
2026-08-31T17:33:25+00:00,1370218620990263296,10,1087855749369339904,False,12495,Ollie Gordon,RB,"[""RB""]",MIA,Active,Questionable,Undisclosed,,,RB,3,True,False,False,False
2026-08-31T17:33:25+00:00,1370218620990263296,10,1087855749369339904,False,12527,Ashton Jeanty,RB,"[""RB""]",LV,Active,Questionable,Knee,,,RB,1,True,True,False,False
2026-08-31T17:33:25+00:00,1370218620990263296,10,1087855749369339904,False,12543,Tahj Brooks,RB,"[""RB""]",CIN,Active,,,,,RB,3,True,False,False,False
2026-08-31T17:33:25+00:00,1370218620990263296,10,1087855749369339904,False,13273,Josh Cuevas,TE,"[""TE""]",BAL,Active,,,,,TE,4,True,False,False,False
2026-08-31T17:33:25+00:00,1370218620990263296,10,1087855749369339904,False,13294,Makai Lemon,WR,"[""WR""]",PHI,Active,,,,,SWR,2,True,False,False,False
2026-08-31T17:33:25+00:00,1370218620990263296,10,1087855749369339904,False,13298,KC Concepcion,WR,"[""WR""]",CLE,Active,,,,,SWR,1,True,True,False,False
2026-08-31T17:33:25+00:00,1370218620990263296,10,1087855749369339904,False,13301,Antonio Williams,WR,"[""WR""]",WAS,Active,,,,,SWR,3,True,False,False,True
2026-08-31T17:33:25+00:00,1370218620990263296,10,1087855749369339904,False,13319,Oscar Delp,TE,"[""TE""]",NO,Active,Questionable,Hamstring,,,TE,3,True,False,False,True
2026-08-31T17:33:25+00:00,1370218620990263296,10,1087855749369339904,False,13329,Malik Benson,WR,"[""WR""]",LV,Active,,,,,RWR,3,True,False,False,False
2026-08-31T17:33:25+00:00,1370218620990263296,10,1087855749369339904,False,13408,Tanner Koziol,TE,"[""TE""]",JAX,Active,,,,,TE,3,True,False,False,True
2026-08-31T17:33:25+00:00,1370218620990263296,10,1087855749369339904,False,13421,Eli Raridon,TE,"[""TE""]",NE,Active,,,,,TE,2,True,False,False,True
2026-08-31T17:33:25+00:00,1370218620990263296,10,1087855749369339904,False,19,Joe Flacco,QB,"[""QB""]",CIN,Active,,,,,QB,2,True,False,False,False
2026-08-31T17:33:25+00:00,1370218620990263296,10,1087855749369339904,False,2307,Marcus Mariota,QB,"[""QB""]",WAS,Active,Questionable,Knee,,,QB,2,True,False,False,False
2026-08-31T17:33:25+00:00,1370218620990263296,10,1087855749369339904,False,2449,Stefon Diggs,WR,"[""WR""]",WAS,Active,,,,,RWR,2,True,False,False,False
2026-08-31T17:33:25+00:00,1370218620990263296,10,1087855749369339904,False,421,Matthew Stafford,QB,"[""QB""]",LAR,Active,,,,,QB,1,True,True,False,False
2026-08-31T17:33:25+00:00,1370218620990263296,10,1087855749369339904,False,5870,Daniel Jones,QB,"[""QB""]",IND,Active,,,,,QB,1,True,False,False,False
2026-08-31T17:33:25+00:00,1370218620990263296,10,1087855749369339904,False,6819,Michael Pittman,WR,"[""WR""]",PIT,Active,Questionable,Leg,,,RWR,2,True,True,False,False
2026-08-31T17:33:25+00:00,1370218620990263296,10,1087855749369339904,False,7585,Davis Mills,QB,"[""QB""]",HOU,Active,,,,,QB,2,True,False,False,False
2026-08-31T17:33:25+00:00,1370218620990263296,10,1087855749369339904,False,8112,Drake London,WR,"[""WR""]",ATL,Active,,,,,LWR,1,True,True,False,False
2026-08-31T17:33:25+00:00,1370218620990263296,10,1087855749369339904,False,8146,Garrett Wilson,WR,"[""WR""]",NYJ,Active,,,,,LWR,1,True,True,False,False
2026-08-31T17:33:25+00:00,1370218620990263296,10,1087855749369339904,False,8183,Brock Purdy,QB,"[""QB""]",SF,Active,,,,,QB,1,True,True,False,False
2026-08-31T17:33:25+00:00,1370218620990263296,10,1087855749369339904,False,8210,Chig Okonkwo,TE,"[""TE""]",WAS,Active,,,,,TE,1,True,True,False,False
2026-08-31T17:33:25+00:00,1370218620990263296,10,1087855749369339904,False,9482,Michael Mayer,TE,"[""TE""]",LV,Active,,,,,TE,2,True,False,False,False
2026-08-31T17:33:25+00:00,1370218620990263296,11,214141231750443008,False,10857,Stetson Bennett,QB,"[""QB""]",LAR,Active,,,,,QB,3,True,False,False,False
2026-08-31T17:33:25+00:00,1370218620990263296,11,214141231750443008,False,11199,Emari Demercado,RB,"[""RB""]",,Active,,,,,,,True,False,False,False
2026-08-31T17:33:25+00:00,1370218620990263296,11,214141231750443008,False,11370,Chris Brooks,RB,"[""RB""]",GB,Active,,,,,RB,3,True,False,False,False
2026-08-31T17:33:25+00:00,1370218620990263296,11,214141231750443008,False,11581,MarShawn Lloyd,RB,"[""RB""]",GB,Active,,,,,RB,2,True,False,False,False
2026-08-31T17:33:25+00:00,1370218620990263296,11,214141231750443008,False,11583,Jonathon Brooks,RB,"[""RB""]",CAR,Active,,,,,RB,2,True,True,False,False
2026-08-31T17:33:25+00:00,1370218620990263296,11,214141231750443008,False,11610,Malik Washington,WR,"[""WR""]",MIA,Active,,,,,SWR,1,True,False,False,False
2026-08-31T17:33:25+00:00,1370218620990263296,11,214141231750443008,False,12048,George Holani,RB,"[""RB""]",SEA,Active,,,,,RB,4,True,False,False,False
2026-08-31T17:33:25+00:00,1370218620990263296,11,214141231750443008,False,12487,Terrance Ferguson,TE,"[""TE""]",LAR,Active,Questionable,Undisclosed,,,TE,1,True,False,False,False
2026-08-31T17:33:25+00:00,1370218620990263296,11,214141231750443008,False,12490,Bhayshul Tuten,RB,"[""RB""]",JAX,Active,,,,,RB,1,True,True,False,False
2026-08-31T17:33:25+00:00,1370218620990263296,11,214141231750443008,False,12536,Jaylin Noel,WR,"[""WR""]",HOU,Active,Questionable,Hamstring,,,SWR,3,True,False,False,False
2026-08-31T17:33:25+00:00,1370218620990263296,11,214141231750443008,False,13270,CJ Daniels,WR,"[""WR""]",LAR,Active,,,,,RWR,6,True,False,False,False
2026-08-31T17:33:25+00:00,1370218620990263296,11,214141231750443008,False,13282,Jack Endries,TE,"[""TE""]",CIN,Active,,,,,TE,5,True,False,False,True
2026-08-31T17:33:25+00:00,1370218620990263296,11,214141231750443008,False,13305,Mike Washington,RB,"[""RB""]",LV,Active,,,,,RB,2,True,False,False,True
2026-08-31T17:33:25+00:00,1370218620990263296,11,214141231750443008,False,13311,Chris Bell,WR,"[""WR""]",MIA,Active,,,,,LWR,3,True,False,False,False
2026-08-31T17:33:25+00:00,1370218620990263296,11,214141231750443008,False,13316,Eric Rivers,WR,"[""WR""]",TB,Active,,,,,,,True,False,False,False
2026-08-31T17:33:25+00:00,1370218620990263296,11,214141231750443008,False,13320,Zachariah Branch,WR,"[""WR""]",ATL,Active,,,,,SWR,3,True,False,False,True
2026-08-31T17:33:25+00:00,1370218620990263296,11,214141231750443008,False,13324,Matt Hibner,TE,"[""TE""]",BAL,Active,,,,,TE,3,True,False,False,True
2026-08-31T17:33:25+00:00,1370218620990263296,11,214141231750443008,False,13413,Cyrus Allen,WR,"[""WR""]",KC,Active,,,,,SWR,4,True,False,False,True
2026-08-31T17:33:25+00:00,1370218620990263296,11,214141231750443008,False,3198,Derrick Henry,RB,"[""RB""]",BAL,Active,,,,,RB,1,True,True,False,False
2026-08-31T17:33:25+00:00,1370218620990263296,11,214141231750443008,False,3257,Jacoby Brissett,QB,"[""QB""]",ARI,Active,,,,,QB,1,True,False,False,False
2026-08-31T17:33:25+00:00,1370218620990263296,11,214141231750443008,False,4017,Deshaun Watson,QB,"[""QB""]",CLE,Active,,,,,QB,1,True,False,False,False
2026-08-31T17:33:25+00:00,1370218620990263296,11,214141231750443008,False,5022,Dallas Goedert,TE,"[""TE""]",PHI,Active,,,,,TE,1,True,False,False,False
2026-08-31T17:33:25+00:00,1370218620990263296,11,214141231750443008,False,5850,Josh Jacobs,RB,"[""RB""]",GB,Active,DNR,Groin,,,RB,1,True,False,False,False
2026-08-31T17:33:25+00:00,1370218620990263296,11,214141231750443008,False,5927,Terry McLaurin,WR,"[""WR""]",WAS,Active,,,,,LWR,1,True,True,False,False
2026-08-31T17:33:25+00:00,1370218620990263296,11,214141231750443008,False,6794,Justin Jefferson,WR,"[""WR""]",MIN,Active,,,,,LWR,1,True,True,False,False
2026-08-31T17:33:25+00:00,1370218620990263296,11,214141231750443008,False,6804,Jordan Love,QB,"[""QB""]",GB,Active,,,,,QB,1,True,True,False,False
2026-08-31T17:33:25+00:00,1370218620990263296,11,214141231750443008,False,6904,Jalen Hurts,QB,"[""QB""]",PHI,Active,,,,,QB,1,True,True,False,False
2026-08-31T17:33:25+00:00,1370218620990263296,11,214141231750443008,False,7564,Ja'Marr Chase,WR,"[""WR""]",CIN,Active,Questionable,Knee,,,LWR,1,True,True,False,False
2026-08-31T17:33:25+00:00,1370218620990263296,11,214141231750443008,False,9484,Tucker Kraft,TE,"[""TE""]",GB,Active,Questionable,Knee - ACL,,,TE,1,True,True,False,False
2026-08-31T17:33:25+00:00,1370218620990263296,11,214141231750443008,False,9754,Quentin Johnston,WR,"[""WR""]",LAC,Active,,,,,LWR,2,True,True,False,False
2026-08-31T17:33:25+00:00,1370218620990263296,12,895461742359175168,False,10218,Xavier Hutchinson,WR,"[""WR""]",HOU,Active,,,,,LWR,4,True,False,False,False
2026-08-31T17:33:25+00:00,1370218620990263296,12,895461742359175168,False,11596,Ben Sinnott,TE,"[""TE""]",WAS,Active,Questionable,Oblique,,,TE,3,True,False,False,False
2026-08-31T17:33:25+00:00,1370218620990263296,12,895461742359175168,False,11637,Keon Coleman,WR,"[""WR""]",BUF,Active,Questionable,Foot,,,LWR,3,True,False,False,False
2026-08-31T17:33:25+00:00,1370218620990263296,12,895461742359175168,False,11643,Jaylen Wright,RB,"[""RB""]",MIA,Active,,,,,RB,2,True,False,False,True
2026-08-31T17:33:25+00:00,1370218620990263296,12,895461742359175168,False,12470,Riley Leonard,QB,"[""QB""]",IND,Active,,,,,QB,3,True,False,False,False
2026-08-31T17:33:25+00:00,1370218620990263296,12,895461742359175168,False,12484,Jayden Higgins,WR,"[""WR""]",HOU,Inactive,IR,Knee - ACL,,,,6,True,False,True,False
2026-08-31T17:33:25+00:00,1370218620990263296,12,895461742359175168,False,12503,Isaiah Bond,WR,"[""WR""]",CLE,Active,,,,,SWR,4,True,False,False,False
2026-08-31T17:33:25+00:00,1370218620990263296,12,895461742359175168,False,12504,Kaleb Johnson,RB,"[""RB""]",GB,Active,,,,,RB,4,True,False,False,True
2026-08-31T17:33:25+00:00,1370218620990263296,12,895461742359175168,False,12535,Isaac TeSlaa,WR,"[""WR""]",DET,Active,,,,,LWR,3,True,False,False,False
2026-08-31T17:33:25+00:00,1370218620990263296,12,895461742359175168,False,13299,Nate Boerkircher,TE,"[""TE""]",JAX,Active,,,,,TE,2,True,False,False,True
2026-08-31T17:33:25+00:00,1370218620990263296,12,895461742359175168,False,13318,Noah Thomas,WR,"[""WR""]",CIN,Active,,,,,,,True,False,False,True
2026-08-31T17:33:25+00:00,1370218620990263296,12,895461742359175168,False,13403,Jam Miller,RB,"[""RB""]",,Active,Questionable,Undisclosed,,,,,True,False,False,True
2026-08-31T17:33:25+00:00,1370218620990263296,12,895461742359175168,False,1466,Travis Kelce,TE,"[""TE""]",KC,Active,,,,,TE,1,True,True,False,False
2026-08-31T17:33:25+00:00,1370218620990263296,12,895461742359175168,False,3294,Dak Prescott,QB,"[""QB""]",DAL,Active,,,,,QB,1,True,True,False,False
2026-08-31T17:33:25+00:00,1370218620990263296,12,895461742359175168,False,4037,Chris Godwin,WR,"[""WR""]",TB,Active,,,,,SWR,2,True,False,False,False
2026-08-31T17:33:25+00:00,1370218620990263296,12,895461742359175168,False,4046,Patrick Mahomes,QB,"[""QB""]",KC,Active,Questionable,Knee - ACL,,,QB,1,True,True,False,False
2026-08-31T17:33:25+00:00,1370218620990263296,12,895461742359175168,False,4866,Saquon Barkley,RB,"[""RB""]",PHI,Active,,,,,RB,1,True,True,False,False
2026-08-31T17:33:25+00:00,1370218620990263296,12,895461742359175168,False,5872,Deebo Samuel,WR,"[""WR""]",SF,Active,,,,,RWR,2,True,False,False,False
2026-08-31T17:33:25+00:00,1370218620990263296,12,895461742359175168,False,5892,David Montgomery,RB,"[""RB""]",HOU,Active,,,,,RB,1,True,True,False,False
2026-08-31T17:33:25+00:00,1370218620990263296,12,895461742359175168,False,6039,Ty Johnson,RB,"[""RB""]",BUF,Active,Questionable,Knee,,,RB,2,True,False,False,False
2026-08-31T17:33:25+00:00,1370218620990263296,12,895461742359175168,False,6768,Tua Tagovailoa,QB,"[""QB""]",ATL,Active,,,,,QB,1,True,False,False,False
2026-08-31T17:33:25+00:00,1370218620990263296,12,895461742359175168,False,6786,CeeDee Lamb,WR,"[""WR""]",DAL,Active,,,,,LWR,1,True,True,False,False
2026-08-31T17:33:25+00:00,1370218620990263296,12,895461742359175168,False,6801,Tee Higgins,WR,"[""WR""]",CIN,Active,,,,,RWR,2,True,True,False,False
2026-08-31T17:33:25+00:00,1370218620990263296,12,895461742359175168,False,7002,Juwan Johnson,TE,"[""TE""]",NO,Active,,,,,TE,1,True,True,False,False
2026-08-31T17:33:25+00:00,1370218620990263296,12,895461742359175168,False,7526,Jaylen Waddle,WR,"[""WR""]",DEN,Active,,,,,RWR,1,True,True,False,False
2026-08-31T17:33:25+00:00,1370218620990263296,12,895461742359175168,False,7591,Justin Fields,QB,"[""QB""]",KC,Active,,,,,QB,2,True,False,False,False
2026-08-31T17:33:25+00:00,1370218620990263296,12,895461742359175168,False,8188,Tyquan Thornton,WR,"[""WR""]",KC,Active,,,,,LWR,3,True,False,False,False
2026-08-31T17:33:25+00:00,1370218620990263296,12,895461742359175168,False,9221,Jahmyr Gibbs,RB,"[""RB""]",DET,Active,,,,,RB,1,True,True,False,False
2026-08-31T17:33:25+00:00,1370218620990263296,12,895461742359175168,False,9225,Tank Bigsby,RB,"[""RB""]",PHI,Active,,,,,RB,2,True,False,False,False
2026-08-31T17:33:25+00:00,1370218620990263296,12,895461742359175168,False,9480,Brenton Strange,TE,"[""TE""]",JAX,Active,,,,,TE,1,True,False,False,False
2026-08-31T17:33:25+00:00,1370218620990263296,12,895461742359175168,False,9501,DeMario Douglas,WR,"[""WR""]",NE,Active,,,,,SWR,3,True,False,False,False
2026-08-31T17:33:25+00:00,1366076769534251008,1,779583277362245632,True,10219,Chris Rodriguez,RB,"[""RB""]",JAX,Active,,,,,RB,2,True,False,False,False
2026-08-31T17:33:25+00:00,1366076769534251008,1,779583277362245632,True,10222,Jayden Reed,WR,"[""WR""]",GB,Active,,,,,SWR,2,True,False,False,False
2026-08-31T17:33:25+00:00,1366076769534251008,1,779583277362245632,True,11566,Jayden Daniels,QB,"[""QB""]",WAS,Active,,,,,QB,1,True,True,False,False
2026-08-31T17:33:25+00:00,1366076769534251008,1,779583277362245632,True,11583,Jonathon Brooks,RB,"[""RB""]",CAR,Active,,,,,RB,2,True,False,False,False
2026-08-31T17:33:25+00:00,1366076769534251008,1,779583277362245632,True,11610,Malik Washington,WR,"[""WR""]",MIA,Active,,,,,SWR,1,True,False,False,False
2026-08-31T17:33:25+00:00,1366076769534251008,1,779583277362245632,True,12474,Woody Marks,RB,"[""RB""]",HOU,Active,,,,,RB,2,True,False,False,False
2026-08-31T17:33:25+00:00,1366076769534251008,1,779583277362245632,True,12492,Pat Bryant,WR,"[""WR""]",DEN,Active,,,,,SWR,4,True,False,False,False
2026-08-31T17:33:25+00:00,1366076769534251008,1,779583277362245632,True,12519,Luther Burden,WR,"[""WR""]",CHI,Active,Questionable,Lower Body,,,RWR,2,True,False,False,False
2026-08-31T17:33:25+00:00,1366076769534251008,1,779583277362245632,True,12526,Tetairoa McMillan,WR,"[""WR""]",CAR,Active,,,,,LWR,1,True,True,False,False
2026-08-31T17:33:25+00:00,1366076769534251008,1,779583277362245632,True,12544,LeQuint Allen,RB,"[""RB""]",JAX,Active,Questionable,Undisclosed,,,RB,3,True,False,False,False
2026-08-31T17:33:25+00:00,1366076769534251008,1,779583277362245632,True,13272,Carson Beck,QB,"[""QB""]",ARI,Active,Questionable,Ribs,,,QB,2,True,False,False,True
2026-08-31T17:33:25+00:00,1366076769534251008,1,779583277362245632,True,13282,Jack Endries,TE,"[""TE""]",CIN,Active,,,,,TE,5,True,False,False,True
2026-08-31T17:33:25+00:00,1366076769534251008,1,779583277362245632,True,13337,Emmett Johnson,RB,"[""RB""]",KC,Active,,,,,RB,2,True,False,False,True
2026-08-31T17:33:25+00:00,1366076769534251008,1,779583277362245632,True,13349,Eli Stowers,TE,"[""TE""]",PHI,Active,Questionable,Hamstring,,,TE,2,True,False,False,True
2026-08-31T17:33:25+00:00,1366076769534251008,1,779583277362245632,True,13353,Chris Brazzell,WR,"[""WR""]",CAR,Inactive,IR,Knee,,,,7,True,False,False,True
2026-08-31T17:33:25+00:00,1366076769534251008,1,779583277362245632,True,13421,Eli Raridon,TE,"[""TE""]",NE,Active,,,,,TE,2,True,False,False,True
2026-08-31T17:33:25+00:00,1366076769534251008,1,779583277362245632,True,2216,Mike Evans,WR,"[""WR""]",SF,Active,Questionable,Foot,,,LWR,1,True,False,False,False
2026-08-31T17:33:25+00:00,1366076769534251008,1,779583277362245632,True,2505,Darren Waller,TE,"[""TE""]",CAR,Active,,,,,TE,1,True,False,False,False
2026-08-31T17:33:25+00:00,1366076769534251008,1,779583277362245632,True,3294,Dak Prescott,QB,"[""QB""]",DAL,Active,,,,,QB,1,True,True,False,False
2026-08-31T17:33:25+00:00,1366076769534251008,1,779583277362245632,True,4993,Mike Gesicki,TE,"[""TE""]",CIN,Active,,,,,TE,1,True,False,False,False
2026-08-31T17:33:25+00:00,1366076769534251008,1,779583277362245632,True,6790,D'Andre Swift,RB,"[""RB""]",CHI,Active,,,,,RB,1,True,True,False,False
2026-08-31T17:33:25+00:00,1366076769534251008,1,779583277362245632,True,7527,Mac Jones,QB,"[""QB""]",SF,Active,,,,,QB,2,True,False,False,False
2026-08-31T17:33:25+00:00,1366076769534251008,1,779583277362245632,True,7547,Amon-Ra St. Brown,WR,"[""WR""]",DET,Active,,,,,SWR,1,True,True,False,False
2026-08-31T17:33:25+00:00,1366076769534251008,1,779583277362245632,True,7571,Rashod Bateman,WR,"[""WR""]",BAL,Active,,,,,LWR,2,True,False,False,False
2026-08-31T17:33:25+00:00,1366076769534251008,1,779583277362245632,True,7594,Chuba Hubbard,RB,"[""RB""]",CAR,Active,Questionable,Hamstring,,,RB,1,True,False,False,False
2026-08-31T17:33:25+00:00,1366076769534251008,1,779583277362245632,True,7600,Pat Freiermuth,TE,"[""TE""]",PIT,Active,,,,,TE,1,True,False,False,False
2026-08-31T17:33:25+00:00,1366076769534251008,1,779583277362245632,True,8110,Jake Ferguson,TE,"[""TE""]",DAL,Active,,,,,TE,1,True,True,False,False
2026-08-31T17:33:25+00:00,1366076769534251008,1,779583277362245632,True,8146,Garrett Wilson,WR,"[""WR""]",NYJ,Active,,,,,LWR,1,True,True,False,False
2026-08-31T17:33:25+00:00,1366076769534251008,1,779583277362245632,True,8172,Greg Dulcich,TE,"[""TE""]",MIA,Active,,,,,TE,1,True,False,False,False
2026-08-31T17:33:25+00:00,1366076769534251008,1,779583277362245632,True,9226,De'Von Achane,RB,"[""RB""]",MIA,Active,,,,,RB,1,True,True,False,False
2026-08-31T17:33:25+00:00,1366076769534251008,1,779583277362245632,True,9997,Zay Flowers,WR,"[""WR""]",BAL,Active,Questionable,Undisclosed,,,SWR,1,True,True,False,False
2026-08-31T17:33:25+00:00,1366076769534251008,2,1126612181929336832,False,11575,Ray Davis,RB,"[""RB""]",BUF,Active,,,,,RB,3,True,False,False,False
2026-08-31T17:33:25+00:00,1366076769534251008,2,1126612181929336832,False,12455,Brashard Smith,RB,"[""RB""]",KC,Active,,,,,RB,3,True,False,False,False
2026-08-31T17:33:25+00:00,1366076769534251008,2,1126612181929336832,False,12457,Jaydon Blue,RB,"[""RB""]",,Active,,,,,,,True,False,False,False
2026-08-31T17:33:25+00:00,1366076769534251008,2,1126612181929336832,False,12483,Jack Bech,WR,"[""WR""]",LV,Active,,,,,LWR,4,True,False,False,True
2026-08-31T17:33:25+00:00,1366076769534251008,2,1126612181929336832,False,12484,Jayden Higgins,WR,"[""WR""]",HOU,Inactive,IR,Knee - ACL,,,,6,True,False,False,False
2026-08-31T17:33:25+00:00,1366076769534251008,2,1126612181929336832,False,12502,Gunnar Helm,TE,"[""TE""]",TEN,Active,,,,,TE,1,True,False,False,False
2026-08-31T17:33:25+00:00,1366076769534251008,2,1126612181929336832,False,12505,Jalen Royals,WR,"[""WR""]",KC,Active,,,,,LWR,5,True,False,False,True
2026-08-31T17:33:25+00:00,1366076769534251008,2,1126612181929336832,False,12517,Colston Loveland,TE,"[""TE""]",CHI,Active,,,,,TE,1,True,True,False,False
2026-08-31T17:33:25+00:00,1366076769534251008,2,1126612181929336832,False,12545,Tyler Shough,QB,"[""QB""]",NO,Active,,,,,QB,1,True,False,False,False
2026-08-31T17:33:25+00:00,1366076769534251008,2,1126612181929336832,False,13285,Malachi Fields,WR,"[""WR""]",NYG,Active,,,,,LWR,3,True,False,False,False
2026-08-31T17:33:25+00:00,1366076769534251008,2,1126612181929336832,False,13301,Antonio Williams,WR,"[""WR""]",WAS,Active,,,,,SWR,3,True,False,False,True
2026-08-31T17:33:25+00:00,1366076769534251008,2,1126612181929336832,False,13305,Mike Washington,RB,"[""RB""]",LV,Active,,,,,RB,2,True,False,False,False
2026-08-31T17:33:25+00:00,1366076769534251008,2,1126612181929336832,False,13320,Zachariah Branch,WR,"[""WR""]",ATL,Active,,,,,SWR,3,True,False,False,False
2026-08-31T17:33:25+00:00,1366076769534251008,2,1126612181929336832,False,13347,Demond Claiborne,RB,"[""RB""]",MIN,Active,,,,,RB,3,True,False,False,False
2026-08-31T17:33:25+00:00,1366076769534251008,2,1126612181929336832,False,13402,Skyler Bell,WR,"[""WR""]",BUF,Active,,,,,SWR,5,True,False,False,True
2026-08-31T17:33:25+00:00,1366076769534251008,2,1126612181929336832,False,4037,Chris Godwin,WR,"[""WR""]",TB,Active,,,,,SWR,2,True,False,False,False
2026-08-31T17:33:25+00:00,1366076769534251008,2,1126612181929336832,False,4866,Saquon Barkley,RB,"[""RB""]",PHI,Active,,,,,RB,1,True,True,False,False
2026-08-31T17:33:25+00:00,1366076769534251008,2,1126612181929336832,False,4881,Lamar Jackson,QB,"[""QB""]",BAL,Active,,,,,QB,1,True,True,False,False
2026-08-31T17:33:25+00:00,1366076769534251008,2,1126612181929336832,False,4943,Sam Darnold,QB,"[""QB""]",SEA,Active,,,,,QB,1,True,False,False,False
2026-08-31T17:33:25+00:00,1366076769534251008,2,1126612181929336832,False,5844,T.J. Hockenson,TE,"[""TE""]",MIN,Active,,,,,TE,1,True,False,False,False
2026-08-31T17:33:25+00:00,1366076769534251008,2,1126612181929336832,False,5859,A.J. Brown,WR,"[""WR""]",NE,Active,,,,,LWR,1,True,True,False,False
2026-08-31T17:33:25+00:00,1366076769534251008,2,1126612181929336832,False,5927,Terry McLaurin,WR,"[""WR""]",WAS,Active,,,,,LWR,1,True,True,False,False
2026-08-31T17:33:25+00:00,1366076769534251008,2,1126612181929336832,False,7021,Rico Dowdle,RB,"[""RB""]",PIT,Active,,,,,RB,2,True,True,False,False
2026-08-31T17:33:25+00:00,1366076769534251008,2,1126612181929336832,False,7588,Javonte Williams,RB,"[""RB""]",DAL,Active,,,,,RB,1,True,True,False,False
2026-08-31T17:33:25+00:00,1366076769534251008,2,1126612181929336832,False,8151,Kenneth Walker,RB,"[""RB""]",KC,Active,Questionable,Foot,,,RB,1,True,True,False,False
2026-08-31T17:33:25+00:00,1366076769534251008,2,1126612181929336832,False,9482,Michael Mayer,TE,"[""TE""]",LV,Active,,,,,TE,2,True,False,False,False
2026-08-31T17:33:25+00:00,1366076769534251008,2,1126612181929336832,False,9493,Puka Nacua,WR,"[""WR""]",LAR,Active,Questionable,Undisclosed,,,LWR,1,True,True,False,False
2026-08-31T17:33:25+00:00,1366076769534251008,2,1126612181929336832,False,9501,DeMario Douglas,WR,"[""WR""]",NE,Active,,,,,SWR,3,True,False,False,False
2026-08-31T17:33:25+00:00,1366076769534251008,2,1126612181929336832,False,9511,Keaton Mitchell,RB,"[""RB""]",LAC,Active,Questionable,Undisclosed,,,RB,2,True,False,False,False
2026-08-31T17:33:25+00:00,1366076769534251008,3,996120627872493568,False,11584,Bucky Irving,RB,"[""RB""]",TB,Active,,,,,RB,1,True,True,False,False
2026-08-31T17:33:25+00:00,1366076769534251008,3,996120627872493568,False,11589,Trey Benson,RB,"[""RB""]",ARI,Inactive,IR,Knee,,,RB,5,True,False,False,False
2026-08-31T17:33:25+00:00,1366076769534251008,3,996120627872493568,False,11600,Ja'Tavion Sanders,TE,"[""TE""]",CAR,Active,,,,,TE,3,True,False,False,False
2026-08-31T17:33:25+00:00,1366076769534251008,3,996120627872493568,False,11620,Rome Odunze,WR,"[""WR""]",CHI,Active,,,,,LWR,1,True,True,False,False
2026-08-31T17:33:25+00:00,1366076769534251008,3,996120627872493568,False,11631,Brian Thomas,WR,"[""WR""]",JAX,Active,Questionable,Shoulder,,,LWR,2,True,True,False,False
2026-08-31T17:33:25+00:00,1366076769534251008,3,996120627872493568,False,11632,Malik Nabers,WR,"[""WR""]",NYG,Active,Questionable,Knee - ACL,,,LWR,1,True,True,False,False
2026-08-31T17:33:25+00:00,1366076769534251008,3,996120627872493568,False,11643,Jaylen Wright,RB,"[""RB""]",MIA,Active,,,,,RB,2,True,False,False,False
2026-08-31T17:33:25+00:00,1366076769534251008,3,996120627872493568,False,12500,Quinn Ewers,QB,"[""QB""]",JAX,Active,,,,,QB,2,True,False,False,True
2026-08-31T17:33:25+00:00,1366076769534251008,3,996120627872493568,False,12501,Matthew Golden,WR,"[""WR""]",GB,Active,,,,,RWR,3,True,False,False,False
2026-08-31T17:33:25+00:00,1366076769534251008,3,996120627872493568,False,12508,Jaxson Dart,QB,"[""QB""]",NYG,Active,,,,,QB,1,True,True,False,False
2026-08-31T17:33:25+00:00,1366076769534251008,3,996120627872493568,False,12510,Jalen Milroe,QB,"[""QB""]",SEA,Active,,,,,QB,3,True,False,False,True
2026-08-31T17:33:25+00:00,1366076769534251008,3,996120627872493568,False,12522,Cam Ward,QB,"[""QB""]",TEN,Active,,,,,QB,1,True,False,False,False
2026-08-31T17:33:25+00:00,1366076769534251008,3,996120627872493568,False,12534,Kyle Monangai,RB,"[""RB""]",CHI,Active,Questionable,Knee,,,RB,2,True,False,False,False
2026-08-31T17:33:25+00:00,1366076769534251008,3,996120627872493568,False,12547,Kyle Williams,WR,"[""WR""]",NE,Active,,,,,SWR,5,True,False,False,False
2026-08-31T17:33:25+00:00,1366076769534251008,3,996120627872493568,False,13333,Deion Burks,WR,"[""WR""]",IND,Active,,,,,RWR,6,True,False,False,True
2026-08-31T17:33:25+00:00,1366076769534251008,3,996120627872493568,False,13348,J'Mari Taylor,RB,"[""RB""]",JAX,Active,,,,,,,True,False,False,True
2026-08-31T17:33:25+00:00,1366076769534251008,3,996120627872493568,False,13403,Jam Miller,RB,"[""RB""]",,Active,Questionable,Undisclosed,,,,,True,False,False,True
2026-08-31T17:33:25+00:00,1366076769534251008,3,996120627872493568,False,2306,Jameis Winston,QB,"[""QB""]",NYG,Active,,,,,QB,2,True,False,False,False
2026-08-31T17:33:25+00:00,1366076769534251008,3,996120627872493568,False,5012,Mark Andrews,TE,"[""TE""]",BAL,Active,,,,,TE,1,True,False,False,False
2026-08-31T17:33:25+00:00,1366076769534251008,3,996120627872493568,False,6783,Jerry Jeudy,WR,"[""WR""]",CLE,Active,,,,,RWR,2,True,False,False,False
2026-08-31T17:33:25+00:00,1366076769534251008,3,996120627872493568,False,6826,Cole Kmet,TE,"[""TE""]",CHI,Active,,,,,TE,2,True,False,False,False
2026-08-31T17:33:25+00:00,1366076769534251008,3,996120627872493568,False,7569,Nico Collins,WR,"[""WR""]",HOU,Active,,,,,LWR,1,True,True,False,False
2026-08-31T17:33:25+00:00,1366076769534251008,3,996120627872493568,False,8131,Isaiah Likely,TE,"[""TE""]",NYG,Active,,,,,TE,1,True,True,False,False
2026-08-31T17:33:25+00:00,1366076769534251008,3,996120627872493568,False,8134,Khalil Shakir,WR,"[""WR""]",BUF,Active,Questionable,Undisclosed,,,SWR,2,True,False,False,False
2026-08-31T17:33:25+00:00,1366076769534251008,3,996120627872493568,False,8161,Malik Willis,QB,"[""QB""]",MIA,Active,,,,,QB,1,True,False,False,False
2026-08-31T17:33:25+00:00,1366076769534251008,3,996120627872493568,False,8210,Chig Okonkwo,TE,"[""TE""]",WAS,Active,,,,,TE,1,True,False,False,False
2026-08-31T17:33:25+00:00,1366076769534251008,3,996120627872493568,False,9225,Tank Bigsby,RB,"[""RB""]",PHI,Active,,,,,RB,2,True,False,False,False
2026-08-31T17:33:25+00:00,1366076769534251008,3,996120627872493568,False,9487,Parker Washington,WR,"[""WR""]",JAX,Active,,,,,SWR,1,True,False,False,False
2026-08-31T17:33:25+00:00,1366076769534251008,3,996120627872493568,False,9509,Bijan Robinson,RB,"[""RB""]",ATL,Active,,,,,RB,1,True,True,False,False
2026-08-31T17:33:25+00:00,1366076769534251008,3,996120627872493568,False,9758,C.J. Stroud,QB,"[""QB""]",HOU,Active,,,,,QB,1,True,True,False,False
2026-08-31T17:33:25+00:00,1366076769534251008,4,1127380007921328128,False,10859,Sam LaPorta,TE,"[""TE""]",DET,Active,Questionable,Hip,,,TE,1,True,False,False,False
2026-08-31T17:33:25+00:00,1366076769534251008,4,1127380007921328128,False,11560,Caleb Williams,QB,"[""QB""]",CHI,Active,,,,,QB,1,True,True,False,False
2026-08-31T17:33:25+00:00,1366076769534251008,4,1127380007921328128,False,11581,MarShawn Lloyd,RB,"[""RB""]",GB,Active,,,,,RB,2,True,False,False,False
2026-08-31T17:33:25+00:00,1366076769534251008,4,1127380007921328128,False,12521,Elijah Arroyo,TE,"[""TE""]",SEA,Active,,,,,TE,2,True,False,False,True
2026-08-31T17:33:25+00:00,1366076769534251008,4,1127380007921328128,False,13268,Elijah Sarratt,WR,"[""WR""]",BAL,Active,,,,,LWR,5,True,False,False,False
2026-08-31T17:33:25+00:00,1366076769534251008,4,1127380007921328128,False,13274,Germie Bernard,WR,"[""WR""]",PIT,Active,,,,,SWR,3,True,False,False,False
2026-08-31T17:33:25+00:00,1366076769534251008,4,1127380007921328128,False,13275,Ty Simpson,QB,"[""QB""]",LAR,Active,,,,,QB,2,True,False,False,True
2026-08-31T17:33:25+00:00,1366076769534251008,4,1127380007921328128,False,13279,Carnell Tate,WR,"[""WR""]",TEN,Active,,,,,LWR,1,True,True,False,False
2026-08-31T17:33:25+00:00,1366076769534251008,4,1127380007921328128,False,13287,Jeremiyah Love,RB,"[""RB""]",ARI,Active,Questionable,Ankle,,,RB,1,True,False,False,False
2026-08-31T17:33:25+00:00,1366076769534251008,4,1127380007921328128,False,13293,Ja'Kobi Lane,WR,"[""WR""]",BAL,Active,,,,,RWR,3,True,False,False,False
2026-08-31T17:33:25+00:00,1366076769534251008,4,1127380007921328128,False,13296,Caleb Douglas,WR,"[""WR""]",MIA,Active,,,,,RWR,2,True,False,False,True
2026-08-31T17:33:25+00:00,1366076769534251008,4,1127380007921328128,False,13298,KC Concepcion,WR,"[""WR""]",CLE,Active,,,,,SWR,1,True,False,False,False
2026-08-31T17:33:25+00:00,1366076769534251008,4,1127380007921328128,False,13324,Matt Hibner,TE,"[""TE""]",BAL,Active,,,,,TE,3,True,False,False,True
2026-08-31T17:33:25+00:00,1366076769534251008,4,1127380007921328128,False,13346,Denzel Boston,WR,"[""WR""]",CLE,Active,,,,,LWR,3,True,False,False,False
2026-08-31T17:33:25+00:00,1366076769534251008,4,1127380007921328128,False,13413,Cyrus Allen,WR,"[""WR""]",KC,Active,,,,,SWR,4,True,False,False,False
2026-08-31T17:33:25+00:00,1366076769534251008,4,1127380007921328128,False,13434,Will Kacmarek,TE,"[""TE""]",MIA,Active,Questionable,Undisclosed,,,TE,2,True,False,False,True
2026-08-31T17:33:25+00:00,1366076769534251008,4,1127380007921328128,False,13477,Colbie Young,WR,"[""WR""]",CIN,Active,,,,,LWR,4,True,False,False,True
2026-08-31T17:33:25+00:00,1366076769534251008,4,1127380007921328128,False,1466,Travis Kelce,TE,"[""TE""]",KC,Active,,,,,TE,1,True,True,False,False
2026-08-31T17:33:25+00:00,1366076769534251008,4,1127380007921328128,False,2449,Stefon Diggs,WR,"[""WR""]",WAS,Active,,,,,RWR,2,True,False,False,False
2026-08-31T17:33:25+00:00,1366076769534251008,4,1127380007921328128,False,3163,Jared Goff,QB,"[""QB""]",DET,Active,,,,,QB,1,True,True,False,False
2026-08-31T17:33:25+00:00,1366076769534251008,4,1127380007921328128,False,3214,Hunter Henry,TE,"[""TE""]",NE,Active,,,,,TE,1,True,True,False,False
2026-08-31T17:33:25+00:00,1366076769534251008,4,1127380007921328128,False,4017,Deshaun Watson,QB,"[""QB""]",CLE,Active,,,,,QB,1,True,False,False,False
2026-08-31T17:33:25+00:00,1366076769534251008,4,1127380007921328128,False,4035,Alvin Kamara,RB,"[""RB""]",NO,Active,Questionable,Knee,,,RB,2,True,False,False,False
2026-08-31T17:33:25+00:00,1366076769534251008,4,1127380007921328128,False,4039,Cooper Kupp,WR,"[""WR""]",SEA,Active,,,,,SWR,3,True,False,False,False
2026-08-31T17:33:25+00:00,1366076769534251008,4,1127380007921328128,False,421,Matthew Stafford,QB,"[""QB""]",LAR,Active,,,,,QB,1,True,False,False,False
2026-08-31T17:33:25+00:00,1366076769534251008,4,1127380007921328128,False,7049,Jauan Jennings,WR,"[""WR""]",MIN,Active,,,,,SWR,3,True,False,False,False
2026-08-31T17:33:25+00:00,1366076769534251008,4,1127380007921328128,False,7526,Jaylen Waddle,WR,"[""WR""]",DEN,Active,,,,,RWR,1,True,True,False,False
2026-08-31T17:33:25+00:00,1366076769534251008,4,1127380007921328128,False,7528,Najee Harris,RB,"[""RB""]",NYG,Active,,,,,RB,3,True,False,False,False
2026-08-31T17:33:25+00:00,1366076769534251008,4,1127380007921328128,False,7611,Rhamondre Stevenson,RB,"[""RB""]",NE,Active,,,,,RB,2,True,True,False,False
2026-08-31T17:33:25+00:00,1366076769534251008,4,1127380007921328128,False,8130,Trey McBride,TE,"[""TE""]",ARI,Active,,,,,TE,1,True,True,False,False
2026-08-31T17:33:25+00:00,1366076769534251008,4,1127380007921328128,False,9224,Chase Brown,RB,"[""RB""]",CIN,Active,,,,,RB,1,True,True,False,False
2026-08-31T17:33:25+00:00,1366076769534251008,5,861663770647339008,False,11563,Bo Nix,QB,"[""QB""]",DEN,Active,,,,,QB,1,True,True,False,False
2026-08-31T17:33:25+00:00,1366076769534251008,5,861663770647339008,False,11604,Brock Bowers,TE,"[""TE""]",LV,Active,,,,,TE,1,True,True,False,False
2026-08-31T17:33:25+00:00,1366076769534251008,5,861663770647339008,False,11637,Keon Coleman,WR,"[""WR""]",BUF,Active,Questionable,Foot,,,LWR,3,True,False,False,False
2026-08-31T17:33:25+00:00,1366076769534251008,5,861663770647339008,False,11638,Ricky Pearsall,WR,"[""WR""]",SF,Inactive,IR,Knee - PCL,,,,9,True,False,True,False
2026-08-31T17:33:25+00:00,1366076769534251008,5,861663770647339008,False,1166,Kirk Cousins,QB,"[""QB""]",LV,Active,,,,,QB,2,True,False,False,False
2026-08-31T17:33:25+00:00,1366076769534251008,5,861663770647339008,False,12470,Riley Leonard,QB,"[""QB""]",IND,Active,,,,,QB,3,True,False,False,False
2026-08-31T17:33:25+00:00,1366076769534251008,5,861663770647339008,False,12495,Ollie Gordon,RB,"[""RB""]",MIA,Active,Questionable,Undisclosed,,,RB,3,True,False,False,True
2026-08-31T17:33:25+00:00,1366076769534251008,5,861663770647339008,False,12507,Omarion Hampton,RB,"[""RB""]",LAC,Active,,,,,RB,1,True,True,False,False
2026-08-31T17:33:25+00:00,1366076769534251008,5,861663770647339008,False,12533,Jacory Croskey-Merritt,RB,"[""RB""]",WAS,Active,Questionable,Undisclosed,,,RB,1,True,False,False,False
2026-08-31T17:33:25+00:00,1366076769534251008,5,861663770647339008,False,12536,Jaylin Noel,WR,"[""WR""]",HOU,Active,Questionable,Hamstring,,,SWR,3,True,False,False,True
2026-08-31T17:33:25+00:00,1366076769534251008,5,861663770647339008,False,13303,Cade Klubnik,QB,"[""QB""]",NYJ,Active,,,,,QB,2,True,False,False,True
2026-08-31T17:33:25+00:00,1366076769534251008,5,861663770647339008,False,13425,Jalon Daniels,QB,"[""QB""]",TB,Active,,,,,QB,2,True,False,False,True
2026-08-31T17:33:25+00:00,1366076769534251008,5,861663770647339008,False,1479,Keenan Allen,WR,"[""WR""]",IND,Active,,,,,RWR,3,True,False,False,False
2026-08-31T17:33:25+00:00,1366076769534251008,5,861663770647339008,False,2133,Davante Adams,WR,"[""WR""]",LAR,Active,,,,,RWR,2,True,False,False,False
2026-08-31T17:33:25+00:00,1366076769534251008,5,861663770647339008,False,3257,Jacoby Brissett,QB,"[""QB""]",ARI,Active,,,,,QB,1,True,False,False,False
2026-08-31T17:33:25+00:00,1366076769534251008,5,861663770647339008,False,5849,Kyler Murray,QB,"[""QB""]",MIN,Active,,,,,QB,1,True,False,False,False
2026-08-31T17:33:25+00:00,1366076769534251008,5,861663770647339008,False,6904,Jalen Hurts,QB,"[""QB""]",PHI,Active,,,,,QB,1,True,True,False,False
2026-08-31T17:33:25+00:00,1366076769534251008,5,861663770647339008,False,7525,DeVonta Smith,WR,"[""WR""]",PHI,Active,,,,,LWR,1,True,True,False,False
2026-08-31T17:33:25+00:00,1366076769534251008,5,861663770647339008,False,7543,Travis Etienne,RB,"[""RB""]",NO,Active,,,,,RB,1,True,True,False,False
2026-08-31T17:33:25+00:00,1366076769534251008,5,861663770647339008,False,7553,Kyle Pitts,TE,"[""TE""]",ATL,Active,,,,,TE,1,True,True,False,False
2026-08-31T17:33:25+00:00,1366076769534251008,5,861663770647339008,False,8137,George Pickens,WR,"[""WR""]",DAL,Active,,,,,RWR,2,True,True,False,False
2026-08-31T17:33:25+00:00,1366076769534251008,5,861663770647339008,False,8180,Jalen Nailor,WR,"[""WR""]",LV,Active,,,,,SWR,2,True,False,False,False
2026-08-31T17:33:25+00:00,1366076769534251008,5,861663770647339008,False,8205,Isiah Pacheco,RB,"[""RB""]",DET,Active,Questionable,Knee - MCL,,,RB,2,True,False,False,False
2026-08-31T17:33:25+00:00,1366076769534251008,5,861663770647339008,False,8408,Jordan Mason,RB,"[""RB""]",MIN,Active,,,,,RB,1,True,False,False,False
2026-08-31T17:33:25+00:00,1366076769534251008,5,861663770647339008,False,8676,Rashid Shaheed,WR,"[""WR""]",SEA,Active,,,,,RWR,2,True,False,False,False
2026-08-31T17:33:25+00:00,1366076769534251008,5,861663770647339008,False,8800,Malik Davis,RB,"[""RB""]",DAL,Active,,,,,RB,2,True,False,False,False
2026-08-31T17:33:25+00:00,1366076769534251008,5,861663770647339008,False,9221,Jahmyr Gibbs,RB,"[""RB""]",DET,Active,,,,,RB,1,True,True,False,False
2026-08-31T17:33:25+00:00,1366076769534251008,5,861663770647339008,False,9500,Josh Downs,WR,"[""WR""]",IND,Active,Questionable,Undisclosed,,,SWR,2,True,False,False,False
2026-08-31T17:33:25+00:00,1366076769534251008,5,861663770647339008,False,9753,Zach Charbonnet,RB,"[""RB""]",SEA,Active,PUP,Knee - ACL,,,RB,2,True,False,False,False
2026-08-31T17:33:25+00:00,1366076769534251008,6,770802446909222912,False,10229,Rashee Rice,WR,"[""WR""]",KC,Active,,,,,SWR,1,True,True,False,False
2026-08-31T17:33:25+00:00,1366076769534251008,6,770802446909222912,False,11618,Jalen McMillan,WR,"[""WR""]",TB,Active,Questionable,Calf,,,RWR,3,True,False,False,False
2026-08-31T17:33:25+00:00,1366076769534251008,6,770802446909222912,False,11626,Xavier Legette,WR,"[""WR""]",CAR,Active,Questionable,Lower Body,,,RWR,3,True,False,False,False
2026-08-31T17:33:25+00:00,1366076769534251008,6,770802446909222912,False,11646,Jalen Coker,WR,"[""WR""]",CAR,Active,,,,,SWR,2,True,False,False,False
2026-08-31T17:33:25+00:00,1366076769534251008,6,770802446909222912,False,12471,DJ Giddens,RB,"[""RB""]",IND,Active,,,,,RB,3,True,False,False,True
2026-08-31T17:33:25+00:00,1366076769534251008,6,770802446909222912,False,12481,Cam Skattebo,RB,"[""RB""]",NYG,Active,,,,,RB,1,True,False,False,False
2026-08-31T17:33:25+00:00,1366076769534251008,6,770802446909222912,False,12493,Oronde Gadsden,TE,"[""TE""]",LAC,Active,,,,,TE,1,True,False,False,False
2026-08-31T17:33:25+00:00,1366076769534251008,6,770802446909222912,False,12509,Tre' Harris,WR,"[""WR""]",LAC,Active,Questionable,Undisclosed,,,RWR,3,True,False,False,False
2026-08-31T17:33:25+00:00,1366076769534251008,6,770802446909222912,False,13278,Max Klare,TE,"[""TE""]",LAR,Active,,,,,TE,5,True,False,False,True
2026-08-31T17:33:25+00:00,1366076769534251008,6,770802446909222912,False,13288,Nicholas Singleton,RB,"[""RB""]",TEN,Active,,,,,RB,3,True,False,False,False
2026-08-31T17:33:25+00:00,1366076769534251008,6,770802446909222912,False,13302,Adam Randall,RB,"[""RB""]",BAL,Inactive,IR,Undisclosed,,,RB,4,True,False,False,True
2026-08-31T17:33:25+00:00,1366076769534251008,6,770802446909222912,False,13311,Chris Bell,WR,"[""WR""]",MIA,Active,,,,,LWR,3,True,False,False,False
2026-08-31T17:33:25+00:00,1366076769534251008,6,770802446909222912,False,13317,Ted Hurst,WR,"[""WR""]",TB,Active,,,,,LWR,4,True,False,False,True
2026-08-31T17:33:25+00:00,1366076769534251008,6,770802446909222912,False,1373,Geno Smith,QB,"[""QB""]",NYJ,Active,,,,,QB,1,True,False,False,False
2026-08-31T17:33:25+00:00,1366076769534251008,6,770802446909222912,False,3198,Derrick Henry,RB,"[""RB""]",BAL,Active,,,,,RB,1,True,True,False,False
2026-08-31T17:33:25+00:00,1366076769534251008,6,770802446909222912,False,4199,Aaron Jones,RB,"[""RB""]",MIN,Active,,,,,RB,2,True,False,False,False
2026-08-31T17:33:25+00:00,1366076769534251008,6,770802446909222912,False,4217,George Kittle,TE,"[""TE""]",SF,Active,Questionable,Achilles,,,TE,1,True,False,False,False
2026-08-31T17:33:25+00:00,1366076769534251008,6,770802446909222912,False,4981,Calvin Ridley,WR,"[""WR""]",TEN,Active,,,,,RWR,3,True,False,False,False
2026-08-31T17:33:25+00:00,1366076769534251008,6,770802446909222912,False,5022,Dallas Goedert,TE,"[""TE""]",PHI,Active,,,,,TE,1,True,True,False,False
2026-08-31T17:33:25+00:00,1366076769534251008,6,770802446909222912,False,5870,Daniel Jones,QB,"[""QB""]",IND,Active,,,,,QB,1,True,False,False,False
2026-08-31T17:33:25+00:00,1366076769534251008,6,770802446909222912,False,6770,Joe Burrow,QB,"[""QB""]",CIN,Active,,,,,QB,1,True,True,False,False
2026-08-31T17:33:25+00:00,1366076769534251008,6,770802446909222912,False,6806,J.K. Dobbins,RB,"[""RB""]",DEN,Active,,,,,RB,1,True,False,False,False
2026-08-31T17:33:25+00:00,1366076769534251008,6,770802446909222912,False,7523,Trevor Lawrence,QB,"[""QB""]",JAX,Active,,,,,QB,1,True,True,False,False
2026-08-31T17:33:25+00:00,1366076769534251008,6,770802446909222912,False,7564,Ja'Marr Chase,WR,"[""WR""]",CIN,Active,Questionable,Knee,,,LWR,1,True,True,False,False
2026-08-31T17:33:25+00:00,1366076769534251008,6,770802446909222912,False,8112,Drake London,WR,"[""WR""]",ATL,Active,,,,,LWR,1,True,True,False,False
2026-08-31T17:33:25+00:00,1366076769534251008,6,770802446909222912,False,8142,Alec Pierce,WR,"[""WR""]",IND,Active,Questionable,Ankle,,,LWR,1,True,False,False,False
2026-08-31T17:33:25+00:00,1366076769534251008,6,770802446909222912,False,8155,Breece Hall,RB,"[""RB""]",NYJ,Active,Questionable,Thigh,,,RB,1,True,True,False,False
2026-08-31T17:33:25+00:00,1366076769534251008,6,770802446909222912,False,9486,Dontayvion Wicks,WR,"[""WR""]",PHI,Active,,,,,RWR,3,True,False,False,False
2026-08-31T17:33:25+00:00,1366076769534251008,6,770802446909222912,False,9754,Quentin Johnston,WR,"[""WR""]",LAC,Active,,,,,LWR,2,True,True,False,False
2026-08-31T17:33:25+00:00,1366076769534251008,7,779583497248550912,False,10232,Michael Wilson,WR,"[""WR""]",ARI,Active,,,,,RWR,2,True,True,False,False
2026-08-31T17:33:25+00:00,1366076769534251008,7,779583497248550912,False,11435,Emanuel Wilson,RB,"[""RB""]",SEA,Active,Questionable,Hamstring,,,RB,3,True,False,False,False
2026-08-31T17:33:25+00:00,1366076769534251008,7,779583497248550912,False,11564,Drake Maye,QB,"[""QB""]",NE,Active,,,,,QB,1,True,True,False,False
2026-08-31T17:33:25+00:00,1366076769534251008,7,779583497248550912,False,11586,Blake Corum,RB,"[""RB""]",LAR,Active,,,,,RB,2,True,False,False,False
2026-08-31T17:33:25+00:00,1366076769534251008,7,779583497248550912,False,11624,Xavier Worthy,WR,"[""WR""]",KC,Active,,,,,RWR,2,True,False,False,False
2026-08-31T17:33:25+00:00,1366076769534251008,7,779583497248550912,False,11655,Tyrone Tracy,RB,"[""RB""]",NYG,Active,Questionable,Neck,,,RB,2,True,False,False,False
2026-08-31T17:33:25+00:00,1366076769534251008,7,779583497248550912,False,11783,Ryan Flournoy,WR,"[""WR""]",DAL,Active,,,,,SWR,3,True,False,False,False
2026-08-31T17:33:25+00:00,1366076769534251008,7,779583497248550912,False,12467,Jordan James,RB,"[""RB""]",SF,Active,,,,,RB,3,True,False,False,True
2026-08-31T17:33:25+00:00,1366076769534251008,7,779583497248550912,False,12511,Will Howard,QB,"[""QB""]",PIT,Active,Questionable,Head,,,QB,4,True,False,False,True
2026-08-31T17:33:25+00:00,1366076769534251008,7,779583497248550912,False,12514,Emeka Egbuka,WR,"[""WR""]",TB,Active,Questionable,Undisclosed,,,LWR,1,True,True,False,False
2026-08-31T17:33:25+00:00,1366076769534251008,7,779583497248550912,False,13286,Jadarian Price,RB,"[""RB""]",SEA,Active,,,,,RB,1,True,False,False,False
2026-08-31T17:33:25+00:00,1366076769534251008,7,779583497248550912,False,13417,De'Zhaun Stribling,WR,"[""WR""]",SF,Active,Questionable,Shoulder,,,LWR,3,True,False,False,True
2026-08-31T17:33:25+00:00,1366076769534251008,7,779583497248550912,False,13420,Bryce Lance,WR,"[""WR""]",NO,Active,,,,,LWR,3,True,False,False,True
2026-08-31T17:33:25+00:00,1366076769534251008,7,779583497248550912,False,13423,Eli Heidenreich,RB,"[""RB""]",PIT,Active,,,,,RB,4,True,False,False,True
2026-08-31T17:33:25+00:00,1366076769534251008,7,779583497248550912,False,4034,Christian McCaffrey,RB,"[""RB""]",SF,Active,Questionable,Undisclosed,,,RB,1,True,True,False,False
2026-08-31T17:33:25+00:00,1366076769534251008,7,779583497248550912,False,4892,Baker Mayfield,QB,"[""QB""]",TB,Active,,,,,QB,1,True,True,False,False
2026-08-31T17:33:25+00:00,1366076769534251008,7,779583497248550912,False,4983,DJ Moore,WR,"[""WR""]",BUF,Active,,,,,LWR,1,True,True,False,False
2026-08-31T17:33:25+00:00,1366076769534251008,7,779583497248550912,False,5045,Courtland Sutton,WR,"[""WR""]",DEN,Active,,,,,LWR,2,True,False,False,False
2026-08-31T17:33:25+00:00,1366076769534251008,7,779583497248550912,False,5967,Tony Pollard,RB,"[""RB""]",TEN,Active,,,,,RB,1,True,False,False,False
2026-08-31T17:33:25+00:00,1366076769534251008,7,779583497248550912,False,6813,Jonathan Taylor,RB,"[""RB""]",IND,Active,,,,,RB,1,True,True,False,False
2026-08-31T17:33:25+00:00,1366076769534251008,7,779583497248550912,False,6865,Colby Parkinson,TE,"[""TE""]",LAR,Active,,,,,TE,2,True,False,False,False
2026-08-31T17:33:25+00:00,1366076769534251008,7,779583497248550912,False,7828,Noah Gray,TE,"[""TE""]",KC,Active,,,,,TE,2,True,False,False,False
2026-08-31T17:33:25+00:00,1366076769534251008,7,779583497248550912,False,8111,Cade Otton,TE,"[""TE""]",TB,Active,,,,,TE,1,True,False,False,False
2026-08-31T17:33:25+00:00,1366076769534251008,7,779583497248550912,False,8144,Chris Olave,WR,"[""WR""]",NO,Active,,,,,LWR,1,True,True,False,False
2026-08-31T17:33:25+00:00,1366076769534251008,7,779583497248550912,False,8154,Brian Robinson,RB,"[""RB""]",ATL,Active,,,,,RB,2,True,False,False,False
2026-08-31T17:33:25+00:00,1366076769534251008,7,779583497248550912,False,8167,Christian Watson,WR,"[""WR""]",GB,Active,,,,,LWR,1,True,False,False,False
2026-08-31T17:33:25+00:00,1366076769534251008,7,779583497248550912,False,9479,Darnell Washington,TE,"[""TE""]",PIT,Active,,,,,TE,2,True,False,False,False
2026-08-31T17:33:25+00:00,1366076769534251008,7,779583497248550912,False,9484,Tucker Kraft,TE,"[""TE""]",GB,Active,Questionable,Knee - ACL,,,TE,1,True,True,False,False
2026-08-31T17:33:25+00:00,1366076769534251008,7,779583497248550912,False,9502,Tank Dell,WR,"[""WR""]",HOU,Inactive,IR,Knee - ACL + MCL,,,SWR,5,True,False,False,False
2026-08-31T17:33:25+00:00,1366076769534251008,7,779583497248550912,False,96,Aaron Rodgers,QB,"[""QB""]",PIT,Active,,,,,QB,1,True,False,False,False
2026-08-31T17:33:25+00:00,1366076769534251008,8,609154836893601792,False,10236,Dalton Kincaid,TE,"[""TE""]",BUF,Active,,,,,TE,1,True,False,False,False
2026-08-31T17:33:25+00:00,1366076769534251008,8,609154836893601792,False,11596,Ben Sinnott,TE,"[""TE""]",WAS,Active,Questionable,Oblique,,,TE,3,True,False,False,False
2026-08-31T17:33:25+00:00,1366076769534251008,8,609154836893601792,False,11603,AJ Barner,TE,"[""TE""]",SEA,Active,,,,,TE,1,True,True,False,False
2026-08-31T17:33:25+00:00,1366076769534251008,8,609154836893601792,False,11627,Troy Franklin,WR,"[""WR""]",DEN,Active,,,,,SWR,3,True,False,False,False
2026-08-31T17:33:25+00:00,1366076769534251008,8,609154836893601792,False,12487,Terrance Ferguson,TE,"[""TE""]",LAR,Active,Questionable,Undisclosed,,,TE,1,True,False,False,False
2026-08-31T17:33:25+00:00,1366076769534251008,8,609154836893601792,False,12489,RJ Harvey,RB,"[""RB""]",DEN,Active,,,,,RB,2,True,False,False,False
2026-08-31T17:33:25+00:00,1366076769534251008,8,609154836893601792,False,12497,Tory Horton,WR,"[""WR""]",SEA,Active,Questionable,Undisclosed,,,RWR,4,True,False,False,False
2026-08-31T17:33:25+00:00,1366076769534251008,8,609154836893601792,False,12512,Quinshon Judkins,RB,"[""RB""]",CLE,Active,,,,,RB,1,True,True,False,False
2026-08-31T17:33:25+00:00,1366076769534251008,8,609154836893601792,False,12518,Tyler Warren,TE,"[""TE""]",IND,Active,Questionable,Groin,,,TE,1,True,True,False,False
2026-08-31T17:33:25+00:00,1366076769534251008,8,609154836893601792,False,12535,Isaac TeSlaa,WR,"[""WR""]",DET,Active,,,,,LWR,3,True,False,False,False
2026-08-31T17:33:25+00:00,1366076769534251008,8,609154836893601792,False,13289,Drew Allar,QB,"[""QB""]",PIT,Active,,,,,QB,3,True,False,False,True
2026-08-31T17:33:25+00:00,1366076769534251008,8,609154836893601792,False,13329,Malik Benson,WR,"[""WR""]",LV,Active,,,,,RWR,3,True,False,False,True
2026-08-31T17:33:25+00:00,1366076769534251008,8,609154836893601792,False,13336,Dane Key,WR,"[""WR""]",DEN,Active,,,,,,,True,False,False,True
2026-08-31T17:33:25+00:00,1366076769534251008,8,609154836893601792,False,13380,Brenen Thompson,WR,"[""WR""]",LAC,Active,Questionable,Undisclosed,,,RWR,4,True,False,False,True
2026-08-31T17:33:25+00:00,1366076769534251008,8,609154836893601792,False,13405,Kaytron Allen,RB,"[""RB""]",WAS,Active,,,,,RB,3,True,False,False,True
2026-08-31T17:33:25+00:00,1366076769534251008,8,609154836893601792,False,13414,Kaelon Black,RB,"[""RB""]",SF,Active,,,,,RB,2,True,False,False,True
2026-08-31T17:33:25+00:00,1366076769534251008,8,609154836893601792,False,4066,Evan Engram,TE,"[""TE""]",DEN,Active,,,,,TE,1,True,False,False,False
2026-08-31T17:33:25+00:00,1366076769534251008,8,609154836893601792,False,4950,Christian Kirk,WR,"[""WR""]",SF,Inactive,IR,Calf,,,SWR,8,True,False,False,False
2026-08-31T17:33:25+00:00,1366076769534251008,8,609154836893601792,False,4984,Josh Allen,QB,"[""QB""]",BUF,Active,,,,,QB,1,True,True,False,False
2026-08-31T17:33:25+00:00,1366076769534251008,8,609154836893601792,False,5850,Josh Jacobs,RB,"[""RB""]",GB,Active,DNR,Groin,,,RB,1,True,False,False,False
2026-08-31T17:33:25+00:00,1366076769534251008,8,609154836893601792,False,5872,Deebo Samuel,WR,"[""WR""]",SF,Active,,,,,RWR,2,True,False,False,False
2026-08-31T17:33:25+00:00,1366076769534251008,8,609154836893601792,False,6786,CeeDee Lamb,WR,"[""WR""]",DAL,Active,,,,,LWR,1,True,True,False,False
2026-08-31T17:33:25+00:00,1366076769534251008,8,609154836893601792,False,6794,Justin Jefferson,WR,"[""WR""]",MIN,Active,,,,,LWR,1,True,True,False,False
2026-08-31T17:33:25+00:00,1366076769534251008,8,609154836893601792,False,6804,Jordan Love,QB,"[""QB""]",GB,Active,,,,,QB,1,True,True,False,False
2026-08-31T17:33:25+00:00,1366076769534251008,8,609154836893601792,False,6819,Michael Pittman,WR,"[""WR""]",PIT,Active,Questionable,Leg,,,RWR,2,True,False,False,False
2026-08-31T17:33:25+00:00,1366076769534251008,8,609154836893601792,False,8121,Romeo Doubs,WR,"[""WR""]",NE,Active,,,,,RWR,2,True,False,False,False
2026-08-31T17:33:25+00:00,1366076769534251008,8,609154836893601792,False,8136,Rachaad White,RB,"[""RB""]",WAS,Active,Questionable,Undisclosed,,,RB,2,True,True,False,False
2026-08-31T17:33:25+00:00,1366076769534251008,8,609154836893601792,False,8150,Kyren Williams,RB,"[""RB""]",LAR,Active,,,,,RB,1,True,True,False,False
2026-08-31T17:33:25+00:00,1366076769534251008,8,609154836893601792,False,8698,Jake Tonges,TE,"[""TE""]",SF,Active,,,,,TE,2,True,False,False,False
2026-08-31T17:33:25+00:00,1366076769534251008,8,609154836893601792,False,9228,Bryce Young,QB,"[""QB""]",CAR,Active,,,,,QB,1,True,False,False,False
2026-08-31T17:33:25+00:00,1366076769534251008,9,1128535741111402496,False,11559,Michael Penix,QB,"[""QB""]",ATL,Active,Questionable,Knee - ACL,,,QB,2,True,False,False,False
2026-08-31T17:33:25+00:00,1366076769534251008,9,1128535741111402496,False,11597,Theo Johnson,TE,"[""TE""]",NYG,Active,Questionable,Undisclosed,,,TE,2,True,False,False,True
2026-08-31T17:33:25+00:00,1366076769534251008,9,1128535741111402496,False,11625,Adonai Mitchell,WR,"[""WR""]",NYJ,Active,,,,,RWR,2,True,False,False,False
2026-08-31T17:33:25+00:00,1366076769534251008,9,1128535741111402496,False,11628,Marvin Harrison,WR,"[""WR""]",ARI,Active,,,,,LWR,1,True,True,False,False
2026-08-31T17:33:25+00:00,1366076769534251008,9,1128535741111402496,False,11834,Devaughn Vele,WR,"[""WR""]",NO,Active,,,,,SWR,2,True,False,False,False
2026-08-31T17:33:25+00:00,1366076769534251008,9,1128535741111402496,False,12476,Devin Neal,RB,"[""RB""]",NO,Active,IR,Hamstring,,,RB,6,True,False,False,True
2026-08-31T17:33:25+00:00,1366076769534251008,9,1128535741111402496,False,12485,Tez Johnson,WR,"[""WR""]",TB,Active,,,,,RWR,5,True,False,False,False
2026-08-31T17:33:25+00:00,1366076769534251008,9,1128535741111402496,False,12490,Bhayshul Tuten,RB,"[""RB""]",JAX,Active,,,,,RB,1,True,True,False,False
2026-08-31T17:33:25+00:00,1366076769534251008,9,1128535741111402496,False,12498,Mason Taylor,TE,"[""TE""]",NYJ,Active,,,,,TE,2,True,False,False,True
2026-08-31T17:33:25+00:00,1366076769534251008,9,1128535741111402496,False,12504,Kaleb Johnson,RB,"[""RB""]",GB,Active,,,,,RB,4,True,False,False,False
2026-08-31T17:33:25+00:00,1366076769534251008,9,1128535741111402496,False,12506,Harold Fannin,TE,"[""TE""]",CLE,Active,,,,,TE,1,True,True,False,False
2026-08-31T17:33:25+00:00,1366076769534251008,9,1128535741111402496,False,12530,Travis Hunter,WR,"[""DB"", ""WR""]",JAX,Active,,,,,SWR,4,True,False,False,False
2026-08-31T17:33:25+00:00,1366076769534251008,9,1128535741111402496,False,12541,Dont'e Thornton,WR,"[""WR""]",LV,Active,Questionable,Undisclosed,,,LWR,5,True,False,False,True
2026-08-31T17:33:25+00:00,1366076769534251008,9,1128535741111402496,False,13269,Fernando Mendoza,QB,"[""QB""]",LV,Active,,,,,QB,1,True,False,False,False
2026-08-31T17:33:25+00:00,1366076769534251008,9,1128535741111402496,False,13281,Jordyn Tyson,WR,"[""WR""]",NO,Inactive,IR,Hamstring,,,RWR,7,True,False,False,True
2026-08-31T17:33:25+00:00,1366076769534251008,9,1128535741111402496,False,13294,Makai Lemon,WR,"[""WR""]",PHI,Active,,,,,SWR,2,True,False,False,False
2026-08-31T17:33:25+00:00,1366076769534251008,9,1128535741111402496,False,13345,Jonah Coleman,RB,"[""RB""]",DEN,Active,,,,,RB,3,True,False,False,False
2026-08-31T17:33:25+00:00,1366076769534251008,9,1128535741111402496,False,13404,Garrett Nussmeier,QB,"[""QB""]",KC,Active,,,,,QB,3,True,False,False,True
2026-08-31T17:33:25+00:00,1366076769534251008,9,1128535741111402496,False,5892,David Montgomery,RB,"[""RB""]",HOU,Active,,,,,RB,1,True,True,False,False
2026-08-31T17:33:25+00:00,1366076769534251008,9,1128535741111402496,False,5947,Jakobi Meyers,WR,"[""WR""]",JAX,Active,Questionable,Hand,,,RWR,3,True,False,False,False
2026-08-31T17:33:25+00:00,1366076769534251008,9,1128535741111402496,False,6768,Tua Tagovailoa,QB,"[""QB""]",ATL,Active,,,,,QB,1,True,True,False,False
2026-08-31T17:33:25+00:00,1366076769534251008,9,1128535741111402496,False,6797,Justin Herbert,QB,"[""QB""]",LAC,Active,,,,,QB,1,True,True,False,False
2026-08-31T17:33:25+00:00,1366076769534251008,9,1128535741111402496,False,6801,Tee Higgins,WR,"[""WR""]",CIN,Active,,,,,RWR,2,True,True,False,False
2026-08-31T17:33:25+00:00,1366076769534251008,9,1128535741111402496,False,7002,Juwan Johnson,TE,"[""TE""]",NO,Active,,,,,TE,1,True,False,False,False
2026-08-31T17:33:25+00:00,1366076769534251008,9,1128535741111402496,False,7567,Kenny Gainwell,RB,"[""RB""]",TB,Active,,,,,RB,2,True,False,False,False
2026-08-31T17:33:25+00:00,1366076769534251008,9,1128535741111402496,False,8126,Wan'Dale Robinson,WR,"[""WR""]",TEN,Active,Questionable,Head,,,SWR,2,True,True,False,False
2026-08-31T17:33:25+00:00,1366076769534251008,9,1128535741111402496,False,8132,Tyler Allgeier,RB,"[""RB""]",ARI,Active,,,,,RB,2,True,False,False,False
2026-08-31T17:33:25+00:00,1366076769534251008,9,1128535741111402496,False,8138,James Cook,RB,"[""RB""]",BUF,Active,,,,,RB,1,True,True,False,False
2026-08-31T17:33:25+00:00,1366076769534251008,9,1128535741111402496,False,9229,Anthony Richardson,QB,"[""QB""]",IND,Active,,,,,QB,2,True,False,False,False
2026-08-31T17:33:25+00:00,1366076769534251008,9,1128535741111402496,False,9494,Marvin Mims,WR,"[""WR""]",DEN,Active,Questionable,Foot,,,SWR,5,True,False,False,False
2026-08-31T17:33:25+00:00,1366076769534251008,10,854202549119594496,False,10213,Tre Tucker,WR,"[""WR""]",LV,Active,,,,,RWR,1,True,False,False,False
2026-08-31T17:33:25+00:00,1366076769534251008,10,854202549119594496,False,11565,J.J. McCarthy,QB,"[""QB""]",MIN,Active,Questionable,Undisclosed,,,QB,2,True,False,False,False
2026-08-31T17:33:25+00:00,1366076769534251008,10,854202549119594496,False,11576,Braelon Allen,RB,"[""RB""]",NYJ,Active,,,,,RB,2,True,False,False,False
2026-08-31T17:33:25+00:00,1366076769534251008,10,854202549119594496,False,11635,Ladd McConkey,WR,"[""WR""]",LAC,Active,,,,,SWR,1,True,True,False,False
2026-08-31T17:33:25+00:00,1366076769534251008,10,854202549119594496,False,12469,Dylan Sampson,RB,"[""RB""]",CLE,Active,,,,,RB,2,True,False,False,False
2026-08-31T17:33:25+00:00,1366076769534251008,10,854202549119594496,False,12499,Elic Ayomanor,WR,"[""WR""]",TEN,Active,,,,,LWR,4,True,False,False,False
2026-08-31T17:33:25+00:00,1366076769534251008,10,854202549119594496,False,12503,Isaiah Bond,WR,"[""WR""]",CLE,Active,,,,,SWR,4,True,False,False,False
2026-08-31T17:33:25+00:00,1366076769534251008,10,854202549119594496,False,12524,Shedeur Sanders,QB,"[""QB""]",CLE,Active,,,,,QB,2,True,False,False,False
2026-08-31T17:33:25+00:00,1366076769534251008,10,854202549119594496,False,12527,Ashton Jeanty,RB,"[""RB""]",LV,Active,Questionable,Knee,,,RB,1,True,True,False,False
2026-08-31T17:33:25+00:00,1366076769534251008,10,854202549119594496,False,12529,TreVeyon Henderson,RB,"[""RB""]",NE,Active,Questionable,Leg,,,RB,1,True,True,False,False
2026-08-31T17:33:25+00:00,1366076769534251008,10,854202549119594496,False,12540,Chimere Dike,WR,"[""WR""]",TEN,Active,,,,,SWR,5,True,False,False,False
2026-08-31T17:33:25+00:00,1366076769534251008,10,854202549119594496,False,13276,Omar Cooper,WR,"[""WR""]",NYJ,Active,,,,,SWR,3,True,False,False,False
2026-08-31T17:33:25+00:00,1366076769534251008,10,854202549119594496,False,13319,Oscar Delp,TE,"[""TE""]",NO,Active,Questionable,Hamstring,,,TE,3,True,False,False,False
2026-08-31T17:33:25+00:00,1366076769534251008,10,854202549119594496,False,13330,Kenyon Sadiq,TE,"[""TE""]",NYJ,Active,Questionable,Abdomen,,,TE,1,True,False,False,False
2026-08-31T17:33:25+00:00,1366076769534251008,10,854202549119594496,False,13338,Kevin Coleman,WR,"[""WR""]",MIA,Active,,,,,SWR,5,True,False,False,False
2026-08-31T17:33:25+00:00,1366076769534251008,10,854202549119594496,False,2307,Marcus Mariota,QB,"[""QB""]",WAS,Active,Questionable,Knee,,,QB,2,True,False,False,False
2026-08-31T17:33:25+00:00,1366076769534251008,10,854202549119594496,False,3321,Tyreek Hill,WR,"[""WR""]",,Active,Questionable,Knee - ACL,,,,,True,False,False,False
2026-08-31T17:33:25+00:00,1366076769534251008,10,854202549119594496,False,4033,David Njoku,TE,"[""TE""]",LAC,Active,,,,,TE,2,True,False,False,False
2026-08-31T17:33:25+00:00,1366076769534251008,10,854202549119594496,False,4046,Patrick Mahomes,QB,"[""QB""]",KC,Active,Questionable,Knee - ACL,,,QB,1,True,True,False,False
2026-08-31T17:33:25+00:00,1366076769534251008,10,854202549119594496,False,5001,Dalton Schultz,TE,"[""TE""]",HOU,Active,,,,,TE,1,True,True,False,False
2026-08-31T17:33:25+00:00,1366076769534251008,10,854202549119594496,False,5846,DK Metcalf,WR,"[""WR""]",PIT,Active,Questionable,Undisclosed,,,LWR,1,True,False,False,False
2026-08-31T17:33:25+00:00,1366076769534251008,10,854202549119594496,False,6803,Brandon Aiyuk,WR,"[""WR""]",SF,Active,DNR,Knee - ACL + MCL,,,,4,True,False,False,False
2026-08-31T17:33:25+00:00,1366076769534251008,10,854202549119594496,False,7591,Justin Fields,QB,"[""QB""]",KC,Active,,,,,QB,2,True,False,False,False
2026-08-31T17:33:25+00:00,1366076769534251008,10,854202549119594496,False,8148,Jameson Williams,WR,"[""WR""]",DET,Active,,,,,RWR,2,True,True,False,False
2026-08-31T17:33:25+00:00,1366076769534251008,10,854202549119594496,False,8183,Brock Purdy,QB,"[""QB""]",SF,Active,,,,,QB,1,True,True,False,False
2026-08-31T17:33:25+00:00,1366076769534251008,10,854202549119594496,False,8228,Jaylen Warren,RB,"[""RB""]",PIT,Active,,,,,RB,1,True,True,False,False
2026-08-31T17:33:25+00:00,1366076769534251008,10,854202549119594496,False,9480,Brenton Strange,TE,"[""TE""]",JAX,Active,,,,,TE,1,True,False,False,False
2026-08-31T17:33:25+00:00,1366076769534251008,10,854202549119594496,False,9488,Jaxon Smith-Njigba,WR,"[""WR""]",SEA,Active,,,,,LWR,1,True,True,False,False
2026-08-31T17:33:25+00:00,1366076769534251008,10,854202549119594496,False,9508,Tyjae Spears,RB,"[""RB""]",TEN,Active,,,,,RB,2,True,False,False,False
2026-08-31T17:33:25+00:00,1366076769534251008,10,854202549119594496,False,9756,Jordan Addison,WR,"[""WR""]",MIN,Active,,,,,RWR,2,True,False,False,False
