league_id,league,roster_id,is_my_roster,player_id,player,position,nfl_team,opponent,home_away,gameday,gametime,total_line,roof,temp,wind,lineup_score,score_source,weekly_ecr,season_ecr,weekly_grade,injury_status,practice_participation,injury_note,depth_chart_order,weather_note,base_lineup_score_before_league_scoring,generic_weekly_projection,sleeper_league_projection_nonreturn,league_scoring_context_adjustment,questionable_penalty_restored,league_projection_matched_stats,base_lineup_score_before_idp,idp_points_applied,idp_source_season,idp_current_season_data,base_lineup_score_before_usage,usage_points_applied,usage_season,usage_signal,usage_latest_week,usage_games_with_stats,usage_games_with_snaps,latest_offense_snap_pct,last3_offense_snap_pct,season_offense_snap_pct,last3_targets_pg,last3_carries_pg,last3_opportunities_pg,usage_adjustment_raw,base_lineup_score_before_ol,ol_points_applied,ol_health_score,ol_grade,ol_concerns,team_pass_ol_adjustment,team_run_ol_adjustment,legacy_weather_points_removed,base_lineup_score_before_weather,weather_points_applied,weather_severity,weather_notes,forecast_temp_f,forecast_wind_mph,forecast_gust_mph,forecast_precip_probability,forecast_source,base_lineup_score_before_injury_ripple,injury_ripple_points_applied,injury_ripple_reasons,injury_ripple_confidence,base_lineup_score_before_return,return_projection_points,return_points_applied,return_roles,return_confidence,dual_role_offense_return,offensive_depth_rank
1389740418316374016,10-Team Redraft — Big Tiger Takeover,1,False,11628,Marvin Harrison,WR,ARI,NYG,away,2026-10-04,13:00,44.5,outdoors,,,5.85,Sleeper raw-stat projection × league scoring + current usage + OL health + injury ripple,55.49,103.67,D+,,,,2,,8.3,9.0,5.78,-0.7,0.0,6,,,,,5.08,0.41,2026,STABLE,3,3,3,77.0,76.7,76.7,3.0,0.0,3.0,1.0,5.49,-0.04,91.7,HEALTHY,RG Isaiah Adams (AT RISK),-0.11,-0.2,-0.0,5.45,0.0,LOW,no material weather signal,69.6,4.8,5.6,34.0,Open-Meteo game-time forecast,5.45,0.4,Opponent CB1 OUT/IR: secondary WR matchup improves,MEDIUM,5.85,0.0,0.0,,,,
1389740418316374016,10-Team Redraft — Big Tiger Takeover,1,False,12015,Harrison Mevis,K,LAR,PHI,away,2026-10-04,13:00,43.5,outdoors,,,7.7,Sleeper raw-stat projection × league scoring,,,,,,,1,,5.5,,7.7,0.0,0.0,6,,,,,7.7,0.0,,,,,,,,,,,,,7.7,0.0,100.0,HEALTHY,none,-0.0,-0.0,-0.0,7.7,0.0,LOW,no material weather signal,69.2,4.1,3.6,38.0,Open-Meteo game-time forecast,7.7,0.0,,,7.7,0.0,0.0,,,,
1389740418316374016,10-Team Redraft — Big Tiger Takeover,1,False,12507,Omarion Hampton,RB,LAC,SEA,away,2026-10-04,16:25,42.5,outdoors,,,11.31,Sleeper raw-stat projection × league scoring + current usage,15.1,22.83,B,,,,1,,15.1,14.6,10.0,0.5,0.0,10,,,,,10.5,0.81,2026,STABLE,3,3,3,42.0,54.3,54.3,1.0,16.67,17.67,2.0,11.31,-0.0,100.0,HEALTHY,none,-0.0,-0.0,-0.0,11.31,0.0,LOW,no material weather signal,69.8,6.8,6.3,0.0,Open-Meteo game-time forecast,11.31,0.0,,,11.31,0.0,0.0,,,,
1389740418316374016,10-Team Redraft — Big Tiger Takeover,1,False,13286,Jadarian Price,RB,SEA,LAC,home,2026-10-04,16:25,42.5,outdoors,,,9.42,Sleeper raw-stat projection × league scoring + current usage,27.0,79.33,C+,,,,1,,12.0,11.5,8.51,0.5,0.0,10,,,,,9.01,0.41,2026,STABLE,3,3,3,28.0,36.7,36.7,2.33,9.33,11.67,1.0,9.42,-0.0,100.0,HEALTHY,none,-0.0,-0.0,-0.0,9.42,0.0,LOW,no material weather signal,69.8,6.8,6.3,0.0,Open-Meteo game-time forecast,9.42,0.0,,,9.42,0.0,0.0,,,,
1389740418316374016,10-Team Redraft — Big Tiger Takeover,1,False,4881,Lamar Jackson,QB,BAL,TEN,home,2026-10-04,13:00,43.5,outdoors,,,25.68,Sleeper raw-stat projection × league scoring + current usage + OL health,2.19,27.5,A,,,,1,,23.5,23.0,25.35,0.5,0.0,10,,,,,25.85,0.41,2026,STABLE,3,3,3,100.0,100.0,100.0,0.0,5.67,0.0,2.0,26.26,-0.58,77.8,MINOR CONCERN,LT Ronnie Stanley (UNAVAILABLE),-0.78,-0.24,-0.0,25.68,0.0,LOW,no material weather signal,66.5,3.4,3.1,44.0,Open-Meteo game-time forecast,25.68,0.0,,,25.68,0.0,0.0,,,,
1389740418316374016,10-Team Redraft — Big Tiger Takeover,1,False,5892,David Montgomery,RB,HOU,DAL,home,2026-10-04,13:00,48.5,,,,16.43,Sleeper raw-stat projection × league scoring + current usage + OL health,21.22,53.67,B-,,,,1,,13.0,12.5,15.62,0.5,0.0,10,,,,,16.12,0.41,2026,STABLE,3,3,3,63.0,54.7,54.7,2.33,12.33,14.67,1.0,16.53,-0.1,90.0,HEALTHY,RT Trent Brown (AT RISK),-0.35,-0.11,-0.0,16.43,0.0,LOW,no material weather signal,82.6,12.5,17.4,45.0,Open-Meteo game-time forecast,16.43,0.0,,,16.43,0.0,0.0,,,,
1389740418316374016,10-Team Redraft — Big Tiger Takeover,1,False,6804,Jordan Love,QB,GB,TB,away,2026-10-04,13:00,39.5,outdoors,,,22.05,Sleeper raw-stat projection × league scoring + current usage + OL health,10.83,104.5,B,,,,1,,18.0,17.5,21.41,0.5,0.0,10,,,,,21.91,0.41,2026,STABLE,3,3,3,100.0,100.0,100.0,0.0,0.67,0.0,2.0,22.32,-0.27,73.1,DEGRADED,LG Aaron Banks (UNAVAILABLE) | RG Jacob Monk (AT RISK),-0.36,-0.65,-0.0,22.05,0.0,LOW,no material weather signal,90.8,9.6,11.2,2.0,Open-Meteo game-time forecast,22.05,0.0,,,22.05,0.0,0.0,,,,
1389740418316374016,10-Team Redraft — Big Tiger Takeover,1,False,7525,DeVonta Smith,WR,PHI,LAR,home,2026-10-04,13:00,43.5,outdoors,,,17.92,Sleeper raw-stat projection × league scoring + current usage + injury ripple,8.54,21.33,A,,,,1,,16.2,15.7,14.15,0.5,0.0,10,,,,,14.65,1.62,2026,STABLE,3,3,3,100.0,94.3,94.3,9.0,0.0,9.0,4.0,16.27,-0.0,100.0,HEALTHY,none,-0.0,-0.0,-0.0,16.27,0.0,LOW,no material weather signal,69.2,4.1,3.6,38.0,Open-Meteo game-time forecast,16.27,1.65,Opponent CB1 OUT/IR: projected WR1 coverage matchup improves (not confirmed shadow) | Starting safety OUT/IR: downfield coverage improves | TE1 OUT/IR: WR1 target share can rise,MEDIUM,17.92,0.0,0.0,,,,
1389740418316374016,10-Team Redraft — Big Tiger Takeover,1,False,7567,Kenny Gainwell,RB,TB,GB,home,2026-10-04,13:00,39.5,outdoors,,,7.27,Sleeper raw-stat projection × league scoring,42.22,146.0,D,,,,2,,6.7,7.4,7.97,-0.7,0.0,10,,,,,7.27,0.0,2026,STABLE,3,3,3,46.0,42.3,42.3,3.33,3.33,6.67,0.0,7.27,-0.0,100.0,HEALTHY,none,-0.0,-0.0,-0.0,7.27,0.0,LOW,no material weather signal,90.8,9.6,11.2,2.0,Open-Meteo game-time forecast,7.27,0.0,,,7.27,0.0,0.0,,,,
1389740418316374016,10-Team Redraft — Big Tiger Takeover,1,False,8130,Trey McBride,TE,ARI,NYG,away,2026-10-04,13:00,44.5,outdoors,,,20.93,Sleeper raw-stat projection × league scoring + current usage + OL health,1.0,26.33,A+,,,,1,,17.6,17.1,18.86,0.5,0.0,8,,,,,19.36,1.62,2026,STABLE,3,3,3,91.0,86.3,86.3,11.33,0.0,11.33,4.0,20.98,-0.05,91.7,HEALTHY,RG Isaiah Adams (AT RISK),-0.11,-0.2,-0.0,20.93,0.0,LOW,no material weather signal,69.6,4.8,5.6,34.0,Open-Meteo game-time forecast,20.93,0.0,,,20.93,0.0,0.0,,,,
1389740418316374016,10-Team Redraft — Big Tiger Takeover,1,False,8131,Isaiah Likely,TE,NYG,ARI,home,2026-10-04,13:00,44.5,outdoors,,,13.81,Sleeper raw-stat projection × league scoring + current usage + OL health,11.48,112.5,C,,,,1,,10.8,10.3,12.16,0.5,0.0,6,,,,,12.66,1.22,2026,STABLE,3,3,3,84.0,67.3,67.3,7.67,0.0,7.67,3.0,13.88,-0.07,94.4,HEALTHY,LT Andrew Thomas (LIMITED),-0.2,-0.06,-0.0,13.81,0.0,LOW,no material weather signal,69.6,4.8,5.6,34.0,Open-Meteo game-time forecast,13.81,0.0,,,13.81,0.0,0.0,,,,
1389740418316374016,10-Team Redraft — Big Tiger Takeover,1,False,8148,Jameson Williams,WR,DET,CAR,away,2026-10-04,20:20,50.5,outdoors,,,12.85,Sleeper raw-stat projection × league scoring + current usage + injury ripple,25.46,59.0,B,,,,2,,11.8,11.9,11.55,-0.1,0.0,10,,,,,11.45,1.22,2026,STABLE,3,3,3,82.0,87.7,87.7,5.67,0.0,5.67,3.0,12.67,-0.0,100.0,HEALTHY,none,-0.0,-0.0,-0.0,12.67,0.0,LOW,no material weather signal,63.9,4.6,8.1,62.0,Open-Meteo game-time forecast,12.67,0.18,Opponent CB1 QUESTIONABLE/DNP: secondary WR matchup improves,MEDIUM,12.85,0.0,0.0,,,,
1389740418316374016,10-Team Redraft — Big Tiger Takeover,1,False,9488,Jaxon Smith-Njigba,WR,SEA,LAC,home,2026-10-04,16:25,42.5,outdoors,,,26.02,Sleeper raw-stat projection × league scoring + current usage + injury ripple,1.59,5.0,A+,,,,1,,22.6,22.1,23.5,0.5,0.0,10,,,,,24.0,1.62,2026,STABLE,3,3,3,87.0,81.3,81.3,12.0,0.0,12.0,4.0,25.62,-0.0,100.0,HEALTHY,none,-0.0,-0.0,-0.0,25.62,0.0,LOW,no material weather signal,69.8,6.8,6.3,0.0,Open-Meteo game-time forecast,25.62,0.4,Starting safety OUT/IR: downfield coverage improves,MEDIUM,26.02,0.0,0.0,,,,
1389740418316374016,10-Team Redraft — Big Tiger Takeover,1,False,9754,Quentin Johnston,WR,LAC,SEA,away,2026-10-04,16:25,42.5,outdoors,,,9.62,Sleeper raw-stat projection × league scoring + current usage,46.22,88.5,C,,,,2,,9.2,9.9,9.1,-0.7,0.0,10,,,,,8.4,1.22,2026,STABLE,3,3,3,87.0,82.0,82.0,5.67,0.33,5.67,3.0,9.62,-0.0,100.0,HEALTHY,none,-0.0,-0.0,-0.0,9.62,0.0,LOW,no material weather signal,69.8,6.8,6.3,0.0,Open-Meteo game-time forecast,9.62,0.0,,,9.62,0.0,0.0,,,,
1389740418316374016,10-Team Redraft — Big Tiger Takeover,1,False,LAC,Los Angeles Chargers,DEF,LAC,SEA,away,2026-10-04,16:25,42.5,outdoors,,,5.43,Sleeper raw-stat projection × league scoring,,,,,,,,,5.0,,5.43,0.0,0.0,6,,,,,5.43,0.0,,,,,,,,,,,,,5.43,0.0,100.0,HEALTHY,none,-0.0,-0.0,-0.0,5.43,0.0,LOW,no material weather signal,69.8,6.8,6.3,0.0,Open-Meteo game-time forecast,5.43,0.0,,,5.43,0.0,0.0,,,,
1389740418316374016,10-Team Redraft — Big Tiger Takeover,2,False,11631,Brian Thomas,WR,JAX,CIN,away,2026-10-04,13:00,51.5,outdoors,,,7.41,Sleeper raw-stat projection × league scoring + current usage + OL health,49.07,86.0,C-,,,,3,,8.6,9.5,8.04,-0.9,0.0,10,,,,,7.14,0.41,2026,STABLE,3,3,3,37.0,42.0,42.0,4.0,0.0,4.0,1.0,7.55,-0.14,90.0,HEALTHY,LT Anton Harrison (AT RISK),-0.35,-0.11,-0.0,7.41,0.0,LOW,no material weather signal,71.3,4.7,6.0,21.0,Open-Meteo game-time forecast,7.41,0.0,,,7.41,0.0,0.0,,,,
1389740418316374016,10-Team Redraft — Big Tiger Takeover,2,False,12493,Oronde Gadsden,TE,LAC,SEA,away,2026-10-04,16:25,42.5,outdoors,,,8.5,Sleeper raw-stat projection × league scoring + injury ripple,16.88,154.67,D+,,,,1,,9.8,9.3,7.15,0.5,0.0,6,,,,,7.65,0.0,2026,STABLE,3,3,3,57.0,39.7,39.7,2.33,0.0,2.33,0.0,7.65,-0.0,100.0,HEALTHY,none,-0.0,-0.0,-0.0,7.65,0.0,LOW,no material weather signal,69.8,6.8,6.3,0.0,Open-Meteo game-time forecast,7.65,0.85,TE1 OUT/IR: TE2 route/target opportunity rises,HIGH,8.5,0.0,0.0,,,,
1389740418316374016,10-Team Redraft — Big Tiger Takeover,2,False,12517,Colston Loveland,TE,CHI,NYJ,home,2026-10-04,13:00,43.5,outdoors,,,12.22,Sleeper raw-stat projection × league scoring + current usage + OL health + injury ripple,16.6,71.17,D+,,,,1,,10.6,10.1,10.98,0.5,0.0,10,,,,,11.48,0.81,2026,STABLE,3,3,3,79.0,84.0,84.0,3.0,0.0,3.0,2.0,12.29,-0.12,90.0,HEALTHY,LT Braxton Jones (AT RISK),-0.35,-0.11,-0.0,12.17,0.0,LOW,no material weather signal,65.3,9.9,13.4,3.0,Open-Meteo game-time forecast,12.17,0.05,QB1 OUT/IR: pass-catcher efficiency risk with backup QB | Starting safety OUT/IR: TE middle/deep matchup improves,MEDIUM,12.22,0.0,0.0,,,,
1389740418316374016,10-Team Redraft — Big Tiger Takeover,2,False,12519,Luther Burden,WR,CHI,NYJ,home,2026-10-04,13:00,43.5,outdoors,,,13.41,Sleeper raw-stat projection × league scoring + current usage + OL health + injury ripple,38.0,56.67,C,,,,2,,9.9,10.6,13.48,-0.7,0.0,10,,,,,12.78,1.22,2026,STABLE,3,3,3,61.0,63.7,63.7,7.67,0.67,7.67,3.0,14.0,-0.14,90.0,HEALTHY,LT Braxton Jones (AT RISK),-0.35,-0.11,-0.0,13.86,0.0,LOW,no material weather signal,65.3,9.9,13.4,3.0,Open-Meteo game-time forecast,13.86,-0.45,QB1 OUT/IR: pass-catcher efficiency risk with backup QB,MEDIUM,13.41,0.0,0.0,,,,
1389740418316374016,10-Team Redraft — Big Tiger Takeover,2,False,12527,Ashton Jeanty,RB,LV,KC,home,2026-10-04,16:25,47.5,dome,,,18.19,Sleeper raw-stat projection × league scoring + current usage + OL health,5.95,15.67,A,,,,1,,19.6,19.1,16.61,0.5,0.0,10,,,,,17.11,1.22,2026,STABLE,3,3,3,84.0,79.7,79.7,5.33,21.0,26.33,3.0,18.33,-0.14,91.7,HEALTHY,RG Jackson Powers-Johnson (AT RISK),-0.11,-0.2,-0.0,18.19,0.0,INDOOR,indoor,,,,,indoor/no weather adjustment,18.19,0.0,,,18.19,0.0,0.0,,,,
1389740418316374016,10-Team Redraft — Big Tiger Takeover,2,False,4037,Chris Godwin,WR,TB,GB,home,2026-10-04,13:00,39.5,outdoors,,,8.77,Sleeper raw-stat projection × league scoring + current usage + injury ripple,41.63,67.33,C,,,,2,,9.6,10.3,9.51,-0.7,0.0,10,,,,,8.81,0.41,2026,STABLE,3,3,3,62.0,78.0,78.0,3.67,0.67,3.67,1.0,9.22,-0.0,100.0,HEALTHY,none,-0.0,-0.0,-0.0,9.22,0.0,LOW,no material weather signal,90.8,9.6,11.2,2.0,Open-Meteo game-time forecast,9.22,-0.45,QB1 OUT/IR: pass-catcher efficiency risk with backup QB,MEDIUM,8.77,0.0,0.0,,,,
1389740418316374016,10-Team Redraft — Big Tiger Takeover,2,False,5189,Eddy Pineiro,K,SF,DEN,home,2026-10-04,16:25,47.5,outdoors,,,8.8,Sleeper raw-stat projection × league scoring,3.19,203.83,B+,,,,1,,9.6,9.1,8.3,0.5,0.0,6,,,,,8.8,0.0,,,,,,,,,,,,,8.8,0.0,90.0,HEALTHY,LT Trent Williams (AT RISK),-0.35,-0.11,-0.0,8.8,0.0,LOW,no material weather signal,,,,,schedule fallback,8.8,0.0,,,8.8,0.0,0.0,,,,
1389740418316374016,10-Team Redraft — Big Tiger Takeover,2,False,5872,Deebo Samuel,WR,SF,DEN,home,2026-10-04,16:25,47.5,outdoors,,,9.94,Sleeper raw-stat projection × league scoring + OL health + injury ripple,26.2,77.83,B,,,,2,,11.1,11.8,9.68,-0.7,0.0,10,,,,,8.98,0.0,2026,STABLE,3,3,3,76.0,59.3,59.3,3.67,1.33,3.67,0.0,8.98,-0.14,90.0,HEALTHY,LT Trent Williams (AT RISK),-0.35,-0.11,-0.0,8.84,0.0,LOW,no material weather signal,,,,,schedule fallback,8.84,1.1,WR1 OUT/IR: target concentration rises for next WR,HIGH,9.94,0.0,0.0,,,,
1389740418316374016,10-Team Redraft — Big Tiger Takeover,2,False,5927,Terry McLaurin,WR,WAS,IND,home,2026-10-04,09:30,47.5,outdoors,,,13.9,Sleeper raw-stat projection × league scoring + current usage + injury ripple,40.93,57.33,C,,,,1,,11.1,10.6,12.38,0.5,0.0,10,,,,,12.88,1.22,2026,STABLE,3,3,3,75.0,77.3,77.3,7.33,0.0,7.33,3.0,14.1,-0.0,100.0,HEALTHY,none,-0.0,-0.0,-0.0,14.1,0.0,LOW,no material weather signal,62.9,3.4,5.8,44.0,Open-Meteo game-time forecast,14.1,-0.2,QB1 OUT/IR: pass-catcher efficiency risk with backup QB | TE1 OUT/IR: WR1 target share can rise,MEDIUM,13.9,0.0,0.0,,,,
1389740418316374016,10-Team Redraft — Big Tiger Takeover,2,False,6806,J.K. Dobbins,RB,DEN,SF,away,2026-10-04,16:25,47.5,outdoors,,,9.35,Sleeper raw-stat projection × league scoring + current usage + injury ripple,34.46,141.67,C,,,,1,,9.4,8.9,8.28,0.5,0.0,10,,,,,8.78,0.41,2026,STABLE,3,3,3,49.0,42.0,42.0,0.67,11.67,12.33,1.0,9.19,-0.0,100.0,HEALTHY,none,-0.0,-0.0,-0.0,9.19,0.0,LOW,no material weather signal,,,,,schedule fallback,9.19,0.16,Starting linebacker QUESTIONABLE/DNP: RB run/checkdown environment improves,MEDIUM,9.35,0.0,0.0,,,,
1389740418316374016,10-Team Redraft — Big Tiger Takeover,2,False,7547,Amon-Ra St. Brown,WR,DET,CAR,away,2026-10-04,20:20,50.5,outdoors,,,22.69,Sleeper raw-stat projection × league scoring + current usage + injury ripple,1.61,6.83,A+,,,,1,,22.0,20.9,19.12,1.1,0.0,10,,,,,20.22,1.62,2026,STABLE,3,3,3,74.0,86.3,86.3,11.67,0.0,11.67,4.0,21.84,-0.0,100.0,HEALTHY,none,-0.0,-0.0,-0.0,21.84,0.0,LOW,no material weather signal,63.9,4.6,8.1,62.0,Open-Meteo game-time forecast,21.84,0.85,Opponent CB1 QUESTIONABLE/DNP: projected WR1 coverage matchup improves (not confirmed shadow) | Starting safety OUT/IR: downfield coverage improves,MEDIUM,22.69,0.0,0.0,,,,
1389740418316374016,10-Team Redraft — Big Tiger Takeover,2,False,8138,James Cook,RB,BUF,NE,home,2026-10-04,13:00,48.5,outdoors,,,19.54,Sleeper raw-stat projection × league scoring + current usage,8.66,9.83,A,,,,1,,17.2,16.7,17.82,0.5,0.0,10,,,,,18.32,1.22,2026,STABLE,3,3,3,67.0,71.0,71.0,2.67,19.33,22.0,3.0,19.54,-0.0,100.0,HEALTHY,none,-0.0,-0.0,-0.0,19.54,0.0,LOW,no material weather signal,65.5,10.0,12.3,7.0,Open-Meteo game-time forecast,19.54,0.0,,,19.54,0.0,0.0,,,,
1389740418316374016,10-Team Redraft — Big Tiger Takeover,2,False,8183,Brock Purdy,QB,SF,DEN,home,2026-10-04,16:25,47.5,outdoors,,,24.86,Sleeper raw-stat projection × league scoring + current usage + OL health,3.21,65.17,A,,,,1,,22.5,22.0,24.21,0.5,0.0,10,,,,,24.71,0.41,2026,STABLE,3,3,3,100.0,95.0,95.0,0.0,3.33,0.0,2.0,25.12,-0.26,90.0,HEALTHY,LT Trent Williams (AT RISK),-0.35,-0.11,-0.0,24.86,0.0,LOW,no material weather signal,,,,,schedule fallback,24.86,0.0,,,24.86,0.0,0.0,,,,
1389740418316374016,10-Team Redraft — Big Tiger Takeover,2,False,8408,Jordan Mason,RB,MIN,MIA,home,2026-10-04,16:05,38.5,dome,,,0.22,season-long ECR proxy + current usage + OL health,,167.83,,IR,,IR/PUP,7,,,,,,,,,,,,0.0,0.32,2026,STABLE,1,1,1,45.0,45.0,45.0,0.0,15.0,15.0,2.0,0.32,-0.1,90.0,HEALTHY,LT Christian Darrisaw (AT RISK),-0.35,-0.11,-0.0,0.22,0.0,INDOOR,indoor,,,,,indoor/no weather adjustment,0.22,0.0,,,0.22,0.0,0.0,,,,
1389740418316374016,10-Team Redraft — Big Tiger Takeover,2,False,9486,Dontayvion Wicks,WR,PHI,LAR,home,2026-10-04,13:00,43.5,outdoors,,,10.24,Sleeper raw-stat projection × league scoring + current usage + injury ripple,34.56,109.17,C+,,,,2,,10.5,11.2,9.32,-0.7,0.0,10,,,,,8.62,1.22,2026,STABLE,3,3,3,88.0,80.3,80.3,5.0,0.0,5.0,3.0,9.84,-0.0,100.0,HEALTHY,none,-0.0,-0.0,-0.0,9.84,0.0,LOW,no material weather signal,69.2,4.1,3.6,38.0,Open-Meteo game-time forecast,9.84,0.4,Opponent CB1 OUT/IR: secondary WR matchup improves,MEDIUM,10.24,0.0,0.0,,,,
1389740418316374016,10-Team Redraft — Big Tiger Takeover,2,False,KC,Kansas City Chiefs,DEF,KC,LV,away,2026-10-04,16:25,47.5,dome,,,7.47,Sleeper raw-stat projection × league scoring,,,,,,,,,5.0,,7.47,0.0,0.0,6,,,,,7.47,0.0,,,,,,,,,,,,,7.47,0.0,77.8,MINOR CONCERN,LT Josh Simmons (UNAVAILABLE),-0.78,-0.24,-0.0,7.47,0.0,INDOOR,indoor,,,,,indoor/no weather adjustment,7.47,0.0,,,7.47,0.0,0.0,,,,
1389740418316374016,10-Team Redraft — Big Tiger Takeover,3,False,10232,Michael Wilson,WR,ARI,NYG,away,2026-10-04,13:00,44.5,outdoors,,,18.42,Sleeper raw-stat projection × league scoring + current usage + OL health + injury ripple,29.12,89.83,B-,,,,1,,11.9,11.4,15.34,0.5,0.0,10,,,,,15.84,1.62,2026,STABLE,3,3,3,93.0,90.7,90.7,10.33,0.0,10.33,4.0,17.46,-0.04,91.7,HEALTHY,RG Isaiah Adams (AT RISK),-0.11,-0.2,-0.0,17.42,0.0,LOW,no material weather signal,69.6,4.8,5.6,34.0,Open-Meteo game-time forecast,17.42,1.0,Opponent CB1 OUT/IR: projected WR1 coverage matchup improves (not confirmed shadow),MEDIUM,18.42,0.0,0.0,,,,
1389740418316374016,10-Team Redraft — Big Tiger Takeover,3,False,11584,Bucky Irving,RB,TB,GB,home,2026-10-04,13:00,39.5,outdoors,,,16.93,Sleeper raw-stat projection × league scoring + current usage,18.66,48.0,B,,,,1,,14.5,14.0,15.21,0.5,0.0,10,,,,,15.71,1.22,2026,STABLE,3,3,3,52.0,63.7,63.7,5.0,13.33,18.33,3.0,16.93,-0.0,100.0,HEALTHY,none,-0.0,-0.0,-0.0,16.93,0.0,LOW,no material weather signal,90.8,9.6,11.2,2.0,Open-Meteo game-time forecast,16.93,0.0,,,16.93,0.0,0.0,,,,
1389740418316374016,10-Team Redraft — Big Tiger Takeover,3,False,11632,Malik Nabers,WR,NYG,ARI,home,2026-10-04,13:00,44.5,outdoors,,,16.18,Sleeper raw-stat projection × league scoring + current usage + OL health,19.98,30.0,A-,,,,1,,13.5,13.0,14.95,0.5,0.0,10,,,,,15.45,0.81,2026,STABLE,3,3,3,78.0,68.0,68.0,6.33,0.0,6.33,2.0,16.26,-0.08,94.4,HEALTHY,LT Andrew Thomas (LIMITED),-0.2,-0.06,-0.0,16.18,0.0,LOW,no material weather signal,69.6,4.8,5.6,34.0,Open-Meteo game-time forecast,16.18,0.0,,,16.18,0.0,0.0,,,,
1389740418316374016,10-Team Redraft — Big Tiger Takeover,3,False,12529,TreVeyon Henderson,RB,NE,BUF,away,2026-10-04,13:00,48.5,outdoors,,,10.32,Sleeper raw-stat projection × league scoring + current usage + OL health,28.44,70.5,C,,,,1,,11.7,11.2,9.92,0.5,0.0,10,,,,,10.42,0.26,2026,STABLE,3,2,2,37.0,48.5,48.5,0.5,12.0,12.5,1.0,10.68,-0.36,75.9,MINOR CONCERN,RG Greg Van Roten (UNAVAILABLE) | RT Morgan Moses (LIMITED),-0.45,-0.51,-0.0,10.32,0.0,LOW,no material weather signal,65.5,10.0,12.3,7.0,Open-Meteo game-time forecast,10.32,0.0,,,10.32,0.0,0.0,,,,
1389740418316374016,10-Team Redraft — Big Tiger Takeover,3,False,12713,Andy Borregales,K,NE,BUF,away,2026-10-04,13:00,48.5,outdoors,,,6.89,Sleeper raw-stat projection × league scoring,,,,,,,1,,5.5,,6.89,0.0,0.0,7,,,,,6.89,0.0,,,,,,,,,,,,,6.89,0.0,75.9,MINOR CONCERN,RG Greg Van Roten (UNAVAILABLE) | RT Morgan Moses (LIMITED),-0.45,-0.51,-0.0,6.89,0.0,LOW,no material weather signal,65.5,10.0,12.3,7.0,Open-Meteo game-time forecast,6.89,0.0,,,6.89,0.0,0.0,,,,
1389740418316374016,10-Team Redraft — Big Tiger Takeover,3,False,13279,Carnell Tate,WR,TEN,BAL,away,2026-10-04,13:00,43.5,outdoors,,,12.59,Sleeper raw-stat projection × league scoring + current usage + OL health,42.22,74.0,C,,,,1,,10.8,10.3,10.97,0.5,0.0,10,,,,,11.47,1.22,2026,STABLE,3,3,3,88.0,83.7,83.7,6.67,0.0,6.67,3.0,12.69,-0.1,81.5,MINOR CONCERN,RG Fernando Carmona (UNAVAILABLE),-0.25,-0.45,-0.0,12.59,0.0,LOW,no material weather signal,66.5,3.4,3.1,44.0,Open-Meteo game-time forecast,12.59,0.0,,,12.59,0.0,0.0,,,,
1389740418316374016,10-Team Redraft — Big Tiger Takeover,3,False,13281,Jordyn Tyson,WR,NO,ATL,home,2026-10-05,20:15,48.5,dome,,,0.0,season-long ECR proxy,,118.33,,IR,,IR/PUP,11,,,,,,,,,,,,0.0,0.0,,,,,,,,,,,,,0.0,-0.0,100.0,HEALTHY,none,-0.0,-0.0,-0.0,0.0,0.0,INDOOR,indoor,,,,,indoor/no weather adjustment,0.0,0.0,,,0.0,0.0,0.0,,,,
1389740418316374016,10-Team Redraft — Big Tiger Takeover,3,False,2216,Mike Evans,WR,SF,DEN,home,2026-10-04,16:25,47.5,outdoors,,,0.88,Sleeper raw-stat projection × league scoring + current usage + OL health,17.98,46.67,A-,Out,,OUT,1,,0.0,13.7,14.31,-13.7,0.0,6,,,,,0.61,0.41,2026,STABLE,3,3,3,33.0,54.0,54.0,5.33,0.0,5.33,1.0,1.02,-0.14,90.0,HEALTHY,LT Trent Williams (AT RISK),-0.35,-0.11,-0.0,0.88,0.0,LOW,no material weather signal,,,,,schedule fallback,0.88,0.0,,,0.88,0.0,0.0,,,,
1389740418316374016,10-Team Redraft — Big Tiger Takeover,3,False,3163,Jared Goff,QB,DET,CAR,away,2026-10-04,20:20,50.5,outdoors,,,23.14,Sleeper raw-stat projection × league scoring + current usage,6.98,87.33,B+,,,,1,,19.8,18.7,21.63,1.1,0.0,10,,,,,22.73,0.41,2026,STABLE,3,3,3,100.0,100.0,100.0,0.0,3.0,0.0,2.0,23.14,-0.0,100.0,HEALTHY,none,-0.0,-0.0,-0.0,23.14,0.0,LOW,no material weather signal,63.9,4.6,8.1,62.0,Open-Meteo game-time forecast,23.14,0.0,,,23.14,0.0,0.0,,,,
1389740418316374016,10-Team Redraft — Big Tiger Takeover,3,False,3198,Derrick Henry,RB,BAL,TEN,home,2026-10-04,13:00,43.5,outdoors,,,22.21,Sleeper raw-stat projection × league scoring + current usage + OL health,6.59,18.83,A,,,,1,,18.9,18.4,21.13,0.5,0.0,10,,,,,21.63,0.81,2026,STABLE,3,3,3,67.0,58.0,58.0,1.67,22.0,23.67,2.0,22.44,-0.23,77.8,MINOR CONCERN,LT Ronnie Stanley (UNAVAILABLE),-0.78,-0.24,-0.0,22.21,0.0,LOW,no material weather signal,66.5,3.4,3.1,44.0,Open-Meteo game-time forecast,22.21,0.0,,,22.21,0.0,0.0,,,,
1389740418316374016,10-Team Redraft — Big Tiger Takeover,3,False,4892,Baker Mayfield,QB,TB,GB,home,2026-10-04,13:00,39.5,outdoors,,,0.41,weekly projected points + current usage,20.6,126.33,D,Out,,OUT,2,,,,,,,,,,,,0.0,0.41,2026,STABLE,3,3,3,94.0,98.0,98.0,0.0,3.67,0.0,2.0,0.41,-0.0,100.0,HEALTHY,none,-0.0,-0.0,-0.0,0.41,0.0,LOW,no material weather signal,90.8,9.6,11.2,2.0,Open-Meteo game-time forecast,0.41,0.0,,,0.41,0.0,0.0,,,,
1389740418316374016,10-Team Redraft — Big Tiger Takeover,3,False,5012,Mark Andrews,TE,BAL,TEN,home,2026-10-04,13:00,43.5,outdoors,,,10.31,Sleeper raw-stat projection × league scoring + current usage + OL health,10.5,131.0,C+,Questionable,,QUESTIONABLE,1,,9.0,11.0,9.27,0.5,2.5,10,,,,,9.77,0.81,2026,STABLE,3,3,3,52.0,65.0,65.0,6.0,0.0,6.0,2.0,10.58,-0.27,77.8,MINOR CONCERN,LT Ronnie Stanley (UNAVAILABLE),-0.78,-0.24,-0.0,10.31,0.0,LOW,no material weather signal,66.5,3.4,3.1,44.0,Open-Meteo game-time forecast,10.31,0.0,,,10.31,0.0,0.0,,,,
1389740418316374016,10-Team Redraft — Big Tiger Takeover,3,False,6819,Michael Pittman,WR,PIT,CLE,away,2026-10-01,20:15,38.5,outdoors,,,9.68,Sleeper raw-stat projection × league scoring + current usage + OL health,53.06,104.5,D+,,,,2,,5.9,7.1,10.23,-1.2,0.0,10,,,,,9.03,0.79,2026,STABLE,3,2,2,73.0,80.5,80.5,4.0,0.0,4.0,3.0,9.82,-0.14,90.0,HEALTHY,LT Troy Fautanu (AT RISK),-0.35,-0.11,-0.0,9.68,0.0,LOW,no material weather signal,76.9,8.9,18.8,4.0,Open-Meteo game-time forecast,9.68,0.0,,,9.68,0.0,0.0,,,,
1389740418316374016,10-Team Redraft — Big Tiger Takeover,3,False,8146,Garrett Wilson,WR,NYJ,CHI,away,2026-10-04,13:00,43.5,outdoors,,,19.99,Sleeper raw-stat projection × league scoring + current usage + OL health,6.61,33.17,A+,,,,1,,16.2,15.7,17.97,0.5,0.0,10,,,,,18.47,1.62,2026,STABLE,3,3,3,94.0,85.7,85.7,9.0,0.0,9.0,4.0,20.09,-0.1,81.5,MINOR CONCERN,LG Dylan Parham (UNAVAILABLE),-0.25,-0.45,-0.0,19.99,0.0,LOW,no material weather signal,65.3,9.9,13.4,3.0,Open-Meteo game-time forecast,19.99,0.0,,,19.99,0.0,0.0,,,,
1389740418316374016,10-Team Redraft — Big Tiger Takeover,3,False,9509,Bijan Robinson,RB,ATL,NO,away,2026-10-05,20:15,48.5,dome,,,24.88,Sleeper raw-stat projection × league scoring + current usage + OL health + injury ripple,3.27,3.0,A+,,,,1,,20.8,20.3,23.37,0.5,0.0,10,,,,,23.87,1.22,2026,STABLE,3,3,3,72.0,66.7,66.7,5.33,22.0,27.33,3.0,25.09,-0.37,73.3,DEGRADED,LT Jake Matthews (AT RISK) | C Ryan Neuzil (AT RISK) | RG Chris Lindstrom (AT RISK),-0.58,-0.51,-0.0,24.72,0.0,INDOOR,indoor,,,,,indoor/no weather adjustment,24.72,0.16,Starting linebacker QUESTIONABLE/DNP: RB run/checkdown environment improves,MEDIUM,24.88,0.0,0.0,,,,
1389740418316374016,10-Team Redraft — Big Tiger Takeover,3,False,HOU,Houston Texans,DEF,HOU,DAL,home,2026-10-04,13:00,48.5,,,,6.42,Sleeper raw-stat projection × league scoring,,,,,,,,,5.0,,6.42,0.0,0.0,7,,,,,6.42,0.0,,,,,,,,,,,,,6.42,0.0,90.0,HEALTHY,RT Trent Brown (AT RISK),-0.35,-0.11,-0.0,6.42,0.0,LOW,no material weather signal,82.6,12.5,17.4,45.0,Open-Meteo game-time forecast,6.42,0.0,,,6.42,0.0,0.0,,,,
1389740418316374016,10-Team Redraft — Big Tiger Takeover,4,True,11533,Brandon Aubrey,K,DAL,HOU,away,2026-10-04,13:00,48.5,,,,9.37,Sleeper raw-stat projection × league scoring,2.14,187.0,A,,,,1,,9.6,9.1,8.87,0.5,0.0,6,,,,,9.37,0.0,,,,,,,,,,,,,9.37,0.0,100.0,HEALTHY,none,-0.0,-0.0,-0.0,9.37,0.0,LOW,no material weather signal,82.6,12.5,17.4,45.0,Open-Meteo game-time forecast,9.37,0.0,,,9.37,0.0,0.0,,,,
1389740418316374016,10-Team Redraft — Big Tiger Takeover,4,True,11625,Adonai Mitchell,WR,NYJ,CHI,away,2026-10-04,13:00,43.5,outdoors,,,9.71,Sleeper raw-stat projection × league scoring + current usage + OL health,,104.5,,Out,,OUT,2,,0.0,,9.02,0.0,0.0,10,,,,,9.02,0.79,2026,STABLE,2,2,2,82.0,75.5,75.5,7.5,0.0,7.5,3.0,9.81,-0.1,81.5,MINOR CONCERN,LG Dylan Parham (UNAVAILABLE),-0.25,-0.45,-0.0,9.71,0.0,LOW,no material weather signal,65.3,9.9,13.4,3.0,Open-Meteo game-time forecast,9.71,0.0,,,9.71,0.0,0.0,,,,
1389740418316374016,10-Team Redraft — Big Tiger Takeover,4,True,12512,Quinshon Judkins,RB,CLE,PIT,home,2026-10-01,20:15,38.5,outdoors,,,10.01,Sleeper raw-stat projection × league scoring + current usage + OL health,22.88,81.5,B-,,,,1,,12.5,12.5,9.33,0.0,0.0,10,,,,,9.33,1.22,2026,STABLE,3,3,3,51.0,61.0,61.0,3.0,14.0,17.0,3.0,10.55,-0.54,63.1,DEGRADED,C Elgton Jenkins (AT RISK) | RG Teven Jenkins (UNAVAILABLE) | RT Tytus Howard (AT RISK),-0.71,-0.76,-0.0,10.01,0.0,LOW,no material weather signal,76.9,8.9,18.8,4.0,Open-Meteo game-time forecast,10.01,0.0,,,10.01,0.0,0.0,,,,
1389740418316374016,10-Team Redraft — Big Tiger Takeover,4,True,12526,Tetairoa McMillan,WR,CAR,DET,home,2026-10-04,20:20,50.5,outdoors,,,17.2,Sleeper raw-stat projection × league scoring + current usage + OL health,15.27,38.17,A,,,,1,,15.4,14.3,14.52,1.1,0.0,10,,,,,15.62,1.62,2026,STABLE,3,3,3,95.0,85.7,85.7,7.67,0.0,7.67,4.0,17.24,-0.04,91.7,HEALTHY,LG Damien Lewis (AT RISK),-0.11,-0.2,-0.0,17.2,0.0,LOW,no material weather signal,63.9,4.6,8.1,62.0,Open-Meteo game-time forecast,17.2,0.0,,,17.2,0.0,0.0,,,,
1389740418316374016,10-Team Redraft — Big Tiger Takeover,4,True,12533,Jacory Croskey-Merritt,RB,WAS,IND,home,2026-10-04,09:30,47.5,outdoors,,,13.86,Sleeper raw-stat projection × league scoring + current usage,39.61,136.67,D+,,,,1,,8.7,8.2,12.55,0.5,0.0,10,,,,,13.05,0.81,2026,STABLE,3,3,3,57.0,47.7,47.7,1.0,15.67,16.67,2.0,13.86,-0.0,100.0,HEALTHY,none,-0.0,-0.0,-0.0,13.86,0.0,LOW,no material weather signal,62.9,3.4,5.8,44.0,Open-Meteo game-time forecast,13.86,0.0,,,13.86,0.0,0.0,,,,
1389740418316374016,10-Team Redraft — Big Tiger Takeover,4,True,13346,Denzel Boston,WR,CLE,PIT,home,2026-10-01,20:15,38.5,outdoors,,,13.6,Sleeper raw-stat projection × league scoring + current usage + OL health + injury ripple,34.61,83.33,C+,,,,1,,11.0,11.0,11.66,0.0,0.0,10,,,,,11.66,1.22,2026,STABLE,3,3,3,89.0,91.3,91.3,5.0,0.0,5.0,3.0,12.88,-0.28,63.1,DEGRADED,C Elgton Jenkins (AT RISK) | RG Teven Jenkins (UNAVAILABLE) | RT Tytus Howard (AT RISK),-0.71,-0.76,-0.0,12.6,0.0,LOW,no material weather signal,76.9,8.9,18.8,4.0,Open-Meteo game-time forecast,12.6,1.0,Opponent CB1 OUT/IR: projected WR1 coverage matchup improves (not confirmed shadow),MEDIUM,13.6,0.0,0.0,,,,
1389740418316374016,10-Team Redraft — Big Tiger Takeover,4,True,5001,Dalton Schultz,TE,HOU,DAL,home,2026-10-04,13:00,48.5,,,,13.99,Sleeper raw-stat projection × league scoring + current usage + OL health + injury ripple,5.65,128.67,B+,,,,1,,12.7,12.2,11.39,0.5,0.0,6,,,,,11.89,1.22,2026,STABLE,3,3,3,54.0,62.7,62.7,8.33,0.0,8.33,3.0,13.11,-0.12,90.0,HEALTHY,RT Trent Brown (AT RISK),-0.35,-0.11,-0.0,12.99,0.0,LOW,no material weather signal,82.6,12.5,17.4,45.0,Open-Meteo game-time forecast,12.99,1.0,Starting safety OUT/IR: TE middle/deep matchup improves | WR1 OUT/IR: TE target share can rise,MEDIUM,13.99,0.0,0.0,,,,
1389740418316374016,10-Team Redraft — Big Tiger Takeover,4,True,6797,Justin Herbert,QB,LAC,SEA,away,2026-10-04,16:25,42.5,outdoors,,,18.44,Sleeper raw-stat projection × league scoring + current usage,13.95,89.67,C+,,,,1,,17.5,17.0,17.53,0.5,0.0,10,,,,,18.03,0.41,2026,STABLE,3,3,3,100.0,100.0,100.0,0.0,4.0,0.0,2.0,18.44,-0.0,100.0,HEALTHY,none,-0.0,-0.0,-0.0,18.44,0.0,LOW,no material weather signal,69.8,6.8,6.3,0.0,Open-Meteo game-time forecast,18.44,0.0,,,18.44,0.0,0.0,,,,
1389740418316374016,10-Team Redraft — Big Tiger Takeover,4,True,7543,Travis Etienne,RB,NO,ATL,home,2026-10-05,20:15,48.5,dome,,,0.41,weekly projected points + current usage,26.39,64.0,C+,Out,,OUT,3,,,,,,,,,,,,0.0,0.41,2026,STABLE,3,3,3,38.0,50.3,50.3,4.33,10.0,14.33,1.0,0.41,-0.0,100.0,HEALTHY,none,-0.0,-0.0,-0.0,0.41,0.0,INDOOR,indoor,,,,,indoor/no weather adjustment,0.41,0.0,,,0.41,0.0,0.0,,,,
1389740418316374016,10-Team Redraft — Big Tiger Takeover,4,True,7564,Ja'Marr Chase,WR,CIN,JAX,home,2026-10-04,13:00,51.5,outdoors,,,22.08,Sleeper raw-stat projection × league scoring + current usage,3.2,3.5,A+,,,,1,,20.5,19.4,19.36,1.1,0.0,10,,,,,20.46,1.62,2026,STABLE,3,3,3,100.0,94.0,94.0,8.33,0.0,8.33,4.0,22.08,-0.0,100.0,HEALTHY,none,-0.0,-0.0,-0.0,22.08,0.0,LOW,no material weather signal,71.3,4.7,6.0,21.0,Open-Meteo game-time forecast,22.08,0.0,,,22.08,0.0,0.0,,,,
1389740418316374016,10-Team Redraft — Big Tiger Takeover,4,True,7588,Javonte Williams,RB,DAL,HOU,away,2026-10-04,13:00,48.5,,,,17.57,Sleeper raw-stat projection × league scoring + current usage,14.68,29.67,B,,,,1,,15.5,15.0,15.85,0.5,0.0,10,,,,,16.35,1.22,2026,STABLE,3,3,3,76.0,75.7,75.7,4.0,14.33,18.33,3.0,17.57,-0.0,100.0,HEALTHY,none,-0.0,-0.0,-0.0,17.57,0.0,LOW,no material weather signal,82.6,12.5,17.4,45.0,Open-Meteo game-time forecast,17.57,0.0,,,17.57,0.0,0.0,,,,
1389740418316374016,10-Team Redraft — Big Tiger Takeover,4,True,8142,Alec Pierce,WR,IND,WAS,away,2026-10-04,09:30,47.5,outdoors,,,0.0,season-long ECR proxy,,108.83,,IR,,IR/PUP,9,,,,,,,,,,,,0.0,0.0,2026,STABLE,2,2,2,26.0,42.5,42.5,3.5,0.0,3.5,0.0,0.0,-0.0,100.0,HEALTHY,none,-0.0,-0.0,-0.0,0.0,0.0,LOW,no material weather signal,62.9,3.4,5.8,44.0,Open-Meteo game-time forecast,0.0,0.0,,,0.0,0.0,0.0,,,,
1389740418316374016,10-Team Redraft — Big Tiger Takeover,4,True,8151,Kenneth Walker,RB,KC,LV,away,2026-10-04,16:25,47.5,dome,,,22.52,Sleeper raw-stat projection × league scoring + current usage + OL health,2.27,7.5,A+,,,,1,,21.6,21.1,21.03,0.5,0.0,10,,,,,21.53,1.22,2026,STABLE,3,3,3,73.0,74.3,74.3,6.0,21.67,27.67,3.0,22.75,-0.23,77.8,MINOR CONCERN,LT Josh Simmons (UNAVAILABLE),-0.78,-0.24,-0.0,22.52,0.0,INDOOR,indoor,,,,,indoor/no weather adjustment,22.52,0.0,,,22.52,0.0,0.0,,,,
1389740418316374016,10-Team Redraft — Big Tiger Takeover,4,True,9225,Tank Bigsby,RB,PHI,LAR,home,2026-10-04,13:00,43.5,outdoors,,,1.99,Sleeper raw-stat projection × league scoring + current usage,55.35,200.0,F,,,,2,,4.3,5.0,3.5,-0.7,0.0,10,,,,,2.8,-0.81,2026,STABLE,3,3,3,4.0,16.3,16.3,1.0,4.67,5.67,-2.0,1.99,-0.0,100.0,HEALTHY,none,-0.0,-0.0,-0.0,1.99,0.0,LOW,no material weather signal,69.2,4.1,3.6,38.0,Open-Meteo game-time forecast,1.99,0.0,,,1.99,0.0,0.0,,,,
1389740418316374016,10-Team Redraft — Big Tiger Takeover,4,True,9228,Bryce Young,QB,CAR,DET,home,2026-10-04,20:20,50.5,outdoors,,,24.05,Sleeper raw-stat projection × league scoring + current usage + OL health,14.62,115.0,C,,,,1,,17.9,16.8,22.62,1.1,0.0,10,,,,,23.72,0.41,2026,STABLE,3,3,3,100.0,94.7,94.7,0.0,1.0,0.0,2.0,24.13,-0.08,91.7,HEALTHY,LG Damien Lewis (AT RISK),-0.11,-0.2,-0.0,24.05,0.0,LOW,no material weather signal,63.9,4.6,8.1,62.0,Open-Meteo game-time forecast,24.05,0.0,,,24.05,0.0,0.0,,,,
1389740418316374016,10-Team Redraft — Big Tiger Takeover,4,True,PHI,Philadelphia Eagles,DEF,PHI,LAR,home,2026-10-04,13:00,43.5,outdoors,,,6.18,Sleeper raw-stat projection × league scoring,,,,,,,,,5.0,,6.18,0.0,0.0,7,,,,,6.18,0.0,,,,,,,,,,,,,6.18,0.0,100.0,HEALTHY,none,-0.0,-0.0,-0.0,6.18,0.0,LOW,no material weather signal,69.2,4.1,3.6,38.0,Open-Meteo game-time forecast,6.18,0.0,,,6.18,0.0,0.0,,,,
1389740418316374016,10-Team Redraft — Big Tiger Takeover,5,False,10213,Tre Tucker,WR,LV,KC,home,2026-10-04,16:25,47.5,dome,,,10.43,Sleeper raw-stat projection × league scoring + current usage + OL health,43.76,135.33,C,,,,1,,10.4,9.9,9.16,0.5,0.0,10,,,,,9.66,0.81,2026,STABLE,3,3,3,57.0,62.3,62.3,5.0,0.0,5.0,2.0,10.47,-0.04,91.7,HEALTHY,RG Jackson Powers-Johnson (AT RISK),-0.11,-0.2,-0.0,10.43,0.0,INDOOR,indoor,,,,,indoor/no weather adjustment,10.43,0.0,,,10.43,0.0,0.0,,,,
1389740418316374016,10-Team Redraft — Big Tiger Takeover,5,False,10229,Rashee Rice,WR,KC,LV,away,2026-10-04,16:25,47.5,dome,,,16.41,Sleeper raw-stat projection × league scoring + current usage + OL health + injury ripple,19.24,43.67,A-,,,,1,,13.7,13.2,15.01,0.5,0.0,10,,,,,15.51,0.81,2026,STABLE,3,3,3,77.0,79.7,79.7,5.67,0.0,5.67,2.0,16.32,-0.31,77.8,MINOR CONCERN,LT Josh Simmons (UNAVAILABLE),-0.78,-0.24,-0.0,16.01,0.0,INDOOR,indoor,,,,,indoor/no weather adjustment,16.01,0.4,Starting safety OUT/IR: downfield coverage improves,MEDIUM,16.41,0.0,0.0,,,,
1389740418316374016,10-Team Redraft — Big Tiger Takeover,5,False,11786,Cam Little,K,JAX,CIN,away,2026-10-04,13:00,51.5,outdoors,,,9.24,Sleeper raw-stat projection × league scoring,8.56,196.5,C+,,,,1,,9.0,7.9,8.14,1.1,0.0,6,,,,,9.24,0.0,,,,,,,,,,,,,9.24,0.0,90.0,HEALTHY,LT Anton Harrison (AT RISK),-0.35,-0.11,-0.0,9.24,0.0,LOW,no material weather signal,71.3,4.7,6.0,21.0,Open-Meteo game-time forecast,9.24,0.0,,,9.24,0.0,0.0,,,,
1389740418316374016,10-Team Redraft — Big Tiger Takeover,5,False,12481,Cam Skattebo,RB,NYG,ARI,home,2026-10-04,13:00,44.5,outdoors,,,18.0,Sleeper raw-stat projection × league scoring + current usage + OL health,19.63,55.0,B,,,,1,,13.3,12.8,16.34,0.5,0.0,10,,,,,16.84,1.22,2026,STABLE,3,3,3,77.0,65.7,65.7,2.67,16.67,19.33,3.0,18.06,-0.06,94.4,HEALTHY,LT Andrew Thomas (LIMITED),-0.2,-0.06,-0.0,18.0,0.0,LOW,no material weather signal,69.6,4.8,5.6,34.0,Open-Meteo game-time forecast,18.0,0.0,,,18.0,0.0,0.0,,,,
1389740418316374016,10-Team Redraft — Big Tiger Takeover,5,False,12508,Jaxson Dart,QB,NYG,ARI,home,2026-10-04,13:00,44.5,outdoors,,,0.0,season-long ECR proxy + OL health,,,,IR,,IR/PUP,3,,,,,,,,,,,,0.0,0.0,2026,STABLE,2,2,2,12.0,56.0,56.0,0.0,5.5,0.0,0.0,0.0,-0.15,94.4,HEALTHY,LT Andrew Thomas (LIMITED),-0.2,-0.06,-0.0,0.0,0.0,LOW,no material weather signal,69.6,4.8,5.6,34.0,Open-Meteo game-time forecast,0.0,0.0,,,0.0,0.0,0.0,,,,
1389740418316374016,10-Team Redraft — Big Tiger Takeover,5,False,12545,Tyler Shough,QB,NO,ATL,home,2026-10-05,20:15,48.5,dome,,,23.96,Sleeper raw-stat projection × league scoring + current usage,9.55,104.83,B,,,,1,,18.4,17.9,23.05,0.5,0.0,10,,,,,23.55,0.41,2026,STABLE,3,3,3,100.0,100.0,100.0,0.0,4.67,0.0,2.0,23.96,-0.0,100.0,HEALTHY,none,-0.0,-0.0,-0.0,23.96,0.0,INDOOR,indoor,,,,,indoor/no weather adjustment,23.96,0.0,,,23.96,0.0,0.0,,,,
1389740418316374016,10-Team Redraft — Big Tiger Takeover,5,False,2449,Stefon Diggs,WR,WAS,IND,home,2026-10-04,09:30,47.5,outdoors,,,11.44,Sleeper raw-stat projection × league scoring + current usage + injury ripple,37.83,66.67,C,,,,2,,10.2,10.9,11.78,-0.7,0.0,8,,,,,11.08,0.81,2026,STABLE,3,3,3,59.0,57.7,57.7,7.33,0.0,7.33,2.0,11.89,-0.0,100.0,HEALTHY,none,-0.0,-0.0,-0.0,11.89,0.0,LOW,no material weather signal,62.9,3.4,5.8,44.0,Open-Meteo game-time forecast,11.89,-0.45,QB1 OUT/IR: pass-catcher efficiency risk with backup QB,MEDIUM,11.44,0.0,0.0,,,,
1389740418316374016,10-Team Redraft — Big Tiger Takeover,5,False,2505,Darren Waller,TE,CAR,DET,home,2026-10-04,20:20,50.5,outdoors,,,11.34,Sleeper raw-stat projection × league scoring + current usage + OL health,24.98,173.5,F,,,,1,,9.0,7.9,9.88,1.1,0.0,6,,,,,10.98,0.41,2026,STABLE,3,3,3,51.0,43.3,43.3,4.33,0.0,4.33,1.0,11.39,-0.05,91.7,HEALTHY,LG Damien Lewis (AT RISK),-0.11,-0.2,-0.0,11.34,0.0,LOW,no material weather signal,63.9,4.6,8.1,62.0,Open-Meteo game-time forecast,11.34,0.0,,,11.34,0.0,0.0,,,,
1389740418316374016,10-Team Redraft — Big Tiger Takeover,5,False,6904,Jalen Hurts,QB,PHI,LAR,home,2026-10-04,13:00,43.5,outdoors,,,20.8,Sleeper raw-stat projection × league scoring + current usage,4.93,34.33,A,,,,1,,20.6,20.1,19.89,0.5,0.0,10,,,,,20.39,0.41,2026,STABLE,3,3,3,92.0,97.3,97.3,0.0,5.33,0.0,2.0,20.8,-0.0,100.0,HEALTHY,none,-0.0,-0.0,-0.0,20.8,0.0,LOW,no material weather signal,69.2,4.1,3.6,38.0,Open-Meteo game-time forecast,20.8,0.0,,,20.8,0.0,0.0,,,,
1389740418316374016,10-Team Redraft — Big Tiger Takeover,5,False,7021,Rico Dowdle,RB,PIT,CLE,away,2026-10-01,20:15,38.5,outdoors,,,0.16,season-long ECR proxy + current usage + OL health,,119.33,,Out,,OUT,2,,,,,,,,,,,,0.0,0.26,2026,STABLE,2,2,2,26.0,42.0,42.0,3.5,7.5,11.0,1.0,0.26,-0.1,90.0,HEALTHY,LT Troy Fautanu (AT RISK),-0.35,-0.11,-0.0,0.16,0.0,LOW,no material weather signal,76.9,8.9,18.8,4.0,Open-Meteo game-time forecast,0.16,0.0,,,0.16,0.0,0.0,,,,
1389740418316374016,10-Team Redraft — Big Tiger Takeover,5,False,7526,Jaylen Waddle,WR,DEN,SF,away,2026-10-04,16:25,47.5,outdoors,,,15.17,Sleeper raw-stat projection × league scoring + current usage + injury ripple,15.46,29.17,A,Questionable,,QUESTIONABLE,1,,12.1,14.1,13.41,0.5,2.5,10,,,,,13.91,0.81,2026,STABLE,3,3,3,73.0,69.7,69.7,6.67,0.33,6.67,2.0,14.72,-0.0,100.0,HEALTHY,none,-0.0,-0.0,-0.0,14.72,0.0,LOW,no material weather signal,,,,,schedule fallback,14.72,0.45,Opponent CB1 QUESTIONABLE/DNP: projected WR1 coverage matchup improves (not confirmed shadow),MEDIUM,15.17,0.0,0.0,,,,
1389740418316374016,10-Team Redraft — Big Tiger Takeover,5,False,8112,Drake London,WR,ATL,NO,away,2026-10-05,20:15,48.5,dome,,,18.77,Sleeper raw-stat projection × league scoring + current usage + OL health,11.24,26.67,A,,,,1,,15.6,15.1,17.28,0.5,0.0,10,,,,,17.78,1.22,2026,STABLE,3,3,3,93.0,84.3,84.3,6.33,0.67,6.33,3.0,19.0,-0.23,73.3,DEGRADED,LT Jake Matthews (AT RISK) | C Ryan Neuzil (AT RISK) | RG Chris Lindstrom (AT RISK),-0.58,-0.51,-0.0,18.77,0.0,INDOOR,indoor,,,,,indoor/no weather adjustment,18.77,0.0,,,18.77,0.0,0.0,,,,
1389740418316374016,10-Team Redraft — Big Tiger Takeover,5,False,8167,Christian Watson,WR,GB,TB,away,2026-10-04,13:00,39.5,outdoors,,,18.04,Sleeper raw-stat projection × league scoring + current usage + OL health,10.56,36.83,A,,,,1,,15.8,15.3,16.06,0.5,0.0,10,,,,,16.56,1.62,2026,STABLE,3,3,3,80.0,82.0,82.0,9.67,0.0,9.67,4.0,18.18,-0.14,73.1,DEGRADED,LG Aaron Banks (UNAVAILABLE) | RG Jacob Monk (AT RISK),-0.36,-0.65,-0.0,18.04,0.0,LOW,no material weather signal,90.8,9.6,11.2,2.0,Open-Meteo game-time forecast,18.04,0.0,,,18.04,0.0,0.0,,,,
1389740418316374016,10-Team Redraft — Big Tiger Takeover,5,False,9226,De'Von Achane,RB,MIA,MIN,away,2026-10-04,16:05,38.5,dome,,,1.26,weekly projected points + current usage + injury ripple,11.73,24.83,A-,IR,,IR/PUP,4,,,,,,,,,,,,0.0,0.81,2026,STABLE,3,3,3,5.0,55.7,55.7,4.0,11.33,15.33,2.0,0.81,-0.0,100.0,HEALTHY,none,-0.0,-0.0,-0.0,0.81,0.0,INDOOR,indoor,,,,,indoor/no weather adjustment,0.81,0.45,RB1 OUT/IR: secondary backfield opportunity,MEDIUM,1.26,0.0,0.0,,,,
1389740418316374016,10-Team Redraft — Big Tiger Takeover,5,False,DEN,Denver Broncos,DEF,DEN,SF,away,2026-10-04,16:25,47.5,outdoors,,,6.17,Sleeper raw-stat projection × league scoring,,,,,,,,,5.0,,6.17,0.0,0.0,6,,,,,6.17,0.0,,,,,,,,,,,,,6.17,0.0,100.0,HEALTHY,none,-0.0,-0.0,-0.0,6.17,0.0,LOW,no material weather signal,,,,,schedule fallback,6.17,0.0,,,6.17,0.0,0.0,,,,
1389740418316374016,10-Team Redraft — Big Tiger Takeover,6,False,11564,Drake Maye,QB,NE,BUF,away,2026-10-04,13:00,48.5,outdoors,,,22.59,Sleeper raw-stat projection × league scoring + current usage + OL health + injury ripple,11.9,51.17,B-,,,,1,,17.8,17.3,21.57,0.5,0.0,10,,,,,22.07,0.41,2026,STABLE,3,3,3,81.0,93.7,93.7,0.0,5.0,0.0,2.0,22.48,-0.34,75.9,MINOR CONCERN,RG Greg Van Roten (UNAVAILABLE) | RT Morgan Moses (LIMITED),-0.45,-0.51,-0.0,22.14,0.0,LOW,no material weather signal,65.5,10.0,12.3,7.0,Open-Meteo game-time forecast,22.14,0.45,Top edge rusher OUT/IR: QB pressure environment improves,MEDIUM,22.59,0.0,0.0,,,,
1389740418316374016,10-Team Redraft — Big Tiger Takeover,6,False,11646,Jalen Coker,WR,CAR,DET,home,2026-10-04,20:20,50.5,outdoors,,,3.96,Sleeper raw-stat projection × league scoring + current usage + OL health,20.22,62.67,A-,Out,,OUT,2,,0.0,12.8,15.58,-12.8,0.0,10,,,,,2.78,1.22,2026,STABLE,3,3,3,36.0,65.3,65.3,7.33,0.0,7.33,3.0,4.0,-0.04,91.7,HEALTHY,LG Damien Lewis (AT RISK),-0.11,-0.2,-0.0,3.96,0.0,LOW,no material weather signal,63.9,4.6,8.1,62.0,Open-Meteo game-time forecast,3.96,0.0,,,3.96,0.0,0.0,,,,
1389740418316374016,10-Team Redraft — Big Tiger Takeover,6,False,12506,Harold Fannin,TE,CLE,PIT,home,2026-10-01,20:15,38.5,outdoors,,,14.05,Sleeper raw-stat projection × league scoring + current usage + OL health,14.5,101.67,C-,,,,1,,10.2,10.2,13.12,0.0,0.0,10,,,,,13.12,1.22,2026,STABLE,3,3,3,86.0,84.7,84.7,6.0,0.0,6.0,3.0,14.34,-0.29,63.1,DEGRADED,C Elgton Jenkins (AT RISK) | RG Teven Jenkins (UNAVAILABLE) | RT Tytus Howard (AT RISK),-0.71,-0.76,-0.0,14.05,0.0,LOW,no material weather signal,76.9,8.9,18.8,4.0,Open-Meteo game-time forecast,14.05,0.0,,,14.05,0.0,0.0,,,,
1389740418316374016,10-Team Redraft — Big Tiger Takeover,6,False,13294,Makai Lemon,WR,PHI,LAR,home,2026-10-04,13:00,43.5,outdoors,,,6.01,Sleeper raw-stat projection × league scoring + current usage,62.1,93.67,D-,,,,3,,6.7,8.2,7.1,-1.5,0.0,10,,,,,5.6,0.41,2026,STABLE,3,3,3,70.0,65.7,65.7,3.0,0.33,3.0,1.0,6.01,-0.0,100.0,HEALTHY,none,-0.0,-0.0,-0.0,6.01,0.0,LOW,no material weather signal,69.2,4.1,3.6,38.0,Open-Meteo game-time forecast,6.01,0.0,,,6.01,0.0,0.0,,,,
1389740418316374016,10-Team Redraft — Big Tiger Takeover,6,False,1945,Chris Boswell,K,PIT,CLE,away,2026-10-01,20:15,38.5,outdoors,,,7.63,Sleeper raw-stat projection × league scoring,18.0,269.33,C-,,,,1,,7.1,7.1,7.63,0.0,0.0,6,,,,,7.63,0.0,,,,,,,,,,,,,7.63,0.0,90.0,HEALTHY,LT Troy Fautanu (AT RISK),-0.35,-0.11,-0.0,7.63,0.0,LOW,no material weather signal,76.9,8.9,18.8,4.0,Open-Meteo game-time forecast,7.63,0.0,,,7.63,0.0,0.0,,,,
1389740418316374016,10-Team Redraft — Big Tiger Takeover,6,False,3214,Hunter Henry,TE,NE,BUF,away,2026-10-04,13:00,48.5,outdoors,,,11.08,Sleeper raw-stat projection × league scoring + current usage + OL health,17.8,138.67,D,,,,1,,9.8,9.3,10.35,0.5,0.0,6,,,,,10.85,0.41,2026,STABLE,3,3,3,70.0,79.0,79.0,3.33,0.0,3.33,1.0,11.26,-0.18,75.9,MINOR CONCERN,RG Greg Van Roten (UNAVAILABLE) | RT Morgan Moses (LIMITED),-0.45,-0.51,-0.0,11.08,0.0,LOW,no material weather signal,65.5,10.0,12.3,7.0,Open-Meteo game-time forecast,11.08,0.0,,,11.08,0.0,0.0,,,,
1389740418316374016,10-Team Redraft — Big Tiger Takeover,6,False,4034,Christian McCaffrey,RB,SF,DEN,home,2026-10-04,16:25,47.5,outdoors,,,21.32,Sleeper raw-stat projection × league scoring + current usage + OL health,3.71,9.33,A,,,,1,,19.9,19.4,19.7,0.5,0.0,10,,,,,20.2,1.22,2026,STABLE,3,3,3,83.0,63.3,63.3,5.67,11.67,17.33,3.0,21.42,-0.1,90.0,HEALTHY,LT Trent Williams (AT RISK),-0.35,-0.11,-0.0,21.32,0.0,LOW,no material weather signal,,,,,schedule fallback,21.32,0.0,,,21.32,0.0,0.0,,,,
1389740418316374016,10-Team Redraft — Big Tiger Takeover,6,False,5859,A.J. Brown,WR,NE,BUF,away,2026-10-04,13:00,48.5,outdoors,,,0.0,season-long ECR proxy + current usage + OL health,,54.0,,IR,,IR/PUP,6,,,,,,,,,,,,0.0,0.16,2026,STABLE,1,1,1,44.0,44.0,44.0,4.0,0.0,4.0,1.0,0.16,-0.18,75.9,MINOR CONCERN,RG Greg Van Roten (UNAVAILABLE) | RT Morgan Moses (LIMITED),-0.45,-0.51,-0.0,0.0,0.0,LOW,no material weather signal,65.5,10.0,12.3,7.0,Open-Meteo game-time forecast,0.0,0.0,,,0.0,0.0,0.0,,,,
1389740418316374016,10-Team Redraft — Big Tiger Takeover,6,False,6790,D'Andre Swift,RB,CHI,NYJ,home,2026-10-04,13:00,43.5,outdoors,,,18.93,Sleeper raw-stat projection × league scoring + current usage + OL health,19.59,33.83,B,,,,1,,14.4,13.9,17.31,0.5,0.0,10,,,,,17.81,1.22,2026,STABLE,3,3,3,69.0,64.7,64.7,3.0,18.0,21.0,3.0,19.03,-0.1,90.0,HEALTHY,LT Braxton Jones (AT RISK),-0.35,-0.11,-0.0,18.93,0.0,LOW,no material weather signal,65.3,9.9,13.4,3.0,Open-Meteo game-time forecast,18.93,0.0,,,18.93,0.0,0.0,,,,
1389740418316374016,10-Team Redraft — Big Tiger Takeover,6,False,7523,Trevor Lawrence,QB,JAX,CIN,away,2026-10-04,13:00,51.5,outdoors,,,25.4,Sleeper raw-stat projection × league scoring + current usage + OL health,8.86,51.5,B,,,,1,,19.4,18.3,24.15,1.1,0.0,10,,,,,25.25,0.41,2026,STABLE,3,3,3,95.0,94.3,94.3,0.0,2.67,0.0,2.0,25.66,-0.26,90.0,HEALTHY,LT Anton Harrison (AT RISK),-0.35,-0.11,-0.0,25.4,0.0,LOW,no material weather signal,71.3,4.7,6.0,21.0,Open-Meteo game-time forecast,25.4,0.0,,,25.4,0.0,0.0,,,,
1389740418316374016,10-Team Redraft — Big Tiger Takeover,6,False,7569,Nico Collins,WR,HOU,DAL,home,2026-10-04,13:00,48.5,,,,21.38,Sleeper raw-stat projection × league scoring + current usage + OL health + injury ripple,,22.0,,Out,,OUT,1,,0.0,,19.63,0.0,0.0,10,,,,,19.63,0.49,2026,STABLE,1,1,1,72.0,72.0,72.0,10.0,1.0,10.0,3.0,20.12,-0.14,90.0,HEALTHY,RT Trent Brown (AT RISK),-0.35,-0.11,-0.0,19.98,0.0,LOW,no material weather signal,82.6,12.5,17.4,45.0,Open-Meteo game-time forecast,19.98,1.4,Opponent CB1 OUT/IR: projected WR1 coverage matchup improves (not confirmed shadow) | Starting safety OUT/IR: downfield coverage improves,MEDIUM,21.38,0.0,0.0,,,,
1389740418316374016,10-Team Redraft — Big Tiger Takeover,6,False,7611,Rhamondre Stevenson,RB,NE,BUF,away,2026-10-04,13:00,48.5,outdoors,,,12.58,Sleeper raw-stat projection × league scoring + current usage + OL health,28.63,80.83,C,,,,2,,9.6,10.3,13.23,-0.7,0.0,10,,,,,12.53,0.41,2026,STABLE,3,3,3,52.0,57.7,57.7,3.67,10.33,14.0,1.0,12.94,-0.36,75.9,MINOR CONCERN,RG Greg Van Roten (UNAVAILABLE) | RT Morgan Moses (LIMITED),-0.45,-0.51,-0.0,12.58,0.0,LOW,no material weather signal,65.5,10.0,12.3,7.0,Open-Meteo game-time forecast,12.58,0.0,,,12.58,0.0,0.0,,,,
1389740418316374016,10-Team Redraft — Big Tiger Takeover,6,False,9487,Parker Washington,WR,JAX,CIN,away,2026-10-04,13:00,51.5,outdoors,,,20.15,Sleeper raw-stat projection × league scoring + current usage + OL health + injury ripple,11.37,29.67,A,,,,1,,15.9,14.8,17.79,1.1,0.0,10,,,,,18.89,1.22,2026,STABLE,3,3,3,81.0,74.3,74.3,7.67,0.0,7.67,3.0,20.11,-0.14,90.0,HEALTHY,LT Anton Harrison (AT RISK),-0.35,-0.11,-0.0,19.97,0.0,LOW,no material weather signal,71.3,4.7,6.0,21.0,Open-Meteo game-time forecast,19.97,0.18,Starting safety QUESTIONABLE/DNP: downfield coverage improves,MEDIUM,20.15,0.0,0.0,,,,
1389740418316374016,10-Team Redraft — Big Tiger Takeover,6,False,9500,Josh Downs,WR,IND,WAS,away,2026-10-04,09:30,47.5,outdoors,,,15.11,Sleeper raw-stat projection × league scoring + current usage,23.24,64.33,B+,,,,1,,12.7,12.2,13.39,0.5,0.0,10,,,,,13.89,1.22,2026,STABLE,3,3,3,68.0,80.0,80.0,8.0,0.0,8.0,3.0,15.11,-0.0,100.0,HEALTHY,none,-0.0,-0.0,-0.0,15.11,0.0,LOW,no material weather signal,62.9,3.4,5.8,44.0,Open-Meteo game-time forecast,15.11,0.0,,,15.11,0.0,0.0,,,,
1389740418316374016,10-Team Redraft — Big Tiger Takeover,6,False,SEA,Seattle Seahawks,DEF,SEA,LAC,home,2026-10-04,16:25,42.5,outdoors,,,8.47,Sleeper raw-stat projection × league scoring,,,,,,,,,5.0,,8.47,0.0,0.0,8,,,,,8.47,0.0,,,,,,,,,,,,,8.47,0.0,100.0,HEALTHY,none,-0.0,-0.0,-0.0,8.47,0.0,LOW,no material weather signal,69.8,6.8,6.3,0.0,Open-Meteo game-time forecast,8.47,0.0,,,8.47,0.0,0.0,,,,
1389740418316374016,10-Team Redraft — Big Tiger Takeover,7,False,11604,Brock Bowers,TE,LV,KC,home,2026-10-04,16:25,47.5,dome,,,17.54,Sleeper raw-stat projection × league scoring + current usage + OL health,4.03,36.5,A,,,,1,,14.1,13.6,16.6,0.5,0.0,10,,,,,17.1,0.49,2026,STABLE,3,1,1,79.0,79.0,79.0,13.0,0.0,13.0,3.0,17.59,-0.05,91.7,HEALTHY,RG Jackson Powers-Johnson (AT RISK),-0.11,-0.2,-0.0,17.54,0.0,INDOOR,indoor,,,,,indoor/no weather adjustment,17.54,0.0,,,17.54,0.0,0.0,,,,
1389740418316374016,10-Team Redraft — Big Tiger Takeover,7,False,11624,Xavier Worthy,WR,KC,LV,away,2026-10-04,16:25,47.5,dome,,,10.58,Sleeper raw-stat projection × league scoring + current usage + OL health,36.66,106.33,C,,,,2,,10.3,11.0,10.37,-0.7,0.0,10,,,,,9.67,1.22,2026,STABLE,3,3,3,83.0,82.0,82.0,5.0,0.0,5.0,3.0,10.89,-0.31,77.8,MINOR CONCERN,LT Josh Simmons (UNAVAILABLE),-0.78,-0.24,-0.0,10.58,0.0,INDOOR,indoor,,,,,indoor/no weather adjustment,10.58,0.0,,,10.58,0.0,0.0,,,,
1389740418316374016,10-Team Redraft — Big Tiger Takeover,7,False,2133,Davante Adams,WR,LAR,PHI,away,2026-10-04,13:00,43.5,outdoors,,,18.46,Sleeper raw-stat projection × league scoring + current usage + injury ripple,9.63,49.5,A,,,,2,,14.8,15.5,16.84,-0.7,0.0,6,,,,,16.14,1.22,2026,STABLE,3,3,3,83.0,67.3,67.3,9.67,0.0,9.67,3.0,17.36,-0.0,100.0,HEALTHY,none,-0.0,-0.0,-0.0,17.36,0.0,LOW,no material weather signal,69.2,4.1,3.6,38.0,Open-Meteo game-time forecast,17.36,1.1,WR1 OUT/IR: target concentration rises for next WR,HIGH,18.46,0.0,0.0,,,,
1389740418316374016,10-Team Redraft — Big Tiger Takeover,7,False,2747,Jason Myers,K,SEA,LAC,home,2026-10-04,16:25,42.5,outdoors,,,8.95,Sleeper raw-stat projection × league scoring,8.39,200.5,C+,,,,1,,8.9,8.4,8.45,0.5,0.0,6,,,,,8.95,0.0,,,,,,,,,,,,,8.95,0.0,100.0,HEALTHY,none,-0.0,-0.0,-0.0,8.95,0.0,LOW,no material weather signal,69.8,6.8,6.3,0.0,Open-Meteo game-time forecast,8.95,0.0,,,8.95,0.0,0.0,,,,
1389740418316374016,10-Team Redraft — Big Tiger Takeover,7,False,3294,Dak Prescott,QB,DAL,HOU,away,2026-10-04,13:00,48.5,,,,23.42,Sleeper raw-stat projection × league scoring + current usage,5.81,71.33,A,,,,1,,19.8,19.3,22.51,0.5,0.0,10,,,,,23.01,0.41,2026,STABLE,3,3,3,100.0,100.0,100.0,0.0,3.33,0.0,2.0,23.42,-0.0,100.0,HEALTHY,none,-0.0,-0.0,-0.0,23.42,0.0,LOW,no material weather signal,82.6,12.5,17.4,45.0,Open-Meteo game-time forecast,23.42,0.0,,,23.42,0.0,0.0,,,,
1389740418316374016,10-Team Redraft — Big Tiger Takeover,7,False,4046,Patrick Mahomes,QB,KC,LV,away,2026-10-04,16:25,47.5,dome,,,26.49,Sleeper raw-stat projection × league scoring + current usage + OL health,4.21,79.0,A,,,,1,,21.5,21.0,26.16,0.5,0.0,10,,,,,26.66,0.41,2026,STABLE,3,3,3,100.0,100.0,100.0,0.0,3.33,0.0,2.0,27.07,-0.58,77.8,MINOR CONCERN,LT Josh Simmons (UNAVAILABLE),-0.78,-0.24,-0.0,26.49,0.0,INDOOR,indoor,,,,,indoor/no weather adjustment,26.49,0.0,,,26.49,0.0,0.0,,,,
1389740418316374016,10-Team Redraft — Big Tiger Takeover,7,False,4866,Saquon Barkley,RB,PHI,LAR,home,2026-10-04,13:00,43.5,outdoors,,,16.3,Sleeper raw-stat projection × league scoring + current usage,10.73,19.83,A-,,,,1,,16.6,16.1,15.39,0.5,0.0,10,,,,,15.89,0.41,2026,STABLE,3,3,3,72.0,53.0,53.0,2.0,11.33,13.33,1.0,16.3,-0.0,100.0,HEALTHY,none,-0.0,-0.0,-0.0,16.3,0.0,LOW,no material weather signal,69.2,4.1,3.6,38.0,Open-Meteo game-time forecast,16.3,0.0,,,16.3,0.0,0.0,,,,
1389740418316374016,10-Team Redraft — Big Tiger Takeover,7,False,5850,Josh Jacobs,RB,GB,TB,away,2026-10-04,13:00,39.5,outdoors,,,13.74,season-long ECR proxy + OL health,,145.0,,NA,,,4,,,,,,,,,,,,14.18,0.0,,,,,,,,,,,,,14.18,-0.44,73.1,DEGRADED,LG Aaron Banks (UNAVAILABLE) | RG Jacob Monk (AT RISK),-0.36,-0.65,-0.0,13.74,0.0,LOW,no material weather signal,90.8,9.6,11.2,2.0,Open-Meteo game-time forecast,13.74,0.0,,,13.74,0.0,0.0,,,,
1389740418316374016,10-Team Redraft — Big Tiger Takeover,7,False,5967,Tony Pollard,RB,TEN,BAL,away,2026-10-04,13:00,43.5,outdoors,,,11.23,Sleeper raw-stat projection × league scoring + current usage + OL health,28.17,142.5,C,,,,1,,12.0,11.5,10.22,0.5,0.0,10,,,,,10.72,0.81,2026,STABLE,3,3,3,53.0,53.3,53.3,2.33,12.67,15.0,2.0,11.53,-0.3,81.5,MINOR CONCERN,RG Fernando Carmona (UNAVAILABLE),-0.25,-0.45,-0.0,11.23,0.0,LOW,no material weather signal,66.5,3.4,3.1,44.0,Open-Meteo game-time forecast,11.23,0.0,,,11.23,0.0,0.0,,,,
1389740418316374016,10-Team Redraft — Big Tiger Takeover,7,False,7002,Juwan Johnson,TE,NO,ATL,home,2026-10-05,20:15,48.5,dome,,,13.83,Sleeper raw-stat projection × league scoring + current usage,12.4,119.83,C,,,,1,,10.8,10.3,12.52,0.5,0.0,6,,,,,13.02,0.81,2026,STABLE,3,3,3,62.0,66.3,66.3,6.33,0.0,6.33,2.0,13.83,-0.0,100.0,HEALTHY,none,-0.0,-0.0,-0.0,13.83,0.0,INDOOR,indoor,,,,,indoor/no weather adjustment,13.83,0.0,,,13.83,0.0,0.0,,,,
1389740418316374016,10-Team Redraft — Big Tiger Takeover,7,False,7594,Chuba Hubbard,RB,CAR,DET,home,2026-10-04,20:20,50.5,outdoors,,,19.45,Sleeper raw-stat projection × league scoring + current usage + OL health,13.15,97.5,B+,,,,1,,16.4,15.3,17.27,1.1,0.0,10,,,,,18.37,1.22,2026,STABLE,3,3,3,84.0,73.3,73.3,3.0,13.67,16.67,3.0,19.59,-0.14,91.7,HEALTHY,LG Damien Lewis (AT RISK),-0.11,-0.2,-0.0,19.45,0.0,LOW,no material weather signal,63.9,4.6,8.1,62.0,Open-Meteo game-time forecast,19.45,0.0,,,19.45,0.0,0.0,,,,
1389740418316374016,10-Team Redraft — Big Tiger Takeover,7,False,8136,Rachaad White,RB,WAS,IND,home,2026-10-04,09:30,47.5,outdoors,,,8.88,Sleeper raw-stat projection × league scoring + current usage,36.51,145.83,C-,Questionable,,QUESTIONABLE,2,,5.4,8.6,9.17,-0.7,2.5,10,,,,,8.47,0.41,2026,STABLE,3,3,3,43.0,45.3,45.3,3.0,7.33,10.33,1.0,8.88,-0.0,100.0,HEALTHY,none,-0.0,-0.0,-0.0,8.88,0.0,LOW,no material weather signal,62.9,3.4,5.8,44.0,Open-Meteo game-time forecast,8.88,0.0,,,8.88,0.0,0.0,,,,
1389740418316374016,10-Team Redraft — Big Tiger Takeover,7,False,9493,Puka Nacua,WR,LAR,PHI,away,2026-10-04,13:00,43.5,outdoors,,,19.02,Sleeper raw-stat projection × league scoring + current usage + injury ripple,,10.17,,Out,,OUT,1,,0.0,,18.42,0.0,0.0,10,,,,,18.42,0.49,2026,STABLE,1,1,1,70.0,70.0,70.0,9.0,0.0,9.0,3.0,18.91,-0.0,100.0,HEALTHY,none,-0.0,-0.0,-0.0,18.91,0.0,LOW,no material weather signal,69.2,4.1,3.6,38.0,Open-Meteo game-time forecast,18.91,0.11,TE1 QUESTIONABLE/DNP: WR1 target share can rise,MEDIUM,19.02,0.0,0.0,,,,
1389740418316374016,10-Team Redraft — Big Tiger Takeover,7,False,9756,Jordan Addison,WR,MIN,MIA,home,2026-10-04,16:05,38.5,dome,,,12.47,Sleeper raw-stat projection × league scoring + current usage + OL health + injury ripple,41.56,99.5,C,,,,2,,9.3,10.5,11.49,-1.2,0.0,10,,,,,10.29,1.22,2026,STABLE,3,3,3,98.0,89.7,89.7,5.33,0.0,5.33,3.0,11.51,-0.14,90.0,HEALTHY,LT Christian Darrisaw (AT RISK),-0.35,-0.11,-0.0,11.37,0.0,INDOOR,indoor,,,,,indoor/no weather adjustment,11.37,1.1,WR1 OUT/IR: target concentration rises for next WR,HIGH,12.47,0.0,0.0,,,,
1389740418316374016,10-Team Redraft — Big Tiger Takeover,7,False,9997,Zay Flowers,WR,BAL,TEN,home,2026-10-04,13:00,43.5,outdoors,,,19.39,Sleeper raw-stat projection × league scoring + current usage + OL health + injury ripple,48.89,21.83,C-,,,,1,,9.3,8.8,18.83,0.5,0.0,10,,,,,19.33,0.26,2026,STABLE,3,2,2,33.0,31.0,31.0,6.0,0.5,6.0,1.0,19.59,-0.31,77.8,MINOR CONCERN,LT Ronnie Stanley (UNAVAILABLE),-0.78,-0.24,-0.0,19.28,0.0,LOW,no material weather signal,66.5,3.4,3.1,44.0,Open-Meteo game-time forecast,19.28,0.11,TE1 QUESTIONABLE/DNP: WR1 target share can rise,MEDIUM,19.39,0.0,0.0,,,,
1389740418316374016,10-Team Redraft — Big Tiger Takeover,7,False,BAL,Baltimore Ravens,DEF,BAL,TEN,home,2026-10-04,13:00,43.5,outdoors,,,9.76,Sleeper raw-stat projection × league scoring,,,,,,,,,5.0,,9.76,0.0,0.0,7,,,,,9.76,0.0,,,,,,,,,,,,,9.76,0.0,77.8,MINOR CONCERN,LT Ronnie Stanley (UNAVAILABLE),-0.78,-0.24,-0.0,9.76,0.0,LOW,no material weather signal,66.5,3.4,3.1,44.0,Open-Meteo game-time forecast,9.76,0.0,,,9.76,0.0,0.0,,,,
1389740418316374016,10-Team Redraft — Big Tiger Takeover,8,False,11539,Jake Bates,K,DET,CAR,away,2026-10-04,20:20,50.5,outdoors,,,9.02,Sleeper raw-stat projection × league scoring,8.11,231.5,C+,,,,1,,9.7,8.6,7.92,1.1,0.0,6,,,,,9.02,0.0,,,,,,,,,,,,,9.02,0.0,100.0,HEALTHY,none,-0.0,-0.0,-0.0,9.02,0.0,LOW,no material weather signal,63.9,4.6,8.1,62.0,Open-Meteo game-time forecast,9.02,0.0,,,9.02,0.0,0.0,,,,
1389740418316374016,10-Team Redraft — Big Tiger Takeover,8,False,11560,Caleb Williams,QB,CHI,NYJ,home,2026-10-04,13:00,43.5,outdoors,,,0.0,weekly projected points + current usage + OL health,49.0,84.17,F,Out,,OUT,3,,,,,,,,,,,,0.0,0.26,2026,STABLE,2,2,2,86.0,93.0,93.0,0.0,7.5,0.0,2.0,0.26,-0.26,90.0,HEALTHY,LT Braxton Jones (AT RISK),-0.35,-0.11,-0.0,0.0,0.0,LOW,no material weather signal,65.3,9.9,13.4,3.0,Open-Meteo game-time forecast,0.0,0.0,,,0.0,0.0,0.0,,,,
1389740418316374016,10-Team Redraft — Big Tiger Takeover,8,False,11563,Bo Nix,QB,DEN,SF,away,2026-10-04,16:25,47.5,outdoors,,,23.35,Sleeper raw-stat projection × league scoring + current usage,16.38,110.67,C-,,,,1,,17.1,16.6,22.44,0.5,0.0,10,,,,,22.94,0.41,2026,STABLE,3,3,3,100.0,100.0,100.0,0.0,4.0,0.0,2.0,23.35,-0.0,100.0,HEALTHY,none,-0.0,-0.0,-0.0,23.35,0.0,LOW,no material weather signal,,,,,schedule fallback,23.35,0.0,,,23.35,0.0,0.0,,,,
1389740418316374016,10-Team Redraft — Big Tiger Takeover,8,False,12501,Matthew Golden,WR,GB,TB,away,2026-10-04,13:00,39.5,outdoors,,,13.75,Sleeper raw-stat projection × league scoring + current usage + OL health,20.61,74.5,A-,,,,2,,12.0,12.7,12.97,-0.7,0.0,10,,,,,12.27,1.62,2026,STABLE,3,3,3,82.0,83.3,83.3,10.0,0.0,10.0,4.0,13.89,-0.14,73.1,DEGRADED,LG Aaron Banks (UNAVAILABLE) | RG Jacob Monk (AT RISK),-0.36,-0.65,-0.0,13.75,0.0,LOW,no material weather signal,90.8,9.6,11.2,2.0,Open-Meteo game-time forecast,13.75,0.0,,,13.75,0.0,0.0,,,,
1389740418316374016,10-Team Redraft — Big Tiger Takeover,8,False,12514,Emeka Egbuka,WR,TB,GB,home,2026-10-04,13:00,39.5,outdoors,,,12.28,Sleeper raw-stat projection × league scoring + current usage + injury ripple,27.1,39.83,B,,,,1,,12.1,11.6,11.01,0.5,0.0,10,,,,,11.51,1.22,2026,STABLE,3,3,3,74.0,82.0,82.0,6.67,0.33,6.67,3.0,12.73,-0.0,100.0,HEALTHY,none,-0.0,-0.0,-0.0,12.73,0.0,LOW,no material weather signal,90.8,9.6,11.2,2.0,Open-Meteo game-time forecast,12.73,-0.45,QB1 OUT/IR: pass-catcher efficiency risk with backup QB,MEDIUM,12.28,0.0,0.0,,,,
1389740418316374016,10-Team Redraft — Big Tiger Takeover,8,False,12518,Tyler Warren,TE,IND,WAS,away,2026-10-04,09:30,47.5,outdoors,,,15.0,Sleeper raw-stat projection × league scoring + current usage,8.23,72.33,B-,,,,1,,11.9,11.4,12.88,0.5,0.0,10,,,,,13.38,1.62,2026,STABLE,3,3,3,94.0,92.0,92.0,7.33,0.67,7.33,4.0,15.0,-0.0,100.0,HEALTHY,none,-0.0,-0.0,-0.0,15.0,0.0,LOW,no material weather signal,62.9,3.4,5.8,44.0,Open-Meteo game-time forecast,15.0,0.0,,,15.0,0.0,0.0,,,,
1389740418316374016,10-Team Redraft — Big Tiger Takeover,8,False,12534,Kyle Monangai,RB,CHI,NYJ,home,2026-10-04,13:00,43.5,outdoors,,,9.16,Sleeper raw-stat projection × league scoring + current usage + OL health,35.78,133.0,C,,,,2,,8.0,8.7,9.55,-0.7,0.0,10,,,,,8.85,0.41,2026,STABLE,3,3,3,31.0,36.0,36.0,1.33,10.0,11.33,1.0,9.26,-0.1,90.0,HEALTHY,LT Braxton Jones (AT RISK),-0.35,-0.11,-0.0,9.16,0.0,LOW,no material weather signal,65.3,9.9,13.4,3.0,Open-Meteo game-time forecast,9.16,0.0,,,9.16,0.0,0.0,,,,
1389740418316374016,10-Team Redraft — Big Tiger Takeover,8,False,13287,Jeremiyah Love,RB,ARI,NYG,away,2026-10-04,13:00,44.5,outdoors,,,17.87,Sleeper raw-stat projection × league scoring + current usage + OL health,24.51,40.83,C+,,,,1,,12.6,12.1,16.7,0.5,0.0,10,,,,,17.2,0.81,2026,STABLE,3,3,3,64.0,49.0,49.0,4.0,13.67,17.67,2.0,18.01,-0.14,91.7,HEALTHY,RG Isaiah Adams (AT RISK),-0.11,-0.2,-0.0,17.87,0.0,LOW,no material weather signal,69.6,4.8,5.6,34.0,Open-Meteo game-time forecast,17.87,0.0,,,17.87,0.0,0.0,,,,
1389740418316374016,10-Team Redraft — Big Tiger Takeover,8,False,13345,Jonah Coleman,RB,DEN,SF,away,2026-10-04,16:25,47.5,outdoors,,,0.0,weekly projected points + current usage,103.5,157.67,F,IR,,IR/PUP,6,,,,,,,,,,,,0.0,-0.53,2026,STABLE,2,2,2,40.0,23.0,23.0,1.5,5.0,6.5,-2.0,0.0,-0.0,100.0,HEALTHY,none,-0.0,-0.0,-0.0,0.0,0.0,LOW,no material weather signal,,,,,schedule fallback,0.0,0.0,,,0.0,0.0,0.0,,,,
1389740418316374016,10-Team Redraft — Big Tiger Takeover,8,False,5045,Courtland Sutton,WR,DEN,SF,away,2026-10-04,16:25,47.5,outdoors,,,11.34,Sleeper raw-stat projection × league scoring + current usage + injury ripple,45.12,78.83,C,,,,2,,9.2,9.9,10.55,-0.7,0.0,6,,,,,9.85,0.81,2026,STABLE,3,3,3,87.0,78.7,78.7,5.33,0.0,5.33,2.0,10.66,-0.0,100.0,HEALTHY,none,-0.0,-0.0,-0.0,10.66,0.0,LOW,no material weather signal,,,,,schedule fallback,10.66,0.68,WR1 QUESTIONABLE/DNP: target concentration rises for next WR | Opponent CB1 QUESTIONABLE/DNP: secondary WR matchup improves,HIGH,11.34,0.0,0.0,,,,
1389740418316374016,10-Team Redraft — Big Tiger Takeover,8,False,6786,CeeDee Lamb,WR,DAL,HOU,away,2026-10-04,13:00,48.5,,,,20.32,Sleeper raw-stat projection × league scoring + current usage,4.32,9.67,A+,,,,1,,18.8,18.3,18.6,0.5,0.0,10,,,,,19.1,1.22,2026,STABLE,3,3,3,82.0,79.3,79.3,8.33,0.33,8.33,3.0,20.32,-0.0,100.0,HEALTHY,none,-0.0,-0.0,-0.0,20.32,0.0,LOW,no material weather signal,82.6,12.5,17.4,45.0,Open-Meteo game-time forecast,20.32,0.0,,,20.32,0.0,0.0,,,,
1389740418316374016,10-Team Redraft — Big Tiger Takeover,8,False,6794,Justin Jefferson,WR,MIN,MIA,home,2026-10-04,16:05,38.5,dome,,,1.24,Sleeper raw-stat projection × league scoring + current usage + OL health,6.15,12.0,A+,Out,,OUT,1,,0.0,17.0,17.57,-17.0,0.0,8,,,,,0.57,0.81,2026,STABLE,3,3,3,12.0,68.0,68.0,5.67,0.0,5.67,2.0,1.38,-0.14,90.0,HEALTHY,LT Christian Darrisaw (AT RISK),-0.35,-0.11,-0.0,1.24,0.0,INDOOR,indoor,,,,,indoor/no weather adjustment,1.24,0.0,,,1.24,0.0,0.0,,,,
1389740418316374016,10-Team Redraft — Big Tiger Takeover,8,False,8150,Kyren Williams,RB,LAR,PHI,away,2026-10-04,13:00,43.5,outdoors,,,16.06,Sleeper raw-stat projection × league scoring + current usage,17.49,46.67,B,,,,1,,14.8,14.3,14.34,0.5,0.0,10,,,,,14.84,1.22,2026,STABLE,3,3,3,71.0,63.3,63.3,4.0,12.67,16.67,3.0,16.06,-0.0,100.0,HEALTHY,none,-0.0,-0.0,-0.0,16.06,0.0,LOW,no material weather signal,69.2,4.1,3.6,38.0,Open-Meteo game-time forecast,16.06,0.0,,,16.06,0.0,0.0,,,,
1389740418316374016,10-Team Redraft — Big Tiger Takeover,8,False,9484,Tucker Kraft,TE,GB,TB,away,2026-10-04,13:00,39.5,outdoors,,,12.47,Sleeper raw-stat projection × league scoring + current usage + OL health,8.05,96.83,B,,,,1,,12.6,12.1,11.33,0.5,0.0,6,,,,,11.83,0.81,2026,STABLE,3,3,3,76.0,80.0,80.0,5.67,0.0,5.67,2.0,12.64,-0.17,73.1,DEGRADED,LG Aaron Banks (UNAVAILABLE) | RG Jacob Monk (AT RISK),-0.36,-0.65,-0.0,12.47,0.0,LOW,no material weather signal,90.8,9.6,11.2,2.0,Open-Meteo game-time forecast,12.47,0.0,,,12.47,0.0,0.0,,,,
1389740418316374016,10-Team Redraft — Big Tiger Takeover,8,False,LAR,Los Angeles Rams,DEF,LAR,PHI,away,2026-10-04,13:00,43.5,outdoors,,,7.3,Sleeper raw-stat projection × league scoring,,,,,,,,,5.0,,7.3,0.0,0.0,8,,,,,7.3,0.0,,,,,,,,,,,,,7.3,0.0,100.0,HEALTHY,none,-0.0,-0.0,-0.0,7.3,0.0,LOW,no material weather signal,69.2,4.1,3.6,38.0,Open-Meteo game-time forecast,7.3,0.0,,,7.3,0.0,0.0,,,,
1389740418316374016,10-Team Redraft — Big Tiger Takeover,9,False,10236,Dalton Kincaid,TE,BUF,NE,home,2026-10-04,13:00,48.5,outdoors,,,14.21,Sleeper raw-stat projection × league scoring + current usage + injury ripple,2.23,70.17,A,,,,1,,14.7,14.2,13.1,0.5,0.0,6,,,,,13.6,0.81,2026,STABLE,3,3,3,67.0,68.3,68.3,5.67,0.0,5.67,2.0,14.41,-0.0,100.0,HEALTHY,none,-0.0,-0.0,-0.0,14.41,0.0,LOW,no material weather signal,65.5,10.0,12.3,7.0,Open-Meteo game-time forecast,14.41,-0.2,QB1 QUESTIONABLE/DNP: pass-catcher efficiency risk with backup QB,MEDIUM,14.21,0.0,0.0,,,,
1389740418316374016,10-Team Redraft — Big Tiger Takeover,9,False,10859,Sam LaPorta,TE,DET,CAR,away,2026-10-04,20:20,50.5,outdoors,,,14.2,Sleeper raw-stat projection × league scoring + current usage + injury ripple,5.33,92.83,A-,,,,1,,13.5,12.4,11.38,1.1,0.0,10,,,,,12.48,1.22,2026,STABLE,3,3,3,92.0,90.3,90.3,6.33,0.0,6.33,3.0,13.7,-0.0,100.0,HEALTHY,none,-0.0,-0.0,-0.0,13.7,0.0,LOW,no material weather signal,63.9,4.6,8.1,62.0,Open-Meteo game-time forecast,13.7,0.5,Starting safety OUT/IR: TE middle/deep matchup improves,MEDIUM,14.2,0.0,0.0,,,,
1389740418316374016,10-Team Redraft — Big Tiger Takeover,9,False,11435,Emanuel Wilson,RB,SEA,LAC,home,2026-10-04,16:25,42.5,outdoors,,,6.14,Sleeper raw-stat projection × league scoring + current usage,45.37,253.67,D-,,,,2,,5.9,6.6,6.43,-0.7,0.0,10,,,,,5.73,0.41,2026,STABLE,3,3,3,36.0,27.7,27.7,0.33,10.67,11.0,1.0,6.14,-0.0,100.0,HEALTHY,none,-0.0,-0.0,-0.0,6.14,0.0,LOW,no material weather signal,69.8,6.8,6.3,0.0,Open-Meteo game-time forecast,6.14,0.0,,,6.14,0.0,0.0,,,,
1389740418316374016,10-Team Redraft — Big Tiger Takeover,9,False,11635,Ladd McConkey,WR,LAC,SEA,away,2026-10-04,16:25,42.5,outdoors,,,14.94,Sleeper raw-stat projection × league scoring + current usage + injury ripple,15.9,43.17,A,,,,1,,14.5,14.0,12.98,0.5,0.0,10,,,,,13.48,0.81,2026,STABLE,3,3,3,88.0,61.0,61.0,5.0,0.0,5.0,2.0,14.29,-0.0,100.0,HEALTHY,none,-0.0,-0.0,-0.0,14.29,0.0,LOW,no material weather signal,69.8,6.8,6.3,0.0,Open-Meteo game-time forecast,14.29,0.65,TE1 OUT/IR: WR1 target share can rise | Starting safety OUT/IR: downfield coverage improves,MEDIUM,14.94,0.0,0.0,,,,
1389740418316374016,10-Team Redraft — Big Tiger Takeover,9,False,11834,Devaughn Vele,WR,NO,ATL,home,2026-10-05,20:15,48.5,dome,,,11.86,Sleeper raw-stat projection × league scoring + current usage,29.66,147.5,C+,,,,2,,10.6,11.3,10.94,-0.7,0.0,10,,,,,10.24,1.62,2026,STABLE,3,3,3,88.0,91.7,91.7,7.33,0.0,7.33,4.0,11.86,-0.0,100.0,HEALTHY,none,-0.0,-0.0,-0.0,11.86,0.0,INDOOR,indoor,,,,,indoor/no weather adjustment,11.86,0.0,,,11.86,0.0,0.0,,,,
1389740418316374016,10-Team Redraft — Big Tiger Takeover,9,False,12490,Bhayshul Tuten,RB,JAX,CIN,away,2026-10-04,13:00,51.5,outdoors,,,15.17,Sleeper raw-stat projection × league scoring + current usage + OL health,24.07,55.5,B-,,,,1,,13.5,12.4,13.36,1.1,0.0,10,,,,,14.46,0.81,2026,STABLE,3,3,3,48.0,49.3,49.3,1.67,14.33,16.0,2.0,15.27,-0.1,90.0,HEALTHY,LT Anton Harrison (AT RISK),-0.35,-0.11,-0.0,15.17,0.0,LOW,no material weather signal,71.3,4.7,6.0,21.0,Open-Meteo game-time forecast,15.17,0.0,,,15.17,0.0,0.0,,,,
1389740418316374016,10-Team Redraft — Big Tiger Takeover,9,False,3451,Ka'imi Fairbairn,K,HOU,DAL,home,2026-10-04,13:00,48.5,,,,9.42,Sleeper raw-stat projection × league scoring,6.33,192.17,B-,,,,1,,9.1,8.6,8.92,0.5,0.0,6,,,,,9.42,0.0,,,,,,,,,,,,,9.42,0.0,90.0,HEALTHY,RT Trent Brown (AT RISK),-0.35,-0.11,-0.0,9.42,0.0,LOW,no material weather signal,82.6,12.5,17.4,45.0,Open-Meteo game-time forecast,9.42,0.0,,,9.42,0.0,0.0,,,,
1389740418316374016,10-Team Redraft — Big Tiger Takeover,9,False,4199,Aaron Jones,RB,MIN,MIA,home,2026-10-04,16:05,38.5,dome,,,15.99,Sleeper raw-stat projection × league scoring + current usage + OL health,20.76,114.17,B,,,,1,,12.8,12.8,14.87,0.0,0.0,10,,,,,14.87,1.22,2026,STABLE,3,3,3,80.0,69.0,69.0,2.33,17.33,19.67,3.0,16.09,-0.1,90.0,HEALTHY,LT Christian Darrisaw (AT RISK),-0.35,-0.11,-0.0,15.99,0.0,INDOOR,indoor,,,,,indoor/no weather adjustment,15.99,0.0,,,15.99,0.0,0.0,,,,
1389740418316374016,10-Team Redraft — Big Tiger Takeover,9,False,4984,Josh Allen,QB,BUF,NE,home,2026-10-04,13:00,48.5,outdoors,,,27.59,Sleeper raw-stat projection × league scoring + current usage + injury ripple,1.02,25.0,A+,Questionable,,QUESTIONABLE,1,,22.5,24.5,26.48,0.5,2.5,10,,,,,26.98,0.41,2026,STABLE,3,3,3,100.0,100.0,100.0,0.33,9.33,0.0,2.0,27.39,-0.0,100.0,HEALTHY,none,-0.0,-0.0,-0.0,27.39,0.0,LOW,no material weather signal,65.5,10.0,12.3,7.0,Open-Meteo game-time forecast,27.39,0.2,Top edge rusher QUESTIONABLE/DNP: QB pressure environment improves,MEDIUM,27.59,0.0,0.0,,,,
1389740418316374016,10-Team Redraft — Big Tiger Takeover,9,False,5846,DK Metcalf,WR,PIT,CLE,away,2026-10-01,20:15,38.5,outdoors,,,11.9,Sleeper raw-stat projection × league scoring + current usage + OL health,28.2,70.0,B,,,,1,,11.4,11.4,10.42,0.0,0.0,10,,,,,10.42,1.62,2026,STABLE,3,3,3,95.0,96.0,96.0,8.0,0.0,8.0,4.0,12.04,-0.14,90.0,HEALTHY,LT Troy Fautanu (AT RISK),-0.35,-0.11,-0.0,11.9,0.0,LOW,no material weather signal,76.9,8.9,18.8,4.0,Open-Meteo game-time forecast,11.9,0.0,,,11.9,0.0,0.0,,,,
1389740418316374016,10-Team Redraft — Big Tiger Takeover,9,False,6813,Jonathan Taylor,RB,IND,WAS,away,2026-10-04,09:30,47.5,outdoors,,,24.64,Sleeper raw-stat projection × league scoring + current usage,7.05,7.0,A,,,,1,,18.4,17.9,22.52,0.5,0.0,10,,,,,23.02,1.62,2026,STABLE,3,3,3,85.0,89.3,89.3,3.67,22.0,25.67,4.0,24.64,-0.0,100.0,HEALTHY,none,-0.0,-0.0,-0.0,24.64,0.0,LOW,no material weather signal,62.9,3.4,5.8,44.0,Open-Meteo game-time forecast,24.64,0.0,,,24.64,0.0,0.0,,,,
1389740418316374016,10-Team Redraft — Big Tiger Takeover,9,False,8121,Romeo Doubs,WR,NE,BUF,away,2026-10-04,13:00,48.5,outdoors,,,10.9,Sleeper raw-stat projection × league scoring + current usage + OL health + injury ripple,34.05,89.33,C+,,,,1,,11.7,11.2,9.57,0.5,0.0,6,,,,,10.07,0.41,2026,STABLE,3,3,3,73.0,65.3,65.3,3.67,0.0,3.67,1.0,10.48,-0.18,75.9,MINOR CONCERN,RG Greg Van Roten (UNAVAILABLE) | RT Morgan Moses (LIMITED),-0.45,-0.51,-0.0,10.3,0.0,LOW,no material weather signal,65.5,10.0,12.3,7.0,Open-Meteo game-time forecast,10.3,0.6,Opponent CB1 QUESTIONABLE/DNP: projected WR1 coverage matchup improves (not confirmed shadow) | Top edge rusher OUT/IR: more time helps primary WR routes,MEDIUM,10.9,0.0,0.0,,,,
1389740418316374016,10-Team Redraft — Big Tiger Takeover,9,False,8144,Chris Olave,WR,NO,ATL,home,2026-10-05,20:15,48.5,dome,,,22.14,Sleeper raw-stat projection × league scoring + current usage,5.56,12.0,A+,,,,1,,17.8,17.3,20.02,0.5,0.0,10,,,,,20.52,1.62,2026,STABLE,3,3,3,84.0,84.7,84.7,12.0,0.0,12.0,4.0,22.14,-0.0,100.0,HEALTHY,none,-0.0,-0.0,-0.0,22.14,0.0,INDOOR,indoor,,,,,indoor/no weather adjustment,22.14,0.0,,,22.14,0.0,0.0,,,,
1389740418316374016,10-Team Redraft — Big Tiger Takeover,9,False,8155,Breece Hall,RB,NYJ,CHI,away,2026-10-04,13:00,43.5,outdoors,,,0.51,weekly projected points + current usage + OL health,12.56,41.33,B+,Out,,OUT,2,,,,,,,,,,,,0.0,0.81,2026,STABLE,3,3,3,48.0,57.0,57.0,3.33,17.0,20.33,2.0,0.81,-0.3,81.5,MINOR CONCERN,LG Dylan Parham (UNAVAILABLE),-0.25,-0.45,-0.0,0.51,0.0,LOW,no material weather signal,65.3,9.9,13.4,3.0,Open-Meteo game-time forecast,0.51,0.0,,,0.51,0.0,0.0,,,,
1389740418316374016,10-Team Redraft — Big Tiger Takeover,9,False,MIN,Minnesota Vikings,DEF,MIN,MIA,home,2026-10-04,16:05,38.5,dome,,,12.26,Sleeper raw-stat projection × league scoring,,,,,,,,,4.5,,12.26,0.0,0.0,7,,,,,12.26,0.0,,,,,,,,,,,,,12.26,0.0,90.0,HEALTHY,LT Christian Darrisaw (AT RISK),-0.35,-0.11,-0.0,12.26,0.0,INDOOR,indoor,,,,,indoor/no weather adjustment,12.26,0.0,,,12.26,0.0,0.0,,,,
1389740418316374016,10-Team Redraft — Big Tiger Takeover,10,False,11586,Blake Corum,RB,LAR,PHI,away,2026-10-04,13:00,43.5,outdoors,,,7.15,Sleeper raw-stat projection × league scoring + current usage,33.78,112.83,C,,,,2,,9.1,9.8,7.44,-0.7,0.0,10,,,,,6.74,0.41,2026,STABLE,3,3,3,29.0,32.3,32.3,1.67,9.33,11.0,1.0,7.15,-0.0,100.0,HEALTHY,none,-0.0,-0.0,-0.0,7.15,0.0,LOW,no material weather signal,69.2,4.1,3.6,38.0,Open-Meteo game-time forecast,7.15,0.0,,,7.15,0.0,0.0,,,,
1389740418316374016,10-Team Redraft — Big Tiger Takeover,10,False,11620,Rome Odunze,WR,CHI,NYJ,home,2026-10-04,13:00,43.5,outdoors,,,10.17,Sleeper raw-stat projection × league scoring + current usage + OL health + injury ripple,49.88,66.17,C-,,,,1,,10.0,9.5,9.05,0.5,0.0,10,,,,,9.55,0.81,2026,STABLE,3,3,3,85.0,72.3,72.3,4.33,0.0,4.33,2.0,10.36,-0.14,90.0,HEALTHY,LT Braxton Jones (AT RISK),-0.35,-0.11,-0.0,10.22,0.0,LOW,no material weather signal,65.3,9.9,13.4,3.0,Open-Meteo game-time forecast,10.22,-0.05,QB1 OUT/IR: pass-catcher efficiency risk with backup QB | Starting safety OUT/IR: downfield coverage improves,MEDIUM,10.17,0.0,0.0,,,,
1389740418316374016,10-Team Redraft — Big Tiger Takeover,10,False,1466,Travis Kelce,TE,KC,LV,away,2026-10-04,16:25,47.5,dome,,,14.21,Sleeper raw-stat projection × league scoring + current usage + OL health + injury ripple,4.6,103.5,A,,,,1,,13.8,13.3,12.67,0.5,0.0,6,,,,,13.17,0.81,2026,STABLE,3,3,3,79.0,78.3,78.3,6.0,0.0,6.0,2.0,13.98,-0.27,77.8,MINOR CONCERN,LT Josh Simmons (UNAVAILABLE),-0.78,-0.24,-0.0,13.71,0.0,INDOOR,indoor,,,,,indoor/no weather adjustment,13.71,0.5,Starting safety OUT/IR: TE middle/deep matchup improves,MEDIUM,14.21,0.0,0.0,,,,
1389740418316374016,10-Team Redraft — Big Tiger Takeover,10,False,421,Matthew Stafford,QB,LAR,PHI,away,2026-10-04,13:00,43.5,outdoors,,,21.67,Sleeper raw-stat projection × league scoring + current usage,17.26,105.33,C-,,,,1,,16.8,16.3,20.76,0.5,0.0,10,,,,,21.26,0.41,2026,STABLE,3,3,3,100.0,94.7,94.7,0.0,2.67,0.0,2.0,21.67,-0.0,100.0,HEALTHY,none,-0.0,-0.0,-0.0,21.67,0.0,LOW,no material weather signal,69.2,4.1,3.6,38.0,Open-Meteo game-time forecast,21.67,0.0,,,21.67,0.0,0.0,,,,
1389740418316374016,10-Team Redraft — Big Tiger Takeover,10,False,4217,George Kittle,TE,SF,DEN,home,2026-10-04,16:25,47.5,outdoors,,,13.65,Sleeper raw-stat projection × league scoring + current usage + OL health + injury ripple,7.3,103.0,B,,,,1,,12.6,12.1,12.36,0.5,0.0,6,,,,,12.86,0.41,2026,STABLE,3,3,3,85.0,59.7,59.7,5.33,0.0,5.33,1.0,13.27,-0.12,90.0,HEALTHY,LT Trent Williams (AT RISK),-0.35,-0.11,-0.0,13.15,0.0,LOW,no material weather signal,,,,,schedule fallback,13.15,0.5,WR1 OUT/IR: TE target share can rise,MEDIUM,13.65,0.0,0.0,,,,
1389740418316374016,10-Team Redraft — Big Tiger Takeover,10,False,4983,DJ Moore,WR,BUF,NE,home,2026-10-04,13:00,48.5,outdoors,,,15.47,Sleeper raw-stat projection × league scoring + current usage + injury ripple,31.12,45.0,B,,,,1,,11.7,11.2,14.69,0.5,0.0,10,,,,,15.19,0.41,2026,STABLE,3,3,3,64.0,57.0,57.0,6.0,0.33,6.0,1.0,15.6,-0.0,100.0,HEALTHY,none,-0.0,-0.0,-0.0,15.6,0.0,LOW,no material weather signal,65.5,10.0,12.3,7.0,Open-Meteo game-time forecast,15.6,-0.13,QB1 QUESTIONABLE/DNP: pass-catcher efficiency risk with backup QB | Top edge rusher QUESTIONABLE/DNP: more time helps primary WR routes,MEDIUM,15.47,0.0,0.0,,,,
1389740418316374016,10-Team Redraft — Big Tiger Takeover,10,False,6770,Joe Burrow,QB,CIN,JAX,home,2026-10-04,13:00,51.5,outdoors,,,24.97,Sleeper raw-stat projection × league scoring + current usage,9.81,56.17,B,,,,1,,18.8,17.7,23.46,1.1,0.0,10,,,,,24.56,0.41,2026,STABLE,3,3,3,100.0,100.0,100.0,0.0,2.67,0.0,2.0,24.97,-0.0,100.0,HEALTHY,none,-0.0,-0.0,-0.0,24.97,0.0,LOW,no material weather signal,71.3,4.7,6.0,21.0,Open-Meteo game-time forecast,24.97,0.0,,,24.97,0.0,0.0,,,,
1389740418316374016,10-Team Redraft — Big Tiger Takeover,10,False,6801,Tee Higgins,WR,CIN,JAX,home,2026-10-04,13:00,51.5,outdoors,,,18.05,Sleeper raw-stat projection × league scoring + current usage,19.22,36.33,A-,,,,2,,13.1,13.2,16.93,-0.1,0.0,10,,,,,16.83,1.22,2026,STABLE,3,3,3,93.0,79.0,79.0,7.67,0.0,7.67,3.0,18.05,-0.0,100.0,HEALTHY,none,-0.0,-0.0,-0.0,18.05,0.0,LOW,no material weather signal,71.3,4.7,6.0,21.0,Open-Meteo game-time forecast,18.05,0.0,,,18.05,0.0,0.0,,,,
1389740418316374016,10-Team Redraft — Big Tiger Takeover,10,False,8134,Khalil Shakir,WR,BUF,NE,home,2026-10-04,13:00,48.5,outdoors,,,8.44,Sleeper raw-stat projection × league scoring + current usage + injury ripple,37.98,101.5,C,,,,2,,10.0,10.7,8.93,-0.7,0.0,10,,,,,8.23,0.41,2026,STABLE,3,3,3,73.0,58.3,58.3,5.0,0.0,5.0,1.0,8.64,-0.0,100.0,HEALTHY,none,-0.0,-0.0,-0.0,8.64,0.0,LOW,no material weather signal,65.5,10.0,12.3,7.0,Open-Meteo game-time forecast,8.64,-0.2,QB1 QUESTIONABLE/DNP: pass-catcher efficiency risk with backup QB,MEDIUM,8.44,0.0,0.0,,,,
1389740418316374016,10-Team Redraft — Big Tiger Takeover,10,False,8137,George Pickens,WR,DAL,HOU,away,2026-10-04,13:00,48.5,,,,16.6,Sleeper raw-stat projection × league scoring + current usage,12.46,19.83,A,,,,2,,14.1,14.8,15.68,-0.7,0.0,10,,,,,14.98,1.62,2026,STABLE,3,3,3,85.0,81.7,81.7,8.33,0.0,8.33,4.0,16.6,-0.0,100.0,HEALTHY,none,-0.0,-0.0,-0.0,16.6,0.0,LOW,no material weather signal,82.6,12.5,17.4,45.0,Open-Meteo game-time forecast,16.6,0.0,,,16.6,0.0,0.0,,,,
1389740418316374016,10-Team Redraft — Big Tiger Takeover,10,False,8228,Jaylen Warren,RB,PIT,CLE,away,2026-10-01,20:15,38.5,outdoors,,,20.62,Sleeper raw-stat projection × league scoring + current usage + OL health,14.9,84.67,B,,,,1,,14.7,14.7,19.5,0.0,0.0,10,,,,,19.5,1.22,2026,STABLE,3,3,3,90.0,66.0,66.0,4.67,12.67,17.33,3.0,20.72,-0.1,90.0,HEALTHY,LT Troy Fautanu (AT RISK),-0.35,-0.11,-0.0,20.62,0.0,LOW,no material weather signal,76.9,8.9,18.8,4.0,Open-Meteo game-time forecast,20.62,0.0,,,20.62,0.0,0.0,,,,
1389740418316374016,10-Team Redraft — Big Tiger Takeover,10,False,8259,Cameron Dicker,K,LAC,SEA,away,2026-10-04,16:25,42.5,outdoors,,,7.6,Sleeper raw-stat projection × league scoring,14.47,206.5,C,,,,1,,8.1,7.6,7.1,0.5,0.0,6,,,,,7.6,0.0,,,,,,,,,,,,,7.6,0.0,100.0,HEALTHY,none,-0.0,-0.0,-0.0,7.6,0.0,LOW,no material weather signal,69.8,6.8,6.3,0.0,Open-Meteo game-time forecast,7.6,0.0,,,7.6,0.0,0.0,,,,
1389740418316374016,10-Team Redraft — Big Tiger Takeover,10,False,9221,Jahmyr Gibbs,RB,DET,CAR,away,2026-10-04,20:20,50.5,outdoors,,,28.58,Sleeper raw-stat projection × league scoring + current usage,1.1,1.0,A+,,,,1,,27.6,26.5,26.26,1.1,0.0,10,,,,,27.36,1.22,2026,STABLE,3,3,3,69.0,75.3,75.3,7.0,21.67,28.67,3.0,28.58,-0.0,100.0,HEALTHY,none,-0.0,-0.0,-0.0,28.58,0.0,LOW,no material weather signal,63.9,4.6,8.1,62.0,Open-Meteo game-time forecast,28.58,0.0,,,28.58,0.0,0.0,,,,
1389740418316374016,10-Team Redraft — Big Tiger Takeover,10,False,9224,Chase Brown,RB,CIN,JAX,home,2026-10-04,13:00,51.5,outdoors,,,21.09,Sleeper raw-stat projection × league scoring + current usage,7.51,13.0,A,,,,1,,18.6,17.5,18.77,1.1,0.0,10,,,,,19.87,1.22,2026,STABLE,3,3,3,70.0,70.7,70.7,4.33,16.33,20.67,3.0,21.09,-0.0,100.0,HEALTHY,none,-0.0,-0.0,-0.0,21.09,0.0,LOW,no material weather signal,71.3,4.7,6.0,21.0,Open-Meteo game-time forecast,21.09,0.0,,,21.09,0.0,0.0,,,,
1389740418316374016,10-Team Redraft — Big Tiger Takeover,10,False,NE,New England Patriots,DEF,NE,BUF,away,2026-10-04,13:00,48.5,outdoors,,,5.39,Sleeper raw-stat projection × league scoring,,,,,,,,,5.0,,5.39,0.0,0.0,6,,,,,5.39,0.0,,,,,,,,,,,,,5.39,0.0,75.9,MINOR CONCERN,RG Greg Van Roten (UNAVAILABLE) | RT Morgan Moses (LIMITED),-0.45,-0.51,-0.0,5.39,0.0,LOW,no material weather signal,65.5,10.0,12.3,7.0,Open-Meteo game-time forecast,5.39,0.0,,,5.39,0.0,0.0,,,,
1370453762442797056,18-Team Chopped — Surviving the Chamber,1,True,11608,Isaiah Williams,WR,NYJ,CHI,away,2026-10-04,13:00,43.5,outdoors,,,9.24,Sleeper raw-stat projection × league scoring + current usage + OL health + league return scoring,67.74,,F,,,,3,,5.3,6.8,5.84,-1.5,0.0,12,,,,,4.34,0.41,2026,STABLE,3,3,3,89.0,77.0,77.0,3.0,0.33,3.0,1.0,4.75,-0.1,81.5,MINOR CONCERN,LG Dylan Parham (UNAVAILABLE),-0.25,-0.45,-0.0,4.65,0.0,LOW,no material weather signal,65.3,9.9,13.4,3.0,Open-Meteo game-time forecast,4.65,0.0,,,4.65,4.59,4.59,KR+PR,HIGH,True,3
1370453762442797056,18-Team Chopped — Surviving the Chamber,1,True,11628,Marvin Harrison,WR,ARI,NYG,away,2026-10-04,13:00,44.5,outdoors,,,5.85,Sleeper raw-stat projection × league scoring + current usage + OL health + injury ripple,55.49,103.67,D+,,,,2,,8.3,9.0,5.78,-0.7,0.0,6,,,,,5.08,0.41,2026,STABLE,3,3,3,77.0,76.7,76.7,3.0,0.0,3.0,1.0,5.49,-0.04,91.7,HEALTHY,RG Isaiah Adams (AT RISK),-0.11,-0.2,-0.0,5.45,0.0,LOW,no material weather signal,69.6,4.8,5.6,34.0,Open-Meteo game-time forecast,5.45,0.4,Opponent CB1 OUT/IR: secondary WR matchup improves,MEDIUM,5.85,0.0,0.0,,,,
1370453762442797056,18-Team Chopped — Surviving the Chamber,1,True,11632,Malik Nabers,WR,NYG,ARI,home,2026-10-04,13:00,44.5,outdoors,,,16.3,Sleeper raw-stat projection × league scoring + current usage + OL health,19.98,30.0,A-,,,,1,,13.5,13.0,15.07,0.5,0.0,12,,,,,15.57,0.81,2026,STABLE,3,3,3,78.0,68.0,68.0,6.33,0.0,6.33,2.0,16.38,-0.08,94.4,HEALTHY,LT Andrew Thomas (LIMITED),-0.2,-0.06,-0.0,16.3,0.0,LOW,no material weather signal,69.6,4.8,5.6,34.0,Open-Meteo game-time forecast,16.3,0.0,,,16.3,0.0,0.0,,,,
1370453762442797056,18-Team Chopped — Surviving the Chamber,1,True,12472,Raheim Sanders,RB,CLE,PIT,home,2026-10-01,20:15,38.5,outdoors,,,5.65,Sleeper raw-stat projection × league scoring + OL health,60.83,286.25,F,,,,2,,2.8,4.0,7.39,-1.2,0.0,12,,,,,6.19,0.0,2026,STABLE,3,3,3,43.0,32.3,32.3,3.0,1.33,4.33,0.0,6.19,-0.54,63.1,DEGRADED,C Elgton Jenkins (AT RISK) | RG Teven Jenkins (UNAVAILABLE) | RT Tytus Howard (AT RISK),-0.71,-0.76,-0.0,5.65,0.0,LOW,no material weather signal,76.9,8.9,18.8,4.0,Open-Meteo game-time forecast,5.65,0.0,,,5.65,0.0,0.0,,,,
1370453762442797056,18-Team Chopped — Surviving the Chamber,1,True,12529,TreVeyon Henderson,RB,NE,BUF,away,2026-10-04,13:00,48.5,outdoors,,,14.26,Sleeper raw-stat projection × league scoring + current usage + OL health,28.44,70.5,C,,,,1,,11.7,11.2,13.86,0.5,0.0,12,,,,,14.36,0.26,2026,STABLE,3,2,2,37.0,48.5,48.5,0.5,12.0,12.5,1.0,14.62,-0.36,75.9,MINOR CONCERN,RG Greg Van Roten (UNAVAILABLE) | RT Morgan Moses (LIMITED),-0.45,-0.51,-0.0,14.26,0.0,LOW,no material weather signal,65.5,10.0,12.3,7.0,Open-Meteo game-time forecast,14.26,0.0,,,14.26,0.0,0.0,,,,
1370453762442797056,18-Team Chopped — Surviving the Chamber,1,True,12641,Jaylin Lane,WR,WAS,IND,home,2026-10-04,09:30,47.5,outdoors,,,2.46,Sleeper raw-stat projection × league scoring + current usage + league return scoring,141.71,,F,,,,7,,0.0,0.7,0.73,-0.7,0.0,12,,,,,0.03,-1.22,2026,STABLE,3,3,3,7.0,16.0,16.0,0.67,0.0,0.67,-3.0,0.0,-0.0,100.0,HEALTHY,none,-0.0,-0.0,-0.0,0.0,0.0,LOW,no material weather signal,62.9,3.4,5.8,44.0,Open-Meteo game-time forecast,0.0,0.0,,,0.0,2.46,2.46,KR+PR,HIGH,False,
1370453762442797056,18-Team Chopped — Surviving the Chamber,1,True,13075,Myles Price,WR,MIN,MIA,home,2026-10-04,16:05,38.5,dome,,,11.1,Sleeper raw-stat projection × league scoring + current usage + OL health + league return scoring,147.6,,F,,,,5,,0.0,0.0,0.09,0.0,0.0,4,,,,,0.09,-1.22,2026,STABLE,3,3,3,7.0,20.7,20.7,0.33,0.0,0.33,-3.0,0.0,-0.14,90.0,HEALTHY,LT Christian Darrisaw (AT RISK),-0.35,-0.11,-0.0,0.0,0.0,INDOOR,indoor,,,,,indoor/no weather adjustment,0.0,0.0,,,0.0,11.1,11.1,KR+PR,HIGH,False,
1370453762442797056,18-Team Chopped — Surviving the Chamber,1,True,4147,Samaje Perine,RB,CIN,JAX,home,2026-10-04,13:00,51.5,outdoors,,,8.73,Sleeper raw-stat projection × league scoring + league return scoring,52.68,264.0,F,,,,2,,4.9,5.0,8.49,-0.1,0.0,12,,,,,8.39,0.0,2026,STABLE,3,3,3,32.0,33.3,33.3,2.33,3.33,5.67,0.0,8.39,-0.0,100.0,HEALTHY,none,-0.0,-0.0,-0.0,8.39,0.0,LOW,no material weather signal,71.3,4.7,6.0,21.0,Open-Meteo game-time forecast,8.39,0.0,,,8.39,0.43,0.34,KR,MEDIUM,True,2
1370453762442797056,18-Team Chopped — Surviving the Chamber,1,True,4199,Aaron Jones,RB,MIN,MIA,home,2026-10-04,16:05,38.5,dome,,,22.65,Sleeper raw-stat projection × league scoring + current usage + OL health,20.76,114.17,B,,,,1,,12.8,12.8,21.53,0.0,0.0,12,,,,,21.53,1.22,2026,STABLE,3,3,3,80.0,69.0,69.0,2.33,17.33,19.67,3.0,22.75,-0.1,90.0,HEALTHY,LT Christian Darrisaw (AT RISK),-0.35,-0.11,-0.0,22.65,0.0,INDOOR,indoor,,,,,indoor/no weather adjustment,22.65,0.0,,,22.65,0.0,0.0,,,,
1370453762442797056,18-Team Chopped — Surviving the Chamber,1,True,5846,DK Metcalf,WR,PIT,CLE,away,2026-10-01,20:15,38.5,outdoors,,,11.96,Sleeper raw-stat projection × league scoring + current usage + OL health,28.2,70.0,B,,,,1,,11.4,11.4,10.48,0.0,0.0,12,,,,,10.48,1.62,2026,STABLE,3,3,3,95.0,96.0,96.0,8.0,0.0,8.0,4.0,12.1,-0.14,90.0,HEALTHY,LT Troy Fautanu (AT RISK),-0.35,-0.11,-0.0,11.96,0.0,LOW,no material weather signal,76.9,8.9,18.8,4.0,Open-Meteo game-time forecast,11.96,0.0,,,11.96,0.0,0.0,,,,
1370453762442797056,18-Team Chopped — Surviving the Chamber,1,True,6083,Matt Gay,K,LV,KC,home,2026-10-04,16:25,47.5,dome,,,9.68,Sleeper raw-stat projection × league scoring,24.61,,D,,,,1,,7.2,6.7,9.18,0.5,0.0,5,,,,,9.68,0.0,,,,,,,,,,,,,9.68,0.0,91.7,HEALTHY,RG Jackson Powers-Johnson (AT RISK),-0.11,-0.2,-0.0,9.68,0.0,INDOOR,indoor,,,,,indoor/no weather adjustment,9.68,0.0,,,9.68,0.0,0.0,,,,
1370453762442797056,18-Team Chopped — Surviving the Chamber,1,True,6770,Joe Burrow,QB,CIN,JAX,home,2026-10-04,13:00,51.5,outdoors,,,24.74,Sleeper raw-stat projection × league scoring + current usage,9.81,56.17,B,,,,1,,18.8,17.7,23.23,1.1,0.0,12,,,,,24.33,0.41,2026,STABLE,3,3,3,100.0,100.0,100.0,0.0,2.67,0.0,2.0,24.74,-0.0,100.0,HEALTHY,none,-0.0,-0.0,-0.0,24.74,0.0,LOW,no material weather signal,71.3,4.7,6.0,21.0,Open-Meteo game-time forecast,24.74,0.0,,,24.74,0.0,0.0,,,,
1370453762442797056,18-Team Chopped — Surviving the Chamber,1,True,6813,Jonathan Taylor,RB,IND,WAS,away,2026-10-04,09:30,47.5,outdoors,,,33.69,Sleeper raw-stat projection × league scoring + current usage,7.05,7.0,A,,,,1,,18.4,17.9,31.57,0.5,0.0,12,,,,,32.07,1.62,2026,STABLE,3,3,3,85.0,89.3,89.3,3.67,22.0,25.67,4.0,33.69,-0.0,100.0,HEALTHY,none,-0.0,-0.0,-0.0,33.69,0.0,LOW,no material weather signal,62.9,3.4,5.8,44.0,Open-Meteo game-time forecast,33.69,0.0,,,33.69,0.0,0.0,,,,
1370453762442797056,18-Team Chopped — Surviving the Chamber,1,True,8800,Malik Davis,RB,DAL,HOU,away,2026-10-04,13:00,48.5,,,,0.17,season-long ECR proxy + league return scoring,,,,IR,,IR/PUP,5,,,,,,,,,,,,0.0,0.0,,,,,,,,,,,,,0.0,-0.0,100.0,HEALTHY,none,-0.0,-0.0,-0.0,0.0,0.0,LOW,no material weather signal,82.6,12.5,17.4,45.0,Open-Meteo game-time forecast,0.0,0.0,,,0.0,0.28,0.17,KR,LOW,False,
1370453762442797056,18-Team Chopped — Surviving the Chamber,1,True,9225,Tank Bigsby,RB,PHI,LAR,home,2026-10-04,13:00,43.5,outdoors,,,3.9,Sleeper raw-stat projection × league scoring + current usage + league return scoring,55.35,200.0,F,,,,2,,4.3,5.0,5.03,-0.7,0.0,12,,,,,4.33,-0.81,2026,STABLE,3,3,3,4.0,16.3,16.3,1.0,4.67,5.67,-2.0,3.52,-0.0,100.0,HEALTHY,none,-0.0,-0.0,-0.0,3.52,0.0,LOW,no material weather signal,69.2,4.1,3.6,38.0,Open-Meteo game-time forecast,3.52,0.0,,,3.52,0.48,0.38,KR,MEDIUM,True,2
1370453762442797056,18-Team Chopped — Surviving the Chamber,1,True,9484,Tucker Kraft,TE,GB,TB,away,2026-10-04,13:00,39.5,outdoors,,,14.42,Sleeper raw-stat projection × league scoring + current usage + OL health,8.05,96.83,B,,,,1,,12.6,12.1,13.28,0.5,0.0,7,,,,,13.78,0.81,2026,STABLE,3,3,3,76.0,80.0,80.0,5.67,0.0,5.67,2.0,14.59,-0.17,73.1,DEGRADED,LG Aaron Banks (UNAVAILABLE) | RG Jacob Monk (AT RISK),-0.36,-0.65,-0.0,14.42,0.0,LOW,no material weather signal,90.8,9.6,11.2,2.0,Open-Meteo game-time forecast,14.42,0.0,,,14.42,0.0,0.0,,,,
1370453762442797056,18-Team Chopped — Surviving the Chamber,1,True,9753,Zach Charbonnet,RB,SEA,LAC,home,2026-10-04,16:25,42.5,outdoors,,,0.0,season-long ECR proxy,,220.0,,PUP,,IR/PUP,5,,,,,,,,,,,,0.0,0.0,,,,,,,,,,,,,0.0,-0.0,100.0,HEALTHY,none,-0.0,-0.0,-0.0,0.0,0.0,LOW,no material weather signal,69.8,6.8,6.3,0.0,Open-Meteo game-time forecast,0.0,0.0,,,0.0,0.0,0.0,,,,
1370453762442797056,18-Team Chopped — Surviving the Chamber,2,False,11560,Caleb Williams,QB,CHI,NYJ,home,2026-10-04,13:00,43.5,outdoors,,,0.0,weekly projected points + current usage + OL health,49.0,84.17,F,Out,,OUT,3,,,,,,,,,,,,0.0,0.26,2026,STABLE,2,2,2,86.0,93.0,93.0,0.0,7.5,0.0,2.0,0.26,-0.26,90.0,HEALTHY,LT Braxton Jones (AT RISK),-0.35,-0.11,-0.0,0.0,0.0,LOW,no material weather signal,65.3,9.9,13.4,3.0,Open-Meteo game-time forecast,0.0,0.0,,,0.0,0.0,0.0,,,,
1370453762442797056,18-Team Chopped — Surviving the Chamber,2,False,11604,Brock Bowers,TE,LV,KC,home,2026-10-04,16:25,47.5,dome,,,20.77,Sleeper raw-stat projection × league scoring + current usage + OL health,4.03,36.5,A,,,,1,,14.1,13.6,19.83,0.5,0.0,13,,,,,20.33,0.49,2026,STABLE,3,1,1,79.0,79.0,79.0,13.0,0.0,13.0,3.0,20.82,-0.05,91.7,HEALTHY,RG Jackson Powers-Johnson (AT RISK),-0.11,-0.2,-0.0,20.77,0.0,INDOOR,indoor,,,,,indoor/no weather adjustment,20.77,0.0,,,20.77,0.0,0.0,,,,
1370453762442797056,18-Team Chopped — Surviving the Chamber,2,False,11617,Malachi Corley,WR,CLE,PIT,home,2026-10-01,20:15,38.5,outdoors,,,4.1,Sleeper raw-stat projection × league scoring + current usage + OL health + league return scoring,159.0,,F,,,,5,,0.0,0.0,0.25,0.0,0.0,12,,,,,0.25,-1.22,2026,STABLE,3,3,3,1.0,0.3,0.3,0.0,0.0,0.0,-3.0,0.0,-0.28,63.1,DEGRADED,C Elgton Jenkins (AT RISK) | RG Teven Jenkins (UNAVAILABLE) | RT Tytus Howard (AT RISK),-0.71,-0.76,-0.0,0.0,0.0,LOW,no material weather signal,76.9,8.9,18.8,4.0,Open-Meteo game-time forecast,0.0,0.0,,,0.0,4.1,4.1,KR,HIGH,False,
1370453762442797056,18-Team Chopped — Surviving the Chamber,2,False,11620,Rome Odunze,WR,CHI,NYJ,home,2026-10-04,13:00,43.5,outdoors,,,10.18,Sleeper raw-stat projection × league scoring + current usage + OL health + injury ripple,49.88,66.17,C-,,,,1,,10.0,9.5,9.06,0.5,0.0,12,,,,,9.56,0.81,2026,STABLE,3,3,3,85.0,72.3,72.3,4.33,0.0,4.33,2.0,10.37,-0.14,90.0,HEALTHY,LT Braxton Jones (AT RISK),-0.35,-0.11,-0.0,10.23,0.0,LOW,no material weather signal,65.3,9.9,13.4,3.0,Open-Meteo game-time forecast,10.23,-0.05,QB1 OUT/IR: pass-catcher efficiency risk with backup QB | Starting safety OUT/IR: downfield coverage improves,MEDIUM,10.18,0.0,0.0,,,,
1370453762442797056,18-Team Chopped — Surviving the Chamber,2,False,11624,Xavier Worthy,WR,KC,LV,away,2026-10-04,16:25,47.5,dome,,,11.06,Sleeper raw-stat projection × league scoring + current usage + OL health,36.66,106.33,C,,,,2,,10.3,11.0,10.85,-0.7,0.0,12,,,,,10.15,1.22,2026,STABLE,3,3,3,83.0,82.0,82.0,5.0,0.0,5.0,3.0,11.37,-0.31,77.8,MINOR CONCERN,LT Josh Simmons (UNAVAILABLE),-0.78,-0.24,-0.0,11.06,0.0,INDOOR,indoor,,,,,indoor/no weather adjustment,11.06,0.0,,,11.06,0.0,0.0,,,,
1370453762442797056,18-Team Chopped — Surviving the Chamber,2,False,11655,Tyrone Tracy,RB,NYG,ARI,home,2026-10-04,13:00,44.5,outdoors,,,0.25,Sleeper raw-stat projection × league scoring + current usage + OL health + league return scoring,73.31,266.0,F,,,,4,,0.5,2.0,1.23,-1.5,0.0,12,,,,,0.0,-1.22,2026,STABLE,3,3,3,2.0,2.3,2.3,0.0,1.0,1.0,-3.0,0.0,-0.06,94.4,HEALTHY,LT Andrew Thomas (LIMITED),-0.2,-0.06,-0.0,0.0,0.0,LOW,no material weather signal,69.6,4.8,5.6,34.0,Open-Meteo game-time forecast,0.0,0.0,,,0.0,0.31,0.25,KR,MEDIUM,False,
1370453762442797056,18-Team Chopped — Surviving the Chamber,2,False,12455,Brashard Smith,RB,KC,LV,away,2026-10-04,16:25,47.5,dome,,,0.9,Sleeper raw-stat projection × league scoring + current usage + OL health + league return scoring,83.35,315.0,F,,,,3,,0.0,1.1,0.4,-1.1,0.0,12,,,,,0.0,-1.22,2026,STABLE,3,2,3,8.0,2.7,2.7,0.5,0.0,0.5,-3.0,0.0,-0.23,77.8,MINOR CONCERN,LT Josh Simmons (UNAVAILABLE),-0.78,-0.24,-0.0,0.0,0.0,INDOOR,indoor,,,,,indoor/no weather adjustment,0.0,0.0,,,0.0,1.13,0.9,KR+PR,MEDIUM,True,3
1370453762442797056,18-Team Chopped — Surviving the Chamber,2,False,12481,Cam Skattebo,RB,NYG,ARI,home,2026-10-04,13:00,44.5,outdoors,,,25.5,Sleeper raw-stat projection × league scoring + current usage + OL health,19.63,55.0,B,,,,1,,13.3,12.8,23.84,0.5,0.0,12,,,,,24.34,1.22,2026,STABLE,3,3,3,77.0,65.7,65.7,2.67,16.67,19.33,3.0,25.56,-0.06,94.4,HEALTHY,LT Andrew Thomas (LIMITED),-0.2,-0.06,-0.0,25.5,0.0,LOW,no material weather signal,69.6,4.8,5.6,34.0,Open-Meteo game-time forecast,25.5,0.0,,,25.5,0.0,0.0,,,,
1370453762442797056,18-Team Chopped — Surviving the Chamber,2,False,12507,Omarion Hampton,RB,LAC,SEA,away,2026-10-04,16:25,42.5,outdoors,,,15.98,Sleeper raw-stat projection × league scoring + current usage,15.1,22.83,B,,,,1,,15.1,14.6,14.67,0.5,0.0,12,,,,,15.17,0.81,2026,STABLE,3,3,3,42.0,54.3,54.3,1.0,16.67,17.67,2.0,15.98,-0.0,100.0,HEALTHY,none,-0.0,-0.0,-0.0,15.98,0.0,LOW,no material weather signal,69.8,6.8,6.3,0.0,Open-Meteo game-time forecast,15.98,0.0,,,15.98,0.0,0.0,,,,
1370453762442797056,18-Team Chopped — Surviving the Chamber,2,False,13296,Caleb Douglas,WR,MIA,MIN,away,2026-10-04,16:05,38.5,dome,,,7.47,Sleeper raw-stat projection × league scoring + current usage,,133.17,,Out,,OUT,2,,0.0,,6.68,0.0,0.0,10,,,,,6.68,0.79,2026,STABLE,2,2,2,86.0,88.5,88.5,5.0,0.0,5.0,3.0,7.47,-0.0,100.0,HEALTHY,none,-0.0,-0.0,-0.0,7.47,0.0,INDOOR,indoor,,,,,indoor/no weather adjustment,7.47,0.0,,,7.47,0.0,0.0,,,,
1370453762442797056,18-Team Chopped — Surviving the Chamber,2,False,2020,Cairo Santos,K,CHI,NYJ,home,2026-10-04,13:00,43.5,outdoors,,,7.63,Sleeper raw-stat projection × league scoring,26.81,221.17,D-,,,,1,,7.0,6.5,7.13,0.5,0.0,7,,,,,7.63,0.0,,,,,,,,,,,,,7.63,0.0,90.0,HEALTHY,LT Braxton Jones (AT RISK),-0.35,-0.11,-0.0,7.63,0.0,LOW,no material weather signal,65.3,9.9,13.4,3.0,Open-Meteo game-time forecast,7.63,0.0,,,7.63,0.0,0.0,,,,
1370453762442797056,18-Team Chopped — Surviving the Chamber,2,False,5045,Courtland Sutton,WR,DEN,SF,away,2026-10-04,16:25,47.5,outdoors,,,11.34,Sleeper raw-stat projection × league scoring + current usage + injury ripple,45.12,78.83,C,,,,2,,9.2,9.9,10.55,-0.7,0.0,6,,,,,9.85,0.81,2026,STABLE,3,3,3,87.0,78.7,78.7,5.33,0.0,5.33,2.0,10.66,-0.0,100.0,HEALTHY,none,-0.0,-0.0,-0.0,10.66,0.0,LOW,no material weather signal,,,,,schedule fallback,10.66,0.68,WR1 QUESTIONABLE/DNP: target concentration rises for next WR | Opponent CB1 QUESTIONABLE/DNP: secondary WR matchup improves,HIGH,11.34,0.0,0.0,,,,
1370453762442797056,18-Team Chopped — Surviving the Chamber,2,False,5844,T.J. Hockenson,TE,MIN,MIA,home,2026-10-04,16:05,38.5,dome,,,11.98,Sleeper raw-stat projection × league scoring + current usage + OL health + injury ripple,20.78,148.67,D-,,,,1,,8.5,8.5,10.79,0.0,0.0,7,,,,,10.79,0.81,2026,STABLE,3,3,3,85.0,73.3,73.3,4.33,0.0,4.33,2.0,11.6,-0.12,90.0,HEALTHY,LT Christian Darrisaw (AT RISK),-0.35,-0.11,-0.0,11.48,0.0,INDOOR,indoor,,,,,indoor/no weather adjustment,11.48,0.5,WR1 OUT/IR: TE target share can rise,MEDIUM,11.98,0.0,0.0,,,,
1370453762442797056,18-Team Chopped — Surviving the Chamber,2,False,5872,Deebo Samuel,WR,SF,DEN,home,2026-10-04,16:25,47.5,outdoors,,,13.19,Sleeper raw-stat projection × league scoring + OL health + injury ripple + league return scoring,26.2,77.83,B,,,,2,,11.1,11.8,10.11,-0.7,0.0,12,,,,,9.41,0.0,2026,STABLE,3,3,3,76.0,59.3,59.3,3.67,1.33,3.67,0.0,9.41,-0.14,90.0,HEALTHY,LT Trent Williams (AT RISK),-0.35,-0.11,-0.0,9.27,0.0,LOW,no material weather signal,,,,,schedule fallback,9.27,1.1,WR1 OUT/IR: target concentration rises for next WR,HIGH,10.37,2.82,2.82,KR,HIGH,True,2
1370453762442797056,18-Team Chopped — Surviving the Chamber,2,False,6804,Jordan Love,QB,GB,TB,away,2026-10-04,13:00,39.5,outdoors,,,22.22,Sleeper raw-stat projection × league scoring + current usage + OL health,10.83,104.5,B,,,,1,,18.0,17.5,21.58,0.5,0.0,12,,,,,22.08,0.41,2026,STABLE,3,3,3,100.0,100.0,100.0,0.0,0.67,0.0,2.0,22.49,-0.27,73.1,DEGRADED,LG Aaron Banks (UNAVAILABLE) | RG Jacob Monk (AT RISK),-0.36,-0.65,-0.0,22.22,0.0,LOW,no material weather signal,90.8,9.6,11.2,2.0,Open-Meteo game-time forecast,22.22,0.0,,,22.22,0.0,0.0,,,,
1370453762442797056,18-Team Chopped — Surviving the Chamber,3,False,10219,Chris Rodriguez,RB,JAX,CIN,away,2026-10-04,13:00,51.5,outdoors,,,7.86,Sleeper raw-stat projection × league scoring + OL health,51.54,210.17,F,,,,2,,5.1,5.2,8.06,-0.1,0.0,12,,,,,7.96,0.0,2026,STABLE,3,3,3,21.0,27.7,27.7,0.0,6.67,6.67,0.0,7.96,-0.1,90.0,HEALTHY,LT Anton Harrison (AT RISK),-0.35,-0.11,-0.0,7.86,0.0,LOW,no material weather signal,71.3,4.7,6.0,21.0,Open-Meteo game-time forecast,7.86,0.0,,,7.86,0.0,0.0,,,,
1370453762442797056,18-Team Chopped — Surviving the Chamber,3,False,10222,Jayden Reed,WR,GB,TB,away,2026-10-04,13:00,39.5,outdoors,,,0.12,season-long ECR proxy + current usage + OL health,,151.8,,Out,,OUT,4,,,,,,,,,,,,0.0,0.26,2026,STABLE,2,2,2,3.0,30.0,30.0,4.0,0.0,4.0,1.0,0.26,-0.14,73.1,DEGRADED,LG Aaron Banks (UNAVAILABLE) | RG Jacob Monk (AT RISK),-0.36,-0.65,-0.0,0.12,0.0,LOW,no material weather signal,90.8,9.6,11.2,2.0,Open-Meteo game-time forecast,0.12,0.0,,,0.12,0.0,0.0,,,,
1370453762442797056,18-Team Chopped — Surviving the Chamber,3,False,11564,Drake Maye,QB,NE,BUF,away,2026-10-04,13:00,48.5,outdoors,,,24.35,Sleeper raw-stat projection × league scoring + current usage + OL health + injury ripple,11.9,51.17,B-,,,,1,,17.8,17.3,23.33,0.5,0.0,12,,,,,23.83,0.41,2026,STABLE,3,3,3,81.0,93.7,93.7,0.0,5.0,0.0,2.0,24.24,-0.34,75.9,MINOR CONCERN,RG Greg Van Roten (UNAVAILABLE) | RT Morgan Moses (LIMITED),-0.45,-0.51,-0.0,23.9,0.0,LOW,no material weather signal,65.5,10.0,12.3,7.0,Open-Meteo game-time forecast,23.9,0.45,Top edge rusher OUT/IR: QB pressure environment improves,MEDIUM,24.35,0.0,0.0,,,,
1370453762442797056,18-Team Chopped — Surviving the Chamber,3,False,11625,Adonai Mitchell,WR,NYJ,CHI,away,2026-10-04,13:00,43.5,outdoors,,,9.73,Sleeper raw-stat projection × league scoring + current usage + OL health,,104.5,,Out,,OUT,2,,0.0,,9.04,0.0,0.0,12,,,,,9.04,0.79,2026,STABLE,2,2,2,82.0,75.5,75.5,7.5,0.0,7.5,3.0,9.83,-0.1,81.5,MINOR CONCERN,LG Dylan Parham (UNAVAILABLE),-0.25,-0.45,-0.0,9.73,0.0,LOW,no material weather signal,65.3,9.9,13.4,3.0,Open-Meteo game-time forecast,9.73,0.0,,,9.73,0.0,0.0,,,,
1370453762442797056,18-Team Chopped — Surviving the Chamber,3,False,12498,Mason Taylor,TE,NYJ,CHI,away,2026-10-04,13:00,43.5,outdoors,,,3.37,Sleeper raw-stat projection × league scoring + OL health,,248.0,,Out,,OUT,2,,0.0,,3.49,0.0,0.0,7,,,,,3.49,0.0,2026,STABLE,2,1,2,46.0,56.0,56.0,3.0,0.0,3.0,0.0,3.49,-0.12,81.5,MINOR CONCERN,LG Dylan Parham (UNAVAILABLE),-0.25,-0.45,-0.0,3.37,0.0,LOW,no material weather signal,65.3,9.9,13.4,3.0,Open-Meteo game-time forecast,3.37,0.0,,,3.37,0.0,0.0,,,,
1370453762442797056,18-Team Chopped — Surviving the Chamber,3,False,12504,Kaleb Johnson,RB,GB,TB,away,2026-10-04,13:00,39.5,outdoors,,,6.6,Sleeper raw-stat projection × league scoring + current usage + OL health,40.17,245.17,D,,,,2,,7.5,8.2,8.55,-0.7,0.0,12,,,,,7.85,-0.81,2026,STABLE,3,3,3,36.0,21.0,21.0,1.0,4.0,5.0,-2.0,7.04,-0.44,73.1,DEGRADED,LG Aaron Banks (UNAVAILABLE) | RG Jacob Monk (AT RISK),-0.36,-0.65,-0.0,6.6,0.0,LOW,no material weather signal,90.8,9.6,11.2,2.0,Open-Meteo game-time forecast,6.6,0.0,,,6.6,0.0,0.0,,,,
1370453762442797056,18-Team Chopped — Surviving the Chamber,3,False,13293,Ja'Kobi Lane,WR,BAL,TEN,home,2026-10-04,13:00,43.5,outdoors,,,0.0,season-long ECR proxy + OL health,,216.83,,IR,,IR/PUP,9,,,,,,,,,,,,0.0,0.0,2026,STABLE,1,1,1,40.0,40.0,40.0,3.0,0.0,3.0,0.0,0.0,-0.31,77.8,MINOR CONCERN,LT Ronnie Stanley (UNAVAILABLE),-0.78,-0.24,-0.0,0.0,0.0,LOW,no material weather signal,66.5,3.4,3.1,44.0,Open-Meteo game-time forecast,0.0,0.0,,,0.0,0.0,0.0,,,,
1370453762442797056,18-Team Chopped — Surviving the Chamber,3,False,1466,Travis Kelce,TE,KC,LV,away,2026-10-04,16:25,47.5,dome,,,16.47,Sleeper raw-stat projection × league scoring + current usage + OL health + injury ripple,4.6,103.5,A,,,,1,,13.8,13.3,14.93,0.5,0.0,7,,,,,15.43,0.81,2026,STABLE,3,3,3,79.0,78.3,78.3,6.0,0.0,6.0,2.0,16.24,-0.27,77.8,MINOR CONCERN,LT Josh Simmons (UNAVAILABLE),-0.78,-0.24,-0.0,15.97,0.0,INDOOR,indoor,,,,,indoor/no weather adjustment,15.97,0.5,Starting safety OUT/IR: TE middle/deep matchup improves,MEDIUM,16.47,0.0,0.0,,,,
1370453762442797056,18-Team Chopped — Surviving the Chamber,3,False,3286,Demarcus Robinson,WR,SF,DEN,home,2026-10-04,16:25,47.5,outdoors,,,0.0,season-long ECR proxy + OL health,,,,IR,,IR/PUP,7,,,,,,,,,,,,0.0,0.0,2026,STABLE,2,2,2,31.0,47.0,47.0,3.0,0.0,3.0,0.0,0.0,-0.14,90.0,HEALTHY,LT Trent Williams (AT RISK),-0.35,-0.11,-0.0,0.0,0.0,LOW,no material weather signal,,,,,schedule fallback,0.0,0.0,,,0.0,0.0,0.0,,,,
1370453762442797056,18-Team Chopped — Surviving the Chamber,3,False,6790,D'Andre Swift,RB,CHI,NYJ,home,2026-10-04,13:00,43.5,outdoors,,,25.6,Sleeper raw-stat projection × league scoring + current usage + OL health,19.59,33.83,B,,,,1,,14.4,13.9,23.98,0.5,0.0,12,,,,,24.48,1.22,2026,STABLE,3,3,3,69.0,64.7,64.7,3.0,18.0,21.0,3.0,25.7,-0.1,90.0,HEALTHY,LT Braxton Jones (AT RISK),-0.35,-0.11,-0.0,25.6,0.0,LOW,no material weather signal,65.3,9.9,13.4,3.0,Open-Meteo game-time forecast,25.6,0.0,,,25.6,0.0,0.0,,,,
1370453762442797056,18-Team Chopped — Surviving the Chamber,3,False,7049,Jauan Jennings,WR,MIN,MIA,home,2026-10-04,16:05,38.5,dome,,,8.04,Sleeper raw-stat projection × league scoring + OL health + injury ripple,95.82,206.33,F,,,,3,,1.9,3.9,9.63,-2.0,0.0,10,,,,,7.63,0.0,2026,STABLE,3,2,2,80.0,64.0,64.0,1.5,0.0,1.5,0.0,7.63,-0.14,90.0,HEALTHY,LT Christian Darrisaw (AT RISK),-0.35,-0.11,-0.0,7.49,0.0,INDOOR,indoor,,,,,indoor/no weather adjustment,7.49,0.55,WR1 OUT/IR: WR3 role/targets can expand,MEDIUM,8.04,0.0,0.0,,,,
1370453762442797056,18-Team Chopped — Surviving the Chamber,3,False,7839,Evan McPherson,K,CIN,JAX,home,2026-10-04,13:00,51.5,outdoors,,,8.78,Sleeper raw-stat projection × league scoring,8.22,213.5,C+,,,,1,,9.5,8.4,7.68,1.1,0.0,7,,,,,8.78,0.0,,,,,,,,,,,,,8.78,0.0,100.0,HEALTHY,none,-0.0,-0.0,-0.0,8.78,0.0,LOW,no material weather signal,71.3,4.7,6.0,21.0,Open-Meteo game-time forecast,8.78,0.0,,,8.78,0.0,0.0,,,,
1370453762442797056,18-Team Chopped — Surviving the Chamber,3,False,8228,Jaylen Warren,RB,PIT,CLE,away,2026-10-01,20:15,38.5,outdoors,,,28.64,Sleeper raw-stat projection × league scoring + current usage + OL health,14.9,84.67,B,,,,1,,14.7,14.7,27.52,0.0,0.0,12,,,,,27.52,1.22,2026,STABLE,3,3,3,90.0,66.0,66.0,4.67,12.67,17.33,3.0,28.74,-0.1,90.0,HEALTHY,LT Troy Fautanu (AT RISK),-0.35,-0.11,-0.0,28.64,0.0,LOW,no material weather signal,76.9,8.9,18.8,4.0,Open-Meteo game-time forecast,28.64,0.0,,,28.64,0.0,0.0,,,,
1370453762442797056,18-Team Chopped — Surviving the Chamber,3,False,9488,Jaxon Smith-Njigba,WR,SEA,LAC,home,2026-10-04,16:25,42.5,outdoors,,,26.2,Sleeper raw-stat projection × league scoring + current usage + injury ripple,1.59,5.0,A+,,,,1,,22.6,22.1,23.68,0.5,0.0,12,,,,,24.18,1.62,2026,STABLE,3,3,3,87.0,81.3,81.3,12.0,0.0,12.0,4.0,25.8,-0.0,100.0,HEALTHY,none,-0.0,-0.0,-0.0,25.8,0.0,LOW,no material weather signal,69.8,6.8,6.3,0.0,Open-Meteo game-time forecast,25.8,0.4,Starting safety OUT/IR: downfield coverage improves,MEDIUM,26.2,0.0,0.0,,,,
1370453762442797056,18-Team Chopped — Surviving the Chamber,3,False,9494,Marvin Mims,WR,DEN,SF,away,2026-10-04,16:25,47.5,outdoors,,,9.53,Sleeper raw-stat projection × league scoring + current usage + injury ripple + league return scoring,,272.4,,Out,,OUT,5,,0.0,,2.37,0.0,0.0,12,,,,,2.37,-0.49,2026,STABLE,1,1,1,18.0,18.0,18.0,0.0,0.0,0.0,-3.0,1.88,-0.0,100.0,HEALTHY,none,-0.0,-0.0,-0.0,1.88,0.0,LOW,no material weather signal,,,,,schedule fallback,1.88,0.25,WR1 QUESTIONABLE/DNP: WR3 role/targets can expand,MEDIUM,2.13,7.4,7.4,KR+PR,HIGH,False,
1370453762442797056,18-Team Chopped — Surviving the Chamber,4,False,11581,MarShawn Lloyd,RB,GB,TB,away,2026-10-04,13:00,39.5,outdoors,,,12.39,Sleeper raw-stat projection × league scoring + current usage + OL health,41.95,154.17,D,,,,1,,8.2,7.7,11.92,0.5,0.0,12,,,,,12.42,0.41,2026,STABLE,3,3,3,23.0,31.3,31.3,2.0,7.67,9.67,1.0,12.83,-0.44,73.1,DEGRADED,LG Aaron Banks (UNAVAILABLE) | RG Jacob Monk (AT RISK),-0.36,-0.65,-0.0,12.39,0.0,LOW,no material weather signal,90.8,9.6,11.2,2.0,Open-Meteo game-time forecast,12.39,0.0,,,12.39,0.0,0.0,,,,
1370453762442797056,18-Team Chopped — Surviving the Chamber,4,False,12526,Tetairoa McMillan,WR,CAR,DET,home,2026-10-04,20:20,50.5,outdoors,,,17.24,Sleeper raw-stat projection × league scoring + current usage + OL health,15.27,38.17,A,,,,1,,15.4,14.3,14.56,1.1,0.0,12,,,,,15.66,1.62,2026,STABLE,3,3,3,95.0,85.7,85.7,7.67,0.0,7.67,4.0,17.28,-0.04,91.7,HEALTHY,LG Damien Lewis (AT RISK),-0.11,-0.2,-0.0,17.24,0.0,LOW,no material weather signal,63.9,4.6,8.1,62.0,Open-Meteo game-time forecast,17.24,0.0,,,17.24,0.0,0.0,,,,
1370453762442797056,18-Team Chopped — Surviving the Chamber,4,False,13286,Jadarian Price,RB,SEA,LAC,home,2026-10-04,16:25,42.5,outdoors,,,13.43,Sleeper raw-stat projection × league scoring + current usage + league return scoring,27.0,79.33,C+,,,,1,,12.0,11.5,12.35,0.5,0.0,12,,,,,12.85,0.41,2026,STABLE,3,3,3,28.0,36.7,36.7,2.33,9.33,11.67,1.0,13.26,-0.0,100.0,HEALTHY,none,-0.0,-0.0,-0.0,13.26,0.0,LOW,no material weather signal,69.8,6.8,6.3,0.0,Open-Meteo game-time forecast,13.26,0.0,,,13.26,0.28,0.17,KR,LOW,True,1
1370453762442797056,18-Team Chopped — Surviving the Chamber,4,False,13320,Zachariah Branch,WR,ATL,NO,away,2026-10-05,20:15,48.5,dome,,,1.01,Sleeper raw-stat projection × league scoring + current usage + OL health + league return scoring,93.59,255.83,F,,,,4,,4.2,5.7,3.4,-1.5,0.0,10,,,,,1.9,-1.22,2026,STABLE,3,3,3,18.0,22.7,22.7,1.33,0.0,1.33,-3.0,0.68,-0.23,73.3,DEGRADED,LT Jake Matthews (AT RISK) | C Ryan Neuzil (AT RISK) | RG Chris Lindstrom (AT RISK),-0.58,-0.51,-0.0,0.45,0.0,INDOOR,indoor,,,,,indoor/no weather adjustment,0.45,0.0,,,0.45,0.7,0.56,KR+PR,MEDIUM,False,
1370453762442797056,18-Team Chopped — Surviving the Chamber,4,False,1373,Geno Smith,QB,NYJ,CHI,away,2026-10-04,13:00,43.5,outdoors,,,18.62,Sleeper raw-stat projection × league scoring + current usage + OL health,19.17,173.17,D+,,,,1,,16.3,15.8,17.9,0.5,0.0,12,,,,,18.4,0.41,2026,STABLE,3,3,3,100.0,100.0,100.0,0.0,4.33,0.0,2.0,18.81,-0.19,81.5,MINOR CONCERN,LG Dylan Parham (UNAVAILABLE),-0.25,-0.45,-0.0,18.62,0.0,LOW,no material weather signal,65.3,9.9,13.4,3.0,Open-Meteo game-time forecast,18.62,0.0,,,18.62,0.0,0.0,,,,
1370453762442797056,18-Team Chopped — Surviving the Chamber,4,False,3257,Jacoby Brissett,QB,ARI,NYG,away,2026-10-04,13:00,44.5,outdoors,,,20.83,Sleeper raw-stat projection × league scoring + current usage + OL health,22.93,218.0,D-,,,,1,,15.4,14.9,20.0,0.5,0.0,12,,,,,20.5,0.41,2026,STABLE,3,3,3,100.0,100.0,100.0,0.0,3.67,0.0,2.0,20.91,-0.08,91.7,HEALTHY,RG Isaiah Adams (AT RISK),-0.11,-0.2,-0.0,20.83,0.0,LOW,no material weather signal,69.6,4.8,5.6,34.0,Open-Meteo game-time forecast,20.83,0.0,,,20.83,0.0,0.0,,,,
1370453762442797056,18-Team Chopped — Surviving the Chamber,4,False,4034,Christian McCaffrey,RB,SF,DEN,home,2026-10-04,16:25,47.5,outdoors,,,27.64,Sleeper raw-stat projection × league scoring + current usage + OL health,3.71,9.33,A,,,,1,,19.9,19.4,26.02,0.5,0.0,12,,,,,26.52,1.22,2026,STABLE,3,3,3,83.0,63.3,63.3,5.67,11.67,17.33,3.0,27.74,-0.1,90.0,HEALTHY,LT Trent Williams (AT RISK),-0.35,-0.11,-0.0,27.64,0.0,LOW,no material weather signal,,,,,schedule fallback,27.64,0.0,,,27.64,0.0,0.0,,,,
1370453762442797056,18-Team Chopped — Surviving the Chamber,4,False,5012,Mark Andrews,TE,BAL,TEN,home,2026-10-04,13:00,43.5,outdoors,,,12.2,Sleeper raw-stat projection × league scoring + current usage + OL health,10.5,131.0,C+,Questionable,,QUESTIONABLE,1,,9.0,11.0,11.16,0.5,2.5,13,,,,,11.66,0.81,2026,STABLE,3,3,3,52.0,65.0,65.0,6.0,0.0,6.0,2.0,12.47,-0.27,77.8,MINOR CONCERN,LT Ronnie Stanley (UNAVAILABLE),-0.78,-0.24,-0.0,12.2,0.0,LOW,no material weather signal,66.5,3.4,3.1,44.0,Open-Meteo game-time forecast,12.2,0.0,,,12.2,0.0,0.0,,,,
1370453762442797056,18-Team Chopped — Surviving the Chamber,4,False,5967,Tony Pollard,RB,TEN,BAL,away,2026-10-04,13:00,43.5,outdoors,,,16.12,Sleeper raw-stat projection × league scoring + current usage + OL health,28.17,142.5,C,,,,1,,12.0,11.5,15.11,0.5,0.0,12,,,,,15.61,0.81,2026,STABLE,3,3,3,53.0,53.3,53.3,2.33,12.67,15.0,2.0,16.42,-0.3,81.5,MINOR CONCERN,RG Fernando Carmona (UNAVAILABLE),-0.25,-0.45,-0.0,16.12,0.0,LOW,no material weather signal,66.5,3.4,3.1,44.0,Open-Meteo game-time forecast,16.12,0.0,,,16.12,0.0,0.0,,,,
1370453762442797056,18-Team Chopped — Surviving the Chamber,4,False,7042,Tyler Bass,K,BUF,NE,home,2026-10-04,13:00,48.5,outdoors,,,7.54,Sleeper raw-stat projection × league scoring,8.86,246.8,C+,,,,1,,8.3,7.8,7.04,0.5,0.0,7,,,,,7.54,0.0,,,,,,,,,,,,,7.54,0.0,100.0,HEALTHY,none,-0.0,-0.0,-0.0,7.54,0.0,LOW,no material weather signal,65.5,10.0,12.3,7.0,Open-Meteo game-time forecast,7.54,0.0,,,7.54,0.0,0.0,,,,
1370453762442797056,18-Team Chopped — Surviving the Chamber,4,False,8126,Wan'Dale Robinson,WR,TEN,BAL,away,2026-10-04,13:00,43.5,outdoors,,,10.9,Sleeper raw-stat projection × league scoring + current usage + OL health,52.98,86.67,C-,,,,2,,8.6,9.3,10.89,-0.7,0.0,12,,,,,10.19,0.81,2026,STABLE,3,3,3,63.0,66.0,66.0,6.0,0.0,6.0,2.0,11.0,-0.1,81.5,MINOR CONCERN,RG Fernando Carmona (UNAVAILABLE),-0.25,-0.45,-0.0,10.9,0.0,LOW,no material weather signal,66.5,3.4,3.1,44.0,Open-Meteo game-time forecast,10.9,0.0,,,10.9,0.0,0.0,,,,
1370453762442797056,18-Team Chopped — Surviving the Chamber,4,False,8144,Chris Olave,WR,NO,ATL,home,2026-10-05,20:15,48.5,dome,,,22.16,Sleeper raw-stat projection × league scoring + current usage,5.56,12.0,A+,,,,1,,17.8,17.3,20.04,0.5,0.0,12,,,,,20.54,1.62,2026,STABLE,3,3,3,84.0,84.7,84.7,12.0,0.0,12.0,4.0,22.16,-0.0,100.0,HEALTHY,none,-0.0,-0.0,-0.0,22.16,0.0,INDOOR,indoor,,,,,indoor/no weather adjustment,22.16,0.0,,,22.16,0.0,0.0,,,,
1370453762442797056,18-Team Chopped — Surviving the Chamber,4,False,8146,Garrett Wilson,WR,NYJ,CHI,away,2026-10-04,13:00,43.5,outdoors,,,20.1,Sleeper raw-stat projection × league scoring + current usage + OL health,6.61,33.17,A+,,,,1,,16.2,15.7,18.08,0.5,0.0,12,,,,,18.58,1.62,2026,STABLE,3,3,3,94.0,85.7,85.7,9.0,0.0,9.0,4.0,20.2,-0.1,81.5,MINOR CONCERN,LG Dylan Parham (UNAVAILABLE),-0.25,-0.45,-0.0,20.1,0.0,LOW,no material weather signal,65.3,9.9,13.4,3.0,Open-Meteo game-time forecast,20.1,0.0,,,20.1,0.0,0.0,,,,
1370453762442797056,18-Team Chopped — Surviving the Chamber,4,False,8183,Brock Purdy,QB,SF,DEN,home,2026-10-04,16:25,47.5,outdoors,,,25.57,Sleeper raw-stat projection × league scoring + current usage + OL health,3.21,65.17,A,,,,1,,22.5,22.0,24.92,0.5,0.0,12,,,,,25.42,0.41,2026,STABLE,3,3,3,100.0,95.0,95.0,0.0,3.33,0.0,2.0,25.83,-0.26,90.0,HEALTHY,LT Trent Williams (AT RISK),-0.35,-0.11,-0.0,25.57,0.0,LOW,no material weather signal,,,,,schedule fallback,25.57,0.0,,,25.57,0.0,0.0,,,,
1370453762442797056,18-Team Chopped — Surviving the Chamber,4,False,9500,Josh Downs,WR,IND,WAS,away,2026-10-04,09:30,47.5,outdoors,,,15.57,Sleeper raw-stat projection × league scoring + current usage + league return scoring,23.24,64.33,B+,,,,1,,12.7,12.2,13.43,0.5,0.0,12,,,,,13.93,1.22,2026,STABLE,3,3,3,68.0,80.0,80.0,8.0,0.0,8.0,3.0,15.15,-0.0,100.0,HEALTHY,none,-0.0,-0.0,-0.0,15.15,0.0,LOW,no material weather signal,62.9,3.4,5.8,44.0,Open-Meteo game-time forecast,15.15,0.0,,,15.15,0.42,0.42,PR,HIGH,True,1
1370453762442797056,18-Team Chopped — Surviving the Chamber,6,False,10229,Rashee Rice,WR,KC,LV,away,2026-10-04,16:25,47.5,dome,,,16.59,Sleeper raw-stat projection × league scoring + current usage + OL health + injury ripple,19.24,43.67,A-,,,,1,,13.7,13.2,15.19,0.5,0.0,12,,,,,15.69,0.81,2026,STABLE,3,3,3,77.0,79.7,79.7,5.67,0.0,5.67,2.0,16.5,-0.31,77.8,MINOR CONCERN,LT Josh Simmons (UNAVAILABLE),-0.78,-0.24,-0.0,16.19,0.0,INDOOR,indoor,,,,,indoor/no weather adjustment,16.19,0.4,Starting safety OUT/IR: downfield coverage improves,MEDIUM,16.59,0.0,0.0,,,,
1370453762442797056,18-Team Chopped — Surviving the Chamber,6,False,10859,Sam LaPorta,TE,DET,CAR,away,2026-10-04,20:20,50.5,outdoors,,,16.4,Sleeper raw-stat projection × league scoring + current usage + injury ripple,5.33,92.83,A-,,,,1,,13.5,12.4,13.58,1.1,0.0,13,,,,,14.68,1.22,2026,STABLE,3,3,3,92.0,90.3,90.3,6.33,0.0,6.33,3.0,15.9,-0.0,100.0,HEALTHY,none,-0.0,-0.0,-0.0,15.9,0.0,LOW,no material weather signal,63.9,4.6,8.1,62.0,Open-Meteo game-time forecast,15.9,0.5,Starting safety OUT/IR: TE middle/deep matchup improves,MEDIUM,16.4,0.0,0.0,,,,
1370453762442797056,18-Team Chopped — Surviving the Chamber,6,False,11635,Ladd McConkey,WR,LAC,SEA,away,2026-10-04,16:25,42.5,outdoors,,,14.99,Sleeper raw-stat projection × league scoring + current usage + injury ripple + league return scoring,15.9,43.17,A,,,,1,,14.5,14.0,13.01,0.5,0.0,12,,,,,13.51,0.81,2026,STABLE,3,3,3,88.0,61.0,61.0,5.0,0.0,5.0,2.0,14.32,-0.0,100.0,HEALTHY,none,-0.0,-0.0,-0.0,14.32,0.0,LOW,no material weather signal,69.8,6.8,6.3,0.0,Open-Meteo game-time forecast,14.32,0.65,TE1 OUT/IR: WR1 target share can rise | Starting safety OUT/IR: downfield coverage improves,MEDIUM,14.97,0.02,0.02,PR,MEDIUM,True,1
1370453762442797056,18-Team Chopped — Surviving the Chamber,6,False,12474,Woody Marks,RB,HOU,DAL,home,2026-10-04,13:00,48.5,,,,12.77,Sleeper raw-stat projection × league scoring + current usage + OL health,34.59,189.17,C,,,,2,,8.1,8.8,13.16,-0.7,0.0,12,,,,,12.46,0.41,2026,STABLE,3,3,3,37.0,45.3,45.3,2.67,7.33,10.0,1.0,12.87,-0.1,90.0,HEALTHY,RT Trent Brown (AT RISK),-0.35,-0.11,-0.0,12.77,0.0,LOW,no material weather signal,82.6,12.5,17.4,45.0,Open-Meteo game-time forecast,12.77,0.0,,,12.77,0.0,0.0,,,,
1370453762442797056,18-Team Chopped — Surviving the Chamber,6,False,12492,Pat Bryant,WR,DEN,SF,away,2026-10-04,16:25,47.5,outdoors,,,7.02,Sleeper raw-stat projection × league scoring + current usage,64.85,152.17,F,,,,3,,6.5,8.0,8.11,-1.5,0.0,12,,,,,6.61,0.41,2026,STABLE,3,3,3,70.0,65.0,65.0,3.0,0.33,3.0,1.0,7.02,-0.0,100.0,HEALTHY,none,-0.0,-0.0,-0.0,7.02,0.0,LOW,no material weather signal,,,,,schedule fallback,7.02,0.0,,,7.02,0.0,0.0,,,,
1370453762442797056,18-Team Chopped — Surviving the Chamber,6,False,12527,Ashton Jeanty,RB,LV,KC,home,2026-10-04,16:25,47.5,dome,,,24.86,Sleeper raw-stat projection × league scoring + current usage + OL health,5.95,15.67,A,,,,1,,19.6,19.1,23.28,0.5,0.0,12,,,,,23.78,1.22,2026,STABLE,3,3,3,84.0,79.7,79.7,5.33,21.0,26.33,3.0,25.0,-0.14,91.7,HEALTHY,RG Jackson Powers-Johnson (AT RISK),-0.11,-0.2,-0.0,24.86,0.0,INDOOR,indoor,,,,,indoor/no weather adjustment,24.86,0.0,,,24.86,0.0,0.0,,,,
1370453762442797056,18-Team Chopped — Surviving the Chamber,6,False,12533,Jacory Croskey-Merritt,RB,WAS,IND,home,2026-10-04,09:30,47.5,outdoors,,,19.1,Sleeper raw-stat projection × league scoring + current usage,39.61,136.67,D+,,,,1,,8.7,8.2,17.79,0.5,0.0,12,,,,,18.29,0.81,2026,STABLE,3,3,3,57.0,47.7,47.7,1.0,15.67,16.67,2.0,19.1,-0.0,100.0,HEALTHY,none,-0.0,-0.0,-0.0,19.1,0.0,LOW,no material weather signal,62.9,3.4,5.8,44.0,Open-Meteo game-time forecast,19.1,0.0,,,19.1,0.0,0.0,,,,
1370453762442797056,18-Team Chopped — Surviving the Chamber,6,False,12545,Tyler Shough,QB,NO,ATL,home,2026-10-05,20:15,48.5,dome,,,24.19,Sleeper raw-stat projection × league scoring + current usage,9.55,104.83,B,,,,1,,18.4,17.9,23.28,0.5,0.0,12,,,,,23.78,0.41,2026,STABLE,3,3,3,100.0,100.0,100.0,0.0,4.67,0.0,2.0,24.19,-0.0,100.0,HEALTHY,none,-0.0,-0.0,-0.0,24.19,0.0,INDOOR,indoor,,,,,indoor/no weather adjustment,24.19,0.0,,,24.19,0.0,0.0,,,,
1370453762442797056,18-Team Chopped — Surviving the Chamber,6,False,13294,Makai Lemon,WR,PHI,LAR,home,2026-10-04,13:00,43.5,outdoors,,,6.09,Sleeper raw-stat projection × league scoring + current usage + league return scoring,62.1,93.67,D-,,,,3,,6.7,8.2,7.14,-1.5,0.0,12,,,,,5.64,0.41,2026,STABLE,3,3,3,70.0,65.7,65.7,3.0,0.33,3.0,1.0,6.05,-0.0,100.0,HEALTHY,none,-0.0,-0.0,-0.0,6.05,0.0,LOW,no material weather signal,69.2,4.1,3.6,38.0,Open-Meteo game-time forecast,6.05,0.0,,,6.05,0.07,0.04,PR,LOW,True,3
1370453762442797056,18-Team Chopped — Surviving the Chamber,6,False,1479,Keenan Allen,WR,IND,WAS,away,2026-10-04,09:30,47.5,outdoors,,,9.34,Sleeper raw-stat projection × league scoring + current usage,54.63,140.17,D+,,,,2,,8.3,9.0,9.23,-0.7,0.0,6,,,,,8.53,0.81,2026,STABLE,3,3,3,73.0,63.7,63.7,6.67,0.0,6.67,2.0,9.34,-0.0,100.0,HEALTHY,none,-0.0,-0.0,-0.0,9.34,0.0,LOW,no material weather signal,62.9,3.4,5.8,44.0,Open-Meteo game-time forecast,9.34,0.0,,,9.34,0.0,0.0,,,,
1370453762442797056,18-Team Chopped — Surviving the Chamber,6,False,5022,Dallas Goedert,TE,PHI,LAR,home,2026-10-04,13:00,43.5,outdoors,,,0.76,season-long ECR proxy + current usage + injury ripple,,128.67,,Out,,OUT,4,,,,,,,,,,,,0.0,0.26,2026,STABLE,2,2,2,25.0,60.0,60.0,3.5,0.0,3.5,1.0,0.26,-0.0,100.0,HEALTHY,none,-0.0,-0.0,-0.0,0.26,0.0,LOW,no material weather signal,69.2,4.1,3.6,38.0,Open-Meteo game-time forecast,0.26,0.5,Starting safety OUT/IR: TE middle/deep matchup improves,MEDIUM,0.76,0.0,0.0,,,,
1370453762442797056,18-Team Chopped — Surviving the Chamber,6,False,6650,Chase McLaughlin,K,TB,GB,home,2026-10-04,13:00,39.5,outdoors,,,7.21,Sleeper raw-stat projection × league scoring,16.14,220.5,C,,,,1,,7.7,7.2,6.71,0.5,0.0,7,,,,,7.21,0.0,,,,,,,,,,,,,7.21,0.0,100.0,HEALTHY,none,-0.0,-0.0,-0.0,7.21,0.0,LOW,no material weather signal,90.8,9.6,11.2,2.0,Open-Meteo game-time forecast,7.21,0.0,,,7.21,0.0,0.0,,,,
1370453762442797056,18-Team Chopped — Surviving the Chamber,6,False,6806,J.K. Dobbins,RB,DEN,SF,away,2026-10-04,16:25,47.5,outdoors,,,13.65,Sleeper raw-stat projection × league scoring + current usage + injury ripple,34.46,141.67,C,,,,1,,9.4,8.9,12.58,0.5,0.0,12,,,,,13.08,0.41,2026,STABLE,3,3,3,49.0,42.0,42.0,0.67,11.67,12.33,1.0,13.49,-0.0,100.0,HEALTHY,none,-0.0,-0.0,-0.0,13.49,0.0,LOW,no material weather signal,,,,,schedule fallback,13.49,0.16,Starting linebacker QUESTIONABLE/DNP: RB run/checkdown environment improves,MEDIUM,13.65,0.0,0.0,,,,
1370453762442797056,18-Team Chopped — Surviving the Chamber,6,False,8132,Tyler Allgeier,RB,ARI,NYG,away,2026-10-04,13:00,44.5,outdoors,,,10.67,Sleeper raw-stat projection × league scoring + current usage + OL health,40.71,170.83,D,,,,2,,7.0,7.7,11.1,-0.7,0.0,12,,,,,10.4,0.41,2026,STABLE,3,3,3,36.0,53.0,53.0,2.67,8.0,10.67,1.0,10.81,-0.14,91.7,HEALTHY,RG Isaiah Adams (AT RISK),-0.11,-0.2,-0.0,10.67,0.0,LOW,no material weather signal,69.6,4.8,5.6,34.0,Open-Meteo game-time forecast,10.67,0.0,,,10.67,0.0,0.0,,,,
1370453762442797056,18-Team Chopped — Surviving the Chamber,6,False,8148,Jameson Williams,WR,DET,CAR,away,2026-10-04,20:20,50.5,outdoors,,,13.13,Sleeper raw-stat projection × league scoring + current usage + injury ripple,25.46,59.0,B,,,,2,,11.8,11.9,11.83,-0.1,0.0,12,,,,,11.73,1.22,2026,STABLE,3,3,3,82.0,87.7,87.7,5.67,0.0,5.67,3.0,12.95,-0.0,100.0,HEALTHY,none,-0.0,-0.0,-0.0,12.95,0.0,LOW,no material weather signal,63.9,4.6,8.1,62.0,Open-Meteo game-time forecast,12.95,0.18,Opponent CB1 QUESTIONABLE/DNP: secondary WR matchup improves,MEDIUM,13.13,0.0,0.0,,,,
1370453762442797056,18-Team Chopped — Surviving the Chamber,6,False,9226,De'Von Achane,RB,MIA,MIN,away,2026-10-04,16:05,38.5,dome,,,1.26,weekly projected points + current usage + injury ripple,11.73,24.83,A-,IR,,IR/PUP,4,,,,,,,,,,,,0.0,0.81,2026,STABLE,3,3,3,5.0,55.7,55.7,4.0,11.33,15.33,2.0,0.81,-0.0,100.0,HEALTHY,none,-0.0,-0.0,-0.0,0.81,0.0,INDOOR,indoor,,,,,indoor/no weather adjustment,0.81,0.45,RB1 OUT/IR: secondary backfield opportunity,MEDIUM,1.26,0.0,0.0,,,,
1370453762442797056,18-Team Chopped — Surviving the Chamber,7,False,11834,Devaughn Vele,WR,NO,ATL,home,2026-10-05,20:15,48.5,dome,,,11.88,Sleeper raw-stat projection × league scoring + current usage,29.66,147.5,C+,,,,2,,10.6,11.3,10.96,-0.7,0.0,12,,,,,10.26,1.62,2026,STABLE,3,3,3,88.0,91.7,91.7,7.33,0.0,7.33,4.0,11.88,-0.0,100.0,HEALTHY,none,-0.0,-0.0,-0.0,11.88,0.0,INDOOR,indoor,,,,,indoor/no weather adjustment,11.88,0.0,,,11.88,0.0,0.0,,,,
1370453762442797056,18-Team Chopped — Surviving the Chamber,7,False,11994,Kameron Johnson,WR,TB,GB,home,2026-10-04,13:00,39.5,outdoors,,,5.74,Sleeper raw-stat projection × league scoring + current usage + league return scoring,167.0,,F,,,,5,,0.0,0.0,0.45,0.0,0.0,12,,,,,0.45,-1.22,2026,STABLE,3,3,3,1.0,3.3,3.3,0.0,0.0,0.0,-3.0,0.0,-0.0,100.0,HEALTHY,none,-0.0,-0.0,-0.0,0.0,0.0,LOW,no material weather signal,90.8,9.6,11.2,2.0,Open-Meteo game-time forecast,0.0,0.0,,,0.0,5.74,5.74,KR+PR,HIGH,False,
1370453762442797056,18-Team Chopped — Surviving the Chamber,7,False,12487,Terrance Ferguson,TE,LAR,PHI,away,2026-10-04,13:00,43.5,outdoors,,,8.99,weekly projected points + current usage + injury ripple,13.33,148.17,C,Questionable,,QUESTIONABLE,1,,,,,,,,,,,,8.2,0.41,2026,STABLE,3,3,3,26.0,45.0,45.0,4.0,0.0,4.0,1.0,8.61,-0.0,100.0,HEALTHY,none,-0.0,-0.0,-0.0,8.61,0.0,LOW,no material weather signal,69.2,4.1,3.6,38.0,Open-Meteo game-time forecast,8.61,0.38,TE1 QUESTIONABLE/DNP: TE2 route/target opportunity rises,HIGH,8.99,0.0,0.0,,,,
1370453762442797056,18-Team Chopped — Surviving the Chamber,7,False,12512,Quinshon Judkins,RB,CLE,PIT,home,2026-10-01,20:15,38.5,outdoors,,,15.24,Sleeper raw-stat projection × league scoring + current usage + OL health,22.88,81.5,B-,,,,1,,12.5,12.5,14.56,0.0,0.0,12,,,,,14.56,1.22,2026,STABLE,3,3,3,51.0,61.0,61.0,3.0,14.0,17.0,3.0,15.78,-0.54,63.1,DEGRADED,C Elgton Jenkins (AT RISK) | RG Teven Jenkins (UNAVAILABLE) | RT Tytus Howard (AT RISK),-0.71,-0.76,-0.0,15.24,0.0,LOW,no material weather signal,76.9,8.9,18.8,4.0,Open-Meteo game-time forecast,15.24,0.0,,,15.24,0.0,0.0,,,,
1370453762442797056,18-Team Chopped — Surviving the Chamber,7,False,12711,Tyler Loop,K,BAL,TEN,home,2026-10-04,13:00,43.5,outdoors,,,7.69,Sleeper raw-stat projection × league scoring,,,,,,,1,,5.5,,7.69,0.0,0.0,7,,,,,7.69,0.0,,,,,,,,,,,,,7.69,0.0,77.8,MINOR CONCERN,LT Ronnie Stanley (UNAVAILABLE),-0.78,-0.24,-0.0,7.69,0.0,LOW,no material weather signal,66.5,3.4,3.1,44.0,Open-Meteo game-time forecast,7.69,0.0,,,7.69,0.0,0.0,,,,
1370453762442797056,18-Team Chopped — Surviving the Chamber,7,False,13414,Kaelon Black,RB,SF,DEN,home,2026-10-04,16:25,47.5,outdoors,,,8.04,Sleeper raw-stat projection × league scoring + current usage + OL health,42.83,173.33,D,,,,2,,6.0,6.7,8.43,-0.7,0.0,12,,,,,7.73,0.41,2026,STABLE,3,3,3,15.0,30.3,30.3,0.67,8.33,9.0,1.0,8.14,-0.1,90.0,HEALTHY,LT Trent Williams (AT RISK),-0.35,-0.11,-0.0,8.04,0.0,LOW,no material weather signal,,,,,schedule fallback,8.04,0.0,,,8.04,0.0,0.0,,,,
1370453762442797056,18-Team Chopped — Surviving the Chamber,7,False,7002,Juwan Johnson,TE,NO,ATL,home,2026-10-05,20:15,48.5,dome,,,15.94,Sleeper raw-stat projection × league scoring + current usage,12.4,119.83,C,,,,1,,10.8,10.3,14.63,0.5,0.0,7,,,,,15.13,0.81,2026,STABLE,3,3,3,62.0,66.3,66.3,6.33,0.0,6.33,2.0,15.94,-0.0,100.0,HEALTHY,none,-0.0,-0.0,-0.0,15.94,0.0,INDOOR,indoor,,,,,indoor/no weather adjustment,15.94,0.0,,,15.94,0.0,0.0,,,,
1370453762442797056,18-Team Chopped — Surviving the Chamber,7,False,7523,Trevor Lawrence,QB,JAX,CIN,away,2026-10-04,13:00,51.5,outdoors,,,25.91,Sleeper raw-stat projection × league scoring + current usage + OL health,8.86,51.5,B,,,,1,,19.4,18.3,24.66,1.1,0.0,12,,,,,25.76,0.41,2026,STABLE,3,3,3,95.0,94.3,94.3,0.0,2.67,0.0,2.0,26.17,-0.26,90.0,HEALTHY,LT Anton Harrison (AT RISK),-0.35,-0.11,-0.0,25.91,0.0,LOW,no material weather signal,71.3,4.7,6.0,21.0,Open-Meteo game-time forecast,25.91,0.0,,,25.91,0.0,0.0,,,,
1370453762442797056,18-Team Chopped — Surviving the Chamber,7,False,7543,Travis Etienne,RB,NO,ATL,home,2026-10-05,20:15,48.5,dome,,,0.41,weekly projected points + current usage,26.39,64.0,C+,Out,,OUT,3,,,,,,,,,,,,0.0,0.41,2026,STABLE,3,3,3,38.0,50.3,50.3,4.33,10.0,14.33,1.0,0.41,-0.0,100.0,HEALTHY,none,-0.0,-0.0,-0.0,0.41,0.0,INDOOR,indoor,,,,,indoor/no weather adjustment,0.41,0.0,,,0.41,0.0,0.0,,,,
1370453762442797056,18-Team Chopped — Surviving the Chamber,7,False,8155,Breece Hall,RB,NYJ,CHI,away,2026-10-04,13:00,43.5,outdoors,,,0.51,weekly projected points + current usage + OL health,12.56,41.33,B+,Out,,OUT,2,,,,,,,,,,,,0.0,0.81,2026,STABLE,3,3,3,48.0,57.0,57.0,3.33,17.0,20.33,2.0,0.81,-0.3,81.5,MINOR CONCERN,LG Dylan Parham (UNAVAILABLE),-0.25,-0.45,-0.0,0.51,0.0,LOW,no material weather signal,65.3,9.9,13.4,3.0,Open-Meteo game-time forecast,0.51,0.0,,,0.51,0.0,0.0,,,,
1370453762442797056,18-Team Chopped — Surviving the Chamber,7,False,8167,Christian Watson,WR,GB,TB,away,2026-10-04,13:00,39.5,outdoors,,,18.08,Sleeper raw-stat projection × league scoring + current usage + OL health,10.56,36.83,A,,,,1,,15.8,15.3,16.1,0.5,0.0,12,,,,,16.6,1.62,2026,STABLE,3,3,3,80.0,82.0,82.0,9.67,0.0,9.67,4.0,18.22,-0.14,73.1,DEGRADED,LG Aaron Banks (UNAVAILABLE) | RG Jacob Monk (AT RISK),-0.36,-0.65,-0.0,18.08,0.0,LOW,no material weather signal,90.8,9.6,11.2,2.0,Open-Meteo game-time forecast,18.08,0.0,,,18.08,0.0,0.0,,,,
1370453762442797056,18-Team Chopped — Surviving the Chamber,7,False,9228,Bryce Young,QB,CAR,DET,home,2026-10-04,20:20,50.5,outdoors,,,25.18,Sleeper raw-stat projection × league scoring + current usage + OL health,14.62,115.0,C,,,,1,,17.9,16.8,23.75,1.1,0.0,12,,,,,24.85,0.41,2026,STABLE,3,3,3,100.0,94.7,94.7,0.0,1.0,0.0,2.0,25.26,-0.08,91.7,HEALTHY,LG Damien Lewis (AT RISK),-0.11,-0.2,-0.0,25.18,0.0,LOW,no material weather signal,63.9,4.6,8.1,62.0,Open-Meteo game-time forecast,25.18,0.0,,,25.18,0.0,0.0,,,,
1370453762442797056,18-Team Chopped — Surviving the Chamber,7,False,9482,Michael Mayer,TE,LV,KC,home,2026-10-04,16:25,47.5,dome,,,7.92,Sleeper raw-stat projection × league scoring + current usage + OL health,30.31,224.5,F,,,,2,,5.7,6.4,7.45,-0.7,0.0,7,,,,,6.75,1.22,2026,STABLE,3,3,3,87.0,84.0,84.0,4.67,0.0,4.67,3.0,7.97,-0.05,91.7,HEALTHY,RG Jackson Powers-Johnson (AT RISK),-0.11,-0.2,-0.0,7.92,0.0,INDOOR,indoor,,,,,indoor/no weather adjustment,7.92,0.0,,,7.92,0.0,0.0,,,,
1370453762442797056,18-Team Chopped — Surviving the Chamber,7,False,9487,Parker Washington,WR,JAX,CIN,away,2026-10-04,13:00,51.5,outdoors,,,22.44,Sleeper raw-stat projection × league scoring + current usage + OL health + injury ripple + league return scoring,11.37,29.67,A,,,,1,,15.9,14.8,17.95,1.1,0.0,12,,,,,19.05,1.22,2026,STABLE,3,3,3,81.0,74.3,74.3,7.67,0.0,7.67,3.0,20.27,-0.14,90.0,HEALTHY,LT Anton Harrison (AT RISK),-0.35,-0.11,-0.0,20.13,0.0,LOW,no material weather signal,71.3,4.7,6.0,21.0,Open-Meteo game-time forecast,20.13,0.18,Starting safety QUESTIONABLE/DNP: downfield coverage improves,MEDIUM,20.31,2.13,2.13,PR,HIGH,True,1
1370453762442797056,18-Team Chopped — Surviving the Chamber,7,False,9493,Puka Nacua,WR,LAR,PHI,away,2026-10-04,13:00,43.5,outdoors,,,19.24,Sleeper raw-stat projection × league scoring + current usage + injury ripple,,10.17,,Out,,OUT,1,,0.0,,18.64,0.0,0.0,12,,,,,18.64,0.49,2026,STABLE,1,1,1,70.0,70.0,70.0,9.0,0.0,9.0,3.0,19.13,-0.0,100.0,HEALTHY,none,-0.0,-0.0,-0.0,19.13,0.0,LOW,no material weather signal,69.2,4.1,3.6,38.0,Open-Meteo game-time forecast,19.13,0.11,TE1 QUESTIONABLE/DNP: WR1 target share can rise,MEDIUM,19.24,0.0,0.0,,,,
1370453762442797056,18-Team Chopped — Surviving the Chamber,8,False,11435,Emanuel Wilson,RB,SEA,LAC,home,2026-10-04,16:25,42.5,outdoors,,,9.34,Sleeper raw-stat projection × league scoring + current usage,45.37,253.67,D-,,,,2,,5.9,6.6,9.63,-0.7,0.0,12,,,,,8.93,0.41,2026,STABLE,3,3,3,36.0,27.7,27.7,0.33,10.67,11.0,1.0,9.34,-0.0,100.0,HEALTHY,none,-0.0,-0.0,-0.0,9.34,0.0,LOW,no material weather signal,69.8,6.8,6.3,0.0,Open-Meteo game-time forecast,9.34,0.0,,,9.34,0.0,0.0,,,,
1370453762442797056,18-Team Chopped — Surviving the Chamber,8,False,11575,Ray Davis,RB,BUF,NE,home,2026-10-04,13:00,48.5,outdoors,,,1.55,Sleeper raw-stat projection × league scoring + current usage + league return scoring,65.17,241.83,F,,,,3,,1.9,3.4,1.67,-1.5,0.0,12,,,,,0.17,-1.22,2026,STABLE,3,2,3,8.0,10.3,10.3,0.0,0.5,0.5,-3.0,0.0,-0.0,100.0,HEALTHY,none,-0.0,-0.0,-0.0,0.0,0.0,LOW,no material weather signal,65.5,10.0,12.3,7.0,Open-Meteo game-time forecast,0.0,0.0,,,0.0,1.94,1.55,KR+PR,MEDIUM,True,3
1370453762442797056,18-Team Chopped — Surviving the Chamber,8,False,11637,Keon Coleman,WR,BUF,NE,home,2026-10-04,13:00,48.5,outdoors,,,3.66,Sleeper raw-stat projection × league scoring,68.89,242.17,F,,,,3,,5.1,6.6,5.16,-1.5,0.0,12,,,,,3.66,0.0,2026,STABLE,3,3,3,48.0,57.3,57.3,3.0,0.0,3.0,0.0,3.66,-0.0,100.0,HEALTHY,none,-0.0,-0.0,-0.0,3.66,0.0,LOW,no material weather signal,65.5,10.0,12.3,7.0,Open-Meteo game-time forecast,3.66,0.0,,,3.66,0.0,0.0,,,,
1370453762442797056,18-Team Chopped — Surviving the Chamber,8,False,12501,Matthew Golden,WR,GB,TB,away,2026-10-04,13:00,39.5,outdoors,,,13.82,Sleeper raw-stat projection × league scoring + current usage + OL health,20.61,74.5,A-,,,,2,,12.0,12.7,13.04,-0.7,0.0,12,,,,,12.34,1.62,2026,STABLE,3,3,3,82.0,83.3,83.3,10.0,0.0,10.0,4.0,13.96,-0.14,73.1,DEGRADED,LG Aaron Banks (UNAVAILABLE) | RG Jacob Monk (AT RISK),-0.36,-0.65,-0.0,13.82,0.0,LOW,no material weather signal,90.8,9.6,11.2,2.0,Open-Meteo game-time forecast,13.82,0.0,,,13.82,0.0,0.0,,,,
1370453762442797056,18-Team Chopped — Surviving the Chamber,8,False,12506,Harold Fannin,TE,CLE,PIT,home,2026-10-01,20:15,38.5,outdoors,,,16.36,Sleeper raw-stat projection × league scoring + current usage + OL health,14.5,101.67,C-,,,,1,,10.2,10.2,15.43,0.0,0.0,13,,,,,15.43,1.22,2026,STABLE,3,3,3,86.0,84.7,84.7,6.0,0.0,6.0,3.0,16.65,-0.29,63.1,DEGRADED,C Elgton Jenkins (AT RISK) | RG Teven Jenkins (UNAVAILABLE) | RT Tytus Howard (AT RISK),-0.71,-0.76,-0.0,16.36,0.0,LOW,no material weather signal,76.9,8.9,18.8,4.0,Open-Meteo game-time forecast,16.36,0.0,,,16.36,0.0,0.0,,,,
1370453762442797056,18-Team Chopped — Surviving the Chamber,8,False,12514,Emeka Egbuka,WR,TB,GB,home,2026-10-04,13:00,39.5,outdoors,,,12.38,Sleeper raw-stat projection × league scoring + current usage + injury ripple,27.1,39.83,B,,,,1,,12.1,11.6,11.11,0.5,0.0,12,,,,,11.61,1.22,2026,STABLE,3,3,3,74.0,82.0,82.0,6.67,0.33,6.67,3.0,12.83,-0.0,100.0,HEALTHY,none,-0.0,-0.0,-0.0,12.83,0.0,LOW,no material weather signal,90.8,9.6,11.2,2.0,Open-Meteo game-time forecast,12.83,-0.45,QB1 OUT/IR: pass-catcher efficiency risk with backup QB,MEDIUM,12.38,0.0,0.0,,,,
1370453762442797056,18-Team Chopped — Surviving the Chamber,8,False,13330,Kenyon Sadiq,TE,NYJ,CHI,away,2026-10-04,13:00,43.5,outdoors,,,12.95,Sleeper raw-stat projection × league scoring + current usage + OL health,21.21,156.33,D-,,,,1,,8.8,8.3,12.16,0.5,0.0,13,,,,,12.66,0.41,2026,STABLE,3,3,3,58.0,45.3,45.3,4.67,0.33,4.67,1.0,13.07,-0.12,81.5,MINOR CONCERN,LG Dylan Parham (UNAVAILABLE),-0.25,-0.45,-0.0,12.95,0.0,LOW,no material weather signal,65.3,9.9,13.4,3.0,Open-Meteo game-time forecast,12.95,0.0,,,12.95,0.0,0.0,,,,
1370453762442797056,18-Team Chopped — Surviving the Chamber,8,False,2216,Mike Evans,WR,SF,DEN,home,2026-10-04,16:25,47.5,outdoors,,,0.88,Sleeper raw-stat projection × league scoring + current usage + OL health,17.98,46.67,A-,Out,,OUT,1,,0.0,13.7,14.31,-13.7,0.0,6,,,,,0.61,0.41,2026,STABLE,3,3,3,33.0,54.0,54.0,5.33,0.0,5.33,1.0,1.02,-0.14,90.0,HEALTHY,LT Trent Williams (AT RISK),-0.35,-0.11,-0.0,0.88,0.0,LOW,no material weather signal,,,,,schedule fallback,0.88,0.0,,,0.88,0.0,0.0,,,,
1370453762442797056,18-Team Chopped — Surviving the Chamber,8,False,3294,Dak Prescott,QB,DAL,HOU,away,2026-10-04,13:00,48.5,,,,23.23,Sleeper raw-stat projection × league scoring + current usage,5.81,71.33,A,,,,1,,19.8,19.3,22.32,0.5,0.0,12,,,,,22.82,0.41,2026,STABLE,3,3,3,100.0,100.0,100.0,0.0,3.33,0.0,2.0,23.23,-0.0,100.0,HEALTHY,none,-0.0,-0.0,-0.0,23.23,0.0,LOW,no material weather signal,82.6,12.5,17.4,45.0,Open-Meteo game-time forecast,23.23,0.0,,,23.23,0.0,0.0,,,,
1370453762442797056,18-Team Chopped — Surviving the Chamber,8,False,3321,Tyreek Hill,WR,,,,,,,,,,4.5,season-long ECR proxy,,351.0,,,,,,,,,,,,,,,,,4.5,0.0,,,,,,,,,,,,,4.5,0.0,,,,,,-0.0,4.5,0.0,,,,,,,,4.5,0.0,,,4.5,0.0,0.0,,,,
1370453762442797056,18-Team Chopped — Surviving the Chamber,8,False,4866,Saquon Barkley,RB,PHI,LAR,home,2026-10-04,13:00,43.5,outdoors,,,23.82,Sleeper raw-stat projection × league scoring + current usage,10.73,19.83,A-,,,,1,,16.6,16.1,22.91,0.5,0.0,12,,,,,23.41,0.41,2026,STABLE,3,3,3,72.0,53.0,53.0,2.0,11.33,13.33,1.0,23.82,-0.0,100.0,HEALTHY,none,-0.0,-0.0,-0.0,23.82,0.0,LOW,no material weather signal,69.2,4.1,3.6,38.0,Open-Meteo game-time forecast,23.82,0.0,,,23.82,0.0,0.0,,,,
1370453762442797056,18-Team Chopped — Surviving the Chamber,8,False,5189,Eddy Pineiro,K,SF,DEN,home,2026-10-04,16:25,47.5,outdoors,,,7.96,Sleeper raw-stat projection × league scoring,3.19,203.83,B+,,,,1,,9.6,9.1,7.46,0.5,0.0,7,,,,,7.96,0.0,,,,,,,,,,,,,7.96,0.0,90.0,HEALTHY,LT Trent Williams (AT RISK),-0.35,-0.11,-0.0,7.96,0.0,LOW,no material weather signal,,,,,schedule fallback,7.96,0.0,,,7.96,0.0,0.0,,,,
1370453762442797056,18-Team Chopped — Surviving the Chamber,8,False,8112,Drake London,WR,ATL,NO,away,2026-10-05,20:15,48.5,dome,,,18.79,Sleeper raw-stat projection × league scoring + current usage + OL health,11.24,26.67,A,,,,1,,15.6,15.1,17.3,0.5,0.0,12,,,,,17.8,1.22,2026,STABLE,3,3,3,93.0,84.3,84.3,6.33,0.67,6.33,3.0,19.02,-0.23,73.3,DEGRADED,LT Jake Matthews (AT RISK) | C Ryan Neuzil (AT RISK) | RG Chris Lindstrom (AT RISK),-0.58,-0.51,-0.0,18.79,0.0,INDOOR,indoor,,,,,indoor/no weather adjustment,18.79,0.0,,,18.79,0.0,0.0,,,,
1370453762442797056,18-Team Chopped — Surviving the Chamber,8,False,8136,Rachaad White,RB,WAS,IND,home,2026-10-04,09:30,47.5,outdoors,,,11.79,Sleeper raw-stat projection × league scoring + current usage,36.51,145.83,C-,Questionable,,QUESTIONABLE,2,,5.4,8.6,12.08,-0.7,2.5,12,,,,,11.38,0.41,2026,STABLE,3,3,3,43.0,45.3,45.3,3.0,7.33,10.33,1.0,11.79,-0.0,100.0,HEALTHY,none,-0.0,-0.0,-0.0,11.79,0.0,LOW,no material weather signal,62.9,3.4,5.8,44.0,Open-Meteo game-time forecast,11.79,0.0,,,11.79,0.0,0.0,,,,
1370453762442797056,18-Team Chopped — Surviving the Chamber,8,False,8161,Malik Willis,QB,MIA,MIN,away,2026-10-04,16:05,38.5,dome,,,16.12,Sleeper raw-stat projection × league scoring + current usage,22.95,115.5,D-,,,,1,,14.7,14.7,15.71,0.0,0.0,12,,,,,15.71,0.41,2026,STABLE,3,3,3,100.0,100.0,100.0,0.0,5.67,0.0,2.0,16.12,-0.0,100.0,HEALTHY,none,-0.0,-0.0,-0.0,16.12,0.0,INDOOR,indoor,,,,,indoor/no weather adjustment,16.12,0.0,,,16.12,0.0,0.0,,,,
1370453762442797056,18-Team Chopped — Surviving the Chamber,9,False,11533,Brandon Aubrey,K,DAL,HOU,away,2026-10-04,13:00,48.5,,,,8.08,Sleeper raw-stat projection × league scoring,2.14,187.0,A,,,,1,,9.6,9.1,7.58,0.5,0.0,7,,,,,8.08,0.0,,,,,,,,,,,,,8.08,0.0,100.0,HEALTHY,none,-0.0,-0.0,-0.0,8.08,0.0,LOW,no material weather signal,82.6,12.5,17.4,45.0,Open-Meteo game-time forecast,8.08,0.0,,,8.08,0.0,0.0,,,,
1370453762442797056,18-Team Chopped — Surviving the Chamber,9,False,11566,Jayden Daniels,QB,WAS,IND,home,2026-10-04,09:30,47.5,outdoors,,,0.13,season-long ECR proxy + current usage,,149.83,,Out,,OUT,2,,,,,,,,,,,,0.0,0.13,2026,STABLE,2,2,2,55.0,77.5,77.5,0.0,6.0,0.0,1.0,0.13,-0.0,100.0,HEALTHY,none,-0.0,-0.0,-0.0,0.13,0.0,LOW,no material weather signal,62.9,3.4,5.8,44.0,Open-Meteo game-time forecast,0.13,0.0,,,0.13,0.0,0.0,,,,
1370453762442797056,18-Team Chopped — Surviving the Chamber,9,False,11643,Jaylen Wright,RB,MIA,MIN,away,2026-10-04,16:05,38.5,dome,,,5.2,Sleeper raw-stat projection × league scoring + current usage + league return scoring,,268.17,,Out,,OUT,2,,0.0,,5.82,0.0,0.0,12,,,,,5.82,-0.79,2026,STABLE,2,2,2,5.0,6.0,6.0,0.0,1.5,1.5,-3.0,5.03,-0.0,100.0,HEALTHY,none,-0.0,-0.0,-0.0,5.03,0.0,INDOOR,indoor,,,,,indoor/no weather adjustment,5.03,0.0,,,5.03,0.28,0.17,KR,LOW,True,2
1370453762442797056,18-Team Chopped — Surviving the Chamber,9,False,11783,Ryan Flournoy,WR,DAL,HOU,away,2026-10-04,13:00,48.5,,,,8.14,Sleeper raw-stat projection × league scoring + current usage,61.9,216.33,D-,,,,3,,7.1,8.6,8.83,-1.5,0.0,12,,,,,7.33,0.81,2026,STABLE,3,3,3,66.0,71.0,71.0,6.0,0.0,6.0,2.0,8.14,-0.0,100.0,HEALTHY,none,-0.0,-0.0,-0.0,8.14,0.0,LOW,no material weather signal,82.6,12.5,17.4,45.0,Open-Meteo game-time forecast,8.14,0.0,,,8.14,0.0,0.0,,,,
1370453762442797056,18-Team Chopped — Surviving the Chamber,9,False,12540,Chimere Dike,WR,TEN,BAL,away,2026-10-04,13:00,43.5,outdoors,,,11.68,Sleeper raw-stat projection × league scoring + current usage + OL health + league return scoring,114.76,267.6,F,,,,5,,2.2,3.7,2.38,-1.5,0.0,12,,,,,0.88,-1.22,2026,STABLE,3,3,3,10.0,7.3,7.3,0.67,0.0,0.67,-3.0,0.0,-0.1,81.5,MINOR CONCERN,RG Fernando Carmona (UNAVAILABLE),-0.25,-0.45,-0.0,0.0,0.0,LOW,no material weather signal,66.5,3.4,3.1,44.0,Open-Meteo game-time forecast,0.0,0.0,,,0.0,11.68,11.68,KR+PR,HIGH,False,
1370453762442797056,18-Team Chopped — Surviving the Chamber,9,False,13337,Emmett Johnson,RB,KC,LV,away,2026-10-04,16:25,47.5,dome,,,5.15,Sleeper raw-stat projection × league scoring + OL health,39.85,199.5,D+,,,,2,,7.5,8.2,6.08,-0.7,0.0,12,,,,,5.38,0.0,2026,STABLE,3,3,3,27.0,27.0,27.0,1.33,5.33,6.67,0.0,5.38,-0.23,77.8,MINOR CONCERN,LT Josh Simmons (UNAVAILABLE),-0.78,-0.24,-0.0,5.15,0.0,INDOOR,indoor,,,,,indoor/no weather adjustment,5.15,0.0,,,5.15,0.0,0.0,,,,
1370453762442797056,18-Team Chopped — Surviving the Chamber,9,False,13346,Denzel Boston,WR,CLE,PIT,home,2026-10-01,20:15,38.5,outdoors,,,13.66,Sleeper raw-stat projection × league scoring + current usage + OL health + injury ripple,34.61,83.33,C+,,,,1,,11.0,11.0,11.72,0.0,0.0,12,,,,,11.72,1.22,2026,STABLE,3,3,3,89.0,91.3,91.3,5.0,0.0,5.0,3.0,12.94,-0.28,63.1,DEGRADED,C Elgton Jenkins (AT RISK) | RG Teven Jenkins (UNAVAILABLE) | RT Tytus Howard (AT RISK),-0.71,-0.76,-0.0,12.66,0.0,LOW,no material weather signal,76.9,8.9,18.8,4.0,Open-Meteo game-time forecast,12.66,1.0,Opponent CB1 OUT/IR: projected WR1 coverage matchup improves (not confirmed shadow),MEDIUM,13.66,0.0,0.0,,,,
1370453762442797056,18-Team Chopped — Surviving the Chamber,9,False,4066,Evan Engram,TE,DEN,SF,away,2026-10-04,16:25,47.5,outdoors,,,8.14,Sleeper raw-stat projection × league scoring + injury ripple,27.51,186.0,F,,,,1,,7.1,6.6,7.16,0.5,0.0,7,,,,,7.66,0.0,2026,STABLE,3,3,3,60.0,58.3,58.3,2.67,0.0,2.67,0.0,7.66,-0.0,100.0,HEALTHY,none,-0.0,-0.0,-0.0,7.66,0.0,LOW,no material weather signal,,,,,schedule fallback,7.66,0.48,WR1 QUESTIONABLE/DNP: TE target share can rise | Starting linebacker QUESTIONABLE/DNP: TE coverage improves,MEDIUM,8.14,0.0,0.0,,,,
1370453762442797056,18-Team Chopped — Surviving the Chamber,9,False,5849,Kyler Murray,QB,MIN,MIA,home,2026-10-04,16:05,38.5,dome,,,24.76,Sleeper raw-stat projection × league scoring + OL health,13.48,124.17,C+,,,,1,,17.1,17.1,25.02,0.0,0.0,12,,,,,25.02,0.0,2026,STABLE,3,2,2,100.0,58.5,58.5,0.0,2.0,0.0,0.0,25.02,-0.26,90.0,HEALTHY,LT Christian Darrisaw (AT RISK),-0.35,-0.11,-0.0,24.76,0.0,INDOOR,indoor,,,,,indoor/no weather adjustment,24.76,0.0,,,24.76,0.0,0.0,,,,
1370453762442797056,18-Team Chopped — Surviving the Chamber,9,False,7526,Jaylen Waddle,WR,DEN,SF,away,2026-10-04,16:25,47.5,outdoors,,,15.26,Sleeper raw-stat projection × league scoring + current usage + injury ripple,15.46,29.17,A,Questionable,,QUESTIONABLE,1,,12.1,14.1,13.5,0.5,2.5,12,,,,,14.0,0.81,2026,STABLE,3,3,3,73.0,69.7,69.7,6.67,0.33,6.67,2.0,14.81,-0.0,100.0,HEALTHY,none,-0.0,-0.0,-0.0,14.81,0.0,LOW,no material weather signal,,,,,schedule fallback,14.81,0.45,Opponent CB1 QUESTIONABLE/DNP: projected WR1 coverage matchup improves (not confirmed shadow),MEDIUM,15.26,0.0,0.0,,,,
1370453762442797056,18-Team Chopped — Surviving the Chamber,9,False,8130,Trey McBride,TE,ARI,NYG,away,2026-10-04,13:00,44.5,outdoors,,,24.61,Sleeper raw-stat projection × league scoring + current usage + OL health,1.0,26.33,A+,,,,1,,17.6,17.1,22.54,0.5,0.0,11,,,,,23.04,1.62,2026,STABLE,3,3,3,91.0,86.3,86.3,11.33,0.0,11.33,4.0,24.66,-0.05,91.7,HEALTHY,RG Isaiah Adams (AT RISK),-0.11,-0.2,-0.0,24.61,0.0,LOW,no material weather signal,69.6,4.8,5.6,34.0,Open-Meteo game-time forecast,24.61,0.0,,,24.61,0.0,0.0,,,,
1370453762442797056,18-Team Chopped — Surviving the Chamber,9,False,8150,Kyren Williams,RB,LAR,PHI,away,2026-10-04,13:00,43.5,outdoors,,,22.41,Sleeper raw-stat projection × league scoring + current usage + league return scoring,17.49,46.67,B,,,,1,,14.8,14.3,20.67,0.5,0.0,12,,,,,21.17,1.22,2026,STABLE,3,3,3,71.0,63.3,63.3,4.0,12.67,16.67,3.0,22.39,-0.0,100.0,HEALTHY,none,-0.0,-0.0,-0.0,22.39,0.0,LOW,no material weather signal,69.2,4.1,3.6,38.0,Open-Meteo game-time forecast,22.39,0.0,,,22.39,0.02,0.02,PR,MEDIUM,True,1
1370453762442797056,18-Team Chopped — Surviving the Chamber,9,False,8408,Jordan Mason,RB,MIN,MIA,home,2026-10-04,16:05,38.5,dome,,,0.22,season-long ECR proxy + current usage + OL health,,167.83,,IR,,IR/PUP,7,,,,,,,,,,,,0.0,0.32,2026,STABLE,1,1,1,45.0,45.0,45.0,0.0,15.0,15.0,2.0,0.32,-0.1,90.0,HEALTHY,LT Christian Darrisaw (AT RISK),-0.35,-0.11,-0.0,0.22,0.0,INDOOR,indoor,,,,,indoor/no weather adjustment,0.22,0.0,,,0.22,0.0,0.0,,,,
1370453762442797056,18-Team Chopped — Surviving the Chamber,9,False,9480,Brenton Strange,TE,JAX,CIN,away,2026-10-04,13:00,51.5,outdoors,,,13.8,Sleeper raw-stat projection × league scoring + current usage + OL health + injury ripple,22.63,136.5,F,,,,1,,9.4,8.3,12.18,1.1,0.0,7,,,,,13.28,0.41,2026,STABLE,3,3,3,77.0,76.0,76.0,3.33,0.0,3.33,1.0,13.69,-0.12,90.0,HEALTHY,LT Anton Harrison (AT RISK),-0.35,-0.11,-0.0,13.57,0.0,LOW,no material weather signal,71.3,4.7,6.0,21.0,Open-Meteo game-time forecast,13.57,0.23,Starting safety QUESTIONABLE/DNP: TE middle/deep matchup improves,MEDIUM,13.8,0.0,0.0,,,,
1370453762442797056,18-Team Chopped — Surviving the Chamber,9,False,9511,Keaton Mitchell,RB,LAC,SEA,away,2026-10-04,16:25,42.5,outdoors,,,7.65,Sleeper raw-stat projection × league scoring + league return scoring,49.63,194.67,F,,,,2,,5.5,6.2,7.08,-0.7,0.0,12,,,,,6.38,0.0,2026,STABLE,3,3,3,38.0,31.3,31.3,1.33,5.67,7.0,0.0,6.38,-0.0,100.0,HEALTHY,none,-0.0,-0.0,-0.0,6.38,0.0,LOW,no material weather signal,69.8,6.8,6.3,0.0,Open-Meteo game-time forecast,6.38,0.0,,,6.38,1.59,1.27,KR,MEDIUM,True,2
1370453762442797056,18-Team Chopped — Surviving the Chamber,9,False,9754,Quentin Johnston,WR,LAC,SEA,away,2026-10-04,16:25,42.5,outdoors,,,9.68,Sleeper raw-stat projection × league scoring + current usage,46.22,88.5,C,,,,2,,9.2,9.9,9.16,-0.7,0.0,12,,,,,8.46,1.22,2026,STABLE,3,3,3,87.0,82.0,82.0,5.67,0.33,5.67,3.0,9.68,-0.0,100.0,HEALTHY,none,-0.0,-0.0,-0.0,9.68,0.0,LOW,no material weather signal,69.8,6.8,6.3,0.0,Open-Meteo game-time forecast,9.68,0.0,,,9.68,0.0,0.0,,,,
1370453762442797056,18-Team Chopped — Surviving the Chamber,11,False,11586,Blake Corum,RB,LAR,PHI,away,2026-10-04,13:00,43.5,outdoors,,,11.67,Sleeper raw-stat projection × league scoring + current usage + league return scoring,33.78,112.83,C,,,,2,,9.1,9.8,11.73,-0.7,0.0,12,,,,,11.03,0.41,2026,STABLE,3,3,3,29.0,32.3,32.3,1.67,9.33,11.0,1.0,11.44,-0.0,100.0,HEALTHY,none,-0.0,-0.0,-0.0,11.44,0.0,LOW,no material weather signal,69.2,4.1,3.6,38.0,Open-Meteo game-time forecast,11.44,0.0,,,11.44,0.29,0.23,KR,MEDIUM,True,2
1370453762442797056,18-Team Chopped — Surviving the Chamber,11,False,13345,Jonah Coleman,RB,DEN,SF,away,2026-10-04,16:25,47.5,outdoors,,,0.0,weekly projected points + current usage,103.5,157.67,F,IR,,IR/PUP,6,,,,,,,,,,,,0.0,-0.53,2026,STABLE,2,2,2,40.0,23.0,23.0,1.5,5.0,6.5,-2.0,0.0,-0.0,100.0,HEALTHY,none,-0.0,-0.0,-0.0,0.0,0.0,LOW,no material weather signal,,,,,schedule fallback,0.0,0.0,,,0.0,0.0,0.0,,,,
1370453762442797056,18-Team Chopped — Surviving the Chamber,11,False,1945,Chris Boswell,K,PIT,CLE,away,2026-10-01,20:15,38.5,outdoors,,,6.38,Sleeper raw-stat projection × league scoring,18.0,269.33,C-,,,,1,,7.1,7.1,6.38,0.0,0.0,7,,,,,6.38,0.0,,,,,,,,,,,,,6.38,0.0,90.0,HEALTHY,LT Troy Fautanu (AT RISK),-0.35,-0.11,-0.0,6.38,0.0,LOW,no material weather signal,76.9,8.9,18.8,4.0,Open-Meteo game-time forecast,6.38,0.0,,,6.38,0.0,0.0,,,,
1370453762442797056,18-Team Chopped — Surviving the Chamber,11,False,2133,Davante Adams,WR,LAR,PHI,away,2026-10-04,13:00,43.5,outdoors,,,18.46,Sleeper raw-stat projection × league scoring + current usage + injury ripple,9.63,49.5,A,,,,2,,14.8,15.5,16.84,-0.7,0.0,6,,,,,16.14,1.22,2026,STABLE,3,3,3,83.0,67.3,67.3,9.67,0.0,9.67,3.0,17.36,-0.0,100.0,HEALTHY,none,-0.0,-0.0,-0.0,17.36,0.0,LOW,no material weather signal,69.2,4.1,3.6,38.0,Open-Meteo game-time forecast,17.36,1.1,WR1 OUT/IR: target concentration rises for next WR,HIGH,18.46,0.0,0.0,,,,
1370453762442797056,18-Team Chopped — Surviving the Chamber,11,False,2307,Marcus Mariota,QB,WAS,IND,home,2026-10-04,09:30,47.5,outdoors,,,23.07,Sleeper raw-stat projection × league scoring + current usage + injury ripple,30.18,248.67,F,,,,1,,13.8,13.3,21.24,0.5,0.0,12,,,,,21.74,0.13,2026,STABLE,3,2,2,100.0,72.5,72.5,0.0,3.0,0.0,1.0,21.87,-0.0,100.0,HEALTHY,none,-0.0,-0.0,-0.0,21.87,0.0,LOW,no material weather signal,62.9,3.4,5.8,44.0,Open-Meteo game-time forecast,21.87,1.2,QB1 OUT/IR: QB2 becomes relevant,HIGH,23.07,0.0,0.0,,,,
1370453762442797056,18-Team Chopped — Surviving the Chamber,11,False,2449,Stefon Diggs,WR,WAS,IND,home,2026-10-04,09:30,47.5,outdoors,,,11.44,Sleeper raw-stat projection × league scoring + current usage + injury ripple,37.83,66.67,C,,,,2,,10.2,10.9,11.78,-0.7,0.0,8,,,,,11.08,0.81,2026,STABLE,3,3,3,59.0,57.7,57.7,7.33,0.0,7.33,2.0,11.89,-0.0,100.0,HEALTHY,none,-0.0,-0.0,-0.0,11.89,0.0,LOW,no material weather signal,62.9,3.4,5.8,44.0,Open-Meteo game-time forecast,11.89,-0.45,QB1 OUT/IR: pass-catcher efficiency risk with backup QB,MEDIUM,11.44,0.0,0.0,,,,
1370453762442797056,18-Team Chopped — Surviving the Chamber,11,False,3214,Hunter Henry,TE,NE,BUF,away,2026-10-04,13:00,48.5,outdoors,,,13.06,Sleeper raw-stat projection × league scoring + current usage + OL health,17.8,138.67,D,,,,1,,9.8,9.3,12.33,0.5,0.0,7,,,,,12.83,0.41,2026,STABLE,3,3,3,70.0,79.0,79.0,3.33,0.0,3.33,1.0,13.24,-0.18,75.9,MINOR CONCERN,RG Greg Van Roten (UNAVAILABLE) | RT Morgan Moses (LIMITED),-0.45,-0.51,-0.0,13.06,0.0,LOW,no material weather signal,65.5,10.0,12.3,7.0,Open-Meteo game-time forecast,13.06,0.0,,,13.06,0.0,0.0,,,,
1370453762442797056,18-Team Chopped — Surviving the Chamber,11,False,4039,Cooper Kupp,WR,SEA,LAC,home,2026-10-04,16:25,42.5,outdoors,,,5.63,Sleeper raw-stat projection × league scoring + current usage,75.05,213.33,F,,,,3,,5.0,6.5,6.72,-1.5,0.0,10,,,,,5.22,0.41,2026,STABLE,3,3,3,67.0,62.7,62.7,3.33,0.0,3.33,1.0,5.63,-0.0,100.0,HEALTHY,none,-0.0,-0.0,-0.0,5.63,0.0,LOW,no material weather signal,69.8,6.8,6.3,0.0,Open-Meteo game-time forecast,5.63,0.0,,,5.63,0.0,0.0,,,,
1370453762442797056,18-Team Chopped — Surviving the Chamber,11,False,4217,George Kittle,TE,SF,DEN,home,2026-10-04,16:25,47.5,outdoors,,,15.73,Sleeper raw-stat projection × league scoring + current usage + OL health + injury ripple,7.3,103.0,B,,,,1,,12.6,12.1,14.44,0.5,0.0,7,,,,,14.94,0.41,2026,STABLE,3,3,3,85.0,59.7,59.7,5.33,0.0,5.33,1.0,15.35,-0.12,90.0,HEALTHY,LT Trent Williams (AT RISK),-0.35,-0.11,-0.0,15.23,0.0,LOW,no material weather signal,,,,,schedule fallback,15.23,0.5,WR1 OUT/IR: TE target share can rise,MEDIUM,15.73,0.0,0.0,,,,
1370453762442797056,18-Team Chopped — Surviving the Chamber,11,False,4993,Mike Gesicki,TE,CIN,JAX,home,2026-10-04,13:00,51.5,outdoors,,,11.38,Sleeper raw-stat projection × league scoring + current usage,27.53,206.83,F,,,,1,,7.7,6.6,9.87,1.1,0.0,7,,,,,10.97,0.41,2026,STABLE,3,2,3,51.0,39.7,39.7,5.0,0.0,5.0,1.0,11.38,-0.0,100.0,HEALTHY,none,-0.0,-0.0,-0.0,11.38,0.0,LOW,no material weather signal,71.3,4.7,6.0,21.0,Open-Meteo game-time forecast,11.38,0.0,,,11.38,0.0,0.0,,,,
1370453762442797056,18-Team Chopped — Surviving the Chamber,11,False,5850,Josh Jacobs,RB,GB,TB,away,2026-10-04,13:00,39.5,outdoors,,,13.74,season-long ECR proxy + OL health,,145.0,,NA,,,4,,,,,,,,,,,,14.18,0.0,,,,,,,,,,,,,14.18,-0.44,73.1,DEGRADED,LG Aaron Banks (UNAVAILABLE) | RG Jacob Monk (AT RISK),-0.36,-0.65,-0.0,13.74,0.0,LOW,no material weather signal,90.8,9.6,11.2,2.0,Open-Meteo game-time forecast,13.74,0.0,,,13.74,0.0,0.0,,,,
1370453762442797056,18-Team Chopped — Surviving the Chamber,11,False,5947,Jakobi Meyers,WR,JAX,CIN,away,2026-10-04,13:00,51.5,outdoors,,,10.68,Sleeper raw-stat projection × league scoring + current usage + OL health,47.66,93.67,C-,,,,2,,9.5,9.6,10.51,-0.1,0.0,12,,,,,10.41,0.41,2026,STABLE,3,3,3,81.0,78.7,78.7,3.67,0.33,3.67,1.0,10.82,-0.14,90.0,HEALTHY,LT Anton Harrison (AT RISK),-0.35,-0.11,-0.0,10.68,0.0,LOW,no material weather signal,71.3,4.7,6.0,21.0,Open-Meteo game-time forecast,10.68,0.0,,,10.68,0.0,0.0,,,,
1370453762442797056,18-Team Chopped — Surviving the Chamber,11,False,6826,Cole Kmet,TE,CHI,NYJ,home,2026-10-04,13:00,43.5,outdoors,,,4.02,Sleeper raw-stat projection × league scoring + OL health,38.5,293.0,F,,,,2,,3.3,4.0,4.84,-0.7,0.0,7,,,,,4.14,0.0,2026,STABLE,3,3,3,60.0,62.0,62.0,1.67,0.0,1.67,0.0,4.14,-0.12,90.0,HEALTHY,LT Braxton Jones (AT RISK),-0.35,-0.11,-0.0,4.02,0.0,LOW,no material weather signal,65.3,9.9,13.4,3.0,Open-Meteo game-time forecast,4.02,0.0,,,4.02,0.0,0.0,,,,
1370453762442797056,18-Team Chopped — Surviving the Chamber,11,False,7525,DeVonta Smith,WR,PHI,LAR,home,2026-10-04,13:00,43.5,outdoors,,,17.94,Sleeper raw-stat projection × league scoring + current usage + injury ripple,8.54,21.33,A,,,,1,,16.2,15.7,14.17,0.5,0.0,12,,,,,14.67,1.62,2026,STABLE,3,3,3,100.0,94.3,94.3,9.0,0.0,9.0,4.0,16.29,-0.0,100.0,HEALTHY,none,-0.0,-0.0,-0.0,16.29,0.0,LOW,no material weather signal,69.2,4.1,3.6,38.0,Open-Meteo game-time forecast,16.29,1.65,Opponent CB1 OUT/IR: projected WR1 coverage matchup improves (not confirmed shadow) | Starting safety OUT/IR: downfield coverage improves | TE1 OUT/IR: WR1 target share can rise,MEDIUM,17.94,0.0,0.0,,,,
1370453762442797056,18-Team Chopped — Surviving the Chamber,11,False,8138,James Cook,RB,BUF,NE,home,2026-10-04,13:00,48.5,outdoors,,,27.5,Sleeper raw-stat projection × league scoring + current usage,8.66,9.83,A,,,,1,,17.2,16.7,25.78,0.5,0.0,12,,,,,26.28,1.22,2026,STABLE,3,3,3,67.0,71.0,71.0,2.67,19.33,22.0,3.0,27.5,-0.0,100.0,HEALTHY,none,-0.0,-0.0,-0.0,27.5,0.0,LOW,no material weather signal,65.5,10.0,12.3,7.0,Open-Meteo game-time forecast,27.5,0.0,,,27.5,0.0,0.0,,,,
1370453762442797056,18-Team Chopped — Surviving the Chamber,12,False,11792,Will Reichard,K,MIN,MIA,home,2026-10-04,16:05,38.5,dome,,,8.07,Sleeper raw-stat projection × league scoring,16.31,244.5,C-,,,,1,,7.2,7.2,8.07,0.0,0.0,7,,,,,8.07,0.0,,,,,,,,,,,,,8.07,0.0,90.0,HEALTHY,LT Christian Darrisaw (AT RISK),-0.35,-0.11,-0.0,8.07,0.0,INDOOR,indoor,,,,,indoor/no weather adjustment,8.07,0.0,,,8.07,0.0,0.0,,,,
1370453762442797056,18-Team Chopped — Surviving the Chamber,12,False,12457,Jaydon Blue,RB,PHI,LAR,home,2026-10-04,13:00,43.5,outdoors,,,5.14,season-long ECR proxy,,337.5,,,,,,,,,,,,,,,,,5.14,0.0,,,,,,,,,,,,,5.14,-0.0,100.0,HEALTHY,none,-0.0,-0.0,-0.0,5.14,0.0,LOW,no material weather signal,69.2,4.1,3.6,38.0,Open-Meteo game-time forecast,5.14,0.0,,,5.14,0.0,0.0,,,,
1370453762442797056,18-Team Chopped — Surviving the Chamber,12,False,12519,Luther Burden,WR,CHI,NYJ,home,2026-10-04,13:00,43.5,outdoors,,,13.71,Sleeper raw-stat projection × league scoring + current usage + OL health + injury ripple,38.0,56.67,C,,,,2,,9.9,10.6,13.78,-0.7,0.0,12,,,,,13.08,1.22,2026,STABLE,3,3,3,61.0,63.7,63.7,7.67,0.67,7.67,3.0,14.3,-0.14,90.0,HEALTHY,LT Braxton Jones (AT RISK),-0.35,-0.11,-0.0,14.16,0.0,LOW,no material weather signal,65.3,9.9,13.4,3.0,Open-Meteo game-time forecast,14.16,-0.45,QB1 OUT/IR: pass-catcher efficiency risk with backup QB,MEDIUM,13.71,0.0,0.0,,,,
1370453762442797056,18-Team Chopped — Surviving the Chamber,12,False,3198,Derrick Henry,RB,BAL,TEN,home,2026-10-04,13:00,43.5,outdoors,,,31.0,Sleeper raw-stat projection × league scoring + current usage + OL health,6.59,18.83,A,,,,1,,18.9,18.4,29.92,0.5,0.0,12,,,,,30.42,0.81,2026,STABLE,3,3,3,67.0,58.0,58.0,1.67,22.0,23.67,2.0,31.23,-0.23,77.8,MINOR CONCERN,LT Ronnie Stanley (UNAVAILABLE),-0.78,-0.24,-0.0,31.0,0.0,LOW,no material weather signal,66.5,3.4,3.1,44.0,Open-Meteo game-time forecast,31.0,0.0,,,31.0,0.0,0.0,,,,
1370453762442797056,18-Team Chopped — Surviving the Chamber,12,False,4018,Joe Mixon,RB,,,,,,,,,,0.0,season-long ECR proxy,,,,Out,,OUT,,,,,,,,,,,,,0.0,0.0,,,,,,,,,,,,,0.0,0.0,,,,,,-0.0,0.0,0.0,,,,,,,,0.0,0.0,,,0.0,0.0,0.0,,,,
1370453762442797056,18-Team Chopped — Surviving the Chamber,12,False,4035,Alvin Kamara,RB,NO,ATL,home,2026-10-05,20:15,48.5,dome,,,16.54,Sleeper raw-stat projection × league scoring + current usage + injury ripple,39.1,208.17,C-,,,,1,,8.8,8.3,14.23,0.5,0.0,12,,,,,14.73,0.26,2026,STABLE,3,2,2,32.0,30.5,30.5,3.5,9.0,12.5,1.0,14.99,-0.0,100.0,HEALTHY,none,-0.0,-0.0,-0.0,14.99,0.0,INDOOR,indoor,,,,,indoor/no weather adjustment,14.99,1.55,RB1 OUT/IR: backfield opportunity moves to RB2,HIGH,16.54,0.0,0.0,,,,
1370453762442797056,18-Team Chopped — Surviving the Chamber,12,False,4950,Christian Kirk,WR,SF,DEN,home,2026-10-04,16:25,47.5,outdoors,,,0.0,season-long ECR proxy + OL health,,289.8,,IR,,IR/PUP,8,,,,,,,,,,,,0.0,0.0,,,,,,,,,,,,,0.0,-0.14,90.0,HEALTHY,LT Trent Williams (AT RISK),-0.35,-0.11,-0.0,0.0,0.0,LOW,no material weather signal,,,,,schedule fallback,0.0,0.0,,,0.0,0.0,0.0,,,,
1370453762442797056,18-Team Chopped — Surviving the Chamber,12,False,4983,DJ Moore,WR,BUF,NE,home,2026-10-04,13:00,48.5,outdoors,,,15.6,Sleeper raw-stat projection × league scoring + current usage + injury ripple,31.12,45.0,B,,,,1,,11.7,11.2,14.82,0.5,0.0,12,,,,,15.32,0.41,2026,STABLE,3,3,3,64.0,57.0,57.0,6.0,0.33,6.0,1.0,15.73,-0.0,100.0,HEALTHY,none,-0.0,-0.0,-0.0,15.73,0.0,LOW,no material weather signal,65.5,10.0,12.3,7.0,Open-Meteo game-time forecast,15.73,-0.13,QB1 QUESTIONABLE/DNP: pass-catcher efficiency risk with backup QB | Top edge rusher QUESTIONABLE/DNP: more time helps primary WR routes,MEDIUM,15.6,0.0,0.0,,,,
1370453762442797056,18-Team Chopped — Surviving the Chamber,12,False,5859,A.J. Brown,WR,NE,BUF,away,2026-10-04,13:00,48.5,outdoors,,,0.0,season-long ECR proxy + current usage + OL health,,54.0,,IR,,IR/PUP,6,,,,,,,,,,,,0.0,0.16,2026,STABLE,1,1,1,44.0,44.0,44.0,4.0,0.0,4.0,1.0,0.16,-0.18,75.9,MINOR CONCERN,RG Greg Van Roten (UNAVAILABLE) | RT Morgan Moses (LIMITED),-0.45,-0.51,-0.0,0.0,0.0,LOW,no material weather signal,65.5,10.0,12.3,7.0,Open-Meteo game-time forecast,0.0,0.0,,,0.0,0.0,0.0,,,,
1370453762442797056,18-Team Chopped — Surviving the Chamber,12,False,6786,CeeDee Lamb,WR,DAL,HOU,away,2026-10-04,13:00,48.5,,,,20.49,Sleeper raw-stat projection × league scoring + current usage,4.32,9.67,A+,,,,1,,18.8,18.3,18.77,0.5,0.0,12,,,,,19.27,1.22,2026,STABLE,3,3,3,82.0,79.3,79.3,8.33,0.33,8.33,3.0,20.49,-0.0,100.0,HEALTHY,none,-0.0,-0.0,-0.0,20.49,0.0,LOW,no material weather signal,82.6,12.5,17.4,45.0,Open-Meteo game-time forecast,20.49,0.0,,,20.49,0.0,0.0,,,,
1370453762442797056,18-Team Chopped — Surviving the Chamber,12,False,6794,Justin Jefferson,WR,MIN,MIA,home,2026-10-04,16:05,38.5,dome,,,1.24,Sleeper raw-stat projection × league scoring + current usage + OL health,6.15,12.0,A+,Out,,OUT,1,,0.0,17.0,17.57,-17.0,0.0,8,,,,,0.57,0.81,2026,STABLE,3,3,3,12.0,68.0,68.0,5.67,0.0,5.67,2.0,1.38,-0.14,90.0,HEALTHY,LT Christian Darrisaw (AT RISK),-0.35,-0.11,-0.0,1.24,0.0,INDOOR,indoor,,,,,indoor/no weather adjustment,1.24,0.0,,,1.24,0.0,0.0,,,,
1370453762442797056,18-Team Chopped — Surviving the Chamber,12,False,6797,Justin Herbert,QB,LAC,SEA,away,2026-10-04,16:25,42.5,outdoors,,,18.69,Sleeper raw-stat projection × league scoring + current usage,13.95,89.67,C+,,,,1,,17.5,17.0,17.78,0.5,0.0,12,,,,,18.28,0.41,2026,STABLE,3,3,3,100.0,100.0,100.0,0.0,4.0,0.0,2.0,18.69,-0.0,100.0,HEALTHY,none,-0.0,-0.0,-0.0,18.69,0.0,LOW,no material weather signal,69.8,6.8,6.3,0.0,Open-Meteo game-time forecast,18.69,0.0,,,18.69,0.0,0.0,,,,
1370453762442797056,18-Team Chopped — Surviving the Chamber,12,False,7571,Rashod Bateman,WR,BAL,TEN,home,2026-10-04,13:00,43.5,outdoors,,,8.56,Sleeper raw-stat projection × league scoring + current usage + OL health,33.22,152.67,C+,,,,2,,10.5,11.2,8.35,-0.7,0.0,12,,,,,7.65,1.22,2026,STABLE,3,3,3,88.0,86.3,86.3,4.33,0.0,4.33,3.0,8.87,-0.31,77.8,MINOR CONCERN,LT Ronnie Stanley (UNAVAILABLE),-0.78,-0.24,-0.0,8.56,0.0,LOW,no material weather signal,66.5,3.4,3.1,44.0,Open-Meteo game-time forecast,8.56,0.0,,,8.56,0.0,0.0,,,,
1370453762442797056,18-Team Chopped — Surviving the Chamber,12,False,7594,Chuba Hubbard,RB,CAR,DET,home,2026-10-04,20:20,50.5,outdoors,,,25.51,Sleeper raw-stat projection × league scoring + current usage + OL health + league return scoring,13.15,97.5,B+,,,,1,,16.4,15.3,23.15,1.1,0.0,12,,,,,24.25,1.22,2026,STABLE,3,3,3,84.0,73.3,73.3,3.0,13.67,16.67,3.0,25.47,-0.14,91.7,HEALTHY,LG Damien Lewis (AT RISK),-0.11,-0.2,-0.0,25.33,0.0,LOW,no material weather signal,63.9,4.6,8.1,62.0,Open-Meteo game-time forecast,25.33,0.0,,,25.33,0.23,0.18,KR+PR,MEDIUM,True,1
1370453762442797056,18-Team Chopped — Surviving the Chamber,12,False,8121,Romeo Doubs,WR,NE,BUF,away,2026-10-04,13:00,48.5,outdoors,,,10.97,Sleeper raw-stat projection × league scoring + current usage + OL health + injury ripple + league return scoring,34.05,89.33,C+,,,,1,,11.7,11.2,9.57,0.5,0.0,6,,,,,10.07,0.41,2026,STABLE,3,3,3,73.0,65.3,65.3,3.67,0.0,3.67,1.0,10.48,-0.18,75.9,MINOR CONCERN,RG Greg Van Roten (UNAVAILABLE) | RT Morgan Moses (LIMITED),-0.45,-0.51,-0.0,10.3,0.0,LOW,no material weather signal,65.5,10.0,12.3,7.0,Open-Meteo game-time forecast,10.3,0.6,Opponent CB1 QUESTIONABLE/DNP: projected WR1 coverage matchup improves (not confirmed shadow) | Top edge rusher OUT/IR: more time helps primary WR routes,MEDIUM,10.9,0.09,0.07,PR,MEDIUM,True,1
1370453762442797056,18-Team Chopped — Surviving the Chamber,12,False,8131,Isaiah Likely,TE,NYG,ARI,home,2026-10-04,13:00,44.5,outdoors,,,15.85,Sleeper raw-stat projection × league scoring + current usage + OL health,11.48,112.5,C,,,,1,,10.8,10.3,14.2,0.5,0.0,7,,,,,14.7,1.22,2026,STABLE,3,3,3,84.0,67.3,67.3,7.67,0.0,7.67,3.0,15.92,-0.07,94.4,HEALTHY,LT Andrew Thomas (LIMITED),-0.2,-0.06,-0.0,15.85,0.0,LOW,no material weather signal,69.6,4.8,5.6,34.0,Open-Meteo game-time forecast,15.85,0.0,,,15.85,0.0,0.0,,,,
1370453762442797056,18-Team Chopped — Surviving the Chamber,12,False,9758,C.J. Stroud,QB,HOU,DAL,home,2026-10-04,13:00,48.5,,,,23.49,Sleeper raw-stat projection × league scoring + current usage + OL health,18.64,134.5,D+,,,,1,,16.6,16.1,22.84,0.5,0.0,12,,,,,23.34,0.41,2026,STABLE,3,3,3,100.0,100.0,100.0,0.0,2.33,0.0,2.0,23.75,-0.26,90.0,HEALTHY,RT Trent Brown (AT RISK),-0.35,-0.11,-0.0,23.49,0.0,LOW,no material weather signal,82.6,12.5,17.4,45.0,Open-Meteo game-time forecast,23.49,0.0,,,23.49,0.0,0.0,,,,
1370453762442797056,18-Team Chopped — Surviving the Chamber,13,False,11584,Bucky Irving,RB,TB,GB,home,2026-10-04,13:00,39.5,outdoors,,,23.8,Sleeper raw-stat projection × league scoring + current usage,18.66,48.0,B,,,,1,,14.5,14.0,22.08,0.5,0.0,12,,,,,22.58,1.22,2026,STABLE,3,3,3,52.0,63.7,63.7,5.0,13.33,18.33,3.0,23.8,-0.0,100.0,HEALTHY,none,-0.0,-0.0,-0.0,23.8,0.0,LOW,no material weather signal,90.8,9.6,11.2,2.0,Open-Meteo game-time forecast,23.8,0.0,,,23.8,0.0,0.0,,,,
1370453762442797056,18-Team Chopped — Surviving the Chamber,13,False,11618,Jalen McMillan,WR,TB,GB,home,2026-10-04,13:00,39.5,outdoors,,,0.0,weekly projected points + current usage,93.97,213.33,F,Out,,OUT,7,,,,,,,,,,,,0.0,-0.79,2026,STABLE,3,1,2,3.0,7.0,7.0,1.0,0.0,1.0,-3.0,0.0,-0.0,100.0,HEALTHY,none,-0.0,-0.0,-0.0,0.0,0.0,LOW,no material weather signal,90.8,9.6,11.2,2.0,Open-Meteo game-time forecast,0.0,0.0,,,0.0,0.0,0.0,,,,
1370453762442797056,18-Team Chopped — Surviving the Chamber,13,False,12015,Harrison Mevis,K,LAR,PHI,away,2026-10-04,13:00,43.5,outdoors,,,6.95,Sleeper raw-stat projection × league scoring,,,,,,,1,,5.5,,6.95,0.0,0.0,7,,,,,6.95,0.0,,,,,,,,,,,,,6.95,0.0,100.0,HEALTHY,none,-0.0,-0.0,-0.0,6.95,0.0,LOW,no material weather signal,69.2,4.1,3.6,38.0,Open-Meteo game-time forecast,6.95,0.0,,,6.95,0.0,0.0,,,,
1370453762442797056,18-Team Chopped — Surviving the Chamber,13,False,12484,Jayden Higgins,WR,HOU,DAL,home,2026-10-04,13:00,48.5,,,,0.0,season-long ECR proxy + OL health,,,,IR,,IR/PUP,9,,,,,,,,,,,,0.0,0.0,,,,,,,,,,,,,0.0,-0.14,90.0,HEALTHY,RT Trent Brown (AT RISK),-0.35,-0.11,-0.0,0.0,0.0,LOW,no material weather signal,82.6,12.5,17.4,45.0,Open-Meteo game-time forecast,0.0,0.0,,,0.0,0.0,0.0,,,,
1370453762442797056,18-Team Chopped — Surviving the Chamber,13,False,12522,Cam Ward,QB,TEN,BAL,away,2026-10-04,13:00,43.5,outdoors,,,16.83,Sleeper raw-stat projection × league scoring + current usage + OL health,30.21,183.33,F,,,,1,,13.6,13.1,16.11,0.5,0.0,12,,,,,16.61,0.41,2026,STABLE,3,3,3,100.0,100.0,100.0,0.0,3.0,0.0,2.0,17.02,-0.19,81.5,MINOR CONCERN,RG Fernando Carmona (UNAVAILABLE),-0.25,-0.45,-0.0,16.83,0.0,LOW,no material weather signal,66.5,3.4,3.1,44.0,Open-Meteo game-time forecast,16.83,0.0,,,16.83,0.0,0.0,,,,
1370453762442797056,18-Team Chopped — Surviving the Chamber,13,False,13288,Nicholas Singleton,RB,TEN,BAL,away,2026-10-04,13:00,43.5,outdoors,,,0.0,Sleeper raw-stat projection × league scoring + current usage + OL health,76.07,281.67,F,,,,3,,0.0,1.5,1.32,-1.5,0.0,12,,,,,0.0,-0.53,2026,STABLE,3,1,2,0.0,5.5,5.5,0.0,4.0,4.0,-2.0,0.0,-0.3,81.5,MINOR CONCERN,RG Fernando Carmona (UNAVAILABLE),-0.25,-0.45,-0.0,0.0,0.0,LOW,no material weather signal,66.5,3.4,3.1,44.0,Open-Meteo game-time forecast,0.0,0.0,,,0.0,0.0,0.0,,,,
1370453762442797056,18-Team Chopped — Surviving the Chamber,13,False,5927,Terry McLaurin,WR,WAS,IND,home,2026-10-04,09:30,47.5,outdoors,,,13.92,Sleeper raw-stat projection × league scoring + current usage + injury ripple,40.93,57.33,C,,,,1,,11.1,10.6,12.4,0.5,0.0,12,,,,,12.9,1.22,2026,STABLE,3,3,3,75.0,77.3,77.3,7.33,0.0,7.33,3.0,14.12,-0.0,100.0,HEALTHY,none,-0.0,-0.0,-0.0,14.12,0.0,LOW,no material weather signal,62.9,3.4,5.8,44.0,Open-Meteo game-time forecast,14.12,-0.2,QB1 OUT/IR: pass-catcher efficiency risk with backup QB | TE1 OUT/IR: WR1 target share can rise,MEDIUM,13.92,0.0,0.0,,,,
1370453762442797056,18-Team Chopped — Surviving the Chamber,13,False,6865,Colby Parkinson,TE,LAR,PHI,away,2026-10-04,13:00,43.5,outdoors,,,7.32,Sleeper raw-stat projection × league scoring + injury ripple,31.21,230.83,F,Questionable,,QUESTIONABLE,2,,2.8,6.0,7.52,-0.7,2.5,7,,,,,6.82,0.0,2026,STABLE,3,3,3,43.0,63.7,63.7,1.67,0.0,1.67,0.0,6.82,-0.0,100.0,HEALTHY,none,-0.0,-0.0,-0.0,6.82,0.0,LOW,no material weather signal,69.2,4.1,3.6,38.0,Open-Meteo game-time forecast,6.82,0.5,WR1 OUT/IR: TE target share can rise,MEDIUM,7.32,0.0,0.0,,,,
1370453762442797056,18-Team Chopped — Surviving the Chamber,13,False,6904,Jalen Hurts,QB,PHI,LAR,home,2026-10-04,13:00,43.5,outdoors,,,22.53,Sleeper raw-stat projection × league scoring + current usage,4.93,34.33,A,,,,1,,20.6,20.1,21.62,0.5,0.0,12,,,,,22.12,0.41,2026,STABLE,3,3,3,92.0,97.3,97.3,0.0,5.33,0.0,2.0,22.53,-0.0,100.0,HEALTHY,none,-0.0,-0.0,-0.0,22.53,0.0,LOW,no material weather signal,69.2,4.1,3.6,38.0,Open-Meteo game-time forecast,22.53,0.0,,,22.53,0.0,0.0,,,,
1370453762442797056,18-Team Chopped — Surviving the Chamber,13,False,7547,Amon-Ra St. Brown,WR,DET,CAR,away,2026-10-04,20:20,50.5,outdoors,,,22.83,Sleeper raw-stat projection × league scoring + current usage + injury ripple,1.61,6.83,A+,,,,1,,22.0,20.9,19.26,1.1,0.0,12,,,,,20.36,1.62,2026,STABLE,3,3,3,74.0,86.3,86.3,11.67,0.0,11.67,4.0,21.98,-0.0,100.0,HEALTHY,none,-0.0,-0.0,-0.0,21.98,0.0,LOW,no material weather signal,63.9,4.6,8.1,62.0,Open-Meteo game-time forecast,21.98,0.85,Opponent CB1 QUESTIONABLE/DNP: projected WR1 coverage matchup improves (not confirmed shadow) | Starting safety OUT/IR: downfield coverage improves,MEDIUM,22.83,0.0,0.0,,,,
1370453762442797056,18-Team Chopped — Surviving the Chamber,13,False,7588,Javonte Williams,RB,DAL,HOU,away,2026-10-04,13:00,48.5,,,,23.77,Sleeper raw-stat projection × league scoring + current usage,14.68,29.67,B,,,,1,,15.5,15.0,22.05,0.5,0.0,12,,,,,22.55,1.22,2026,STABLE,3,3,3,76.0,75.7,75.7,4.0,14.33,18.33,3.0,23.77,-0.0,100.0,HEALTHY,none,-0.0,-0.0,-0.0,23.77,0.0,LOW,no material weather signal,82.6,12.5,17.4,45.0,Open-Meteo game-time forecast,23.77,0.0,,,23.77,0.0,0.0,,,,
1370453762442797056,18-Team Chopped — Surviving the Chamber,13,False,7600,Pat Freiermuth,TE,PIT,CLE,away,2026-10-01,20:15,38.5,outdoors,,,10.98,Sleeper raw-stat projection × league scoring + current usage + OL health,16.73,179.17,D+,,,,1,,9.7,9.7,10.29,0.0,0.0,7,,,,,10.29,0.81,2026,STABLE,3,3,3,60.0,66.3,66.3,4.67,0.67,4.67,2.0,11.1,-0.12,90.0,HEALTHY,LT Troy Fautanu (AT RISK),-0.35,-0.11,-0.0,10.98,0.0,LOW,no material weather signal,76.9,8.9,18.8,4.0,Open-Meteo game-time forecast,10.98,0.0,,,10.98,0.0,0.0,,,,
1370453762442797056,18-Team Chopped — Surviving the Chamber,13,False,8110,Jake Ferguson,TE,DAL,HOU,away,2026-10-04,13:00,48.5,,,,12.41,Sleeper raw-stat projection × league scoring + current usage,18.63,131.17,D,,,,1,,9.1,8.6,11.5,0.5,0.0,7,,,,,12.0,0.41,2026,STABLE,3,3,3,69.0,68.3,68.3,3.67,0.0,3.67,1.0,12.41,-0.0,100.0,HEALTHY,none,-0.0,-0.0,-0.0,12.41,0.0,LOW,no material weather signal,82.6,12.5,17.4,45.0,Open-Meteo game-time forecast,12.41,0.0,,,12.41,0.0,0.0,,,,
1370453762442797056,18-Team Chopped — Surviving the Chamber,13,False,8142,Alec Pierce,WR,IND,WAS,away,2026-10-04,09:30,47.5,outdoors,,,0.0,season-long ECR proxy,,108.83,,IR,,IR/PUP,9,,,,,,,,,,,,0.0,0.0,2026,STABLE,2,2,2,26.0,42.5,42.5,3.5,0.0,3.5,0.0,0.0,-0.0,100.0,HEALTHY,none,-0.0,-0.0,-0.0,0.0,0.0,LOW,no material weather signal,62.9,3.4,5.8,44.0,Open-Meteo game-time forecast,0.0,0.0,,,0.0,0.0,0.0,,,,
1370453762442797056,18-Team Chopped — Surviving the Chamber,13,False,9486,Dontayvion Wicks,WR,PHI,LAR,home,2026-10-04,13:00,43.5,outdoors,,,10.26,Sleeper raw-stat projection × league scoring + current usage + injury ripple,34.56,109.17,C+,,,,2,,10.5,11.2,9.34,-0.7,0.0,12,,,,,8.64,1.22,2026,STABLE,3,3,3,88.0,80.3,80.3,5.0,0.0,5.0,3.0,9.86,-0.0,100.0,HEALTHY,none,-0.0,-0.0,-0.0,9.86,0.0,LOW,no material weather signal,69.2,4.1,3.6,38.0,Open-Meteo game-time forecast,9.86,0.4,Opponent CB1 OUT/IR: secondary WR matchup improves,MEDIUM,10.26,0.0,0.0,,,,
1370453762442797056,18-Team Chopped — Surviving the Chamber,13,False,9756,Jordan Addison,WR,MIN,MIA,home,2026-10-04,16:05,38.5,dome,,,12.79,Sleeper raw-stat projection × league scoring + current usage + OL health + injury ripple,41.56,99.5,C,,,,2,,9.3,10.5,11.81,-1.2,0.0,12,,,,,10.61,1.22,2026,STABLE,3,3,3,98.0,89.7,89.7,5.33,0.0,5.33,3.0,11.83,-0.14,90.0,HEALTHY,LT Christian Darrisaw (AT RISK),-0.35,-0.11,-0.0,11.69,0.0,INDOOR,indoor,,,,,indoor/no weather adjustment,11.69,1.1,WR1 OUT/IR: target concentration rises for next WR,HIGH,12.79,0.0,0.0,,,,
1370453762442797056,18-Team Chopped — Surviving the Chamber,15,False,11539,Jake Bates,K,DET,CAR,away,2026-10-04,20:20,50.5,outdoors,,,8.21,Sleeper raw-stat projection × league scoring,8.11,231.5,C+,,,,1,,9.7,8.6,7.11,1.1,0.0,7,,,,,8.21,0.0,,,,,,,,,,,,,8.21,0.0,100.0,HEALTHY,none,-0.0,-0.0,-0.0,8.21,0.0,LOW,no material weather signal,63.9,4.6,8.1,62.0,Open-Meteo game-time forecast,8.21,0.0,,,8.21,0.0,0.0,,,,
1370453762442797056,18-Team Chopped — Surviving the Chamber,15,False,11610,Malik Washington,WR,MIA,MIN,away,2026-10-04,16:05,38.5,dome,,,18.76,Sleeper raw-stat projection × league scoring + current usage + league return scoring,42.98,178.0,C,,,,1,,10.2,10.2,9.93,0.0,0.0,12,,,,,9.93,1.62,2026,STABLE,3,3,3,86.0,85.7,85.7,7.67,1.0,7.67,4.0,11.55,-0.0,100.0,HEALTHY,none,-0.0,-0.0,-0.0,11.55,0.0,INDOOR,indoor,,,,,indoor/no weather adjustment,11.55,0.0,,,11.55,7.21,7.21,KR+PR,HIGH,True,1
1370453762442797056,18-Team Chopped — Surviving the Chamber,15,False,12502,Gunnar Helm,TE,TEN,BAL,away,2026-10-04,13:00,43.5,outdoors,,,10.89,Sleeper raw-stat projection × league scoring + current usage + OL health,30.0,174.83,F,,,,1,,5.9,5.4,9.7,0.5,0.0,7,,,,,10.2,0.81,2026,STABLE,3,3,3,82.0,81.7,81.7,3.67,0.0,3.67,2.0,11.01,-0.12,81.5,MINOR CONCERN,RG Fernando Carmona (UNAVAILABLE),-0.25,-0.45,-0.0,10.89,0.0,LOW,no material weather signal,66.5,3.4,3.1,44.0,Open-Meteo game-time forecast,10.89,0.0,,,10.89,0.0,0.0,,,,
1370453762442797056,18-Team Chopped — Surviving the Chamber,15,False,12517,Colston Loveland,TE,CHI,NYJ,home,2026-10-04,13:00,43.5,outdoors,,,14.0,Sleeper raw-stat projection × league scoring + current usage + OL health + injury ripple,16.6,71.17,D+,,,,1,,10.6,10.1,12.76,0.5,0.0,13,,,,,13.26,0.81,2026,STABLE,3,3,3,79.0,84.0,84.0,3.0,0.0,3.0,2.0,14.07,-0.12,90.0,HEALTHY,LT Braxton Jones (AT RISK),-0.35,-0.11,-0.0,13.95,0.0,LOW,no material weather signal,65.3,9.9,13.4,3.0,Open-Meteo game-time forecast,13.95,0.05,QB1 OUT/IR: pass-catcher efficiency risk with backup QB | Starting safety OUT/IR: TE middle/deep matchup improves,MEDIUM,14.0,0.0,0.0,,,,
1370453762442797056,18-Team Chopped — Surviving the Chamber,15,False,13287,Jeremiyah Love,RB,ARI,NYG,away,2026-10-04,13:00,44.5,outdoors,,,24.43,Sleeper raw-stat projection × league scoring + current usage + OL health,24.51,40.83,C+,,,,1,,12.6,12.1,23.26,0.5,0.0,12,,,,,23.76,0.81,2026,STABLE,3,3,3,64.0,49.0,49.0,4.0,13.67,17.67,2.0,24.57,-0.14,91.7,HEALTHY,RG Isaiah Adams (AT RISK),-0.11,-0.2,-0.0,24.43,0.0,LOW,no material weather signal,69.6,4.8,5.6,34.0,Open-Meteo game-time forecast,24.43,0.0,,,24.43,0.0,0.0,,,,
1370453762442797056,18-Team Chopped — Surviving the Chamber,15,False,13298,KC Concepcion,WR,CLE,PIT,home,2026-10-01,20:15,38.5,outdoors,,,10.8,Sleeper raw-stat projection × league scoring + current usage + OL health + injury ripple + league return scoring,41.76,80.67,C,,,,2,,9.1,10.3,10.51,-1.2,0.0,12,,,,,9.31,0.81,2026,STABLE,3,3,3,86.0,73.7,73.7,6.67,1.33,6.67,2.0,10.12,-0.28,63.1,DEGRADED,C Elgton Jenkins (AT RISK) | RG Teven Jenkins (UNAVAILABLE) | RT Tytus Howard (AT RISK),-0.71,-0.76,-0.0,9.84,0.0,LOW,no material weather signal,76.9,8.9,18.8,4.0,Open-Meteo game-time forecast,9.84,0.4,Opponent CB1 OUT/IR: secondary WR matchup improves,MEDIUM,10.24,0.7,0.56,PR,MEDIUM,True,2
1370453762442797056,18-Team Chopped — Surviving the Chamber,15,False,3163,Jared Goff,QB,DET,CAR,away,2026-10-04,20:20,50.5,outdoors,,,22.49,Sleeper raw-stat projection × league scoring + current usage,6.98,87.33,B+,,,,1,,19.8,18.7,20.98,1.1,0.0,12,,,,,22.08,0.41,2026,STABLE,3,3,3,100.0,100.0,100.0,0.0,3.0,0.0,2.0,22.49,-0.0,100.0,HEALTHY,none,-0.0,-0.0,-0.0,22.49,0.0,LOW,no material weather signal,63.9,4.6,8.1,62.0,Open-Meteo game-time forecast,22.49,0.0,,,22.49,0.0,0.0,,,,
1370453762442797056,18-Team Chopped — Surviving the Chamber,15,False,3634,Kalif Raymond,WR,CHI,NYJ,home,2026-10-04,13:00,43.5,outdoors,,,13.14,Sleeper raw-stat projection × league scoring + current usage + OL health + league return scoring,61.88,231.17,D-,,,,3,,7.1,8.6,10.88,-1.5,0.0,12,,,,,9.38,1.22,2026,STABLE,3,3,3,75.0,65.7,65.7,7.0,0.0,7.0,3.0,10.6,-0.14,90.0,HEALTHY,LT Braxton Jones (AT RISK),-0.35,-0.11,-0.0,10.46,0.0,LOW,no material weather signal,65.3,9.9,13.4,3.0,Open-Meteo game-time forecast,10.46,0.0,,,10.46,2.68,2.68,KR+PR,HIGH,True,3
1370453762442797056,18-Team Chopped — Surviving the Chamber,15,False,4981,Calvin Ridley,WR,TEN,BAL,away,2026-10-04,13:00,43.5,outdoors,,,1.05,Sleeper raw-stat projection × league scoring + current usage + OL health,88.06,233.5,F,,,,4,,4.4,5.9,3.06,-1.5,0.0,12,,,,,1.56,-0.41,2026,STABLE,3,2,3,33.0,53.0,53.0,1.5,0.0,1.5,-1.0,1.15,-0.1,81.5,MINOR CONCERN,RG Fernando Carmona (UNAVAILABLE),-0.25,-0.45,-0.0,1.05,0.0,LOW,no material weather signal,66.5,3.4,3.1,44.0,Open-Meteo game-time forecast,1.05,0.0,,,1.05,0.0,0.0,,,,
1370453762442797056,18-Team Chopped — Surviving the Chamber,15,False,5001,Dalton Schultz,TE,HOU,DAL,home,2026-10-04,13:00,48.5,,,,16.18,Sleeper raw-stat projection × league scoring + current usage + OL health + injury ripple,5.65,128.67,B+,,,,1,,12.7,12.2,13.58,0.5,0.0,7,,,,,14.08,1.22,2026,STABLE,3,3,3,54.0,62.7,62.7,8.33,0.0,8.33,3.0,15.3,-0.12,90.0,HEALTHY,RT Trent Brown (AT RISK),-0.35,-0.11,-0.0,15.18,0.0,LOW,no material weather signal,82.6,12.5,17.4,45.0,Open-Meteo game-time forecast,15.18,1.0,Starting safety OUT/IR: TE middle/deep matchup improves | WR1 OUT/IR: TE target share can rise,MEDIUM,16.18,0.0,0.0,,,,
1370453762442797056,18-Team Chopped — Surviving the Chamber,15,False,6783,Jerry Jeudy,WR,CLE,PIT,home,2026-10-01,20:15,38.5,outdoors,,,1.76,Sleeper raw-stat projection × league scoring + OL health,76.5,190.67,F,,,,3,,4.4,6.4,4.04,-2.0,0.0,12,,,,,2.04,0.0,2026,STABLE,3,2,3,51.0,57.7,57.7,2.5,0.0,2.5,0.0,2.04,-0.28,63.1,DEGRADED,C Elgton Jenkins (AT RISK) | RG Teven Jenkins (UNAVAILABLE) | RT Tytus Howard (AT RISK),-0.71,-0.76,-0.0,1.76,0.0,LOW,no material weather signal,76.9,8.9,18.8,4.0,Open-Meteo game-time forecast,1.76,0.0,,,1.76,0.0,0.0,,,,
1370453762442797056,18-Team Chopped — Surviving the Chamber,15,False,7611,Rhamondre Stevenson,RB,NE,BUF,away,2026-10-04,13:00,48.5,outdoors,,,16.8,Sleeper raw-stat projection × league scoring + current usage + OL health,28.63,80.83,C,,,,2,,9.6,10.3,17.45,-0.7,0.0,12,,,,,16.75,0.41,2026,STABLE,3,3,3,52.0,57.7,57.7,3.67,10.33,14.0,1.0,17.16,-0.36,75.9,MINOR CONCERN,RG Greg Van Roten (UNAVAILABLE) | RT Morgan Moses (LIMITED),-0.45,-0.51,-0.0,16.8,0.0,LOW,no material weather signal,65.5,10.0,12.3,7.0,Open-Meteo game-time forecast,16.8,0.0,,,16.8,0.0,0.0,,,,
1370453762442797056,18-Team Chopped — Surviving the Chamber,15,False,8151,Kenneth Walker,RB,KC,LV,away,2026-10-04,16:25,47.5,dome,,,29.72,Sleeper raw-stat projection × league scoring + current usage + OL health,2.27,7.5,A+,,,,1,,21.6,21.1,28.23,0.5,0.0,12,,,,,28.73,1.22,2026,STABLE,3,3,3,73.0,74.3,74.3,6.0,21.67,27.67,3.0,29.95,-0.23,77.8,MINOR CONCERN,LT Josh Simmons (UNAVAILABLE),-0.78,-0.24,-0.0,29.72,0.0,INDOOR,indoor,,,,,indoor/no weather adjustment,29.72,0.0,,,29.72,0.0,0.0,,,,
1370453762442797056,18-Team Chopped — Surviving the Chamber,15,False,8917,KaVontae Turpin,WR,DAL,HOU,away,2026-10-04,13:00,48.5,,,,12.52,Sleeper raw-stat projection × league scoring + current usage + league return scoring,107.46,,F,,,,4,,3.0,4.5,2.78,-1.5,0.0,12,,,,,1.28,-1.22,2026,STABLE,3,3,3,16.0,13.0,13.0,1.0,0.67,1.0,-3.0,0.06,-0.0,100.0,HEALTHY,none,-0.0,-0.0,-0.0,0.06,0.0,LOW,no material weather signal,82.6,12.5,17.4,45.0,Open-Meteo game-time forecast,0.06,0.0,,,0.06,12.46,12.46,KR+PR,HIGH,False,
1370453762442797056,18-Team Chopped — Surviving the Chamber,15,False,9509,Bijan Robinson,RB,ATL,NO,away,2026-10-05,20:15,48.5,dome,,,32.72,Sleeper raw-stat projection × league scoring + current usage + OL health + injury ripple,3.27,3.0,A+,,,,1,,20.8,20.3,31.21,0.5,0.0,12,,,,,31.71,1.22,2026,STABLE,3,3,3,72.0,66.7,66.7,5.33,22.0,27.33,3.0,32.93,-0.37,73.3,DEGRADED,LT Jake Matthews (AT RISK) | C Ryan Neuzil (AT RISK) | RG Chris Lindstrom (AT RISK),-0.58,-0.51,-0.0,32.56,0.0,INDOOR,indoor,,,,,indoor/no weather adjustment,32.56,0.16,Starting linebacker QUESTIONABLE/DNP: RB run/checkdown environment improves,MEDIUM,32.72,0.0,0.0,,,,
1370453762442797056,18-Team Chopped — Surviving the Chamber,16,False,10213,Tre Tucker,WR,LV,KC,home,2026-10-04,16:25,47.5,dome,,,10.65,Sleeper raw-stat projection × league scoring + current usage + OL health,43.76,135.33,C,,,,1,,10.4,9.9,9.38,0.5,0.0,12,,,,,9.88,0.81,2026,STABLE,3,3,3,57.0,62.3,62.3,5.0,0.0,5.0,2.0,10.69,-0.04,91.7,HEALTHY,RG Jackson Powers-Johnson (AT RISK),-0.11,-0.2,-0.0,10.65,0.0,INDOOR,indoor,,,,,indoor/no weather adjustment,10.65,0.0,,,10.65,0.0,0.0,,,,
1370453762442797056,18-Team Chopped — Surviving the Chamber,16,False,10234,Derius Davis,WR,LAC,SEA,away,2026-10-04,16:25,42.5,outdoors,,,4.92,Sleeper raw-stat projection × league scoring + current usage + league return scoring,130.5,,F,,,,5,,0.5,2.0,0.77,-1.5,0.0,12,,,,,0.0,-1.22,2026,STABLE,3,3,3,1.0,10.3,10.3,0.67,0.0,0.67,-3.0,0.0,-0.0,100.0,HEALTHY,none,-0.0,-0.0,-0.0,0.0,0.0,LOW,no material weather signal,69.8,6.8,6.3,0.0,Open-Meteo game-time forecast,0.0,0.0,,,0.0,4.92,4.92,KR+PR,HIGH,False,
1370453762442797056,18-Team Chopped — Surviving the Chamber,16,False,10236,Dalton Kincaid,TE,BUF,NE,home,2026-10-04,13:00,48.5,outdoors,,,16.57,Sleeper raw-stat projection × league scoring + current usage + injury ripple,2.23,70.17,A,,,,1,,14.7,14.2,15.46,0.5,0.0,7,,,,,15.96,0.81,2026,STABLE,3,3,3,67.0,68.3,68.3,5.67,0.0,5.67,2.0,16.77,-0.0,100.0,HEALTHY,none,-0.0,-0.0,-0.0,16.77,0.0,LOW,no material weather signal,65.5,10.0,12.3,7.0,Open-Meteo game-time forecast,16.77,-0.2,QB1 QUESTIONABLE/DNP: pass-catcher efficiency risk with backup QB,MEDIUM,16.57,0.0,0.0,,,,
1370453762442797056,18-Team Chopped — Surviving the Chamber,16,False,11168,Xavier Smith,WR,LAR,PHI,away,2026-10-04,13:00,43.5,outdoors,,,2.23,Sleeper raw-stat projection × league scoring + current usage + league return scoring,111.67,,F,,,,5,,2.1,3.6,0.68,-1.5,0.0,12,,,,,0.0,-0.41,2026,STABLE,3,3,3,44.0,37.3,37.3,0.33,0.0,0.33,-1.0,0.0,-0.0,100.0,HEALTHY,none,-0.0,-0.0,-0.0,0.0,0.0,LOW,no material weather signal,69.2,4.1,3.6,38.0,Open-Meteo game-time forecast,0.0,0.0,,,0.0,2.23,2.23,KR+PR,HIGH,False,
1370453762442797056,18-Team Chopped — Surviving the Chamber,16,False,11563,Bo Nix,QB,DEN,SF,away,2026-10-04,16:25,47.5,outdoors,,,24.26,Sleeper raw-stat projection × league scoring + current usage,16.38,110.67,C-,,,,1,,17.1,16.6,23.35,0.5,0.0,12,,,,,23.85,0.41,2026,STABLE,3,3,3,100.0,100.0,100.0,0.0,4.0,0.0,2.0,24.26,-0.0,100.0,HEALTHY,none,-0.0,-0.0,-0.0,24.26,0.0,LOW,no material weather signal,,,,,schedule fallback,24.26,0.0,,,24.26,0.0,0.0,,,,
1370453762442797056,18-Team Chopped — Surviving the Chamber,16,False,1166,Kirk Cousins,QB,LV,KC,home,2026-10-04,16:25,47.5,dome,,,19.77,Sleeper raw-stat projection × league scoring + current usage + OL health,24.24,254.5,F,,,,1,,15.0,14.5,18.94,0.5,0.0,12,,,,,19.44,0.41,2026,STABLE,3,3,3,100.0,100.0,100.0,0.0,4.0,0.0,2.0,19.85,-0.08,91.7,HEALTHY,RG Jackson Powers-Johnson (AT RISK),-0.11,-0.2,-0.0,19.77,0.0,INDOOR,indoor,,,,,indoor/no weather adjustment,19.77,0.0,,,19.77,0.0,0.0,,,,
1370453762442797056,18-Team Chopped — Surviving the Chamber,16,False,12489,RJ Harvey,RB,DEN,SF,away,2026-10-04,16:25,47.5,outdoors,,,14.51,Sleeper raw-stat projection × league scoring + league return scoring,33.85,143.33,C,Questionable,,QUESTIONABLE,2,,6.1,9.3,14.96,-0.7,2.5,12,,,,,14.26,0.0,2026,STABLE,3,2,2,36.0,43.5,43.5,5.5,2.5,8.0,0.0,14.26,-0.0,100.0,HEALTHY,none,-0.0,-0.0,-0.0,14.26,0.0,LOW,no material weather signal,,,,,schedule fallback,14.26,0.0,,,14.26,0.31,0.25,KR,MEDIUM,True,2
1370453762442797056,18-Team Chopped — Surviving the Chamber,16,False,3451,Ka'imi Fairbairn,K,HOU,DAL,home,2026-10-04,13:00,48.5,,,,8.41,Sleeper raw-stat projection × league scoring,6.33,192.17,B-,,,,1,,9.1,8.6,7.91,0.5,0.0,7,,,,,8.41,0.0,,,,,,,,,,,,,8.41,0.0,90.0,HEALTHY,RT Trent Brown (AT RISK),-0.35,-0.11,-0.0,8.41,0.0,LOW,no material weather signal,82.6,12.5,17.4,45.0,Open-Meteo game-time forecast,8.41,0.0,,,8.41,0.0,0.0,,,,
1370453762442797056,18-Team Chopped — Surviving the Chamber,16,False,4037,Chris Godwin,WR,TB,GB,home,2026-10-04,13:00,39.5,outdoors,,,8.82,Sleeper raw-stat projection × league scoring + current usage + injury ripple,41.63,67.33,C,,,,2,,9.6,10.3,9.56,-0.7,0.0,12,,,,,8.86,0.41,2026,STABLE,3,3,3,62.0,78.0,78.0,3.67,0.67,3.67,1.0,9.27,-0.0,100.0,HEALTHY,none,-0.0,-0.0,-0.0,9.27,0.0,LOW,no material weather signal,90.8,9.6,11.2,2.0,Open-Meteo game-time forecast,9.27,-0.45,QB1 OUT/IR: pass-catcher efficiency risk with backup QB,MEDIUM,8.82,0.0,0.0,,,,
1370453762442797056,18-Team Chopped — Surviving the Chamber,16,False,4137,James Conner,RB,ARI,NYG,away,2026-10-04,13:00,44.5,outdoors,,,0.0,season-long ECR proxy + OL health,,289.75,,IR,,IR/PUP,4,,,,,,,,,,,,0.0,0.0,,,,,,,,,,,,,0.0,-0.14,91.7,HEALTHY,RG Isaiah Adams (AT RISK),-0.11,-0.2,-0.0,0.0,0.0,LOW,no material weather signal,69.6,4.8,5.6,34.0,Open-Meteo game-time forecast,0.0,0.0,,,0.0,0.0,0.0,,,,
1370453762442797056,18-Team Chopped — Surviving the Chamber,16,False,8111,Cade Otton,TE,TB,GB,home,2026-10-04,13:00,39.5,outdoors,,,10.62,Sleeper raw-stat projection × league scoring + current usage + injury ripple,25.95,169.17,F,,,,1,,7.6,7.1,9.35,0.5,0.0,7,,,,,9.85,1.22,2026,STABLE,3,3,3,94.0,93.7,93.7,5.67,0.0,5.67,3.0,11.07,-0.0,100.0,HEALTHY,none,-0.0,-0.0,-0.0,11.07,0.0,LOW,no material weather signal,90.8,9.6,11.2,2.0,Open-Meteo game-time forecast,11.07,-0.45,QB1 OUT/IR: pass-catcher efficiency risk with backup QB,MEDIUM,10.62,0.0,0.0,,,,
1370453762442797056,18-Team Chopped — Surviving the Chamber,16,False,8134,Khalil Shakir,WR,BUF,NE,home,2026-10-04,13:00,48.5,outdoors,,,8.59,Sleeper raw-stat projection × league scoring + current usage + injury ripple + league return scoring,37.98,101.5,C,,,,2,,10.0,10.7,8.98,-0.7,0.0,12,,,,,8.28,0.41,2026,STABLE,3,3,3,73.0,58.3,58.3,5.0,0.0,5.0,1.0,8.69,-0.0,100.0,HEALTHY,none,-0.0,-0.0,-0.0,8.69,0.0,LOW,no material weather signal,65.5,10.0,12.3,7.0,Open-Meteo game-time forecast,8.69,-0.2,QB1 QUESTIONABLE/DNP: pass-catcher efficiency risk with backup QB,MEDIUM,8.49,0.12,0.1,PR,MEDIUM,True,2
1370453762442797056,18-Team Chopped — Surviving the Chamber,16,False,8137,George Pickens,WR,DAL,HOU,away,2026-10-04,13:00,48.5,,,,16.62,Sleeper raw-stat projection × league scoring + current usage,12.46,19.83,A,,,,2,,14.1,14.8,15.7,-0.7,0.0,12,,,,,15.0,1.62,2026,STABLE,3,3,3,85.0,81.7,81.7,8.33,0.0,8.33,4.0,16.62,-0.0,100.0,HEALTHY,none,-0.0,-0.0,-0.0,16.62,0.0,LOW,no material weather signal,82.6,12.5,17.4,45.0,Open-Meteo game-time forecast,16.62,0.0,,,16.62,0.0,0.0,,,,
1370453762442797056,18-Team Chopped — Surviving the Chamber,16,False,8208,Tyler Badie,RB,DEN,SF,away,2026-10-04,16:25,47.5,outdoors,,,2.58,Sleeper raw-stat projection × league scoring + current usage + league return scoring,77.3,,F,,,,3,,0.0,1.3,3.88,-1.3,0.0,12,,,,,2.58,-0.79,2026,STABLE,3,2,2,18.0,22.0,22.0,2.0,1.0,3.0,-3.0,1.79,-0.0,100.0,HEALTHY,none,-0.0,-0.0,-0.0,1.79,0.0,LOW,no material weather signal,,,,,schedule fallback,1.79,0.0,,,1.79,0.99,0.79,KR,MEDIUM,True,3
1370453762442797056,18-Team Chopped — Surviving the Chamber,16,False,8676,Rashid Shaheed,WR,SEA,LAC,home,2026-10-04,16:25,42.5,outdoors,,,11.7,Sleeper raw-stat projection × league scoring + current usage + league return scoring,58.29,144.0,D,,,,2,,8.3,9.0,7.63,-0.7,0.0,12,,,,,6.93,0.41,2026,STABLE,3,3,3,46.0,56.0,56.0,4.0,0.33,4.0,1.0,7.34,-0.0,100.0,HEALTHY,none,-0.0,-0.0,-0.0,7.34,0.0,LOW,no material weather signal,69.8,6.8,6.3,0.0,Open-Meteo game-time forecast,7.34,0.0,,,7.34,4.36,4.36,KR+PR,HIGH,True,2
1370453762442797056,18-Team Chopped — Surviving the Chamber,16,False,9224,Chase Brown,RB,CIN,JAX,home,2026-10-04,13:00,51.5,outdoors,,,27.32,Sleeper raw-stat projection × league scoring + current usage,7.51,13.0,A,,,,1,,18.6,17.5,25.0,1.1,0.0,12,,,,,26.1,1.22,2026,STABLE,3,3,3,70.0,70.7,70.7,4.33,16.33,20.67,3.0,27.32,-0.0,100.0,HEALTHY,none,-0.0,-0.0,-0.0,27.32,0.0,LOW,no material weather signal,71.3,4.7,6.0,21.0,Open-Meteo game-time forecast,27.32,0.0,,,27.32,0.0,0.0,,,,
1370453762442797056,18-Team Chopped — Surviving the Chamber,17,False,11569,Jarquez Hunter,RB,MIA,MIN,away,2026-10-04,16:05,38.5,dome,,,5.47,season-long ECR proxy,,319.75,,,,,,,,,,,,,,,,,5.47,0.0,,,,,,,,,,,,,5.47,-0.0,100.0,HEALTHY,none,-0.0,-0.0,-0.0,5.47,0.0,INDOOR,indoor,,,,,indoor/no weather adjustment,5.47,0.0,,,5.47,0.0,0.0,,,,
1370453762442797056,18-Team Chopped — Surviving the Chamber,17,False,11603,AJ Barner,TE,SEA,LAC,home,2026-10-04,16:25,42.5,outdoors,,,13.94,Sleeper raw-stat projection × league scoring + current usage + injury ripple,24.97,160.33,F,,,,1,,7.8,7.3,11.72,0.5,0.0,13,,,,,12.22,1.22,2026,STABLE,3,3,3,91.0,86.3,86.3,4.0,0.33,4.0,3.0,13.44,-0.0,100.0,HEALTHY,none,-0.0,-0.0,-0.0,13.44,0.0,LOW,no material weather signal,69.8,6.8,6.3,0.0,Open-Meteo game-time forecast,13.44,0.5,Starting safety OUT/IR: TE middle/deep matchup improves,MEDIUM,13.94,0.0,0.0,,,,
1370453762442797056,18-Team Chopped — Surviving the Chamber,17,False,11631,Brian Thomas,WR,JAX,CIN,away,2026-10-04,13:00,51.5,outdoors,,,7.46,Sleeper raw-stat projection × league scoring + current usage + OL health,49.07,86.0,C-,,,,3,,8.6,9.5,8.09,-0.9,0.0,12,,,,,7.19,0.41,2026,STABLE,3,3,3,37.0,42.0,42.0,4.0,0.0,4.0,1.0,7.6,-0.14,90.0,HEALTHY,LT Anton Harrison (AT RISK),-0.35,-0.11,-0.0,7.46,0.0,LOW,no material weather signal,71.3,4.7,6.0,21.0,Open-Meteo game-time forecast,7.46,0.0,,,7.46,0.0,0.0,,,,
1370453762442797056,18-Team Chopped — Surviving the Chamber,17,False,12493,Oronde Gadsden,TE,LAC,SEA,away,2026-10-04,16:25,42.5,outdoors,,,9.74,Sleeper raw-stat projection × league scoring + injury ripple,16.88,154.67,D+,,,,1,,9.8,9.3,8.39,0.5,0.0,7,,,,,8.89,0.0,2026,STABLE,3,3,3,57.0,39.7,39.7,2.33,0.0,2.33,0.0,8.89,-0.0,100.0,HEALTHY,none,-0.0,-0.0,-0.0,8.89,0.0,LOW,no material weather signal,69.8,6.8,6.3,0.0,Open-Meteo game-time forecast,8.89,0.85,TE1 OUT/IR: TE2 route/target opportunity rises,HIGH,9.74,0.0,0.0,,,,
1370453762442797056,18-Team Chopped — Surviving the Chamber,17,False,12534,Kyle Monangai,RB,CHI,NYJ,home,2026-10-04,13:00,43.5,outdoors,,,14.13,Sleeper raw-stat projection × league scoring + current usage + OL health,35.78,133.0,C,,,,2,,8.0,8.7,14.52,-0.7,0.0,12,,,,,13.82,0.41,2026,STABLE,3,3,3,31.0,36.0,36.0,1.33,10.0,11.33,1.0,14.23,-0.1,90.0,HEALTHY,LT Braxton Jones (AT RISK),-0.35,-0.11,-0.0,14.13,0.0,LOW,no material weather signal,65.3,9.9,13.4,3.0,Open-Meteo game-time forecast,14.13,0.0,,,14.13,0.0,0.0,,,,
1370453762442797056,18-Team Chopped — Surviving the Chamber,17,False,13279,Carnell Tate,WR,TEN,BAL,away,2026-10-04,13:00,43.5,outdoors,,,12.6,Sleeper raw-stat projection × league scoring + current usage + OL health,42.22,74.0,C,,,,1,,10.8,10.3,10.98,0.5,0.0,12,,,,,11.48,1.22,2026,STABLE,3,3,3,88.0,83.7,83.7,6.67,0.0,6.67,3.0,12.7,-0.1,81.5,MINOR CONCERN,RG Fernando Carmona (UNAVAILABLE),-0.25,-0.45,-0.0,12.6,0.0,LOW,no material weather signal,66.5,3.4,3.1,44.0,Open-Meteo game-time forecast,12.6,0.0,,,12.6,0.0,0.0,,,,
1370453762442797056,18-Team Chopped — Surviving the Chamber,17,False,13301,Antonio Williams,WR,WAS,IND,home,2026-10-04,09:30,47.5,outdoors,,,3.54,Sleeper raw-stat projection × league scoring,76.97,188.83,F,,,,3,,4.8,6.3,5.04,-1.5,0.0,12,,,,,3.54,0.0,2026,STABLE,3,3,3,41.0,42.3,42.3,3.67,0.0,3.67,0.0,3.54,-0.0,100.0,HEALTHY,none,-0.0,-0.0,-0.0,3.54,0.0,LOW,no material weather signal,62.9,3.4,5.8,44.0,Open-Meteo game-time forecast,3.54,0.0,,,3.54,0.0,0.0,,,,
1370453762442797056,18-Team Chopped — Surviving the Chamber,17,False,13311,Chris Bell,WR,MIA,MIN,away,2026-10-04,16:05,38.5,dome,,,3.49,Sleeper raw-stat projection × league scoring,74.08,188.0,F,,,,3,,4.7,6.7,5.49,-2.0,0.0,12,,,,,3.49,0.0,2026,STABLE,3,3,3,71.0,54.7,54.7,3.33,0.0,3.33,0.0,3.49,-0.0,100.0,HEALTHY,none,-0.0,-0.0,-0.0,3.49,0.0,INDOOR,indoor,,,,,indoor/no weather adjustment,3.49,0.0,,,3.49,0.0,0.0,,,,
1370453762442797056,18-Team Chopped — Surviving the Chamber,17,False,2747,Jason Myers,K,SEA,LAC,home,2026-10-04,16:25,42.5,outdoors,,,8.18,Sleeper raw-stat projection × league scoring,8.39,200.5,C+,,,,1,,8.9,8.4,7.68,0.5,0.0,7,,,,,8.18,0.0,,,,,,,,,,,,,8.18,0.0,100.0,HEALTHY,none,-0.0,-0.0,-0.0,8.18,0.0,LOW,no material weather signal,69.8,6.8,6.3,0.0,Open-Meteo game-time forecast,8.18,0.0,,,8.18,0.0,0.0,,,,
1370453762442797056,18-Team Chopped — Surviving the Chamber,17,False,421,Matthew Stafford,QB,LAR,PHI,away,2026-10-04,13:00,43.5,outdoors,,,21.08,Sleeper raw-stat projection × league scoring + current usage,17.26,105.33,C-,,,,1,,16.8,16.3,20.17,0.5,0.0,12,,,,,20.67,0.41,2026,STABLE,3,3,3,100.0,94.7,94.7,0.0,2.67,0.0,2.0,21.08,-0.0,100.0,HEALTHY,none,-0.0,-0.0,-0.0,21.08,0.0,LOW,no material weather signal,69.2,4.1,3.6,38.0,Open-Meteo game-time forecast,21.08,0.0,,,21.08,0.0,0.0,,,,
1370453762442797056,18-Team Chopped — Surviving the Chamber,17,False,4881,Lamar Jackson,QB,BAL,TEN,home,2026-10-04,13:00,43.5,outdoors,,,29.91,Sleeper raw-stat projection × league scoring + current usage + OL health,2.19,27.5,A,,,,1,,23.5,23.0,29.58,0.5,0.0,12,,,,,30.08,0.41,2026,STABLE,3,3,3,100.0,100.0,100.0,0.0,5.67,0.0,2.0,30.49,-0.58,77.8,MINOR CONCERN,LT Ronnie Stanley (UNAVAILABLE),-0.78,-0.24,-0.0,29.91,0.0,LOW,no material weather signal,66.5,3.4,3.1,44.0,Open-Meteo game-time forecast,29.91,0.0,,,29.91,0.0,0.0,,,,
1370453762442797056,18-Team Chopped — Surviving the Chamber,17,False,6801,Tee Higgins,WR,CIN,JAX,home,2026-10-04,13:00,51.5,outdoors,,,18.07,Sleeper raw-stat projection × league scoring + current usage,19.22,36.33,A-,,,,2,,13.1,13.2,16.95,-0.1,0.0,12,,,,,16.85,1.22,2026,STABLE,3,3,3,93.0,79.0,79.0,7.67,0.0,7.67,3.0,18.07,-0.0,100.0,HEALTHY,none,-0.0,-0.0,-0.0,18.07,0.0,LOW,no material weather signal,71.3,4.7,6.0,21.0,Open-Meteo game-time forecast,18.07,0.0,,,18.07,0.0,0.0,,,,
1370453762442797056,18-Team Chopped — Surviving the Chamber,17,False,8205,Isiah Pacheco,RB,DET,CAR,away,2026-10-04,20:20,50.5,outdoors,,,0.0,season-long ECR proxy,,293.5,,IR,,IR/PUP,4,,,,,,,,,,,,0.0,0.0,,,,,,,,,,,,,0.0,-0.0,100.0,HEALTHY,none,-0.0,-0.0,-0.0,0.0,0.0,LOW,no material weather signal,63.9,4.6,8.1,62.0,Open-Meteo game-time forecast,0.0,0.0,,,0.0,0.0,0.0,,,,
1370453762442797056,18-Team Chopped — Surviving the Chamber,17,False,9221,Jahmyr Gibbs,RB,DET,CAR,away,2026-10-04,20:20,50.5,outdoors,,,37.35,Sleeper raw-stat projection × league scoring + current usage,1.1,1.0,A+,,,,1,,27.6,26.5,35.03,1.1,0.0,12,,,,,36.13,1.22,2026,STABLE,3,3,3,69.0,75.3,75.3,7.0,21.67,28.67,3.0,37.35,-0.0,100.0,HEALTHY,none,-0.0,-0.0,-0.0,37.35,0.0,LOW,no material weather signal,63.9,4.6,8.1,62.0,Open-Meteo game-time forecast,37.35,0.0,,,37.35,0.0,0.0,,,,
1370453762442797056,18-Team Chopped — Surviving the Chamber,17,False,9757,Kendre Miller,RB,NO,ATL,home,2026-10-05,20:15,48.5,dome,,,11.2,Sleeper raw-stat projection × league scoring + current usage + injury ripple + league return scoring,89.87,285.0,F,,,,2,,0.0,0.5,10.21,-0.5,0.0,12,,,,,9.71,-0.53,2026,STABLE,3,2,2,19.0,24.0,24.0,1.5,6.5,8.0,-2.0,9.18,-0.0,100.0,HEALTHY,none,-0.0,-0.0,-0.0,9.18,0.0,INDOOR,indoor,,,,,indoor/no weather adjustment,9.18,0.45,RB1 OUT/IR: secondary backfield opportunity,MEDIUM,9.63,1.96,1.57,KR,MEDIUM,True,2
1370453762442797056,18-Team Chopped — Surviving the Chamber,18,False,10218,Xavier Hutchinson,WR,HOU,DAL,home,2026-10-04,13:00,48.5,,,,7.96,Sleeper raw-stat projection × league scoring + current usage + OL health + injury ripple,52.76,313.67,C-,,,,2,,8.8,9.5,6.08,-0.7,0.0,12,,,,,5.38,1.22,2026,STABLE,3,3,3,54.0,63.7,63.7,7.0,0.67,7.0,3.0,6.6,-0.14,90.0,HEALTHY,RT Trent Brown (AT RISK),-0.35,-0.11,-0.0,6.46,0.0,LOW,no material weather signal,82.6,12.5,17.4,45.0,Open-Meteo game-time forecast,6.46,1.5,Opponent CB1 OUT/IR: secondary WR matchup improves | WR1 OUT/IR: target concentration rises for next WR,HIGH,7.96,0.0,0.0,,,,
1370453762442797056,18-Team Chopped — Surviving the Chamber,18,False,10232,Michael Wilson,WR,ARI,NYG,away,2026-10-04,13:00,44.5,outdoors,,,18.48,Sleeper raw-stat projection × league scoring + current usage + OL health + injury ripple + league return scoring,29.12,89.83,B-,,,,1,,11.9,11.4,15.36,0.5,0.0,12,,,,,15.86,1.62,2026,STABLE,3,3,3,93.0,90.7,90.7,10.33,0.0,10.33,4.0,17.48,-0.04,91.7,HEALTHY,RG Isaiah Adams (AT RISK),-0.11,-0.2,-0.0,17.44,0.0,LOW,no material weather signal,69.6,4.8,5.6,34.0,Open-Meteo game-time forecast,17.44,1.0,Opponent CB1 OUT/IR: projected WR1 coverage matchup improves (not confirmed shadow),MEDIUM,18.44,0.07,0.04,PR,LOW,True,1
1370453762442797056,18-Team Chopped — Surviving the Chamber,18,False,11646,Jalen Coker,WR,CAR,DET,home,2026-10-04,20:20,50.5,outdoors,,,4.03,Sleeper raw-stat projection × league scoring + current usage + OL health + league return scoring,20.22,62.67,A-,Out,,OUT,2,,0.0,12.8,15.61,-12.8,0.0,12,,,,,2.81,1.22,2026,STABLE,3,3,3,36.0,65.3,65.3,7.33,0.0,7.33,3.0,4.03,-0.04,91.7,HEALTHY,LG Damien Lewis (AT RISK),-0.11,-0.2,-0.0,3.99,0.0,LOW,no material weather signal,63.9,4.6,8.1,62.0,Open-Meteo game-time forecast,3.99,0.0,,,3.99,0.07,0.04,PR,LOW,True,2
1370453762442797056,18-Team Chopped — Surviving the Chamber,18,False,12490,Bhayshul Tuten,RB,JAX,CIN,away,2026-10-04,13:00,51.5,outdoors,,,20.78,Sleeper raw-stat projection × league scoring + current usage + OL health + league return scoring,24.07,55.5,B-,,,,1,,13.5,12.4,18.54,1.1,0.0,12,,,,,19.64,0.81,2026,STABLE,3,3,3,48.0,49.3,49.3,1.67,14.33,16.0,2.0,20.45,-0.1,90.0,HEALTHY,LT Anton Harrison (AT RISK),-0.35,-0.11,-0.0,20.35,0.0,LOW,no material weather signal,71.3,4.7,6.0,21.0,Open-Meteo game-time forecast,20.35,0.0,,,20.35,0.54,0.43,KR,MEDIUM,True,1
1370453762442797056,18-Team Chopped — Surviving the Chamber,18,False,12518,Tyler Warren,TE,IND,WAS,away,2026-10-04,09:30,47.5,outdoors,,,17.49,Sleeper raw-stat projection × league scoring + current usage,8.23,72.33,B-,,,,1,,11.9,11.4,15.37,0.5,0.0,13,,,,,15.87,1.62,2026,STABLE,3,3,3,94.0,92.0,92.0,7.33,0.67,7.33,4.0,17.49,-0.0,100.0,HEALTHY,none,-0.0,-0.0,-0.0,17.49,0.0,LOW,no material weather signal,62.9,3.4,5.8,44.0,Open-Meteo game-time forecast,17.49,0.0,,,17.49,0.0,0.0,,,,
1370453762442797056,18-Team Chopped — Surviving the Chamber,18,False,13285,Malachi Fields,WR,NYG,ARI,home,2026-10-04,13:00,44.5,outdoors,,,5.7,Sleeper raw-stat projection × league scoring + current usage + OL health,68.29,164.83,F,,,,2,,7.2,7.9,5.67,-0.7,0.0,12,,,,,4.97,0.81,2026,STABLE,3,3,3,69.0,74.0,74.0,4.0,0.0,4.0,2.0,5.78,-0.08,94.4,HEALTHY,LT Andrew Thomas (LIMITED),-0.2,-0.06,-0.0,5.7,0.0,LOW,no material weather signal,69.6,4.8,5.6,34.0,Open-Meteo game-time forecast,5.7,0.0,,,5.7,0.0,0.0,,,,
1370453762442797056,18-Team Chopped — Surviving the Chamber,18,False,4033,David Njoku,TE,LAC,SEA,away,2026-10-04,16:25,42.5,outdoors,,,0.26,season-long ECR proxy + current usage,,201.6,,IR,,IR/PUP,4,,,,,,,,,,,,0.0,0.26,2026,STABLE,2,2,2,16.0,35.5,35.5,4.0,0.0,4.0,1.0,0.26,-0.0,100.0,HEALTHY,none,-0.0,-0.0,-0.0,0.26,0.0,LOW,no material weather signal,69.8,6.8,6.3,0.0,Open-Meteo game-time forecast,0.26,0.0,,,0.26,0.0,0.0,,,,
1370453762442797056,18-Team Chopped — Surviving the Chamber,18,False,4227,Harrison Butker,K,KC,LV,away,2026-10-04,16:25,47.5,dome,,,8.07,Sleeper raw-stat projection × league scoring,3.89,238.67,B,,,,1,,9.3,8.8,7.57,0.5,0.0,7,,,,,8.07,0.0,,,,,,,,,,,,,8.07,0.0,77.8,MINOR CONCERN,LT Josh Simmons (UNAVAILABLE),-0.78,-0.24,-0.0,8.07,0.0,INDOOR,indoor,,,,,indoor/no weather adjustment,8.07,0.0,,,8.07,0.0,0.0,,,,
1370453762442797056,18-Team Chopped — Surviving the Chamber,18,False,4892,Baker Mayfield,QB,TB,GB,home,2026-10-04,13:00,39.5,outdoors,,,0.41,weekly projected points + current usage,20.6,126.33,D,Out,,OUT,2,,,,,,,,,,,,0.0,0.41,2026,STABLE,3,3,3,94.0,98.0,98.0,0.0,3.67,0.0,2.0,0.41,-0.0,100.0,HEALTHY,none,-0.0,-0.0,-0.0,0.41,0.0,LOW,no material weather signal,90.8,9.6,11.2,2.0,Open-Meteo game-time forecast,0.41,0.0,,,0.41,0.0,0.0,,,,
1370453762442797056,18-Team Chopped — Surviving the Chamber,18,False,4943,Sam Darnold,QB,SEA,LAC,home,2026-10-04,16:25,42.5,outdoors,,,20.86,Sleeper raw-stat projection × league scoring,20.69,171.67,D,,,,1,,15.7,15.2,20.36,0.5,0.0,12,,,,,20.86,0.0,2026,STABLE,3,2,2,100.0,55.0,55.0,0.0,0.5,0.0,0.0,20.86,-0.0,100.0,HEALTHY,none,-0.0,-0.0,-0.0,20.86,0.0,LOW,no material weather signal,69.8,6.8,6.3,0.0,Open-Meteo game-time forecast,20.86,0.0,,,20.86,0.0,0.0,,,,
1370453762442797056,18-Team Chopped — Surviving the Chamber,18,False,5892,David Montgomery,RB,HOU,DAL,home,2026-10-04,13:00,48.5,,,,21.98,Sleeper raw-stat projection × league scoring + current usage + OL health,21.22,53.67,B-,,,,1,,13.0,12.5,21.17,0.5,0.0,12,,,,,21.67,0.41,2026,STABLE,3,3,3,63.0,54.7,54.7,2.33,12.33,14.67,1.0,22.08,-0.1,90.0,HEALTHY,RT Trent Brown (AT RISK),-0.35,-0.11,-0.0,21.98,0.0,LOW,no material weather signal,82.6,12.5,17.4,45.0,Open-Meteo game-time forecast,21.98,0.0,,,21.98,0.0,0.0,,,,
1370453762442797056,18-Team Chopped — Surviving the Chamber,18,False,6819,Michael Pittman,WR,PIT,CLE,away,2026-10-01,20:15,38.5,outdoors,,,9.71,Sleeper raw-stat projection × league scoring + current usage + OL health,53.06,104.5,D+,,,,2,,5.9,7.1,10.26,-1.2,0.0,12,,,,,9.06,0.79,2026,STABLE,3,2,2,73.0,80.5,80.5,4.0,0.0,4.0,3.0,9.85,-0.14,90.0,HEALTHY,LT Troy Fautanu (AT RISK),-0.35,-0.11,-0.0,9.71,0.0,LOW,no material weather signal,76.9,8.9,18.8,4.0,Open-Meteo game-time forecast,9.71,0.0,,,9.71,0.0,0.0,,,,
1370453762442797056,18-Team Chopped — Surviving the Chamber,18,False,7564,Ja'Marr Chase,WR,CIN,JAX,home,2026-10-04,13:00,51.5,outdoors,,,22.19,Sleeper raw-stat projection × league scoring + current usage,3.2,3.5,A+,,,,1,,20.5,19.4,19.47,1.1,0.0,12,,,,,20.57,1.62,2026,STABLE,3,3,3,100.0,94.0,94.0,8.33,0.0,8.33,4.0,22.19,-0.0,100.0,HEALTHY,none,-0.0,-0.0,-0.0,22.19,0.0,LOW,no material weather signal,71.3,4.7,6.0,21.0,Open-Meteo game-time forecast,22.19,0.0,,,22.19,0.0,0.0,,,,
1370218620990263296,12-Team Dynasty — One League to Rule Them All,1,False,11566,Jayden Daniels,QB,WAS,IND,home,2026-10-04,09:30,47.5,outdoors,,,0.13,season-long ECR proxy + current usage,,13.0,,Out,,OUT,2,,,,,,,,,,,,0.0,0.13,2026,STABLE,2,2,2,55.0,77.5,77.5,0.0,6.0,0.0,1.0,0.13,-0.0,100.0,HEALTHY,none,-0.0,-0.0,-0.0,0.13,0.0,LOW,no material weather signal,62.9,3.4,5.8,44.0,Open-Meteo game-time forecast,0.13,0.0,,,0.13,0.0,0.0,,,,
1370218620990263296,12-Team Dynasty — One League to Rule Them All,1,False,11604,Brock Bowers,TE,LV,KC,home,2026-10-04,16:25,47.5,dome,,,19.35,Sleeper raw-stat projection × league scoring + current usage + OL health,4.03,24.4,A,,,,1,,14.1,13.6,18.41,0.5,0.0,10,,,,,18.91,0.49,2026,STABLE,3,1,1,79.0,79.0,79.0,13.0,0.0,13.0,3.0,19.4,-0.05,91.7,HEALTHY,RG Jackson Powers-Johnson (AT RISK),-0.11,-0.2,-0.0,19.35,0.0,INDOOR,indoor,,,,,indoor/no weather adjustment,19.35,0.0,,,19.35,0.0,0.0,,,,
1370218620990263296,12-Team Dynasty — One League to Rule Them All,1,False,13317,Ted Hurst,WR,TB,GB,home,2026-10-04,13:00,39.5,outdoors,,,5.31,Sleeper raw-stat projection × league scoring + current usage,76.76,151.33,F,,,,3,,4.9,6.4,6.0,-1.5,0.0,9,,,,,4.5,0.81,2026,STABLE,3,3,3,75.0,74.7,74.7,4.33,0.0,4.33,2.0,5.31,-0.0,100.0,HEALTHY,none,-0.0,-0.0,-0.0,5.31,0.0,LOW,no material weather signal,90.8,9.6,11.2,2.0,Open-Meteo game-time forecast,5.31,0.0,,,5.31,0.0,0.0,,,,
1370218620990263296,12-Team Dynasty — One League to Rule Them All,1,False,2505,Darren Waller,TE,CAR,DET,home,2026-10-04,20:20,50.5,outdoors,,,12.32,Sleeper raw-stat projection × league scoring + current usage + OL health,24.98,309.0,F,,,,1,,9.0,7.9,10.86,1.1,0.0,7,,,,,11.96,0.41,2026,STABLE,3,3,3,51.0,43.3,43.3,4.33,0.0,4.33,1.0,12.37,-0.05,91.7,HEALTHY,LG Damien Lewis (AT RISK),-0.11,-0.2,-0.0,12.32,0.0,LOW,no material weather signal,63.9,4.6,8.1,62.0,Open-Meteo game-time forecast,12.32,0.0,,,12.32,0.0,0.0,,,,
1370218620990263296,12-Team Dynasty — One League to Rule Them All,1,False,13434,Will Kacmarek,TE,MIA,MIN,away,2026-10-04,16:05,38.5,dome,,,0.0,Sleeper raw-stat projection × league scoring + current usage,62.93,,F,,,,2,,1.2,2.4,1.55,-1.2,0.0,7,,,,,0.35,-0.41,2026,STABLE,3,3,3,41.0,37.7,37.7,0.67,0.0,0.67,-1.0,0.0,-0.0,100.0,HEALTHY,none,-0.0,-0.0,-0.0,0.0,0.0,INDOOR,indoor,,,,,indoor/no weather adjustment,0.0,0.0,,,0.0,0.0,0.0,,,,
1370218620990263296,12-Team Dynasty — One League to Rule Them All,1,False,13278,Max Klare,TE,LAR,PHI,away,2026-10-04,13:00,43.5,outdoors,,,0.0,Sleeper raw-stat projection × league scoring + current usage,101.75,186.8,F,,,,5,,0.0,0.5,0.59,-0.5,0.0,7,,,,,0.09,-0.79,2026,STABLE,3,0,2,0.0,0.0,0.0,0.0,0.0,0.0,-3.0,0.0,-0.0,100.0,HEALTHY,none,-0.0,-0.0,-0.0,0.0,0.0,LOW,no material weather signal,69.2,4.1,3.6,38.0,Open-Meteo game-time forecast,0.0,0.0,,,0.0,0.0,0.0,,,,
1370218620990263296,12-Team Dynasty — One League to Rule Them All,1,False,13293,Ja'Kobi Lane,WR,BAL,TEN,home,2026-10-04,13:00,43.5,outdoors,,,0.0,season-long ECR proxy + OL health,,166.25,,IR,,IR/PUP,9,,,,,,,,,,,,0.0,0.0,2026,STABLE,1,1,1,40.0,40.0,40.0,3.0,0.0,3.0,0.0,0.0,-0.31,77.8,MINOR CONCERN,LT Ronnie Stanley (UNAVAILABLE),-0.78,-0.24,-0.0,0.0,0.0,LOW,no material weather signal,66.5,3.4,3.1,44.0,Open-Meteo game-time forecast,0.0,0.0,,,0.0,0.0,0.0,,,,
1370218620990263296,12-Team Dynasty — One League to Rule Them All,1,False,13345,Jonah Coleman,RB,DEN,SF,away,2026-10-04,16:25,47.5,outdoors,,,0.0,weekly projected points + current usage,103.5,138.0,F,IR,,IR/PUP,6,,,,,,,,,,,,0.0,-0.53,2026,STABLE,2,2,2,40.0,23.0,23.0,1.5,5.0,6.5,-2.0,0.0,-0.0,100.0,HEALTHY,none,-0.0,-0.0,-0.0,0.0,0.0,LOW,no material weather signal,,,,,schedule fallback,0.0,0.0,,,0.0,0.0,0.0,,,,
1370218620990263296,12-Team Dynasty — One League to Rule Them All,1,False,13346,Denzel Boston,WR,CLE,PIT,home,2026-10-01,20:15,38.5,outdoors,,,12.93,Sleeper raw-stat projection × league scoring + current usage + OL health + injury ripple,34.61,100.6,C+,,,,1,,11.0,11.0,10.99,0.0,0.0,9,,,,,10.99,1.22,2026,STABLE,3,3,3,89.0,91.3,91.3,5.0,0.0,5.0,3.0,12.21,-0.28,63.1,DEGRADED,C Elgton Jenkins (AT RISK) | RG Teven Jenkins (UNAVAILABLE) | RT Tytus Howard (AT RISK),-0.71,-0.76,-0.0,11.93,0.0,LOW,no material weather signal,76.9,8.9,18.8,4.0,Open-Meteo game-time forecast,11.93,1.0,Opponent CB1 OUT/IR: projected WR1 coverage matchup improves (not confirmed shadow),MEDIUM,12.93,0.0,0.0,,,,
1370218620990263296,12-Team Dynasty — One League to Rule Them All,1,False,13425,Jalon Daniels,QB,TB,GB,home,2026-10-04,13:00,39.5,outdoors,,,14.64,Sleeper raw-stat projection × league scoring + current usage + injury ripple,,,,,,,1,,5.5,,13.6,0.0,0.0,9,,,,,13.6,-0.16,2026,STABLE,3,1,1,6.0,6.0,6.0,0.0,1.0,0.0,-2.0,13.44,-0.0,100.0,HEALTHY,none,-0.0,-0.0,-0.0,13.44,0.0,LOW,no material weather signal,90.8,9.6,11.2,2.0,Open-Meteo game-time forecast,13.44,1.2,QB1 OUT/IR: QB2 becomes relevant,HIGH,14.64,0.0,0.0,,,,
1370218620990263296,12-Team Dynasty — One League to Rule Them All,1,False,13533,Barion Brown,WR,NO,ATL,home,2026-10-05,20:15,48.5,dome,,,1.33,Sleeper raw-stat projection × league scoring + current usage,,306.0,,Out,,OUT,4,,0.0,,2.12,0.0,0.0,6,,,,,2.12,-0.79,2026,STABLE,2,2,2,3.0,5.5,5.5,0.0,0.5,0.0,-3.0,1.33,-0.0,100.0,HEALTHY,none,-0.0,-0.0,-0.0,1.33,0.0,INDOOR,indoor,,,,,indoor/no weather adjustment,1.33,0.0,,,1.33,0.0,0.0,,,,
1370218620990263296,12-Team Dynasty — One League to Rule Them All,1,False,13303,Cade Klubnik,QB,NYJ,CHI,away,2026-10-04,13:00,43.5,outdoors,,,0.0,weekly projected points + OL health,48.2,,F,,,,3,,,,,,,,,,,,0.0,0.0,,,,,,,,,,,,,0.0,-0.19,81.5,MINOR CONCERN,LG Dylan Parham (UNAVAILABLE),-0.25,-0.45,-0.0,0.0,0.0,LOW,no material weather signal,65.3,9.9,13.4,3.0,Open-Meteo game-time forecast,0.0,0.0,,,0.0,0.0,0.0,,,,
1370218620990263296,12-Team Dynasty — One League to Rule Them All,1,False,13281,Jordyn Tyson,WR,NO,ATL,home,2026-10-05,20:15,48.5,dome,,,0.0,season-long ECR proxy,,59.4,,IR,,IR/PUP,11,,,,,,,,,,,,0.0,0.0,,,,,,,,,,,,,0.0,-0.0,100.0,HEALTHY,none,-0.0,-0.0,-0.0,0.0,0.0,INDOOR,indoor,,,,,indoor/no weather adjustment,0.0,0.0,,,0.0,0.0,0.0,,,,
1370218620990263296,12-Team Dynasty — One League to Rule Them All,1,False,13269,Fernando Mendoza,QB,LV,KC,home,2026-10-04,16:25,47.5,dome,,,0.0,weekly projected points + OL health,36.38,61.8,F,,,,3,,,,,,,,,,,,0.0,0.0,,,,,,,,,,,,,0.0,-0.08,91.7,HEALTHY,RG Jackson Powers-Johnson (AT RISK),-0.11,-0.2,-0.0,0.0,0.0,INDOOR,indoor,,,,,indoor/no weather adjustment,0.0,0.0,,,0.0,0.0,0.0,,,,
1370218620990263296,12-Team Dynasty — One League to Rule Them All,1,False,13275,Ty Simpson,QB,LAR,PHI,away,2026-10-04,13:00,43.5,outdoors,,,0.0,season-long ECR proxy,,109.25,,Out,,OUT,3,,,,,,,,,,,,0.0,0.0,,,,,,,,,,,,,0.0,-0.0,100.0,HEALTHY,none,-0.0,-0.0,-0.0,0.0,0.0,LOW,no material weather signal,69.2,4.1,3.6,38.0,Open-Meteo game-time forecast,0.0,0.0,,,0.0,0.0,0.0,,,,
1370218620990263296,12-Team Dynasty — One League to Rule Them All,1,False,13394,Josh Cameron,WR,JAX,CIN,away,2026-10-04,13:00,51.5,outdoors,,,2.15,Sleeper raw-stat projection × league scoring + current usage + OL health,117.94,,F,,,,4,,2.2,3.1,3.6,-0.9,0.0,9,,,,,2.7,-0.41,2026,STABLE,3,3,3,37.0,29.0,29.0,1.33,0.0,1.33,-1.0,2.29,-0.14,90.0,HEALTHY,LT Anton Harrison (AT RISK),-0.35,-0.11,-0.0,2.15,0.0,LOW,no material weather signal,71.3,4.7,6.0,21.0,Open-Meteo game-time forecast,2.15,0.0,,,2.15,0.0,0.0,,,,
1370218620990263296,12-Team Dynasty — One League to Rule Them All,1,False,11624,Xavier Worthy,WR,KC,LV,away,2026-10-04,16:25,47.5,dome,,,9.88,Sleeper raw-stat projection × league scoring + current usage + OL health,36.66,118.8,C,,,,2,,10.3,11.0,9.67,-0.7,0.0,9,,,,,8.97,1.22,2026,STABLE,3,3,3,83.0,82.0,82.0,5.0,0.0,5.0,3.0,10.19,-0.31,77.8,MINOR CONCERN,LT Josh Simmons (UNAVAILABLE),-0.78,-0.24,-0.0,9.88,0.0,INDOOR,indoor,,,,,indoor/no weather adjustment,9.88,0.0,,,9.88,0.0,0.0,,,,
1370218620990263296,12-Team Dynasty — One League to Rule Them All,1,False,12511,Will Howard,QB,PIT,CLE,away,2026-10-01,20:15,38.5,outdoors,,,0.0,weekly projected points + OL health,58.33,,F,Out,,OUT,3,,,,,,,,,,,,0.0,0.0,,,,,,,,,,,,,0.0,-0.26,90.0,HEALTHY,LT Troy Fautanu (AT RISK),-0.35,-0.11,-0.0,0.0,0.0,LOW,no material weather signal,76.9,8.9,18.8,4.0,Open-Meteo game-time forecast,0.0,0.0,,,0.0,0.0,0.0,,,,
1370218620990263296,12-Team Dynasty — One League to Rule Them All,1,False,13287,Jeremiyah Love,RB,ARI,NYG,away,2026-10-04,13:00,44.5,outdoors,,,16.85,Sleeper raw-stat projection × league scoring + current usage + OL health,24.51,22.6,C+,,,,1,,12.6,12.1,15.68,0.5,0.0,9,,,,,16.18,0.81,2026,STABLE,3,3,3,64.0,49.0,49.0,4.0,13.67,17.67,2.0,16.99,-0.14,91.7,HEALTHY,RG Isaiah Adams (AT RISK),-0.11,-0.2,-0.0,16.85,0.0,LOW,no material weather signal,69.6,4.8,5.6,34.0,Open-Meteo game-time forecast,16.85,0.0,,,16.85,0.0,0.0,,,,
1370218620990263296,12-Team Dynasty — One League to Rule Them All,1,False,13279,Carnell Tate,WR,TEN,BAL,away,2026-10-04,13:00,43.5,outdoors,,,11.67,Sleeper raw-stat projection × league scoring + current usage + OL health,42.22,37.6,C,,,,1,,10.8,10.3,10.05,0.5,0.0,9,,,,,10.55,1.22,2026,STABLE,3,3,3,88.0,83.7,83.7,6.67,0.0,6.67,3.0,11.77,-0.1,81.5,MINOR CONCERN,RG Fernando Carmona (UNAVAILABLE),-0.25,-0.45,-0.0,11.67,0.0,LOW,no material weather signal,66.5,3.4,3.1,44.0,Open-Meteo game-time forecast,11.67,0.0,,,11.67,0.0,0.0,,,,
1370218620990263296,12-Team Dynasty — One League to Rule Them All,1,False,9494,Marvin Mims,WR,DEN,SF,away,2026-10-04,16:25,47.5,outdoors,,,1.81,Sleeper raw-stat projection × league scoring + current usage + injury ripple,,229.5,,Out,,OUT,5,,0.0,,2.05,0.0,0.0,9,,,,,2.05,-0.49,2026,STABLE,1,1,1,18.0,18.0,18.0,0.0,0.0,0.0,-3.0,1.56,-0.0,100.0,HEALTHY,none,-0.0,-0.0,-0.0,1.56,0.0,LOW,no material weather signal,,,,,schedule fallback,1.56,0.25,WR1 QUESTIONABLE/DNP: WR3 role/targets can expand,MEDIUM,1.81,0.0,0.0,,,,
1370218620990263296,12-Team Dynasty — One League to Rule Them All,1,False,11655,Tyrone Tracy,RB,NYG,ARI,home,2026-10-04,13:00,44.5,outdoors,,,0.0,Sleeper raw-stat projection × league scoring + current usage + OL health,73.31,181.0,F,,,,4,,0.5,2.0,0.77,-1.5,0.0,9,,,,,0.0,-1.22,2026,STABLE,3,3,3,2.0,2.3,2.3,0.0,1.0,1.0,-3.0,0.0,-0.06,94.4,HEALTHY,LT Andrew Thomas (LIMITED),-0.2,-0.06,-0.0,0.0,0.0,LOW,no material weather signal,69.6,4.8,5.6,34.0,Open-Meteo game-time forecast,0.0,0.0,,,0.0,0.0,0.0,,,,
1370218620990263296,12-Team Dynasty — One League to Rule Them All,1,False,10219,Chris Rodriguez,RB,JAX,CIN,away,2026-10-04,13:00,51.5,outdoors,,,5.24,Sleeper raw-stat projection × league scoring + OL health,51.54,186.2,F,,,,2,,5.1,5.2,5.44,-0.1,0.0,9,,,,,5.34,0.0,2026,STABLE,3,3,3,21.0,27.7,27.7,0.0,6.67,6.67,0.0,5.34,-0.1,90.0,HEALTHY,LT Anton Harrison (AT RISK),-0.35,-0.11,-0.0,5.24,0.0,LOW,no material weather signal,71.3,4.7,6.0,21.0,Open-Meteo game-time forecast,5.24,0.0,,,5.24,0.0,0.0,,,,
1370218620990263296,12-Team Dynasty — One League to Rule Them All,1,False,13392,Jeff Caldwell,WR,KC,LV,away,2026-10-04,16:25,47.5,dome,,,0.0,season-long ECR proxy + OL health,,310.0,,IR,,IR/PUP,8,,,,,,,,,,,,0.0,0.0,,,,,,,,,,,,,0.0,-0.31,77.8,MINOR CONCERN,LT Josh Simmons (UNAVAILABLE),-0.78,-0.24,-0.0,0.0,0.0,INDOOR,indoor,,,,,indoor/no weather adjustment,0.0,0.0,,,0.0,0.0,0.0,,,,
1370218620990263296,12-Team Dynasty — One League to Rule Them All,1,False,10226,Andrei Iosivas,WR,CIN,JAX,home,2026-10-04,13:00,51.5,outdoors,,,0.0,season-long ECR proxy,,256.5,,IR,,IR/PUP,5,,,,,,,,,,,,0.0,0.0,2026,STABLE,2,2,2,53.0,57.0,57.0,2.0,0.0,2.0,0.0,0.0,-0.0,100.0,HEALTHY,none,-0.0,-0.0,-0.0,0.0,0.0,LOW,no material weather signal,71.3,4.7,6.0,21.0,Open-Meteo game-time forecast,0.0,0.0,,,0.0,0.0,0.0,,,,
1370218620990263296,12-Team Dynasty — One League to Rule Them All,1,False,13423,Eli Heidenreich,RB,PIT,CLE,away,2026-10-01,20:15,38.5,outdoors,,,0.0,Sleeper raw-stat projection × league scoring + current usage + OL health,,258.0,,Out,,OUT,5,,0.0,,0.47,0.0,0.0,9,,,,,0.47,-0.79,2026,STABLE,2,2,2,0.0,2.0,2.0,0.0,0.0,0.0,-3.0,0.0,-0.1,90.0,HEALTHY,LT Troy Fautanu (AT RISK),-0.35,-0.11,-0.0,0.0,0.0,LOW,no material weather signal,76.9,8.9,18.8,4.0,Open-Meteo game-time forecast,0.0,0.0,,,0.0,0.0,0.0,,,,
1370218620990263296,12-Team Dynasty — One League to Rule Them All,1,False,11630,Roman Wilson,WR,PIT,CLE,away,2026-10-01,20:15,38.5,outdoors,,,5.5,Sleeper raw-stat projection × league scoring + current usage + OL health,,,,,,,3,,3.0,,5.23,0.0,0.0,8,,,,,5.23,0.41,2026,STABLE,3,3,3,39.0,57.7,57.7,6.0,0.0,6.0,1.0,5.64,-0.14,90.0,HEALTHY,LT Troy Fautanu (AT RISK),-0.35,-0.11,-0.0,5.5,0.0,LOW,no material weather signal,76.9,8.9,18.8,4.0,Open-Meteo game-time forecast,5.5,0.0,,,5.5,0.0,0.0,,,,
1370218620990263296,12-Team Dynasty — One League to Rule Them All,1,False,13330,Kenyon Sadiq,TE,NYJ,CHI,away,2026-10-04,13:00,43.5,outdoors,,,12.14,Sleeper raw-stat projection × league scoring + current usage + OL health,21.21,86.0,D-,,,,1,,8.8,8.3,11.35,0.5,0.0,10,,,,,11.85,0.41,2026,STABLE,3,3,3,58.0,45.3,45.3,4.67,0.33,4.67,1.0,12.26,-0.12,81.5,MINOR CONCERN,LG Dylan Parham (UNAVAILABLE),-0.25,-0.45,-0.0,12.14,0.0,LOW,no material weather signal,65.3,9.9,13.4,3.0,Open-Meteo game-time forecast,12.14,0.0,,,12.14,0.0,0.0,,,,
1370218620990263296,12-Team Dynasty — One League to Rule Them All,1,False,96,Aaron Rodgers,QB,PIT,CLE,away,2026-10-01,20:15,38.5,outdoors,,,16.2,Sleeper raw-stat projection × league scoring + current usage + OL health,27.4,133.5,F,,,,1,,13.6,13.6,16.05,0.0,0.0,9,,,,,16.05,0.41,2026,STABLE,3,3,3,100.0,98.7,98.7,0.0,2.33,0.0,2.0,16.46,-0.26,90.0,HEALTHY,LT Troy Fautanu (AT RISK),-0.35,-0.11,-0.0,16.2,0.0,LOW,no material weather signal,76.9,8.9,18.8,4.0,Open-Meteo game-time forecast,16.2,0.0,,,16.2,0.0,0.0,,,,
1370218620990263296,12-Team Dynasty — One League to Rule Them All,1,False,11618,Jalen McMillan,WR,TB,GB,home,2026-10-04,13:00,39.5,outdoors,,,0.0,weekly projected points + current usage,93.97,152.4,F,Out,,OUT,7,,,,,,,,,,,,0.0,-0.79,2026,STABLE,3,1,2,3.0,7.0,7.0,1.0,0.0,1.0,-3.0,0.0,-0.0,100.0,HEALTHY,none,-0.0,-0.0,-0.0,0.0,0.0,LOW,no material weather signal,90.8,9.6,11.2,2.0,Open-Meteo game-time forecast,0.0,0.0,,,0.0,0.0,0.0,,,,
1370218620990263296,12-Team Dynasty — One League to Rule Them All,1,False,6130,Devin Singletary,RB,NYG,ARI,home,2026-10-04,13:00,44.5,outdoors,,,1.09,Sleeper raw-stat projection × league scoring + OL health,,264.0,,Out,,OUT,3,,0.0,,1.15,0.0,0.0,9,,,,,1.15,0.0,2026,STABLE,2,2,2,26.0,31.0,31.0,2.5,4.5,7.0,0.0,1.15,-0.06,94.4,HEALTHY,LT Andrew Thomas (LIMITED),-0.2,-0.06,-0.0,1.09,0.0,LOW,no material weather signal,69.6,4.8,5.6,34.0,Open-Meteo game-time forecast,1.09,0.0,,,1.09,0.0,0.0,,,,
1370218620990263296,12-Team Dynasty — One League to Rule Them All,1,False,13400,Justin Joly,TE,MIA,MIN,away,2026-10-04,16:05,38.5,dome,,,0.0,Sleeper raw-stat projection × league scoring + current usage,104.8,243.0,F,,,,4,,0.0,0.0,0.18,0.0,0.0,7,,,,,0.18,-0.49,2026,STABLE,3,0,1,0.0,0.0,0.0,0.0,0.0,0.0,-3.0,0.0,-0.0,100.0,HEALTHY,none,-0.0,-0.0,-0.0,0.0,0.0,INDOOR,indoor,,,,,indoor/no weather adjustment,0.0,0.0,,,0.0,0.0,0.0,,,,
1370218620990263296,12-Team Dynasty — One League to Rule Them All,1,False,8119,Jahan Dotson,WR,ATL,NO,away,2026-10-05,20:15,48.5,dome,,,3.95,Sleeper raw-stat projection × league scoring + current usage + OL health,80.6,268.5,F,,,,2,,5.6,6.3,4.47,-0.7,0.0,9,,,,,3.77,0.41,2026,STABLE,3,3,3,66.0,68.0,68.0,3.33,0.0,3.33,1.0,4.18,-0.23,73.3,DEGRADED,LT Jake Matthews (AT RISK) | C Ryan Neuzil (AT RISK) | RG Chris Lindstrom (AT RISK),-0.58,-0.51,-0.0,3.95,0.0,INDOOR,indoor,,,,,indoor/no weather adjustment,3.95,0.0,,,3.95,0.0,0.0,,,,
1370218620990263296,12-Team Dynasty — One League to Rule Them All,2,False,10859,Sam LaPorta,TE,DET,CAR,away,2026-10-04,20:20,50.5,outdoors,,,15.47,Sleeper raw-stat projection × league scoring + current usage + injury ripple,5.33,74.8,A-,,,,1,,13.5,12.4,12.65,1.1,0.0,10,,,,,13.75,1.22,2026,STABLE,3,3,3,92.0,90.3,90.3,6.33,0.0,6.33,3.0,14.97,-0.0,100.0,HEALTHY,none,-0.0,-0.0,-0.0,14.97,0.0,LOW,no material weather signal,63.9,4.6,8.1,62.0,Open-Meteo game-time forecast,14.97,0.5,Starting safety OUT/IR: TE middle/deep matchup improves,MEDIUM,15.47,0.0,0.0,,,,
1370218620990263296,12-Team Dynasty — One League to Rule Them All,2,False,11589,Trey Benson,RB,ARI,NYG,away,2026-10-04,13:00,44.5,outdoors,,,0.0,season-long ECR proxy + OL health,,239.75,,IR,,IR/PUP,6,,,,,,,,,,,,0.0,0.0,,,,,,,,,,,,,0.0,-0.14,91.7,HEALTHY,RG Isaiah Adams (AT RISK),-0.11,-0.2,-0.0,0.0,0.0,LOW,no material weather signal,69.6,4.8,5.6,34.0,Open-Meteo game-time forecast,0.0,0.0,,,0.0,0.0,0.0,,,,
1370218620990263296,12-Team Dynasty — One League to Rule Them All,2,False,11626,Xavier Legette,WR,CAR,DET,home,2026-10-04,20:20,50.5,outdoors,,,3.02,Sleeper raw-stat projection × league scoring + OL health,,233.33,,Out,,OUT,3,,0.0,,3.06,0.0,0.0,9,,,,,3.06,0.0,2026,STABLE,2,2,2,50.0,51.5,51.5,3.0,0.0,3.0,0.0,3.06,-0.04,91.7,HEALTHY,LG Damien Lewis (AT RISK),-0.11,-0.2,-0.0,3.02,0.0,LOW,no material weather signal,63.9,4.6,8.1,62.0,Open-Meteo game-time forecast,3.02,0.0,,,3.02,0.0,0.0,,,,
1370218620990263296,12-Team Dynasty — One League to Rule Them All,2,False,12500,Quinn Ewers,QB,JAX,CIN,away,2026-10-04,13:00,51.5,outdoors,,,3.68,season-long ECR proxy + current usage + OL health,,,,,,,3,,,,,,,,,,,,4.1,-0.16,2026,STABLE,3,0,1,5.0,5.0,5.0,0.0,0.0,0.0,-2.0,3.94,-0.26,90.0,HEALTHY,LT Anton Harrison (AT RISK),-0.35,-0.11,-0.0,3.68,0.0,LOW,no material weather signal,71.3,4.7,6.0,21.0,Open-Meteo game-time forecast,3.68,0.0,,,3.68,0.0,0.0,,,,
1370218620990263296,12-Team Dynasty — One League to Rule Them All,2,False,12508,Jaxson Dart,QB,NYG,ARI,home,2026-10-04,13:00,44.5,outdoors,,,0.0,season-long ECR proxy + OL health,,31.8,,IR,,IR/PUP,3,,,,,,,,,,,,0.0,0.0,2026,STABLE,2,2,2,12.0,56.0,56.0,0.0,5.5,0.0,0.0,0.0,-0.15,94.4,HEALTHY,LT Andrew Thomas (LIMITED),-0.2,-0.06,-0.0,0.0,0.0,LOW,no material weather signal,69.6,4.8,5.6,34.0,Open-Meteo game-time forecast,0.0,0.0,,,0.0,0.0,0.0,,,,
1370218620990263296,12-Team Dynasty — One League to Rule Them All,2,False,12522,Cam Ward,QB,TEN,BAL,away,2026-10-04,13:00,43.5,outdoors,,,15.05,Sleeper raw-stat projection × league scoring + current usage + OL health,30.21,78.0,F,,,,1,,13.6,13.1,14.33,0.5,0.0,9,,,,,14.83,0.41,2026,STABLE,3,3,3,100.0,100.0,100.0,0.0,3.0,0.0,2.0,15.24,-0.19,81.5,MINOR CONCERN,RG Fernando Carmona (UNAVAILABLE),-0.25,-0.45,-0.0,15.05,0.0,LOW,no material weather signal,66.5,3.4,3.1,44.0,Open-Meteo game-time forecast,15.05,0.0,,,15.05,0.0,0.0,,,,
1370218620990263296,12-Team Dynasty — One League to Rule Them All,2,False,13272,Carson Beck,QB,ARI,NYG,away,2026-10-04,13:00,44.5,outdoors,,,0.0,season-long ECR proxy + OL health,,149.0,,Out,,OUT,3,,,,,,,,,,,,0.0,0.0,,,,,,,,,,,,,0.0,-0.08,91.7,HEALTHY,RG Isaiah Adams (AT RISK),-0.11,-0.2,-0.0,0.0,0.0,LOW,no material weather signal,69.6,4.8,5.6,34.0,Open-Meteo game-time forecast,0.0,0.0,,,0.0,0.0,0.0,,,,
1370218620990263296,12-Team Dynasty — One League to Rule Them All,2,False,13277,CJ Donaldson,RB,NO,ATL,home,2026-10-05,20:15,48.5,dome,,,1.43,Sleeper raw-stat projection × league scoring + current usage,75.32,,F,,,,4,,0.0,1.4,4.05,-1.4,0.0,5,,,,,2.65,-1.22,2026,STABLE,3,3,3,16.0,20.7,20.7,0.67,1.33,2.0,-3.0,1.43,-0.0,100.0,HEALTHY,none,-0.0,-0.0,-0.0,1.43,0.0,INDOOR,indoor,,,,,indoor/no weather adjustment,1.43,0.0,,,1.43,0.0,0.0,,,,
1370218620990263296,12-Team Dynasty — One League to Rule Them All,2,False,13309,Aaron Anderson,WR,,,,,,,,,,1.0,season-long ECR proxy,,,,Questionable,,QUESTIONABLE,,,,,,,,,,,,,1.0,0.0,,,,,,,,,,,,,1.0,0.0,,,,,,-0.0,1.0,0.0,,,,,,,,1.0,0.0,,,1.0,0.0,0.0,,,,
1370218620990263296,12-Team Dynasty — One League to Rule Them All,2,False,13336,Dane Key,WR,DEN,SF,away,2026-10-04,16:25,47.5,outdoors,,,3.5,season-long ECR proxy,,,,,,,,,,,,,,,,,,,3.5,0.0,,,,,,,,,,,,,3.5,-0.0,100.0,HEALTHY,none,-0.0,-0.0,-0.0,3.5,0.0,LOW,no material weather signal,,,,,schedule fallback,3.5,0.0,,,3.5,0.0,0.0,,,,
1370218620990263296,12-Team Dynasty — One League to Rule Them All,2,False,13338,Kevin Coleman,WR,MIA,MIN,away,2026-10-04,16:05,38.5,dome,,,0.7,Sleeper raw-stat projection × league scoring,97.22,201.0,F,,,,5,,2.2,4.2,2.7,-2.0,0.0,6,,,,,0.7,0.0,2026,STABLE,3,2,3,62.0,45.7,45.7,3.0,0.0,3.0,0.0,0.7,-0.0,100.0,HEALTHY,none,-0.0,-0.0,-0.0,0.7,0.0,INDOOR,indoor,,,,,indoor/no weather adjustment,0.7,0.0,,,0.7,0.0,0.0,,,,
1370218620990263296,12-Team Dynasty — One League to Rule Them All,2,False,13355,DJ Rogers,TE,DAL,HOU,away,2026-10-04,13:00,48.5,,,,0.0,season-long ECR proxy,,,,IR,,IR/PUP,6,,,,,,,,,,,,0.0,0.0,,,,,,,,,,,,,0.0,-0.0,100.0,HEALTHY,none,-0.0,-0.0,-0.0,0.0,0.0,LOW,no material weather signal,82.6,12.5,17.4,45.0,Open-Meteo game-time forecast,0.0,0.0,,,0.0,0.0,0.0,,,,
1370218620990263296,12-Team Dynasty — One League to Rule Them All,2,False,2133,Davante Adams,WR,LAR,PHI,away,2026-10-04,13:00,43.5,outdoors,,,17.47,Sleeper raw-stat projection × league scoring + current usage + injury ripple,9.63,103.8,A,,,,2,,14.8,15.5,15.85,-0.7,0.0,6,,,,,15.15,1.22,2026,STABLE,3,3,3,83.0,67.3,67.3,9.67,0.0,9.67,3.0,16.37,-0.0,100.0,HEALTHY,none,-0.0,-0.0,-0.0,16.37,0.0,LOW,no material weather signal,69.2,4.1,3.6,38.0,Open-Meteo game-time forecast,16.37,1.1,WR1 OUT/IR: target concentration rises for next WR,HIGH,17.47,0.0,0.0,,,,
1370218620990263296,12-Team Dynasty — One League to Rule Them All,2,False,2216,Mike Evans,WR,SF,DEN,home,2026-10-04,16:25,47.5,outdoors,,,0.27,Sleeper raw-stat projection × league scoring + current usage + OL health,17.98,117.2,A-,Out,,OUT,1,,0.0,13.7,13.47,-13.7,0.0,6,,,,,0.0,0.41,2026,STABLE,3,3,3,33.0,54.0,54.0,5.33,0.0,5.33,1.0,0.41,-0.14,90.0,HEALTHY,LT Trent Williams (AT RISK),-0.35,-0.11,-0.0,0.27,0.0,LOW,no material weather signal,,,,,schedule fallback,0.27,0.0,,,0.27,0.0,0.0,,,,
1370218620990263296,12-Team Dynasty — One League to Rule Them All,2,False,4033,David Njoku,TE,LAC,SEA,away,2026-10-04,16:25,42.5,outdoors,,,0.26,season-long ECR proxy + current usage,,202.2,,IR,,IR/PUP,4,,,,,,,,,,,,0.0,0.26,2026,STABLE,2,2,2,16.0,35.5,35.5,4.0,0.0,4.0,1.0,0.26,-0.0,100.0,HEALTHY,none,-0.0,-0.0,-0.0,0.26,0.0,LOW,no material weather signal,69.8,6.8,6.3,0.0,Open-Meteo game-time forecast,0.26,0.0,,,0.26,0.0,0.0,,,,
1370218620990263296,12-Team Dynasty — One League to Rule Them All,2,False,4066,Evan Engram,TE,DEN,SF,away,2026-10-04,16:25,47.5,outdoors,,,7.66,Sleeper raw-stat projection × league scoring + injury ripple,27.51,234.67,F,,,,1,,7.1,6.6,6.68,0.5,0.0,7,,,,,7.18,0.0,2026,STABLE,3,3,3,60.0,58.3,58.3,2.67,0.0,2.67,0.0,7.18,-0.0,100.0,HEALTHY,none,-0.0,-0.0,-0.0,7.18,0.0,LOW,no material weather signal,,,,,schedule fallback,7.18,0.48,WR1 QUESTIONABLE/DNP: TE target share can rise | Starting linebacker QUESTIONABLE/DNP: TE coverage improves,MEDIUM,7.66,0.0,0.0,,,,
1370218620990263296,12-Team Dynasty — One League to Rule Them All,2,False,4137,James Conner,RB,ARI,NYG,away,2026-10-04,13:00,44.5,outdoors,,,0.0,season-long ECR proxy + OL health,,224.5,,IR,,IR/PUP,4,,,,,,,,,,,,0.0,0.0,,,,,,,,,,,,,0.0,-0.14,91.7,HEALTHY,RG Isaiah Adams (AT RISK),-0.11,-0.2,-0.0,0.0,0.0,LOW,no material weather signal,69.6,4.8,5.6,34.0,Open-Meteo game-time forecast,0.0,0.0,,,0.0,0.0,0.0,,,,
1370218620990263296,12-Team Dynasty — One League to Rule Them All,2,False,4981,Calvin Ridley,WR,TEN,BAL,away,2026-10-04,13:00,43.5,outdoors,,,0.84,Sleeper raw-stat projection × league scoring + current usage + OL health,88.06,179.67,F,,,,4,,4.4,5.9,2.85,-1.5,0.0,9,,,,,1.35,-0.41,2026,STABLE,3,2,3,33.0,53.0,53.0,1.5,0.0,1.5,-1.0,0.94,-0.1,81.5,MINOR CONCERN,RG Fernando Carmona (UNAVAILABLE),-0.25,-0.45,-0.0,0.84,0.0,LOW,no material weather signal,66.5,3.4,3.1,44.0,Open-Meteo game-time forecast,0.84,0.0,,,0.84,0.0,0.0,,,,
1370218620990263296,12-Team Dynasty — One League to Rule Them All,2,False,4983,DJ Moore,WR,BUF,NE,home,2026-10-04,13:00,48.5,outdoors,,,14.56,Sleeper raw-stat projection × league scoring + current usage + injury ripple,31.12,88.0,B,,,,1,,11.7,11.2,13.78,0.5,0.0,9,,,,,14.28,0.41,2026,STABLE,3,3,3,64.0,57.0,57.0,6.0,0.33,6.0,1.0,14.69,-0.0,100.0,HEALTHY,none,-0.0,-0.0,-0.0,14.69,0.0,LOW,no material weather signal,65.5,10.0,12.3,7.0,Open-Meteo game-time forecast,14.69,-0.13,QB1 QUESTIONABLE/DNP: pass-catcher efficiency risk with backup QB | Top edge rusher QUESTIONABLE/DNP: more time helps primary WR routes,MEDIUM,14.56,0.0,0.0,,,,
1370218620990263296,12-Team Dynasty — One League to Rule Them All,2,False,5844,T.J. Hockenson,TE,MIN,MIA,home,2026-10-04,16:05,38.5,dome,,,11.27,Sleeper raw-stat projection × league scoring + current usage + OL health + injury ripple,20.78,165.6,D-,,,,1,,8.5,8.5,10.08,0.0,0.0,7,,,,,10.08,0.81,2026,STABLE,3,3,3,85.0,73.3,73.3,4.33,0.0,4.33,2.0,10.89,-0.12,90.0,HEALTHY,LT Christian Darrisaw (AT RISK),-0.35,-0.11,-0.0,10.77,0.0,INDOOR,indoor,,,,,indoor/no weather adjustment,10.77,0.5,WR1 OUT/IR: TE target share can rise,MEDIUM,11.27,0.0,0.0,,,,
1370218620990263296,12-Team Dynasty — One League to Rule Them All,2,False,5848,Marquise Brown,WR,PHI,LAR,home,2026-10-04,13:00,43.5,outdoors,,,0.0,Sleeper raw-stat projection × league scoring + current usage,,237.33,,Out,,OUT,7,,0.0,,0.44,0.0,0.0,6,,,,,0.44,-0.49,2026,STABLE,2,1,1,22.0,22.0,22.0,0.0,2.0,0.0,-3.0,0.0,-0.0,100.0,HEALTHY,none,-0.0,-0.0,-0.0,0.0,0.0,LOW,no material weather signal,69.2,4.1,3.6,38.0,Open-Meteo game-time forecast,0.0,0.0,,,0.0,0.0,0.0,,,,
1370218620990263296,12-Team Dynasty — One League to Rule Them All,2,False,5849,Kyler Murray,QB,MIN,MIA,home,2026-10-04,16:05,38.5,dome,,,20.53,Sleeper raw-stat projection × league scoring + OL health,13.48,74.6,C+,,,,1,,17.1,17.1,20.79,0.0,0.0,9,,,,,20.79,0.0,2026,STABLE,3,2,2,100.0,58.5,58.5,0.0,2.0,0.0,0.0,20.79,-0.26,90.0,HEALTHY,LT Christian Darrisaw (AT RISK),-0.35,-0.11,-0.0,20.53,0.0,INDOOR,indoor,,,,,indoor/no weather adjustment,20.53,0.0,,,20.53,0.0,0.0,,,,
1370218620990263296,12-Team Dynasty — One League to Rule Them All,2,False,5859,A.J. Brown,WR,NE,BUF,away,2026-10-04,13:00,48.5,outdoors,,,0.0,season-long ECR proxy + current usage + OL health,,56.8,,IR,,IR/PUP,6,,,,,,,,,,,,0.0,0.16,2026,STABLE,1,1,1,44.0,44.0,44.0,4.0,0.0,4.0,1.0,0.16,-0.18,75.9,MINOR CONCERN,RG Greg Van Roten (UNAVAILABLE) | RT Morgan Moses (LIMITED),-0.45,-0.51,-0.0,0.0,0.0,LOW,no material weather signal,65.5,10.0,12.3,7.0,Open-Meteo game-time forecast,0.0,0.0,,,0.0,0.0,0.0,,,,
1370218620990263296,12-Team Dynasty — One League to Rule Them All,2,False,6865,Colby Parkinson,TE,LAR,PHI,away,2026-10-04,13:00,43.5,outdoors,,,6.88,Sleeper raw-stat projection × league scoring + injury ripple,31.21,215.5,F,Questionable,,QUESTIONABLE,2,,2.8,6.0,7.08,-0.7,2.5,7,,,,,6.38,0.0,2026,STABLE,3,3,3,43.0,63.7,63.7,1.67,0.0,1.67,0.0,6.38,-0.0,100.0,HEALTHY,none,-0.0,-0.0,-0.0,6.38,0.0,LOW,no material weather signal,69.2,4.1,3.6,38.0,Open-Meteo game-time forecast,6.38,0.5,WR1 OUT/IR: TE target share can rise,MEDIUM,6.88,0.0,0.0,,,,
1370218620990263296,12-Team Dynasty — One League to Rule Them All,2,False,7049,Jauan Jennings,WR,MIN,MIA,home,2026-10-04,16:05,38.5,dome,,,7.45,Sleeper raw-stat projection × league scoring + OL health + injury ripple,95.82,161.67,F,,,,3,,1.9,3.9,9.04,-2.0,0.0,8,,,,,7.04,0.0,2026,STABLE,3,2,2,80.0,64.0,64.0,1.5,0.0,1.5,0.0,7.04,-0.14,90.0,HEALTHY,LT Christian Darrisaw (AT RISK),-0.35,-0.11,-0.0,6.9,0.0,INDOOR,indoor,,,,,indoor/no weather adjustment,6.9,0.55,WR1 OUT/IR: WR3 role/targets can expand,MEDIUM,7.45,0.0,0.0,,,,
1370218620990263296,12-Team Dynasty — One League to Rule Them All,2,False,7600,Pat Freiermuth,TE,PIT,CLE,away,2026-10-01,20:15,38.5,outdoors,,,10.29,Sleeper raw-stat projection × league scoring + current usage + OL health,16.73,218.0,D+,,,,1,,9.7,9.7,9.6,0.0,0.0,7,,,,,9.6,0.81,2026,STABLE,3,3,3,60.0,66.3,66.3,4.67,0.67,4.67,2.0,10.41,-0.12,90.0,HEALTHY,LT Troy Fautanu (AT RISK),-0.35,-0.11,-0.0,10.29,0.0,LOW,no material weather signal,76.9,8.9,18.8,4.0,Open-Meteo game-time forecast,10.29,0.0,,,10.29,0.0,0.0,,,,
1370218620990263296,12-Team Dynasty — One League to Rule Them All,2,False,7611,Rhamondre Stevenson,RB,NE,BUF,away,2026-10-04,13:00,48.5,outdoors,,,11.8,Sleeper raw-stat projection × league scoring + current usage + OL health,28.63,145.4,C,,,,2,,9.6,10.3,12.45,-0.7,0.0,9,,,,,11.75,0.41,2026,STABLE,3,3,3,52.0,57.7,57.7,3.67,10.33,14.0,1.0,12.16,-0.36,75.9,MINOR CONCERN,RG Greg Van Roten (UNAVAILABLE) | RT Morgan Moses (LIMITED),-0.45,-0.51,-0.0,11.8,0.0,LOW,no material weather signal,65.5,10.0,12.3,7.0,Open-Meteo game-time forecast,11.8,0.0,,,11.8,0.0,0.0,,,,
1370218620990263296,12-Team Dynasty — One League to Rule Them All,2,False,8132,Tyler Allgeier,RB,ARI,NYG,away,2026-10-04,13:00,44.5,outdoors,,,7.25,Sleeper raw-stat projection × league scoring + current usage + OL health,40.71,177.2,D,,,,2,,7.0,7.7,7.68,-0.7,0.0,9,,,,,6.98,0.41,2026,STABLE,3,3,3,36.0,53.0,53.0,2.67,8.0,10.67,1.0,7.39,-0.14,91.7,HEALTHY,RG Isaiah Adams (AT RISK),-0.11,-0.2,-0.0,7.25,0.0,LOW,no material weather signal,69.6,4.8,5.6,34.0,Open-Meteo game-time forecast,7.25,0.0,,,7.25,0.0,0.0,,,,
1370218620990263296,12-Team Dynasty — One League to Rule Them All,2,False,8151,Kenneth Walker,RB,KC,LV,away,2026-10-04,16:25,47.5,dome,,,21.14,Sleeper raw-stat projection × league scoring + current usage + OL health,2.27,34.4,A+,,,,1,,21.6,21.1,19.65,0.5,0.0,9,,,,,20.15,1.22,2026,STABLE,3,3,3,73.0,74.3,74.3,6.0,21.67,27.67,3.0,21.37,-0.23,77.8,MINOR CONCERN,LT Josh Simmons (UNAVAILABLE),-0.78,-0.24,-0.0,21.14,0.0,INDOOR,indoor,,,,,indoor/no weather adjustment,21.14,0.0,,,21.14,0.0,0.0,,,,
1370218620990263296,12-Team Dynasty — One League to Rule Them All,2,False,9493,Puka Nacua,WR,LAR,PHI,away,2026-10-04,13:00,43.5,outdoors,,,17.82,Sleeper raw-stat projection × league scoring + current usage + injury ripple,,9.2,,Out,,OUT,1,,0.0,,17.22,0.0,0.0,9,,,,,17.22,0.49,2026,STABLE,1,1,1,70.0,70.0,70.0,9.0,0.0,9.0,3.0,17.71,-0.0,100.0,HEALTHY,none,-0.0,-0.0,-0.0,17.71,0.0,LOW,no material weather signal,69.2,4.1,3.6,38.0,Open-Meteo game-time forecast,17.71,0.11,TE1 QUESTIONABLE/DNP: WR1 target share can rise,MEDIUM,17.82,0.0,0.0,,,,
1370218620990263296,12-Team Dynasty — One League to Rule Them All,2,False,9504,Kayshon Boutte,WR,HOU,DAL,home,2026-10-04,13:00,48.5,,,,5.87,Sleeper raw-stat projection × league scoring + current usage + OL health + injury ripple,54.02,172.5,D+,,,,3,,7.7,9.2,6.55,-1.5,0.0,6,,,,,5.05,0.41,2026,STABLE,3,3,3,69.0,62.3,62.3,3.0,0.0,3.0,1.0,5.46,-0.14,90.0,HEALTHY,RT Trent Brown (AT RISK),-0.35,-0.11,-0.0,5.32,0.0,LOW,no material weather signal,82.6,12.5,17.4,45.0,Open-Meteo game-time forecast,5.32,0.55,WR1 OUT/IR: WR3 role/targets can expand,MEDIUM,5.87,0.0,0.0,,,,
1370218620990263296,12-Team Dynasty — One League to Rule Them All,3,True,5001,Dalton Schultz,TE,HOU,DAL,home,2026-10-04,13:00,48.5,,,,15.26,Sleeper raw-stat projection × league scoring + current usage + OL health + injury ripple,5.65,166.75,B+,,,,1,,12.7,12.2,12.66,0.5,0.0,7,,,,,13.16,1.22,2026,STABLE,3,3,3,54.0,62.7,62.7,8.33,0.0,8.33,3.0,14.38,-0.12,90.0,HEALTHY,RT Trent Brown (AT RISK),-0.35,-0.11,-0.0,14.26,0.0,LOW,no material weather signal,82.6,12.5,17.4,45.0,Open-Meteo game-time forecast,14.26,1.0,Starting safety OUT/IR: TE middle/deep matchup improves | WR1 OUT/IR: TE target share can rise,MEDIUM,15.26,0.0,0.0,,,,
1370218620990263296,12-Team Dynasty — One League to Rule Them All,3,True,9502,Tank Dell,WR,HOU,DAL,home,2026-10-04,13:00,48.5,,,,0.0,season-long ECR proxy + OL health,,216.0,,IR,,IR/PUP,6,,,,,,,,,,,,0.0,0.0,,,,,,,,,,,,,0.0,-0.14,90.0,HEALTHY,RT Trent Brown (AT RISK),-0.35,-0.11,-0.0,0.0,0.0,LOW,no material weather signal,82.6,12.5,17.4,45.0,Open-Meteo game-time forecast,0.0,0.0,,,0.0,0.0,0.0,,,,
1370218620990263296,12-Team Dynasty — One League to Rule Them All,3,True,11435,Emanuel Wilson,RB,SEA,LAC,home,2026-10-04,16:25,42.5,outdoors,,,5.71,Sleeper raw-stat projection × league scoring + current usage,45.37,249.0,D-,,,,2,,5.9,6.6,6.0,-0.7,0.0,9,,,,,5.3,0.41,2026,STABLE,3,3,3,36.0,27.7,27.7,0.33,10.67,11.0,1.0,5.71,-0.0,100.0,HEALTHY,none,-0.0,-0.0,-0.0,5.71,0.0,LOW,no material weather signal,69.8,6.8,6.3,0.0,Open-Meteo game-time forecast,5.71,0.0,,,5.71,0.0,0.0,,,,
1370218620990263296,12-Team Dynasty — One League to Rule Them All,3,True,4035,Alvin Kamara,RB,NO,ATL,home,2026-10-05,20:15,48.5,dome,,,11.98,Sleeper raw-stat projection × league scoring + current usage + injury ripple,39.1,203.0,C-,,,,1,,8.8,8.3,9.67,0.5,0.0,9,,,,,10.17,0.26,2026,STABLE,3,2,2,32.0,30.5,30.5,3.5,9.0,12.5,1.0,10.43,-0.0,100.0,HEALTHY,none,-0.0,-0.0,-0.0,10.43,0.0,INDOOR,indoor,,,,,indoor/no weather adjustment,10.43,1.55,RB1 OUT/IR: backfield opportunity moves to RB2,HIGH,11.98,0.0,0.0,,,,
1370218620990263296,12-Team Dynasty — One League to Rule Them All,3,True,11834,Devaughn Vele,WR,NO,ATL,home,2026-10-05,20:15,48.5,dome,,,11.06,Sleeper raw-stat projection × league scoring + current usage,29.66,241.25,C+,,,,2,,10.6,11.3,10.14,-0.7,0.0,9,,,,,9.44,1.62,2026,STABLE,3,3,3,88.0,91.7,91.7,7.33,0.0,7.33,4.0,11.06,-0.0,100.0,HEALTHY,none,-0.0,-0.0,-0.0,11.06,0.0,INDOOR,indoor,,,,,indoor/no weather adjustment,11.06,0.0,,,11.06,0.0,0.0,,,,
1370218620990263296,12-Team Dynasty — One League to Rule Them All,3,True,5045,Courtland Sutton,WR,DEN,SF,away,2026-10-04,16:25,47.5,outdoors,,,10.67,Sleeper raw-stat projection × league scoring + current usage + injury ripple,45.12,116.4,C,,,,2,,9.2,9.9,9.88,-0.7,0.0,6,,,,,9.18,0.81,2026,STABLE,3,3,3,87.0,78.7,78.7,5.33,0.0,5.33,2.0,9.99,-0.0,100.0,HEALTHY,none,-0.0,-0.0,-0.0,9.99,0.0,LOW,no material weather signal,,,,,schedule fallback,9.99,0.68,WR1 QUESTIONABLE/DNP: target concentration rises for next WR | Opponent CB1 QUESTIONABLE/DNP: secondary WR matchup improves,HIGH,10.67,0.0,0.0,,,,
1370218620990263296,12-Team Dynasty — One League to Rule Them All,3,True,12544,LeQuint Allen,RB,JAX,CIN,away,2026-10-04,13:00,51.5,outdoors,,,0.0,Sleeper raw-stat projection × league scoring + current usage + OL health,71.59,282.0,F,,,,4,,0.6,1.5,1.88,-0.9,0.0,9,,,,,0.98,-1.22,2026,STABLE,3,2,3,18.0,11.7,11.7,1.5,0.0,1.5,-3.0,0.0,-0.1,90.0,HEALTHY,LT Anton Harrison (AT RISK),-0.35,-0.11,-0.0,0.0,0.0,LOW,no material weather signal,71.3,4.7,6.0,21.0,Open-Meteo game-time forecast,0.0,0.0,,,0.0,0.0,0.0,,,,
1370218620990263296,12-Team Dynasty — One League to Rule Them All,3,True,9500,Josh Downs,WR,IND,WAS,away,2026-10-04,09:30,47.5,outdoors,,,14.23,Sleeper raw-stat projection × league scoring + current usage,23.24,117.8,B+,,,,1,,12.7,12.2,12.51,0.5,0.0,9,,,,,13.01,1.22,2026,STABLE,3,3,3,68.0,80.0,80.0,8.0,0.0,8.0,3.0,14.23,-0.0,100.0,HEALTHY,none,-0.0,-0.0,-0.0,14.23,0.0,LOW,no material weather signal,62.9,3.4,5.8,44.0,Open-Meteo game-time forecast,14.23,0.0,,,14.23,0.0,0.0,,,,
1370218620990263296,12-Team Dynasty — One League to Rule Them All,3,True,9224,Chase Brown,RB,CIN,JAX,home,2026-10-04,13:00,51.5,outdoors,,,19.81,Sleeper raw-stat projection × league scoring + current usage,7.51,52.0,A,,,,1,,18.6,17.5,17.49,1.1,0.0,9,,,,,18.59,1.22,2026,STABLE,3,3,3,70.0,70.7,70.7,4.33,16.33,20.67,3.0,19.81,-0.0,100.0,HEALTHY,none,-0.0,-0.0,-0.0,19.81,0.0,LOW,no material weather signal,71.3,4.7,6.0,21.0,Open-Meteo game-time forecast,19.81,0.0,,,19.81,0.0,0.0,,,,
1370218620990263296,12-Team Dynasty — One League to Rule Them All,3,True,12494,Kyle McCord,QB,MIA,MIN,away,2026-10-04,16:05,38.5,dome,,,0.0,weekly projected points,49.4,,F,,,,3,,,,,,,,,,,,0.0,0.0,,,,,,,,,,,,,0.0,-0.0,100.0,HEALTHY,none,-0.0,-0.0,-0.0,0.0,0.0,INDOOR,indoor,,,,,indoor/no weather adjustment,0.0,0.0,,,0.0,0.0,0.0,,,,
1370218620990263296,12-Team Dynasty — One League to Rule Them All,3,True,9757,Kendre Miller,RB,NO,ATL,home,2026-10-05,20:15,48.5,dome,,,6.41,Sleeper raw-stat projection × league scoring + current usage + injury ripple,89.87,263.25,F,,,,2,,0.0,0.5,6.99,-0.5,0.0,9,,,,,6.49,-0.53,2026,STABLE,3,2,2,19.0,24.0,24.0,1.5,6.5,8.0,-2.0,5.96,-0.0,100.0,HEALTHY,none,-0.0,-0.0,-0.0,5.96,0.0,INDOOR,indoor,,,,,indoor/no weather adjustment,5.96,0.45,RB1 OUT/IR: secondary backfield opportunity,MEDIUM,6.41,0.0,0.0,,,,
1370218620990263296,12-Team Dynasty — One League to Rule Them All,3,True,11603,AJ Barner,TE,SEA,LAC,home,2026-10-04,16:25,42.5,outdoors,,,13.03,Sleeper raw-stat projection × league scoring + current usage + injury ripple,24.97,177.8,F,,,,1,,7.8,7.3,10.81,0.5,0.0,10,,,,,11.31,1.22,2026,STABLE,3,3,3,91.0,86.3,86.3,4.0,0.33,4.0,3.0,12.53,-0.0,100.0,HEALTHY,none,-0.0,-0.0,-0.0,12.53,0.0,LOW,no material weather signal,69.8,6.8,6.3,0.0,Open-Meteo game-time forecast,12.53,0.5,Starting safety OUT/IR: TE middle/deep matchup improves,MEDIUM,13.03,0.0,0.0,,,,
1370218620990263296,12-Team Dynasty — One League to Rule Them All,3,True,12472,Raheim Sanders,RB,CLE,PIT,home,2026-10-01,20:15,38.5,outdoors,,,3.53,Sleeper raw-stat projection × league scoring + OL health,60.83,,F,,,,2,,2.8,4.0,5.27,-1.2,0.0,9,,,,,4.07,0.0,2026,STABLE,3,3,3,43.0,32.3,32.3,3.0,1.33,4.33,0.0,4.07,-0.54,63.1,DEGRADED,C Elgton Jenkins (AT RISK) | RG Teven Jenkins (UNAVAILABLE) | RT Tytus Howard (AT RISK),-0.71,-0.76,-0.0,3.53,0.0,LOW,no material weather signal,76.9,8.9,18.8,4.0,Open-Meteo game-time forecast,3.53,0.0,,,3.53,0.0,0.0,,,,
1370218620990263296,12-Team Dynasty — One League to Rule Them All,3,True,4950,Christian Kirk,WR,SF,DEN,home,2026-10-04,16:25,47.5,outdoors,,,0.0,season-long ECR proxy + OL health,,219.67,,IR,,IR/PUP,8,,,,,,,,,,,,0.0,0.0,,,,,,,,,,,,,0.0,-0.14,90.0,HEALTHY,LT Trent Williams (AT RISK),-0.35,-0.11,-0.0,0.0,0.0,LOW,no material weather signal,,,,,schedule fallback,0.0,0.0,,,0.0,0.0,0.0,,,,
1370218620990263296,12-Team Dynasty — One League to Rule Them All,3,True,12497,Tory Horton,WR,SEA,LAC,home,2026-10-04,16:25,42.5,outdoors,,,1.95,Sleeper raw-stat projection × league scoring,121.18,215.0,F,,,,4,,1.6,3.1,3.45,-1.5,0.0,9,,,,,1.95,0.0,2026,STABLE,3,1,2,22.0,26.5,26.5,3.0,0.0,3.0,0.0,1.95,-0.0,100.0,HEALTHY,none,-0.0,-0.0,-0.0,1.95,0.0,LOW,no material weather signal,69.8,6.8,6.3,0.0,Open-Meteo game-time forecast,1.95,0.0,,,1.95,0.0,0.0,,,,
1370218620990263296,12-Team Dynasty — One League to Rule Them All,3,True,13276,Omar Cooper,WR,NYJ,CHI,away,2026-10-04,13:00,43.5,outdoors,,,0.0,season-long ECR proxy + current usage + OL health,,121.2,,IR,,IR/PUP,10,,,,,,,,,,,,0.0,-0.49,2026,STABLE,1,1,1,7.0,7.0,7.0,1.0,0.0,1.0,-3.0,0.0,-0.1,81.5,MINOR CONCERN,LG Dylan Parham (UNAVAILABLE),-0.25,-0.45,-0.0,0.0,0.0,LOW,no material weather signal,65.3,9.9,13.4,3.0,Open-Meteo game-time forecast,0.0,0.0,,,0.0,0.0,0.0,,,,
1370218620990263296,12-Team Dynasty — One League to Rule Them All,3,True,6826,Cole Kmet,TE,CHI,NYJ,home,2026-10-04,13:00,43.5,outdoors,,,3.71,Sleeper raw-stat projection × league scoring + OL health,38.5,225.0,F,,,,2,,3.3,4.0,4.53,-0.7,0.0,7,,,,,3.83,0.0,2026,STABLE,3,3,3,60.0,62.0,62.0,1.67,0.0,1.67,0.0,3.83,-0.12,90.0,HEALTHY,LT Braxton Jones (AT RISK),-0.35,-0.11,-0.0,3.71,0.0,LOW,no material weather signal,65.3,9.9,13.4,3.0,Open-Meteo game-time forecast,3.71,0.0,,,3.71,0.0,0.0,,,,
1370218620990263296,12-Team Dynasty — One League to Rule Them All,3,True,4147,Samaje Perine,RB,CIN,JAX,home,2026-10-04,13:00,51.5,outdoors,,,6.13,Sleeper raw-stat projection × league scoring,52.68,260.0,F,,,,2,,4.9,5.0,6.23,-0.1,0.0,9,,,,,6.13,0.0,2026,STABLE,3,3,3,32.0,33.3,33.3,2.33,3.33,5.67,0.0,6.13,-0.0,100.0,HEALTHY,none,-0.0,-0.0,-0.0,6.13,0.0,LOW,no material weather signal,71.3,4.7,6.0,21.0,Open-Meteo game-time forecast,6.13,0.0,,,6.13,0.0,0.0,,,,
1370218620990263296,12-Team Dynasty — One League to Rule Them All,3,True,9481,Luke Musgrave,TE,GB,TB,away,2026-10-04,13:00,39.5,outdoors,,,0.0,season-long ECR proxy + OL health,,314.0,,PUP,,IR/PUP,4,,,,,,,,,,,,0.0,0.0,,,,,,,,,,,,,0.0,-0.17,73.1,DEGRADED,LG Aaron Banks (UNAVAILABLE) | RG Jacob Monk (AT RISK),-0.36,-0.65,-0.0,0.0,0.0,LOW,no material weather signal,90.8,9.6,11.2,2.0,Open-Meteo game-time forecast,0.0,0.0,,,0.0,0.0,0.0,,,,
1370218620990263296,12-Team Dynasty — One League to Rule Them All,3,True,2306,Jameis Winston,QB,NYG,ARI,home,2026-10-04,13:00,44.5,outdoors,,,17.98,Sleeper raw-stat projection × league scoring + current usage + OL health,27.24,,F,,,,1,,14.6,14.1,17.37,0.5,0.0,9,,,,,17.87,0.26,2026,STABLE,3,2,2,100.0,94.0,94.0,0.0,2.0,0.0,2.0,18.13,-0.15,94.4,HEALTHY,LT Andrew Thomas (LIMITED),-0.2,-0.06,-0.0,17.98,0.0,LOW,no material weather signal,69.6,4.8,5.6,34.0,Open-Meteo game-time forecast,17.98,0.0,,,17.98,0.0,0.0,,,,
1370218620990263296,12-Team Dynasty — One League to Rule Them All,3,True,6770,Joe Burrow,QB,CIN,JAX,home,2026-10-04,13:00,51.5,outdoors,,,22.47,Sleeper raw-stat projection × league scoring + current usage,9.81,12.2,B,,,,1,,18.8,17.7,20.96,1.1,0.0,9,,,,,22.06,0.41,2026,STABLE,3,3,3,100.0,100.0,100.0,0.0,2.67,0.0,2.0,22.47,-0.0,100.0,HEALTHY,none,-0.0,-0.0,-0.0,22.47,0.0,LOW,no material weather signal,71.3,4.7,6.0,21.0,Open-Meteo game-time forecast,22.47,0.0,,,22.47,0.0,0.0,,,,
1370218620990263296,12-Team Dynasty — One League to Rule Them All,3,True,13353,Chris Brazzell,WR,CAR,DET,home,2026-10-04,20:20,50.5,outdoors,,,0.0,season-long ECR proxy + OL health,,191.33,,IR,,IR/PUP,10,,,,,,,,,,,,0.0,0.0,,,,,,,,,,,,,0.0,-0.04,91.7,HEALTHY,LG Damien Lewis (AT RISK),-0.11,-0.2,-0.0,0.0,0.0,LOW,no material weather signal,63.9,4.6,8.1,62.0,Open-Meteo game-time forecast,0.0,0.0,,,0.0,0.0,0.0,,,,
1370218620990263296,12-Team Dynasty — One League to Rule Them All,3,True,12514,Emeka Egbuka,WR,TB,GB,home,2026-10-04,13:00,39.5,outdoors,,,11.55,Sleeper raw-stat projection × league scoring + current usage + injury ripple,27.1,35.6,B,,,,1,,12.1,11.6,10.28,0.5,0.0,9,,,,,10.78,1.22,2026,STABLE,3,3,3,74.0,82.0,82.0,6.67,0.33,6.67,3.0,12.0,-0.0,100.0,HEALTHY,none,-0.0,-0.0,-0.0,12.0,0.0,LOW,no material weather signal,90.8,9.6,11.2,2.0,Open-Meteo game-time forecast,12.0,-0.45,QB1 OUT/IR: pass-catcher efficiency risk with backup QB,MEDIUM,11.55,0.0,0.0,,,,
1370218620990263296,12-Team Dynasty — One League to Rule Them All,3,True,12519,Luther Burden,WR,CHI,NYJ,home,2026-10-04,13:00,43.5,outdoors,,,12.47,Sleeper raw-stat projection × league scoring + current usage + OL health + injury ripple,38.0,56.0,C,,,,2,,9.9,10.6,12.54,-0.7,0.0,9,,,,,11.84,1.22,2026,STABLE,3,3,3,61.0,63.7,63.7,7.67,0.67,7.67,3.0,13.06,-0.14,90.0,HEALTHY,LT Braxton Jones (AT RISK),-0.35,-0.11,-0.0,12.92,0.0,LOW,no material weather signal,65.3,9.9,13.4,3.0,Open-Meteo game-time forecast,12.92,-0.45,QB1 OUT/IR: pass-catcher efficiency risk with backup QB,MEDIUM,12.47,0.0,0.0,,,,
1370218620990263296,12-Team Dynasty — One League to Rule Them All,3,True,8110,Jake Ferguson,TE,DAL,HOU,away,2026-10-04,13:00,48.5,,,,11.66,Sleeper raw-stat projection × league scoring + current usage,18.63,122.2,D,,,,1,,9.1,8.6,10.75,0.5,0.0,7,,,,,11.25,0.41,2026,STABLE,3,3,3,69.0,68.3,68.3,3.67,0.0,3.67,1.0,11.66,-0.0,100.0,HEALTHY,none,-0.0,-0.0,-0.0,11.66,0.0,LOW,no material weather signal,82.6,12.5,17.4,45.0,Open-Meteo game-time forecast,11.66,0.0,,,11.66,0.0,0.0,,,,
1370218620990263296,12-Team Dynasty — One League to Rule Them All,3,True,1166,Kirk Cousins,QB,LV,KC,home,2026-10-04,16:25,47.5,dome,,,18.32,Sleeper raw-stat projection × league scoring + current usage + OL health,24.24,94.0,F,,,,1,,15.0,14.5,17.49,0.5,0.0,9,,,,,17.99,0.41,2026,STABLE,3,3,3,100.0,100.0,100.0,0.0,4.0,0.0,2.0,18.4,-0.08,91.7,HEALTHY,RG Jackson Powers-Johnson (AT RISK),-0.11,-0.2,-0.0,18.32,0.0,INDOOR,indoor,,,,,indoor/no weather adjustment,18.32,0.0,,,18.32,0.0,0.0,,,,
1370218620990263296,12-Team Dynasty — One League to Rule Them All,3,True,8205,Isiah Pacheco,RB,DET,CAR,away,2026-10-04,20:20,50.5,outdoors,,,0.0,season-long ECR proxy,,212.8,,IR,,IR/PUP,4,,,,,,,,,,,,0.0,0.0,,,,,,,,,,,,,0.0,-0.0,100.0,HEALTHY,none,-0.0,-0.0,-0.0,0.0,0.0,LOW,no material weather signal,63.9,4.6,8.1,62.0,Open-Meteo game-time forecast,0.0,0.0,,,0.0,0.0,0.0,,,,
1370218620990263296,12-Team Dynasty — One League to Rule Them All,3,True,13342,John Michael Gyllenborg,TE,KC,LV,away,2026-10-04,16:25,47.5,dome,,,0.0,season-long ECR proxy + OL health,,,,IR,,IR/PUP,6,,,,,,,,,,,,0.0,0.0,,,,,,,,,,,,,0.0,-0.27,77.8,MINOR CONCERN,LT Josh Simmons (UNAVAILABLE),-0.78,-0.24,-0.0,0.0,0.0,INDOOR,indoor,,,,,indoor/no weather adjustment,0.0,0.0,,,0.0,0.0,0.0,,,,
1370218620990263296,12-Team Dynasty — One League to Rule Them All,3,True,1373,Geno Smith,QB,NYJ,CHI,away,2026-10-04,13:00,43.5,outdoors,,,16.28,Sleeper raw-stat projection × league scoring + current usage + OL health,19.17,139.0,D+,,,,1,,16.3,15.8,15.56,0.5,0.0,9,,,,,16.06,0.41,2026,STABLE,3,3,3,100.0,100.0,100.0,0.0,4.33,0.0,2.0,16.47,-0.19,81.5,MINOR CONCERN,LG Dylan Parham (UNAVAILABLE),-0.25,-0.45,-0.0,16.28,0.0,LOW,no material weather signal,65.3,9.9,13.4,3.0,Open-Meteo game-time forecast,16.28,0.0,,,16.28,0.0,0.0,,,,
1370218620990263296,12-Team Dynasty — One League to Rule Them All,3,True,6790,D'Andre Swift,RB,CHI,NYJ,home,2026-10-04,13:00,43.5,outdoors,,,18.06,Sleeper raw-stat projection × league scoring + current usage + OL health,19.59,100.4,B,,,,1,,14.4,13.9,16.44,0.5,0.0,9,,,,,16.94,1.22,2026,STABLE,3,3,3,69.0,64.7,64.7,3.0,18.0,21.0,3.0,18.16,-0.1,90.0,HEALTHY,LT Braxton Jones (AT RISK),-0.35,-0.11,-0.0,18.06,0.0,LOW,no material weather signal,65.3,9.9,13.4,3.0,Open-Meteo game-time forecast,18.06,0.0,,,18.06,0.0,0.0,,,,
1370218620990263296,12-Team Dynasty — One League to Rule Them All,3,True,5995,Justice Hill,RB,BAL,TEN,home,2026-10-04,13:00,43.5,outdoors,,,5.21,Sleeper raw-stat projection × league scoring + OL health,48.39,274.67,F,,,,2,,5.5,6.2,6.14,-0.7,0.0,9,,,,,5.44,0.0,2026,STABLE,3,3,3,33.0,42.0,42.0,1.0,4.33,5.33,0.0,5.44,-0.23,77.8,MINOR CONCERN,LT Ronnie Stanley (UNAVAILABLE),-0.78,-0.24,-0.0,5.21,0.0,LOW,no material weather signal,66.5,3.4,3.1,44.0,Open-Meteo game-time forecast,5.21,0.0,,,5.21,0.0,0.0,,,,
1370218620990263296,12-Team Dynasty — One League to Rule Them All,3,True,12507,Omarion Hampton,RB,LAC,SEA,away,2026-10-04,16:25,42.5,outdoors,,,10.63,Sleeper raw-stat projection × league scoring + current usage,15.1,29.4,B,,,,1,,15.1,14.6,9.32,0.5,0.0,9,,,,,9.82,0.81,2026,STABLE,3,3,3,42.0,54.3,54.3,1.0,16.67,17.67,2.0,10.63,-0.0,100.0,HEALTHY,none,-0.0,-0.0,-0.0,10.63,0.0,LOW,no material weather signal,69.8,6.8,6.3,0.0,Open-Meteo game-time forecast,10.63,0.0,,,10.63,0.0,0.0,,,,
1370218620990263296,12-Team Dynasty — One League to Rule Them All,3,True,11584,Bucky Irving,RB,TB,GB,home,2026-10-04,13:00,39.5,outdoors,,,15.84,Sleeper raw-stat projection × league scoring + current usage,18.66,85.0,B,,,,1,,14.5,14.0,14.12,0.5,0.0,9,,,,,14.62,1.22,2026,STABLE,3,3,3,52.0,63.7,63.7,5.0,13.33,18.33,3.0,15.84,-0.0,100.0,HEALTHY,none,-0.0,-0.0,-0.0,15.84,0.0,LOW,no material weather signal,90.8,9.6,11.2,2.0,Open-Meteo game-time forecast,15.84,0.0,,,15.84,0.0,0.0,,,,
1370218620990263296,12-Team Dynasty — One League to Rule Them All,3,True,9487,Parker Washington,WR,JAX,CIN,away,2026-10-04,13:00,51.5,outdoors,,,19.07,Sleeper raw-stat projection × league scoring + current usage + OL health + injury ripple,11.37,80.6,A,,,,1,,15.9,14.8,16.71,1.1,0.0,9,,,,,17.81,1.22,2026,STABLE,3,3,3,81.0,74.3,74.3,7.67,0.0,7.67,3.0,19.03,-0.14,90.0,HEALTHY,LT Anton Harrison (AT RISK),-0.35,-0.11,-0.0,18.89,0.0,LOW,no material weather signal,71.3,4.7,6.0,21.0,Open-Meteo game-time forecast,18.89,0.18,Starting safety QUESTIONABLE/DNP: downfield coverage improves,MEDIUM,19.07,0.0,0.0,,,,
1370218620990263296,12-Team Dynasty — One League to Rule Them All,4,False,12505,Jalen Royals,WR,KC,LV,away,2026-10-04,16:25,47.5,dome,,,0.0,Sleeper raw-stat projection × league scoring + current usage + OL health,114.33,243.33,F,,,,4,,1.7,3.2,1.92,-1.5,0.0,9,,,,,0.42,-1.22,2026,STABLE,3,3,3,19.0,11.3,11.3,1.0,0.0,1.0,-3.0,0.0,-0.31,77.8,MINOR CONCERN,LT Josh Simmons (UNAVAILABLE),-0.78,-0.24,-0.0,0.0,0.0,INDOOR,indoor,,,,,indoor/no weather adjustment,0.0,0.0,,,0.0,0.0,0.0,,,,
1370218620990263296,12-Team Dynasty — One League to Rule Them All,4,False,13322,Sam Roush,TE,CHI,NYJ,home,2026-10-04,13:00,43.5,outdoors,,,0.2,Sleeper raw-stat projection × league scoring + current usage + OL health,73.64,281.0,F,,,,3,,0.5,2.0,2.63,-1.5,0.0,7,,,,,1.13,-0.81,2026,STABLE,3,2,3,22.0,21.7,21.7,2.0,0.0,2.0,-2.0,0.32,-0.12,90.0,HEALTHY,LT Braxton Jones (AT RISK),-0.35,-0.11,-0.0,0.2,0.0,LOW,no material weather signal,65.3,9.9,13.4,3.0,Open-Meteo game-time forecast,0.2,0.0,,,0.2,0.0,0.0,,,,
1370218620990263296,12-Team Dynasty — One League to Rule Them All,4,False,13306,Taylen Green,QB,CLE,PIT,home,2026-10-01,20:15,38.5,outdoors,,,0.0,season-long ECR proxy + OL health,,,,Out,,OUT,4,,,,,,,,,,,,0.0,0.0,,,,,,,,,,,,,0.0,-0.53,63.1,DEGRADED,C Elgton Jenkins (AT RISK) | RG Teven Jenkins (UNAVAILABLE) | RT Tytus Howard (AT RISK),-0.71,-0.76,-0.0,0.0,0.0,LOW,no material weather signal,76.9,8.9,18.8,4.0,Open-Meteo game-time forecast,0.0,0.0,,,0.0,0.0,0.0,,,,
1370218620990263296,12-Team Dynasty — One League to Rule Them All,4,False,8800,Malik Davis,RB,DAL,HOU,away,2026-10-04,13:00,48.5,,,,0.0,season-long ECR proxy,,256.0,,IR,,IR/PUP,5,,,,,,,,,,,,0.0,0.0,,,,,,,,,,,,,0.0,-0.0,100.0,HEALTHY,none,-0.0,-0.0,-0.0,0.0,0.0,LOW,no material weather signal,82.6,12.5,17.4,45.0,Open-Meteo game-time forecast,0.0,0.0,,,0.0,0.0,0.0,,,,
1370218620990263296,12-Team Dynasty — One League to Rule Them All,4,False,8127,Charlie Kolar,TE,LAC,SEA,away,2026-10-04,16:25,42.5,outdoors,,,0.5,season-long ECR proxy + current usage + injury ripple,,262.0,,Out,,OUT,2,,,,,,,,,,,,0.0,-0.26,2026,STABLE,2,2,2,62.0,58.5,58.5,1.5,0.0,1.5,-1.0,0.0,-0.0,100.0,HEALTHY,none,-0.0,-0.0,-0.0,0.0,0.0,LOW,no material weather signal,69.8,6.8,6.3,0.0,Open-Meteo game-time forecast,0.0,0.5,Starting safety OUT/IR: TE middle/deep matchup improves,MEDIUM,0.5,0.0,0.0,,,,
1370218620990263296,12-Team Dynasty — One League to Rule Them All,4,False,13402,Skyler Bell,WR,BUF,NE,home,2026-10-04,13:00,48.5,outdoors,,,0.0,season-long ECR proxy,,196.5,,Out,,OUT,5,,,,,,,,,,,,0.0,0.0,,,,,,,,,,,,,0.0,-0.0,100.0,HEALTHY,none,-0.0,-0.0,-0.0,0.0,0.0,LOW,no material weather signal,65.5,10.0,12.3,7.0,Open-Meteo game-time forecast,0.0,0.0,,,0.0,0.0,0.0,,,,
1370218620990263296,12-Team Dynasty — One League to Rule Them All,4,False,9230,Tanner McKee,QB,PHI,LAR,home,2026-10-04,13:00,43.5,outdoors,,,0.0,weekly projected points,66.2,,F,Out,,OUT,3,,,,,,,,,,,,0.0,0.0,,,,,,,,,,,,,0.0,-0.0,100.0,HEALTHY,none,-0.0,-0.0,-0.0,0.0,0.0,LOW,no material weather signal,69.2,4.1,3.6,38.0,Open-Meteo game-time forecast,0.0,0.0,,,0.0,0.0,0.0,,,,
1370218620990263296,12-Team Dynasty — One League to Rule Them All,4,False,12521,Elijah Arroyo,TE,SEA,LAC,home,2026-10-04,16:25,42.5,outdoors,,,2.92,Sleeper raw-stat projection × league scoring + current usage,46.0,190.0,F,,,,2,,2.7,3.4,4.84,-0.7,0.0,7,,,,,4.14,-1.22,2026,STABLE,3,1,3,27.0,23.3,23.3,1.0,0.0,1.0,-3.0,2.92,-0.0,100.0,HEALTHY,none,-0.0,-0.0,-0.0,2.92,0.0,LOW,no material weather signal,69.8,6.8,6.3,0.0,Open-Meteo game-time forecast,2.92,0.0,,,2.92,0.0,0.0,,,,
1370218620990263296,12-Team Dynasty — One League to Rule Them All,4,False,3161,Carson Wentz,QB,MIN,MIA,home,2026-10-04,16:05,38.5,dome,,,0.0,weekly projected points + current usage + OL health,35.42,,F,,,,2,,,,,,,,,,,,0.0,0.26,2026,STABLE,2,2,2,100.0,91.5,91.5,0.0,4.0,0.0,2.0,0.26,-0.26,90.0,HEALTHY,LT Christian Darrisaw (AT RISK),-0.35,-0.11,-0.0,0.0,0.0,INDOOR,indoor,,,,,indoor/no weather adjustment,0.0,0.0,,,0.0,0.0,0.0,,,,
1370218620990263296,12-Team Dynasty — One League to Rule Them All,4,False,8150,Kyren Williams,RB,LAR,PHI,away,2026-10-04,13:00,43.5,outdoors,,,15.18,Sleeper raw-stat projection × league scoring + current usage,17.49,69.2,B,,,,1,,14.8,14.3,13.46,0.5,0.0,9,,,,,13.96,1.22,2026,STABLE,3,3,3,71.0,63.3,63.3,4.0,12.67,16.67,3.0,15.18,-0.0,100.0,HEALTHY,none,-0.0,-0.0,-0.0,15.18,0.0,LOW,no material weather signal,69.2,4.1,3.6,38.0,Open-Meteo game-time forecast,15.18,0.0,,,15.18,0.0,0.0,,,,
1370218620990263296,12-Team Dynasty — One League to Rule Them All,4,False,12498,Mason Taylor,TE,NYJ,CHI,away,2026-10-04,13:00,43.5,outdoors,,,3.12,Sleeper raw-stat projection × league scoring + OL health,,206.67,,Out,,OUT,2,,0.0,,3.24,0.0,0.0,7,,,,,3.24,0.0,2026,STABLE,2,1,2,46.0,56.0,56.0,3.0,0.0,3.0,0.0,3.24,-0.12,81.5,MINOR CONCERN,LG Dylan Parham (UNAVAILABLE),-0.25,-0.45,-0.0,3.12,0.0,LOW,no material weather signal,65.3,9.9,13.4,3.0,Open-Meteo game-time forecast,3.12,0.0,,,3.12,0.0,0.0,,,,
1370218620990263296,12-Team Dynasty — One League to Rule Them All,4,False,11646,Jalen Coker,WR,CAR,DET,home,2026-10-04,20:20,50.5,outdoors,,,2.91,Sleeper raw-stat projection × league scoring + current usage + OL health,20.22,124.8,A-,Out,,OUT,2,,0.0,12.8,14.53,-12.8,0.0,9,,,,,1.73,1.22,2026,STABLE,3,3,3,36.0,65.3,65.3,7.33,0.0,7.33,3.0,2.95,-0.04,91.7,HEALTHY,LG Damien Lewis (AT RISK),-0.11,-0.2,-0.0,2.91,0.0,LOW,no material weather signal,63.9,4.6,8.1,62.0,Open-Meteo game-time forecast,2.91,0.0,,,2.91,0.0,0.0,,,,
1370218620990263296,12-Team Dynasty — One League to Rule Them All,4,False,12534,Kyle Monangai,RB,CHI,NYJ,home,2026-10-04,13:00,43.5,outdoors,,,8.61,Sleeper raw-stat projection × league scoring + current usage + OL health,35.78,125.0,C,,,,2,,8.0,8.7,9.0,-0.7,0.0,9,,,,,8.3,0.41,2026,STABLE,3,3,3,31.0,36.0,36.0,1.33,10.0,11.33,1.0,8.71,-0.1,90.0,HEALTHY,LT Braxton Jones (AT RISK),-0.35,-0.11,-0.0,8.61,0.0,LOW,no material weather signal,65.3,9.9,13.4,3.0,Open-Meteo game-time forecast,8.61,0.0,,,8.61,0.0,0.0,,,,
1370218620990263296,12-Team Dynasty — One League to Rule Them All,4,False,12526,Tetairoa McMillan,WR,CAR,DET,home,2026-10-04,20:20,50.5,outdoors,,,16.26,Sleeper raw-stat projection × league scoring + current usage + OL health,15.27,31.8,A,,,,1,,15.4,14.3,13.58,1.1,0.0,9,,,,,14.68,1.62,2026,STABLE,3,3,3,95.0,85.7,85.7,7.67,0.0,7.67,4.0,16.3,-0.04,91.7,HEALTHY,LG Damien Lewis (AT RISK),-0.11,-0.2,-0.0,16.26,0.0,LOW,no material weather signal,63.9,4.6,8.1,62.0,Open-Meteo game-time forecast,16.26,0.0,,,16.26,0.0,0.0,,,,
1370218620990263296,12-Team Dynasty — One League to Rule Them All,4,False,12512,Quinshon Judkins,RB,CLE,PIT,home,2026-10-01,20:15,38.5,outdoors,,,9.14,Sleeper raw-stat projection × league scoring + current usage + OL health,22.88,66.8,B-,,,,1,,12.5,12.5,8.46,0.0,0.0,9,,,,,8.46,1.22,2026,STABLE,3,3,3,51.0,61.0,61.0,3.0,14.0,17.0,3.0,9.68,-0.54,63.1,DEGRADED,C Elgton Jenkins (AT RISK) | RG Teven Jenkins (UNAVAILABLE) | RT Tytus Howard (AT RISK),-0.71,-0.76,-0.0,9.14,0.0,LOW,no material weather signal,76.9,8.9,18.8,4.0,Open-Meteo game-time forecast,9.14,0.0,,,9.14,0.0,0.0,,,,
1370218620990263296,12-Team Dynasty — One League to Rule Them All,4,False,9229,Anthony Richardson,QB,IND,WAS,away,2026-10-04,09:30,47.5,outdoors,,,0.0,weekly projected points,45.8,,F,,,,2,,,,,,,,,,,,0.0,0.0,,,,,,,,,,,,,0.0,-0.0,100.0,HEALTHY,none,-0.0,-0.0,-0.0,0.0,0.0,LOW,no material weather signal,62.9,3.4,5.8,44.0,Open-Meteo game-time forecast,0.0,0.0,,,0.0,0.0,0.0,,,,
1370218620990263296,12-Team Dynasty — One League to Rule Them All,4,False,4177,Mack Hollins,WR,NE,BUF,away,2026-10-04,13:00,48.5,outdoors,,,8.63,Sleeper raw-stat projection × league scoring + current usage + OL health,66.89,260.5,F,,,,2,,6.2,6.9,8.7,-0.7,0.0,9,,,,,8.0,0.81,2026,STABLE,3,3,3,76.0,72.3,72.3,5.33,0.0,5.33,2.0,8.81,-0.18,75.9,MINOR CONCERN,RG Greg Van Roten (UNAVAILABLE) | RT Morgan Moses (LIMITED),-0.45,-0.51,-0.0,8.63,0.0,LOW,no material weather signal,65.5,10.0,12.3,7.0,Open-Meteo game-time forecast,8.63,0.0,,,8.63,0.0,0.0,,,,
1370218620990263296,12-Team Dynasty — One League to Rule Them All,4,False,13285,Malachi Fields,WR,NYG,ARI,home,2026-10-04,13:00,44.5,outdoors,,,5.32,Sleeper raw-stat projection × league scoring + current usage + OL health,68.29,205.5,F,,,,2,,7.2,7.9,5.29,-0.7,0.0,9,,,,,4.59,0.81,2026,STABLE,3,3,3,69.0,74.0,74.0,4.0,0.0,4.0,2.0,5.4,-0.08,94.4,HEALTHY,LT Andrew Thomas (LIMITED),-0.2,-0.06,-0.0,5.32,0.0,LOW,no material weather signal,69.6,4.8,5.6,34.0,Open-Meteo game-time forecast,5.32,0.0,,,5.32,0.0,0.0,,,,
1370218620990263296,12-Team Dynasty — One League to Rule Them All,4,False,13307,Marlin Klein,TE,HOU,DAL,home,2026-10-04,13:00,48.5,,,,0.0,Sleeper raw-stat projection × league scoring + current usage + OL health,63.86,268.0,F,,,,3,,0.8,2.3,2.4,-1.5,0.0,7,,,,,0.9,-1.22,2026,STABLE,3,1,3,7.0,9.7,9.7,1.0,0.0,1.0,-3.0,0.0,-0.12,90.0,HEALTHY,RT Trent Brown (AT RISK),-0.35,-0.11,-0.0,0.0,0.0,LOW,no material weather signal,82.6,12.5,17.4,45.0,Open-Meteo game-time forecast,0.0,0.0,,,0.0,0.0,0.0,,,,
1370218620990263296,12-Team Dynasty — One League to Rule Them All,4,False,13401,Michael Trigg,TE,DAL,HOU,away,2026-10-04,13:00,48.5,,,,3.5,season-long ECR proxy,,,,,,,,,,,,,,,,,,,3.5,0.0,,,,,,,,,,,,,3.5,-0.0,100.0,HEALTHY,none,-0.0,-0.0,-0.0,3.5,0.0,LOW,no material weather signal,82.6,12.5,17.4,45.0,Open-Meteo game-time forecast,3.5,0.0,,,3.5,0.0,0.0,,,,
1370218620990263296,12-Team Dynasty — One League to Rule Them All,4,False,11586,Blake Corum,RB,LAR,PHI,away,2026-10-04,13:00,43.5,outdoors,,,6.69,Sleeper raw-stat projection × league scoring + current usage,33.78,139.8,C,,,,2,,9.1,9.8,6.98,-0.7,0.0,9,,,,,6.28,0.41,2026,STABLE,3,3,3,29.0,32.3,32.3,1.67,9.33,11.0,1.0,6.69,-0.0,100.0,HEALTHY,none,-0.0,-0.0,-0.0,6.69,0.0,LOW,no material weather signal,69.2,4.1,3.6,38.0,Open-Meteo game-time forecast,6.69,0.0,,,6.69,0.0,0.0,,,,
1370218620990263296,12-Team Dynasty — One League to Rule Them All,4,False,4892,Baker Mayfield,QB,TB,GB,home,2026-10-04,13:00,39.5,outdoors,,,0.41,weekly projected points + current usage,20.6,59.8,D,Out,,OUT,2,,,,,,,,,,,,0.0,0.41,2026,STABLE,3,3,3,94.0,98.0,98.0,0.0,3.67,0.0,2.0,0.41,-0.0,100.0,HEALTHY,none,-0.0,-0.0,-0.0,0.41,0.0,LOW,no material weather signal,90.8,9.6,11.2,2.0,Open-Meteo game-time forecast,0.41,0.0,,,0.41,0.0,0.0,,,,
1370218620990263296,12-Team Dynasty — One League to Rule Them All,4,False,9486,Dontayvion Wicks,WR,PHI,LAR,home,2026-10-04,13:00,43.5,outdoors,,,9.59,Sleeper raw-stat projection × league scoring + current usage + injury ripple,34.56,185.75,C+,,,,2,,10.5,11.2,8.67,-0.7,0.0,9,,,,,7.97,1.22,2026,STABLE,3,3,3,88.0,80.3,80.3,5.0,0.0,5.0,3.0,9.19,-0.0,100.0,HEALTHY,none,-0.0,-0.0,-0.0,9.19,0.0,LOW,no material weather signal,69.2,4.1,3.6,38.0,Open-Meteo game-time forecast,9.19,0.4,Opponent CB1 OUT/IR: secondary WR matchup improves,MEDIUM,9.59,0.0,0.0,,,,
1370218620990263296,12-Team Dynasty — One League to Rule Them All,4,False,13964,Myles Montgomery,RB,NE,BUF,away,2026-10-04,13:00,48.5,outdoors,,,0.0,season-long ECR proxy + OL health,,,,IR,,IR/PUP,6,,,,,,,,,,,,0.0,0.0,,,,,,,,,,,,,0.0,-0.36,75.9,MINOR CONCERN,RG Greg Van Roten (UNAVAILABLE) | RT Morgan Moses (LIMITED),-0.45,-0.51,-0.0,0.0,0.0,LOW,no material weather signal,65.5,10.0,12.3,7.0,Open-Meteo game-time forecast,0.0,0.0,,,0.0,0.0,0.0,,,,
1370218620990263296,12-Team Dynasty — One League to Rule Them All,4,False,12524,Shedeur Sanders,QB,CLE,PIT,home,2026-10-01,20:15,38.5,outdoors,,,0.0,weekly projected points + current usage + OL health,36.0,148.75,F,,,,3,,,,,,,,,,,,0.0,-0.16,2026,STABLE,3,1,1,1.0,1.0,1.0,0.0,0.0,0.0,-2.0,0.0,-0.53,63.1,DEGRADED,C Elgton Jenkins (AT RISK) | RG Teven Jenkins (UNAVAILABLE) | RT Tytus Howard (AT RISK),-0.71,-0.76,-0.0,0.0,0.0,LOW,no material weather signal,76.9,8.9,18.8,4.0,Open-Meteo game-time forecast,0.0,0.0,,,0.0,0.0,0.0,,,,
1370218620990263296,12-Team Dynasty — One League to Rule Them All,4,False,13347,Demond Claiborne,RB,MIN,MIA,home,2026-10-04,16:05,38.5,dome,,,0.42,Sleeper raw-stat projection × league scoring + current usage + OL health,65.42,246.25,F,,,,2,,1.7,2.9,2.51,-1.2,0.0,9,,,,,1.31,-0.79,2026,STABLE,3,2,2,5.0,4.5,4.5,0.5,1.5,2.0,-3.0,0.52,-0.1,90.0,HEALTHY,LT Christian Darrisaw (AT RISK),-0.35,-0.11,-0.0,0.42,0.0,INDOOR,indoor,,,,,indoor/no weather adjustment,0.42,0.0,,,0.42,0.0,0.0,,,,
1370218620990263296,12-Team Dynasty — One League to Rule Them All,4,False,11635,Ladd McConkey,WR,LAC,SEA,away,2026-10-04,16:25,42.5,outdoors,,,14.06,Sleeper raw-stat projection × league scoring + current usage + injury ripple,15.9,53.8,A,,,,1,,14.5,14.0,12.1,0.5,0.0,9,,,,,12.6,0.81,2026,STABLE,3,3,3,88.0,61.0,61.0,5.0,0.0,5.0,2.0,13.41,-0.0,100.0,HEALTHY,none,-0.0,-0.0,-0.0,13.41,0.0,LOW,no material weather signal,69.8,6.8,6.3,0.0,Open-Meteo game-time forecast,13.41,0.65,TE1 OUT/IR: WR1 target share can rise | Starting safety OUT/IR: downfield coverage improves,MEDIUM,14.06,0.0,0.0,,,,
1370218620990263296,12-Team Dynasty — One League to Rule Them All,4,False,9488,Jaxon Smith-Njigba,WR,SEA,LAC,home,2026-10-04,16:25,42.5,outdoors,,,24.63,Sleeper raw-stat projection × league scoring + current usage + injury ripple,1.59,5.4,A+,,,,1,,22.6,22.1,22.11,0.5,0.0,9,,,,,22.61,1.62,2026,STABLE,3,3,3,87.0,81.3,81.3,12.0,0.0,12.0,4.0,24.23,-0.0,100.0,HEALTHY,none,-0.0,-0.0,-0.0,24.23,0.0,LOW,no material weather signal,69.8,6.8,6.3,0.0,Open-Meteo game-time forecast,24.23,0.4,Starting safety OUT/IR: downfield coverage improves,MEDIUM,24.63,0.0,0.0,,,,
1370218620990263296,12-Team Dynasty — One League to Rule Them All,4,False,10222,Jayden Reed,WR,GB,TB,away,2026-10-04,13:00,39.5,outdoors,,,0.12,season-long ECR proxy + current usage + OL health,,121.4,,Out,,OUT,4,,,,,,,,,,,,0.0,0.26,2026,STABLE,2,2,2,3.0,30.0,30.0,4.0,0.0,4.0,1.0,0.26,-0.14,73.1,DEGRADED,LG Aaron Banks (UNAVAILABLE) | RG Jacob Monk (AT RISK),-0.36,-0.65,-0.0,0.12,0.0,LOW,no material weather signal,90.8,9.6,11.2,2.0,Open-Meteo game-time forecast,0.12,0.0,,,0.12,0.0,0.0,,,,
1370218620990263296,12-Team Dynasty — One League to Rule Them All,4,False,4943,Sam Darnold,QB,SEA,LAC,home,2026-10-04,16:25,42.5,outdoors,,,18.82,Sleeper raw-stat projection × league scoring,20.69,74.0,D,,,,1,,15.7,15.2,18.32,0.5,0.0,9,,,,,18.82,0.0,2026,STABLE,3,2,2,100.0,55.0,55.0,0.0,0.5,0.0,0.0,18.82,-0.0,100.0,HEALTHY,none,-0.0,-0.0,-0.0,18.82,0.0,LOW,no material weather signal,69.8,6.8,6.3,0.0,Open-Meteo game-time forecast,18.82,0.0,,,18.82,0.0,0.0,,,,
1370218620990263296,12-Team Dynasty — One League to Rule Them All,4,False,8136,Rachaad White,RB,WAS,IND,home,2026-10-04,09:30,47.5,outdoors,,,8.2,Sleeper raw-stat projection × league scoring + current usage,36.51,166.0,C-,Questionable,,QUESTIONABLE,2,,5.4,8.6,8.49,-0.7,2.5,9,,,,,7.79,0.41,2026,STABLE,3,3,3,43.0,45.3,45.3,3.0,7.33,10.33,1.0,8.2,-0.0,100.0,HEALTHY,none,-0.0,-0.0,-0.0,8.2,0.0,LOW,no material weather signal,62.9,3.4,5.8,44.0,Open-Meteo game-time forecast,8.2,0.0,,,8.2,0.0,0.0,,,,
1370218620990263296,12-Team Dynasty — One League to Rule Them All,4,False,12517,Colston Loveland,TE,CHI,NYJ,home,2026-10-04,13:00,43.5,outdoors,,,13.24,Sleeper raw-stat projection × league scoring + current usage + OL health + injury ripple,16.6,46.4,D+,,,,1,,10.6,10.1,12.0,0.5,0.0,10,,,,,12.5,0.81,2026,STABLE,3,3,3,79.0,84.0,84.0,3.0,0.0,3.0,2.0,13.31,-0.12,90.0,HEALTHY,LT Braxton Jones (AT RISK),-0.35,-0.11,-0.0,13.19,0.0,LOW,no material weather signal,65.3,9.9,13.4,3.0,Open-Meteo game-time forecast,13.19,0.05,QB1 OUT/IR: pass-catcher efficiency risk with backup QB | Starting safety OUT/IR: TE middle/deep matchup improves,MEDIUM,13.24,0.0,0.0,,,,
1370218620990263296,12-Team Dynasty — One League to Rule Them All,4,False,13302,Adam Randall,RB,BAL,TEN,home,2026-10-04,13:00,43.5,outdoors,,,0.0,season-long ECR proxy + OL health,,256.5,,IR,,IR/PUP,5,,,,,,,,,,,,0.0,0.0,,,,,,,,,,,,,0.0,-0.23,77.8,MINOR CONCERN,LT Ronnie Stanley (UNAVAILABLE),-0.78,-0.24,-0.0,0.0,0.0,LOW,no material weather signal,66.5,3.4,3.1,44.0,Open-Meteo game-time forecast,0.0,0.0,,,0.0,0.0,0.0,,,,
1370218620990263296,12-Team Dynasty — One League to Rule Them All,5,False,11571,Isaiah Davis,RB,NYJ,CHI,away,2026-10-04,13:00,43.5,outdoors,,,5.05,Sleeper raw-stat projection × league scoring + current usage + OL health + injury ripple,88.45,259.5,F,,,,3,,0.0,0.7,6.82,-0.7,0.0,9,,,,,6.12,-1.22,2026,STABLE,3,2,3,0.0,0.0,0.0,0.0,0.0,0.0,-3.0,4.9,-0.3,81.5,MINOR CONCERN,LG Dylan Parham (UNAVAILABLE),-0.25,-0.45,-0.0,4.6,0.0,LOW,no material weather signal,65.3,9.9,13.4,3.0,Open-Meteo game-time forecast,4.6,0.45,RB1 OUT/IR: secondary backfield opportunity,MEDIUM,5.05,0.0,0.0,,,,
1370218620990263296,12-Team Dynasty — One League to Rule Them All,5,False,11575,Ray Davis,RB,BUF,NE,home,2026-10-04,13:00,48.5,outdoors,,,0.0,Sleeper raw-stat projection × league scoring + current usage,65.17,250.0,F,,,,3,,1.9,3.4,1.06,-1.5,0.0,9,,,,,0.0,-1.22,2026,STABLE,3,2,3,8.0,10.3,10.3,0.0,0.5,0.5,-3.0,0.0,-0.0,100.0,HEALTHY,none,-0.0,-0.0,-0.0,0.0,0.0,LOW,no material weather signal,65.5,10.0,12.3,7.0,Open-Meteo game-time forecast,0.0,0.0,,,0.0,0.0,0.0,,,,
1370218620990263296,12-Team Dynasty — One League to Rule Them All,5,False,11625,Adonai Mitchell,WR,NYJ,CHI,away,2026-10-04,13:00,43.5,outdoors,,,9.08,Sleeper raw-stat projection × league scoring + current usage + OL health,,170.75,,Out,,OUT,2,,0.0,,8.39,0.0,0.0,9,,,,,8.39,0.79,2026,STABLE,2,2,2,82.0,75.5,75.5,7.5,0.0,7.5,3.0,9.18,-0.1,81.5,MINOR CONCERN,LG Dylan Parham (UNAVAILABLE),-0.25,-0.45,-0.0,9.08,0.0,LOW,no material weather signal,65.3,9.9,13.4,3.0,Open-Meteo game-time forecast,9.08,0.0,,,9.08,0.0,0.0,,,,
1370218620990263296,12-Team Dynasty — One League to Rule Them All,5,False,12493,Oronde Gadsden,TE,LAC,SEA,away,2026-10-04,16:25,42.5,outdoors,,,9.22,Sleeper raw-stat projection × league scoring + injury ripple,16.88,142.0,D+,,,,1,,9.8,9.3,7.87,0.5,0.0,7,,,,,8.37,0.0,2026,STABLE,3,3,3,57.0,39.7,39.7,2.33,0.0,2.33,0.0,8.37,-0.0,100.0,HEALTHY,none,-0.0,-0.0,-0.0,8.37,0.0,LOW,no material weather signal,69.8,6.8,6.3,0.0,Open-Meteo game-time forecast,8.37,0.85,TE1 OUT/IR: TE2 route/target opportunity rises,HIGH,9.22,0.0,0.0,,,,
1370218620990263296,12-Team Dynasty — One League to Rule Them All,5,False,12499,Elic Ayomanor,WR,TEN,BAL,away,2026-10-04,13:00,43.5,outdoors,,,4.79,Sleeper raw-stat projection × league scoring + current usage + OL health,89.24,204.5,F,,,,3,,4.4,5.9,5.98,-1.5,0.0,8,,,,,4.48,0.41,2026,STABLE,3,3,3,80.0,61.7,61.7,3.0,0.0,3.0,1.0,4.89,-0.1,81.5,MINOR CONCERN,RG Fernando Carmona (UNAVAILABLE),-0.25,-0.45,-0.0,4.79,0.0,LOW,no material weather signal,66.5,3.4,3.1,44.0,Open-Meteo game-time forecast,4.79,0.0,,,4.79,0.0,0.0,,,,
1370218620990263296,12-Team Dynasty — One League to Rule Them All,5,False,12531,Trevor Etienne,RB,CAR,DET,home,2026-10-04,20:20,50.5,outdoors,,,0.0,season-long ECR proxy + OL health,,261.67,,IR,,IR/PUP,4,,,,,,,,,,,,0.0,0.0,,,,,,,,,,,,,0.0,-0.14,91.7,HEALTHY,LG Damien Lewis (AT RISK),-0.11,-0.2,-0.0,0.0,0.0,LOW,no material weather signal,63.9,4.6,8.1,62.0,Open-Meteo game-time forecast,0.0,0.0,,,0.0,0.0,0.0,,,,
1370218620990263296,12-Team Dynasty — One League to Rule Them All,5,False,12540,Chimere Dike,WR,TEN,BAL,away,2026-10-04,13:00,43.5,outdoors,,,0.0,Sleeper raw-stat projection × league scoring + current usage + OL health,114.76,205.5,F,,,,5,,2.2,3.7,2.14,-1.5,0.0,9,,,,,0.64,-1.22,2026,STABLE,3,3,3,10.0,7.3,7.3,0.67,0.0,0.67,-3.0,0.0,-0.1,81.5,MINOR CONCERN,RG Fernando Carmona (UNAVAILABLE),-0.25,-0.45,-0.0,0.0,0.0,LOW,no material weather signal,66.5,3.4,3.1,44.0,Open-Meteo game-time forecast,0.0,0.0,,,0.0,0.0,0.0,,,,
1370218620990263296,12-Team Dynasty — One League to Rule Them All,5,False,13335,Cole Payton,QB,PHI,LAR,home,2026-10-04,13:00,43.5,outdoors,,,0.0,season-long ECR proxy,,,,Out,,OUT,4,,,,,,,,,,,,0.0,0.0,,,,,,,,,,,,,0.0,-0.0,100.0,HEALTHY,none,-0.0,-0.0,-0.0,0.0,0.0,LOW,no material weather signal,69.2,4.1,3.6,38.0,Open-Meteo game-time forecast,0.0,0.0,,,0.0,0.0,0.0,,,,
1370218620990263296,12-Team Dynasty — One League to Rule Them All,5,False,13405,Kaytron Allen,RB,WAS,IND,home,2026-10-04,09:30,47.5,outdoors,,,0.0,Sleeper raw-stat projection × league scoring + current usage,71.15,213.5,F,,,,3,,1.4,2.9,1.09,-1.5,0.0,9,,,,,0.0,-0.81,2026,STABLE,3,2,3,0.0,6.0,6.0,0.0,4.5,4.5,-2.0,0.0,-0.0,100.0,HEALTHY,none,-0.0,-0.0,-0.0,0.0,0.0,LOW,no material weather signal,62.9,3.4,5.8,44.0,Open-Meteo game-time forecast,0.0,0.0,,,0.0,0.0,0.0,,,,
1370218620990263296,12-Team Dynasty — One League to Rule Them All,5,False,3214,Hunter Henry,TE,NE,BUF,away,2026-10-04,13:00,48.5,outdoors,,,12.22,Sleeper raw-stat projection × league scoring + current usage + OL health,17.8,168.6,D,,,,1,,9.8,9.3,11.49,0.5,0.0,7,,,,,11.99,0.41,2026,STABLE,3,3,3,70.0,79.0,79.0,3.33,0.0,3.33,1.0,12.4,-0.18,75.9,MINOR CONCERN,RG Greg Van Roten (UNAVAILABLE) | RT Morgan Moses (LIMITED),-0.45,-0.51,-0.0,12.22,0.0,LOW,no material weather signal,65.5,10.0,12.3,7.0,Open-Meteo game-time forecast,12.22,0.0,,,12.22,0.0,0.0,,,,
1370218620990263296,12-Team Dynasty — One League to Rule Them All,5,False,4984,Josh Allen,QB,BUF,NE,home,2026-10-04,13:00,48.5,outdoors,,,25.66,Sleeper raw-stat projection × league scoring + current usage + injury ripple,1.02,1.6,A+,Questionable,,QUESTIONABLE,1,,22.5,24.5,24.55,0.5,2.5,9,,,,,25.05,0.41,2026,STABLE,3,3,3,100.0,100.0,100.0,0.33,9.33,0.0,2.0,25.46,-0.0,100.0,HEALTHY,none,-0.0,-0.0,-0.0,25.46,0.0,LOW,no material weather signal,65.5,10.0,12.3,7.0,Open-Meteo game-time forecast,25.46,0.2,Top edge rusher QUESTIONABLE/DNP: QB pressure environment improves,MEDIUM,25.66,0.0,0.0,,,,
1370218620990263296,12-Team Dynasty — One League to Rule Them All,5,False,5947,Jakobi Meyers,WR,JAX,CIN,away,2026-10-04,13:00,51.5,outdoors,,,9.86,Sleeper raw-stat projection × league scoring + current usage + OL health,47.66,127.2,C-,,,,2,,9.5,9.6,9.69,-0.1,0.0,9,,,,,9.59,0.41,2026,STABLE,3,3,3,81.0,78.7,78.7,3.67,0.33,3.67,1.0,10.0,-0.14,90.0,HEALTHY,LT Anton Harrison (AT RISK),-0.35,-0.11,-0.0,9.86,0.0,LOW,no material weather signal,71.3,4.7,6.0,21.0,Open-Meteo game-time forecast,9.86,0.0,,,9.86,0.0,0.0,,,,
1370218620990263296,12-Team Dynasty — One League to Rule Them All,5,False,6783,Jerry Jeudy,WR,CLE,PIT,home,2026-10-01,20:15,38.5,outdoors,,,1.45,Sleeper raw-stat projection × league scoring + OL health,76.5,163.5,F,,,,3,,4.4,6.4,3.73,-2.0,0.0,9,,,,,1.73,0.0,2026,STABLE,3,2,3,51.0,57.7,57.7,2.5,0.0,2.5,0.0,1.73,-0.28,63.1,DEGRADED,C Elgton Jenkins (AT RISK) | RG Teven Jenkins (UNAVAILABLE) | RT Tytus Howard (AT RISK),-0.71,-0.76,-0.0,1.45,0.0,LOW,no material weather signal,76.9,8.9,18.8,4.0,Open-Meteo game-time forecast,1.45,0.0,,,1.45,0.0,0.0,,,,
1370218620990263296,12-Team Dynasty — One League to Rule Them All,5,False,7090,Darnell Mooney,WR,NYG,ARI,home,2026-10-04,13:00,44.5,outdoors,,,3.16,Sleeper raw-stat projection × league scoring + OL health,80.58,207.0,F,,,,3,,4.8,6.3,4.74,-1.5,0.0,9,,,,,3.24,0.0,2026,STABLE,3,3,3,44.0,57.7,57.7,2.67,0.33,2.67,0.0,3.24,-0.08,94.4,HEALTHY,LT Andrew Thomas (LIMITED),-0.2,-0.06,-0.0,3.16,0.0,LOW,no material weather signal,69.6,4.8,5.6,34.0,Open-Meteo game-time forecast,3.16,0.0,,,3.16,0.0,0.0,,,,
1370218620990263296,12-Team Dynasty — One League to Rule Them All,5,False,7525,DeVonta Smith,WR,PHI,LAR,home,2026-10-04,13:00,43.5,outdoors,,,16.94,Sleeper raw-stat projection × league scoring + current usage + injury ripple,8.54,47.0,A,,,,1,,16.2,15.7,13.17,0.5,0.0,9,,,,,13.67,1.62,2026,STABLE,3,3,3,100.0,94.3,94.3,9.0,0.0,9.0,4.0,15.29,-0.0,100.0,HEALTHY,none,-0.0,-0.0,-0.0,15.29,0.0,LOW,no material weather signal,69.2,4.1,3.6,38.0,Open-Meteo game-time forecast,15.29,1.65,Opponent CB1 OUT/IR: projected WR1 coverage matchup improves (not confirmed shadow) | Starting safety OUT/IR: downfield coverage improves | TE1 OUT/IR: WR1 target share can rise,MEDIUM,16.94,0.0,0.0,,,,
1370218620990263296,12-Team Dynasty — One League to Rule Them All,5,False,7543,Travis Etienne,RB,NO,ATL,home,2026-10-05,20:15,48.5,dome,,,0.41,weekly projected points + current usage,26.39,84.8,C+,Out,,OUT,3,,,,,,,,,,,,0.0,0.41,2026,STABLE,3,3,3,38.0,50.3,50.3,4.33,10.0,14.33,1.0,0.41,-0.0,100.0,HEALTHY,none,-0.0,-0.0,-0.0,0.41,0.0,INDOOR,indoor,,,,,indoor/no weather adjustment,0.41,0.0,,,0.41,0.0,0.0,,,,
1370218620990263296,12-Team Dynasty — One League to Rule Them All,5,False,7567,Kenny Gainwell,RB,TB,GB,home,2026-10-04,13:00,39.5,outdoors,,,6.75,Sleeper raw-stat projection × league scoring,42.22,155.2,D,,,,2,,6.7,7.4,7.45,-0.7,0.0,9,,,,,6.75,0.0,2026,STABLE,3,3,3,46.0,42.3,42.3,3.33,3.33,6.67,0.0,6.75,-0.0,100.0,HEALTHY,none,-0.0,-0.0,-0.0,6.75,0.0,LOW,no material weather signal,90.8,9.6,11.2,2.0,Open-Meteo game-time forecast,6.75,0.0,,,6.75,0.0,0.0,,,,
1370218620990263296,12-Team Dynasty — One League to Rule Them All,5,False,7594,Chuba Hubbard,RB,CAR,DET,home,2026-10-04,20:20,50.5,outdoors,,,18.38,Sleeper raw-stat projection × league scoring + current usage + OL health,13.15,136.6,B+,,,,1,,16.4,15.3,16.2,1.1,0.0,9,,,,,17.3,1.22,2026,STABLE,3,3,3,84.0,73.3,73.3,3.0,13.67,16.67,3.0,18.52,-0.14,91.7,HEALTHY,LG Damien Lewis (AT RISK),-0.11,-0.2,-0.0,18.38,0.0,LOW,no material weather signal,63.9,4.6,8.1,62.0,Open-Meteo game-time forecast,18.38,0.0,,,18.38,0.0,0.0,,,,
1370218620990263296,12-Team Dynasty — One League to Rule Them All,5,False,7670,Joshua Palmer,WR,BUF,NE,home,2026-10-04,13:00,48.5,outdoors,,,0.83,Sleeper raw-stat projection × league scoring,73.42,231.0,F,,,,4,,5.0,6.5,2.33,-1.5,0.0,6,,,,,0.83,0.0,2026,STABLE,3,2,3,32.0,33.7,33.7,2.5,0.0,2.5,0.0,0.83,-0.0,100.0,HEALTHY,none,-0.0,-0.0,-0.0,0.83,0.0,LOW,no material weather signal,65.5,10.0,12.3,7.0,Open-Meteo game-time forecast,0.83,0.0,,,0.83,0.0,0.0,,,,
1370218620990263296,12-Team Dynasty — One League to Rule Them All,5,False,8131,Isaiah Likely,TE,NYG,ARI,home,2026-10-04,13:00,44.5,outdoors,,,14.99,Sleeper raw-stat projection × league scoring + current usage + OL health,11.48,86.2,C,,,,1,,10.8,10.3,13.34,0.5,0.0,7,,,,,13.84,1.22,2026,STABLE,3,3,3,84.0,67.3,67.3,7.67,0.0,7.67,3.0,15.06,-0.07,94.4,HEALTHY,LT Andrew Thomas (LIMITED),-0.2,-0.06,-0.0,14.99,0.0,LOW,no material weather signal,69.6,4.8,5.6,34.0,Open-Meteo game-time forecast,14.99,0.0,,,14.99,0.0,0.0,,,,
1370218620990263296,12-Team Dynasty — One League to Rule Them All,5,False,8137,George Pickens,WR,DAL,HOU,away,2026-10-04,13:00,48.5,,,,15.53,Sleeper raw-stat projection × league scoring + current usage,12.46,33.2,A,,,,2,,14.1,14.8,14.61,-0.7,0.0,9,,,,,13.91,1.62,2026,STABLE,3,3,3,85.0,81.7,81.7,8.33,0.0,8.33,4.0,15.53,-0.0,100.0,HEALTHY,none,-0.0,-0.0,-0.0,15.53,0.0,LOW,no material weather signal,82.6,12.5,17.4,45.0,Open-Meteo game-time forecast,15.53,0.0,,,15.53,0.0,0.0,,,,
1370218620990263296,12-Team Dynasty — One League to Rule Them All,5,False,8167,Christian Watson,WR,GB,TB,away,2026-10-04,13:00,39.5,outdoors,,,17.16,Sleeper raw-stat projection × league scoring + current usage + OL health,10.56,67.2,A,,,,1,,15.8,15.3,15.18,0.5,0.0,9,,,,,15.68,1.62,2026,STABLE,3,3,3,80.0,82.0,82.0,9.67,0.0,9.67,4.0,17.3,-0.14,73.1,DEGRADED,LG Aaron Banks (UNAVAILABLE) | RG Jacob Monk (AT RISK),-0.36,-0.65,-0.0,17.16,0.0,LOW,no material weather signal,90.8,9.6,11.2,2.0,Open-Meteo game-time forecast,17.16,0.0,,,17.16,0.0,0.0,,,,
1370218620990263296,12-Team Dynasty — One League to Rule Them All,5,False,8676,Rashid Shaheed,WR,SEA,LAC,home,2026-10-04,16:25,42.5,outdoors,,,6.5,Sleeper raw-stat projection × league scoring + current usage,58.29,146.75,D,,,,2,,8.3,9.0,6.79,-0.7,0.0,9,,,,,6.09,0.41,2026,STABLE,3,3,3,46.0,56.0,56.0,4.0,0.33,4.0,1.0,6.5,-0.0,100.0,HEALTHY,none,-0.0,-0.0,-0.0,6.5,0.0,LOW,no material weather signal,69.8,6.8,6.3,0.0,Open-Meteo game-time forecast,6.5,0.0,,,6.5,0.0,0.0,,,,
1370218620990263296,12-Team Dynasty — One League to Rule Them All,5,False,9226,De'Von Achane,RB,MIA,MIN,away,2026-10-04,16:05,38.5,dome,,,1.26,weekly projected points + current usage + injury ripple,11.73,24.2,A-,IR,,IR/PUP,4,,,,,,,,,,,,0.0,0.81,2026,STABLE,3,3,3,5.0,55.7,55.7,4.0,11.33,15.33,2.0,0.81,-0.0,100.0,HEALTHY,none,-0.0,-0.0,-0.0,0.81,0.0,INDOOR,indoor,,,,,indoor/no weather adjustment,0.81,0.45,RB1 OUT/IR: secondary backfield opportunity,MEDIUM,1.26,0.0,0.0,,,,
1370218620990263296,12-Team Dynasty — One League to Rule Them All,5,False,9479,Darnell Washington,TE,PIT,CLE,away,2026-10-01,20:15,38.5,outdoors,,,3.17,Sleeper raw-stat projection × league scoring + current usage + OL health,34.2,203.0,F,,,,2,,3.7,4.9,4.08,-1.2,0.0,7,,,,,2.88,0.41,2026,STABLE,3,3,3,76.0,64.3,64.3,2.67,0.0,2.67,1.0,3.29,-0.12,90.0,HEALTHY,LT Troy Fautanu (AT RISK),-0.35,-0.11,-0.0,3.17,0.0,LOW,no material weather signal,76.9,8.9,18.8,4.0,Open-Meteo game-time forecast,3.17,0.0,,,3.17,0.0,0.0,,,,
1370218620990263296,12-Team Dynasty — One League to Rule Them All,5,False,9753,Zach Charbonnet,RB,SEA,LAC,home,2026-10-04,16:25,42.5,outdoors,,,0.0,season-long ECR proxy,,162.0,,PUP,,IR/PUP,5,,,,,,,,,,,,0.0,0.0,,,,,,,,,,,,,0.0,-0.0,100.0,HEALTHY,none,-0.0,-0.0,-0.0,0.0,0.0,LOW,no material weather signal,69.8,6.8,6.3,0.0,Open-Meteo game-time forecast,0.0,0.0,,,0.0,0.0,0.0,,,,
1370218620990263296,12-Team Dynasty — One League to Rule Them All,5,False,9758,C.J. Stroud,QB,HOU,DAL,home,2026-10-04,13:00,48.5,,,,21.28,Sleeper raw-stat projection × league scoring + current usage + OL health,18.64,80.8,D+,,,,1,,16.6,16.1,20.63,0.5,0.0,9,,,,,21.13,0.41,2026,STABLE,3,3,3,100.0,100.0,100.0,0.0,2.33,0.0,2.0,21.54,-0.26,90.0,HEALTHY,RT Trent Brown (AT RISK),-0.35,-0.11,-0.0,21.28,0.0,LOW,no material weather signal,82.6,12.5,17.4,45.0,Open-Meteo game-time forecast,21.28,0.0,,,21.28,0.0,0.0,,,,
1370218620990263296,12-Team Dynasty — One League to Rule Them All,6,False,11559,Michael Penix,QB,ATL,NO,away,2026-10-05,20:15,48.5,dome,,,16.77,Sleeper raw-stat projection × league scoring + current usage + OL health,28.15,125.75,F,,,,1,,14.3,13.8,16.54,0.5,0.0,9,,,,,17.04,0.16,2026,STABLE,3,1,1,100.0,100.0,100.0,0.0,2.0,0.0,2.0,17.2,-0.43,73.3,DEGRADED,LT Jake Matthews (AT RISK) | C Ryan Neuzil (AT RISK) | RG Chris Lindstrom (AT RISK),-0.58,-0.51,-0.0,16.77,0.0,INDOOR,indoor,,,,,indoor/no weather adjustment,16.77,0.0,,,16.77,0.0,0.0,,,,
1370218620990263296,12-Team Dynasty — One League to Rule Them All,6,False,11564,Drake Maye,QB,NE,BUF,away,2026-10-04,13:00,48.5,outdoors,,,20.53,Sleeper raw-stat projection × league scoring + current usage + OL health + injury ripple,11.9,5.0,B-,,,,1,,17.8,17.3,19.51,0.5,0.0,9,,,,,20.01,0.41,2026,STABLE,3,3,3,81.0,93.7,93.7,0.0,5.0,0.0,2.0,20.42,-0.34,75.9,MINOR CONCERN,RG Greg Van Roten (UNAVAILABLE) | RT Morgan Moses (LIMITED),-0.45,-0.51,-0.0,20.08,0.0,LOW,no material weather signal,65.5,10.0,12.3,7.0,Open-Meteo game-time forecast,20.08,0.45,Top edge rusher OUT/IR: QB pressure environment improves,MEDIUM,20.53,0.0,0.0,,,,
1370218620990263296,12-Team Dynasty — One League to Rule Them All,6,False,11576,Braelon Allen,RB,NYJ,CHI,away,2026-10-04,13:00,43.5,outdoors,,,14.88,Sleeper raw-stat projection × league scoring + OL health + injury ripple,45.41,216.0,D-,,,,1,,7.1,6.6,13.13,0.5,0.0,9,,,,,13.63,0.0,2026,STABLE,3,3,3,52.0,41.0,41.0,1.67,6.33,8.0,0.0,13.63,-0.3,81.5,MINOR CONCERN,LG Dylan Parham (UNAVAILABLE),-0.25,-0.45,-0.0,13.33,0.0,LOW,no material weather signal,65.3,9.9,13.4,3.0,Open-Meteo game-time forecast,13.33,1.55,RB1 OUT/IR: backfield opportunity moves to RB2,HIGH,14.88,0.0,0.0,,,,
1370218620990263296,12-Team Dynasty — One League to Rule Them All,6,False,11783,Ryan Flournoy,WR,DAL,HOU,away,2026-10-04,13:00,48.5,,,,7.45,Sleeper raw-stat projection × league scoring + current usage,61.9,216.0,D-,,,,3,,7.1,8.6,8.14,-1.5,0.0,9,,,,,6.64,0.81,2026,STABLE,3,3,3,66.0,71.0,71.0,6.0,0.0,6.0,2.0,7.45,-0.0,100.0,HEALTHY,none,-0.0,-0.0,-0.0,7.45,0.0,LOW,no material weather signal,82.6,12.5,17.4,45.0,Open-Meteo game-time forecast,7.45,0.0,,,7.45,0.0,0.0,,,,
1370218620990263296,12-Team Dynasty — One League to Rule Them All,6,False,12489,RJ Harvey,RB,DEN,SF,away,2026-10-04,16:25,47.5,outdoors,,,10.35,Sleeper raw-stat projection × league scoring,33.85,133.2,C,Questionable,,QUESTIONABLE,2,,6.1,9.3,11.05,-0.7,2.5,9,,,,,10.35,0.0,2026,STABLE,3,2,2,36.0,43.5,43.5,5.5,2.5,8.0,0.0,10.35,-0.0,100.0,HEALTHY,none,-0.0,-0.0,-0.0,10.35,0.0,LOW,no material weather signal,,,,,schedule fallback,10.35,0.0,,,10.35,0.0,0.0,,,,
1370218620990263296,12-Team Dynasty — One League to Rule Them All,6,False,12506,Harold Fannin,TE,CLE,PIT,home,2026-10-01,20:15,38.5,outdoors,,,15.34,Sleeper raw-stat projection × league scoring + current usage + OL health,14.5,78.6,C-,,,,1,,10.2,10.2,14.41,0.0,0.0,10,,,,,14.41,1.22,2026,STABLE,3,3,3,86.0,84.7,84.7,6.0,0.0,6.0,3.0,15.63,-0.29,63.1,DEGRADED,C Elgton Jenkins (AT RISK) | RG Teven Jenkins (UNAVAILABLE) | RT Tytus Howard (AT RISK),-0.71,-0.76,-0.0,15.34,0.0,LOW,no material weather signal,76.9,8.9,18.8,4.0,Open-Meteo game-time forecast,15.34,0.0,,,15.34,0.0,0.0,,,,
1370218620990263296,12-Team Dynasty — One League to Rule Them All,6,False,12510,Jalen Milroe,QB,SEA,LAC,home,2026-10-04,16:25,42.5,outdoors,,,0.0,season-long ECR proxy,,,,Out,,OUT,3,,,,,,,,,,,,0.0,0.0,,,,,,,,,,,,,0.0,-0.0,100.0,HEALTHY,none,-0.0,-0.0,-0.0,0.0,0.0,LOW,no material weather signal,69.8,6.8,6.3,0.0,Open-Meteo game-time forecast,0.0,0.0,,,0.0,0.0,0.0,,,,
1370218620990263296,12-Team Dynasty — One League to Rule Them All,6,False,12529,TreVeyon Henderson,RB,NE,BUF,away,2026-10-04,13:00,48.5,outdoors,,,9.81,Sleeper raw-stat projection × league scoring + current usage + OL health,28.44,69.2,C,,,,1,,11.7,11.2,9.41,0.5,0.0,9,,,,,9.91,0.26,2026,STABLE,3,2,2,37.0,48.5,48.5,0.5,12.0,12.5,1.0,10.17,-0.36,75.9,MINOR CONCERN,RG Greg Van Roten (UNAVAILABLE) | RT Morgan Moses (LIMITED),-0.45,-0.51,-0.0,9.81,0.0,LOW,no material weather signal,65.5,10.0,12.3,7.0,Open-Meteo game-time forecast,9.81,0.0,,,9.81,0.0,0.0,,,,
1370218620990263296,12-Team Dynasty — One League to Rule Them All,6,False,13289,Drew Allar,QB,PIT,CLE,away,2026-10-01,20:15,38.5,outdoors,,,0.0,season-long ECR proxy + OL health,,,,Out,,OUT,4,,,,,,,,,,,,0.0,0.0,,,,,,,,,,,,,0.0,-0.26,90.0,HEALTHY,LT Troy Fautanu (AT RISK),-0.35,-0.11,-0.0,0.0,0.0,LOW,no material weather signal,76.9,8.9,18.8,4.0,Open-Meteo game-time forecast,0.0,0.0,,,0.0,0.0,0.0,,,,
1370218620990263296,12-Team Dynasty — One League to Rule Them All,6,False,13296,Caleb Douglas,WR,MIA,MIN,away,2026-10-04,16:05,38.5,dome,,,6.93,Sleeper raw-stat projection × league scoring + current usage,,175.25,,Out,,OUT,2,,0.0,,6.14,0.0,0.0,8,,,,,6.14,0.79,2026,STABLE,2,2,2,86.0,88.5,88.5,5.0,0.0,5.0,3.0,6.93,-0.0,100.0,HEALTHY,none,-0.0,-0.0,-0.0,6.93,0.0,INDOOR,indoor,,,,,indoor/no weather adjustment,6.93,0.0,,,6.93,0.0,0.0,,,,
1370218620990263296,12-Team Dynasty — One League to Rule Them All,6,False,13300,Le'Veon Moss,RB,,,,,,,,,,0.0,Sleeper raw-stat projection × league scoring,,,,NA,,,,,3.5,,0.0,0.0,0.0,1,,,,,0.0,0.0,,,,,,,,,,,,,0.0,0.0,,,,,,-0.0,0.0,0.0,,,,,,,,0.0,0.0,,,0.0,0.0,0.0,,,,
1370218620990263296,12-Team Dynasty — One League to Rule Them All,6,False,13314,Luke Altmyer,QB,DET,CAR,away,2026-10-04,20:20,50.5,outdoors,,,4.1,season-long ECR proxy,,,,,,,,,,,,,,,,,,,4.1,0.0,,,,,,,,,,,,,4.1,-0.0,100.0,HEALTHY,none,-0.0,-0.0,-0.0,4.1,0.0,LOW,no material weather signal,63.9,4.6,8.1,62.0,Open-Meteo game-time forecast,4.1,0.0,,,4.1,0.0,0.0,,,,
1370218620990263296,12-Team Dynasty — One League to Rule Them All,6,False,13337,Emmett Johnson,RB,KC,LV,away,2026-10-04,16:25,47.5,dome,,,3.58,Sleeper raw-stat projection × league scoring + OL health,39.85,185.0,D+,,,,2,,7.5,8.2,4.51,-0.7,0.0,9,,,,,3.81,0.0,2026,STABLE,3,3,3,27.0,27.0,27.0,1.33,5.33,6.67,0.0,3.81,-0.23,77.8,MINOR CONCERN,LT Josh Simmons (UNAVAILABLE),-0.78,-0.24,-0.0,3.58,0.0,INDOOR,indoor,,,,,indoor/no weather adjustment,3.58,0.0,,,3.58,0.0,0.0,,,,
1370218620990263296,12-Team Dynasty — One League to Rule Them All,6,False,13349,Eli Stowers,TE,PHI,LAR,home,2026-10-04,13:00,43.5,outdoors,,,0.0,season-long ECR proxy,,121.4,,IR,,IR/PUP,7,,,,,,,,,,,,0.0,0.0,,,,,,,,,,,,,0.0,-0.0,100.0,HEALTHY,none,-0.0,-0.0,-0.0,0.0,0.0,LOW,no material weather signal,69.2,4.1,3.6,38.0,Open-Meteo game-time forecast,0.0,0.0,,,0.0,0.0,0.0,,,,
1370218620990263296,12-Team Dynasty — One League to Rule Them All,6,False,13411,Zavion Thomas,WR,CHI,NYJ,home,2026-10-04,13:00,43.5,outdoors,,,0.0,Sleeper raw-stat projection × league scoring + current usage + OL health,147.64,305.0,F,,,,5,,0.0,0.5,0.78,-0.5,0.0,9,,,,,0.28,-1.22,2026,STABLE,3,2,3,11.0,4.7,4.7,0.5,0.0,0.5,-3.0,0.0,-0.14,90.0,HEALTHY,LT Braxton Jones (AT RISK),-0.35,-0.11,-0.0,0.0,0.0,LOW,no material weather signal,65.3,9.9,13.4,3.0,Open-Meteo game-time forecast,0.0,0.0,,,0.0,0.0,0.0,,,,
1370218620990263296,12-Team Dynasty — One League to Rule Them All,6,False,13414,Kaelon Black,RB,SF,DEN,home,2026-10-04,16:25,47.5,outdoors,,,4.88,Sleeper raw-stat projection × league scoring + current usage + OL health,42.83,205.67,D,,,,2,,6.0,6.7,5.27,-0.7,0.0,9,,,,,4.57,0.41,2026,STABLE,3,3,3,15.0,30.3,30.3,0.67,8.33,9.0,1.0,4.98,-0.1,90.0,HEALTHY,LT Trent Williams (AT RISK),-0.35,-0.11,-0.0,4.88,0.0,LOW,no material weather signal,,,,,schedule fallback,4.88,0.0,,,4.88,0.0,0.0,,,,
1370218620990263296,12-Team Dynasty — One League to Rule Them All,6,False,13417,De'Zhaun Stribling,WR,SF,DEN,home,2026-10-04,16:25,47.5,outdoors,,,0.0,season-long ECR proxy + current usage + OL health,,131.4,,IR,,IR/PUP,11,,,,,,,,,,,,0.0,-0.16,2026,STABLE,1,0,1,32.0,32.0,32.0,0.0,0.0,0.0,-1.0,0.0,-0.14,90.0,HEALTHY,LT Trent Williams (AT RISK),-0.35,-0.11,-0.0,0.0,0.0,LOW,no material weather signal,,,,,schedule fallback,0.0,0.0,,,0.0,0.0,0.0,,,,
1370218620990263296,12-Team Dynasty — One League to Rule Them All,6,False,13420,Bryce Lance,WR,NO,ATL,home,2026-10-05,20:15,48.5,dome,,,0.74,Sleeper raw-stat projection × league scoring + current usage,86.57,173.5,F,,,,3,,4.2,5.7,1.83,-1.5,0.0,6,,,,,0.33,0.41,2026,STABLE,3,3,3,72.0,73.3,73.3,2.67,0.0,2.67,1.0,0.74,-0.0,100.0,HEALTHY,none,-0.0,-0.0,-0.0,0.74,0.0,INDOOR,indoor,,,,,indoor/no weather adjustment,0.74,0.0,,,0.74,0.0,0.0,,,,
1370218620990263296,12-Team Dynasty — One League to Rule Them All,6,False,13424,Seth McGowan,RB,IND,WAS,away,2026-10-04,09:30,47.5,outdoors,,,0.73,Sleeper raw-stat projection × league scoring + current usage,76.67,243.0,F,,,,2,,0.7,1.4,2.65,-0.7,0.0,9,,,,,1.95,-1.22,2026,STABLE,3,3,3,15.0,10.7,10.7,0.33,2.0,2.33,-3.0,0.73,-0.0,100.0,HEALTHY,none,-0.0,-0.0,-0.0,0.73,0.0,LOW,no material weather signal,62.9,3.4,5.8,44.0,Open-Meteo game-time forecast,0.73,0.0,,,0.73,0.0,0.0,,,,
1370218620990263296,12-Team Dynasty — One League to Rule Them All,6,False,3286,Demarcus Robinson,WR,SF,DEN,home,2026-10-04,16:25,47.5,outdoors,,,0.0,season-long ECR proxy + OL health,,,,IR,,IR/PUP,7,,,,,,,,,,,,0.0,0.0,2026,STABLE,2,2,2,31.0,47.0,47.0,3.0,0.0,3.0,0.0,0.0,-0.14,90.0,HEALTHY,LT Trent Williams (AT RISK),-0.35,-0.11,-0.0,0.0,0.0,LOW,no material weather signal,,,,,schedule fallback,0.0,0.0,,,0.0,0.0,0.0,,,,
1370218620990263296,12-Team Dynasty — One League to Rule Them All,6,False,4039,Cooper Kupp,WR,SEA,LAC,home,2026-10-04,16:25,42.5,outdoors,,,5.14,Sleeper raw-stat projection × league scoring + current usage,75.05,229.5,F,,,,3,,5.0,6.5,6.23,-1.5,0.0,8,,,,,4.73,0.41,2026,STABLE,3,3,3,67.0,62.7,62.7,3.33,0.0,3.33,1.0,5.14,-0.0,100.0,HEALTHY,none,-0.0,-0.0,-0.0,5.14,0.0,LOW,no material weather signal,69.8,6.8,6.3,0.0,Open-Meteo game-time forecast,5.14,0.0,,,5.14,0.0,0.0,,,,
1370218620990263296,12-Team Dynasty — One League to Rule Them All,6,False,6797,Justin Herbert,QB,LAC,SEA,away,2026-10-04,16:25,42.5,outdoors,,,16.33,Sleeper raw-stat projection × league scoring + current usage,13.95,16.6,C+,,,,1,,17.5,17.0,15.42,0.5,0.0,9,,,,,15.92,0.41,2026,STABLE,3,3,3,100.0,100.0,100.0,0.0,4.0,0.0,2.0,16.33,-0.0,100.0,HEALTHY,none,-0.0,-0.0,-0.0,16.33,0.0,LOW,no material weather signal,69.8,6.8,6.3,0.0,Open-Meteo game-time forecast,16.33,0.0,,,16.33,0.0,0.0,,,,
1370218620990263296,12-Team Dynasty — One League to Rule Them All,6,False,7553,Kyle Pitts,TE,ATL,NO,away,2026-10-05,20:15,48.5,dome,,,10.53,Sleeper raw-stat projection × league scoring + OL health + injury ripple,17.88,70.4,D,,,,1,,9.1,8.6,10.01,0.5,0.0,7,,,,,10.51,0.0,2026,STABLE,3,3,3,59.0,53.3,53.3,2.0,0.0,2.0,0.0,10.51,-0.23,73.3,DEGRADED,LT Jake Matthews (AT RISK) | C Ryan Neuzil (AT RISK) | RG Chris Lindstrom (AT RISK),-0.58,-0.51,-0.0,10.28,0.0,INDOOR,indoor,,,,,indoor/no weather adjustment,10.28,0.25,Starting linebacker QUESTIONABLE/DNP: TE coverage improves,MEDIUM,10.53,0.0,0.0,,,,
1370218620990263296,12-Team Dynasty — One League to Rule Them All,6,False,7569,Nico Collins,WR,HOU,DAL,home,2026-10-04,13:00,48.5,,,,20.23,Sleeper raw-stat projection × league scoring + current usage + OL health + injury ripple,,35.0,,Out,,OUT,1,,0.0,,18.48,0.0,0.0,9,,,,,18.48,0.49,2026,STABLE,1,1,1,72.0,72.0,72.0,10.0,1.0,10.0,3.0,18.97,-0.14,90.0,HEALTHY,RT Trent Brown (AT RISK),-0.35,-0.11,-0.0,18.83,0.0,LOW,no material weather signal,82.6,12.5,17.4,45.0,Open-Meteo game-time forecast,18.83,1.4,Opponent CB1 OUT/IR: projected WR1 coverage matchup improves (not confirmed shadow) | Starting safety OUT/IR: downfield coverage improves,MEDIUM,20.23,0.0,0.0,,,,
1370218620990263296,12-Team Dynasty — One League to Rule Them All,6,False,7571,Rashod Bateman,WR,BAL,TEN,home,2026-10-04,13:00,43.5,outdoors,,,7.97,Sleeper raw-stat projection × league scoring + current usage + OL health,33.22,205.33,C+,,,,2,,10.5,11.2,7.76,-0.7,0.0,9,,,,,7.06,1.22,2026,STABLE,3,3,3,88.0,86.3,86.3,4.33,0.0,4.33,3.0,8.28,-0.31,77.8,MINOR CONCERN,LT Ronnie Stanley (UNAVAILABLE),-0.78,-0.24,-0.0,7.97,0.0,LOW,no material weather signal,66.5,3.4,3.1,44.0,Open-Meteo game-time forecast,7.97,0.0,,,7.97,0.0,0.0,,,,
1370218620990263296,12-Team Dynasty — One League to Rule Them All,6,False,8134,Khalil Shakir,WR,BUF,NE,home,2026-10-04,13:00,48.5,outdoors,,,7.66,Sleeper raw-stat projection × league scoring + current usage + injury ripple,37.98,135.0,C,,,,2,,10.0,10.7,8.15,-0.7,0.0,9,,,,,7.45,0.41,2026,STABLE,3,3,3,73.0,58.3,58.3,5.0,0.0,5.0,1.0,7.86,-0.0,100.0,HEALTHY,none,-0.0,-0.0,-0.0,7.86,0.0,LOW,no material weather signal,65.5,10.0,12.3,7.0,Open-Meteo game-time forecast,7.86,-0.2,QB1 QUESTIONABLE/DNP: pass-catcher efficiency risk with backup QB,MEDIUM,7.66,0.0,0.0,,,,
1370218620990263296,12-Team Dynasty — One League to Rule Them All,6,False,8142,Alec Pierce,WR,IND,WAS,away,2026-10-04,09:30,47.5,outdoors,,,0.0,season-long ECR proxy,,86.2,,IR,,IR/PUP,9,,,,,,,,,,,,0.0,0.0,2026,STABLE,2,2,2,26.0,42.5,42.5,3.5,0.0,3.5,0.0,0.0,-0.0,100.0,HEALTHY,none,-0.0,-0.0,-0.0,0.0,0.0,LOW,no material weather signal,62.9,3.4,5.8,44.0,Open-Meteo game-time forecast,0.0,0.0,,,0.0,0.0,0.0,,,,
1370218620990263296,12-Team Dynasty — One League to Rule Them All,6,False,8148,Jameson Williams,WR,DET,CAR,away,2026-10-04,20:20,50.5,outdoors,,,12.09,Sleeper raw-stat projection × league scoring + current usage + injury ripple,25.46,65.6,B,,,,2,,11.8,11.9,10.79,-0.1,0.0,9,,,,,10.69,1.22,2026,STABLE,3,3,3,82.0,87.7,87.7,5.67,0.0,5.67,3.0,11.91,-0.0,100.0,HEALTHY,none,-0.0,-0.0,-0.0,11.91,0.0,LOW,no material weather signal,63.9,4.6,8.1,62.0,Open-Meteo game-time forecast,11.91,0.18,Opponent CB1 QUESTIONABLE/DNP: secondary WR matchup improves,MEDIUM,12.09,0.0,0.0,,,,
1370218620990263296,12-Team Dynasty — One League to Rule Them All,6,False,8155,Breece Hall,RB,NYJ,CHI,away,2026-10-04,13:00,43.5,outdoors,,,0.51,weekly projected points + current usage + OL health,12.56,45.0,B+,Out,,OUT,2,,,,,,,,,,,,0.0,0.81,2026,STABLE,3,3,3,48.0,57.0,57.0,3.33,17.0,20.33,2.0,0.81,-0.3,81.5,MINOR CONCERN,LG Dylan Parham (UNAVAILABLE),-0.25,-0.45,-0.0,0.51,0.0,LOW,no material weather signal,65.3,9.9,13.4,3.0,Open-Meteo game-time forecast,0.51,0.0,,,0.51,0.0,0.0,,,,
1370218620990263296,12-Team Dynasty — One League to Rule Them All,6,False,8172,Greg Dulcich,TE,MIA,MIN,away,2026-10-04,16:05,38.5,dome,,,8.85,Sleeper raw-stat projection × league scoring + current usage,30.19,193.67,F,,,,1,,6.5,6.5,8.04,0.0,0.0,7,,,,,8.04,0.81,2026,STABLE,3,3,3,70.0,69.3,69.3,4.0,0.0,4.0,2.0,8.85,-0.0,100.0,HEALTHY,none,-0.0,-0.0,-0.0,8.85,0.0,INDOOR,indoor,,,,,indoor/no weather adjustment,8.85,0.0,,,8.85,0.0,0.0,,,,
1370218620990263296,12-Team Dynasty — One League to Rule Them All,6,False,9228,Bryce Young,QB,CAR,DET,home,2026-10-04,20:20,50.5,outdoors,,,22.18,Sleeper raw-stat projection × league scoring + current usage + OL health,14.62,64.5,C,,,,1,,17.9,16.8,20.75,1.1,0.0,9,,,,,21.85,0.41,2026,STABLE,3,3,3,100.0,94.7,94.7,0.0,1.0,0.0,2.0,22.26,-0.08,91.7,HEALTHY,LG Damien Lewis (AT RISK),-0.11,-0.2,-0.0,22.18,0.0,LOW,no material weather signal,63.9,4.6,8.1,62.0,Open-Meteo game-time forecast,22.18,0.0,,,22.18,0.0,0.0,,,,
1370218620990263296,12-Team Dynasty — One League to Rule Them All,7,False,10232,Michael Wilson,WR,ARI,NYG,away,2026-10-04,13:00,44.5,outdoors,,,17.46,Sleeper raw-stat projection × league scoring + current usage + OL health + injury ripple,29.12,109.4,B-,,,,1,,11.9,11.4,14.38,0.5,0.0,9,,,,,14.88,1.62,2026,STABLE,3,3,3,93.0,90.7,90.7,10.33,0.0,10.33,4.0,16.5,-0.04,91.7,HEALTHY,RG Isaiah Adams (AT RISK),-0.11,-0.2,-0.0,16.46,0.0,LOW,no material weather signal,69.6,4.8,5.6,34.0,Open-Meteo game-time forecast,16.46,1.0,Opponent CB1 OUT/IR: projected WR1 coverage matchup improves (not confirmed shadow),MEDIUM,17.46,0.0,0.0,,,,
1370218620990263296,12-Team Dynasty — One League to Rule Them All,7,False,11565,J.J. McCarthy,QB,NYG,ARI,home,2026-10-04,13:00,44.5,outdoors,,,0.0,season-long ECR proxy + OL health,,126.33,,Out,,OUT,2,,,,,,,,,,,,0.0,0.0,,,,,,,,,,,,,0.0,-0.15,94.4,HEALTHY,LT Andrew Thomas (LIMITED),-0.2,-0.06,-0.0,0.0,0.0,LOW,no material weather signal,69.6,4.8,5.6,34.0,Open-Meteo game-time forecast,0.0,0.0,,,0.0,0.0,0.0,,,,
1370218620990263296,12-Team Dynasty — One League to Rule Them All,7,False,11597,Theo Johnson,TE,NYG,ARI,home,2026-10-04,13:00,44.5,outdoors,,,2.86,Sleeper raw-stat projection × league scoring + OL health,43.47,227.0,F,,,,2,,2.5,3.2,3.63,-0.7,0.0,7,,,,,2.93,0.0,2026,STABLE,3,2,3,17.0,30.3,30.3,2.5,0.0,2.5,0.0,2.93,-0.07,94.4,HEALTHY,LT Andrew Thomas (LIMITED),-0.2,-0.06,-0.0,2.86,0.0,LOW,no material weather signal,69.6,4.8,5.6,34.0,Open-Meteo game-time forecast,2.86,0.0,,,2.86,0.0,0.0,,,,
1370218620990263296,12-Team Dynasty — One League to Rule Them All,7,False,11620,Rome Odunze,WR,CHI,NYJ,home,2026-10-04,13:00,43.5,outdoors,,,9.6,Sleeper raw-stat projection × league scoring + current usage + OL health + injury ripple,49.88,64.0,C-,,,,1,,10.0,9.5,8.48,0.5,0.0,9,,,,,8.98,0.81,2026,STABLE,3,3,3,85.0,72.3,72.3,4.33,0.0,4.33,2.0,9.79,-0.14,90.0,HEALTHY,LT Braxton Jones (AT RISK),-0.35,-0.11,-0.0,9.65,0.0,LOW,no material weather signal,65.3,9.9,13.4,3.0,Open-Meteo game-time forecast,9.65,-0.05,QB1 OUT/IR: pass-catcher efficiency risk with backup QB | Starting safety OUT/IR: downfield coverage improves,MEDIUM,9.6,0.0,0.0,,,,
1370218620990263296,12-Team Dynasty — One League to Rule Them All,7,False,11627,Troy Franklin,WR,DEN,SF,away,2026-10-04,16:25,47.5,outdoors,,,0.0,Sleeper raw-stat projection × league scoring + current usage,90.97,172.25,F,,,,4,,4.3,5.8,2.44,-1.5,0.0,9,,,,,0.94,-1.22,2026,STABLE,3,3,3,18.0,24.0,24.0,1.33,0.33,1.33,-3.0,0.0,-0.0,100.0,HEALTHY,none,-0.0,-0.0,-0.0,0.0,0.0,LOW,no material weather signal,,,,,schedule fallback,0.0,0.0,,,0.0,0.0,0.0,,,,
1370218620990263296,12-Team Dynasty — One League to Rule Them All,7,False,11638,Ricky Pearsall,WR,SF,DEN,home,2026-10-04,16:25,47.5,outdoors,,,0.0,season-long ECR proxy + OL health,,133.0,,IR,,IR/PUP,10,,,,,,,,,,,,0.0,0.0,,,,,,,,,,,,,0.0,-0.14,90.0,HEALTHY,LT Trent Williams (AT RISK),-0.35,-0.11,-0.0,0.0,0.0,LOW,no material weather signal,,,,,schedule fallback,0.0,0.0,,,0.0,0.0,0.0,,,,
1370218620990263296,12-Team Dynasty — One League to Rule Them All,7,False,11647,Kimani Vidal,RB,LAC,SEA,away,2026-10-04,16:25,42.5,outdoors,,,0.0,Sleeper raw-stat projection × league scoring + current usage,69.03,220.5,F,,,,3,,0.7,2.2,1.67,-1.5,0.0,9,,,,,0.17,-1.22,2026,STABLE,3,2,3,25.0,14.0,14.0,1.5,0.5,2.0,-3.0,0.0,-0.0,100.0,HEALTHY,none,-0.0,-0.0,-0.0,0.0,0.0,LOW,no material weather signal,69.8,6.8,6.3,0.0,Open-Meteo game-time forecast,0.0,0.0,,,0.0,0.0,0.0,,,,
1370218620990263296,12-Team Dynasty — One League to Rule Them All,7,False,12509,Tre' Harris,WR,LAC,SEA,away,2026-10-04,16:25,42.5,outdoors,,,6.24,Sleeper raw-stat projection × league scoring + current usage,60.55,160.25,D-,,,,3,,6.6,8.1,6.93,-1.5,0.0,9,,,,,5.43,0.81,2026,STABLE,3,3,3,58.0,71.7,71.7,5.33,0.0,5.33,2.0,6.24,-0.0,100.0,HEALTHY,none,-0.0,-0.0,-0.0,6.24,0.0,LOW,no material weather signal,69.8,6.8,6.3,0.0,Open-Meteo game-time forecast,6.24,0.0,,,6.24,0.0,0.0,,,,
1370218620990263296,12-Team Dynasty — One League to Rule Them All,7,False,12547,Kyle Williams,WR,NE,BUF,away,2026-10-04,13:00,48.5,outdoors,,,0.47,Sleeper raw-stat projection × league scoring + current usage + OL health,96.03,210.75,F,,,,4,,3.8,5.3,3.37,-1.5,0.0,9,,,,,1.87,-1.22,2026,STABLE,3,3,3,35.0,24.0,24.0,1.67,0.0,1.67,-3.0,0.65,-0.18,75.9,MINOR CONCERN,RG Greg Van Roten (UNAVAILABLE) | RT Morgan Moses (LIMITED),-0.45,-0.51,-0.0,0.47,0.0,LOW,no material weather signal,65.5,10.0,12.3,7.0,Open-Meteo game-time forecast,0.47,0.0,,,0.47,0.0,0.0,,,,
1370218620990263296,12-Team Dynasty — One League to Rule Them All,7,False,13274,Germie Bernard,WR,PIT,CLE,away,2026-10-01,20:15,38.5,outdoors,,,0.53,Sleeper raw-stat projection × league scoring + current usage + OL health,77.41,183.25,F,,,,4,,4.3,6.3,2.26,-2.0,0.0,9,,,,,0.26,0.41,2026,STABLE,3,2,3,27.0,36.7,36.7,4.5,0.0,4.5,1.0,0.67,-0.14,90.0,HEALTHY,LT Troy Fautanu (AT RISK),-0.35,-0.11,-0.0,0.53,0.0,LOW,no material weather signal,76.9,8.9,18.8,4.0,Open-Meteo game-time forecast,0.53,0.0,,,0.53,0.0,0.0,,,,
1370218620990263296,12-Team Dynasty — One League to Rule Them All,7,False,13308,Bauer Sharp,TE,TB,GB,home,2026-10-04,13:00,39.5,outdoors,,,0.0,Sleeper raw-stat projection × league scoring + current usage,98.0,,F,,,,3,,0.0,0.6,0.1,-0.6,0.0,4,,,,,0.0,-1.22,2026,STABLE,3,2,3,9.0,5.3,5.3,0.0,0.0,0.0,-3.0,0.0,-0.0,100.0,HEALTHY,none,-0.0,-0.0,-0.0,0.0,0.0,LOW,no material weather signal,90.8,9.6,11.2,2.0,Open-Meteo game-time forecast,0.0,0.0,,,0.0,0.0,0.0,,,,
1370218620990263296,12-Team Dynasty — One League to Rule Them All,7,False,13333,Deion Burks,WR,IND,WAS,away,2026-10-04,09:30,47.5,outdoors,,,0.0,Sleeper raw-stat projection × league scoring + current usage,133.69,,F,,,,6,,0.0,1.2,0.23,-1.2,0.0,6,,,,,0.0,-1.22,2026,STABLE,3,1,3,14.0,6.3,6.3,0.0,2.0,0.0,-3.0,0.0,-0.0,100.0,HEALTHY,none,-0.0,-0.0,-0.0,0.0,0.0,LOW,no material weather signal,62.9,3.4,5.8,44.0,Open-Meteo game-time forecast,0.0,0.0,,,0.0,0.0,0.0,,,,
1370218620990263296,12-Team Dynasty — One League to Rule Them All,7,False,13348,J'Mari Taylor,RB,JAX,CIN,away,2026-10-04,13:00,51.5,outdoors,,,9.02,season-long ECR proxy + OL health,,265.5,,,,,,,,,,,,,,,,,9.12,0.0,,,,,,,,,,,,,9.12,-0.1,90.0,HEALTHY,LT Anton Harrison (AT RISK),-0.35,-0.11,-0.0,9.02,0.0,LOW,no material weather signal,71.3,4.7,6.0,21.0,Open-Meteo game-time forecast,9.02,0.0,,,9.02,0.0,0.0,,,,
1370218620990263296,12-Team Dynasty — One League to Rule Them All,7,False,13350,Joe Fagnano,QB,BAL,TEN,home,2026-10-04,13:00,43.5,outdoors,,,0.0,season-long ECR proxy + OL health,,,,Out,,OUT,4,,,,,,,,,,,,0.0,0.0,,,,,,,,,,,,,0.0,-0.58,77.8,MINOR CONCERN,LT Ronnie Stanley (UNAVAILABLE),-0.78,-0.24,-0.0,0.0,0.0,LOW,no material weather signal,66.5,3.4,3.1,44.0,Open-Meteo game-time forecast,0.0,0.0,,,0.0,0.0,0.0,,,,
1370218620990263296,12-Team Dynasty — One League to Rule Them All,7,False,13380,Brenen Thompson,WR,LAC,SEA,away,2026-10-04,16:25,42.5,outdoors,,,1.6,Sleeper raw-stat projection × league scoring + current usage,,227.5,,Out,,OUT,4,,0.0,,2.13,0.0,0.0,6,,,,,2.13,-0.53,2026,STABLE,2,1,2,18.0,18.0,18.0,3.0,0.0,3.0,-2.0,1.6,-0.0,100.0,HEALTHY,none,-0.0,-0.0,-0.0,1.6,0.0,LOW,no material weather signal,69.8,6.8,6.3,0.0,Open-Meteo game-time forecast,1.6,0.0,,,1.6,0.0,0.0,,,,
1370218620990263296,12-Team Dynasty — One League to Rule Them All,7,False,13404,Garrett Nussmeier,QB,KC,LV,away,2026-10-04,16:25,47.5,dome,,,0.0,season-long ECR proxy + OL health,,,,Out,,OUT,3,,,,,,,,,,,,0.0,0.0,,,,,,,,,,,,,0.0,-0.58,77.8,MINOR CONCERN,LT Josh Simmons (UNAVAILABLE),-0.78,-0.24,-0.0,0.0,0.0,INDOOR,indoor,,,,,indoor/no weather adjustment,0.0,0.0,,,0.0,0.0,0.0,,,,
1370218620990263296,12-Team Dynasty — One League to Rule Them All,7,False,13422,Jaren Kanak,TE,TEN,BAL,away,2026-10-04,13:00,43.5,outdoors,,,0.0,season-long ECR proxy + OL health,,304.0,,IR,,IR/PUP,6,,,,,,,,,,,,0.0,0.0,,,,,,,,,,,,,0.0,-0.12,81.5,MINOR CONCERN,RG Fernando Carmona (UNAVAILABLE),-0.25,-0.45,-0.0,0.0,0.0,LOW,no material weather signal,66.5,3.4,3.1,44.0,Open-Meteo game-time forecast,0.0,0.0,,,0.0,0.0,0.0,,,,
1370218620990263296,12-Team Dynasty — One League to Rule Them All,7,False,3163,Jared Goff,QB,DET,CAR,away,2026-10-04,20:20,50.5,outdoors,,,20.91,Sleeper raw-stat projection × league scoring + current usage,6.98,44.8,B+,,,,1,,19.8,18.7,19.4,1.1,0.0,9,,,,,20.5,0.41,2026,STABLE,3,3,3,100.0,100.0,100.0,0.0,3.0,0.0,2.0,20.91,-0.0,100.0,HEALTHY,none,-0.0,-0.0,-0.0,20.91,0.0,LOW,no material weather signal,63.9,4.6,8.1,62.0,Open-Meteo game-time forecast,20.91,0.0,,,20.91,0.0,0.0,,,,
1370218620990263296,12-Team Dynasty — One League to Rule Them All,7,False,4034,Christian McCaffrey,RB,SF,DEN,home,2026-10-04,16:25,47.5,outdoors,,,19.98,Sleeper raw-stat projection × league scoring + current usage + OL health,3.71,62.6,A,,,,1,,19.9,19.4,18.36,0.5,0.0,9,,,,,18.86,1.22,2026,STABLE,3,3,3,83.0,63.3,63.3,5.67,11.67,17.33,3.0,20.08,-0.1,90.0,HEALTHY,LT Trent Williams (AT RISK),-0.35,-0.11,-0.0,19.98,0.0,LOW,no material weather signal,,,,,schedule fallback,19.98,0.0,,,19.98,0.0,0.0,,,,
1370218620990263296,12-Team Dynasty — One League to Rule Them All,7,False,4881,Lamar Jackson,QB,BAL,TEN,home,2026-10-04,13:00,43.5,outdoors,,,24.02,Sleeper raw-stat projection × league scoring + current usage + OL health,2.19,9.8,A,,,,1,,23.5,23.0,23.69,0.5,0.0,9,,,,,24.19,0.41,2026,STABLE,3,3,3,100.0,100.0,100.0,0.0,5.67,0.0,2.0,24.6,-0.58,77.8,MINOR CONCERN,LT Ronnie Stanley (UNAVAILABLE),-0.78,-0.24,-0.0,24.02,0.0,LOW,no material weather signal,66.5,3.4,3.1,44.0,Open-Meteo game-time forecast,24.02,0.0,,,24.02,0.0,0.0,,,,
1370218620990263296,12-Team Dynasty — One League to Rule Them All,7,False,5012,Mark Andrews,TE,BAL,TEN,home,2026-10-04,13:00,43.5,outdoors,,,11.34,Sleeper raw-stat projection × league scoring + current usage + OL health,10.5,136.0,C+,Questionable,,QUESTIONABLE,1,,9.0,11.0,10.3,0.5,2.5,10,,,,,10.8,0.81,2026,STABLE,3,3,3,52.0,65.0,65.0,6.0,0.0,6.0,2.0,11.61,-0.27,77.8,MINOR CONCERN,LT Ronnie Stanley (UNAVAILABLE),-0.78,-0.24,-0.0,11.34,0.0,LOW,no material weather signal,66.5,3.4,3.1,44.0,Open-Meteo game-time forecast,11.34,0.0,,,11.34,0.0,0.0,,,,
1370218620990263296,12-Team Dynasty — One League to Rule Them All,7,False,6813,Jonathan Taylor,RB,IND,WAS,away,2026-10-04,09:30,47.5,outdoors,,,23.43,Sleeper raw-stat projection × league scoring + current usage,7.05,35.6,A,,,,1,,18.4,17.9,21.31,0.5,0.0,9,,,,,21.81,1.62,2026,STABLE,3,3,3,85.0,89.3,89.3,3.67,22.0,25.67,4.0,23.43,-0.0,100.0,HEALTHY,none,-0.0,-0.0,-0.0,23.43,0.0,LOW,no material weather signal,62.9,3.4,5.8,44.0,Open-Meteo game-time forecast,23.43,0.0,,,23.43,0.0,0.0,,,,
1370218620990263296,12-Team Dynasty — One League to Rule Them All,7,False,7021,Rico Dowdle,RB,PIT,CLE,away,2026-10-01,20:15,38.5,outdoors,,,0.16,season-long ECR proxy + current usage + OL health,,145.4,,Out,,OUT,2,,,,,,,,,,,,0.0,0.26,2026,STABLE,2,2,2,26.0,42.0,42.0,3.5,7.5,11.0,1.0,0.26,-0.1,90.0,HEALTHY,LT Troy Fautanu (AT RISK),-0.35,-0.11,-0.0,0.16,0.0,LOW,no material weather signal,76.9,8.9,18.8,4.0,Open-Meteo game-time forecast,0.16,0.0,,,0.16,0.0,0.0,,,,
1370218620990263296,12-Team Dynasty — One League to Rule Them All,7,False,7528,Najee Harris,RB,NYG,ARI,home,2026-10-04,13:00,44.5,outdoors,,,3.67,Sleeper raw-stat projection × league scoring + current usage + OL health,56.5,267.0,F,,,,2,,3.9,4.6,4.96,-0.7,0.0,9,,,,,4.26,-0.53,2026,STABLE,3,2,2,22.0,18.0,18.0,0.0,6.5,6.5,-2.0,3.73,-0.06,94.4,HEALTHY,LT Andrew Thomas (LIMITED),-0.2,-0.06,-0.0,3.67,0.0,LOW,no material weather signal,69.6,4.8,5.6,34.0,Open-Meteo game-time forecast,3.67,0.0,,,3.67,0.0,0.0,,,,
1370218620990263296,12-Team Dynasty — One League to Rule Them All,7,False,8130,Trey McBride,TE,ARI,NYG,away,2026-10-04,13:00,44.5,outdoors,,,23.03,Sleeper raw-stat projection × league scoring + current usage + OL health,1.0,29.8,A+,,,,1,,17.6,17.1,20.96,0.5,0.0,9,,,,,21.46,1.62,2026,STABLE,3,3,3,91.0,86.3,86.3,11.33,0.0,11.33,4.0,23.08,-0.05,91.7,HEALTHY,RG Isaiah Adams (AT RISK),-0.11,-0.2,-0.0,23.03,0.0,LOW,no material weather signal,69.6,4.8,5.6,34.0,Open-Meteo game-time forecast,23.03,0.0,,,23.03,0.0,0.0,,,,
1370218620990263296,12-Team Dynasty — One League to Rule Them All,7,False,8408,Jordan Mason,RB,MIN,MIA,home,2026-10-04,16:05,38.5,dome,,,0.22,season-long ECR proxy + current usage + OL health,,167.6,,IR,,IR/PUP,7,,,,,,,,,,,,0.0,0.32,2026,STABLE,1,1,1,45.0,45.0,45.0,0.0,15.0,15.0,2.0,0.32,-0.1,90.0,HEALTHY,LT Christian Darrisaw (AT RISK),-0.35,-0.11,-0.0,0.22,0.0,INDOOR,indoor,,,,,indoor/no weather adjustment,0.22,0.0,,,0.22,0.0,0.0,,,,
1370218620990263296,12-Team Dynasty — One League to Rule Them All,7,False,9506,Sean Tucker,RB,TB,GB,home,2026-10-04,13:00,39.5,outdoors,,,0.0,Sleeper raw-stat projection × league scoring + current usage,80.96,251.5,F,,,,3,,0.0,1.2,0.43,-1.2,0.0,9,,,,,0.0,-0.79,2026,STABLE,3,0,2,1.0,0.5,0.5,0.0,0.0,0.0,-3.0,0.0,-0.0,100.0,HEALTHY,none,-0.0,-0.0,-0.0,0.0,0.0,LOW,no material weather signal,90.8,9.6,11.2,2.0,Open-Meteo game-time forecast,0.0,0.0,,,0.0,0.0,0.0,,,,
1370218620990263296,12-Team Dynasty — One League to Rule Them All,7,False,9756,Jordan Addison,WR,MIN,MIA,home,2026-10-04,16:05,38.5,dome,,,11.76,Sleeper raw-stat projection × league scoring + current usage + OL health + injury ripple,41.56,96.0,C,,,,2,,9.3,10.5,10.78,-1.2,0.0,9,,,,,9.58,1.22,2026,STABLE,3,3,3,98.0,89.7,89.7,5.33,0.0,5.33,3.0,10.8,-0.14,90.0,HEALTHY,LT Christian Darrisaw (AT RISK),-0.35,-0.11,-0.0,10.66,0.0,INDOOR,indoor,,,,,indoor/no weather adjustment,10.66,1.1,WR1 OUT/IR: target concentration rises for next WR,HIGH,11.76,0.0,0.0,,,,
1370218620990263296,12-Team Dynasty — One League to Rule Them All,7,False,9997,Zay Flowers,WR,BAL,TEN,home,2026-10-04,13:00,43.5,outdoors,,,18.34,Sleeper raw-stat projection × league scoring + current usage + OL health + injury ripple,48.89,48.2,C-,,,,1,,9.3,8.8,17.78,0.5,0.0,9,,,,,18.28,0.26,2026,STABLE,3,2,2,33.0,31.0,31.0,6.0,0.5,6.0,1.0,18.54,-0.31,77.8,MINOR CONCERN,LT Ronnie Stanley (UNAVAILABLE),-0.78,-0.24,-0.0,18.23,0.0,LOW,no material weather signal,66.5,3.4,3.1,44.0,Open-Meteo game-time forecast,18.23,0.11,TE1 QUESTIONABLE/DNP: WR1 target share can rise,MEDIUM,18.34,0.0,0.0,,,,
1370218620990263296,12-Team Dynasty — One League to Rule Them All,8,False,10213,Tre Tucker,WR,LV,KC,home,2026-10-04,16:25,47.5,dome,,,9.8,Sleeper raw-stat projection × league scoring + current usage + OL health,43.76,193.0,C,,,,1,,10.4,9.9,8.53,0.5,0.0,9,,,,,9.03,0.81,2026,STABLE,3,3,3,57.0,62.3,62.3,5.0,0.0,5.0,2.0,9.84,-0.04,91.7,HEALTHY,RG Jackson Powers-Johnson (AT RISK),-0.11,-0.2,-0.0,9.8,0.0,INDOOR,indoor,,,,,indoor/no weather adjustment,9.8,0.0,,,9.8,0.0,0.0,,,,
1370218620990263296,12-Team Dynasty — One League to Rule Them All,8,False,10229,Rashee Rice,WR,KC,LV,away,2026-10-04,16:25,47.5,dome,,,15.38,Sleeper raw-stat projection × league scoring + current usage + OL health + injury ripple,19.24,55.2,A-,,,,1,,13.7,13.2,13.98,0.5,0.0,9,,,,,14.48,0.81,2026,STABLE,3,3,3,77.0,79.7,79.7,5.67,0.0,5.67,2.0,15.29,-0.31,77.8,MINOR CONCERN,LT Josh Simmons (UNAVAILABLE),-0.78,-0.24,-0.0,14.98,0.0,INDOOR,indoor,,,,,indoor/no weather adjustment,14.98,0.4,Starting safety OUT/IR: downfield coverage improves,MEDIUM,15.38,0.0,0.0,,,,
1370218620990263296,12-Team Dynasty — One League to Rule Them All,8,False,11563,Bo Nix,QB,DEN,SF,away,2026-10-04,16:25,47.5,outdoors,,,21.58,Sleeper raw-stat projection × league scoring + current usage,16.38,31.0,C-,,,,1,,17.1,16.6,20.67,0.5,0.0,9,,,,,21.17,0.41,2026,STABLE,3,3,3,100.0,100.0,100.0,0.0,4.0,0.0,2.0,21.58,-0.0,100.0,HEALTHY,none,-0.0,-0.0,-0.0,21.58,0.0,LOW,no material weather signal,,,,,schedule fallback,21.58,0.0,,,21.58,0.0,0.0,,,,
1370218620990263296,12-Team Dynasty — One League to Rule Them All,8,False,11632,Malik Nabers,WR,NYG,ARI,home,2026-10-04,13:00,44.5,outdoors,,,15.11,Sleeper raw-stat projection × league scoring + current usage + OL health,19.98,19.6,A-,,,,1,,13.5,13.0,13.88,0.5,0.0,9,,,,,14.38,0.81,2026,STABLE,3,3,3,78.0,68.0,68.0,6.33,0.0,6.33,2.0,15.19,-0.08,94.4,HEALTHY,LT Andrew Thomas (LIMITED),-0.2,-0.06,-0.0,15.11,0.0,LOW,no material weather signal,69.6,4.8,5.6,34.0,Open-Meteo game-time forecast,15.11,0.0,,,15.11,0.0,0.0,,,,
1370218620990263296,12-Team Dynasty — One League to Rule Them All,8,False,12455,Brashard Smith,RB,KC,LV,away,2026-10-04,16:25,47.5,dome,,,0.0,Sleeper raw-stat projection × league scoring + current usage + OL health,83.35,273.75,F,,,,3,,0.0,1.1,0.3,-1.1,0.0,9,,,,,0.0,-1.22,2026,STABLE,3,2,3,8.0,2.7,2.7,0.5,0.0,0.5,-3.0,0.0,-0.23,77.8,MINOR CONCERN,LT Josh Simmons (UNAVAILABLE),-0.78,-0.24,-0.0,0.0,0.0,INDOOR,indoor,,,,,indoor/no weather adjustment,0.0,0.0,,,0.0,0.0,0.0,,,,
1370218620990263296,12-Team Dynasty — One League to Rule Them All,8,False,12471,DJ Giddens,RB,IND,WAS,away,2026-10-04,09:30,47.5,outdoors,,,0.0,season-long ECR proxy,,268.25,,Out,,OUT,3,,,,,,,,,,,,0.0,0.0,,,,,,,,,,,,,0.0,-0.0,100.0,HEALTHY,none,-0.0,-0.0,-0.0,0.0,0.0,LOW,no material weather signal,62.9,3.4,5.8,44.0,Open-Meteo game-time forecast,0.0,0.0,,,0.0,0.0,0.0,,,,
1370218620990263296,12-Team Dynasty — One League to Rule Them All,8,False,12474,Woody Marks,RB,HOU,DAL,home,2026-10-04,13:00,48.5,,,,8.14,Sleeper raw-stat projection × league scoring + current usage + OL health,34.59,169.0,C,,,,2,,8.1,8.8,8.53,-0.7,0.0,9,,,,,7.83,0.41,2026,STABLE,3,3,3,37.0,45.3,45.3,2.67,7.33,10.0,1.0,8.24,-0.1,90.0,HEALTHY,RT Trent Brown (AT RISK),-0.35,-0.11,-0.0,8.14,0.0,LOW,no material weather signal,82.6,12.5,17.4,45.0,Open-Meteo game-time forecast,8.14,0.0,,,8.14,0.0,0.0,,,,
1370218620990263296,12-Team Dynasty — One League to Rule Them All,8,False,12476,Devin Neal,RB,MIN,MIA,home,2026-10-04,16:05,38.5,dome,,,6.07,season-long ECR proxy + OL health,,251.67,,Questionable,,QUESTIONABLE,,,,,,,,,,,,,6.17,0.0,,,,,,,,,,,,,6.17,-0.1,90.0,HEALTHY,LT Christian Darrisaw (AT RISK),-0.35,-0.11,-0.0,6.07,0.0,INDOOR,indoor,,,,,indoor/no weather adjustment,6.07,0.0,,,6.07,0.0,0.0,,,,
1370218620990263296,12-Team Dynasty — One League to Rule Them All,8,False,12492,Pat Bryant,WR,DEN,SF,away,2026-10-04,16:25,47.5,outdoors,,,6.39,Sleeper raw-stat projection × league scoring + current usage,64.85,167.25,F,,,,3,,6.5,8.0,7.48,-1.5,0.0,9,,,,,5.98,0.41,2026,STABLE,3,3,3,70.0,65.0,65.0,3.0,0.33,3.0,1.0,6.39,-0.0,100.0,HEALTHY,none,-0.0,-0.0,-0.0,6.39,0.0,LOW,no material weather signal,,,,,schedule fallback,6.39,0.0,,,6.39,0.0,0.0,,,,
1370218620990263296,12-Team Dynasty — One League to Rule Them All,8,False,12501,Matthew Golden,WR,GB,TB,away,2026-10-04,13:00,39.5,outdoors,,,12.86,Sleeper raw-stat projection × league scoring + current usage + OL health,20.61,127.0,A-,,,,2,,12.0,12.7,12.08,-0.7,0.0,9,,,,,11.38,1.62,2026,STABLE,3,3,3,82.0,83.3,83.3,10.0,0.0,10.0,4.0,13.0,-0.14,73.1,DEGRADED,LG Aaron Banks (UNAVAILABLE) | RG Jacob Monk (AT RISK),-0.36,-0.65,-0.0,12.86,0.0,LOW,no material weather signal,90.8,9.6,11.2,2.0,Open-Meteo game-time forecast,12.86,0.0,,,12.86,0.0,0.0,,,,
1370218620990263296,12-Team Dynasty — One League to Rule Them All,8,False,12530,Travis Hunter,DB,JAX,CIN,away,2026-10-04,13:00,51.5,outdoors,,,0.75,Sleeper raw-stat projection × league scoring,108.71,168.4,F,,,,5,,2.8,3.7,1.65,-0.9,0.0,9,,,,,0.75,0.0,,,,,,,,,,,,,0.75,0.0,90.0,HEALTHY,LT Anton Harrison (AT RISK),-0.35,-0.11,-0.0,0.75,0.0,LOW,no material weather signal,71.3,4.7,6.0,21.0,Open-Meteo game-time forecast,0.75,0.0,,,0.75,0.0,0.0,,,,
1370218620990263296,12-Team Dynasty — One League to Rule Them All,8,False,12545,Tyler Shough,QB,NO,ATL,home,2026-10-05,20:15,48.5,dome,,,21.31,Sleeper raw-stat projection × league scoring + current usage,9.55,62.6,B,,,,1,,18.4,17.9,20.4,0.5,0.0,9,,,,,20.9,0.41,2026,STABLE,3,3,3,100.0,100.0,100.0,0.0,4.67,0.0,2.0,21.31,-0.0,100.0,HEALTHY,none,-0.0,-0.0,-0.0,21.31,0.0,INDOOR,indoor,,,,,indoor/no weather adjustment,21.31,0.0,,,21.31,0.0,0.0,,,,
1370218620990263296,12-Team Dynasty — One League to Rule Them All,8,False,13477,Colbie Young,WR,CIN,JAX,home,2026-10-04,13:00,51.5,outdoors,,,0.0,weekly projected points + current usage,108.62,,F,Out,,OUT,4,,,,,,,,,,,,0.0,-1.22,2026,STABLE,3,2,3,2.0,11.0,11.0,1.0,0.0,1.0,-3.0,0.0,-0.0,100.0,HEALTHY,none,-0.0,-0.0,-0.0,0.0,0.0,LOW,no material weather signal,71.3,4.7,6.0,21.0,Open-Meteo game-time forecast,0.0,0.0,,,0.0,0.0,0.0,,,,
1370218620990263296,12-Team Dynasty — One League to Rule Them All,8,False,1479,Keenan Allen,WR,IND,WAS,away,2026-10-04,09:30,47.5,outdoors,,,8.65,Sleeper raw-stat projection × league scoring + current usage,54.63,226.33,D+,,,,2,,8.3,9.0,8.54,-0.7,0.0,6,,,,,7.84,0.81,2026,STABLE,3,3,3,73.0,63.7,63.7,6.67,0.0,6.67,2.0,8.65,-0.0,100.0,HEALTHY,none,-0.0,-0.0,-0.0,8.65,0.0,LOW,no material weather signal,62.9,3.4,5.8,44.0,Open-Meteo game-time forecast,8.65,0.0,,,8.65,0.0,0.0,,,,
1370218620990263296,12-Team Dynasty — One League to Rule Them All,8,False,4199,Aaron Jones,RB,MIN,MIA,home,2026-10-04,16:05,38.5,dome,,,15.01,Sleeper raw-stat projection × league scoring + current usage + OL health,20.76,189.4,B,,,,1,,12.8,12.8,13.89,0.0,0.0,9,,,,,13.89,1.22,2026,STABLE,3,3,3,80.0,69.0,69.0,2.33,17.33,19.67,3.0,15.11,-0.1,90.0,HEALTHY,LT Christian Darrisaw (AT RISK),-0.35,-0.11,-0.0,15.01,0.0,INDOOR,indoor,,,,,indoor/no weather adjustment,15.01,0.0,,,15.01,0.0,0.0,,,,
1370218620990263296,12-Team Dynasty — One League to Rule Them All,8,False,4217,George Kittle,TE,SF,DEN,home,2026-10-04,16:25,47.5,outdoors,,,14.85,Sleeper raw-stat projection × league scoring + current usage + OL health + injury ripple,7.3,107.8,B,,,,1,,12.6,12.1,13.56,0.5,0.0,7,,,,,14.06,0.41,2026,STABLE,3,3,3,85.0,59.7,59.7,5.33,0.0,5.33,1.0,14.47,-0.12,90.0,HEALTHY,LT Trent Williams (AT RISK),-0.35,-0.11,-0.0,14.35,0.0,LOW,no material weather signal,,,,,schedule fallback,14.35,0.5,WR1 OUT/IR: TE target share can rise,MEDIUM,14.85,0.0,0.0,,,,
1370218620990263296,12-Team Dynasty — One League to Rule Them All,8,False,4993,Mike Gesicki,TE,CIN,JAX,home,2026-10-04,13:00,51.5,outdoors,,,10.77,Sleeper raw-stat projection × league scoring + current usage,27.53,265.0,F,,,,1,,7.7,6.6,9.26,1.1,0.0,7,,,,,10.36,0.41,2026,STABLE,3,2,3,51.0,39.7,39.7,5.0,0.0,5.0,1.0,10.77,-0.0,100.0,HEALTHY,none,-0.0,-0.0,-0.0,10.77,0.0,LOW,no material weather signal,71.3,4.7,6.0,21.0,Open-Meteo game-time forecast,10.77,0.0,,,10.77,0.0,0.0,,,,
1370218620990263296,12-Team Dynasty — One League to Rule Them All,8,False,6803,Brandon Aiyuk,WR,SF,DEN,home,2026-10-04,16:25,47.5,outdoors,,,13.22,season-long ECR proxy + OL health,,162.5,,DNR,,,9,,,,,,,,,,,,13.36,0.0,,,,,,,,,,,,,13.36,-0.14,90.0,HEALTHY,LT Trent Williams (AT RISK),-0.35,-0.11,-0.0,13.22,0.0,LOW,no material weather signal,,,,,schedule fallback,13.22,0.0,,,13.22,0.0,0.0,,,,
1370218620990263296,12-Team Dynasty — One League to Rule Them All,8,False,7588,Javonte Williams,RB,DAL,HOU,away,2026-10-04,13:00,48.5,,,,16.54,Sleeper raw-stat projection × league scoring + current usage,14.68,79.2,B,,,,1,,15.5,15.0,14.82,0.5,0.0,9,,,,,15.32,1.22,2026,STABLE,3,3,3,76.0,75.7,75.7,4.0,14.33,18.33,3.0,16.54,-0.0,100.0,HEALTHY,none,-0.0,-0.0,-0.0,16.54,0.0,LOW,no material weather signal,82.6,12.5,17.4,45.0,Open-Meteo game-time forecast,16.54,0.0,,,16.54,0.0,0.0,,,,
1370218620990263296,12-Team Dynasty — One League to Rule Them All,8,False,7828,Noah Gray,TE,KC,LV,away,2026-10-04,16:25,47.5,dome,,,2.69,Sleeper raw-stat projection × league scoring + current usage + OL health,42.19,,F,,,,2,,2.8,3.5,4.07,-0.7,0.0,7,,,,,3.37,-0.41,2026,STABLE,3,3,3,63.0,56.0,56.0,1.67,0.0,1.67,-1.0,2.96,-0.27,77.8,MINOR CONCERN,LT Josh Simmons (UNAVAILABLE),-0.78,-0.24,-0.0,2.69,0.0,INDOOR,indoor,,,,,indoor/no weather adjustment,2.69,0.0,,,2.69,0.0,0.0,,,,
1370218620990263296,12-Team Dynasty — One League to Rule Them All,8,False,8111,Cade Otton,TE,TB,GB,home,2026-10-04,13:00,39.5,outdoors,,,9.98,Sleeper raw-stat projection × league scoring + current usage + injury ripple,25.95,207.0,F,,,,1,,7.6,7.1,8.71,0.5,0.0,7,,,,,9.21,1.22,2026,STABLE,3,3,3,94.0,93.7,93.7,5.67,0.0,5.67,3.0,10.43,-0.0,100.0,HEALTHY,none,-0.0,-0.0,-0.0,10.43,0.0,LOW,no material weather signal,90.8,9.6,11.2,2.0,Open-Meteo game-time forecast,10.43,-0.45,QB1 OUT/IR: pass-catcher efficiency risk with backup QB,MEDIUM,9.98,0.0,0.0,,,,
1370218620990263296,12-Team Dynasty — One League to Rule Them All,8,False,8117,Jalen Tolbert,WR,MIA,MIN,away,2026-10-04,16:05,38.5,dome,,,0.0,Sleeper raw-stat projection × league scoring + current usage,111.7,230.5,F,,,,4,,1.2,3.2,0.35,-2.0,0.0,6,,,,,0.0,-0.49,2026,STABLE,3,0,1,16.0,16.0,16.0,0.0,0.0,0.0,-3.0,0.0,-0.0,100.0,HEALTHY,none,-0.0,-0.0,-0.0,0.0,0.0,INDOOR,indoor,,,,,indoor/no weather adjustment,0.0,0.0,,,0.0,0.0,0.0,,,,
1370218620990263296,12-Team Dynasty — One League to Rule Them All,8,False,8121,Romeo Doubs,WR,NE,BUF,away,2026-10-04,13:00,48.5,outdoors,,,10.27,Sleeper raw-stat projection × league scoring + current usage + OL health + injury ripple,34.05,128.25,C+,,,,1,,11.7,11.2,8.94,0.5,0.0,6,,,,,9.44,0.41,2026,STABLE,3,3,3,73.0,65.3,65.3,3.67,0.0,3.67,1.0,9.85,-0.18,75.9,MINOR CONCERN,RG Greg Van Roten (UNAVAILABLE) | RT Morgan Moses (LIMITED),-0.45,-0.51,-0.0,9.67,0.0,LOW,no material weather signal,65.5,10.0,12.3,7.0,Open-Meteo game-time forecast,9.67,0.6,Opponent CB1 QUESTIONABLE/DNP: projected WR1 coverage matchup improves (not confirmed shadow) | Top edge rusher OUT/IR: more time helps primary WR routes,MEDIUM,10.27,0.0,0.0,,,,
1370218620990263296,12-Team Dynasty — One League to Rule Them All,8,False,8138,James Cook,RB,BUF,NE,home,2026-10-04,13:00,48.5,outdoors,,,18.64,Sleeper raw-stat projection × league scoring + current usage,8.66,25.6,A,,,,1,,17.2,16.7,16.92,0.5,0.0,9,,,,,17.42,1.22,2026,STABLE,3,3,3,67.0,71.0,71.0,2.67,19.33,22.0,3.0,18.64,-0.0,100.0,HEALTHY,none,-0.0,-0.0,-0.0,18.64,0.0,LOW,no material weather signal,65.5,10.0,12.3,7.0,Open-Meteo game-time forecast,18.64,0.0,,,18.64,0.0,0.0,,,,
1370218620990263296,12-Team Dynasty — One League to Rule Them All,8,False,8144,Chris Olave,WR,NO,ATL,home,2026-10-05,20:15,48.5,dome,,,20.92,Sleeper raw-stat projection × league scoring + current usage,5.56,33.0,A+,,,,1,,17.8,17.3,18.8,0.5,0.0,9,,,,,19.3,1.62,2026,STABLE,3,3,3,84.0,84.7,84.7,12.0,0.0,12.0,4.0,20.92,-0.0,100.0,HEALTHY,none,-0.0,-0.0,-0.0,20.92,0.0,INDOOR,indoor,,,,,indoor/no weather adjustment,20.92,0.0,,,20.92,0.0,0.0,,,,
1370218620990263296,12-Team Dynasty — One League to Rule Them All,8,False,8154,Brian Robinson,RB,ATL,NO,away,2026-10-05,20:15,48.5,dome,,,3.5,Sleeper raw-stat projection × league scoring + current usage + OL health,57.38,207.0,F,,,,2,,4.1,4.8,4.16,-0.7,0.0,9,,,,,3.46,0.41,2026,STABLE,3,3,3,27.0,33.3,33.3,0.67,10.0,10.67,1.0,3.87,-0.37,73.3,DEGRADED,LT Jake Matthews (AT RISK) | C Ryan Neuzil (AT RISK) | RG Chris Lindstrom (AT RISK),-0.58,-0.51,-0.0,3.5,0.0,INDOOR,indoor,,,,,indoor/no weather adjustment,3.5,0.0,,,3.5,0.0,0.0,,,,
1370218620990263296,12-Team Dynasty — One League to Rule Them All,8,False,8161,Malik Willis,QB,MIA,MIN,away,2026-10-04,16:05,38.5,dome,,,13.41,Sleeper raw-stat projection × league scoring + current usage,22.95,78.4,D-,,,,1,,14.7,14.7,13.0,0.0,0.0,9,,,,,13.0,0.41,2026,STABLE,3,3,3,100.0,100.0,100.0,0.0,5.67,0.0,2.0,13.41,-0.0,100.0,HEALTHY,none,-0.0,-0.0,-0.0,13.41,0.0,INDOOR,indoor,,,,,indoor/no weather adjustment,13.41,0.0,,,13.41,0.0,0.0,,,,
1370218620990263296,12-Team Dynasty — One League to Rule Them All,8,False,8180,Jalen Nailor,WR,LV,KC,home,2026-10-04,16:25,47.5,dome,,,5.38,Sleeper raw-stat projection × league scoring + OL health,68.85,183.67,F,,,,2,,6.7,7.4,6.12,-0.7,0.0,9,,,,,5.42,0.0,2026,STABLE,3,3,3,57.0,59.0,59.0,3.67,0.0,3.67,0.0,5.42,-0.04,91.7,HEALTHY,RG Jackson Powers-Johnson (AT RISK),-0.11,-0.2,-0.0,5.38,0.0,INDOOR,indoor,,,,,indoor/no weather adjustment,5.38,0.0,,,5.38,0.0,0.0,,,,
1370218620990263296,12-Team Dynasty — One League to Rule Them All,8,False,8698,Jake Tonges,TE,SF,DEN,home,2026-10-04,16:25,47.5,outdoors,,,0.0,season-long ECR proxy + current usage + OL health,,307.0,,IR,,IR/PUP,4,,,,,,,,,,,,0.0,-0.49,2026,STABLE,1,0,1,12.0,12.0,12.0,0.0,0.0,0.0,-3.0,0.0,-0.12,90.0,HEALTHY,LT Trent Williams (AT RISK),-0.35,-0.11,-0.0,0.0,0.0,LOW,no material weather signal,,,,,schedule fallback,0.0,0.0,,,0.0,0.0,0.0,,,,
1370218620990263296,12-Team Dynasty — One League to Rule Them All,8,False,9509,Bijan Robinson,RB,ATL,NO,away,2026-10-05,20:15,48.5,dome,,,23.43,Sleeper raw-stat projection × league scoring + current usage + OL health + injury ripple,3.27,9.4,A+,,,,1,,20.8,20.3,21.92,0.5,0.0,9,,,,,22.42,1.22,2026,STABLE,3,3,3,72.0,66.7,66.7,5.33,22.0,27.33,3.0,23.64,-0.37,73.3,DEGRADED,LT Jake Matthews (AT RISK) | C Ryan Neuzil (AT RISK) | RG Chris Lindstrom (AT RISK),-0.58,-0.51,-0.0,23.27,0.0,INDOOR,indoor,,,,,indoor/no weather adjustment,23.27,0.16,Starting linebacker QUESTIONABLE/DNP: RB run/checkdown environment improves,MEDIUM,23.43,0.0,0.0,,,,
1370218620990263296,12-Team Dynasty — One League to Rule Them All,9,False,10444,Cedric Tillman,WR,NO,ATL,home,2026-10-05,20:15,48.5,dome,,,9.04,season-long ECR proxy,,254.5,,,,,,,,,,,,,,,,,9.04,0.0,,,,,,,,,,,,,9.04,-0.0,100.0,HEALTHY,none,-0.0,-0.0,-0.0,9.04,0.0,INDOOR,indoor,,,,,indoor/no weather adjustment,9.04,0.0,,,9.04,0.0,0.0,,,,
1370218620990263296,12-Team Dynasty — One League to Rule Them All,9,False,11256,Tyson Bagent,QB,CHI,NYJ,home,2026-10-04,13:00,43.5,outdoors,,,6.38,weekly projected points + current usage + OL health,32.5,,F,,,,1,,,,,,,,,,,,6.8,-0.16,2026,STABLE,2,1,1,14.0,14.0,14.0,0.0,0.0,0.0,-2.0,6.64,-0.26,90.0,HEALTHY,LT Braxton Jones (AT RISK),-0.35,-0.11,-0.0,6.38,0.0,LOW,no material weather signal,65.3,9.9,13.4,3.0,Open-Meteo game-time forecast,6.38,0.0,,,6.38,0.0,0.0,,,,
1370218620990263296,12-Team Dynasty — One League to Rule Them All,9,False,11557,Joe Milton,QB,DAL,HOU,away,2026-10-04,13:00,48.5,,,,3.5,season-long ECR proxy,,,,,,,,,,,,,,,,,,,3.5,0.0,,,,,,,,,,,,,3.5,-0.0,100.0,HEALTHY,none,-0.0,-0.0,-0.0,3.5,0.0,LOW,no material weather signal,82.6,12.5,17.4,45.0,Open-Meteo game-time forecast,3.5,0.0,,,3.5,0.0,0.0,,,,
1370218620990263296,12-Team Dynasty — One League to Rule Them All,9,False,11560,Caleb Williams,QB,CHI,NYJ,home,2026-10-04,13:00,43.5,outdoors,,,0.0,weekly projected points + current usage + OL health,49.0,17.4,F,Out,,OUT,3,,,,,,,,,,,,0.0,0.26,2026,STABLE,2,2,2,86.0,93.0,93.0,0.0,7.5,0.0,2.0,0.26,-0.26,90.0,HEALTHY,LT Braxton Jones (AT RISK),-0.35,-0.11,-0.0,0.0,0.0,LOW,no material weather signal,65.3,9.9,13.4,3.0,Open-Meteo game-time forecast,0.0,0.0,,,0.0,0.0,0.0,,,,
1370218620990263296,12-Team Dynasty — One League to Rule Them All,9,False,11600,Ja'Tavion Sanders,TE,CAR,DET,home,2026-10-04,20:20,50.5,outdoors,,,0.0,season-long ECR proxy + OL health,,266.5,,Out,,OUT,4,,,,,,,,,,,,0.0,0.0,,,,,,,,,,,,,0.0,-0.05,91.7,HEALTHY,LG Damien Lewis (AT RISK),-0.11,-0.2,-0.0,0.0,0.0,LOW,no material weather signal,63.9,4.6,8.1,62.0,Open-Meteo game-time forecast,0.0,0.0,,,0.0,0.0,0.0,,,,
1370218620990263296,12-Team Dynasty — One League to Rule Them All,9,False,11628,Marvin Harrison,WR,ARI,NYG,away,2026-10-04,13:00,44.5,outdoors,,,5.45,Sleeper raw-stat projection × league scoring + current usage + OL health + injury ripple,55.49,72.8,D+,,,,2,,8.3,9.0,5.38,-0.7,0.0,6,,,,,4.68,0.41,2026,STABLE,3,3,3,77.0,76.7,76.7,3.0,0.0,3.0,1.0,5.09,-0.04,91.7,HEALTHY,RG Isaiah Adams (AT RISK),-0.11,-0.2,-0.0,5.05,0.0,LOW,no material weather signal,69.6,4.8,5.6,34.0,Open-Meteo game-time forecast,5.05,0.4,Opponent CB1 OUT/IR: secondary WR matchup improves,MEDIUM,5.45,0.0,0.0,,,,
1370218620990263296,12-Team Dynasty — One League to Rule Them All,9,False,11631,Brian Thomas,WR,JAX,CIN,away,2026-10-04,13:00,51.5,outdoors,,,6.88,Sleeper raw-stat projection × league scoring + current usage + OL health,49.07,76.0,C-,,,,3,,8.6,9.5,7.51,-0.9,0.0,9,,,,,6.61,0.41,2026,STABLE,3,3,3,37.0,42.0,42.0,4.0,0.0,4.0,1.0,7.02,-0.14,90.0,HEALTHY,LT Anton Harrison (AT RISK),-0.35,-0.11,-0.0,6.88,0.0,LOW,no material weather signal,71.3,4.7,6.0,21.0,Open-Meteo game-time forecast,6.88,0.0,,,6.88,0.0,0.0,,,,
1370218620990263296,12-Team Dynasty — One League to Rule Them All,9,False,12467,Jordan James,RB,SF,DEN,home,2026-10-04,16:25,47.5,outdoors,,,0.0,Sleeper raw-stat projection × league scoring + current usage + OL health,87.52,245.33,F,,,,4,,0.0,1.0,0.66,-1.0,0.0,9,,,,,0.0,-0.53,2026,STABLE,3,1,2,0.0,7.5,7.5,0.0,4.0,4.0,-2.0,0.0,-0.1,90.0,HEALTHY,LT Trent Williams (AT RISK),-0.35,-0.11,-0.0,0.0,0.0,LOW,no material weather signal,,,,,schedule fallback,0.0,0.0,,,0.0,0.0,0.0,,,,
1370218620990263296,12-Team Dynasty — One League to Rule Them All,9,False,12483,Jack Bech,WR,LV,KC,home,2026-10-04,16:25,47.5,dome,,,0.0,weekly projected points + OL health,77.37,205.75,F,IR,,IR/PUP,8,,,,,,,,,,,,0.0,0.0,2026,STABLE,3,2,3,16.0,36.7,36.7,3.0,0.0,3.0,0.0,0.0,-0.04,91.7,HEALTHY,RG Jackson Powers-Johnson (AT RISK),-0.11,-0.2,-0.0,0.0,0.0,INDOOR,indoor,,,,,indoor/no weather adjustment,0.0,0.0,,,0.0,0.0,0.0,,,,
1370218620990263296,12-Team Dynasty — One League to Rule Them All,9,False,12485,Tez Johnson,WR,TB,GB,home,2026-10-04,13:00,39.5,outdoors,,,1.14,Sleeper raw-stat projection × league scoring,106.37,239.5,F,,,,4,,2.9,4.4,2.64,-1.5,0.0,9,,,,,1.14,0.0,2026,STABLE,3,3,3,23.0,25.0,25.0,2.33,0.33,2.33,0.0,1.14,-0.0,100.0,HEALTHY,none,-0.0,-0.0,-0.0,1.14,0.0,LOW,no material weather signal,90.8,9.6,11.2,2.0,Open-Meteo game-time forecast,1.14,0.0,,,1.14,0.0,0.0,,,,
1370218620990263296,12-Team Dynasty — One League to Rule Them All,9,False,12502,Gunnar Helm,TE,TEN,BAL,away,2026-10-04,13:00,43.5,outdoors,,,10.16,Sleeper raw-stat projection × league scoring + current usage + OL health,30.0,187.4,F,,,,1,,5.9,5.4,8.97,0.5,0.0,7,,,,,9.47,0.81,2026,STABLE,3,3,3,82.0,81.7,81.7,3.67,0.0,3.67,2.0,10.28,-0.12,81.5,MINOR CONCERN,RG Fernando Carmona (UNAVAILABLE),-0.25,-0.45,-0.0,10.16,0.0,LOW,no material weather signal,66.5,3.4,3.1,44.0,Open-Meteo game-time forecast,10.16,0.0,,,10.16,0.0,0.0,,,,
1370218620990263296,12-Team Dynasty — One League to Rule Them All,9,False,12518,Tyler Warren,TE,IND,WAS,away,2026-10-04,09:30,47.5,outdoors,,,16.37,Sleeper raw-stat projection × league scoring + current usage,8.23,56.4,B-,,,,1,,11.9,11.4,14.25,0.5,0.0,10,,,,,14.75,1.62,2026,STABLE,3,3,3,94.0,92.0,92.0,7.33,0.67,7.33,4.0,16.37,-0.0,100.0,HEALTHY,none,-0.0,-0.0,-0.0,16.37,0.0,LOW,no material weather signal,62.9,3.4,5.8,44.0,Open-Meteo game-time forecast,16.37,0.0,,,16.37,0.0,0.0,,,,
1370218620990263296,12-Team Dynasty — One League to Rule Them All,9,False,12533,Jacory Croskey-Merritt,RB,WAS,IND,home,2026-10-04,09:30,47.5,outdoors,,,13.26,Sleeper raw-stat projection × league scoring + current usage,39.61,163.2,D+,,,,1,,8.7,8.2,11.95,0.5,0.0,9,,,,,12.45,0.81,2026,STABLE,3,3,3,57.0,47.7,47.7,1.0,15.67,16.67,2.0,13.26,-0.0,100.0,HEALTHY,none,-0.0,-0.0,-0.0,13.26,0.0,LOW,no material weather signal,62.9,3.4,5.8,44.0,Open-Meteo game-time forecast,13.26,0.0,,,13.26,0.0,0.0,,,,
1370218620990263296,12-Team Dynasty — One League to Rule Them All,9,False,12541,Dont'e Thornton,WR,LV,KC,home,2026-10-04,16:25,47.5,dome,,,0.0,season-long ECR proxy + OL health,,278.5,,IR,,IR/PUP,9,,,,,,,,,,,,0.0,0.0,,,,,,,,,,,,,0.0,-0.04,91.7,HEALTHY,RG Jackson Powers-Johnson (AT RISK),-0.11,-0.2,-0.0,0.0,0.0,INDOOR,indoor,,,,,indoor/no weather adjustment,0.0,0.0,,,0.0,0.0,0.0,,,,
1370218620990263296,12-Team Dynasty — One League to Rule Them All,9,False,13268,Elijah Sarratt,WR,BAL,TEN,home,2026-10-04,13:00,43.5,outdoors,,,0.0,season-long ECR proxy + OL health,,192.0,,Out,,OUT,6,,,,,,,,,,,,0.0,0.0,,,,,,,,,,,,,0.0,-0.31,77.8,MINOR CONCERN,LT Ronnie Stanley (UNAVAILABLE),-0.78,-0.24,-0.0,0.0,0.0,LOW,no material weather signal,66.5,3.4,3.1,44.0,Open-Meteo game-time forecast,0.0,0.0,,,0.0,0.0,0.0,,,,
1370218620990263296,12-Team Dynasty — One League to Rule Them All,9,False,13286,Jadarian Price,RB,SEA,LAC,home,2026-10-04,16:25,42.5,outdoors,,,8.92,Sleeper raw-stat projection × league scoring + current usage,27.0,73.4,C+,,,,1,,12.0,11.5,8.01,0.5,0.0,9,,,,,8.51,0.41,2026,STABLE,3,3,3,28.0,36.7,36.7,2.33,9.33,11.67,1.0,8.92,-0.0,100.0,HEALTHY,none,-0.0,-0.0,-0.0,8.92,0.0,LOW,no material weather signal,69.8,6.8,6.3,0.0,Open-Meteo game-time forecast,8.92,0.0,,,8.92,0.0,0.0,,,,
1370218620990263296,12-Team Dynasty — One League to Rule Them All,9,False,13288,Nicholas Singleton,RB,TEN,BAL,away,2026-10-04,13:00,43.5,outdoors,,,0.0,Sleeper raw-stat projection × league scoring + current usage + OL health,76.07,196.6,F,,,,3,,0.0,1.5,0.82,-1.5,0.0,9,,,,,0.0,-0.53,2026,STABLE,3,1,2,0.0,5.5,5.5,0.0,4.0,4.0,-2.0,0.0,-0.3,81.5,MINOR CONCERN,RG Fernando Carmona (UNAVAILABLE),-0.25,-0.45,-0.0,0.0,0.0,LOW,no material weather signal,66.5,3.4,3.1,44.0,Open-Meteo game-time forecast,0.0,0.0,,,0.0,0.0,0.0,,,,
1370218620990263296,12-Team Dynasty — One League to Rule Them All,9,False,13418,Robert Henry,RB,WAS,IND,home,2026-10-04,09:30,47.5,outdoors,,,5.77,season-long ECR proxy,,324.0,,,,,,,,,,,,,,,,,5.77,0.0,,,,,,,,,,,,,5.77,-0.0,100.0,HEALTHY,none,-0.0,-0.0,-0.0,5.77,0.0,LOW,no material weather signal,62.9,3.4,5.8,44.0,Open-Meteo game-time forecast,5.77,0.0,,,5.77,0.0,0.0,,,,
1370218620990263296,12-Team Dynasty — One League to Rule Them All,9,False,3321,Tyreek Hill,WR,,,,,,,,,,10.3,season-long ECR proxy,,227.67,,,,,,,,,,,,,,,,,10.3,0.0,,,,,,,,,,,,,10.3,0.0,,,,,,-0.0,10.3,0.0,,,,,,,,10.3,0.0,,,10.3,0.0,0.0,,,,
1370218620990263296,12-Team Dynasty — One League to Rule Them All,9,False,5846,DK Metcalf,WR,PIT,CLE,away,2026-10-01,20:15,38.5,outdoors,,,11.23,Sleeper raw-stat projection × league scoring + current usage + OL health,28.2,98.6,B,,,,1,,11.4,11.4,9.75,0.0,0.0,9,,,,,9.75,1.62,2026,STABLE,3,3,3,95.0,96.0,96.0,8.0,0.0,8.0,4.0,11.37,-0.14,90.0,HEALTHY,LT Troy Fautanu (AT RISK),-0.35,-0.11,-0.0,11.23,0.0,LOW,no material weather signal,76.9,8.9,18.8,4.0,Open-Meteo game-time forecast,11.23,0.0,,,11.23,0.0,0.0,,,,
1370218620990263296,12-Team Dynasty — One League to Rule Them All,9,False,5854,Drew Lock,QB,SEA,LAC,home,2026-10-04,16:25,42.5,outdoors,,,0.46,weekly projected points + current usage,34.38,,F,,,,2,,,,,,,,,,,,0.2,0.26,2026,STABLE,2,2,2,100.0,95.0,95.0,0.0,1.0,0.0,2.0,0.46,-0.0,100.0,HEALTHY,none,-0.0,-0.0,-0.0,0.46,0.0,LOW,no material weather signal,69.8,6.8,6.3,0.0,Open-Meteo game-time forecast,0.46,0.0,,,0.46,0.0,0.0,,,,
1370218620990263296,12-Team Dynasty — One League to Rule Them All,9,False,5967,Tony Pollard,RB,TEN,BAL,away,2026-10-04,13:00,43.5,outdoors,,,10.56,Sleeper raw-stat projection × league scoring + current usage + OL health,28.17,154.0,C,,,,1,,12.0,11.5,9.55,0.5,0.0,9,,,,,10.05,0.81,2026,STABLE,3,3,3,53.0,53.3,53.3,2.33,12.67,15.0,2.0,10.86,-0.3,81.5,MINOR CONCERN,RG Fernando Carmona (UNAVAILABLE),-0.25,-0.45,-0.0,10.56,0.0,LOW,no material weather signal,66.5,3.4,3.1,44.0,Open-Meteo game-time forecast,10.56,0.0,,,10.56,0.0,0.0,,,,
1370218620990263296,12-Team Dynasty — One League to Rule Them All,9,False,6806,J.K. Dobbins,RB,DEN,SF,away,2026-10-04,16:25,47.5,outdoors,,,8.8,Sleeper raw-stat projection × league scoring + current usage + injury ripple,34.46,165.4,C,,,,1,,9.4,8.9,7.73,0.5,0.0,9,,,,,8.23,0.41,2026,STABLE,3,3,3,49.0,42.0,42.0,0.67,11.67,12.33,1.0,8.64,-0.0,100.0,HEALTHY,none,-0.0,-0.0,-0.0,8.64,0.0,LOW,no material weather signal,,,,,schedule fallback,8.64,0.16,Starting linebacker QUESTIONABLE/DNP: RB run/checkdown environment improves,MEDIUM,8.8,0.0,0.0,,,,
1370218620990263296,12-Team Dynasty — One League to Rule Them All,9,False,7523,Trevor Lawrence,QB,JAX,CIN,away,2026-10-04,13:00,51.5,outdoors,,,22.98,Sleeper raw-stat projection × league scoring + current usage + OL health,8.86,22.0,B,,,,1,,19.4,18.3,21.73,1.1,0.0,9,,,,,22.83,0.41,2026,STABLE,3,3,3,95.0,94.3,94.3,0.0,2.67,0.0,2.0,23.24,-0.26,90.0,HEALTHY,LT Anton Harrison (AT RISK),-0.35,-0.11,-0.0,22.98,0.0,LOW,no material weather signal,71.3,4.7,6.0,21.0,Open-Meteo game-time forecast,22.98,0.0,,,22.98,0.0,0.0,,,,
1370218620990263296,12-Team Dynasty — One League to Rule Them All,9,False,7527,Mac Jones,QB,SF,DEN,home,2026-10-04,16:25,47.5,outdoors,,,0.0,weekly projected points + current usage + OL health,40.0,127.5,F,,,,2,,,,,,,,,,,,0.0,-0.16,2026,STABLE,2,1,1,15.0,15.0,15.0,0.0,2.0,0.0,-2.0,0.0,-0.26,90.0,HEALTHY,LT Trent Williams (AT RISK),-0.35,-0.11,-0.0,0.0,0.0,LOW,no material weather signal,,,,,schedule fallback,0.0,0.0,,,0.0,0.0,0.0,,,,
1370218620990263296,12-Team Dynasty — One League to Rule Them All,9,False,7547,Amon-Ra St. Brown,WR,DET,CAR,away,2026-10-04,20:20,50.5,outdoors,,,21.38,Sleeper raw-stat projection × league scoring + current usage + injury ripple,1.61,12.6,A+,,,,1,,22.0,20.9,17.81,1.1,0.0,9,,,,,18.91,1.62,2026,STABLE,3,3,3,74.0,86.3,86.3,11.67,0.0,11.67,4.0,20.53,-0.0,100.0,HEALTHY,none,-0.0,-0.0,-0.0,20.53,0.0,LOW,no material weather signal,63.9,4.6,8.1,62.0,Open-Meteo game-time forecast,20.53,0.85,Opponent CB1 QUESTIONABLE/DNP: projected WR1 coverage matchup improves (not confirmed shadow) | Starting safety OUT/IR: downfield coverage improves,MEDIUM,21.38,0.0,0.0,,,,
1370218620990263296,12-Team Dynasty — One League to Rule Them All,9,False,8126,Wan'Dale Robinson,WR,TEN,BAL,away,2026-10-04,13:00,43.5,outdoors,,,9.95,Sleeper raw-stat projection × league scoring + current usage + OL health,52.98,108.2,C-,,,,2,,8.6,9.3,9.94,-0.7,0.0,9,,,,,9.24,0.81,2026,STABLE,3,3,3,63.0,66.0,66.0,6.0,0.0,6.0,2.0,10.05,-0.1,81.5,MINOR CONCERN,RG Fernando Carmona (UNAVAILABLE),-0.25,-0.45,-0.0,9.95,0.0,LOW,no material weather signal,66.5,3.4,3.1,44.0,Open-Meteo game-time forecast,9.95,0.0,,,9.95,0.0,0.0,,,,
1370218620990263296,12-Team Dynasty — One League to Rule Them All,9,False,8228,Jaylen Warren,RB,PIT,CLE,away,2026-10-01,20:15,38.5,outdoors,,,19.42,Sleeper raw-stat projection × league scoring + current usage + OL health,14.9,120.6,B,,,,1,,14.7,14.7,18.3,0.0,0.0,9,,,,,18.3,1.22,2026,STABLE,3,3,3,90.0,66.0,66.0,4.67,12.67,17.33,3.0,19.52,-0.1,90.0,HEALTHY,LT Troy Fautanu (AT RISK),-0.35,-0.11,-0.0,19.42,0.0,LOW,no material weather signal,76.9,8.9,18.8,4.0,Open-Meteo game-time forecast,19.42,0.0,,,19.42,0.0,0.0,,,,
1370218620990263296,12-Team Dynasty — One League to Rule Them All,9,False,9508,Tyjae Spears,RB,TEN,BAL,away,2026-10-04,13:00,43.5,outdoors,,,7.07,Sleeper raw-stat projection × league scoring + OL health,40.24,194.8,D+,Questionable,,QUESTIONABLE,2,,4.5,7.7,8.07,-0.7,2.5,9,,,,,7.37,0.0,2026,STABLE,3,3,3,47.0,44.3,44.3,2.0,4.33,6.33,0.0,7.37,-0.3,81.5,MINOR CONCERN,RG Fernando Carmona (UNAVAILABLE),-0.25,-0.45,-0.0,7.07,0.0,LOW,no material weather signal,66.5,3.4,3.1,44.0,Open-Meteo game-time forecast,7.07,0.0,,,7.07,0.0,0.0,,,,
1370218620990263296,12-Team Dynasty — One League to Rule Them All,9,False,9511,Keaton Mitchell,RB,LAC,SEA,away,2026-10-04,16:25,42.5,outdoors,,,3.89,Sleeper raw-stat projection × league scoring,49.63,202.8,F,,,,2,,5.5,6.2,4.59,-0.7,0.0,9,,,,,3.89,0.0,2026,STABLE,3,3,3,38.0,31.3,31.3,1.33,5.67,7.0,0.0,3.89,-0.0,100.0,HEALTHY,none,-0.0,-0.0,-0.0,3.89,0.0,LOW,no material weather signal,69.8,6.8,6.3,0.0,Open-Meteo game-time forecast,3.89,0.0,,,3.89,0.0,0.0,,,,
1370218620990263296,12-Team Dynasty — One League to Rule Them All,10,False,10235,Roschon Johnson,RB,CHI,NYJ,home,2026-10-04,13:00,43.5,outdoors,,,0.0,Sleeper raw-stat projection × league scoring + current usage + OL health,88.83,270.0,F,,,,3,,0.0,0.6,0.21,-0.6,0.0,5,,,,,0.0,-1.22,2026,STABLE,3,1,3,0.0,0.3,0.3,0.0,0.0,0.0,-3.0,0.0,-0.1,90.0,HEALTHY,LT Braxton Jones (AT RISK),-0.35,-0.11,-0.0,0.0,0.0,LOW,no material weather signal,65.3,9.9,13.4,3.0,Open-Meteo game-time forecast,0.0,0.0,,,0.0,0.0,0.0,,,,
1370218620990263296,12-Team Dynasty — One League to Rule Them All,10,False,10236,Dalton Kincaid,TE,BUF,NE,home,2026-10-04,13:00,48.5,outdoors,,,15.59,Sleeper raw-stat projection × league scoring + current usage + injury ripple,2.23,70.0,A,,,,1,,14.7,14.2,14.48,0.5,0.0,7,,,,,14.98,0.81,2026,STABLE,3,3,3,67.0,68.3,68.3,5.67,0.0,5.67,2.0,15.79,-0.0,100.0,HEALTHY,none,-0.0,-0.0,-0.0,15.79,0.0,LOW,no material weather signal,65.5,10.0,12.3,7.0,Open-Meteo game-time forecast,15.79,-0.2,QB1 QUESTIONABLE/DNP: pass-catcher efficiency risk with backup QB,MEDIUM,15.59,0.0,0.0,,,,
1370218620990263296,12-Team Dynasty — One League to Rule Them All,10,False,11199,Emari Demercado,RB,DAL,HOU,away,2026-10-04,13:00,48.5,,,,0.0,Sleeper raw-stat projection × league scoring + current usage,65.79,294.0,F,Out,,OUT,3,,0.0,3.2,0.4,-3.2,0.0,9,,,,,0.0,-0.79,2026,STABLE,2,2,2,16.0,12.5,12.5,0.0,2.5,2.5,-3.0,0.0,-0.0,100.0,HEALTHY,none,-0.0,-0.0,-0.0,0.0,0.0,LOW,no material weather signal,82.6,12.5,17.4,45.0,Open-Meteo game-time forecast,0.0,0.0,,,0.0,0.0,0.0,,,,
1370218620990263296,12-Team Dynasty — One League to Rule Them All,10,False,11592,Erick All,TE,CIN,JAX,home,2026-10-04,13:00,51.5,outdoors,,,2.51,Sleeper raw-stat projection × league scoring,50.67,260.0,F,,,,3,,2.1,3.0,3.41,-0.9,0.0,7,,,,,2.51,0.0,2026,STABLE,3,1,3,21.0,31.3,31.3,3.0,0.0,3.0,0.0,2.51,-0.0,100.0,HEALTHY,none,-0.0,-0.0,-0.0,2.51,0.0,LOW,no material weather signal,71.3,4.7,6.0,21.0,Open-Meteo game-time forecast,2.51,0.0,,,2.51,0.0,0.0,,,,
1370218620990263296,12-Team Dynasty — One League to Rule Them All,10,False,12457,Jaydon Blue,RB,PHI,LAR,home,2026-10-04,13:00,43.5,outdoors,,,9.58,season-long ECR proxy,,243.0,,,,,,,,,,,,,,,,,9.58,0.0,,,,,,,,,,,,,9.58,-0.0,100.0,HEALTHY,none,-0.0,-0.0,-0.0,9.58,0.0,LOW,no material weather signal,69.2,4.1,3.6,38.0,Open-Meteo game-time forecast,9.58,0.0,,,9.58,0.0,0.0,,,,
1370218620990263296,12-Team Dynasty — One League to Rule Them All,10,False,12469,Dylan Sampson,RB,CLE,PIT,home,2026-10-01,20:15,38.5,outdoors,,,0.0,season-long ECR proxy + current usage + OL health,,189.2,,IR,,IR/PUP,6,,,,,,,,,,,,0.0,-0.49,2026,STABLE,1,1,1,0.0,0.0,0.0,0.0,0.0,0.0,-3.0,0.0,-0.54,63.1,DEGRADED,C Elgton Jenkins (AT RISK) | RG Teven Jenkins (UNAVAILABLE) | RT Tytus Howard (AT RISK),-0.71,-0.76,-0.0,0.0,0.0,LOW,no material weather signal,76.9,8.9,18.8,4.0,Open-Meteo game-time forecast,0.0,0.0,,,0.0,0.0,0.0,,,,
1370218620990263296,12-Team Dynasty — One League to Rule Them All,10,False,12481,Cam Skattebo,RB,NYG,ARI,home,2026-10-04,13:00,44.5,outdoors,,,17.06,Sleeper raw-stat projection × league scoring + current usage + OL health,19.63,92.8,B,,,,1,,13.3,12.8,15.4,0.5,0.0,9,,,,,15.9,1.22,2026,STABLE,3,3,3,77.0,65.7,65.7,2.67,16.67,19.33,3.0,17.12,-0.06,94.4,HEALTHY,LT Andrew Thomas (LIMITED),-0.2,-0.06,-0.0,17.06,0.0,LOW,no material weather signal,69.6,4.8,5.6,34.0,Open-Meteo game-time forecast,17.06,0.0,,,17.06,0.0,0.0,,,,
1370218620990263296,12-Team Dynasty — One League to Rule Them All,10,False,12495,Ollie Gordon,RB,MIA,MIN,away,2026-10-04,16:05,38.5,dome,,,10.09,Sleeper raw-stat projection × league scoring + current usage + injury ripple,70.0,239.75,F,Questionable,,QUESTIONABLE,1,,0.0,2.1,7.73,0.4,2.5,9,,,,,8.13,0.41,2026,STABLE,3,2,3,84.0,36.7,36.7,1.5,10.0,11.5,1.0,8.54,-0.0,100.0,HEALTHY,none,-0.0,-0.0,-0.0,8.54,0.0,INDOOR,indoor,,,,,indoor/no weather adjustment,8.54,1.55,RB1 OUT/IR: backfield opportunity moves to RB2,HIGH,10.09,0.0,0.0,,,,
1370218620990263296,12-Team Dynasty — One League to Rule Them All,10,False,12527,Ashton Jeanty,RB,LV,KC,home,2026-10-04,16:25,47.5,dome,,,16.94,Sleeper raw-stat projection × league scoring + current usage + OL health,5.95,17.6,A,,,,1,,19.6,19.1,15.36,0.5,0.0,9,,,,,15.86,1.22,2026,STABLE,3,3,3,84.0,79.7,79.7,5.33,21.0,26.33,3.0,17.08,-0.14,91.7,HEALTHY,RG Jackson Powers-Johnson (AT RISK),-0.11,-0.2,-0.0,16.94,0.0,INDOOR,indoor,,,,,indoor/no weather adjustment,16.94,0.0,,,16.94,0.0,0.0,,,,
1370218620990263296,12-Team Dynasty — One League to Rule Them All,10,False,13273,Josh Cuevas,TE,BAL,TEN,home,2026-10-04,13:00,43.5,outdoors,,,0.0,Sleeper raw-stat projection × league scoring + current usage + OL health,90.0,,F,,,,4,,0.0,1.1,1.06,-1.1,0.0,7,,,,,0.0,-1.22,2026,STABLE,3,1,3,25.0,14.3,14.3,1.0,0.0,1.0,-3.0,0.0,-0.27,77.8,MINOR CONCERN,LT Ronnie Stanley (UNAVAILABLE),-0.78,-0.24,-0.0,0.0,0.0,LOW,no material weather signal,66.5,3.4,3.1,44.0,Open-Meteo game-time forecast,0.0,0.0,,,0.0,0.0,0.0,,,,
1370218620990263296,12-Team Dynasty — One League to Rule Them All,10,False,13294,Makai Lemon,WR,PHI,LAR,home,2026-10-04,13:00,43.5,outdoors,,,5.36,Sleeper raw-stat projection × league scoring + current usage,62.1,58.4,D-,,,,3,,6.7,8.2,6.45,-1.5,0.0,9,,,,,4.95,0.41,2026,STABLE,3,3,3,70.0,65.7,65.7,3.0,0.33,3.0,1.0,5.36,-0.0,100.0,HEALTHY,none,-0.0,-0.0,-0.0,5.36,0.0,LOW,no material weather signal,69.2,4.1,3.6,38.0,Open-Meteo game-time forecast,5.36,0.0,,,5.36,0.0,0.0,,,,
1370218620990263296,12-Team Dynasty — One League to Rule Them All,10,False,13298,KC Concepcion,WR,CLE,PIT,home,2026-10-01,20:15,38.5,outdoors,,,9.16,Sleeper raw-stat projection × league scoring + current usage + OL health + injury ripple,41.76,76.2,C,,,,2,,9.1,10.3,9.43,-1.2,0.0,9,,,,,8.23,0.81,2026,STABLE,3,3,3,86.0,73.7,73.7,6.67,1.33,6.67,2.0,9.04,-0.28,63.1,DEGRADED,C Elgton Jenkins (AT RISK) | RG Teven Jenkins (UNAVAILABLE) | RT Tytus Howard (AT RISK),-0.71,-0.76,-0.0,8.76,0.0,LOW,no material weather signal,76.9,8.9,18.8,4.0,Open-Meteo game-time forecast,8.76,0.4,Opponent CB1 OUT/IR: secondary WR matchup improves,MEDIUM,9.16,0.0,0.0,,,,
1370218620990263296,12-Team Dynasty — One League to Rule Them All,10,False,13301,Antonio Williams,WR,WAS,IND,home,2026-10-04,09:30,47.5,outdoors,,,3.14,Sleeper raw-stat projection × league scoring,76.97,138.4,F,,,,3,,4.8,6.3,4.64,-1.5,0.0,9,,,,,3.14,0.0,2026,STABLE,3,3,3,41.0,42.3,42.3,3.67,0.0,3.67,0.0,3.14,-0.0,100.0,HEALTHY,none,-0.0,-0.0,-0.0,3.14,0.0,LOW,no material weather signal,62.9,3.4,5.8,44.0,Open-Meteo game-time forecast,3.14,0.0,,,3.14,0.0,0.0,,,,
1370218620990263296,12-Team Dynasty — One League to Rule Them All,10,False,13319,Oscar Delp,TE,NO,ATL,home,2026-10-05,20:15,48.5,dome,,,0.0,Sleeper raw-stat projection × league scoring + current usage,76.82,178.33,F,,,,3,,0.1,1.6,1.93,-1.5,0.0,7,,,,,0.43,-0.79,2026,STABLE,3,1,2,19.0,16.0,16.0,1.0,0.0,1.0,-3.0,0.0,-0.0,100.0,HEALTHY,none,-0.0,-0.0,-0.0,0.0,0.0,INDOOR,indoor,,,,,indoor/no weather adjustment,0.0,0.0,,,0.0,0.0,0.0,,,,
1370218620990263296,12-Team Dynasty — One League to Rule Them All,10,False,13329,Malik Benson,WR,LV,KC,home,2026-10-04,16:25,47.5,dome,,,0.0,Sleeper raw-stat projection × league scoring + current usage + OL health,125.33,,F,,,,4,,1.5,3.0,0.86,-1.5,0.0,7,,,,,0.0,-1.22,2026,STABLE,3,3,3,6.0,9.7,9.7,1.33,0.33,1.33,-3.0,0.0,-0.04,91.7,HEALTHY,RG Jackson Powers-Johnson (AT RISK),-0.11,-0.2,-0.0,0.0,0.0,INDOOR,indoor,,,,,indoor/no weather adjustment,0.0,0.0,,,0.0,0.0,0.0,,,,
1370218620990263296,12-Team Dynasty — One League to Rule Them All,10,False,13408,Tanner Koziol,TE,JAX,CIN,away,2026-10-04,13:00,51.5,outdoors,,,0.99,Sleeper raw-stat projection × league scoring + current usage + OL health,104.6,254.0,F,,,,4,,0.0,0.0,1.6,0.0,0.0,7,,,,,1.6,-0.49,2026,STABLE,3,0,1,5.0,5.0,5.0,0.0,0.0,0.0,-3.0,1.11,-0.12,90.0,HEALTHY,LT Anton Harrison (AT RISK),-0.35,-0.11,-0.0,0.99,0.0,LOW,no material weather signal,71.3,4.7,6.0,21.0,Open-Meteo game-time forecast,0.99,0.0,,,0.99,0.0,0.0,,,,
1370218620990263296,12-Team Dynasty — One League to Rule Them All,10,False,13421,Eli Raridon,TE,NE,BUF,away,2026-10-04,13:00,48.5,outdoors,,,4.59,Sleeper raw-stat projection × league scoring + current usage + OL health,,155.33,,Out,,OUT,2,,0.0,,5.03,0.0,0.0,7,,,,,5.03,-0.26,2026,STABLE,2,2,2,20.0,37.0,37.0,1.0,0.0,1.0,-1.0,4.77,-0.18,75.9,MINOR CONCERN,RG Greg Van Roten (UNAVAILABLE) | RT Morgan Moses (LIMITED),-0.45,-0.51,-0.0,4.59,0.0,LOW,no material weather signal,65.5,10.0,12.3,7.0,Open-Meteo game-time forecast,4.59,0.0,,,4.59,0.0,0.0,,,,
1370218620990263296,12-Team Dynasty — One League to Rule Them All,10,False,19,Joe Flacco,QB,CIN,JAX,home,2026-10-04,13:00,51.5,outdoors,,,0.14,weekly projected points + current usage,45.2,,F,,,,2,,,,,,,,,,,,0.3,-0.16,2026,STABLE,1,0,1,0.0,0.0,0.0,0.0,0.0,0.0,-2.0,0.14,-0.0,100.0,HEALTHY,none,-0.0,-0.0,-0.0,0.14,0.0,LOW,no material weather signal,71.3,4.7,6.0,21.0,Open-Meteo game-time forecast,0.14,0.0,,,0.14,0.0,0.0,,,,
1370218620990263296,12-Team Dynasty — One League to Rule Them All,10,False,2307,Marcus Mariota,QB,WAS,IND,home,2026-10-04,09:30,47.5,outdoors,,,19.29,Sleeper raw-stat projection × league scoring + current usage + injury ripple,30.18,,F,,,,1,,13.8,13.3,17.46,0.5,0.0,9,,,,,17.96,0.13,2026,STABLE,3,2,2,100.0,72.5,72.5,0.0,3.0,0.0,1.0,18.09,-0.0,100.0,HEALTHY,none,-0.0,-0.0,-0.0,18.09,0.0,LOW,no material weather signal,62.9,3.4,5.8,44.0,Open-Meteo game-time forecast,18.09,1.2,QB1 OUT/IR: QB2 becomes relevant,HIGH,19.29,0.0,0.0,,,,
1370218620990263296,12-Team Dynasty — One League to Rule Them All,10,False,2449,Stefon Diggs,WR,WAS,IND,home,2026-10-04,09:30,47.5,outdoors,,,10.62,Sleeper raw-stat projection × league scoring + current usage + injury ripple,37.83,143.67,C,,,,2,,10.2,10.9,10.96,-0.7,0.0,7,,,,,10.26,0.81,2026,STABLE,3,3,3,59.0,57.7,57.7,7.33,0.0,7.33,2.0,11.07,-0.0,100.0,HEALTHY,none,-0.0,-0.0,-0.0,11.07,0.0,LOW,no material weather signal,62.9,3.4,5.8,44.0,Open-Meteo game-time forecast,11.07,-0.45,QB1 OUT/IR: pass-catcher efficiency risk with backup QB,MEDIUM,10.62,0.0,0.0,,,,
1370218620990263296,12-Team Dynasty — One League to Rule Them All,10,False,421,Matthew Stafford,QB,LAR,PHI,away,2026-10-04,13:00,43.5,outdoors,,,19.82,Sleeper raw-stat projection × league scoring + current usage,17.26,79.2,C-,,,,1,,16.8,16.3,18.91,0.5,0.0,9,,,,,19.41,0.41,2026,STABLE,3,3,3,100.0,94.7,94.7,0.0,2.67,0.0,2.0,19.82,-0.0,100.0,HEALTHY,none,-0.0,-0.0,-0.0,19.82,0.0,LOW,no material weather signal,69.2,4.1,3.6,38.0,Open-Meteo game-time forecast,19.82,0.0,,,19.82,0.0,0.0,,,,
1370218620990263296,12-Team Dynasty — One League to Rule Them All,10,False,4454,Kendrick Bourne,WR,ARI,NYG,away,2026-10-04,13:00,44.5,outdoors,,,5.2,Sleeper raw-stat projection × league scoring + current usage + OL health,63.56,,F,,,,3,,6.6,8.1,5.93,-1.5,0.0,6,,,,,4.43,0.81,2026,STABLE,3,3,3,55.0,60.7,60.7,4.67,0.0,4.67,2.0,5.24,-0.04,91.7,HEALTHY,RG Isaiah Adams (AT RISK),-0.11,-0.2,-0.0,5.2,0.0,LOW,no material weather signal,69.6,4.8,5.6,34.0,Open-Meteo game-time forecast,5.2,0.0,,,5.2,0.0,0.0,,,,
1370218620990263296,12-Team Dynasty — One League to Rule Them All,10,False,5870,Daniel Jones,QB,IND,WAS,away,2026-10-04,09:30,47.5,outdoors,,,19.84,Sleeper raw-stat projection × league scoring + current usage,26.1,92.2,F,,,,1,,14.8,14.3,18.93,0.5,0.0,9,,,,,19.43,0.41,2026,STABLE,3,3,3,100.0,100.0,100.0,0.0,2.33,0.0,2.0,19.84,-0.0,100.0,HEALTHY,none,-0.0,-0.0,-0.0,19.84,0.0,LOW,no material weather signal,62.9,3.4,5.8,44.0,Open-Meteo game-time forecast,19.84,0.0,,,19.84,0.0,0.0,,,,
1370218620990263296,12-Team Dynasty — One League to Rule Them All,10,False,6149,Darius Slayton,WR,IND,WAS,away,2026-10-04,09:30,47.5,outdoors,,,1.81,Sleeper raw-stat projection × league scoring,,238.33,,Out,,OUT,3,,0.0,,1.81,0.0,0.0,6,,,,,1.81,0.0,,,,,,,,,,,,,1.81,-0.0,100.0,HEALTHY,none,-0.0,-0.0,-0.0,1.81,0.0,LOW,no material weather signal,62.9,3.4,5.8,44.0,Open-Meteo game-time forecast,1.81,0.0,,,1.81,0.0,0.0,,,,
1370218620990263296,12-Team Dynasty — One League to Rule Them All,10,False,6819,Michael Pittman,WR,PIT,CLE,away,2026-10-01,20:15,38.5,outdoors,,,8.84,Sleeper raw-stat projection × league scoring + current usage + OL health,53.06,113.2,D+,,,,2,,5.9,7.1,9.39,-1.2,0.0,9,,,,,8.19,0.79,2026,STABLE,3,2,2,73.0,80.5,80.5,4.0,0.0,4.0,3.0,8.98,-0.14,90.0,HEALTHY,LT Troy Fautanu (AT RISK),-0.35,-0.11,-0.0,8.84,0.0,LOW,no material weather signal,76.9,8.9,18.8,4.0,Open-Meteo game-time forecast,8.84,0.0,,,8.84,0.0,0.0,,,,
1370218620990263296,12-Team Dynasty — One League to Rule Them All,10,False,6931,DeeJay Dallas,RB,MIN,MIA,home,2026-10-04,16:05,38.5,dome,,,0.13,Sleeper raw-stat projection × league scoring + current usage + OL health,64.21,,F,,,,3,,1.3,3.3,3.45,-2.0,0.0,9,,,,,1.45,-1.22,2026,STABLE,3,3,3,15.0,13.0,13.0,0.67,1.0,1.67,-3.0,0.23,-0.1,90.0,HEALTHY,LT Christian Darrisaw (AT RISK),-0.35,-0.11,-0.0,0.13,0.0,INDOOR,indoor,,,,,indoor/no weather adjustment,0.13,0.0,,,0.13,0.0,0.0,,,,
1370218620990263296,12-Team Dynasty — One League to Rule Them All,10,False,7585,Davis Mills,QB,HOU,DAL,home,2026-10-04,13:00,48.5,,,,0.0,weekly projected points + OL health,60.6,,F,,,,2,,,,,,,,,,,,0.0,0.0,,,,,,,,,,,,,0.0,-0.26,90.0,HEALTHY,RT Trent Brown (AT RISK),-0.35,-0.11,-0.0,0.0,0.0,LOW,no material weather signal,82.6,12.5,17.4,45.0,Open-Meteo game-time forecast,0.0,0.0,,,0.0,0.0,0.0,,,,
1370218620990263296,12-Team Dynasty — One League to Rule Them All,10,False,8112,Drake London,WR,ATL,NO,away,2026-10-05,20:15,48.5,dome,,,17.66,Sleeper raw-stat projection × league scoring + current usage + OL health,11.24,20.4,A,,,,1,,15.6,15.1,16.17,0.5,0.0,9,,,,,16.67,1.22,2026,STABLE,3,3,3,93.0,84.3,84.3,6.33,0.67,6.33,3.0,17.89,-0.23,73.3,DEGRADED,LT Jake Matthews (AT RISK) | C Ryan Neuzil (AT RISK) | RG Chris Lindstrom (AT RISK),-0.58,-0.51,-0.0,17.66,0.0,INDOOR,indoor,,,,,indoor/no weather adjustment,17.66,0.0,,,17.66,0.0,0.0,,,,
1370218620990263296,12-Team Dynasty — One League to Rule Them All,10,False,8146,Garrett Wilson,WR,NYJ,CHI,away,2026-10-04,13:00,43.5,outdoors,,,18.78,Sleeper raw-stat projection × league scoring + current usage + OL health,6.61,42.4,A+,,,,1,,16.2,15.7,16.76,0.5,0.0,9,,,,,17.26,1.62,2026,STABLE,3,3,3,94.0,85.7,85.7,9.0,0.0,9.0,4.0,18.88,-0.1,81.5,MINOR CONCERN,LG Dylan Parham (UNAVAILABLE),-0.25,-0.45,-0.0,18.78,0.0,LOW,no material weather signal,65.3,9.9,13.4,3.0,Open-Meteo game-time forecast,18.78,0.0,,,18.78,0.0,0.0,,,,
1370218620990263296,12-Team Dynasty — One League to Rule Them All,10,False,8183,Brock Purdy,QB,SF,DEN,home,2026-10-04,16:25,47.5,outdoors,,,22.76,Sleeper raw-stat projection × league scoring + current usage + OL health,3.21,25.8,A,,,,1,,22.5,22.0,22.11,0.5,0.0,9,,,,,22.61,0.41,2026,STABLE,3,3,3,100.0,95.0,95.0,0.0,3.33,0.0,2.0,23.02,-0.26,90.0,HEALTHY,LT Trent Williams (AT RISK),-0.35,-0.11,-0.0,22.76,0.0,LOW,no material weather signal,,,,,schedule fallback,22.76,0.0,,,22.76,0.0,0.0,,,,
1370218620990263296,12-Team Dynasty — One League to Rule Them All,10,False,8210,Chig Okonkwo,TE,WAS,IND,home,2026-10-04,09:30,47.5,outdoors,,,9.09,Sleeper raw-stat projection × league scoring + injury ripple,,151.4,,Out,,OUT,1,,0.0,,9.54,0.0,0.0,7,,,,,9.54,0.0,2026,STABLE,1,1,1,56.0,56.0,56.0,3.0,0.0,3.0,0.0,9.54,-0.0,100.0,HEALTHY,none,-0.0,-0.0,-0.0,9.54,0.0,LOW,no material weather signal,62.9,3.4,5.8,44.0,Open-Meteo game-time forecast,9.54,-0.45,QB1 OUT/IR: pass-catcher efficiency risk with backup QB,MEDIUM,9.09,0.0,0.0,,,,
1370218620990263296,12-Team Dynasty — One League to Rule Them All,10,False,9482,Michael Mayer,TE,LV,KC,home,2026-10-04,16:25,47.5,dome,,,7.36,Sleeper raw-stat projection × league scoring + current usage + OL health,30.31,220.0,F,,,,2,,5.7,6.4,6.89,-0.7,0.0,7,,,,,6.19,1.22,2026,STABLE,3,3,3,87.0,84.0,84.0,4.67,0.0,4.67,3.0,7.41,-0.05,91.7,HEALTHY,RG Jackson Powers-Johnson (AT RISK),-0.11,-0.2,-0.0,7.36,0.0,INDOOR,indoor,,,,,indoor/no weather adjustment,7.36,0.0,,,7.36,0.0,0.0,,,,
1370218620990263296,12-Team Dynasty — One League to Rule Them All,11,False,10857,Stetson Bennett,QB,LAR,PHI,away,2026-10-04,13:00,43.5,outdoors,,,4.14,season-long ECR proxy + current usage,,,,,,,2,,,,,,,,,,,,4.3,-0.16,2026,STABLE,1,1,1,16.0,16.0,16.0,0.0,1.0,0.0,-2.0,4.14,-0.0,100.0,HEALTHY,none,-0.0,-0.0,-0.0,4.14,0.0,LOW,no material weather signal,69.2,4.1,3.6,38.0,Open-Meteo game-time forecast,4.14,0.0,,,4.14,0.0,0.0,,,,
1370218620990263296,12-Team Dynasty — One League to Rule Them All,11,False,11370,Chris Brooks,RB,GB,TB,away,2026-10-04,13:00,39.5,outdoors,,,3.85,Sleeper raw-stat projection × league scoring + OL health,51.44,254.0,F,,,,3,,3.8,5.3,5.79,-1.5,0.0,9,,,,,4.29,0.0,2026,STABLE,3,3,3,41.0,47.7,47.7,1.33,3.67,5.0,0.0,4.29,-0.44,73.1,DEGRADED,LG Aaron Banks (UNAVAILABLE) | RG Jacob Monk (AT RISK),-0.36,-0.65,-0.0,3.85,0.0,LOW,no material weather signal,90.8,9.6,11.2,2.0,Open-Meteo game-time forecast,3.85,0.0,,,3.85,0.0,0.0,,,,
1370218620990263296,12-Team Dynasty — One League to Rule Them All,11,False,11581,MarShawn Lloyd,RB,GB,TB,away,2026-10-04,13:00,39.5,outdoors,,,8.4,Sleeper raw-stat projection × league scoring + current usage + OL health,41.95,219.0,D,,,,1,,8.2,7.7,7.93,0.5,0.0,9,,,,,8.43,0.41,2026,STABLE,3,3,3,23.0,31.3,31.3,2.0,7.67,9.67,1.0,8.84,-0.44,73.1,DEGRADED,LG Aaron Banks (UNAVAILABLE) | RG Jacob Monk (AT RISK),-0.36,-0.65,-0.0,8.4,0.0,LOW,no material weather signal,90.8,9.6,11.2,2.0,Open-Meteo game-time forecast,8.4,0.0,,,8.4,0.0,0.0,,,,
1370218620990263296,12-Team Dynasty — One League to Rule Them All,11,False,11583,Jonathon Brooks,RB,CAR,DET,home,2026-10-04,20:20,50.5,outdoors,,,0.0,season-long ECR proxy + current usage + OL health,,149.8,,IR,,IR/PUP,3,,,,,,,,,,,,0.0,-0.53,2026,STABLE,2,2,2,30.0,24.5,24.5,1.5,4.5,6.0,-2.0,0.0,-0.14,91.7,HEALTHY,LG Damien Lewis (AT RISK),-0.11,-0.2,-0.0,0.0,0.0,LOW,no material weather signal,63.9,4.6,8.1,62.0,Open-Meteo game-time forecast,0.0,0.0,,,0.0,0.0,0.0,,,,
1370218620990263296,12-Team Dynasty — One League to Rule Them All,11,False,11610,Malik Washington,WR,MIA,MIN,away,2026-10-04,16:05,38.5,dome,,,10.39,Sleeper raw-stat projection × league scoring + current usage,42.98,222.0,C,,,,1,,10.2,10.2,8.77,0.0,0.0,9,,,,,8.77,1.62,2026,STABLE,3,3,3,86.0,85.7,85.7,7.67,1.0,7.67,4.0,10.39,-0.0,100.0,HEALTHY,none,-0.0,-0.0,-0.0,10.39,0.0,INDOOR,indoor,,,,,indoor/no weather adjustment,10.39,0.0,,,10.39,0.0,0.0,,,,
1370218620990263296,12-Team Dynasty — One League to Rule Them All,11,False,12048,George Holani,RB,SEA,LAC,home,2026-10-04,16:25,42.5,outdoors,,,3.63,Sleeper raw-stat projection × league scoring,54.03,258.5,F,,,,3,,3.4,4.9,5.13,-1.5,0.0,9,,,,,3.63,0.0,2026,STABLE,3,3,3,36.0,36.0,36.0,2.33,5.0,7.33,0.0,3.63,-0.0,100.0,HEALTHY,none,-0.0,-0.0,-0.0,3.63,0.0,LOW,no material weather signal,69.8,6.8,6.3,0.0,Open-Meteo game-time forecast,3.63,0.0,,,3.63,0.0,0.0,,,,
1370218620990263296,12-Team Dynasty — One League to Rule Them All,11,False,12487,Terrance Ferguson,TE,LAR,PHI,away,2026-10-04,13:00,43.5,outdoors,,,8.99,weekly projected points + current usage + injury ripple,13.33,154.4,C,Questionable,,QUESTIONABLE,1,,,,,,,,,,,,8.2,0.41,2026,STABLE,3,3,3,26.0,45.0,45.0,4.0,0.0,4.0,1.0,8.61,-0.0,100.0,HEALTHY,none,-0.0,-0.0,-0.0,8.61,0.0,LOW,no material weather signal,69.2,4.1,3.6,38.0,Open-Meteo game-time forecast,8.61,0.38,TE1 QUESTIONABLE/DNP: TE2 route/target opportunity rises,HIGH,8.99,0.0,0.0,,,,
1370218620990263296,12-Team Dynasty — One League to Rule Them All,11,False,12490,Bhayshul Tuten,RB,JAX,CIN,away,2026-10-04,13:00,51.5,outdoors,,,14.47,Sleeper raw-stat projection × league scoring + current usage + OL health,24.07,96.0,B-,,,,1,,13.5,12.4,12.66,1.1,0.0,9,,,,,13.76,0.81,2026,STABLE,3,3,3,48.0,49.3,49.3,1.67,14.33,16.0,2.0,14.57,-0.1,90.0,HEALTHY,LT Anton Harrison (AT RISK),-0.35,-0.11,-0.0,14.47,0.0,LOW,no material weather signal,71.3,4.7,6.0,21.0,Open-Meteo game-time forecast,14.47,0.0,,,14.47,0.0,0.0,,,,
1370218620990263296,12-Team Dynasty — One League to Rule Them All,11,False,12536,Jaylin Noel,WR,HOU,DAL,home,2026-10-04,13:00,48.5,,,,0.48,Sleeper raw-stat projection × league scoring + OL health,68.93,167.0,F,,,,4,,5.6,7.1,2.12,-1.5,0.0,9,,,,,0.62,0.0,2026,STABLE,3,3,3,26.0,38.7,38.7,3.0,0.67,3.0,0.0,0.62,-0.14,90.0,HEALTHY,RT Trent Brown (AT RISK),-0.35,-0.11,-0.0,0.48,0.0,LOW,no material weather signal,82.6,12.5,17.4,45.0,Open-Meteo game-time forecast,0.48,0.0,,,0.48,0.0,0.0,,,,
1370218620990263296,12-Team Dynasty — One League to Rule Them All,11,False,13270,CJ Daniels,WR,LAR,PHI,away,2026-10-04,13:00,43.5,outdoors,,,0.0,season-long ECR proxy,,,,Out,,OUT,7,,,,,,,,,,,,0.0,0.0,,,,,,,,,,,,,0.0,-0.0,100.0,HEALTHY,none,-0.0,-0.0,-0.0,0.0,0.0,LOW,no material weather signal,69.2,4.1,3.6,38.0,Open-Meteo game-time forecast,0.0,0.0,,,0.0,0.0,0.0,,,,
1370218620990263296,12-Team Dynasty — One League to Rule Them All,11,False,13282,Jack Endries,TE,CIN,JAX,home,2026-10-04,13:00,51.5,outdoors,,,0.0,season-long ECR proxy + current usage,,285.0,,Out,,OUT,4,,,,,,,,,,,,0.0,-0.49,2026,STABLE,2,0,1,2.0,2.0,2.0,0.0,0.0,0.0,-3.0,0.0,-0.0,100.0,HEALTHY,none,-0.0,-0.0,-0.0,0.0,0.0,LOW,no material weather signal,71.3,4.7,6.0,21.0,Open-Meteo game-time forecast,0.0,0.0,,,0.0,0.0,0.0,,,,
1370218620990263296,12-Team Dynasty — One League to Rule Them All,11,False,13305,Mike Washington,RB,LV,KC,home,2026-10-04,16:25,47.5,dome,,,2.74,Sleeper raw-stat projection × league scoring + current usage + OL health,53.76,183.75,F,,,,2,,4.4,5.1,4.39,-0.7,0.0,9,,,,,3.69,-0.81,2026,STABLE,3,3,3,16.0,18.0,18.0,0.33,5.0,5.33,-2.0,2.88,-0.14,91.7,HEALTHY,RG Jackson Powers-Johnson (AT RISK),-0.11,-0.2,-0.0,2.74,0.0,INDOOR,indoor,,,,,indoor/no weather adjustment,2.74,0.0,,,2.74,0.0,0.0,,,,
1370218620990263296,12-Team Dynasty — One League to Rule Them All,11,False,13311,Chris Bell,WR,MIA,MIN,away,2026-10-04,16:05,38.5,dome,,,3.09,Sleeper raw-stat projection × league scoring,74.08,146.8,F,,,,3,,4.7,6.7,5.09,-2.0,0.0,9,,,,,3.09,0.0,2026,STABLE,3,3,3,71.0,54.7,54.7,3.33,0.0,3.33,0.0,3.09,-0.0,100.0,HEALTHY,none,-0.0,-0.0,-0.0,3.09,0.0,INDOOR,indoor,,,,,indoor/no weather adjustment,3.09,0.0,,,3.09,0.0,0.0,,,,
1370218620990263296,12-Team Dynasty — One League to Rule Them All,11,False,13320,Zachariah Branch,WR,ATL,NO,away,2026-10-05,20:15,48.5,dome,,,0.15,Sleeper raw-stat projection × league scoring + current usage + OL health,93.59,206.75,F,,,,4,,4.2,5.7,3.1,-1.5,0.0,8,,,,,1.6,-1.22,2026,STABLE,3,3,3,18.0,22.7,22.7,1.33,0.0,1.33,-3.0,0.38,-0.23,73.3,DEGRADED,LT Jake Matthews (AT RISK) | C Ryan Neuzil (AT RISK) | RG Chris Lindstrom (AT RISK),-0.58,-0.51,-0.0,0.15,0.0,INDOOR,indoor,,,,,indoor/no weather adjustment,0.15,0.0,,,0.15,0.0,0.0,,,,
1370218620990263296,12-Team Dynasty — One League to Rule Them All,11,False,13324,Matt Hibner,TE,BAL,TEN,home,2026-10-04,13:00,43.5,outdoors,,,2.01,Sleeper raw-stat projection × league scoring + OL health,,,,,,,2,,4.3,,2.28,0.0,0.0,7,,,,,2.28,0.0,,,,,,,,,,,,,2.28,-0.27,77.8,MINOR CONCERN,LT Ronnie Stanley (UNAVAILABLE),-0.78,-0.24,-0.0,2.01,0.0,LOW,no material weather signal,66.5,3.4,3.1,44.0,Open-Meteo game-time forecast,2.01,0.0,,,2.01,0.0,0.0,,,,
1370218620990263296,12-Team Dynasty — One League to Rule Them All,11,False,1339,Zach Ertz,TE,PHI,LAR,home,2026-10-04,13:00,43.5,outdoors,,,3.8,Sleeper raw-stat projection × league scoring + injury ripple,33.72,288.0,F,,,,,,3.2,4.7,4.45,-1.5,0.0,7,,,,,2.95,0.0,2026,STABLE,3,1,1,38.0,38.0,38.0,2.0,0.0,2.0,0.0,2.95,-0.0,100.0,HEALTHY,none,-0.0,-0.0,-0.0,2.95,0.0,LOW,no material weather signal,69.2,4.1,3.6,38.0,Open-Meteo game-time forecast,2.95,0.85,TE1 OUT/IR: TE2 route/target opportunity rises,HIGH,3.8,0.0,0.0,,,,
1370218620990263296,12-Team Dynasty — One League to Rule Them All,11,False,13413,Cyrus Allen,WR,KC,LV,away,2026-10-04,16:25,47.5,dome,,,0.0,Sleeper raw-stat projection × league scoring + current usage + OL health,118.09,218.25,F,,,,5,,2.0,3.5,0.46,-1.5,0.0,6,,,,,0.0,-1.22,2026,STABLE,3,1,3,2.0,2.3,2.3,1.0,0.0,1.0,-3.0,0.0,-0.31,77.8,MINOR CONCERN,LT Josh Simmons (UNAVAILABLE),-0.78,-0.24,-0.0,0.0,0.0,INDOOR,indoor,,,,,indoor/no weather adjustment,0.0,0.0,,,0.0,0.0,0.0,,,,
1370218620990263296,12-Team Dynasty — One League to Rule Them All,11,False,3198,Derrick Henry,RB,BAL,TEN,home,2026-10-04,13:00,43.5,outdoors,,,21.33,Sleeper raw-stat projection × league scoring + current usage + OL health,6.59,91.6,A,,,,1,,18.9,18.4,20.25,0.5,0.0,9,,,,,20.75,0.81,2026,STABLE,3,3,3,67.0,58.0,58.0,1.67,22.0,23.67,2.0,21.56,-0.23,77.8,MINOR CONCERN,LT Ronnie Stanley (UNAVAILABLE),-0.78,-0.24,-0.0,21.33,0.0,LOW,no material weather signal,66.5,3.4,3.1,44.0,Open-Meteo game-time forecast,21.33,0.0,,,21.33,0.0,0.0,,,,
1370218620990263296,12-Team Dynasty — One League to Rule Them All,11,False,3257,Jacoby Brissett,QB,ARI,NYG,away,2026-10-04,13:00,44.5,outdoors,,,18.56,Sleeper raw-stat projection × league scoring + current usage + OL health,22.93,112.5,D-,,,,1,,15.4,14.9,17.73,0.5,0.0,9,,,,,18.23,0.41,2026,STABLE,3,3,3,100.0,100.0,100.0,0.0,3.67,0.0,2.0,18.64,-0.08,91.7,HEALTHY,RG Isaiah Adams (AT RISK),-0.11,-0.2,-0.0,18.56,0.0,LOW,no material weather signal,69.6,4.8,5.6,34.0,Open-Meteo game-time forecast,18.56,0.0,,,18.56,0.0,0.0,,,,
1370218620990263296,12-Team Dynasty — One League to Rule Them All,11,False,3634,Kalif Raymond,WR,CHI,NYJ,home,2026-10-04,13:00,43.5,outdoors,,,9.58,Sleeper raw-stat projection × league scoring + current usage + OL health,61.88,,D-,,,,3,,7.1,8.6,10.0,-1.5,0.0,9,,,,,8.5,1.22,2026,STABLE,3,3,3,75.0,65.7,65.7,7.0,0.0,7.0,3.0,9.72,-0.14,90.0,HEALTHY,LT Braxton Jones (AT RISK),-0.35,-0.11,-0.0,9.58,0.0,LOW,no material weather signal,65.3,9.9,13.4,3.0,Open-Meteo game-time forecast,9.58,0.0,,,9.58,0.0,0.0,,,,
1370218620990263296,12-Team Dynasty — One League to Rule Them All,11,False,4017,Deshaun Watson,QB,CLE,PIT,home,2026-10-01,20:15,38.5,outdoors,,,17.56,Sleeper raw-stat projection × league scoring + current usage + OL health,24.45,154.33,F,,,,1,,14.4,14.4,17.68,0.0,0.0,9,,,,,17.68,0.41,2026,STABLE,3,3,3,99.0,99.7,99.7,0.0,8.0,0.0,2.0,18.09,-0.53,63.1,DEGRADED,C Elgton Jenkins (AT RISK) | RG Teven Jenkins (UNAVAILABLE) | RT Tytus Howard (AT RISK),-0.71,-0.76,-0.0,17.56,0.0,LOW,no material weather signal,76.9,8.9,18.8,4.0,Open-Meteo game-time forecast,17.56,0.0,,,17.56,0.0,0.0,,,,
1370218620990263296,12-Team Dynasty — One League to Rule Them All,11,False,5022,Dallas Goedert,TE,PHI,LAR,home,2026-10-04,13:00,43.5,outdoors,,,0.76,season-long ECR proxy + current usage + injury ripple,,125.2,,Out,,OUT,4,,,,,,,,,,,,0.0,0.26,2026,STABLE,2,2,2,25.0,60.0,60.0,3.5,0.0,3.5,1.0,0.26,-0.0,100.0,HEALTHY,none,-0.0,-0.0,-0.0,0.26,0.0,LOW,no material weather signal,69.2,4.1,3.6,38.0,Open-Meteo game-time forecast,0.26,0.5,Starting safety OUT/IR: TE middle/deep matchup improves,MEDIUM,0.76,0.0,0.0,,,,
1370218620990263296,12-Team Dynasty — One League to Rule Them All,11,False,5850,Josh Jacobs,RB,GB,TB,away,2026-10-04,13:00,39.5,outdoors,,,15.6,season-long ECR proxy + OL health,,105.6,,NA,,,4,,,,,,,,,,,,16.04,0.0,,,,,,,,,,,,,16.04,-0.44,73.1,DEGRADED,LG Aaron Banks (UNAVAILABLE) | RG Jacob Monk (AT RISK),-0.36,-0.65,-0.0,15.6,0.0,LOW,no material weather signal,90.8,9.6,11.2,2.0,Open-Meteo game-time forecast,15.6,0.0,,,15.6,0.0,0.0,,,,
1370218620990263296,12-Team Dynasty — One League to Rule Them All,11,False,5927,Terry McLaurin,WR,WAS,IND,home,2026-10-04,09:30,47.5,outdoors,,,13.1,Sleeper raw-stat projection × league scoring + current usage + injury ripple,40.93,86.0,C,,,,1,,11.1,10.6,11.58,0.5,0.0,9,,,,,12.08,1.22,2026,STABLE,3,3,3,75.0,77.3,77.3,7.33,0.0,7.33,3.0,13.3,-0.0,100.0,HEALTHY,none,-0.0,-0.0,-0.0,13.3,0.0,LOW,no material weather signal,62.9,3.4,5.8,44.0,Open-Meteo game-time forecast,13.3,-0.2,QB1 OUT/IR: pass-catcher efficiency risk with backup QB | TE1 OUT/IR: WR1 target share can rise,MEDIUM,13.1,0.0,0.0,,,,
1370218620990263296,12-Team Dynasty — One League to Rule Them All,11,False,6794,Justin Jefferson,WR,MIN,MIA,home,2026-10-04,16:05,38.5,dome,,,0.67,Sleeper raw-stat projection × league scoring + current usage + OL health,6.15,21.2,A+,Out,,OUT,1,,0.0,17.0,16.38,-17.0,0.0,7,,,,,0.0,0.81,2026,STABLE,3,3,3,12.0,68.0,68.0,5.67,0.0,5.67,2.0,0.81,-0.14,90.0,HEALTHY,LT Christian Darrisaw (AT RISK),-0.35,-0.11,-0.0,0.67,0.0,INDOOR,indoor,,,,,indoor/no weather adjustment,0.67,0.0,,,0.67,0.0,0.0,,,,
1370218620990263296,12-Team Dynasty — One League to Rule Them All,11,False,6804,Jordan Love,QB,GB,TB,away,2026-10-04,13:00,39.5,outdoors,,,20.05,Sleeper raw-stat projection × league scoring + current usage + OL health,10.83,39.4,B,,,,1,,18.0,17.5,19.41,0.5,0.0,9,,,,,19.91,0.41,2026,STABLE,3,3,3,100.0,100.0,100.0,0.0,0.67,0.0,2.0,20.32,-0.27,73.1,DEGRADED,LG Aaron Banks (UNAVAILABLE) | RG Jacob Monk (AT RISK),-0.36,-0.65,-0.0,20.05,0.0,LOW,no material weather signal,90.8,9.6,11.2,2.0,Open-Meteo game-time forecast,20.05,0.0,,,20.05,0.0,0.0,,,,
1370218620990263296,12-Team Dynasty — One League to Rule Them All,11,False,6904,Jalen Hurts,QB,PHI,LAR,home,2026-10-04,13:00,43.5,outdoors,,,18.95,Sleeper raw-stat projection × league scoring + current usage,4.93,13.4,A,,,,1,,20.6,20.1,18.04,0.5,0.0,9,,,,,18.54,0.41,2026,STABLE,3,3,3,92.0,97.3,97.3,0.0,5.33,0.0,2.0,18.95,-0.0,100.0,HEALTHY,none,-0.0,-0.0,-0.0,18.95,0.0,LOW,no material weather signal,69.2,4.1,3.6,38.0,Open-Meteo game-time forecast,18.95,0.0,,,18.95,0.0,0.0,,,,
1370218620990263296,12-Team Dynasty — One League to Rule Them All,11,False,7564,Ja'Marr Chase,WR,CIN,JAX,home,2026-10-04,13:00,51.5,outdoors,,,20.8,Sleeper raw-stat projection × league scoring + current usage,3.2,4.8,A+,,,,1,,20.5,19.4,18.08,1.1,0.0,9,,,,,19.18,1.62,2026,STABLE,3,3,3,100.0,94.0,94.0,8.33,0.0,8.33,4.0,20.8,-0.0,100.0,HEALTHY,none,-0.0,-0.0,-0.0,20.8,0.0,LOW,no material weather signal,71.3,4.7,6.0,21.0,Open-Meteo game-time forecast,20.8,0.0,,,20.8,0.0,0.0,,,,
1370218620990263296,12-Team Dynasty — One League to Rule Them All,11,False,9484,Tucker Kraft,TE,GB,TB,away,2026-10-04,13:00,39.5,outdoors,,,13.61,Sleeper raw-stat projection × league scoring + current usage + OL health,8.05,61.4,B,,,,1,,12.6,12.1,12.47,0.5,0.0,7,,,,,12.97,0.81,2026,STABLE,3,3,3,76.0,80.0,80.0,5.67,0.0,5.67,2.0,13.78,-0.17,73.1,DEGRADED,LG Aaron Banks (UNAVAILABLE) | RG Jacob Monk (AT RISK),-0.36,-0.65,-0.0,13.61,0.0,LOW,no material weather signal,90.8,9.6,11.2,2.0,Open-Meteo game-time forecast,13.61,0.0,,,13.61,0.0,0.0,,,,
1370218620990263296,12-Team Dynasty — One League to Rule Them All,11,False,9754,Quentin Johnston,WR,LAC,SEA,away,2026-10-04,16:25,42.5,outdoors,,,9.03,Sleeper raw-stat projection × league scoring + current usage,46.22,115.8,C,,,,2,,9.2,9.9,8.51,-0.7,0.0,9,,,,,7.81,1.22,2026,STABLE,3,3,3,87.0,82.0,82.0,5.67,0.33,5.67,3.0,9.03,-0.0,100.0,HEALTHY,none,-0.0,-0.0,-0.0,9.03,0.0,LOW,no material weather signal,69.8,6.8,6.3,0.0,Open-Meteo game-time forecast,9.03,0.0,,,9.03,0.0,0.0,,,,
1370218620990263296,12-Team Dynasty — One League to Rule Them All,12,False,10218,Xavier Hutchinson,WR,HOU,DAL,home,2026-10-04,13:00,48.5,,,,7.51,Sleeper raw-stat projection × league scoring + current usage + OL health + injury ripple,52.76,,C-,,,,2,,8.8,9.5,5.63,-0.7,0.0,9,,,,,4.93,1.22,2026,STABLE,3,3,3,54.0,63.7,63.7,7.0,0.67,7.0,3.0,6.15,-0.14,90.0,HEALTHY,RT Trent Brown (AT RISK),-0.35,-0.11,-0.0,6.01,0.0,LOW,no material weather signal,82.6,12.5,17.4,45.0,Open-Meteo game-time forecast,6.01,1.5,Opponent CB1 OUT/IR: secondary WR matchup improves | WR1 OUT/IR: target concentration rises for next WR,HIGH,7.51,0.0,0.0,,,,
1370218620990263296,12-Team Dynasty — One League to Rule Them All,12,False,11237,Jacob Saylors,RB,DET,CAR,away,2026-10-04,20:20,50.5,outdoors,,,0.0,Sleeper raw-stat projection × league scoring + current usage,88.09,,F,,,,3,,0.0,0.8,0.29,-0.8,0.0,9,,,,,0.0,-1.22,2026,STABLE,3,3,3,3.0,1.0,1.0,0.0,0.0,0.0,-3.0,0.0,-0.0,100.0,HEALTHY,none,-0.0,-0.0,-0.0,0.0,0.0,LOW,no material weather signal,63.9,4.6,8.1,62.0,Open-Meteo game-time forecast,0.0,0.0,,,0.0,0.0,0.0,,,,
1370218620990263296,12-Team Dynasty — One League to Rule Them All,12,False,11596,Ben Sinnott,TE,WAS,IND,home,2026-10-04,09:30,47.5,outdoors,,,0.85,Sleeper raw-stat projection × league scoring + current usage + injury ripple,44.43,222.5,F,,,,3,,2.0,3.5,1.21,-1.5,0.0,7,,,,,0.0,-0.41,2026,STABLE,3,2,3,49.0,47.7,47.7,1.0,0.0,1.0,-1.0,0.0,-0.0,100.0,HEALTHY,none,-0.0,-0.0,-0.0,0.0,0.0,LOW,no material weather signal,62.9,3.4,5.8,44.0,Open-Meteo game-time forecast,0.0,0.85,TE1 OUT/IR: TE2 route/target opportunity rises,HIGH,0.85,0.0,0.0,,,,
1370218620990263296,12-Team Dynasty — One League to Rule Them All,12,False,11637,Keon Coleman,WR,BUF,NE,home,2026-10-04,13:00,48.5,outdoors,,,3.24,Sleeper raw-stat projection × league scoring,68.89,219.75,F,,,,3,,5.1,6.6,4.74,-1.5,0.0,9,,,,,3.24,0.0,2026,STABLE,3,3,3,48.0,57.3,57.3,3.0,0.0,3.0,0.0,3.24,-0.0,100.0,HEALTHY,none,-0.0,-0.0,-0.0,3.24,0.0,LOW,no material weather signal,65.5,10.0,12.3,7.0,Open-Meteo game-time forecast,3.24,0.0,,,3.24,0.0,0.0,,,,
1370218620990263296,12-Team Dynasty — One League to Rule Them All,12,False,11643,Jaylen Wright,RB,MIA,MIN,away,2026-10-04,16:05,38.5,dome,,,3.01,Sleeper raw-stat projection × league scoring + current usage,,228.5,,Out,,OUT,2,,0.0,,3.8,0.0,0.0,9,,,,,3.8,-0.79,2026,STABLE,2,2,2,5.0,6.0,6.0,0.0,1.5,1.5,-3.0,3.01,-0.0,100.0,HEALTHY,none,-0.0,-0.0,-0.0,3.01,0.0,INDOOR,indoor,,,,,indoor/no weather adjustment,3.01,0.0,,,3.01,0.0,0.0,,,,
1370218620990263296,12-Team Dynasty — One League to Rule Them All,12,False,11729,Sione Vaki,RB,DET,CAR,away,2026-10-04,20:20,50.5,outdoors,,,4.21,Sleeper raw-stat projection × league scoring,64.73,,F,,,,2,,3.2,3.3,4.31,-0.1,0.0,9,,,,,4.21,0.0,2026,STABLE,3,3,3,31.0,25.7,25.7,1.0,3.0,4.0,0.0,4.21,-0.0,100.0,HEALTHY,none,-0.0,-0.0,-0.0,4.21,0.0,LOW,no material weather signal,63.9,4.6,8.1,62.0,Open-Meteo game-time forecast,4.21,0.0,,,4.21,0.0,0.0,,,,
1370218620990263296,12-Team Dynasty — One League to Rule Them All,12,False,12484,Jayden Higgins,WR,HOU,DAL,home,2026-10-04,13:00,48.5,,,,0.0,season-long ECR proxy + OL health,,117.6,,IR,,IR/PUP,9,,,,,,,,,,,,0.0,0.0,,,,,,,,,,,,,0.0,-0.14,90.0,HEALTHY,RT Trent Brown (AT RISK),-0.35,-0.11,-0.0,0.0,0.0,LOW,no material weather signal,82.6,12.5,17.4,45.0,Open-Meteo game-time forecast,0.0,0.0,,,0.0,0.0,0.0,,,,
1370218620990263296,12-Team Dynasty — One League to Rule Them All,12,False,12503,Isaiah Bond,WR,CLE,PIT,home,2026-10-01,20:15,38.5,outdoors,,,0.0,Sleeper raw-stat projection × league scoring + current usage + OL health,131.94,237.0,F,,,,4,,0.2,2.2,2.06,-2.0,0.0,9,,,,,0.06,-1.22,2026,STABLE,3,1,3,7.0,9.3,9.3,1.0,0.0,1.0,-3.0,0.0,-0.28,63.1,DEGRADED,C Elgton Jenkins (AT RISK) | RG Teven Jenkins (UNAVAILABLE) | RT Tytus Howard (AT RISK),-0.71,-0.76,-0.0,0.0,0.0,LOW,no material weather signal,76.9,8.9,18.8,4.0,Open-Meteo game-time forecast,0.0,0.0,,,0.0,0.0,0.0,,,,
1370218620990263296,12-Team Dynasty — One League to Rule Them All,12,False,12504,Kaleb Johnson,RB,GB,TB,away,2026-10-04,13:00,39.5,outdoors,,,3.69,Sleeper raw-stat projection × league scoring + current usage + OL health,40.17,231.2,D,,,,2,,7.5,8.2,5.64,-0.7,0.0,9,,,,,4.94,-0.81,2026,STABLE,3,3,3,36.0,21.0,21.0,1.0,4.0,5.0,-2.0,4.13,-0.44,73.1,DEGRADED,LG Aaron Banks (UNAVAILABLE) | RG Jacob Monk (AT RISK),-0.36,-0.65,-0.0,3.69,0.0,LOW,no material weather signal,90.8,9.6,11.2,2.0,Open-Meteo game-time forecast,3.69,0.0,,,3.69,0.0,0.0,,,,
1370218620990263296,12-Team Dynasty — One League to Rule Them All,12,False,12535,Isaac TeSlaa,WR,DET,CAR,away,2026-10-04,20:20,50.5,outdoors,,,3.62,Sleeper raw-stat projection × league scoring + current usage,85.36,197.75,F,,,,3,,5.1,6.0,4.11,-0.9,0.0,9,,,,,3.21,0.41,2026,STABLE,3,3,3,48.0,63.7,63.7,3.0,0.0,3.0,1.0,3.62,-0.0,100.0,HEALTHY,none,-0.0,-0.0,-0.0,3.62,0.0,LOW,no material weather signal,63.9,4.6,8.1,62.0,Open-Meteo game-time forecast,3.62,0.0,,,3.62,0.0,0.0,,,,
1370218620990263296,12-Team Dynasty — One League to Rule Them All,12,False,13299,Nate Boerkircher,TE,JAX,CIN,away,2026-10-04,13:00,51.5,outdoors,,,1.24,Sleeper raw-stat projection × league scoring + current usage + OL health,63.58,325.0,F,,,,2,,2.0,2.1,1.87,-0.1,0.0,7,,,,,1.77,-0.41,2026,STABLE,3,2,3,45.0,50.3,50.3,1.0,0.0,1.0,-1.0,1.36,-0.12,90.0,HEALTHY,LT Anton Harrison (AT RISK),-0.35,-0.11,-0.0,1.24,0.0,LOW,no material weather signal,71.3,4.7,6.0,21.0,Open-Meteo game-time forecast,1.24,0.0,,,1.24,0.0,0.0,,,,
1370218620990263296,12-Team Dynasty — One League to Rule Them All,12,False,1466,Travis Kelce,TE,KC,LV,away,2026-10-04,16:25,47.5,dome,,,15.53,Sleeper raw-stat projection × league scoring + current usage + OL health + injury ripple,4.6,152.0,A,,,,1,,13.8,13.3,13.99,0.5,0.0,7,,,,,14.49,0.81,2026,STABLE,3,3,3,79.0,78.3,78.3,6.0,0.0,6.0,2.0,15.3,-0.27,77.8,MINOR CONCERN,LT Josh Simmons (UNAVAILABLE),-0.78,-0.24,-0.0,15.03,0.0,INDOOR,indoor,,,,,indoor/no weather adjustment,15.03,0.5,Starting safety OUT/IR: TE middle/deep matchup improves,MEDIUM,15.53,0.0,0.0,,,,
1370218620990263296,12-Team Dynasty — One League to Rule Them All,12,False,3294,Dak Prescott,QB,DAL,HOU,away,2026-10-04,13:00,48.5,,,,21.06,Sleeper raw-stat projection × league scoring + current usage,5.81,33.4,A,,,,1,,19.8,19.3,20.15,0.5,0.0,9,,,,,20.65,0.41,2026,STABLE,3,3,3,100.0,100.0,100.0,0.0,3.33,0.0,2.0,21.06,-0.0,100.0,HEALTHY,none,-0.0,-0.0,-0.0,21.06,0.0,LOW,no material weather signal,82.6,12.5,17.4,45.0,Open-Meteo game-time forecast,21.06,0.0,,,21.06,0.0,0.0,,,,
1370218620990263296,12-Team Dynasty — One League to Rule Them All,12,False,4037,Chris Godwin,WR,TB,GB,home,2026-10-04,13:00,39.5,outdoors,,,8.04,Sleeper raw-stat projection × league scoring + current usage + injury ripple,41.63,120.0,C,,,,2,,9.6,10.3,8.78,-0.7,0.0,9,,,,,8.08,0.41,2026,STABLE,3,3,3,62.0,78.0,78.0,3.67,0.67,3.67,1.0,8.49,-0.0,100.0,HEALTHY,none,-0.0,-0.0,-0.0,8.49,0.0,LOW,no material weather signal,90.8,9.6,11.2,2.0,Open-Meteo game-time forecast,8.49,-0.45,QB1 OUT/IR: pass-catcher efficiency risk with backup QB,MEDIUM,8.04,0.0,0.0,,,,
1370218620990263296,12-Team Dynasty — One League to Rule Them All,12,False,4046,Patrick Mahomes,QB,KC,LV,away,2026-10-04,16:25,47.5,dome,,,24.57,Sleeper raw-stat projection × league scoring + current usage + OL health,4.21,16.8,A,,,,1,,21.5,21.0,24.24,0.5,0.0,9,,,,,24.74,0.41,2026,STABLE,3,3,3,100.0,100.0,100.0,0.0,3.33,0.0,2.0,25.15,-0.58,77.8,MINOR CONCERN,LT Josh Simmons (UNAVAILABLE),-0.78,-0.24,-0.0,24.57,0.0,INDOOR,indoor,,,,,indoor/no weather adjustment,24.57,0.0,,,24.57,0.0,0.0,,,,
1370218620990263296,12-Team Dynasty — One League to Rule Them All,12,False,4866,Saquon Barkley,RB,PHI,LAR,home,2026-10-04,13:00,43.5,outdoors,,,15.41,Sleeper raw-stat projection × league scoring + current usage,10.73,64.8,A-,,,,1,,16.6,16.1,14.5,0.5,0.0,9,,,,,15.0,0.41,2026,STABLE,3,3,3,72.0,53.0,53.0,2.0,11.33,13.33,1.0,15.41,-0.0,100.0,HEALTHY,none,-0.0,-0.0,-0.0,15.41,0.0,LOW,no material weather signal,69.2,4.1,3.6,38.0,Open-Meteo game-time forecast,15.41,0.0,,,15.41,0.0,0.0,,,,
1370218620990263296,12-Team Dynasty — One League to Rule Them All,12,False,5872,Deebo Samuel,WR,SF,DEN,home,2026-10-04,16:25,47.5,outdoors,,,9.24,Sleeper raw-stat projection × league scoring + OL health + injury ripple,26.2,164.5,B,,,,2,,11.1,11.8,8.98,-0.7,0.0,9,,,,,8.28,0.0,2026,STABLE,3,3,3,76.0,59.3,59.3,3.67,1.33,3.67,0.0,8.28,-0.14,90.0,HEALTHY,LT Trent Williams (AT RISK),-0.35,-0.11,-0.0,8.14,0.0,LOW,no material weather signal,,,,,schedule fallback,8.14,1.1,WR1 OUT/IR: target concentration rises for next WR,HIGH,9.24,0.0,0.0,,,,
1370218620990263296,12-Team Dynasty — One League to Rule Them All,12,False,5892,David Montgomery,RB,HOU,DAL,home,2026-10-04,13:00,48.5,,,,15.56,Sleeper raw-stat projection × league scoring + current usage + OL health,21.22,113.6,B-,,,,1,,13.0,12.5,14.75,0.5,0.0,9,,,,,15.25,0.41,2026,STABLE,3,3,3,63.0,54.7,54.7,2.33,12.33,14.67,1.0,15.66,-0.1,90.0,HEALTHY,RT Trent Brown (AT RISK),-0.35,-0.11,-0.0,15.56,0.0,LOW,no material weather signal,82.6,12.5,17.4,45.0,Open-Meteo game-time forecast,15.56,0.0,,,15.56,0.0,0.0,,,,
1370218620990263296,12-Team Dynasty — One League to Rule Them All,12,False,6039,Ty Johnson,RB,BUF,NE,home,2026-10-04,13:00,48.5,outdoors,,,3.96,Sleeper raw-stat projection × league scoring + current usage,64.14,282.0,F,,,,2,,1.9,2.6,4.98,-0.7,0.0,9,,,,,4.28,-0.32,2026,STABLE,3,1,1,23.0,23.0,23.0,4.0,0.0,4.0,-2.0,3.96,-0.0,100.0,HEALTHY,none,-0.0,-0.0,-0.0,3.96,0.0,LOW,no material weather signal,65.5,10.0,12.3,7.0,Open-Meteo game-time forecast,3.96,0.0,,,3.96,0.0,0.0,,,,
1370218620990263296,12-Team Dynasty — One League to Rule Them All,12,False,6768,Tua Tagovailoa,QB,ATL,NO,away,2026-10-05,20:15,48.5,dome,,,0.0,weekly projected points + OL health,44.0,152.75,F,,,,3,,,,,,,,,,,,0.0,0.0,,,,,,,,,,,,,0.0,-0.43,73.3,DEGRADED,LT Jake Matthews (AT RISK) | C Ryan Neuzil (AT RISK) | RG Chris Lindstrom (AT RISK),-0.58,-0.51,-0.0,0.0,0.0,INDOOR,indoor,,,,,indoor/no weather adjustment,0.0,0.0,,,0.0,0.0,0.0,,,,
1370218620990263296,12-Team Dynasty — One League to Rule Them All,12,False,6786,CeeDee Lamb,WR,DAL,HOU,away,2026-10-04,13:00,48.5,,,,19.06,Sleeper raw-stat projection × league scoring + current usage,4.32,15.8,A+,,,,1,,18.8,18.3,17.34,0.5,0.0,9,,,,,17.84,1.22,2026,STABLE,3,3,3,82.0,79.3,79.3,8.33,0.33,8.33,3.0,19.06,-0.0,100.0,HEALTHY,none,-0.0,-0.0,-0.0,19.06,0.0,LOW,no material weather signal,82.6,12.5,17.4,45.0,Open-Meteo game-time forecast,19.06,0.0,,,19.06,0.0,0.0,,,,
1370218620990263296,12-Team Dynasty — One League to Rule Them All,12,False,6801,Tee Higgins,WR,CIN,JAX,home,2026-10-04,13:00,51.5,outdoors,,,17.04,Sleeper raw-stat projection × league scoring + current usage,19.22,55.8,A-,,,,2,,13.1,13.2,15.92,-0.1,0.0,9,,,,,15.82,1.22,2026,STABLE,3,3,3,93.0,79.0,79.0,7.67,0.0,7.67,3.0,17.04,-0.0,100.0,HEALTHY,none,-0.0,-0.0,-0.0,17.04,0.0,LOW,no material weather signal,71.3,4.7,6.0,21.0,Open-Meteo game-time forecast,17.04,0.0,,,17.04,0.0,0.0,,,,
1370218620990263296,12-Team Dynasty — One League to Rule Them All,12,False,7002,Juwan Johnson,TE,NO,ATL,home,2026-10-05,20:15,48.5,dome,,,15.06,Sleeper raw-stat projection × league scoring + current usage,12.4,149.8,C,,,,1,,10.8,10.3,13.75,0.5,0.0,7,,,,,14.25,0.81,2026,STABLE,3,3,3,62.0,66.3,66.3,6.33,0.0,6.33,2.0,15.06,-0.0,100.0,HEALTHY,none,-0.0,-0.0,-0.0,15.06,0.0,INDOOR,indoor,,,,,indoor/no weather adjustment,15.06,0.0,,,15.06,0.0,0.0,,,,
1370218620990263296,12-Team Dynasty — One League to Rule Them All,12,False,7526,Jaylen Waddle,WR,DEN,SF,away,2026-10-04,16:25,47.5,outdoors,,,14.2,Sleeper raw-stat projection × league scoring + current usage + injury ripple,15.46,56.2,A,Questionable,,QUESTIONABLE,1,,12.1,14.1,12.44,0.5,2.5,9,,,,,12.94,0.81,2026,STABLE,3,3,3,73.0,69.7,69.7,6.67,0.33,6.67,2.0,13.75,-0.0,100.0,HEALTHY,none,-0.0,-0.0,-0.0,13.75,0.0,LOW,no material weather signal,,,,,schedule fallback,13.75,0.45,Opponent CB1 QUESTIONABLE/DNP: projected WR1 coverage matchup improves (not confirmed shadow),MEDIUM,14.2,0.0,0.0,,,,
1370218620990263296,12-Team Dynasty — One League to Rule Them All,12,False,7591,Justin Fields,QB,KC,LV,away,2026-10-04,16:25,47.5,dome,,,0.0,weekly projected points + current usage + OL health,40.0,,F,,,,2,,,,,,,,,,,,0.0,-0.16,2026,STABLE,1,0,1,1.0,1.0,1.0,0.0,0.0,0.0,-2.0,0.0,-0.58,77.8,MINOR CONCERN,LT Josh Simmons (UNAVAILABLE),-0.78,-0.24,-0.0,0.0,0.0,INDOOR,indoor,,,,,indoor/no weather adjustment,0.0,0.0,,,0.0,0.0,0.0,,,,
1370218620990263296,12-Team Dynasty — One League to Rule Them All,12,False,8162,Sam Howell,QB,DAL,HOU,away,2026-10-04,13:00,48.5,,,,0.0,weekly projected points,52.4,,F,,,,2,,,,,,,,,,,,0.0,0.0,,,,,,,,,,,,,0.0,-0.0,100.0,HEALTHY,none,-0.0,-0.0,-0.0,0.0,0.0,LOW,no material weather signal,82.6,12.5,17.4,45.0,Open-Meteo game-time forecast,0.0,0.0,,,0.0,0.0,0.0,,,,
1370218620990263296,12-Team Dynasty — One League to Rule Them All,12,False,8188,Tyquan Thornton,WR,KC,LV,away,2026-10-04,16:25,47.5,dome,,,3.61,Sleeper raw-stat projection × league scoring + OL health,70.71,247.5,F,,,,3,,6.0,7.5,5.42,-1.5,0.0,6,,,,,3.92,0.0,2026,STABLE,3,3,3,46.0,57.7,57.7,2.33,0.0,2.33,0.0,3.92,-0.31,77.8,MINOR CONCERN,LT Josh Simmons (UNAVAILABLE),-0.78,-0.24,-0.0,3.61,0.0,INDOOR,indoor,,,,,indoor/no weather adjustment,3.61,0.0,,,3.61,0.0,0.0,,,,
1370218620990263296,12-Team Dynasty — One League to Rule Them All,12,False,9221,Jahmyr Gibbs,RB,DET,CAR,away,2026-10-04,20:20,50.5,outdoors,,,26.96,Sleeper raw-stat projection × league scoring + current usage,1.1,9.6,A+,,,,1,,27.6,26.5,24.64,1.1,0.0,9,,,,,25.74,1.22,2026,STABLE,3,3,3,69.0,75.3,75.3,7.0,21.67,28.67,3.0,26.96,-0.0,100.0,HEALTHY,none,-0.0,-0.0,-0.0,26.96,0.0,LOW,no material weather signal,63.9,4.6,8.1,62.0,Open-Meteo game-time forecast,26.96,0.0,,,26.96,0.0,0.0,,,,
1370218620990263296,12-Team Dynasty — One League to Rule Them All,12,False,9225,Tank Bigsby,RB,PHI,LAR,home,2026-10-04,13:00,43.5,outdoors,,,1.82,Sleeper raw-stat projection × league scoring + current usage,55.35,199.4,F,,,,2,,4.3,5.0,3.33,-0.7,0.0,9,,,,,2.63,-0.81,2026,STABLE,3,3,3,4.0,16.3,16.3,1.0,4.67,5.67,-2.0,1.82,-0.0,100.0,HEALTHY,none,-0.0,-0.0,-0.0,1.82,0.0,LOW,no material weather signal,69.2,4.1,3.6,38.0,Open-Meteo game-time forecast,1.82,0.0,,,1.82,0.0,0.0,,,,
1370218620990263296,12-Team Dynasty — One League to Rule Them All,12,False,9480,Brenton Strange,TE,JAX,CIN,away,2026-10-04,13:00,51.5,outdoors,,,13.05,Sleeper raw-stat projection × league scoring + current usage + OL health + injury ripple,22.63,130.4,F,,,,1,,9.4,8.3,11.43,1.1,0.0,7,,,,,12.53,0.41,2026,STABLE,3,3,3,77.0,76.0,76.0,3.33,0.0,3.33,1.0,12.94,-0.12,90.0,HEALTHY,LT Anton Harrison (AT RISK),-0.35,-0.11,-0.0,12.82,0.0,LOW,no material weather signal,71.3,4.7,6.0,21.0,Open-Meteo game-time forecast,12.82,0.23,Starting safety QUESTIONABLE/DNP: TE middle/deep matchup improves,MEDIUM,13.05,0.0,0.0,,,,
1370218620990263296,12-Team Dynasty — One League to Rule Them All,12,False,9501,DeMario Douglas,WR,NE,BUF,away,2026-10-04,13:00,48.5,outdoors,,,4.95,Sleeper raw-stat projection × league scoring + current usage + OL health + injury ripple,71.49,243.67,F,,,,3,,4.8,6.3,6.04,-1.5,0.0,9,,,,,4.54,0.41,2026,STABLE,3,3,3,59.0,56.0,56.0,4.67,0.0,4.67,1.0,4.95,-0.18,75.9,MINOR CONCERN,RG Greg Van Roten (UNAVAILABLE) | RT Morgan Moses (LIMITED),-0.45,-0.51,-0.0,4.77,0.0,LOW,no material weather signal,65.5,10.0,12.3,7.0,Open-Meteo game-time forecast,4.77,0.18,Opponent CB1 QUESTIONABLE/DNP: secondary WR matchup improves,MEDIUM,4.95,0.0,0.0,,,,
1366076769534251008,10-Team Dynasty — Dynasty V2,1,True,10219,Chris Rodriguez,RB,JAX,CIN,away,2026-10-04,13:00,51.5,outdoors,,,5.39,Sleeper raw-stat projection × league scoring + OL health,51.54,186.2,F,,,,2,,5.1,5.2,5.59,-0.1,0.0,10,,,,,5.49,0.0,2026,STABLE,3,3,3,21.0,27.7,27.7,0.0,6.67,6.67,0.0,5.49,-0.1,90.0,HEALTHY,LT Anton Harrison (AT RISK),-0.35,-0.11,-0.0,5.39,0.0,LOW,no material weather signal,71.3,4.7,6.0,21.0,Open-Meteo game-time forecast,5.39,0.0,,,5.39,0.0,0.0,,,,
1366076769534251008,10-Team Dynasty — Dynasty V2,1,True,10222,Jayden Reed,WR,GB,TB,away,2026-10-04,13:00,39.5,outdoors,,,0.12,season-long ECR proxy + current usage + OL health,,121.4,,Out,,OUT,4,,,,,,,,,,,,0.0,0.26,2026,STABLE,2,2,2,3.0,30.0,30.0,4.0,0.0,4.0,1.0,0.26,-0.14,73.1,DEGRADED,LG Aaron Banks (UNAVAILABLE) | RG Jacob Monk (AT RISK),-0.36,-0.65,-0.0,0.12,0.0,LOW,no material weather signal,90.8,9.6,11.2,2.0,Open-Meteo game-time forecast,0.12,0.0,,,0.12,0.0,0.0,,,,
1366076769534251008,10-Team Dynasty — Dynasty V2,1,True,11566,Jayden Daniels,QB,WAS,IND,home,2026-10-04,09:30,47.5,outdoors,,,0.13,season-long ECR proxy + current usage,,13.0,,Out,,OUT,2,,,,,,,,,,,,0.0,0.13,2026,STABLE,2,2,2,55.0,77.5,77.5,0.0,6.0,0.0,1.0,0.13,-0.0,100.0,HEALTHY,none,-0.0,-0.0,-0.0,0.13,0.0,LOW,no material weather signal,62.9,3.4,5.8,44.0,Open-Meteo game-time forecast,0.13,0.0,,,0.13,0.0,0.0,,,,
1366076769534251008,10-Team Dynasty — Dynasty V2,1,True,11581,MarShawn Lloyd,RB,GB,TB,away,2026-10-04,13:00,39.5,outdoors,,,8.73,Sleeper raw-stat projection × league scoring + current usage + OL health,41.95,219.0,D,,,,1,,8.2,7.7,8.26,0.5,0.0,10,,,,,8.76,0.41,2026,STABLE,3,3,3,23.0,31.3,31.3,2.0,7.67,9.67,1.0,9.17,-0.44,73.1,DEGRADED,LG Aaron Banks (UNAVAILABLE) | RG Jacob Monk (AT RISK),-0.36,-0.65,-0.0,8.73,0.0,LOW,no material weather signal,90.8,9.6,11.2,2.0,Open-Meteo game-time forecast,8.73,0.0,,,8.73,0.0,0.0,,,,
1366076769534251008,10-Team Dynasty — Dynasty V2,1,True,11583,Jonathon Brooks,RB,CAR,DET,home,2026-10-04,20:20,50.5,outdoors,,,0.0,season-long ECR proxy + current usage + OL health,,149.8,,IR,,IR/PUP,3,,,,,,,,,,,,0.0,-0.53,2026,STABLE,2,2,2,30.0,24.5,24.5,1.5,4.5,6.0,-2.0,0.0,-0.14,91.7,HEALTHY,LG Damien Lewis (AT RISK),-0.11,-0.2,-0.0,0.0,0.0,LOW,no material weather signal,63.9,4.6,8.1,62.0,Open-Meteo game-time forecast,0.0,0.0,,,0.0,0.0,0.0,,,,
1366076769534251008,10-Team Dynasty — Dynasty V2,1,True,11610,Malik Washington,WR,MIA,MIN,away,2026-10-04,16:05,38.5,dome,,,10.8,Sleeper raw-stat projection × league scoring + current usage,42.98,222.0,C,,,,1,,10.2,10.2,9.18,0.0,0.0,10,,,,,9.18,1.62,2026,STABLE,3,3,3,86.0,85.7,85.7,7.67,1.0,7.67,4.0,10.8,-0.0,100.0,HEALTHY,none,-0.0,-0.0,-0.0,10.8,0.0,INDOOR,indoor,,,,,indoor/no weather adjustment,10.8,0.0,,,10.8,0.0,0.0,,,,
1366076769534251008,10-Team Dynasty — Dynasty V2,1,True,12474,Woody Marks,RB,HOU,DAL,home,2026-10-04,13:00,48.5,,,,8.51,Sleeper raw-stat projection × league scoring + current usage + OL health,34.59,169.0,C,,,,2,,8.1,8.8,8.9,-0.7,0.0,10,,,,,8.2,0.41,2026,STABLE,3,3,3,37.0,45.3,45.3,2.67,7.33,10.0,1.0,8.61,-0.1,90.0,HEALTHY,RT Trent Brown (AT RISK),-0.35,-0.11,-0.0,8.51,0.0,LOW,no material weather signal,82.6,12.5,17.4,45.0,Open-Meteo game-time forecast,8.51,0.0,,,8.51,0.0,0.0,,,,
1366076769534251008,10-Team Dynasty — Dynasty V2,1,True,12492,Pat Bryant,WR,DEN,SF,away,2026-10-04,16:25,47.5,outdoors,,,6.7,Sleeper raw-stat projection × league scoring + current usage,64.85,167.25,F,,,,3,,6.5,8.0,7.79,-1.5,0.0,10,,,,,6.29,0.41,2026,STABLE,3,3,3,70.0,65.0,65.0,3.0,0.33,3.0,1.0,6.7,-0.0,100.0,HEALTHY,none,-0.0,-0.0,-0.0,6.7,0.0,LOW,no material weather signal,,,,,schedule fallback,6.7,0.0,,,6.7,0.0,0.0,,,,
1366076769534251008,10-Team Dynasty — Dynasty V2,1,True,12519,Luther Burden,WR,CHI,NYJ,home,2026-10-04,13:00,43.5,outdoors,,,12.96,Sleeper raw-stat projection × league scoring + current usage + OL health + injury ripple,38.0,56.0,C,,,,2,,9.9,10.6,13.03,-0.7,0.0,10,,,,,12.33,1.22,2026,STABLE,3,3,3,61.0,63.7,63.7,7.67,0.67,7.67,3.0,13.55,-0.14,90.0,HEALTHY,LT Braxton Jones (AT RISK),-0.35,-0.11,-0.0,13.41,0.0,LOW,no material weather signal,65.3,9.9,13.4,3.0,Open-Meteo game-time forecast,13.41,-0.45,QB1 OUT/IR: pass-catcher efficiency risk with backup QB,MEDIUM,12.96,0.0,0.0,,,,
1366076769534251008,10-Team Dynasty — Dynasty V2,1,True,12526,Tetairoa McMillan,WR,CAR,DET,home,2026-10-04,20:20,50.5,outdoors,,,16.75,Sleeper raw-stat projection × league scoring + current usage + OL health,15.27,31.8,A,,,,1,,15.4,14.3,14.07,1.1,0.0,10,,,,,15.17,1.62,2026,STABLE,3,3,3,95.0,85.7,85.7,7.67,0.0,7.67,4.0,16.79,-0.04,91.7,HEALTHY,LG Damien Lewis (AT RISK),-0.11,-0.2,-0.0,16.75,0.0,LOW,no material weather signal,63.9,4.6,8.1,62.0,Open-Meteo game-time forecast,16.75,0.0,,,16.75,0.0,0.0,,,,
1366076769534251008,10-Team Dynasty — Dynasty V2,1,True,13272,Carson Beck,QB,ARI,NYG,away,2026-10-04,13:00,44.5,outdoors,,,0.0,season-long ECR proxy + OL health,,149.0,,Out,,OUT,3,,,,,,,,,,,,0.0,0.0,,,,,,,,,,,,,0.0,-0.08,91.7,HEALTHY,RG Isaiah Adams (AT RISK),-0.11,-0.2,-0.0,0.0,0.0,LOW,no material weather signal,69.6,4.8,5.6,34.0,Open-Meteo game-time forecast,0.0,0.0,,,0.0,0.0,0.0,,,,
1366076769534251008,10-Team Dynasty — Dynasty V2,1,True,13282,Jack Endries,TE,CIN,JAX,home,2026-10-04,13:00,51.5,outdoors,,,0.0,season-long ECR proxy + current usage,,285.0,,Out,,OUT,4,,,,,,,,,,,,0.0,-0.49,2026,STABLE,2,0,1,2.0,2.0,2.0,0.0,0.0,0.0,-3.0,0.0,-0.0,100.0,HEALTHY,none,-0.0,-0.0,-0.0,0.0,0.0,LOW,no material weather signal,71.3,4.7,6.0,21.0,Open-Meteo game-time forecast,0.0,0.0,,,0.0,0.0,0.0,,,,
1366076769534251008,10-Team Dynasty — Dynasty V2,1,True,13288,Nicholas Singleton,RB,TEN,BAL,away,2026-10-04,13:00,43.5,outdoors,,,0.0,Sleeper raw-stat projection × league scoring + current usage + OL health,76.07,196.6,F,,,,3,,0.0,1.5,0.85,-1.5,0.0,10,,,,,0.0,-0.53,2026,STABLE,3,1,2,0.0,5.5,5.5,0.0,4.0,4.0,-2.0,0.0,-0.3,81.5,MINOR CONCERN,RG Fernando Carmona (UNAVAILABLE),-0.25,-0.45,-0.0,0.0,0.0,LOW,no material weather signal,66.5,3.4,3.1,44.0,Open-Meteo game-time forecast,0.0,0.0,,,0.0,0.0,0.0,,,,
1366076769534251008,10-Team Dynasty — Dynasty V2,1,True,13337,Emmett Johnson,RB,KC,LV,away,2026-10-04,16:25,47.5,dome,,,3.77,Sleeper raw-stat projection × league scoring + OL health,39.85,185.0,D+,,,,2,,7.5,8.2,4.7,-0.7,0.0,10,,,,,4.0,0.0,2026,STABLE,3,3,3,27.0,27.0,27.0,1.33,5.33,6.67,0.0,4.0,-0.23,77.8,MINOR CONCERN,LT Josh Simmons (UNAVAILABLE),-0.78,-0.24,-0.0,3.77,0.0,INDOOR,indoor,,,,,indoor/no weather adjustment,3.77,0.0,,,3.77,0.0,0.0,,,,
1366076769534251008,10-Team Dynasty — Dynasty V2,1,True,13349,Eli Stowers,TE,PHI,LAR,home,2026-10-04,13:00,43.5,outdoors,,,0.0,season-long ECR proxy,,121.4,,IR,,IR/PUP,7,,,,,,,,,,,,0.0,0.0,,,,,,,,,,,,,0.0,-0.0,100.0,HEALTHY,none,-0.0,-0.0,-0.0,0.0,0.0,LOW,no material weather signal,69.2,4.1,3.6,38.0,Open-Meteo game-time forecast,0.0,0.0,,,0.0,0.0,0.0,,,,
1366076769534251008,10-Team Dynasty — Dynasty V2,1,True,13353,Chris Brazzell,WR,CAR,DET,home,2026-10-04,20:20,50.5,outdoors,,,0.0,season-long ECR proxy + OL health,,191.33,,IR,,IR/PUP,10,,,,,,,,,,,,0.0,0.0,,,,,,,,,,,,,0.0,-0.04,91.7,HEALTHY,LG Damien Lewis (AT RISK),-0.11,-0.2,-0.0,0.0,0.0,LOW,no material weather signal,63.9,4.6,8.1,62.0,Open-Meteo game-time forecast,0.0,0.0,,,0.0,0.0,0.0,,,,
1366076769534251008,10-Team Dynasty — Dynasty V2,1,True,13421,Eli Raridon,TE,NE,BUF,away,2026-10-04,13:00,48.5,outdoors,,,4.76,Sleeper raw-stat projection × league scoring + current usage + OL health,,155.33,,Out,,OUT,2,,0.0,,5.2,0.0,0.0,7,,,,,5.2,-0.26,2026,STABLE,2,2,2,20.0,37.0,37.0,1.0,0.0,1.0,-1.0,4.94,-0.18,75.9,MINOR CONCERN,RG Greg Van Roten (UNAVAILABLE) | RT Morgan Moses (LIMITED),-0.45,-0.51,-0.0,4.76,0.0,LOW,no material weather signal,65.5,10.0,12.3,7.0,Open-Meteo game-time forecast,4.76,0.0,,,4.76,0.0,0.0,,,,
1366076769534251008,10-Team Dynasty — Dynasty V2,1,True,2307,Marcus Mariota,QB,WAS,IND,home,2026-10-04,09:30,47.5,outdoors,,,20.15,Sleeper raw-stat projection × league scoring + current usage + injury ripple,30.18,,F,,,,1,,13.8,13.3,18.32,0.5,0.0,10,,,,,18.82,0.13,2026,STABLE,3,2,2,100.0,72.5,72.5,0.0,3.0,0.0,1.0,18.95,-0.0,100.0,HEALTHY,none,-0.0,-0.0,-0.0,18.95,0.0,LOW,no material weather signal,62.9,3.4,5.8,44.0,Open-Meteo game-time forecast,18.95,1.2,QB1 OUT/IR: QB2 becomes relevant,HIGH,20.15,0.0,0.0,,,,
1366076769534251008,10-Team Dynasty — Dynasty V2,1,True,2505,Darren Waller,TE,CAR,DET,home,2026-10-04,20:20,50.5,outdoors,,,12.68,Sleeper raw-stat projection × league scoring + current usage + OL health,24.98,309.0,F,,,,1,,9.0,7.9,11.22,1.1,0.0,7,,,,,12.32,0.41,2026,STABLE,3,3,3,51.0,43.3,43.3,4.33,0.0,4.33,1.0,12.73,-0.05,91.7,HEALTHY,LG Damien Lewis (AT RISK),-0.11,-0.2,-0.0,12.68,0.0,LOW,no material weather signal,63.9,4.6,8.1,62.0,Open-Meteo game-time forecast,12.68,0.0,,,12.68,0.0,0.0,,,,
1366076769534251008,10-Team Dynasty — Dynasty V2,1,True,3294,Dak Prescott,QB,DAL,HOU,away,2026-10-04,13:00,48.5,,,,22.03,Sleeper raw-stat projection × league scoring + current usage,5.81,33.4,A,,,,1,,19.8,19.3,21.12,0.5,0.0,10,,,,,21.62,0.41,2026,STABLE,3,3,3,100.0,100.0,100.0,0.0,3.33,0.0,2.0,22.03,-0.0,100.0,HEALTHY,none,-0.0,-0.0,-0.0,22.03,0.0,LOW,no material weather signal,82.6,12.5,17.4,45.0,Open-Meteo game-time forecast,22.03,0.0,,,22.03,0.0,0.0,,,,
1366076769534251008,10-Team Dynasty — Dynasty V2,1,True,4017,Deshaun Watson,QB,CLE,PIT,home,2026-10-01,20:15,38.5,outdoors,,,18.34,Sleeper raw-stat projection × league scoring + current usage + OL health,24.45,154.33,F,,,,1,,14.4,14.4,18.46,0.0,0.0,10,,,,,18.46,0.41,2026,STABLE,3,3,3,99.0,99.7,99.7,0.0,8.0,0.0,2.0,18.87,-0.53,63.1,DEGRADED,C Elgton Jenkins (AT RISK) | RG Teven Jenkins (UNAVAILABLE) | RT Tytus Howard (AT RISK),-0.71,-0.76,-0.0,18.34,0.0,LOW,no material weather signal,76.9,8.9,18.8,4.0,Open-Meteo game-time forecast,18.34,0.0,,,18.34,0.0,0.0,,,,
1366076769534251008,10-Team Dynasty — Dynasty V2,1,True,6790,D'Andre Swift,RB,CHI,NYJ,home,2026-10-04,13:00,43.5,outdoors,,,18.57,Sleeper raw-stat projection × league scoring + current usage + OL health,19.59,100.4,B,,,,1,,14.4,13.9,16.95,0.5,0.0,10,,,,,17.45,1.22,2026,STABLE,3,3,3,69.0,64.7,64.7,3.0,18.0,21.0,3.0,18.67,-0.1,90.0,HEALTHY,LT Braxton Jones (AT RISK),-0.35,-0.11,-0.0,18.57,0.0,LOW,no material weather signal,65.3,9.9,13.4,3.0,Open-Meteo game-time forecast,18.57,0.0,,,18.57,0.0,0.0,,,,
1366076769534251008,10-Team Dynasty — Dynasty V2,1,True,7527,Mac Jones,QB,SF,DEN,home,2026-10-04,16:25,47.5,outdoors,,,0.0,weekly projected points + current usage + OL health,40.0,127.5,F,,,,2,,,,,,,,,,,,0.0,-0.16,2026,STABLE,2,1,1,15.0,15.0,15.0,0.0,2.0,0.0,-2.0,0.0,-0.26,90.0,HEALTHY,LT Trent Williams (AT RISK),-0.35,-0.11,-0.0,0.0,0.0,LOW,no material weather signal,,,,,schedule fallback,0.0,0.0,,,0.0,0.0,0.0,,,,
1366076769534251008,10-Team Dynasty — Dynasty V2,1,True,7547,Amon-Ra St. Brown,WR,DET,CAR,away,2026-10-04,20:20,50.5,outdoors,,,22.07,Sleeper raw-stat projection × league scoring + current usage + injury ripple,1.61,12.6,A+,,,,1,,22.0,20.9,18.5,1.1,0.0,10,,,,,19.6,1.62,2026,STABLE,3,3,3,74.0,86.3,86.3,11.67,0.0,11.67,4.0,21.22,-0.0,100.0,HEALTHY,none,-0.0,-0.0,-0.0,21.22,0.0,LOW,no material weather signal,63.9,4.6,8.1,62.0,Open-Meteo game-time forecast,21.22,0.85,Opponent CB1 QUESTIONABLE/DNP: projected WR1 coverage matchup improves (not confirmed shadow) | Starting safety OUT/IR: downfield coverage improves,MEDIUM,22.07,0.0,0.0,,,,
1366076769534251008,10-Team Dynasty — Dynasty V2,1,True,7571,Rashod Bateman,WR,BAL,TEN,home,2026-10-04,13:00,43.5,outdoors,,,8.26,Sleeper raw-stat projection × league scoring + current usage + OL health,33.22,205.33,C+,,,,2,,10.5,11.2,8.05,-0.7,0.0,10,,,,,7.35,1.22,2026,STABLE,3,3,3,88.0,86.3,86.3,4.33,0.0,4.33,3.0,8.57,-0.31,77.8,MINOR CONCERN,LT Ronnie Stanley (UNAVAILABLE),-0.78,-0.24,-0.0,8.26,0.0,LOW,no material weather signal,66.5,3.4,3.1,44.0,Open-Meteo game-time forecast,8.26,0.0,,,8.26,0.0,0.0,,,,
1366076769534251008,10-Team Dynasty — Dynasty V2,1,True,7594,Chuba Hubbard,RB,CAR,DET,home,2026-10-04,20:20,50.5,outdoors,,,18.99,Sleeper raw-stat projection × league scoring + current usage + OL health,13.15,136.6,B+,,,,1,,16.4,15.3,16.81,1.1,0.0,10,,,,,17.91,1.22,2026,STABLE,3,3,3,84.0,73.3,73.3,3.0,13.67,16.67,3.0,19.13,-0.14,91.7,HEALTHY,LG Damien Lewis (AT RISK),-0.11,-0.2,-0.0,18.99,0.0,LOW,no material weather signal,63.9,4.6,8.1,62.0,Open-Meteo game-time forecast,18.99,0.0,,,18.99,0.0,0.0,,,,
1366076769534251008,10-Team Dynasty — Dynasty V2,1,True,7600,Pat Freiermuth,TE,PIT,CLE,away,2026-10-01,20:15,38.5,outdoors,,,10.65,Sleeper raw-stat projection × league scoring + current usage + OL health,16.73,218.0,D+,,,,1,,9.7,9.7,9.96,0.0,0.0,7,,,,,9.96,0.81,2026,STABLE,3,3,3,60.0,66.3,66.3,4.67,0.67,4.67,2.0,10.77,-0.12,90.0,HEALTHY,LT Troy Fautanu (AT RISK),-0.35,-0.11,-0.0,10.65,0.0,LOW,no material weather signal,76.9,8.9,18.8,4.0,Open-Meteo game-time forecast,10.65,0.0,,,10.65,0.0,0.0,,,,
1366076769534251008,10-Team Dynasty — Dynasty V2,1,True,8110,Jake Ferguson,TE,DAL,HOU,away,2026-10-04,13:00,48.5,,,,12.05,Sleeper raw-stat projection × league scoring + current usage,18.63,122.2,D,,,,1,,9.1,8.6,11.14,0.5,0.0,7,,,,,11.64,0.41,2026,STABLE,3,3,3,69.0,68.3,68.3,3.67,0.0,3.67,1.0,12.05,-0.0,100.0,HEALTHY,none,-0.0,-0.0,-0.0,12.05,0.0,LOW,no material weather signal,82.6,12.5,17.4,45.0,Open-Meteo game-time forecast,12.05,0.0,,,12.05,0.0,0.0,,,,
1366076769534251008,10-Team Dynasty — Dynasty V2,1,True,8146,Garrett Wilson,WR,NYJ,CHI,away,2026-10-04,13:00,43.5,outdoors,,,19.41,Sleeper raw-stat projection × league scoring + current usage + OL health,6.61,42.4,A+,,,,1,,16.2,15.7,17.39,0.5,0.0,10,,,,,17.89,1.62,2026,STABLE,3,3,3,94.0,85.7,85.7,9.0,0.0,9.0,4.0,19.51,-0.1,81.5,MINOR CONCERN,LG Dylan Parham (UNAVAILABLE),-0.25,-0.45,-0.0,19.41,0.0,LOW,no material weather signal,65.3,9.9,13.4,3.0,Open-Meteo game-time forecast,19.41,0.0,,,19.41,0.0,0.0,,,,
1366076769534251008,10-Team Dynasty — Dynasty V2,1,True,9226,De'Von Achane,RB,MIA,MIN,away,2026-10-04,16:05,38.5,dome,,,1.26,weekly projected points + current usage + injury ripple,11.73,24.2,A-,IR,,IR/PUP,4,,,,,,,,,,,,0.0,0.81,2026,STABLE,3,3,3,5.0,55.7,55.7,4.0,11.33,15.33,2.0,0.81,-0.0,100.0,HEALTHY,none,-0.0,-0.0,-0.0,0.81,0.0,INDOOR,indoor,,,,,indoor/no weather adjustment,0.81,0.45,RB1 OUT/IR: secondary backfield opportunity,MEDIUM,1.26,0.0,0.0,,,,
1366076769534251008,10-Team Dynasty — Dynasty V2,1,True,9997,Zay Flowers,WR,BAL,TEN,home,2026-10-04,13:00,43.5,outdoors,,,18.89,Sleeper raw-stat projection × league scoring + current usage + OL health + injury ripple,48.89,48.2,C-,,,,1,,9.3,8.8,18.33,0.5,0.0,10,,,,,18.83,0.26,2026,STABLE,3,2,2,33.0,31.0,31.0,6.0,0.5,6.0,1.0,19.09,-0.31,77.8,MINOR CONCERN,LT Ronnie Stanley (UNAVAILABLE),-0.78,-0.24,-0.0,18.78,0.0,LOW,no material weather signal,66.5,3.4,3.1,44.0,Open-Meteo game-time forecast,18.78,0.11,TE1 QUESTIONABLE/DNP: WR1 target share can rise,MEDIUM,18.89,0.0,0.0,,,,
1366076769534251008,10-Team Dynasty — Dynasty V2,2,False,11575,Ray Davis,RB,BUF,NE,home,2026-10-04,13:00,48.5,outdoors,,,0.0,Sleeper raw-stat projection × league scoring + current usage,65.17,250.0,F,,,,3,,1.9,3.4,1.09,-1.5,0.0,10,,,,,0.0,-1.22,2026,STABLE,3,2,3,8.0,10.3,10.3,0.0,0.5,0.5,-3.0,0.0,-0.0,100.0,HEALTHY,none,-0.0,-0.0,-0.0,0.0,0.0,LOW,no material weather signal,65.5,10.0,12.3,7.0,Open-Meteo game-time forecast,0.0,0.0,,,0.0,0.0,0.0,,,,
1366076769534251008,10-Team Dynasty — Dynasty V2,2,False,12455,Brashard Smith,RB,KC,LV,away,2026-10-04,16:25,47.5,dome,,,0.0,Sleeper raw-stat projection × league scoring + current usage + OL health,83.35,273.75,F,,,,3,,0.0,1.1,0.3,-1.1,0.0,10,,,,,0.0,-1.22,2026,STABLE,3,2,3,8.0,2.7,2.7,0.5,0.0,0.5,-3.0,0.0,-0.23,77.8,MINOR CONCERN,LT Josh Simmons (UNAVAILABLE),-0.78,-0.24,-0.0,0.0,0.0,INDOOR,indoor,,,,,indoor/no weather adjustment,0.0,0.0,,,0.0,0.0,0.0,,,,
1366076769534251008,10-Team Dynasty — Dynasty V2,2,False,12457,Jaydon Blue,RB,PHI,LAR,home,2026-10-04,13:00,43.5,outdoors,,,9.58,season-long ECR proxy,,243.0,,,,,,,,,,,,,,,,,9.58,0.0,,,,,,,,,,,,,9.58,-0.0,100.0,HEALTHY,none,-0.0,-0.0,-0.0,9.58,0.0,LOW,no material weather signal,69.2,4.1,3.6,38.0,Open-Meteo game-time forecast,9.58,0.0,,,9.58,0.0,0.0,,,,
1366076769534251008,10-Team Dynasty — Dynasty V2,2,False,12483,Jack Bech,WR,LV,KC,home,2026-10-04,16:25,47.5,dome,,,0.0,weekly projected points + OL health,77.37,205.75,F,IR,,IR/PUP,8,,,,,,,,,,,,0.0,0.0,2026,STABLE,3,2,3,16.0,36.7,36.7,3.0,0.0,3.0,0.0,0.0,-0.04,91.7,HEALTHY,RG Jackson Powers-Johnson (AT RISK),-0.11,-0.2,-0.0,0.0,0.0,INDOOR,indoor,,,,,indoor/no weather adjustment,0.0,0.0,,,0.0,0.0,0.0,,,,
1366076769534251008,10-Team Dynasty — Dynasty V2,2,False,12484,Jayden Higgins,WR,HOU,DAL,home,2026-10-04,13:00,48.5,,,,0.0,season-long ECR proxy + OL health,,117.6,,IR,,IR/PUP,9,,,,,,,,,,,,0.0,0.0,,,,,,,,,,,,,0.0,-0.14,90.0,HEALTHY,RT Trent Brown (AT RISK),-0.35,-0.11,-0.0,0.0,0.0,LOW,no material weather signal,82.6,12.5,17.4,45.0,Open-Meteo game-time forecast,0.0,0.0,,,0.0,0.0,0.0,,,,
1366076769534251008,10-Team Dynasty — Dynasty V2,2,False,12502,Gunnar Helm,TE,TEN,BAL,away,2026-10-04,13:00,43.5,outdoors,,,10.54,Sleeper raw-stat projection × league scoring + current usage + OL health,30.0,187.4,F,,,,1,,5.9,5.4,9.35,0.5,0.0,7,,,,,9.85,0.81,2026,STABLE,3,3,3,82.0,81.7,81.7,3.67,0.0,3.67,2.0,10.66,-0.12,81.5,MINOR CONCERN,RG Fernando Carmona (UNAVAILABLE),-0.25,-0.45,-0.0,10.54,0.0,LOW,no material weather signal,66.5,3.4,3.1,44.0,Open-Meteo game-time forecast,10.54,0.0,,,10.54,0.0,0.0,,,,
1366076769534251008,10-Team Dynasty — Dynasty V2,2,False,12505,Jalen Royals,WR,KC,LV,away,2026-10-04,16:25,47.5,dome,,,0.0,Sleeper raw-stat projection × league scoring + current usage + OL health,114.33,243.33,F,,,,4,,1.7,3.2,2.0,-1.5,0.0,10,,,,,0.5,-1.22,2026,STABLE,3,3,3,19.0,11.3,11.3,1.0,0.0,1.0,-3.0,0.0,-0.31,77.8,MINOR CONCERN,LT Josh Simmons (UNAVAILABLE),-0.78,-0.24,-0.0,0.0,0.0,INDOOR,indoor,,,,,indoor/no weather adjustment,0.0,0.0,,,0.0,0.0,0.0,,,,
1366076769534251008,10-Team Dynasty — Dynasty V2,2,False,12517,Colston Loveland,TE,CHI,NYJ,home,2026-10-04,13:00,43.5,outdoors,,,13.62,Sleeper raw-stat projection × league scoring + current usage + OL health + injury ripple,16.6,46.4,D+,,,,1,,10.6,10.1,12.38,0.5,0.0,11,,,,,12.88,0.81,2026,STABLE,3,3,3,79.0,84.0,84.0,3.0,0.0,3.0,2.0,13.69,-0.12,90.0,HEALTHY,LT Braxton Jones (AT RISK),-0.35,-0.11,-0.0,13.57,0.0,LOW,no material weather signal,65.3,9.9,13.4,3.0,Open-Meteo game-time forecast,13.57,0.05,QB1 OUT/IR: pass-catcher efficiency risk with backup QB | Starting safety OUT/IR: TE middle/deep matchup improves,MEDIUM,13.62,0.0,0.0,,,,
1366076769534251008,10-Team Dynasty — Dynasty V2,2,False,12545,Tyler Shough,QB,NO,ATL,home,2026-10-05,20:15,48.5,dome,,,22.31,Sleeper raw-stat projection × league scoring + current usage,9.55,62.6,B,,,,1,,18.4,17.9,21.4,0.5,0.0,10,,,,,21.9,0.41,2026,STABLE,3,3,3,100.0,100.0,100.0,0.0,4.67,0.0,2.0,22.31,-0.0,100.0,HEALTHY,none,-0.0,-0.0,-0.0,22.31,0.0,INDOOR,indoor,,,,,indoor/no weather adjustment,22.31,0.0,,,22.31,0.0,0.0,,,,
1366076769534251008,10-Team Dynasty — Dynasty V2,2,False,13285,Malachi Fields,WR,NYG,ARI,home,2026-10-04,13:00,44.5,outdoors,,,5.51,Sleeper raw-stat projection × league scoring + current usage + OL health,68.29,205.5,F,,,,2,,7.2,7.9,5.48,-0.7,0.0,10,,,,,4.78,0.81,2026,STABLE,3,3,3,69.0,74.0,74.0,4.0,0.0,4.0,2.0,5.59,-0.08,94.4,HEALTHY,LT Andrew Thomas (LIMITED),-0.2,-0.06,-0.0,5.51,0.0,LOW,no material weather signal,69.6,4.8,5.6,34.0,Open-Meteo game-time forecast,5.51,0.0,,,5.51,0.0,0.0,,,,
1366076769534251008,10-Team Dynasty — Dynasty V2,2,False,13301,Antonio Williams,WR,WAS,IND,home,2026-10-04,09:30,47.5,outdoors,,,3.33,Sleeper raw-stat projection × league scoring,76.97,138.4,F,,,,3,,4.8,6.3,4.83,-1.5,0.0,10,,,,,3.33,0.0,2026,STABLE,3,3,3,41.0,42.3,42.3,3.67,0.0,3.67,0.0,3.33,-0.0,100.0,HEALTHY,none,-0.0,-0.0,-0.0,3.33,0.0,LOW,no material weather signal,62.9,3.4,5.8,44.0,Open-Meteo game-time forecast,3.33,0.0,,,3.33,0.0,0.0,,,,
1366076769534251008,10-Team Dynasty — Dynasty V2,2,False,13305,Mike Washington,RB,LV,KC,home,2026-10-04,16:25,47.5,dome,,,2.87,Sleeper raw-stat projection × league scoring + current usage + OL health,53.76,183.75,F,,,,2,,4.4,5.1,4.52,-0.7,0.0,10,,,,,3.82,-0.81,2026,STABLE,3,3,3,16.0,18.0,18.0,0.33,5.0,5.33,-2.0,3.01,-0.14,91.7,HEALTHY,RG Jackson Powers-Johnson (AT RISK),-0.11,-0.2,-0.0,2.87,0.0,INDOOR,indoor,,,,,indoor/no weather adjustment,2.87,0.0,,,2.87,0.0,0.0,,,,
1366076769534251008,10-Team Dynasty — Dynasty V2,2,False,13320,Zachariah Branch,WR,ATL,NO,away,2026-10-05,20:15,48.5,dome,,,0.28,Sleeper raw-stat projection × league scoring + current usage + OL health,93.59,206.75,F,,,,4,,4.2,5.7,3.23,-1.5,0.0,8,,,,,1.73,-1.22,2026,STABLE,3,3,3,18.0,22.7,22.7,1.33,0.0,1.33,-3.0,0.51,-0.23,73.3,DEGRADED,LT Jake Matthews (AT RISK) | C Ryan Neuzil (AT RISK) | RG Chris Lindstrom (AT RISK),-0.58,-0.51,-0.0,0.28,0.0,INDOOR,indoor,,,,,indoor/no weather adjustment,0.28,0.0,,,0.28,0.0,0.0,,,,
1366076769534251008,10-Team Dynasty — Dynasty V2,2,False,13347,Demond Claiborne,RB,MIN,MIA,home,2026-10-04,16:05,38.5,dome,,,0.52,Sleeper raw-stat projection × league scoring + current usage + OL health,65.42,246.25,F,,,,2,,1.7,2.9,2.61,-1.2,0.0,10,,,,,1.41,-0.79,2026,STABLE,3,2,2,5.0,4.5,4.5,0.5,1.5,2.0,-3.0,0.62,-0.1,90.0,HEALTHY,LT Christian Darrisaw (AT RISK),-0.35,-0.11,-0.0,0.52,0.0,INDOOR,indoor,,,,,indoor/no weather adjustment,0.52,0.0,,,0.52,0.0,0.0,,,,
1366076769534251008,10-Team Dynasty — Dynasty V2,2,False,13402,Skyler Bell,WR,BUF,NE,home,2026-10-04,13:00,48.5,outdoors,,,0.0,season-long ECR proxy,,196.5,,Out,,OUT,5,,,,,,,,,,,,0.0,0.0,,,,,,,,,,,,,0.0,-0.0,100.0,HEALTHY,none,-0.0,-0.0,-0.0,0.0,0.0,LOW,no material weather signal,65.5,10.0,12.3,7.0,Open-Meteo game-time forecast,0.0,0.0,,,0.0,0.0,0.0,,,,
1366076769534251008,10-Team Dynasty — Dynasty V2,2,False,4037,Chris Godwin,WR,TB,GB,home,2026-10-04,13:00,39.5,outdoors,,,8.42,Sleeper raw-stat projection × league scoring + current usage + injury ripple,41.63,120.0,C,,,,2,,9.6,10.3,9.16,-0.7,0.0,10,,,,,8.46,0.41,2026,STABLE,3,3,3,62.0,78.0,78.0,3.67,0.67,3.67,1.0,8.87,-0.0,100.0,HEALTHY,none,-0.0,-0.0,-0.0,8.87,0.0,LOW,no material weather signal,90.8,9.6,11.2,2.0,Open-Meteo game-time forecast,8.87,-0.45,QB1 OUT/IR: pass-catcher efficiency risk with backup QB,MEDIUM,8.42,0.0,0.0,,,,
1366076769534251008,10-Team Dynasty — Dynasty V2,2,False,4866,Saquon Barkley,RB,PHI,LAR,home,2026-10-04,13:00,43.5,outdoors,,,15.94,Sleeper raw-stat projection × league scoring + current usage,10.73,64.8,A-,,,,1,,16.6,16.1,15.03,0.5,0.0,10,,,,,15.53,0.41,2026,STABLE,3,3,3,72.0,53.0,53.0,2.0,11.33,13.33,1.0,15.94,-0.0,100.0,HEALTHY,none,-0.0,-0.0,-0.0,15.94,0.0,LOW,no material weather signal,69.2,4.1,3.6,38.0,Open-Meteo game-time forecast,15.94,0.0,,,15.94,0.0,0.0,,,,
1366076769534251008,10-Team Dynasty — Dynasty V2,2,False,4881,Lamar Jackson,QB,BAL,TEN,home,2026-10-04,13:00,43.5,outdoors,,,24.88,Sleeper raw-stat projection × league scoring + current usage + OL health,2.19,9.8,A,,,,1,,23.5,23.0,24.55,0.5,0.0,10,,,,,25.05,0.41,2026,STABLE,3,3,3,100.0,100.0,100.0,0.0,5.67,0.0,2.0,25.46,-0.58,77.8,MINOR CONCERN,LT Ronnie Stanley (UNAVAILABLE),-0.78,-0.24,-0.0,24.88,0.0,LOW,no material weather signal,66.5,3.4,3.1,44.0,Open-Meteo game-time forecast,24.88,0.0,,,24.88,0.0,0.0,,,,
1366076769534251008,10-Team Dynasty — Dynasty V2,2,False,4943,Sam Darnold,QB,SEA,LAC,home,2026-10-04,16:25,42.5,outdoors,,,19.7,Sleeper raw-stat projection × league scoring,20.69,74.0,D,,,,1,,15.7,15.2,19.2,0.5,0.0,10,,,,,19.7,0.0,2026,STABLE,3,2,2,100.0,55.0,55.0,0.0,0.5,0.0,0.0,19.7,-0.0,100.0,HEALTHY,none,-0.0,-0.0,-0.0,19.7,0.0,LOW,no material weather signal,69.8,6.8,6.3,0.0,Open-Meteo game-time forecast,19.7,0.0,,,19.7,0.0,0.0,,,,
1366076769534251008,10-Team Dynasty — Dynasty V2,2,False,5844,T.J. Hockenson,TE,MIN,MIA,home,2026-10-04,16:05,38.5,dome,,,11.64,Sleeper raw-stat projection × league scoring + current usage + OL health + injury ripple,20.78,165.6,D-,,,,1,,8.5,8.5,10.45,0.0,0.0,7,,,,,10.45,0.81,2026,STABLE,3,3,3,85.0,73.3,73.3,4.33,0.0,4.33,2.0,11.26,-0.12,90.0,HEALTHY,LT Christian Darrisaw (AT RISK),-0.35,-0.11,-0.0,11.14,0.0,INDOOR,indoor,,,,,indoor/no weather adjustment,11.14,0.5,WR1 OUT/IR: TE target share can rise,MEDIUM,11.64,0.0,0.0,,,,
1366076769534251008,10-Team Dynasty — Dynasty V2,2,False,5859,A.J. Brown,WR,NE,BUF,away,2026-10-04,13:00,48.5,outdoors,,,0.0,season-long ECR proxy + current usage + OL health,,56.8,,IR,,IR/PUP,6,,,,,,,,,,,,0.0,0.16,2026,STABLE,1,1,1,44.0,44.0,44.0,4.0,0.0,4.0,1.0,0.16,-0.18,75.9,MINOR CONCERN,RG Greg Van Roten (UNAVAILABLE) | RT Morgan Moses (LIMITED),-0.45,-0.51,-0.0,0.0,0.0,LOW,no material weather signal,65.5,10.0,12.3,7.0,Open-Meteo game-time forecast,0.0,0.0,,,0.0,0.0,0.0,,,,
1366076769534251008,10-Team Dynasty — Dynasty V2,2,False,5927,Terry McLaurin,WR,WAS,IND,home,2026-10-04,09:30,47.5,outdoors,,,13.52,Sleeper raw-stat projection × league scoring + current usage + injury ripple,40.93,86.0,C,,,,1,,11.1,10.6,12.0,0.5,0.0,10,,,,,12.5,1.22,2026,STABLE,3,3,3,75.0,77.3,77.3,7.33,0.0,7.33,3.0,13.72,-0.0,100.0,HEALTHY,none,-0.0,-0.0,-0.0,13.72,0.0,LOW,no material weather signal,62.9,3.4,5.8,44.0,Open-Meteo game-time forecast,13.72,-0.2,QB1 OUT/IR: pass-catcher efficiency risk with backup QB | TE1 OUT/IR: WR1 target share can rise,MEDIUM,13.52,0.0,0.0,,,,
1366076769534251008,10-Team Dynasty — Dynasty V2,2,False,7021,Rico Dowdle,RB,PIT,CLE,away,2026-10-01,20:15,38.5,outdoors,,,0.16,season-long ECR proxy + current usage + OL health,,145.4,,Out,,OUT,2,,,,,,,,,,,,0.0,0.26,2026,STABLE,2,2,2,26.0,42.0,42.0,3.5,7.5,11.0,1.0,0.26,-0.1,90.0,HEALTHY,LT Troy Fautanu (AT RISK),-0.35,-0.11,-0.0,0.16,0.0,LOW,no material weather signal,76.9,8.9,18.8,4.0,Open-Meteo game-time forecast,0.16,0.0,,,0.16,0.0,0.0,,,,
1366076769534251008,10-Team Dynasty — Dynasty V2,2,False,7588,Javonte Williams,RB,DAL,HOU,away,2026-10-04,13:00,48.5,,,,17.14,Sleeper raw-stat projection × league scoring + current usage,14.68,79.2,B,,,,1,,15.5,15.0,15.42,0.5,0.0,10,,,,,15.92,1.22,2026,STABLE,3,3,3,76.0,75.7,75.7,4.0,14.33,18.33,3.0,17.14,-0.0,100.0,HEALTHY,none,-0.0,-0.0,-0.0,17.14,0.0,LOW,no material weather signal,82.6,12.5,17.4,45.0,Open-Meteo game-time forecast,17.14,0.0,,,17.14,0.0,0.0,,,,
1366076769534251008,10-Team Dynasty — Dynasty V2,2,False,8151,Kenneth Walker,RB,KC,LV,away,2026-10-04,16:25,47.5,dome,,,21.93,Sleeper raw-stat projection × league scoring + current usage + OL health,2.27,34.4,A+,,,,1,,21.6,21.1,20.44,0.5,0.0,10,,,,,20.94,1.22,2026,STABLE,3,3,3,73.0,74.3,74.3,6.0,21.67,27.67,3.0,22.16,-0.23,77.8,MINOR CONCERN,LT Josh Simmons (UNAVAILABLE),-0.78,-0.24,-0.0,21.93,0.0,INDOOR,indoor,,,,,indoor/no weather adjustment,21.93,0.0,,,21.93,0.0,0.0,,,,
1366076769534251008,10-Team Dynasty — Dynasty V2,2,False,9482,Michael Mayer,TE,LV,KC,home,2026-10-04,16:25,47.5,dome,,,7.65,Sleeper raw-stat projection × league scoring + current usage + OL health,30.31,220.0,F,,,,2,,5.7,6.4,7.18,-0.7,0.0,7,,,,,6.48,1.22,2026,STABLE,3,3,3,87.0,84.0,84.0,4.67,0.0,4.67,3.0,7.7,-0.05,91.7,HEALTHY,RG Jackson Powers-Johnson (AT RISK),-0.11,-0.2,-0.0,7.65,0.0,INDOOR,indoor,,,,,indoor/no weather adjustment,7.65,0.0,,,7.65,0.0,0.0,,,,
1366076769534251008,10-Team Dynasty — Dynasty V2,2,False,9493,Puka Nacua,WR,LAR,PHI,away,2026-10-04,13:00,43.5,outdoors,,,18.45,Sleeper raw-stat projection × league scoring + current usage + injury ripple,,9.2,,Out,,OUT,1,,0.0,,17.85,0.0,0.0,10,,,,,17.85,0.49,2026,STABLE,1,1,1,70.0,70.0,70.0,9.0,0.0,9.0,3.0,18.34,-0.0,100.0,HEALTHY,none,-0.0,-0.0,-0.0,18.34,0.0,LOW,no material weather signal,69.2,4.1,3.6,38.0,Open-Meteo game-time forecast,18.34,0.11,TE1 QUESTIONABLE/DNP: WR1 target share can rise,MEDIUM,18.45,0.0,0.0,,,,
1366076769534251008,10-Team Dynasty — Dynasty V2,2,False,9501,DeMario Douglas,WR,NE,BUF,away,2026-10-04,13:00,48.5,outdoors,,,5.23,Sleeper raw-stat projection × league scoring + current usage + OL health + injury ripple,71.49,243.67,F,,,,3,,4.8,6.3,6.32,-1.5,0.0,10,,,,,4.82,0.41,2026,STABLE,3,3,3,59.0,56.0,56.0,4.67,0.0,4.67,1.0,5.23,-0.18,75.9,MINOR CONCERN,RG Greg Van Roten (UNAVAILABLE) | RT Morgan Moses (LIMITED),-0.45,-0.51,-0.0,5.05,0.0,LOW,no material weather signal,65.5,10.0,12.3,7.0,Open-Meteo game-time forecast,5.05,0.18,Opponent CB1 QUESTIONABLE/DNP: secondary WR matchup improves,MEDIUM,5.23,0.0,0.0,,,,
1366076769534251008,10-Team Dynasty — Dynasty V2,2,False,9511,Keaton Mitchell,RB,LAC,SEA,away,2026-10-04,16:25,42.5,outdoors,,,4.11,Sleeper raw-stat projection × league scoring,49.63,202.8,F,,,,2,,5.5,6.2,4.81,-0.7,0.0,10,,,,,4.11,0.0,2026,STABLE,3,3,3,38.0,31.3,31.3,1.33,5.67,7.0,0.0,4.11,-0.0,100.0,HEALTHY,none,-0.0,-0.0,-0.0,4.11,0.0,LOW,no material weather signal,69.8,6.8,6.3,0.0,Open-Meteo game-time forecast,4.11,0.0,,,4.11,0.0,0.0,,,,
1366076769534251008,10-Team Dynasty — Dynasty V2,3,False,11584,Bucky Irving,RB,TB,GB,home,2026-10-04,13:00,39.5,outdoors,,,16.47,Sleeper raw-stat projection × league scoring + current usage,18.66,85.0,B,,,,1,,14.5,14.0,14.75,0.5,0.0,10,,,,,15.25,1.22,2026,STABLE,3,3,3,52.0,63.7,63.7,5.0,13.33,18.33,3.0,16.47,-0.0,100.0,HEALTHY,none,-0.0,-0.0,-0.0,16.47,0.0,LOW,no material weather signal,90.8,9.6,11.2,2.0,Open-Meteo game-time forecast,16.47,0.0,,,16.47,0.0,0.0,,,,
1366076769534251008,10-Team Dynasty — Dynasty V2,3,False,11589,Trey Benson,RB,ARI,NYG,away,2026-10-04,13:00,44.5,outdoors,,,0.0,season-long ECR proxy + OL health,,239.75,,IR,,IR/PUP,6,,,,,,,,,,,,0.0,0.0,,,,,,,,,,,,,0.0,-0.14,91.7,HEALTHY,RG Isaiah Adams (AT RISK),-0.11,-0.2,-0.0,0.0,0.0,LOW,no material weather signal,69.6,4.8,5.6,34.0,Open-Meteo game-time forecast,0.0,0.0,,,0.0,0.0,0.0,,,,
1366076769534251008,10-Team Dynasty — Dynasty V2,3,False,11600,Ja'Tavion Sanders,TE,CAR,DET,home,2026-10-04,20:20,50.5,outdoors,,,0.0,season-long ECR proxy + OL health,,266.5,,Out,,OUT,4,,,,,,,,,,,,0.0,0.0,,,,,,,,,,,,,0.0,-0.05,91.7,HEALTHY,LG Damien Lewis (AT RISK),-0.11,-0.2,-0.0,0.0,0.0,LOW,no material weather signal,63.9,4.6,8.1,62.0,Open-Meteo game-time forecast,0.0,0.0,,,0.0,0.0,0.0,,,,
1366076769534251008,10-Team Dynasty — Dynasty V2,3,False,11620,Rome Odunze,WR,CHI,NYJ,home,2026-10-04,13:00,43.5,outdoors,,,9.9,Sleeper raw-stat projection × league scoring + current usage + OL health + injury ripple,49.88,64.0,C-,,,,1,,10.0,9.5,8.78,0.5,0.0,10,,,,,9.28,0.81,2026,STABLE,3,3,3,85.0,72.3,72.3,4.33,0.0,4.33,2.0,10.09,-0.14,90.0,HEALTHY,LT Braxton Jones (AT RISK),-0.35,-0.11,-0.0,9.95,0.0,LOW,no material weather signal,65.3,9.9,13.4,3.0,Open-Meteo game-time forecast,9.95,-0.05,QB1 OUT/IR: pass-catcher efficiency risk with backup QB | Starting safety OUT/IR: downfield coverage improves,MEDIUM,9.9,0.0,0.0,,,,
1366076769534251008,10-Team Dynasty — Dynasty V2,3,False,11631,Brian Thomas,WR,JAX,CIN,away,2026-10-04,13:00,51.5,outdoors,,,7.16,Sleeper raw-stat projection × league scoring + current usage + OL health,49.07,76.0,C-,,,,3,,8.6,9.5,7.79,-0.9,0.0,10,,,,,6.89,0.41,2026,STABLE,3,3,3,37.0,42.0,42.0,4.0,0.0,4.0,1.0,7.3,-0.14,90.0,HEALTHY,LT Anton Harrison (AT RISK),-0.35,-0.11,-0.0,7.16,0.0,LOW,no material weather signal,71.3,4.7,6.0,21.0,Open-Meteo game-time forecast,7.16,0.0,,,7.16,0.0,0.0,,,,
1366076769534251008,10-Team Dynasty — Dynasty V2,3,False,11632,Malik Nabers,WR,NYG,ARI,home,2026-10-04,13:00,44.5,outdoors,,,15.67,Sleeper raw-stat projection × league scoring + current usage + OL health,19.98,19.6,A-,,,,1,,13.5,13.0,14.44,0.5,0.0,10,,,,,14.94,0.81,2026,STABLE,3,3,3,78.0,68.0,68.0,6.33,0.0,6.33,2.0,15.75,-0.08,94.4,HEALTHY,LT Andrew Thomas (LIMITED),-0.2,-0.06,-0.0,15.67,0.0,LOW,no material weather signal,69.6,4.8,5.6,34.0,Open-Meteo game-time forecast,15.67,0.0,,,15.67,0.0,0.0,,,,
1366076769534251008,10-Team Dynasty — Dynasty V2,3,False,11643,Jaylen Wright,RB,MIA,MIN,away,2026-10-04,16:05,38.5,dome,,,3.19,Sleeper raw-stat projection × league scoring + current usage,,228.5,,Out,,OUT,2,,0.0,,3.98,0.0,0.0,10,,,,,3.98,-0.79,2026,STABLE,2,2,2,5.0,6.0,6.0,0.0,1.5,1.5,-3.0,3.19,-0.0,100.0,HEALTHY,none,-0.0,-0.0,-0.0,3.19,0.0,INDOOR,indoor,,,,,indoor/no weather adjustment,3.19,0.0,,,3.19,0.0,0.0,,,,
1366076769534251008,10-Team Dynasty — Dynasty V2,3,False,12500,Quinn Ewers,QB,JAX,CIN,away,2026-10-04,13:00,51.5,outdoors,,,3.68,season-long ECR proxy + current usage + OL health,,,,,,,3,,,,,,,,,,,,4.1,-0.16,2026,STABLE,3,0,1,5.0,5.0,5.0,0.0,0.0,0.0,-2.0,3.94,-0.26,90.0,HEALTHY,LT Anton Harrison (AT RISK),-0.35,-0.11,-0.0,3.68,0.0,LOW,no material weather signal,71.3,4.7,6.0,21.0,Open-Meteo game-time forecast,3.68,0.0,,,3.68,0.0,0.0,,,,
1366076769534251008,10-Team Dynasty — Dynasty V2,3,False,12501,Matthew Golden,WR,GB,TB,away,2026-10-04,13:00,39.5,outdoors,,,13.33,Sleeper raw-stat projection × league scoring + current usage + OL health,20.61,127.0,A-,,,,2,,12.0,12.7,12.55,-0.7,0.0,10,,,,,11.85,1.62,2026,STABLE,3,3,3,82.0,83.3,83.3,10.0,0.0,10.0,4.0,13.47,-0.14,73.1,DEGRADED,LG Aaron Banks (UNAVAILABLE) | RG Jacob Monk (AT RISK),-0.36,-0.65,-0.0,13.33,0.0,LOW,no material weather signal,90.8,9.6,11.2,2.0,Open-Meteo game-time forecast,13.33,0.0,,,13.33,0.0,0.0,,,,
1366076769534251008,10-Team Dynasty — Dynasty V2,3,False,12508,Jaxson Dart,QB,NYG,ARI,home,2026-10-04,13:00,44.5,outdoors,,,0.0,season-long ECR proxy + OL health,,31.8,,IR,,IR/PUP,3,,,,,,,,,,,,0.0,0.0,2026,STABLE,2,2,2,12.0,56.0,56.0,0.0,5.5,0.0,0.0,0.0,-0.15,94.4,HEALTHY,LT Andrew Thomas (LIMITED),-0.2,-0.06,-0.0,0.0,0.0,LOW,no material weather signal,69.6,4.8,5.6,34.0,Open-Meteo game-time forecast,0.0,0.0,,,0.0,0.0,0.0,,,,
1366076769534251008,10-Team Dynasty — Dynasty V2,3,False,12510,Jalen Milroe,QB,SEA,LAC,home,2026-10-04,16:25,42.5,outdoors,,,0.0,season-long ECR proxy,,,,Out,,OUT,3,,,,,,,,,,,,0.0,0.0,,,,,,,,,,,,,0.0,-0.0,100.0,HEALTHY,none,-0.0,-0.0,-0.0,0.0,0.0,LOW,no material weather signal,69.8,6.8,6.3,0.0,Open-Meteo game-time forecast,0.0,0.0,,,0.0,0.0,0.0,,,,
1366076769534251008,10-Team Dynasty — Dynasty V2,3,False,12522,Cam Ward,QB,TEN,BAL,away,2026-10-04,13:00,43.5,outdoors,,,15.79,Sleeper raw-stat projection × league scoring + current usage + OL health,30.21,78.0,F,,,,1,,13.6,13.1,15.07,0.5,0.0,10,,,,,15.57,0.41,2026,STABLE,3,3,3,100.0,100.0,100.0,0.0,3.0,0.0,2.0,15.98,-0.19,81.5,MINOR CONCERN,RG Fernando Carmona (UNAVAILABLE),-0.25,-0.45,-0.0,15.79,0.0,LOW,no material weather signal,66.5,3.4,3.1,44.0,Open-Meteo game-time forecast,15.79,0.0,,,15.79,0.0,0.0,,,,
1366076769534251008,10-Team Dynasty — Dynasty V2,3,False,12534,Kyle Monangai,RB,CHI,NYJ,home,2026-10-04,13:00,43.5,outdoors,,,8.94,Sleeper raw-stat projection × league scoring + current usage + OL health,35.78,125.0,C,,,,2,,8.0,8.7,9.33,-0.7,0.0,10,,,,,8.63,0.41,2026,STABLE,3,3,3,31.0,36.0,36.0,1.33,10.0,11.33,1.0,9.04,-0.1,90.0,HEALTHY,LT Braxton Jones (AT RISK),-0.35,-0.11,-0.0,8.94,0.0,LOW,no material weather signal,65.3,9.9,13.4,3.0,Open-Meteo game-time forecast,8.94,0.0,,,8.94,0.0,0.0,,,,
1366076769534251008,10-Team Dynasty — Dynasty V2,3,False,12547,Kyle Williams,WR,NE,BUF,away,2026-10-04,13:00,48.5,outdoors,,,0.59,Sleeper raw-stat projection × league scoring + current usage + OL health,96.03,210.75,F,,,,4,,3.8,5.3,3.49,-1.5,0.0,10,,,,,1.99,-1.22,2026,STABLE,3,3,3,35.0,24.0,24.0,1.67,0.0,1.67,-3.0,0.77,-0.18,75.9,MINOR CONCERN,RG Greg Van Roten (UNAVAILABLE) | RT Morgan Moses (LIMITED),-0.45,-0.51,-0.0,0.59,0.0,LOW,no material weather signal,65.5,10.0,12.3,7.0,Open-Meteo game-time forecast,0.59,0.0,,,0.59,0.0,0.0,,,,
1366076769534251008,10-Team Dynasty — Dynasty V2,3,False,13333,Deion Burks,WR,IND,WAS,away,2026-10-04,09:30,47.5,outdoors,,,0.0,Sleeper raw-stat projection × league scoring + current usage,133.69,,F,,,,6,,0.0,1.2,0.24,-1.2,0.0,6,,,,,0.0,-1.22,2026,STABLE,3,1,3,14.0,6.3,6.3,0.0,2.0,0.0,-3.0,0.0,-0.0,100.0,HEALTHY,none,-0.0,-0.0,-0.0,0.0,0.0,LOW,no material weather signal,62.9,3.4,5.8,44.0,Open-Meteo game-time forecast,0.0,0.0,,,0.0,0.0,0.0,,,,
1366076769534251008,10-Team Dynasty — Dynasty V2,3,False,13348,J'Mari Taylor,RB,JAX,CIN,away,2026-10-04,13:00,51.5,outdoors,,,9.02,season-long ECR proxy + OL health,,265.5,,,,,,,,,,,,,,,,,9.12,0.0,,,,,,,,,,,,,9.12,-0.1,90.0,HEALTHY,LT Anton Harrison (AT RISK),-0.35,-0.11,-0.0,9.02,0.0,LOW,no material weather signal,71.3,4.7,6.0,21.0,Open-Meteo game-time forecast,9.02,0.0,,,9.02,0.0,0.0,,,,
1366076769534251008,10-Team Dynasty — Dynasty V2,3,False,13403,Jam Miller,RB,,,,,,,,,,3.5,season-long ECR proxy,,,,,,,,,,,,,,,,,,,3.5,0.0,,,,,,,,,,,,,3.5,0.0,,,,,,-0.0,3.5,0.0,,,,,,,,3.5,0.0,,,3.5,0.0,0.0,,,,
1366076769534251008,10-Team Dynasty — Dynasty V2,3,False,2306,Jameis Winston,QB,NYG,ARI,home,2026-10-04,13:00,44.5,outdoors,,,18.74,Sleeper raw-stat projection × league scoring + current usage + OL health,27.24,,F,,,,1,,14.6,14.1,18.13,0.5,0.0,10,,,,,18.63,0.26,2026,STABLE,3,2,2,100.0,94.0,94.0,0.0,2.0,0.0,2.0,18.89,-0.15,94.4,HEALTHY,LT Andrew Thomas (LIMITED),-0.2,-0.06,-0.0,18.74,0.0,LOW,no material weather signal,69.6,4.8,5.6,34.0,Open-Meteo game-time forecast,18.74,0.0,,,18.74,0.0,0.0,,,,
1366076769534251008,10-Team Dynasty — Dynasty V2,3,False,5012,Mark Andrews,TE,BAL,TEN,home,2026-10-04,13:00,43.5,outdoors,,,11.74,Sleeper raw-stat projection × league scoring + current usage + OL health,10.5,136.0,C+,Questionable,,QUESTIONABLE,1,,9.0,11.0,10.7,0.5,2.5,11,,,,,11.2,0.81,2026,STABLE,3,3,3,52.0,65.0,65.0,6.0,0.0,6.0,2.0,12.01,-0.27,77.8,MINOR CONCERN,LT Ronnie Stanley (UNAVAILABLE),-0.78,-0.24,-0.0,11.74,0.0,LOW,no material weather signal,66.5,3.4,3.1,44.0,Open-Meteo game-time forecast,11.74,0.0,,,11.74,0.0,0.0,,,,
1366076769534251008,10-Team Dynasty — Dynasty V2,3,False,6783,Jerry Jeudy,WR,CLE,PIT,home,2026-10-01,20:15,38.5,outdoors,,,1.6,Sleeper raw-stat projection × league scoring + OL health,76.5,163.5,F,,,,3,,4.4,6.4,3.88,-2.0,0.0,10,,,,,1.88,0.0,2026,STABLE,3,2,3,51.0,57.7,57.7,2.5,0.0,2.5,0.0,1.88,-0.28,63.1,DEGRADED,C Elgton Jenkins (AT RISK) | RG Teven Jenkins (UNAVAILABLE) | RT Tytus Howard (AT RISK),-0.71,-0.76,-0.0,1.6,0.0,LOW,no material weather signal,76.9,8.9,18.8,4.0,Open-Meteo game-time forecast,1.6,0.0,,,1.6,0.0,0.0,,,,
1366076769534251008,10-Team Dynasty — Dynasty V2,3,False,6826,Cole Kmet,TE,CHI,NYJ,home,2026-10-04,13:00,43.5,outdoors,,,3.87,Sleeper raw-stat projection × league scoring + OL health,38.5,225.0,F,,,,2,,3.3,4.0,4.69,-0.7,0.0,7,,,,,3.99,0.0,2026,STABLE,3,3,3,60.0,62.0,62.0,1.67,0.0,1.67,0.0,3.99,-0.12,90.0,HEALTHY,LT Braxton Jones (AT RISK),-0.35,-0.11,-0.0,3.87,0.0,LOW,no material weather signal,65.3,9.9,13.4,3.0,Open-Meteo game-time forecast,3.87,0.0,,,3.87,0.0,0.0,,,,
1366076769534251008,10-Team Dynasty — Dynasty V2,3,False,7569,Nico Collins,WR,HOU,DAL,home,2026-10-04,13:00,48.5,,,,20.83,Sleeper raw-stat projection × league scoring + current usage + OL health + injury ripple,,35.0,,Out,,OUT,1,,0.0,,19.08,0.0,0.0,10,,,,,19.08,0.49,2026,STABLE,1,1,1,72.0,72.0,72.0,10.0,1.0,10.0,3.0,19.57,-0.14,90.0,HEALTHY,RT Trent Brown (AT RISK),-0.35,-0.11,-0.0,19.43,0.0,LOW,no material weather signal,82.6,12.5,17.4,45.0,Open-Meteo game-time forecast,19.43,1.4,Opponent CB1 OUT/IR: projected WR1 coverage matchup improves (not confirmed shadow) | Starting safety OUT/IR: downfield coverage improves,MEDIUM,20.83,0.0,0.0,,,,
1366076769534251008,10-Team Dynasty — Dynasty V2,3,False,8131,Isaiah Likely,TE,NYG,ARI,home,2026-10-04,13:00,44.5,outdoors,,,15.44,Sleeper raw-stat projection × league scoring + current usage + OL health,11.48,86.2,C,,,,1,,10.8,10.3,13.79,0.5,0.0,7,,,,,14.29,1.22,2026,STABLE,3,3,3,84.0,67.3,67.3,7.67,0.0,7.67,3.0,15.51,-0.07,94.4,HEALTHY,LT Andrew Thomas (LIMITED),-0.2,-0.06,-0.0,15.44,0.0,LOW,no material weather signal,69.6,4.8,5.6,34.0,Open-Meteo game-time forecast,15.44,0.0,,,15.44,0.0,0.0,,,,
1366076769534251008,10-Team Dynasty — Dynasty V2,3,False,8134,Khalil Shakir,WR,BUF,NE,home,2026-10-04,13:00,48.5,outdoors,,,8.07,Sleeper raw-stat projection × league scoring + current usage + injury ripple,37.98,135.0,C,,,,2,,10.0,10.7,8.56,-0.7,0.0,10,,,,,7.86,0.41,2026,STABLE,3,3,3,73.0,58.3,58.3,5.0,0.0,5.0,1.0,8.27,-0.0,100.0,HEALTHY,none,-0.0,-0.0,-0.0,8.27,0.0,LOW,no material weather signal,65.5,10.0,12.3,7.0,Open-Meteo game-time forecast,8.27,-0.2,QB1 QUESTIONABLE/DNP: pass-catcher efficiency risk with backup QB,MEDIUM,8.07,0.0,0.0,,,,
1366076769534251008,10-Team Dynasty — Dynasty V2,3,False,8161,Malik Willis,QB,MIA,MIN,away,2026-10-04,16:05,38.5,dome,,,14.04,Sleeper raw-stat projection × league scoring + current usage,22.95,78.4,D-,,,,1,,14.7,14.7,13.63,0.0,0.0,10,,,,,13.63,0.41,2026,STABLE,3,3,3,100.0,100.0,100.0,0.0,5.67,0.0,2.0,14.04,-0.0,100.0,HEALTHY,none,-0.0,-0.0,-0.0,14.04,0.0,INDOOR,indoor,,,,,indoor/no weather adjustment,14.04,0.0,,,14.04,0.0,0.0,,,,
1366076769534251008,10-Team Dynasty — Dynasty V2,3,False,8210,Chig Okonkwo,TE,WAS,IND,home,2026-10-04,09:30,47.5,outdoors,,,9.44,Sleeper raw-stat projection × league scoring + injury ripple,,151.4,,Out,,OUT,1,,0.0,,9.89,0.0,0.0,7,,,,,9.89,0.0,2026,STABLE,1,1,1,56.0,56.0,56.0,3.0,0.0,3.0,0.0,9.89,-0.0,100.0,HEALTHY,none,-0.0,-0.0,-0.0,9.89,0.0,LOW,no material weather signal,62.9,3.4,5.8,44.0,Open-Meteo game-time forecast,9.89,-0.45,QB1 OUT/IR: pass-catcher efficiency risk with backup QB,MEDIUM,9.44,0.0,0.0,,,,
1366076769534251008,10-Team Dynasty — Dynasty V2,3,False,9225,Tank Bigsby,RB,PHI,LAR,home,2026-10-04,13:00,43.5,outdoors,,,1.92,Sleeper raw-stat projection × league scoring + current usage,55.35,199.4,F,,,,2,,4.3,5.0,3.43,-0.7,0.0,10,,,,,2.73,-0.81,2026,STABLE,3,3,3,4.0,16.3,16.3,1.0,4.67,5.67,-2.0,1.92,-0.0,100.0,HEALTHY,none,-0.0,-0.0,-0.0,1.92,0.0,LOW,no material weather signal,69.2,4.1,3.6,38.0,Open-Meteo game-time forecast,1.92,0.0,,,1.92,0.0,0.0,,,,
1366076769534251008,10-Team Dynasty — Dynasty V2,3,False,9487,Parker Washington,WR,JAX,CIN,away,2026-10-04,13:00,51.5,outdoors,,,19.64,Sleeper raw-stat projection × league scoring + current usage + OL health + injury ripple,11.37,80.6,A,,,,1,,15.9,14.8,17.28,1.1,0.0,10,,,,,18.38,1.22,2026,STABLE,3,3,3,81.0,74.3,74.3,7.67,0.0,7.67,3.0,19.6,-0.14,90.0,HEALTHY,LT Anton Harrison (AT RISK),-0.35,-0.11,-0.0,19.46,0.0,LOW,no material weather signal,71.3,4.7,6.0,21.0,Open-Meteo game-time forecast,19.46,0.18,Starting safety QUESTIONABLE/DNP: downfield coverage improves,MEDIUM,19.64,0.0,0.0,,,,
1366076769534251008,10-Team Dynasty — Dynasty V2,3,False,9509,Bijan Robinson,RB,ATL,NO,away,2026-10-05,20:15,48.5,dome,,,24.26,Sleeper raw-stat projection × league scoring + current usage + OL health + injury ripple,3.27,9.4,A+,,,,1,,20.8,20.3,22.75,0.5,0.0,10,,,,,23.25,1.22,2026,STABLE,3,3,3,72.0,66.7,66.7,5.33,22.0,27.33,3.0,24.47,-0.37,73.3,DEGRADED,LT Jake Matthews (AT RISK) | C Ryan Neuzil (AT RISK) | RG Chris Lindstrom (AT RISK),-0.58,-0.51,-0.0,24.1,0.0,INDOOR,indoor,,,,,indoor/no weather adjustment,24.1,0.16,Starting linebacker QUESTIONABLE/DNP: RB run/checkdown environment improves,MEDIUM,24.26,0.0,0.0,,,,
1366076769534251008,10-Team Dynasty — Dynasty V2,3,False,9758,C.J. Stroud,QB,HOU,DAL,home,2026-10-04,13:00,48.5,,,,22.18,Sleeper raw-stat projection × league scoring + current usage + OL health,18.64,80.8,D+,,,,1,,16.6,16.1,21.53,0.5,0.0,10,,,,,22.03,0.41,2026,STABLE,3,3,3,100.0,100.0,100.0,0.0,2.33,0.0,2.0,22.44,-0.26,90.0,HEALTHY,RT Trent Brown (AT RISK),-0.35,-0.11,-0.0,22.18,0.0,LOW,no material weather signal,82.6,12.5,17.4,45.0,Open-Meteo game-time forecast,22.18,0.0,,,22.18,0.0,0.0,,,,
1366076769534251008,10-Team Dynasty — Dynasty V2,4,False,10859,Sam LaPorta,TE,DET,CAR,away,2026-10-04,20:20,50.5,outdoors,,,15.94,Sleeper raw-stat projection × league scoring + current usage + injury ripple,5.33,74.8,A-,,,,1,,13.5,12.4,13.12,1.1,0.0,11,,,,,14.22,1.22,2026,STABLE,3,3,3,92.0,90.3,90.3,6.33,0.0,6.33,3.0,15.44,-0.0,100.0,HEALTHY,none,-0.0,-0.0,-0.0,15.44,0.0,LOW,no material weather signal,63.9,4.6,8.1,62.0,Open-Meteo game-time forecast,15.44,0.5,Starting safety OUT/IR: TE middle/deep matchup improves,MEDIUM,15.94,0.0,0.0,,,,
1366076769534251008,10-Team Dynasty — Dynasty V2,4,False,11237,Jacob Saylors,RB,DET,CAR,away,2026-10-04,20:20,50.5,outdoors,,,0.0,Sleeper raw-stat projection × league scoring + current usage,88.09,,F,,,,3,,0.0,0.8,0.29,-0.8,0.0,10,,,,,0.0,-1.22,2026,STABLE,3,3,3,3.0,1.0,1.0,0.0,0.0,0.0,-3.0,0.0,-0.0,100.0,HEALTHY,none,-0.0,-0.0,-0.0,0.0,0.0,LOW,no material weather signal,63.9,4.6,8.1,62.0,Open-Meteo game-time forecast,0.0,0.0,,,0.0,0.0,0.0,,,,
1366076769534251008,10-Team Dynasty — Dynasty V2,4,False,11560,Caleb Williams,QB,CHI,NYJ,home,2026-10-04,13:00,43.5,outdoors,,,0.0,weekly projected points + current usage + OL health,49.0,17.4,F,Out,,OUT,3,,,,,,,,,,,,0.0,0.26,2026,STABLE,2,2,2,86.0,93.0,93.0,0.0,7.5,0.0,2.0,0.26,-0.26,90.0,HEALTHY,LT Braxton Jones (AT RISK),-0.35,-0.11,-0.0,0.0,0.0,LOW,no material weather signal,65.3,9.9,13.4,3.0,Open-Meteo game-time forecast,0.0,0.0,,,0.0,0.0,0.0,,,,
1366076769534251008,10-Team Dynasty — Dynasty V2,4,False,12472,Raheim Sanders,RB,CLE,PIT,home,2026-10-01,20:15,38.5,outdoors,,,3.79,Sleeper raw-stat projection × league scoring + OL health,60.83,,F,,,,2,,2.8,4.0,5.53,-1.2,0.0,10,,,,,4.33,0.0,2026,STABLE,3,3,3,43.0,32.3,32.3,3.0,1.33,4.33,0.0,4.33,-0.54,63.1,DEGRADED,C Elgton Jenkins (AT RISK) | RG Teven Jenkins (UNAVAILABLE) | RT Tytus Howard (AT RISK),-0.71,-0.76,-0.0,3.79,0.0,LOW,no material weather signal,76.9,8.9,18.8,4.0,Open-Meteo game-time forecast,3.79,0.0,,,3.79,0.0,0.0,,,,
1366076769534251008,10-Team Dynasty — Dynasty V2,4,False,12521,Elijah Arroyo,TE,SEA,LAC,home,2026-10-04,16:25,42.5,outdoors,,,3.1,Sleeper raw-stat projection × league scoring + current usage,46.0,190.0,F,,,,2,,2.7,3.4,5.02,-0.7,0.0,7,,,,,4.32,-1.22,2026,STABLE,3,1,3,27.0,23.3,23.3,1.0,0.0,1.0,-3.0,3.1,-0.0,100.0,HEALTHY,none,-0.0,-0.0,-0.0,3.1,0.0,LOW,no material weather signal,69.8,6.8,6.3,0.0,Open-Meteo game-time forecast,3.1,0.0,,,3.1,0.0,0.0,,,,
1366076769534251008,10-Team Dynasty — Dynasty V2,4,False,13268,Elijah Sarratt,WR,BAL,TEN,home,2026-10-04,13:00,43.5,outdoors,,,0.0,season-long ECR proxy + OL health,,192.0,,Out,,OUT,6,,,,,,,,,,,,0.0,0.0,,,,,,,,,,,,,0.0,-0.31,77.8,MINOR CONCERN,LT Ronnie Stanley (UNAVAILABLE),-0.78,-0.24,-0.0,0.0,0.0,LOW,no material weather signal,66.5,3.4,3.1,44.0,Open-Meteo game-time forecast,0.0,0.0,,,0.0,0.0,0.0,,,,
1366076769534251008,10-Team Dynasty — Dynasty V2,4,False,13274,Germie Bernard,WR,PIT,CLE,away,2026-10-01,20:15,38.5,outdoors,,,0.62,Sleeper raw-stat projection × league scoring + current usage + OL health,77.41,183.25,F,,,,4,,4.3,6.3,2.35,-2.0,0.0,10,,,,,0.35,0.41,2026,STABLE,3,2,3,27.0,36.7,36.7,4.5,0.0,4.5,1.0,0.76,-0.14,90.0,HEALTHY,LT Troy Fautanu (AT RISK),-0.35,-0.11,-0.0,0.62,0.0,LOW,no material weather signal,76.9,8.9,18.8,4.0,Open-Meteo game-time forecast,0.62,0.0,,,0.62,0.0,0.0,,,,
1366076769534251008,10-Team Dynasty — Dynasty V2,4,False,13275,Ty Simpson,QB,LAR,PHI,away,2026-10-04,13:00,43.5,outdoors,,,0.0,season-long ECR proxy,,109.25,,Out,,OUT,3,,,,,,,,,,,,0.0,0.0,,,,,,,,,,,,,0.0,-0.0,100.0,HEALTHY,none,-0.0,-0.0,-0.0,0.0,0.0,LOW,no material weather signal,69.2,4.1,3.6,38.0,Open-Meteo game-time forecast,0.0,0.0,,,0.0,0.0,0.0,,,,
1366076769534251008,10-Team Dynasty — Dynasty V2,4,False,13279,Carnell Tate,WR,TEN,BAL,away,2026-10-04,13:00,43.5,outdoors,,,12.15,Sleeper raw-stat projection × league scoring + current usage + OL health,42.22,37.6,C,,,,1,,10.8,10.3,10.53,0.5,0.0,10,,,,,11.03,1.22,2026,STABLE,3,3,3,88.0,83.7,83.7,6.67,0.0,6.67,3.0,12.25,-0.1,81.5,MINOR CONCERN,RG Fernando Carmona (UNAVAILABLE),-0.25,-0.45,-0.0,12.15,0.0,LOW,no material weather signal,66.5,3.4,3.1,44.0,Open-Meteo game-time forecast,12.15,0.0,,,12.15,0.0,0.0,,,,
1366076769534251008,10-Team Dynasty — Dynasty V2,4,False,13287,Jeremiyah Love,RB,ARI,NYG,away,2026-10-04,13:00,44.5,outdoors,,,17.44,Sleeper raw-stat projection × league scoring + current usage + OL health,24.51,22.6,C+,,,,1,,12.6,12.1,16.27,0.5,0.0,10,,,,,16.77,0.81,2026,STABLE,3,3,3,64.0,49.0,49.0,4.0,13.67,17.67,2.0,17.58,-0.14,91.7,HEALTHY,RG Isaiah Adams (AT RISK),-0.11,-0.2,-0.0,17.44,0.0,LOW,no material weather signal,69.6,4.8,5.6,34.0,Open-Meteo game-time forecast,17.44,0.0,,,17.44,0.0,0.0,,,,
1366076769534251008,10-Team Dynasty — Dynasty V2,4,False,13293,Ja'Kobi Lane,WR,BAL,TEN,home,2026-10-04,13:00,43.5,outdoors,,,0.0,season-long ECR proxy + OL health,,166.25,,IR,,IR/PUP,9,,,,,,,,,,,,0.0,0.0,2026,STABLE,1,1,1,40.0,40.0,40.0,3.0,0.0,3.0,0.0,0.0,-0.31,77.8,MINOR CONCERN,LT Ronnie Stanley (UNAVAILABLE),-0.78,-0.24,-0.0,0.0,0.0,LOW,no material weather signal,66.5,3.4,3.1,44.0,Open-Meteo game-time forecast,0.0,0.0,,,0.0,0.0,0.0,,,,
1366076769534251008,10-Team Dynasty — Dynasty V2,4,False,13296,Caleb Douglas,WR,MIA,MIN,away,2026-10-04,16:05,38.5,dome,,,7.2,Sleeper raw-stat projection × league scoring + current usage,,175.25,,Out,,OUT,2,,0.0,,6.41,0.0,0.0,8,,,,,6.41,0.79,2026,STABLE,2,2,2,86.0,88.5,88.5,5.0,0.0,5.0,3.0,7.2,-0.0,100.0,HEALTHY,none,-0.0,-0.0,-0.0,7.2,0.0,INDOOR,indoor,,,,,indoor/no weather adjustment,7.2,0.0,,,7.2,0.0,0.0,,,,
1366076769534251008,10-Team Dynasty — Dynasty V2,4,False,13298,KC Concepcion,WR,CLE,PIT,home,2026-10-01,20:15,38.5,outdoors,,,9.58,Sleeper raw-stat projection × league scoring + current usage + OL health + injury ripple,41.76,76.2,C,,,,2,,9.1,10.3,9.85,-1.2,0.0,10,,,,,8.65,0.81,2026,STABLE,3,3,3,86.0,73.7,73.7,6.67,1.33,6.67,2.0,9.46,-0.28,63.1,DEGRADED,C Elgton Jenkins (AT RISK) | RG Teven Jenkins (UNAVAILABLE) | RT Tytus Howard (AT RISK),-0.71,-0.76,-0.0,9.18,0.0,LOW,no material weather signal,76.9,8.9,18.8,4.0,Open-Meteo game-time forecast,9.18,0.4,Opponent CB1 OUT/IR: secondary WR matchup improves,MEDIUM,9.58,0.0,0.0,,,,
1366076769534251008,10-Team Dynasty — Dynasty V2,4,False,13324,Matt Hibner,TE,BAL,TEN,home,2026-10-04,13:00,43.5,outdoors,,,2.09,Sleeper raw-stat projection × league scoring + OL health,,,,,,,2,,4.3,,2.36,0.0,0.0,7,,,,,2.36,0.0,,,,,,,,,,,,,2.36,-0.27,77.8,MINOR CONCERN,LT Ronnie Stanley (UNAVAILABLE),-0.78,-0.24,-0.0,2.09,0.0,LOW,no material weather signal,66.5,3.4,3.1,44.0,Open-Meteo game-time forecast,2.09,0.0,,,2.09,0.0,0.0,,,,
1366076769534251008,10-Team Dynasty — Dynasty V2,4,False,13346,Denzel Boston,WR,CLE,PIT,home,2026-10-01,20:15,38.5,outdoors,,,13.28,Sleeper raw-stat projection × league scoring + current usage + OL health + injury ripple,34.61,100.6,C+,,,,1,,11.0,11.0,11.34,0.0,0.0,10,,,,,11.34,1.22,2026,STABLE,3,3,3,89.0,91.3,91.3,5.0,0.0,5.0,3.0,12.56,-0.28,63.1,DEGRADED,C Elgton Jenkins (AT RISK) | RG Teven Jenkins (UNAVAILABLE) | RT Tytus Howard (AT RISK),-0.71,-0.76,-0.0,12.28,0.0,LOW,no material weather signal,76.9,8.9,18.8,4.0,Open-Meteo game-time forecast,12.28,1.0,Opponent CB1 OUT/IR: projected WR1 coverage matchup improves (not confirmed shadow),MEDIUM,13.28,0.0,0.0,,,,
1366076769534251008,10-Team Dynasty — Dynasty V2,4,False,13413,Cyrus Allen,WR,KC,LV,away,2026-10-04,16:25,47.5,dome,,,0.0,Sleeper raw-stat projection × league scoring + current usage + OL health,118.09,218.25,F,,,,5,,2.0,3.5,0.48,-1.5,0.0,6,,,,,0.0,-1.22,2026,STABLE,3,1,3,2.0,2.3,2.3,1.0,0.0,1.0,-3.0,0.0,-0.31,77.8,MINOR CONCERN,LT Josh Simmons (UNAVAILABLE),-0.78,-0.24,-0.0,0.0,0.0,INDOOR,indoor,,,,,indoor/no weather adjustment,0.0,0.0,,,0.0,0.0,0.0,,,,
1366076769534251008,10-Team Dynasty — Dynasty V2,4,False,13434,Will Kacmarek,TE,MIA,MIN,away,2026-10-04,16:05,38.5,dome,,,0.0,Sleeper raw-stat projection × league scoring + current usage,62.93,,F,,,,2,,1.2,2.4,1.61,-1.2,0.0,7,,,,,0.41,-0.41,2026,STABLE,3,3,3,41.0,37.7,37.7,0.67,0.0,0.67,-1.0,0.0,-0.0,100.0,HEALTHY,none,-0.0,-0.0,-0.0,0.0,0.0,INDOOR,indoor,,,,,indoor/no weather adjustment,0.0,0.0,,,0.0,0.0,0.0,,,,
1366076769534251008,10-Team Dynasty — Dynasty V2,4,False,13477,Colbie Young,WR,CIN,JAX,home,2026-10-04,13:00,51.5,outdoors,,,0.0,weekly projected points + current usage,108.62,,F,Out,,OUT,4,,,,,,,,,,,,0.0,-1.22,2026,STABLE,3,2,3,2.0,11.0,11.0,1.0,0.0,1.0,-3.0,0.0,-0.0,100.0,HEALTHY,none,-0.0,-0.0,-0.0,0.0,0.0,LOW,no material weather signal,71.3,4.7,6.0,21.0,Open-Meteo game-time forecast,0.0,0.0,,,0.0,0.0,0.0,,,,
1366076769534251008,10-Team Dynasty — Dynasty V2,4,False,1466,Travis Kelce,TE,KC,LV,away,2026-10-04,16:25,47.5,dome,,,16.02,Sleeper raw-stat projection × league scoring + current usage + OL health + injury ripple,4.6,152.0,A,,,,1,,13.8,13.3,14.48,0.5,0.0,7,,,,,14.98,0.81,2026,STABLE,3,3,3,79.0,78.3,78.3,6.0,0.0,6.0,2.0,15.79,-0.27,77.8,MINOR CONCERN,LT Josh Simmons (UNAVAILABLE),-0.78,-0.24,-0.0,15.52,0.0,INDOOR,indoor,,,,,indoor/no weather adjustment,15.52,0.5,Starting safety OUT/IR: TE middle/deep matchup improves,MEDIUM,16.02,0.0,0.0,,,,
1366076769534251008,10-Team Dynasty — Dynasty V2,4,False,2216,Mike Evans,WR,SF,DEN,home,2026-10-04,16:25,47.5,outdoors,,,0.48,Sleeper raw-stat projection × league scoring + current usage + OL health,17.98,117.2,A-,Out,,OUT,1,,0.0,13.7,13.91,-13.7,0.0,6,,,,,0.21,0.41,2026,STABLE,3,3,3,33.0,54.0,54.0,5.33,0.0,5.33,1.0,0.62,-0.14,90.0,HEALTHY,LT Trent Williams (AT RISK),-0.35,-0.11,-0.0,0.48,0.0,LOW,no material weather signal,,,,,schedule fallback,0.48,0.0,,,0.48,0.0,0.0,,,,
1366076769534251008,10-Team Dynasty — Dynasty V2,4,False,2449,Stefon Diggs,WR,WAS,IND,home,2026-10-04,09:30,47.5,outdoors,,,11.05,Sleeper raw-stat projection × league scoring + current usage + injury ripple,37.83,143.67,C,,,,2,,10.2,10.9,11.39,-0.7,0.0,8,,,,,10.69,0.81,2026,STABLE,3,3,3,59.0,57.7,57.7,7.33,0.0,7.33,2.0,11.5,-0.0,100.0,HEALTHY,none,-0.0,-0.0,-0.0,11.5,0.0,LOW,no material weather signal,62.9,3.4,5.8,44.0,Open-Meteo game-time forecast,11.5,-0.45,QB1 OUT/IR: pass-catcher efficiency risk with backup QB,MEDIUM,11.05,0.0,0.0,,,,
1366076769534251008,10-Team Dynasty — Dynasty V2,4,False,3163,Jared Goff,QB,DET,CAR,away,2026-10-04,20:20,50.5,outdoors,,,21.86,Sleeper raw-stat projection × league scoring + current usage,6.98,44.8,B+,,,,1,,19.8,18.7,20.35,1.1,0.0,10,,,,,21.45,0.41,2026,STABLE,3,3,3,100.0,100.0,100.0,0.0,3.0,0.0,2.0,21.86,-0.0,100.0,HEALTHY,none,-0.0,-0.0,-0.0,21.86,0.0,LOW,no material weather signal,63.9,4.6,8.1,62.0,Open-Meteo game-time forecast,21.86,0.0,,,21.86,0.0,0.0,,,,
1366076769534251008,10-Team Dynasty — Dynasty V2,4,False,3214,Hunter Henry,TE,NE,BUF,away,2026-10-04,13:00,48.5,outdoors,,,12.66,Sleeper raw-stat projection × league scoring + current usage + OL health,17.8,168.6,D,,,,1,,9.8,9.3,11.93,0.5,0.0,7,,,,,12.43,0.41,2026,STABLE,3,3,3,70.0,79.0,79.0,3.33,0.0,3.33,1.0,12.84,-0.18,75.9,MINOR CONCERN,RG Greg Van Roten (UNAVAILABLE) | RT Morgan Moses (LIMITED),-0.45,-0.51,-0.0,12.66,0.0,LOW,no material weather signal,65.5,10.0,12.3,7.0,Open-Meteo game-time forecast,12.66,0.0,,,12.66,0.0,0.0,,,,
1366076769534251008,10-Team Dynasty — Dynasty V2,4,False,4039,Cooper Kupp,WR,SEA,LAC,home,2026-10-04,16:25,42.5,outdoors,,,5.38,Sleeper raw-stat projection × league scoring + current usage,75.05,229.5,F,,,,3,,5.0,6.5,6.47,-1.5,0.0,8,,,,,4.97,0.41,2026,STABLE,3,3,3,67.0,62.7,62.7,3.33,0.0,3.33,1.0,5.38,-0.0,100.0,HEALTHY,none,-0.0,-0.0,-0.0,5.38,0.0,LOW,no material weather signal,69.8,6.8,6.3,0.0,Open-Meteo game-time forecast,5.38,0.0,,,5.38,0.0,0.0,,,,
1366076769534251008,10-Team Dynasty — Dynasty V2,4,False,421,Matthew Stafford,QB,LAR,PHI,away,2026-10-04,13:00,43.5,outdoors,,,20.65,Sleeper raw-stat projection × league scoring + current usage,17.26,79.2,C-,,,,1,,16.8,16.3,19.74,0.5,0.0,10,,,,,20.24,0.41,2026,STABLE,3,3,3,100.0,94.7,94.7,0.0,2.67,0.0,2.0,20.65,-0.0,100.0,HEALTHY,none,-0.0,-0.0,-0.0,20.65,0.0,LOW,no material weather signal,69.2,4.1,3.6,38.0,Open-Meteo game-time forecast,20.65,0.0,,,20.65,0.0,0.0,,,,
1366076769534251008,10-Team Dynasty — Dynasty V2,4,False,6130,Devin Singletary,RB,NYG,ARI,home,2026-10-04,13:00,44.5,outdoors,,,1.13,Sleeper raw-stat projection × league scoring + OL health,,264.0,,Out,,OUT,3,,0.0,,1.19,0.0,0.0,10,,,,,1.19,0.0,2026,STABLE,2,2,2,26.0,31.0,31.0,2.5,4.5,7.0,0.0,1.19,-0.06,94.4,HEALTHY,LT Andrew Thomas (LIMITED),-0.2,-0.06,-0.0,1.13,0.0,LOW,no material weather signal,69.6,4.8,5.6,34.0,Open-Meteo game-time forecast,1.13,0.0,,,1.13,0.0,0.0,,,,
1366076769534251008,10-Team Dynasty — Dynasty V2,4,False,7049,Jauan Jennings,WR,MIN,MIA,home,2026-10-04,16:05,38.5,dome,,,7.75,Sleeper raw-stat projection × league scoring + OL health + injury ripple,95.82,161.67,F,,,,3,,1.9,3.9,9.34,-2.0,0.0,8,,,,,7.34,0.0,2026,STABLE,3,2,2,80.0,64.0,64.0,1.5,0.0,1.5,0.0,7.34,-0.14,90.0,HEALTHY,LT Christian Darrisaw (AT RISK),-0.35,-0.11,-0.0,7.2,0.0,INDOOR,indoor,,,,,indoor/no weather adjustment,7.2,0.55,WR1 OUT/IR: WR3 role/targets can expand,MEDIUM,7.75,0.0,0.0,,,,
1366076769534251008,10-Team Dynasty — Dynasty V2,4,False,7526,Jaylen Waddle,WR,DEN,SF,away,2026-10-04,16:25,47.5,outdoors,,,14.71,Sleeper raw-stat projection × league scoring + current usage + injury ripple,15.46,56.2,A,Questionable,,QUESTIONABLE,1,,12.1,14.1,12.95,0.5,2.5,10,,,,,13.45,0.81,2026,STABLE,3,3,3,73.0,69.7,69.7,6.67,0.33,6.67,2.0,14.26,-0.0,100.0,HEALTHY,none,-0.0,-0.0,-0.0,14.26,0.0,LOW,no material weather signal,,,,,schedule fallback,14.26,0.45,Opponent CB1 QUESTIONABLE/DNP: projected WR1 coverage matchup improves (not confirmed shadow),MEDIUM,14.71,0.0,0.0,,,,
1366076769534251008,10-Team Dynasty — Dynasty V2,4,False,7611,Rhamondre Stevenson,RB,NE,BUF,away,2026-10-04,13:00,48.5,outdoors,,,12.24,Sleeper raw-stat projection × league scoring + current usage + OL health,28.63,145.4,C,,,,2,,9.6,10.3,12.89,-0.7,0.0,10,,,,,12.19,0.41,2026,STABLE,3,3,3,52.0,57.7,57.7,3.67,10.33,14.0,1.0,12.6,-0.36,75.9,MINOR CONCERN,RG Greg Van Roten (UNAVAILABLE) | RT Morgan Moses (LIMITED),-0.45,-0.51,-0.0,12.24,0.0,LOW,no material weather signal,65.5,10.0,12.3,7.0,Open-Meteo game-time forecast,12.24,0.0,,,12.24,0.0,0.0,,,,
1366076769534251008,10-Team Dynasty — Dynasty V2,4,False,8130,Trey McBride,TE,ARI,NYG,away,2026-10-04,13:00,44.5,outdoors,,,23.82,Sleeper raw-stat projection × league scoring + current usage + OL health,1.0,29.8,A+,,,,1,,17.6,17.1,21.75,0.5,0.0,9,,,,,22.25,1.62,2026,STABLE,3,3,3,91.0,86.3,86.3,11.33,0.0,11.33,4.0,23.87,-0.05,91.7,HEALTHY,RG Isaiah Adams (AT RISK),-0.11,-0.2,-0.0,23.82,0.0,LOW,no material weather signal,69.6,4.8,5.6,34.0,Open-Meteo game-time forecast,23.82,0.0,,,23.82,0.0,0.0,,,,
1366076769534251008,10-Team Dynasty — Dynasty V2,4,False,9224,Chase Brown,RB,CIN,JAX,home,2026-10-04,13:00,51.5,outdoors,,,20.54,Sleeper raw-stat projection × league scoring + current usage,7.51,52.0,A,,,,1,,18.6,17.5,18.22,1.1,0.0,10,,,,,19.32,1.22,2026,STABLE,3,3,3,70.0,70.7,70.7,4.33,16.33,20.67,3.0,20.54,-0.0,100.0,HEALTHY,none,-0.0,-0.0,-0.0,20.54,0.0,LOW,no material weather signal,71.3,4.7,6.0,21.0,Open-Meteo game-time forecast,20.54,0.0,,,20.54,0.0,0.0,,,,
1366076769534251008,10-Team Dynasty — Dynasty V2,5,False,11370,Chris Brooks,RB,GB,TB,away,2026-10-04,13:00,39.5,outdoors,,,4.1,Sleeper raw-stat projection × league scoring + OL health,51.44,254.0,F,,,,3,,3.8,5.3,6.04,-1.5,0.0,10,,,,,4.54,0.0,2026,STABLE,3,3,3,41.0,47.7,47.7,1.33,3.67,5.0,0.0,4.54,-0.44,73.1,DEGRADED,LG Aaron Banks (UNAVAILABLE) | RG Jacob Monk (AT RISK),-0.36,-0.65,-0.0,4.1,0.0,LOW,no material weather signal,90.8,9.6,11.2,2.0,Open-Meteo game-time forecast,4.1,0.0,,,4.1,0.0,0.0,,,,
1366076769534251008,10-Team Dynasty — Dynasty V2,5,False,11563,Bo Nix,QB,DEN,SF,away,2026-10-04,16:25,47.5,outdoors,,,22.51,Sleeper raw-stat projection × league scoring + current usage,16.38,31.0,C-,,,,1,,17.1,16.6,21.6,0.5,0.0,10,,,,,22.1,0.41,2026,STABLE,3,3,3,100.0,100.0,100.0,0.0,4.0,0.0,2.0,22.51,-0.0,100.0,HEALTHY,none,-0.0,-0.0,-0.0,22.51,0.0,LOW,no material weather signal,,,,,schedule fallback,22.51,0.0,,,22.51,0.0,0.0,,,,
1366076769534251008,10-Team Dynasty — Dynasty V2,5,False,11604,Brock Bowers,TE,LV,KC,home,2026-10-04,16:25,47.5,dome,,,20.05,Sleeper raw-stat projection × league scoring + current usage + OL health,4.03,24.4,A,,,,1,,14.1,13.6,19.11,0.5,0.0,11,,,,,19.61,0.49,2026,STABLE,3,1,1,79.0,79.0,79.0,13.0,0.0,13.0,3.0,20.1,-0.05,91.7,HEALTHY,RG Jackson Powers-Johnson (AT RISK),-0.11,-0.2,-0.0,20.05,0.0,INDOOR,indoor,,,,,indoor/no weather adjustment,20.05,0.0,,,20.05,0.0,0.0,,,,
1366076769534251008,10-Team Dynasty — Dynasty V2,5,False,11638,Ricky Pearsall,WR,SF,DEN,home,2026-10-04,16:25,47.5,outdoors,,,0.0,season-long ECR proxy + OL health,,133.0,,IR,,IR/PUP,10,,,,,,,,,,,,0.0,0.0,,,,,,,,,,,,,0.0,-0.14,90.0,HEALTHY,LT Trent Williams (AT RISK),-0.35,-0.11,-0.0,0.0,0.0,LOW,no material weather signal,,,,,schedule fallback,0.0,0.0,,,0.0,0.0,0.0,,,,
1366076769534251008,10-Team Dynasty — Dynasty V2,5,False,1166,Kirk Cousins,QB,LV,KC,home,2026-10-04,16:25,47.5,dome,,,19.14,Sleeper raw-stat projection × league scoring + current usage + OL health,24.24,94.0,F,,,,1,,15.0,14.5,18.31,0.5,0.0,10,,,,,18.81,0.41,2026,STABLE,3,3,3,100.0,100.0,100.0,0.0,4.0,0.0,2.0,19.22,-0.08,91.7,HEALTHY,RG Jackson Powers-Johnson (AT RISK),-0.11,-0.2,-0.0,19.14,0.0,INDOOR,indoor,,,,,indoor/no weather adjustment,19.14,0.0,,,19.14,0.0,0.0,,,,
1366076769534251008,10-Team Dynasty — Dynasty V2,5,False,12470,Riley Leonard,QB,IND,WAS,away,2026-10-04,09:30,47.5,outdoors,,,0.0,season-long ECR proxy,,,,Out,,OUT,3,,,,,,,,,,,,0.0,0.0,,,,,,,,,,,,,0.0,-0.0,100.0,HEALTHY,none,-0.0,-0.0,-0.0,0.0,0.0,LOW,no material weather signal,62.9,3.4,5.8,44.0,Open-Meteo game-time forecast,0.0,0.0,,,0.0,0.0,0.0,,,,
1366076769534251008,10-Team Dynasty — Dynasty V2,5,False,12495,Ollie Gordon,RB,MIA,MIN,away,2026-10-04,16:05,38.5,dome,,,10.41,Sleeper raw-stat projection × league scoring + current usage + injury ripple,70.0,239.75,F,Questionable,,QUESTIONABLE,1,,0.0,2.1,8.05,0.4,2.5,10,,,,,8.45,0.41,2026,STABLE,3,2,3,84.0,36.7,36.7,1.5,10.0,11.5,1.0,8.86,-0.0,100.0,HEALTHY,none,-0.0,-0.0,-0.0,8.86,0.0,INDOOR,indoor,,,,,indoor/no weather adjustment,8.86,1.55,RB1 OUT/IR: backfield opportunity moves to RB2,HIGH,10.41,0.0,0.0,,,,
1366076769534251008,10-Team Dynasty — Dynasty V2,5,False,12507,Omarion Hampton,RB,LAC,SEA,away,2026-10-04,16:25,42.5,outdoors,,,11.03,Sleeper raw-stat projection × league scoring + current usage,15.1,29.4,B,,,,1,,15.1,14.6,9.72,0.5,0.0,10,,,,,10.22,0.81,2026,STABLE,3,3,3,42.0,54.3,54.3,1.0,16.67,17.67,2.0,11.03,-0.0,100.0,HEALTHY,none,-0.0,-0.0,-0.0,11.03,0.0,LOW,no material weather signal,69.8,6.8,6.3,0.0,Open-Meteo game-time forecast,11.03,0.0,,,11.03,0.0,0.0,,,,
1366076769534251008,10-Team Dynasty — Dynasty V2,5,False,12533,Jacory Croskey-Merritt,RB,WAS,IND,home,2026-10-04,09:30,47.5,outdoors,,,13.62,Sleeper raw-stat projection × league scoring + current usage,39.61,163.2,D+,,,,1,,8.7,8.2,12.31,0.5,0.0,10,,,,,12.81,0.81,2026,STABLE,3,3,3,57.0,47.7,47.7,1.0,15.67,16.67,2.0,13.62,-0.0,100.0,HEALTHY,none,-0.0,-0.0,-0.0,13.62,0.0,LOW,no material weather signal,62.9,3.4,5.8,44.0,Open-Meteo game-time forecast,13.62,0.0,,,13.62,0.0,0.0,,,,
1366076769534251008,10-Team Dynasty — Dynasty V2,5,False,12536,Jaylin Noel,WR,HOU,DAL,home,2026-10-04,13:00,48.5,,,,0.57,Sleeper raw-stat projection × league scoring + OL health,68.93,167.0,F,,,,4,,5.6,7.1,2.21,-1.5,0.0,10,,,,,0.71,0.0,2026,STABLE,3,3,3,26.0,38.7,38.7,3.0,0.67,3.0,0.0,0.71,-0.14,90.0,HEALTHY,RT Trent Brown (AT RISK),-0.35,-0.11,-0.0,0.57,0.0,LOW,no material weather signal,82.6,12.5,17.4,45.0,Open-Meteo game-time forecast,0.57,0.0,,,0.57,0.0,0.0,,,,
1366076769534251008,10-Team Dynasty — Dynasty V2,5,False,13303,Cade Klubnik,QB,NYJ,CHI,away,2026-10-04,13:00,43.5,outdoors,,,0.0,weekly projected points + OL health,48.2,,F,,,,3,,,,,,,,,,,,0.0,0.0,,,,,,,,,,,,,0.0,-0.19,81.5,MINOR CONCERN,LG Dylan Parham (UNAVAILABLE),-0.25,-0.45,-0.0,0.0,0.0,LOW,no material weather signal,65.3,9.9,13.4,3.0,Open-Meteo game-time forecast,0.0,0.0,,,0.0,0.0,0.0,,,,
1366076769534251008,10-Team Dynasty — Dynasty V2,5,False,13425,Jalon Daniels,QB,TB,GB,home,2026-10-04,13:00,39.5,outdoors,,,15.22,Sleeper raw-stat projection × league scoring + current usage + injury ripple,,,,,,,1,,5.5,,14.18,0.0,0.0,10,,,,,14.18,-0.16,2026,STABLE,3,1,1,6.0,6.0,6.0,0.0,1.0,0.0,-2.0,14.02,-0.0,100.0,HEALTHY,none,-0.0,-0.0,-0.0,14.02,0.0,LOW,no material weather signal,90.8,9.6,11.2,2.0,Open-Meteo game-time forecast,14.02,1.2,QB1 OUT/IR: QB2 becomes relevant,HIGH,15.22,0.0,0.0,,,,
1366076769534251008,10-Team Dynasty — Dynasty V2,5,False,1479,Keenan Allen,WR,IND,WAS,away,2026-10-04,09:30,47.5,outdoors,,,9.01,Sleeper raw-stat projection × league scoring + current usage,54.63,226.33,D+,,,,2,,8.3,9.0,8.9,-0.7,0.0,6,,,,,8.2,0.81,2026,STABLE,3,3,3,73.0,63.7,63.7,6.67,0.0,6.67,2.0,9.01,-0.0,100.0,HEALTHY,none,-0.0,-0.0,-0.0,9.01,0.0,LOW,no material weather signal,62.9,3.4,5.8,44.0,Open-Meteo game-time forecast,9.01,0.0,,,9.01,0.0,0.0,,,,
1366076769534251008,10-Team Dynasty — Dynasty V2,5,False,2133,Davante Adams,WR,LAR,PHI,away,2026-10-04,13:00,43.5,outdoors,,,17.99,Sleeper raw-stat projection × league scoring + current usage + injury ripple,9.63,103.8,A,,,,2,,14.8,15.5,16.37,-0.7,0.0,6,,,,,15.67,1.22,2026,STABLE,3,3,3,83.0,67.3,67.3,9.67,0.0,9.67,3.0,16.89,-0.0,100.0,HEALTHY,none,-0.0,-0.0,-0.0,16.89,0.0,LOW,no material weather signal,69.2,4.1,3.6,38.0,Open-Meteo game-time forecast,16.89,1.1,WR1 OUT/IR: target concentration rises for next WR,HIGH,17.99,0.0,0.0,,,,
1366076769534251008,10-Team Dynasty — Dynasty V2,5,False,3257,Jacoby Brissett,QB,ARI,NYG,away,2026-10-04,13:00,44.5,outdoors,,,19.45,Sleeper raw-stat projection × league scoring + current usage + OL health,22.93,112.5,D-,,,,1,,15.4,14.9,18.62,0.5,0.0,10,,,,,19.12,0.41,2026,STABLE,3,3,3,100.0,100.0,100.0,0.0,3.67,0.0,2.0,19.53,-0.08,91.7,HEALTHY,RG Isaiah Adams (AT RISK),-0.11,-0.2,-0.0,19.45,0.0,LOW,no material weather signal,69.6,4.8,5.6,34.0,Open-Meteo game-time forecast,19.45,0.0,,,19.45,0.0,0.0,,,,
1366076769534251008,10-Team Dynasty — Dynasty V2,5,False,4035,Alvin Kamara,RB,NO,ATL,home,2026-10-05,20:15,48.5,dome,,,12.43,Sleeper raw-stat projection × league scoring + current usage + injury ripple,39.1,203.0,C-,,,,1,,8.8,8.3,10.12,0.5,0.0,10,,,,,10.62,0.26,2026,STABLE,3,2,2,32.0,30.5,30.5,3.5,9.0,12.5,1.0,10.88,-0.0,100.0,HEALTHY,none,-0.0,-0.0,-0.0,10.88,0.0,INDOOR,indoor,,,,,indoor/no weather adjustment,10.88,1.55,RB1 OUT/IR: backfield opportunity moves to RB2,HIGH,12.43,0.0,0.0,,,,
1366076769534251008,10-Team Dynasty — Dynasty V2,5,False,5849,Kyler Murray,QB,MIN,MIA,home,2026-10-04,16:05,38.5,dome,,,21.4,Sleeper raw-stat projection × league scoring + OL health,13.48,74.6,C+,,,,1,,17.1,17.1,21.66,0.0,0.0,10,,,,,21.66,0.0,2026,STABLE,3,2,2,100.0,58.5,58.5,0.0,2.0,0.0,0.0,21.66,-0.26,90.0,HEALTHY,LT Christian Darrisaw (AT RISK),-0.35,-0.11,-0.0,21.4,0.0,INDOOR,indoor,,,,,indoor/no weather adjustment,21.4,0.0,,,21.4,0.0,0.0,,,,
1366076769534251008,10-Team Dynasty — Dynasty V2,5,False,6904,Jalen Hurts,QB,PHI,LAR,home,2026-10-04,13:00,43.5,outdoors,,,19.7,Sleeper raw-stat projection × league scoring + current usage,4.93,13.4,A,,,,1,,20.6,20.1,18.79,0.5,0.0,10,,,,,19.29,0.41,2026,STABLE,3,3,3,92.0,97.3,97.3,0.0,5.33,0.0,2.0,19.7,-0.0,100.0,HEALTHY,none,-0.0,-0.0,-0.0,19.7,0.0,LOW,no material weather signal,69.2,4.1,3.6,38.0,Open-Meteo game-time forecast,19.7,0.0,,,19.7,0.0,0.0,,,,
1366076769534251008,10-Team Dynasty — Dynasty V2,5,False,7525,DeVonta Smith,WR,PHI,LAR,home,2026-10-04,13:00,43.5,outdoors,,,17.45,Sleeper raw-stat projection × league scoring + current usage + injury ripple,8.54,47.0,A,,,,1,,16.2,15.7,13.68,0.5,0.0,10,,,,,14.18,1.62,2026,STABLE,3,3,3,100.0,94.3,94.3,9.0,0.0,9.0,4.0,15.8,-0.0,100.0,HEALTHY,none,-0.0,-0.0,-0.0,15.8,0.0,LOW,no material weather signal,69.2,4.1,3.6,38.0,Open-Meteo game-time forecast,15.8,1.65,Opponent CB1 OUT/IR: projected WR1 coverage matchup improves (not confirmed shadow) | Starting safety OUT/IR: downfield coverage improves | TE1 OUT/IR: WR1 target share can rise,MEDIUM,17.45,0.0,0.0,,,,
1366076769534251008,10-Team Dynasty — Dynasty V2,5,False,7543,Travis Etienne,RB,NO,ATL,home,2026-10-05,20:15,48.5,dome,,,0.41,weekly projected points + current usage,26.39,84.8,C+,Out,,OUT,3,,,,,,,,,,,,0.0,0.41,2026,STABLE,3,3,3,38.0,50.3,50.3,4.33,10.0,14.33,1.0,0.41,-0.0,100.0,HEALTHY,none,-0.0,-0.0,-0.0,0.41,0.0,INDOOR,indoor,,,,,indoor/no weather adjustment,0.41,0.0,,,0.41,0.0,0.0,,,,
1366076769534251008,10-Team Dynasty — Dynasty V2,5,False,7553,Kyle Pitts,TE,ATL,NO,away,2026-10-05,20:15,48.5,dome,,,10.85,Sleeper raw-stat projection × league scoring + OL health + injury ripple,17.88,70.4,D,,,,1,,9.1,8.6,10.33,0.5,0.0,7,,,,,10.83,0.0,2026,STABLE,3,3,3,59.0,53.3,53.3,2.0,0.0,2.0,0.0,10.83,-0.23,73.3,DEGRADED,LT Jake Matthews (AT RISK) | C Ryan Neuzil (AT RISK) | RG Chris Lindstrom (AT RISK),-0.58,-0.51,-0.0,10.6,0.0,INDOOR,indoor,,,,,indoor/no weather adjustment,10.6,0.25,Starting linebacker QUESTIONABLE/DNP: TE coverage improves,MEDIUM,10.85,0.0,0.0,,,,
1366076769534251008,10-Team Dynasty — Dynasty V2,5,False,8137,George Pickens,WR,DAL,HOU,away,2026-10-04,13:00,48.5,,,,16.09,Sleeper raw-stat projection × league scoring + current usage,12.46,33.2,A,,,,2,,14.1,14.8,15.17,-0.7,0.0,10,,,,,14.47,1.62,2026,STABLE,3,3,3,85.0,81.7,81.7,8.33,0.0,8.33,4.0,16.09,-0.0,100.0,HEALTHY,none,-0.0,-0.0,-0.0,16.09,0.0,LOW,no material weather signal,82.6,12.5,17.4,45.0,Open-Meteo game-time forecast,16.09,0.0,,,16.09,0.0,0.0,,,,
1366076769534251008,10-Team Dynasty — Dynasty V2,5,False,8205,Isiah Pacheco,RB,DET,CAR,away,2026-10-04,20:20,50.5,outdoors,,,0.0,season-long ECR proxy,,212.8,,IR,,IR/PUP,4,,,,,,,,,,,,0.0,0.0,,,,,,,,,,,,,0.0,-0.0,100.0,HEALTHY,none,-0.0,-0.0,-0.0,0.0,0.0,LOW,no material weather signal,63.9,4.6,8.1,62.0,Open-Meteo game-time forecast,0.0,0.0,,,0.0,0.0,0.0,,,,
1366076769534251008,10-Team Dynasty — Dynasty V2,5,False,8408,Jordan Mason,RB,MIN,MIA,home,2026-10-04,16:05,38.5,dome,,,0.22,season-long ECR proxy + current usage + OL health,,167.6,,IR,,IR/PUP,7,,,,,,,,,,,,0.0,0.32,2026,STABLE,1,1,1,45.0,45.0,45.0,0.0,15.0,15.0,2.0,0.32,-0.1,90.0,HEALTHY,LT Christian Darrisaw (AT RISK),-0.35,-0.11,-0.0,0.22,0.0,INDOOR,indoor,,,,,indoor/no weather adjustment,0.22,0.0,,,0.22,0.0,0.0,,,,
1366076769534251008,10-Team Dynasty — Dynasty V2,5,False,8676,Rashid Shaheed,WR,SEA,LAC,home,2026-10-04,16:25,42.5,outdoors,,,6.77,Sleeper raw-stat projection × league scoring + current usage,58.29,146.75,D,,,,2,,8.3,9.0,7.06,-0.7,0.0,10,,,,,6.36,0.41,2026,STABLE,3,3,3,46.0,56.0,56.0,4.0,0.33,4.0,1.0,6.77,-0.0,100.0,HEALTHY,none,-0.0,-0.0,-0.0,6.77,0.0,LOW,no material weather signal,69.8,6.8,6.3,0.0,Open-Meteo game-time forecast,6.77,0.0,,,6.77,0.0,0.0,,,,
1366076769534251008,10-Team Dynasty — Dynasty V2,5,False,8800,Malik Davis,RB,DAL,HOU,away,2026-10-04,13:00,48.5,,,,0.0,season-long ECR proxy,,256.0,,IR,,IR/PUP,5,,,,,,,,,,,,0.0,0.0,,,,,,,,,,,,,0.0,-0.0,100.0,HEALTHY,none,-0.0,-0.0,-0.0,0.0,0.0,LOW,no material weather signal,82.6,12.5,17.4,45.0,Open-Meteo game-time forecast,0.0,0.0,,,0.0,0.0,0.0,,,,
1366076769534251008,10-Team Dynasty — Dynasty V2,5,False,9221,Jahmyr Gibbs,RB,DET,CAR,away,2026-10-04,20:20,50.5,outdoors,,,27.89,Sleeper raw-stat projection × league scoring + current usage,1.1,9.6,A+,,,,1,,27.6,26.5,25.57,1.1,0.0,10,,,,,26.67,1.22,2026,STABLE,3,3,3,69.0,75.3,75.3,7.0,21.67,28.67,3.0,27.89,-0.0,100.0,HEALTHY,none,-0.0,-0.0,-0.0,27.89,0.0,LOW,no material weather signal,63.9,4.6,8.1,62.0,Open-Meteo game-time forecast,27.89,0.0,,,27.89,0.0,0.0,,,,
1366076769534251008,10-Team Dynasty — Dynasty V2,5,False,9500,Josh Downs,WR,IND,WAS,away,2026-10-04,09:30,47.5,outdoors,,,14.69,Sleeper raw-stat projection × league scoring + current usage,23.24,117.8,B+,,,,1,,12.7,12.2,12.97,0.5,0.0,10,,,,,13.47,1.22,2026,STABLE,3,3,3,68.0,80.0,80.0,8.0,0.0,8.0,3.0,14.69,-0.0,100.0,HEALTHY,none,-0.0,-0.0,-0.0,14.69,0.0,LOW,no material weather signal,62.9,3.4,5.8,44.0,Open-Meteo game-time forecast,14.69,0.0,,,14.69,0.0,0.0,,,,
1366076769534251008,10-Team Dynasty — Dynasty V2,5,False,9504,Kayshon Boutte,WR,HOU,DAL,home,2026-10-04,13:00,48.5,,,,6.11,Sleeper raw-stat projection × league scoring + current usage + OL health + injury ripple,54.02,172.5,D+,,,,3,,7.7,9.2,6.79,-1.5,0.0,6,,,,,5.29,0.41,2026,STABLE,3,3,3,69.0,62.3,62.3,3.0,0.0,3.0,1.0,5.7,-0.14,90.0,HEALTHY,RT Trent Brown (AT RISK),-0.35,-0.11,-0.0,5.56,0.0,LOW,no material weather signal,82.6,12.5,17.4,45.0,Open-Meteo game-time forecast,5.56,0.55,WR1 OUT/IR: WR3 role/targets can expand,MEDIUM,6.11,0.0,0.0,,,,
1366076769534251008,10-Team Dynasty — Dynasty V2,5,False,9753,Zach Charbonnet,RB,SEA,LAC,home,2026-10-04,16:25,42.5,outdoors,,,0.0,season-long ECR proxy,,162.0,,PUP,,IR/PUP,5,,,,,,,,,,,,0.0,0.0,,,,,,,,,,,,,0.0,-0.0,100.0,HEALTHY,none,-0.0,-0.0,-0.0,0.0,0.0,LOW,no material weather signal,69.8,6.8,6.3,0.0,Open-Meteo game-time forecast,0.0,0.0,,,0.0,0.0,0.0,,,,
1366076769534251008,10-Team Dynasty — Dynasty V2,6,False,10229,Rashee Rice,WR,KC,LV,away,2026-10-04,16:25,47.5,dome,,,15.92,Sleeper raw-stat projection × league scoring + current usage + OL health + injury ripple,19.24,55.2,A-,,,,1,,13.7,13.2,14.52,0.5,0.0,10,,,,,15.02,0.81,2026,STABLE,3,3,3,77.0,79.7,79.7,5.67,0.0,5.67,2.0,15.83,-0.31,77.8,MINOR CONCERN,LT Josh Simmons (UNAVAILABLE),-0.78,-0.24,-0.0,15.52,0.0,INDOOR,indoor,,,,,indoor/no weather adjustment,15.52,0.4,Starting safety OUT/IR: downfield coverage improves,MEDIUM,15.92,0.0,0.0,,,,
1366076769534251008,10-Team Dynasty — Dynasty V2,6,False,11618,Jalen McMillan,WR,TB,GB,home,2026-10-04,13:00,39.5,outdoors,,,0.0,weekly projected points + current usage,93.97,152.4,F,Out,,OUT,7,,,,,,,,,,,,0.0,-0.79,2026,STABLE,3,1,2,3.0,7.0,7.0,1.0,0.0,1.0,-3.0,0.0,-0.0,100.0,HEALTHY,none,-0.0,-0.0,-0.0,0.0,0.0,LOW,no material weather signal,90.8,9.6,11.2,2.0,Open-Meteo game-time forecast,0.0,0.0,,,0.0,0.0,0.0,,,,
1366076769534251008,10-Team Dynasty — Dynasty V2,6,False,11626,Xavier Legette,WR,CAR,DET,home,2026-10-04,20:20,50.5,outdoors,,,3.14,Sleeper raw-stat projection × league scoring + OL health,,233.33,,Out,,OUT,3,,0.0,,3.18,0.0,0.0,10,,,,,3.18,0.0,2026,STABLE,2,2,2,50.0,51.5,51.5,3.0,0.0,3.0,0.0,3.18,-0.04,91.7,HEALTHY,LG Damien Lewis (AT RISK),-0.11,-0.2,-0.0,3.14,0.0,LOW,no material weather signal,63.9,4.6,8.1,62.0,Open-Meteo game-time forecast,3.14,0.0,,,3.14,0.0,0.0,,,,
1366076769534251008,10-Team Dynasty — Dynasty V2,6,False,11646,Jalen Coker,WR,CAR,DET,home,2026-10-04,20:20,50.5,outdoors,,,3.46,Sleeper raw-stat projection × league scoring + current usage + OL health,20.22,124.8,A-,Out,,OUT,2,,0.0,12.8,15.08,-12.8,0.0,10,,,,,2.28,1.22,2026,STABLE,3,3,3,36.0,65.3,65.3,7.33,0.0,7.33,3.0,3.5,-0.04,91.7,HEALTHY,LG Damien Lewis (AT RISK),-0.11,-0.2,-0.0,3.46,0.0,LOW,no material weather signal,63.9,4.6,8.1,62.0,Open-Meteo game-time forecast,3.46,0.0,,,3.46,0.0,0.0,,,,
1366076769534251008,10-Team Dynasty — Dynasty V2,6,False,12048,George Holani,RB,SEA,LAC,home,2026-10-04,16:25,42.5,outdoors,,,3.87,Sleeper raw-stat projection × league scoring,54.03,258.5,F,,,,3,,3.4,4.9,5.37,-1.5,0.0,10,,,,,3.87,0.0,2026,STABLE,3,3,3,36.0,36.0,36.0,2.33,5.0,7.33,0.0,3.87,-0.0,100.0,HEALTHY,none,-0.0,-0.0,-0.0,3.87,0.0,LOW,no material weather signal,69.8,6.8,6.3,0.0,Open-Meteo game-time forecast,3.87,0.0,,,3.87,0.0,0.0,,,,
1366076769534251008,10-Team Dynasty — Dynasty V2,6,False,12471,DJ Giddens,RB,IND,WAS,away,2026-10-04,09:30,47.5,outdoors,,,0.0,season-long ECR proxy,,268.25,,Out,,OUT,3,,,,,,,,,,,,0.0,0.0,,,,,,,,,,,,,0.0,-0.0,100.0,HEALTHY,none,-0.0,-0.0,-0.0,0.0,0.0,LOW,no material weather signal,62.9,3.4,5.8,44.0,Open-Meteo game-time forecast,0.0,0.0,,,0.0,0.0,0.0,,,,
1366076769534251008,10-Team Dynasty — Dynasty V2,6,False,12481,Cam Skattebo,RB,NYG,ARI,home,2026-10-04,13:00,44.5,outdoors,,,17.62,Sleeper raw-stat projection × league scoring + current usage + OL health,19.63,92.8,B,,,,1,,13.3,12.8,15.96,0.5,0.0,10,,,,,16.46,1.22,2026,STABLE,3,3,3,77.0,65.7,65.7,2.67,16.67,19.33,3.0,17.68,-0.06,94.4,HEALTHY,LT Andrew Thomas (LIMITED),-0.2,-0.06,-0.0,17.62,0.0,LOW,no material weather signal,69.6,4.8,5.6,34.0,Open-Meteo game-time forecast,17.62,0.0,,,17.62,0.0,0.0,,,,
1366076769534251008,10-Team Dynasty — Dynasty V2,6,False,12493,Oronde Gadsden,TE,LAC,SEA,away,2026-10-04,16:25,42.5,outdoors,,,9.49,Sleeper raw-stat projection × league scoring + injury ripple,16.88,142.0,D+,,,,1,,9.8,9.3,8.14,0.5,0.0,7,,,,,8.64,0.0,2026,STABLE,3,3,3,57.0,39.7,39.7,2.33,0.0,2.33,0.0,8.64,-0.0,100.0,HEALTHY,none,-0.0,-0.0,-0.0,8.64,0.0,LOW,no material weather signal,69.8,6.8,6.3,0.0,Open-Meteo game-time forecast,8.64,0.85,TE1 OUT/IR: TE2 route/target opportunity rises,HIGH,9.49,0.0,0.0,,,,
1366076769534251008,10-Team Dynasty — Dynasty V2,6,False,12509,Tre' Harris,WR,LAC,SEA,away,2026-10-04,16:25,42.5,outdoors,,,6.55,Sleeper raw-stat projection × league scoring + current usage,60.55,160.25,D-,,,,3,,6.6,8.1,7.24,-1.5,0.0,10,,,,,5.74,0.81,2026,STABLE,3,3,3,58.0,71.7,71.7,5.33,0.0,5.33,2.0,6.55,-0.0,100.0,HEALTHY,none,-0.0,-0.0,-0.0,6.55,0.0,LOW,no material weather signal,69.8,6.8,6.3,0.0,Open-Meteo game-time forecast,6.55,0.0,,,6.55,0.0,0.0,,,,
1366076769534251008,10-Team Dynasty — Dynasty V2,6,False,13278,Max Klare,TE,LAR,PHI,away,2026-10-04,13:00,43.5,outdoors,,,0.0,Sleeper raw-stat projection × league scoring + current usage,101.75,186.8,F,,,,5,,0.0,0.5,0.61,-0.5,0.0,7,,,,,0.11,-0.79,2026,STABLE,3,0,2,0.0,0.0,0.0,0.0,0.0,0.0,-3.0,0.0,-0.0,100.0,HEALTHY,none,-0.0,-0.0,-0.0,0.0,0.0,LOW,no material weather signal,69.2,4.1,3.6,38.0,Open-Meteo game-time forecast,0.0,0.0,,,0.0,0.0,0.0,,,,
1366076769534251008,10-Team Dynasty — Dynasty V2,6,False,13302,Adam Randall,RB,BAL,TEN,home,2026-10-04,13:00,43.5,outdoors,,,0.0,season-long ECR proxy + OL health,,256.5,,IR,,IR/PUP,5,,,,,,,,,,,,0.0,0.0,,,,,,,,,,,,,0.0,-0.23,77.8,MINOR CONCERN,LT Ronnie Stanley (UNAVAILABLE),-0.78,-0.24,-0.0,0.0,0.0,LOW,no material weather signal,66.5,3.4,3.1,44.0,Open-Meteo game-time forecast,0.0,0.0,,,0.0,0.0,0.0,,,,
1366076769534251008,10-Team Dynasty — Dynasty V2,6,False,13311,Chris Bell,WR,MIA,MIN,away,2026-10-04,16:05,38.5,dome,,,3.29,Sleeper raw-stat projection × league scoring,74.08,146.8,F,,,,3,,4.7,6.7,5.29,-2.0,0.0,10,,,,,3.29,0.0,2026,STABLE,3,3,3,71.0,54.7,54.7,3.33,0.0,3.33,0.0,3.29,-0.0,100.0,HEALTHY,none,-0.0,-0.0,-0.0,3.29,0.0,INDOOR,indoor,,,,,indoor/no weather adjustment,3.29,0.0,,,3.29,0.0,0.0,,,,
1366076769534251008,10-Team Dynasty — Dynasty V2,6,False,13317,Ted Hurst,WR,TB,GB,home,2026-10-04,13:00,39.5,outdoors,,,5.53,Sleeper raw-stat projection × league scoring + current usage,76.76,151.33,F,,,,3,,4.9,6.4,6.22,-1.5,0.0,10,,,,,4.72,0.81,2026,STABLE,3,3,3,75.0,74.7,74.7,4.33,0.0,4.33,2.0,5.53,-0.0,100.0,HEALTHY,none,-0.0,-0.0,-0.0,5.53,0.0,LOW,no material weather signal,90.8,9.6,11.2,2.0,Open-Meteo game-time forecast,5.53,0.0,,,5.53,0.0,0.0,,,,
1366076769534251008,10-Team Dynasty — Dynasty V2,6,False,13424,Seth McGowan,RB,IND,WAS,away,2026-10-04,09:30,47.5,outdoors,,,0.83,Sleeper raw-stat projection × league scoring + current usage,76.67,243.0,F,,,,2,,0.7,1.4,2.75,-0.7,0.0,10,,,,,2.05,-1.22,2026,STABLE,3,3,3,15.0,10.7,10.7,0.33,2.0,2.33,-3.0,0.83,-0.0,100.0,HEALTHY,none,-0.0,-0.0,-0.0,0.83,0.0,LOW,no material weather signal,62.9,3.4,5.8,44.0,Open-Meteo game-time forecast,0.83,0.0,,,0.83,0.0,0.0,,,,
1366076769534251008,10-Team Dynasty — Dynasty V2,6,False,1373,Geno Smith,QB,NYJ,CHI,away,2026-10-04,13:00,43.5,outdoors,,,17.11,Sleeper raw-stat projection × league scoring + current usage + OL health,19.17,139.0,D+,,,,1,,16.3,15.8,16.39,0.5,0.0,10,,,,,16.89,0.41,2026,STABLE,3,3,3,100.0,100.0,100.0,0.0,4.33,0.0,2.0,17.3,-0.19,81.5,MINOR CONCERN,LG Dylan Parham (UNAVAILABLE),-0.25,-0.45,-0.0,17.11,0.0,LOW,no material weather signal,65.3,9.9,13.4,3.0,Open-Meteo game-time forecast,17.11,0.0,,,17.11,0.0,0.0,,,,
1366076769534251008,10-Team Dynasty — Dynasty V2,6,False,3198,Derrick Henry,RB,BAL,TEN,home,2026-10-04,13:00,43.5,outdoors,,,21.87,Sleeper raw-stat projection × league scoring + current usage + OL health,6.59,91.6,A,,,,1,,18.9,18.4,20.79,0.5,0.0,10,,,,,21.29,0.81,2026,STABLE,3,3,3,67.0,58.0,58.0,1.67,22.0,23.67,2.0,22.1,-0.23,77.8,MINOR CONCERN,LT Ronnie Stanley (UNAVAILABLE),-0.78,-0.24,-0.0,21.87,0.0,LOW,no material weather signal,66.5,3.4,3.1,44.0,Open-Meteo game-time forecast,21.87,0.0,,,21.87,0.0,0.0,,,,
1366076769534251008,10-Team Dynasty — Dynasty V2,6,False,4199,Aaron Jones,RB,MIN,MIA,home,2026-10-04,16:05,38.5,dome,,,15.59,Sleeper raw-stat projection × league scoring + current usage + OL health,20.76,189.4,B,,,,1,,12.8,12.8,14.47,0.0,0.0,10,,,,,14.47,1.22,2026,STABLE,3,3,3,80.0,69.0,69.0,2.33,17.33,19.67,3.0,15.69,-0.1,90.0,HEALTHY,LT Christian Darrisaw (AT RISK),-0.35,-0.11,-0.0,15.59,0.0,INDOOR,indoor,,,,,indoor/no weather adjustment,15.59,0.0,,,15.59,0.0,0.0,,,,
1366076769534251008,10-Team Dynasty — Dynasty V2,6,False,4217,George Kittle,TE,SF,DEN,home,2026-10-04,16:25,47.5,outdoors,,,15.31,Sleeper raw-stat projection × league scoring + current usage + OL health + injury ripple,7.3,107.8,B,,,,1,,12.6,12.1,14.02,0.5,0.0,7,,,,,14.52,0.41,2026,STABLE,3,3,3,85.0,59.7,59.7,5.33,0.0,5.33,1.0,14.93,-0.12,90.0,HEALTHY,LT Trent Williams (AT RISK),-0.35,-0.11,-0.0,14.81,0.0,LOW,no material weather signal,,,,,schedule fallback,14.81,0.5,WR1 OUT/IR: TE target share can rise,MEDIUM,15.31,0.0,0.0,,,,
1366076769534251008,10-Team Dynasty — Dynasty V2,6,False,5022,Dallas Goedert,TE,PHI,LAR,home,2026-10-04,13:00,43.5,outdoors,,,0.76,season-long ECR proxy + current usage + injury ripple,,125.2,,Out,,OUT,4,,,,,,,,,,,,0.0,0.26,2026,STABLE,2,2,2,25.0,60.0,60.0,3.5,0.0,3.5,1.0,0.26,-0.0,100.0,HEALTHY,none,-0.0,-0.0,-0.0,0.26,0.0,LOW,no material weather signal,69.2,4.1,3.6,38.0,Open-Meteo game-time forecast,0.26,0.5,Starting safety OUT/IR: TE middle/deep matchup improves,MEDIUM,0.76,0.0,0.0,,,,
1366076769534251008,10-Team Dynasty — Dynasty V2,6,False,5870,Daniel Jones,QB,IND,WAS,away,2026-10-04,09:30,47.5,outdoors,,,20.69,Sleeper raw-stat projection × league scoring + current usage,26.1,92.2,F,,,,1,,14.8,14.3,19.78,0.5,0.0,10,,,,,20.28,0.41,2026,STABLE,3,3,3,100.0,100.0,100.0,0.0,2.33,0.0,2.0,20.69,-0.0,100.0,HEALTHY,none,-0.0,-0.0,-0.0,20.69,0.0,LOW,no material weather signal,62.9,3.4,5.8,44.0,Open-Meteo game-time forecast,20.69,0.0,,,20.69,0.0,0.0,,,,
1366076769534251008,10-Team Dynasty — Dynasty V2,6,False,6770,Joe Burrow,QB,CIN,JAX,home,2026-10-04,13:00,51.5,outdoors,,,23.52,Sleeper raw-stat projection × league scoring + current usage,9.81,12.2,B,,,,1,,18.8,17.7,22.01,1.1,0.0,10,,,,,23.11,0.41,2026,STABLE,3,3,3,100.0,100.0,100.0,0.0,2.67,0.0,2.0,23.52,-0.0,100.0,HEALTHY,none,-0.0,-0.0,-0.0,23.52,0.0,LOW,no material weather signal,71.3,4.7,6.0,21.0,Open-Meteo game-time forecast,23.52,0.0,,,23.52,0.0,0.0,,,,
1366076769534251008,10-Team Dynasty — Dynasty V2,6,False,6806,J.K. Dobbins,RB,DEN,SF,away,2026-10-04,16:25,47.5,outdoors,,,9.13,Sleeper raw-stat projection × league scoring + current usage + injury ripple,34.46,165.4,C,,,,1,,9.4,8.9,8.06,0.5,0.0,10,,,,,8.56,0.41,2026,STABLE,3,3,3,49.0,42.0,42.0,0.67,11.67,12.33,1.0,8.97,-0.0,100.0,HEALTHY,none,-0.0,-0.0,-0.0,8.97,0.0,LOW,no material weather signal,,,,,schedule fallback,8.97,0.16,Starting linebacker QUESTIONABLE/DNP: RB run/checkdown environment improves,MEDIUM,9.13,0.0,0.0,,,,
1366076769534251008,10-Team Dynasty — Dynasty V2,6,False,7523,Trevor Lawrence,QB,JAX,CIN,away,2026-10-04,13:00,51.5,outdoors,,,23.92,Sleeper raw-stat projection × league scoring + current usage + OL health,8.86,22.0,B,,,,1,,19.4,18.3,22.67,1.1,0.0,10,,,,,23.77,0.41,2026,STABLE,3,3,3,95.0,94.3,94.3,0.0,2.67,0.0,2.0,24.18,-0.26,90.0,HEALTHY,LT Anton Harrison (AT RISK),-0.35,-0.11,-0.0,23.92,0.0,LOW,no material weather signal,71.3,4.7,6.0,21.0,Open-Meteo game-time forecast,23.92,0.0,,,23.92,0.0,0.0,,,,
1366076769534251008,10-Team Dynasty — Dynasty V2,6,False,7564,Ja'Marr Chase,WR,CIN,JAX,home,2026-10-04,13:00,51.5,outdoors,,,21.47,Sleeper raw-stat projection × league scoring + current usage,3.2,4.8,A+,,,,1,,20.5,19.4,18.75,1.1,0.0,10,,,,,19.85,1.62,2026,STABLE,3,3,3,100.0,94.0,94.0,8.33,0.0,8.33,4.0,21.47,-0.0,100.0,HEALTHY,none,-0.0,-0.0,-0.0,21.47,0.0,LOW,no material weather signal,71.3,4.7,6.0,21.0,Open-Meteo game-time forecast,21.47,0.0,,,21.47,0.0,0.0,,,,
1366076769534251008,10-Team Dynasty — Dynasty V2,6,False,8112,Drake London,WR,ATL,NO,away,2026-10-05,20:15,48.5,dome,,,18.24,Sleeper raw-stat projection × league scoring + current usage + OL health,11.24,20.4,A,,,,1,,15.6,15.1,16.75,0.5,0.0,10,,,,,17.25,1.22,2026,STABLE,3,3,3,93.0,84.3,84.3,6.33,0.67,6.33,3.0,18.47,-0.23,73.3,DEGRADED,LT Jake Matthews (AT RISK) | C Ryan Neuzil (AT RISK) | RG Chris Lindstrom (AT RISK),-0.58,-0.51,-0.0,18.24,0.0,INDOOR,indoor,,,,,indoor/no weather adjustment,18.24,0.0,,,18.24,0.0,0.0,,,,
1366076769534251008,10-Team Dynasty — Dynasty V2,6,False,8142,Alec Pierce,WR,IND,WAS,away,2026-10-04,09:30,47.5,outdoors,,,0.0,season-long ECR proxy,,86.2,,IR,,IR/PUP,9,,,,,,,,,,,,0.0,0.0,2026,STABLE,2,2,2,26.0,42.5,42.5,3.5,0.0,3.5,0.0,0.0,-0.0,100.0,HEALTHY,none,-0.0,-0.0,-0.0,0.0,0.0,LOW,no material weather signal,62.9,3.4,5.8,44.0,Open-Meteo game-time forecast,0.0,0.0,,,0.0,0.0,0.0,,,,
1366076769534251008,10-Team Dynasty — Dynasty V2,6,False,8155,Breece Hall,RB,NYJ,CHI,away,2026-10-04,13:00,43.5,outdoors,,,0.51,weekly projected points + current usage + OL health,12.56,45.0,B+,Out,,OUT,2,,,,,,,,,,,,0.0,0.81,2026,STABLE,3,3,3,48.0,57.0,57.0,3.33,17.0,20.33,2.0,0.81,-0.3,81.5,MINOR CONCERN,LG Dylan Parham (UNAVAILABLE),-0.25,-0.45,-0.0,0.51,0.0,LOW,no material weather signal,65.3,9.9,13.4,3.0,Open-Meteo game-time forecast,0.51,0.0,,,0.51,0.0,0.0,,,,
1366076769534251008,10-Team Dynasty — Dynasty V2,6,False,9486,Dontayvion Wicks,WR,PHI,LAR,home,2026-10-04,13:00,43.5,outdoors,,,9.93,Sleeper raw-stat projection × league scoring + current usage + injury ripple,34.56,185.75,C+,,,,2,,10.5,11.2,9.01,-0.7,0.0,10,,,,,8.31,1.22,2026,STABLE,3,3,3,88.0,80.3,80.3,5.0,0.0,5.0,3.0,9.53,-0.0,100.0,HEALTHY,none,-0.0,-0.0,-0.0,9.53,0.0,LOW,no material weather signal,69.2,4.1,3.6,38.0,Open-Meteo game-time forecast,9.53,0.4,Opponent CB1 OUT/IR: secondary WR matchup improves,MEDIUM,9.93,0.0,0.0,,,,
1366076769534251008,10-Team Dynasty — Dynasty V2,6,False,9754,Quentin Johnston,WR,LAC,SEA,away,2026-10-04,16:25,42.5,outdoors,,,9.34,Sleeper raw-stat projection × league scoring + current usage,46.22,115.8,C,,,,2,,9.2,9.9,8.82,-0.7,0.0,10,,,,,8.12,1.22,2026,STABLE,3,3,3,87.0,82.0,82.0,5.67,0.33,5.67,3.0,9.34,-0.0,100.0,HEALTHY,none,-0.0,-0.0,-0.0,9.34,0.0,LOW,no material weather signal,69.8,6.8,6.3,0.0,Open-Meteo game-time forecast,9.34,0.0,,,9.34,0.0,0.0,,,,
1366076769534251008,10-Team Dynasty — Dynasty V2,7,False,10232,Michael Wilson,WR,ARI,NYG,away,2026-10-04,13:00,44.5,outdoors,,,17.96,Sleeper raw-stat projection × league scoring + current usage + OL health + injury ripple,29.12,109.4,B-,,,,1,,11.9,11.4,14.88,0.5,0.0,10,,,,,15.38,1.62,2026,STABLE,3,3,3,93.0,90.7,90.7,10.33,0.0,10.33,4.0,17.0,-0.04,91.7,HEALTHY,RG Isaiah Adams (AT RISK),-0.11,-0.2,-0.0,16.96,0.0,LOW,no material weather signal,69.6,4.8,5.6,34.0,Open-Meteo game-time forecast,16.96,1.0,Opponent CB1 OUT/IR: projected WR1 coverage matchup improves (not confirmed shadow),MEDIUM,17.96,0.0,0.0,,,,
1366076769534251008,10-Team Dynasty — Dynasty V2,7,False,11435,Emanuel Wilson,RB,SEA,LAC,home,2026-10-04,16:25,42.5,outdoors,,,5.97,Sleeper raw-stat projection × league scoring + current usage,45.37,249.0,D-,,,,2,,5.9,6.6,6.26,-0.7,0.0,10,,,,,5.56,0.41,2026,STABLE,3,3,3,36.0,27.7,27.7,0.33,10.67,11.0,1.0,5.97,-0.0,100.0,HEALTHY,none,-0.0,-0.0,-0.0,5.97,0.0,LOW,no material weather signal,69.8,6.8,6.3,0.0,Open-Meteo game-time forecast,5.97,0.0,,,5.97,0.0,0.0,,,,
1366076769534251008,10-Team Dynasty — Dynasty V2,7,False,11564,Drake Maye,QB,NE,BUF,away,2026-10-04,13:00,48.5,outdoors,,,21.41,Sleeper raw-stat projection × league scoring + current usage + OL health + injury ripple,11.9,5.0,B-,,,,1,,17.8,17.3,20.39,0.5,0.0,10,,,,,20.89,0.41,2026,STABLE,3,3,3,81.0,93.7,93.7,0.0,5.0,0.0,2.0,21.3,-0.34,75.9,MINOR CONCERN,RG Greg Van Roten (UNAVAILABLE) | RT Morgan Moses (LIMITED),-0.45,-0.51,-0.0,20.96,0.0,LOW,no material weather signal,65.5,10.0,12.3,7.0,Open-Meteo game-time forecast,20.96,0.45,Top edge rusher OUT/IR: QB pressure environment improves,MEDIUM,21.41,0.0,0.0,,,,
1366076769534251008,10-Team Dynasty — Dynasty V2,7,False,11586,Blake Corum,RB,LAR,PHI,away,2026-10-04,13:00,43.5,outdoors,,,6.97,Sleeper raw-stat projection × league scoring + current usage,33.78,139.8,C,,,,2,,9.1,9.8,7.26,-0.7,0.0,10,,,,,6.56,0.41,2026,STABLE,3,3,3,29.0,32.3,32.3,1.67,9.33,11.0,1.0,6.97,-0.0,100.0,HEALTHY,none,-0.0,-0.0,-0.0,6.97,0.0,LOW,no material weather signal,69.2,4.1,3.6,38.0,Open-Meteo game-time forecast,6.97,0.0,,,6.97,0.0,0.0,,,,
1366076769534251008,10-Team Dynasty — Dynasty V2,7,False,11624,Xavier Worthy,WR,KC,LV,away,2026-10-04,16:25,47.5,dome,,,10.25,Sleeper raw-stat projection × league scoring + current usage + OL health,36.66,118.8,C,,,,2,,10.3,11.0,10.04,-0.7,0.0,10,,,,,9.34,1.22,2026,STABLE,3,3,3,83.0,82.0,82.0,5.0,0.0,5.0,3.0,10.56,-0.31,77.8,MINOR CONCERN,LT Josh Simmons (UNAVAILABLE),-0.78,-0.24,-0.0,10.25,0.0,INDOOR,indoor,,,,,indoor/no weather adjustment,10.25,0.0,,,10.25,0.0,0.0,,,,
1366076769534251008,10-Team Dynasty — Dynasty V2,7,False,11655,Tyrone Tracy,RB,NYG,ARI,home,2026-10-04,13:00,44.5,outdoors,,,0.0,Sleeper raw-stat projection × league scoring + current usage + OL health,73.31,181.0,F,,,,4,,0.5,2.0,0.8,-1.5,0.0,10,,,,,0.0,-1.22,2026,STABLE,3,3,3,2.0,2.3,2.3,0.0,1.0,1.0,-3.0,0.0,-0.06,94.4,HEALTHY,LT Andrew Thomas (LIMITED),-0.2,-0.06,-0.0,0.0,0.0,LOW,no material weather signal,69.6,4.8,5.6,34.0,Open-Meteo game-time forecast,0.0,0.0,,,0.0,0.0,0.0,,,,
1366076769534251008,10-Team Dynasty — Dynasty V2,7,False,11783,Ryan Flournoy,WR,DAL,HOU,away,2026-10-04,13:00,48.5,,,,7.8,Sleeper raw-stat projection × league scoring + current usage,61.9,216.0,D-,,,,3,,7.1,8.6,8.49,-1.5,0.0,10,,,,,6.99,0.81,2026,STABLE,3,3,3,66.0,71.0,71.0,6.0,0.0,6.0,2.0,7.8,-0.0,100.0,HEALTHY,none,-0.0,-0.0,-0.0,7.8,0.0,LOW,no material weather signal,82.6,12.5,17.4,45.0,Open-Meteo game-time forecast,7.8,0.0,,,7.8,0.0,0.0,,,,
1366076769534251008,10-Team Dynasty — Dynasty V2,7,False,12467,Jordan James,RB,SF,DEN,home,2026-10-04,16:25,47.5,outdoors,,,0.0,Sleeper raw-stat projection × league scoring + current usage + OL health,87.52,245.33,F,,,,4,,0.0,1.0,0.68,-1.0,0.0,10,,,,,0.0,-0.53,2026,STABLE,3,1,2,0.0,7.5,7.5,0.0,4.0,4.0,-2.0,0.0,-0.1,90.0,HEALTHY,LT Trent Williams (AT RISK),-0.35,-0.11,-0.0,0.0,0.0,LOW,no material weather signal,,,,,schedule fallback,0.0,0.0,,,0.0,0.0,0.0,,,,
1366076769534251008,10-Team Dynasty — Dynasty V2,7,False,12511,Will Howard,QB,PIT,CLE,away,2026-10-01,20:15,38.5,outdoors,,,0.0,weekly projected points + OL health,58.33,,F,Out,,OUT,3,,,,,,,,,,,,0.0,0.0,,,,,,,,,,,,,0.0,-0.26,90.0,HEALTHY,LT Troy Fautanu (AT RISK),-0.35,-0.11,-0.0,0.0,0.0,LOW,no material weather signal,76.9,8.9,18.8,4.0,Open-Meteo game-time forecast,0.0,0.0,,,0.0,0.0,0.0,,,,
1366076769534251008,10-Team Dynasty — Dynasty V2,7,False,12514,Emeka Egbuka,WR,TB,GB,home,2026-10-04,13:00,39.5,outdoors,,,11.93,Sleeper raw-stat projection × league scoring + current usage + injury ripple,27.1,35.6,B,,,,1,,12.1,11.6,10.66,0.5,0.0,10,,,,,11.16,1.22,2026,STABLE,3,3,3,74.0,82.0,82.0,6.67,0.33,6.67,3.0,12.38,-0.0,100.0,HEALTHY,none,-0.0,-0.0,-0.0,12.38,0.0,LOW,no material weather signal,90.8,9.6,11.2,2.0,Open-Meteo game-time forecast,12.38,-0.45,QB1 OUT/IR: pass-catcher efficiency risk with backup QB,MEDIUM,11.93,0.0,0.0,,,,
1366076769534251008,10-Team Dynasty — Dynasty V2,7,False,13286,Jadarian Price,RB,SEA,LAC,home,2026-10-04,16:25,42.5,outdoors,,,9.22,Sleeper raw-stat projection × league scoring + current usage,27.0,73.4,C+,,,,1,,12.0,11.5,8.31,0.5,0.0,10,,,,,8.81,0.41,2026,STABLE,3,3,3,28.0,36.7,36.7,2.33,9.33,11.67,1.0,9.22,-0.0,100.0,HEALTHY,none,-0.0,-0.0,-0.0,9.22,0.0,LOW,no material weather signal,69.8,6.8,6.3,0.0,Open-Meteo game-time forecast,9.22,0.0,,,9.22,0.0,0.0,,,,
1366076769534251008,10-Team Dynasty — Dynasty V2,7,False,13417,De'Zhaun Stribling,WR,SF,DEN,home,2026-10-04,16:25,47.5,outdoors,,,0.0,season-long ECR proxy + current usage + OL health,,131.4,,IR,,IR/PUP,11,,,,,,,,,,,,0.0,-0.16,2026,STABLE,1,0,1,32.0,32.0,32.0,0.0,0.0,0.0,-1.0,0.0,-0.14,90.0,HEALTHY,LT Trent Williams (AT RISK),-0.35,-0.11,-0.0,0.0,0.0,LOW,no material weather signal,,,,,schedule fallback,0.0,0.0,,,0.0,0.0,0.0,,,,
1366076769534251008,10-Team Dynasty — Dynasty V2,7,False,13420,Bryce Lance,WR,NO,ATL,home,2026-10-05,20:15,48.5,dome,,,0.82,Sleeper raw-stat projection × league scoring + current usage,86.57,173.5,F,,,,3,,4.2,5.7,1.91,-1.5,0.0,6,,,,,0.41,0.41,2026,STABLE,3,3,3,72.0,73.3,73.3,2.67,0.0,2.67,1.0,0.82,-0.0,100.0,HEALTHY,none,-0.0,-0.0,-0.0,0.82,0.0,INDOOR,indoor,,,,,indoor/no weather adjustment,0.82,0.0,,,0.82,0.0,0.0,,,,
1366076769534251008,10-Team Dynasty — Dynasty V2,7,False,13423,Eli Heidenreich,RB,PIT,CLE,away,2026-10-01,20:15,38.5,outdoors,,,0.0,Sleeper raw-stat projection × league scoring + current usage + OL health,,258.0,,Out,,OUT,5,,0.0,,0.48,0.0,0.0,10,,,,,0.48,-0.79,2026,STABLE,2,2,2,0.0,2.0,2.0,0.0,0.0,0.0,-3.0,0.0,-0.1,90.0,HEALTHY,LT Troy Fautanu (AT RISK),-0.35,-0.11,-0.0,0.0,0.0,LOW,no material weather signal,76.9,8.9,18.8,4.0,Open-Meteo game-time forecast,0.0,0.0,,,0.0,0.0,0.0,,,,
1366076769534251008,10-Team Dynasty — Dynasty V2,7,False,4034,Christian McCaffrey,RB,SF,DEN,home,2026-10-04,16:25,47.5,outdoors,,,20.74,Sleeper raw-stat projection × league scoring + current usage + OL health,3.71,62.6,A,,,,1,,19.9,19.4,19.12,0.5,0.0,10,,,,,19.62,1.22,2026,STABLE,3,3,3,83.0,63.3,63.3,5.67,11.67,17.33,3.0,20.84,-0.1,90.0,HEALTHY,LT Trent Williams (AT RISK),-0.35,-0.11,-0.0,20.74,0.0,LOW,no material weather signal,,,,,schedule fallback,20.74,0.0,,,20.74,0.0,0.0,,,,
1366076769534251008,10-Team Dynasty — Dynasty V2,7,False,4892,Baker Mayfield,QB,TB,GB,home,2026-10-04,13:00,39.5,outdoors,,,0.41,weekly projected points + current usage,20.6,59.8,D,Out,,OUT,2,,,,,,,,,,,,0.0,0.41,2026,STABLE,3,3,3,94.0,98.0,98.0,0.0,3.67,0.0,2.0,0.41,-0.0,100.0,HEALTHY,none,-0.0,-0.0,-0.0,0.41,0.0,LOW,no material weather signal,90.8,9.6,11.2,2.0,Open-Meteo game-time forecast,0.41,0.0,,,0.41,0.0,0.0,,,,
1366076769534251008,10-Team Dynasty — Dynasty V2,7,False,4983,DJ Moore,WR,BUF,NE,home,2026-10-04,13:00,48.5,outdoors,,,15.04,Sleeper raw-stat projection × league scoring + current usage + injury ripple,31.12,88.0,B,,,,1,,11.7,11.2,14.26,0.5,0.0,10,,,,,14.76,0.41,2026,STABLE,3,3,3,64.0,57.0,57.0,6.0,0.33,6.0,1.0,15.17,-0.0,100.0,HEALTHY,none,-0.0,-0.0,-0.0,15.17,0.0,LOW,no material weather signal,65.5,10.0,12.3,7.0,Open-Meteo game-time forecast,15.17,-0.13,QB1 QUESTIONABLE/DNP: pass-catcher efficiency risk with backup QB | Top edge rusher QUESTIONABLE/DNP: more time helps primary WR routes,MEDIUM,15.04,0.0,0.0,,,,
1366076769534251008,10-Team Dynasty — Dynasty V2,7,False,5045,Courtland Sutton,WR,DEN,SF,away,2026-10-04,16:25,47.5,outdoors,,,11.02,Sleeper raw-stat projection × league scoring + current usage + injury ripple,45.12,116.4,C,,,,2,,9.2,9.9,10.23,-0.7,0.0,6,,,,,9.53,0.81,2026,STABLE,3,3,3,87.0,78.7,78.7,5.33,0.0,5.33,2.0,10.34,-0.0,100.0,HEALTHY,none,-0.0,-0.0,-0.0,10.34,0.0,LOW,no material weather signal,,,,,schedule fallback,10.34,0.68,WR1 QUESTIONABLE/DNP: target concentration rises for next WR | Opponent CB1 QUESTIONABLE/DNP: secondary WR matchup improves,HIGH,11.02,0.0,0.0,,,,
1366076769534251008,10-Team Dynasty — Dynasty V2,7,False,5854,Drew Lock,QB,SEA,LAC,home,2026-10-04,16:25,42.5,outdoors,,,0.46,weekly projected points + current usage,34.38,,F,,,,2,,,,,,,,,,,,0.2,0.26,2026,STABLE,2,2,2,100.0,95.0,95.0,0.0,1.0,0.0,2.0,0.46,-0.0,100.0,HEALTHY,none,-0.0,-0.0,-0.0,0.46,0.0,LOW,no material weather signal,69.8,6.8,6.3,0.0,Open-Meteo game-time forecast,0.46,0.0,,,0.46,0.0,0.0,,,,
1366076769534251008,10-Team Dynasty — Dynasty V2,7,False,5967,Tony Pollard,RB,TEN,BAL,away,2026-10-04,13:00,43.5,outdoors,,,10.95,Sleeper raw-stat projection × league scoring + current usage + OL health,28.17,154.0,C,,,,1,,12.0,11.5,9.94,0.5,0.0,10,,,,,10.44,0.81,2026,STABLE,3,3,3,53.0,53.3,53.3,2.33,12.67,15.0,2.0,11.25,-0.3,81.5,MINOR CONCERN,RG Fernando Carmona (UNAVAILABLE),-0.25,-0.45,-0.0,10.95,0.0,LOW,no material weather signal,66.5,3.4,3.1,44.0,Open-Meteo game-time forecast,10.95,0.0,,,10.95,0.0,0.0,,,,
1366076769534251008,10-Team Dynasty — Dynasty V2,7,False,6813,Jonathan Taylor,RB,IND,WAS,away,2026-10-04,09:30,47.5,outdoors,,,24.15,Sleeper raw-stat projection × league scoring + current usage,7.05,35.6,A,,,,1,,18.4,17.9,22.03,0.5,0.0,10,,,,,22.53,1.62,2026,STABLE,3,3,3,85.0,89.3,89.3,3.67,22.0,25.67,4.0,24.15,-0.0,100.0,HEALTHY,none,-0.0,-0.0,-0.0,24.15,0.0,LOW,no material weather signal,62.9,3.4,5.8,44.0,Open-Meteo game-time forecast,24.15,0.0,,,24.15,0.0,0.0,,,,
1366076769534251008,10-Team Dynasty — Dynasty V2,7,False,6865,Colby Parkinson,TE,LAR,PHI,away,2026-10-04,13:00,43.5,outdoors,,,7.11,Sleeper raw-stat projection × league scoring + injury ripple,31.21,215.5,F,Questionable,,QUESTIONABLE,2,,2.8,6.0,7.31,-0.7,2.5,7,,,,,6.61,0.0,2026,STABLE,3,3,3,43.0,63.7,63.7,1.67,0.0,1.67,0.0,6.61,-0.0,100.0,HEALTHY,none,-0.0,-0.0,-0.0,6.61,0.0,LOW,no material weather signal,69.2,4.1,3.6,38.0,Open-Meteo game-time forecast,6.61,0.5,WR1 OUT/IR: TE target share can rise,MEDIUM,7.11,0.0,0.0,,,,
1366076769534251008,10-Team Dynasty — Dynasty V2,7,False,8111,Cade Otton,TE,TB,GB,home,2026-10-04,13:00,39.5,outdoors,,,10.31,Sleeper raw-stat projection × league scoring + current usage + injury ripple,25.95,207.0,F,,,,1,,7.6,7.1,9.04,0.5,0.0,7,,,,,9.54,1.22,2026,STABLE,3,3,3,94.0,93.7,93.7,5.67,0.0,5.67,3.0,10.76,-0.0,100.0,HEALTHY,none,-0.0,-0.0,-0.0,10.76,0.0,LOW,no material weather signal,90.8,9.6,11.2,2.0,Open-Meteo game-time forecast,10.76,-0.45,QB1 OUT/IR: pass-catcher efficiency risk with backup QB,MEDIUM,10.31,0.0,0.0,,,,
1366076769534251008,10-Team Dynasty — Dynasty V2,7,False,8144,Chris Olave,WR,NO,ATL,home,2026-10-05,20:15,48.5,dome,,,21.56,Sleeper raw-stat projection × league scoring + current usage,5.56,33.0,A+,,,,1,,17.8,17.3,19.44,0.5,0.0,10,,,,,19.94,1.62,2026,STABLE,3,3,3,84.0,84.7,84.7,12.0,0.0,12.0,4.0,21.56,-0.0,100.0,HEALTHY,none,-0.0,-0.0,-0.0,21.56,0.0,INDOOR,indoor,,,,,indoor/no weather adjustment,21.56,0.0,,,21.56,0.0,0.0,,,,
1366076769534251008,10-Team Dynasty — Dynasty V2,7,False,8154,Brian Robinson,RB,ATL,NO,away,2026-10-05,20:15,48.5,dome,,,3.69,Sleeper raw-stat projection × league scoring + current usage + OL health,57.38,207.0,F,,,,2,,4.1,4.8,4.35,-0.7,0.0,10,,,,,3.65,0.41,2026,STABLE,3,3,3,27.0,33.3,33.3,0.67,10.0,10.67,1.0,4.06,-0.37,73.3,DEGRADED,LT Jake Matthews (AT RISK) | C Ryan Neuzil (AT RISK) | RG Chris Lindstrom (AT RISK),-0.58,-0.51,-0.0,3.69,0.0,INDOOR,indoor,,,,,indoor/no weather adjustment,3.69,0.0,,,3.69,0.0,0.0,,,,
1366076769534251008,10-Team Dynasty — Dynasty V2,7,False,8167,Christian Watson,WR,GB,TB,away,2026-10-04,13:00,39.5,outdoors,,,17.62,Sleeper raw-stat projection × league scoring + current usage + OL health,10.56,67.2,A,,,,1,,15.8,15.3,15.64,0.5,0.0,10,,,,,16.14,1.62,2026,STABLE,3,3,3,80.0,82.0,82.0,9.67,0.0,9.67,4.0,17.76,-0.14,73.1,DEGRADED,LG Aaron Banks (UNAVAILABLE) | RG Jacob Monk (AT RISK),-0.36,-0.65,-0.0,17.62,0.0,LOW,no material weather signal,90.8,9.6,11.2,2.0,Open-Meteo game-time forecast,17.62,0.0,,,17.62,0.0,0.0,,,,
1366076769534251008,10-Team Dynasty — Dynasty V2,7,False,9479,Darnell Washington,TE,PIT,CLE,away,2026-10-01,20:15,38.5,outdoors,,,3.33,Sleeper raw-stat projection × league scoring + current usage + OL health,34.2,203.0,F,,,,2,,3.7,4.9,4.24,-1.2,0.0,7,,,,,3.04,0.41,2026,STABLE,3,3,3,76.0,64.3,64.3,2.67,0.0,2.67,1.0,3.45,-0.12,90.0,HEALTHY,LT Troy Fautanu (AT RISK),-0.35,-0.11,-0.0,3.33,0.0,LOW,no material weather signal,76.9,8.9,18.8,4.0,Open-Meteo game-time forecast,3.33,0.0,,,3.33,0.0,0.0,,,,
1366076769534251008,10-Team Dynasty — Dynasty V2,7,False,9484,Tucker Kraft,TE,GB,TB,away,2026-10-04,13:00,39.5,outdoors,,,14.03,Sleeper raw-stat projection × league scoring + current usage + OL health,8.05,61.4,B,,,,1,,12.6,12.1,12.89,0.5,0.0,7,,,,,13.39,0.81,2026,STABLE,3,3,3,76.0,80.0,80.0,5.67,0.0,5.67,2.0,14.2,-0.17,73.1,DEGRADED,LG Aaron Banks (UNAVAILABLE) | RG Jacob Monk (AT RISK),-0.36,-0.65,-0.0,14.03,0.0,LOW,no material weather signal,90.8,9.6,11.2,2.0,Open-Meteo game-time forecast,14.03,0.0,,,14.03,0.0,0.0,,,,
1366076769534251008,10-Team Dynasty — Dynasty V2,7,False,9502,Tank Dell,WR,HOU,DAL,home,2026-10-04,13:00,48.5,,,,0.0,season-long ECR proxy + OL health,,216.0,,IR,,IR/PUP,6,,,,,,,,,,,,0.0,0.0,,,,,,,,,,,,,0.0,-0.14,90.0,HEALTHY,RT Trent Brown (AT RISK),-0.35,-0.11,-0.0,0.0,0.0,LOW,no material weather signal,82.6,12.5,17.4,45.0,Open-Meteo game-time forecast,0.0,0.0,,,0.0,0.0,0.0,,,,
1366076769534251008,10-Team Dynasty — Dynasty V2,7,False,96,Aaron Rodgers,QB,PIT,CLE,away,2026-10-01,20:15,38.5,outdoors,,,16.99,Sleeper raw-stat projection × league scoring + current usage + OL health,27.4,133.5,F,,,,1,,13.6,13.6,16.84,0.0,0.0,10,,,,,16.84,0.41,2026,STABLE,3,3,3,100.0,98.7,98.7,0.0,2.33,0.0,2.0,17.25,-0.26,90.0,HEALTHY,LT Troy Fautanu (AT RISK),-0.35,-0.11,-0.0,16.99,0.0,LOW,no material weather signal,76.9,8.9,18.8,4.0,Open-Meteo game-time forecast,16.99,0.0,,,16.99,0.0,0.0,,,,
1366076769534251008,10-Team Dynasty — Dynasty V2,8,False,10236,Dalton Kincaid,TE,BUF,NE,home,2026-10-04,13:00,48.5,outdoors,,,16.1,Sleeper raw-stat projection × league scoring + current usage + injury ripple,2.23,70.0,A,,,,1,,14.7,14.2,14.99,0.5,0.0,7,,,,,15.49,0.81,2026,STABLE,3,3,3,67.0,68.3,68.3,5.67,0.0,5.67,2.0,16.3,-0.0,100.0,HEALTHY,none,-0.0,-0.0,-0.0,16.3,0.0,LOW,no material weather signal,65.5,10.0,12.3,7.0,Open-Meteo game-time forecast,16.3,-0.2,QB1 QUESTIONABLE/DNP: pass-catcher efficiency risk with backup QB,MEDIUM,16.1,0.0,0.0,,,,
1366076769534251008,10-Team Dynasty — Dynasty V2,8,False,11596,Ben Sinnott,TE,WAS,IND,home,2026-10-04,09:30,47.5,outdoors,,,0.85,Sleeper raw-stat projection × league scoring + current usage + injury ripple,44.43,222.5,F,,,,3,,2.0,3.5,1.26,-1.5,0.0,7,,,,,0.0,-0.41,2026,STABLE,3,2,3,49.0,47.7,47.7,1.0,0.0,1.0,-1.0,0.0,-0.0,100.0,HEALTHY,none,-0.0,-0.0,-0.0,0.0,0.0,LOW,no material weather signal,62.9,3.4,5.8,44.0,Open-Meteo game-time forecast,0.0,0.85,TE1 OUT/IR: TE2 route/target opportunity rises,HIGH,0.85,0.0,0.0,,,,
1366076769534251008,10-Team Dynasty — Dynasty V2,8,False,11603,AJ Barner,TE,SEA,LAC,home,2026-10-04,16:25,42.5,outdoors,,,13.4,Sleeper raw-stat projection × league scoring + current usage + injury ripple,24.97,177.8,F,,,,1,,7.8,7.3,11.18,0.5,0.0,11,,,,,11.68,1.22,2026,STABLE,3,3,3,91.0,86.3,86.3,4.0,0.33,4.0,3.0,12.9,-0.0,100.0,HEALTHY,none,-0.0,-0.0,-0.0,12.9,0.0,LOW,no material weather signal,69.8,6.8,6.3,0.0,Open-Meteo game-time forecast,12.9,0.5,Starting safety OUT/IR: TE middle/deep matchup improves,MEDIUM,13.4,0.0,0.0,,,,
1366076769534251008,10-Team Dynasty — Dynasty V2,8,False,11627,Troy Franklin,WR,DEN,SF,away,2026-10-04,16:25,47.5,outdoors,,,0.0,Sleeper raw-stat projection × league scoring + current usage,90.97,172.25,F,,,,4,,4.3,5.8,2.54,-1.5,0.0,10,,,,,1.04,-1.22,2026,STABLE,3,3,3,18.0,24.0,24.0,1.33,0.33,1.33,-3.0,0.0,-0.0,100.0,HEALTHY,none,-0.0,-0.0,-0.0,0.0,0.0,LOW,no material weather signal,,,,,schedule fallback,0.0,0.0,,,0.0,0.0,0.0,,,,
1366076769534251008,10-Team Dynasty — Dynasty V2,8,False,12487,Terrance Ferguson,TE,LAR,PHI,away,2026-10-04,13:00,43.5,outdoors,,,8.99,weekly projected points + current usage + injury ripple,13.33,154.4,C,Questionable,,QUESTIONABLE,1,,,,,,,,,,,,8.2,0.41,2026,STABLE,3,3,3,26.0,45.0,45.0,4.0,0.0,4.0,1.0,8.61,-0.0,100.0,HEALTHY,none,-0.0,-0.0,-0.0,8.61,0.0,LOW,no material weather signal,69.2,4.1,3.6,38.0,Open-Meteo game-time forecast,8.61,0.38,TE1 QUESTIONABLE/DNP: TE2 route/target opportunity rises,HIGH,8.99,0.0,0.0,,,,
1366076769534251008,10-Team Dynasty — Dynasty V2,8,False,12489,RJ Harvey,RB,DEN,SF,away,2026-10-04,16:25,47.5,outdoors,,,10.82,Sleeper raw-stat projection × league scoring,33.85,133.2,C,Questionable,,QUESTIONABLE,2,,6.1,9.3,11.52,-0.7,2.5,10,,,,,10.82,0.0,2026,STABLE,3,2,2,36.0,43.5,43.5,5.5,2.5,8.0,0.0,10.82,-0.0,100.0,HEALTHY,none,-0.0,-0.0,-0.0,10.82,0.0,LOW,no material weather signal,,,,,schedule fallback,10.82,0.0,,,10.82,0.0,0.0,,,,
1366076769534251008,10-Team Dynasty — Dynasty V2,8,False,12497,Tory Horton,WR,SEA,LAC,home,2026-10-04,16:25,42.5,outdoors,,,2.07,Sleeper raw-stat projection × league scoring,121.18,215.0,F,,,,4,,1.6,3.1,3.57,-1.5,0.0,10,,,,,2.07,0.0,2026,STABLE,3,1,2,22.0,26.5,26.5,3.0,0.0,3.0,0.0,2.07,-0.0,100.0,HEALTHY,none,-0.0,-0.0,-0.0,2.07,0.0,LOW,no material weather signal,69.8,6.8,6.3,0.0,Open-Meteo game-time forecast,2.07,0.0,,,2.07,0.0,0.0,,,,
1366076769534251008,10-Team Dynasty — Dynasty V2,8,False,12512,Quinshon Judkins,RB,CLE,PIT,home,2026-10-01,20:15,38.5,outdoors,,,9.65,Sleeper raw-stat projection × league scoring + current usage + OL health,22.88,66.8,B-,,,,1,,12.5,12.5,8.97,0.0,0.0,10,,,,,8.97,1.22,2026,STABLE,3,3,3,51.0,61.0,61.0,3.0,14.0,17.0,3.0,10.19,-0.54,63.1,DEGRADED,C Elgton Jenkins (AT RISK) | RG Teven Jenkins (UNAVAILABLE) | RT Tytus Howard (AT RISK),-0.71,-0.76,-0.0,9.65,0.0,LOW,no material weather signal,76.9,8.9,18.8,4.0,Open-Meteo game-time forecast,9.65,0.0,,,9.65,0.0,0.0,,,,
1366076769534251008,10-Team Dynasty — Dynasty V2,8,False,12518,Tyler Warren,TE,IND,WAS,away,2026-10-04,09:30,47.5,outdoors,,,16.89,Sleeper raw-stat projection × league scoring + current usage,8.23,56.4,B-,,,,1,,11.9,11.4,14.77,0.5,0.0,11,,,,,15.27,1.62,2026,STABLE,3,3,3,94.0,92.0,92.0,7.33,0.67,7.33,4.0,16.89,-0.0,100.0,HEALTHY,none,-0.0,-0.0,-0.0,16.89,0.0,LOW,no material weather signal,62.9,3.4,5.8,44.0,Open-Meteo game-time forecast,16.89,0.0,,,16.89,0.0,0.0,,,,
1366076769534251008,10-Team Dynasty — Dynasty V2,8,False,12535,Isaac TeSlaa,WR,DET,CAR,away,2026-10-04,20:20,50.5,outdoors,,,3.77,Sleeper raw-stat projection × league scoring + current usage,85.36,197.75,F,,,,3,,5.1,6.0,4.26,-0.9,0.0,10,,,,,3.36,0.41,2026,STABLE,3,3,3,48.0,63.7,63.7,3.0,0.0,3.0,1.0,3.77,-0.0,100.0,HEALTHY,none,-0.0,-0.0,-0.0,3.77,0.0,LOW,no material weather signal,63.9,4.6,8.1,62.0,Open-Meteo game-time forecast,3.77,0.0,,,3.77,0.0,0.0,,,,
1366076769534251008,10-Team Dynasty — Dynasty V2,8,False,13289,Drew Allar,QB,PIT,CLE,away,2026-10-01,20:15,38.5,outdoors,,,0.0,season-long ECR proxy + OL health,,,,Out,,OUT,4,,,,,,,,,,,,0.0,0.0,,,,,,,,,,,,,0.0,-0.26,90.0,HEALTHY,LT Troy Fautanu (AT RISK),-0.35,-0.11,-0.0,0.0,0.0,LOW,no material weather signal,76.9,8.9,18.8,4.0,Open-Meteo game-time forecast,0.0,0.0,,,0.0,0.0,0.0,,,,
1366076769534251008,10-Team Dynasty — Dynasty V2,8,False,13329,Malik Benson,WR,LV,KC,home,2026-10-04,16:25,47.5,dome,,,0.0,Sleeper raw-stat projection × league scoring + current usage + OL health,125.33,,F,,,,4,,1.5,3.0,0.89,-1.5,0.0,8,,,,,0.0,-1.22,2026,STABLE,3,3,3,6.0,9.7,9.7,1.33,0.33,1.33,-3.0,0.0,-0.04,91.7,HEALTHY,RG Jackson Powers-Johnson (AT RISK),-0.11,-0.2,-0.0,0.0,0.0,INDOOR,indoor,,,,,indoor/no weather adjustment,0.0,0.0,,,0.0,0.0,0.0,,,,
1366076769534251008,10-Team Dynasty — Dynasty V2,8,False,13336,Dane Key,WR,DEN,SF,away,2026-10-04,16:25,47.5,outdoors,,,3.5,season-long ECR proxy,,,,,,,,,,,,,,,,,,,3.5,0.0,,,,,,,,,,,,,3.5,-0.0,100.0,HEALTHY,none,-0.0,-0.0,-0.0,3.5,0.0,LOW,no material weather signal,,,,,schedule fallback,3.5,0.0,,,3.5,0.0,0.0,,,,
1366076769534251008,10-Team Dynasty — Dynasty V2,8,False,13380,Brenen Thompson,WR,LAC,SEA,away,2026-10-04,16:25,42.5,outdoors,,,1.7,Sleeper raw-stat projection × league scoring + current usage,,227.5,,Out,,OUT,4,,0.0,,2.23,0.0,0.0,6,,,,,2.23,-0.53,2026,STABLE,2,1,2,18.0,18.0,18.0,3.0,0.0,3.0,-2.0,1.7,-0.0,100.0,HEALTHY,none,-0.0,-0.0,-0.0,1.7,0.0,LOW,no material weather signal,69.8,6.8,6.3,0.0,Open-Meteo game-time forecast,1.7,0.0,,,1.7,0.0,0.0,,,,
1366076769534251008,10-Team Dynasty — Dynasty V2,8,False,13405,Kaytron Allen,RB,WAS,IND,home,2026-10-04,09:30,47.5,outdoors,,,0.0,Sleeper raw-stat projection × league scoring + current usage,71.15,213.5,F,,,,3,,1.4,2.9,1.13,-1.5,0.0,10,,,,,0.0,-0.81,2026,STABLE,3,2,3,0.0,6.0,6.0,0.0,4.5,4.5,-2.0,0.0,-0.0,100.0,HEALTHY,none,-0.0,-0.0,-0.0,0.0,0.0,LOW,no material weather signal,62.9,3.4,5.8,44.0,Open-Meteo game-time forecast,0.0,0.0,,,0.0,0.0,0.0,,,,
1366076769534251008,10-Team Dynasty — Dynasty V2,8,False,13414,Kaelon Black,RB,SF,DEN,home,2026-10-04,16:25,47.5,outdoors,,,5.09,Sleeper raw-stat projection × league scoring + current usage + OL health,42.83,205.67,D,,,,2,,6.0,6.7,5.48,-0.7,0.0,10,,,,,4.78,0.41,2026,STABLE,3,3,3,15.0,30.3,30.3,0.67,8.33,9.0,1.0,5.19,-0.1,90.0,HEALTHY,LT Trent Williams (AT RISK),-0.35,-0.11,-0.0,5.09,0.0,LOW,no material weather signal,,,,,schedule fallback,5.09,0.0,,,5.09,0.0,0.0,,,,
1366076769534251008,10-Team Dynasty — Dynasty V2,8,False,4066,Evan Engram,TE,DEN,SF,away,2026-10-04,16:25,47.5,outdoors,,,7.91,Sleeper raw-stat projection × league scoring + injury ripple,27.51,234.67,F,,,,1,,7.1,6.6,6.93,0.5,0.0,7,,,,,7.43,0.0,2026,STABLE,3,3,3,60.0,58.3,58.3,2.67,0.0,2.67,0.0,7.43,-0.0,100.0,HEALTHY,none,-0.0,-0.0,-0.0,7.43,0.0,LOW,no material weather signal,,,,,schedule fallback,7.43,0.48,WR1 QUESTIONABLE/DNP: TE target share can rise | Starting linebacker QUESTIONABLE/DNP: TE coverage improves,MEDIUM,7.91,0.0,0.0,,,,
1366076769534251008,10-Team Dynasty — Dynasty V2,8,False,4950,Christian Kirk,WR,SF,DEN,home,2026-10-04,16:25,47.5,outdoors,,,0.0,season-long ECR proxy + OL health,,219.67,,IR,,IR/PUP,8,,,,,,,,,,,,0.0,0.0,,,,,,,,,,,,,0.0,-0.14,90.0,HEALTHY,LT Trent Williams (AT RISK),-0.35,-0.11,-0.0,0.0,0.0,LOW,no material weather signal,,,,,schedule fallback,0.0,0.0,,,0.0,0.0,0.0,,,,
1366076769534251008,10-Team Dynasty — Dynasty V2,8,False,4984,Josh Allen,QB,BUF,NE,home,2026-10-04,13:00,48.5,outdoors,,,26.62,Sleeper raw-stat projection × league scoring + current usage + injury ripple,1.02,1.6,A+,Questionable,,QUESTIONABLE,1,,22.5,24.5,25.51,0.5,2.5,10,,,,,26.01,0.41,2026,STABLE,3,3,3,100.0,100.0,100.0,0.33,9.33,0.0,2.0,26.42,-0.0,100.0,HEALTHY,none,-0.0,-0.0,-0.0,26.42,0.0,LOW,no material weather signal,65.5,10.0,12.3,7.0,Open-Meteo game-time forecast,26.42,0.2,Top edge rusher QUESTIONABLE/DNP: QB pressure environment improves,MEDIUM,26.62,0.0,0.0,,,,
1366076769534251008,10-Team Dynasty — Dynasty V2,8,False,5850,Josh Jacobs,RB,GB,TB,away,2026-10-04,13:00,39.5,outdoors,,,15.6,season-long ECR proxy + OL health,,105.6,,NA,,,4,,,,,,,,,,,,16.04,0.0,,,,,,,,,,,,,16.04,-0.44,73.1,DEGRADED,LG Aaron Banks (UNAVAILABLE) | RG Jacob Monk (AT RISK),-0.36,-0.65,-0.0,15.6,0.0,LOW,no material weather signal,90.8,9.6,11.2,2.0,Open-Meteo game-time forecast,15.6,0.0,,,15.6,0.0,0.0,,,,
1366076769534251008,10-Team Dynasty — Dynasty V2,8,False,5872,Deebo Samuel,WR,SF,DEN,home,2026-10-04,16:25,47.5,outdoors,,,9.61,Sleeper raw-stat projection × league scoring + OL health + injury ripple,26.2,164.5,B,,,,2,,11.1,11.8,9.35,-0.7,0.0,10,,,,,8.65,0.0,2026,STABLE,3,3,3,76.0,59.3,59.3,3.67,1.33,3.67,0.0,8.65,-0.14,90.0,HEALTHY,LT Trent Williams (AT RISK),-0.35,-0.11,-0.0,8.51,0.0,LOW,no material weather signal,,,,,schedule fallback,8.51,1.1,WR1 OUT/IR: target concentration rises for next WR,HIGH,9.61,0.0,0.0,,,,
1366076769534251008,10-Team Dynasty — Dynasty V2,8,False,6786,CeeDee Lamb,WR,DAL,HOU,away,2026-10-04,13:00,48.5,,,,19.72,Sleeper raw-stat projection × league scoring + current usage,4.32,15.8,A+,,,,1,,18.8,18.3,18.0,0.5,0.0,10,,,,,18.5,1.22,2026,STABLE,3,3,3,82.0,79.3,79.3,8.33,0.33,8.33,3.0,19.72,-0.0,100.0,HEALTHY,none,-0.0,-0.0,-0.0,19.72,0.0,LOW,no material weather signal,82.6,12.5,17.4,45.0,Open-Meteo game-time forecast,19.72,0.0,,,19.72,0.0,0.0,,,,
1366076769534251008,10-Team Dynasty — Dynasty V2,8,False,6794,Justin Jefferson,WR,MIN,MIA,home,2026-10-04,16:05,38.5,dome,,,0.67,Sleeper raw-stat projection × league scoring + current usage + OL health,6.15,21.2,A+,Out,,OUT,1,,0.0,17.0,17.0,-17.0,0.0,8,,,,,0.0,0.81,2026,STABLE,3,3,3,12.0,68.0,68.0,5.67,0.0,5.67,2.0,0.81,-0.14,90.0,HEALTHY,LT Christian Darrisaw (AT RISK),-0.35,-0.11,-0.0,0.67,0.0,INDOOR,indoor,,,,,indoor/no weather adjustment,0.67,0.0,,,0.67,0.0,0.0,,,,
1366076769534251008,10-Team Dynasty — Dynasty V2,8,False,6804,Jordan Love,QB,GB,TB,away,2026-10-04,13:00,39.5,outdoors,,,20.9,Sleeper raw-stat projection × league scoring + current usage + OL health,10.83,39.4,B,,,,1,,18.0,17.5,20.26,0.5,0.0,10,,,,,20.76,0.41,2026,STABLE,3,3,3,100.0,100.0,100.0,0.0,0.67,0.0,2.0,21.17,-0.27,73.1,DEGRADED,LG Aaron Banks (UNAVAILABLE) | RG Jacob Monk (AT RISK),-0.36,-0.65,-0.0,20.9,0.0,LOW,no material weather signal,90.8,9.6,11.2,2.0,Open-Meteo game-time forecast,20.9,0.0,,,20.9,0.0,0.0,,,,
1366076769534251008,10-Team Dynasty — Dynasty V2,8,False,6819,Michael Pittman,WR,PIT,CLE,away,2026-10-01,20:15,38.5,outdoors,,,9.29,Sleeper raw-stat projection × league scoring + current usage + OL health,53.06,113.2,D+,,,,2,,5.9,7.1,9.84,-1.2,0.0,10,,,,,8.64,0.79,2026,STABLE,3,2,2,73.0,80.5,80.5,4.0,0.0,4.0,3.0,9.43,-0.14,90.0,HEALTHY,LT Troy Fautanu (AT RISK),-0.35,-0.11,-0.0,9.29,0.0,LOW,no material weather signal,76.9,8.9,18.8,4.0,Open-Meteo game-time forecast,9.29,0.0,,,9.29,0.0,0.0,,,,
1366076769534251008,10-Team Dynasty — Dynasty V2,8,False,8121,Romeo Doubs,WR,NE,BUF,away,2026-10-04,13:00,48.5,outdoors,,,10.6,Sleeper raw-stat projection × league scoring + current usage + OL health + injury ripple,34.05,128.25,C+,,,,1,,11.7,11.2,9.27,0.5,0.0,6,,,,,9.77,0.41,2026,STABLE,3,3,3,73.0,65.3,65.3,3.67,0.0,3.67,1.0,10.18,-0.18,75.9,MINOR CONCERN,RG Greg Van Roten (UNAVAILABLE) | RT Morgan Moses (LIMITED),-0.45,-0.51,-0.0,10.0,0.0,LOW,no material weather signal,65.5,10.0,12.3,7.0,Open-Meteo game-time forecast,10.0,0.6,Opponent CB1 QUESTIONABLE/DNP: projected WR1 coverage matchup improves (not confirmed shadow) | Top edge rusher OUT/IR: more time helps primary WR routes,MEDIUM,10.6,0.0,0.0,,,,
1366076769534251008,10-Team Dynasty — Dynasty V2,8,False,8136,Rachaad White,RB,WAS,IND,home,2026-10-04,09:30,47.5,outdoors,,,8.58,Sleeper raw-stat projection × league scoring + current usage,36.51,166.0,C-,Questionable,,QUESTIONABLE,2,,5.4,8.6,8.87,-0.7,2.5,10,,,,,8.17,0.41,2026,STABLE,3,3,3,43.0,45.3,45.3,3.0,7.33,10.33,1.0,8.58,-0.0,100.0,HEALTHY,none,-0.0,-0.0,-0.0,8.58,0.0,LOW,no material weather signal,62.9,3.4,5.8,44.0,Open-Meteo game-time forecast,8.58,0.0,,,8.58,0.0,0.0,,,,
1366076769534251008,10-Team Dynasty — Dynasty V2,8,False,8150,Kyren Williams,RB,LAR,PHI,away,2026-10-04,13:00,43.5,outdoors,,,15.7,Sleeper raw-stat projection × league scoring + current usage,17.49,69.2,B,,,,1,,14.8,14.3,13.98,0.5,0.0,10,,,,,14.48,1.22,2026,STABLE,3,3,3,71.0,63.3,63.3,4.0,12.67,16.67,3.0,15.7,-0.0,100.0,HEALTHY,none,-0.0,-0.0,-0.0,15.7,0.0,LOW,no material weather signal,69.2,4.1,3.6,38.0,Open-Meteo game-time forecast,15.7,0.0,,,15.7,0.0,0.0,,,,
1366076769534251008,10-Team Dynasty — Dynasty V2,8,False,8698,Jake Tonges,TE,SF,DEN,home,2026-10-04,16:25,47.5,outdoors,,,0.0,season-long ECR proxy + current usage + OL health,,307.0,,IR,,IR/PUP,4,,,,,,,,,,,,0.0,-0.49,2026,STABLE,1,0,1,12.0,12.0,12.0,0.0,0.0,0.0,-3.0,0.0,-0.12,90.0,HEALTHY,LT Trent Williams (AT RISK),-0.35,-0.11,-0.0,0.0,0.0,LOW,no material weather signal,,,,,schedule fallback,0.0,0.0,,,0.0,0.0,0.0,,,,
1366076769534251008,10-Team Dynasty — Dynasty V2,8,False,9228,Bryce Young,QB,CAR,DET,home,2026-10-04,20:20,50.5,outdoors,,,23.06,Sleeper raw-stat projection × league scoring + current usage + OL health,14.62,64.5,C,,,,1,,17.9,16.8,21.63,1.1,0.0,10,,,,,22.73,0.41,2026,STABLE,3,3,3,100.0,94.7,94.7,0.0,1.0,0.0,2.0,23.14,-0.08,91.7,HEALTHY,LG Damien Lewis (AT RISK),-0.11,-0.2,-0.0,23.06,0.0,LOW,no material weather signal,63.9,4.6,8.1,62.0,Open-Meteo game-time forecast,23.06,0.0,,,23.06,0.0,0.0,,,,
1366076769534251008,10-Team Dynasty — Dynasty V2,9,False,11559,Michael Penix,QB,ATL,NO,away,2026-10-05,20:15,48.5,dome,,,17.54,Sleeper raw-stat projection × league scoring + current usage + OL health,28.15,125.75,F,,,,1,,14.3,13.8,17.31,0.5,0.0,10,,,,,17.81,0.16,2026,STABLE,3,1,1,100.0,100.0,100.0,0.0,2.0,0.0,2.0,17.97,-0.43,73.3,DEGRADED,LT Jake Matthews (AT RISK) | C Ryan Neuzil (AT RISK) | RG Chris Lindstrom (AT RISK),-0.58,-0.51,-0.0,17.54,0.0,INDOOR,indoor,,,,,indoor/no weather adjustment,17.54,0.0,,,17.54,0.0,0.0,,,,
1366076769534251008,10-Team Dynasty — Dynasty V2,9,False,11597,Theo Johnson,TE,NYG,ARI,home,2026-10-04,13:00,44.5,outdoors,,,2.98,Sleeper raw-stat projection × league scoring + OL health,43.47,227.0,F,,,,2,,2.5,3.2,3.75,-0.7,0.0,7,,,,,3.05,0.0,2026,STABLE,3,2,3,17.0,30.3,30.3,2.5,0.0,2.5,0.0,3.05,-0.07,94.4,HEALTHY,LT Andrew Thomas (LIMITED),-0.2,-0.06,-0.0,2.98,0.0,LOW,no material weather signal,69.6,4.8,5.6,34.0,Open-Meteo game-time forecast,2.98,0.0,,,2.98,0.0,0.0,,,,
1366076769534251008,10-Team Dynasty — Dynasty V2,9,False,11625,Adonai Mitchell,WR,NYJ,CHI,away,2026-10-04,13:00,43.5,outdoors,,,9.41,Sleeper raw-stat projection × league scoring + current usage + OL health,,170.75,,Out,,OUT,2,,0.0,,8.72,0.0,0.0,10,,,,,8.72,0.79,2026,STABLE,2,2,2,82.0,75.5,75.5,7.5,0.0,7.5,3.0,9.51,-0.1,81.5,MINOR CONCERN,LG Dylan Parham (UNAVAILABLE),-0.25,-0.45,-0.0,9.41,0.0,LOW,no material weather signal,65.3,9.9,13.4,3.0,Open-Meteo game-time forecast,9.41,0.0,,,9.41,0.0,0.0,,,,
1366076769534251008,10-Team Dynasty — Dynasty V2,9,False,11628,Marvin Harrison,WR,ARI,NYG,away,2026-10-04,13:00,44.5,outdoors,,,5.66,Sleeper raw-stat projection × league scoring + current usage + OL health + injury ripple,55.49,72.8,D+,,,,2,,8.3,9.0,5.59,-0.7,0.0,6,,,,,4.89,0.41,2026,STABLE,3,3,3,77.0,76.7,76.7,3.0,0.0,3.0,1.0,5.3,-0.04,91.7,HEALTHY,RG Isaiah Adams (AT RISK),-0.11,-0.2,-0.0,5.26,0.0,LOW,no material weather signal,69.6,4.8,5.6,34.0,Open-Meteo game-time forecast,5.26,0.4,Opponent CB1 OUT/IR: secondary WR matchup improves,MEDIUM,5.66,0.0,0.0,,,,
1366076769534251008,10-Team Dynasty — Dynasty V2,9,False,11834,Devaughn Vele,WR,NO,ATL,home,2026-10-05,20:15,48.5,dome,,,11.48,Sleeper raw-stat projection × league scoring + current usage,29.66,241.25,C+,,,,2,,10.6,11.3,10.56,-0.7,0.0,10,,,,,9.86,1.62,2026,STABLE,3,3,3,88.0,91.7,91.7,7.33,0.0,7.33,4.0,11.48,-0.0,100.0,HEALTHY,none,-0.0,-0.0,-0.0,11.48,0.0,INDOOR,indoor,,,,,indoor/no weather adjustment,11.48,0.0,,,11.48,0.0,0.0,,,,
1366076769534251008,10-Team Dynasty — Dynasty V2,9,False,12476,Devin Neal,RB,MIN,MIA,home,2026-10-04,16:05,38.5,dome,,,6.07,season-long ECR proxy + OL health,,251.67,,Questionable,,QUESTIONABLE,,,,,,,,,,,,,6.17,0.0,,,,,,,,,,,,,6.17,-0.1,90.0,HEALTHY,LT Christian Darrisaw (AT RISK),-0.35,-0.11,-0.0,6.07,0.0,INDOOR,indoor,,,,,indoor/no weather adjustment,6.07,0.0,,,6.07,0.0,0.0,,,,
1366076769534251008,10-Team Dynasty — Dynasty V2,9,False,12485,Tez Johnson,WR,TB,GB,home,2026-10-04,13:00,39.5,outdoors,,,1.24,Sleeper raw-stat projection × league scoring,106.37,239.5,F,,,,4,,2.9,4.4,2.74,-1.5,0.0,10,,,,,1.24,0.0,2026,STABLE,3,3,3,23.0,25.0,25.0,2.33,0.33,2.33,0.0,1.24,-0.0,100.0,HEALTHY,none,-0.0,-0.0,-0.0,1.24,0.0,LOW,no material weather signal,90.8,9.6,11.2,2.0,Open-Meteo game-time forecast,1.24,0.0,,,1.24,0.0,0.0,,,,
1366076769534251008,10-Team Dynasty — Dynasty V2,9,False,12490,Bhayshul Tuten,RB,JAX,CIN,away,2026-10-04,13:00,51.5,outdoors,,,14.87,Sleeper raw-stat projection × league scoring + current usage + OL health,24.07,96.0,B-,,,,1,,13.5,12.4,13.06,1.1,0.0,10,,,,,14.16,0.81,2026,STABLE,3,3,3,48.0,49.3,49.3,1.67,14.33,16.0,2.0,14.97,-0.1,90.0,HEALTHY,LT Anton Harrison (AT RISK),-0.35,-0.11,-0.0,14.87,0.0,LOW,no material weather signal,71.3,4.7,6.0,21.0,Open-Meteo game-time forecast,14.87,0.0,,,14.87,0.0,0.0,,,,
1366076769534251008,10-Team Dynasty — Dynasty V2,9,False,12498,Mason Taylor,TE,NYJ,CHI,away,2026-10-04,13:00,43.5,outdoors,,,3.25,Sleeper raw-stat projection × league scoring + OL health,,206.67,,Out,,OUT,2,,0.0,,3.37,0.0,0.0,7,,,,,3.37,0.0,2026,STABLE,2,1,2,46.0,56.0,56.0,3.0,0.0,3.0,0.0,3.37,-0.12,81.5,MINOR CONCERN,LG Dylan Parham (UNAVAILABLE),-0.25,-0.45,-0.0,3.25,0.0,LOW,no material weather signal,65.3,9.9,13.4,3.0,Open-Meteo game-time forecast,3.25,0.0,,,3.25,0.0,0.0,,,,
1366076769534251008,10-Team Dynasty — Dynasty V2,9,False,12504,Kaleb Johnson,RB,GB,TB,away,2026-10-04,13:00,39.5,outdoors,,,3.95,Sleeper raw-stat projection × league scoring + current usage + OL health,40.17,231.2,D,,,,2,,7.5,8.2,5.9,-0.7,0.0,10,,,,,5.2,-0.81,2026,STABLE,3,3,3,36.0,21.0,21.0,1.0,4.0,5.0,-2.0,4.39,-0.44,73.1,DEGRADED,LG Aaron Banks (UNAVAILABLE) | RG Jacob Monk (AT RISK),-0.36,-0.65,-0.0,3.95,0.0,LOW,no material weather signal,90.8,9.6,11.2,2.0,Open-Meteo game-time forecast,3.95,0.0,,,3.95,0.0,0.0,,,,
1366076769534251008,10-Team Dynasty — Dynasty V2,9,False,12506,Harold Fannin,TE,CLE,PIT,home,2026-10-01,20:15,38.5,outdoors,,,15.83,Sleeper raw-stat projection × league scoring + current usage + OL health,14.5,78.6,C-,,,,1,,10.2,10.2,14.9,0.0,0.0,11,,,,,14.9,1.22,2026,STABLE,3,3,3,86.0,84.7,84.7,6.0,0.0,6.0,3.0,16.12,-0.29,63.1,DEGRADED,C Elgton Jenkins (AT RISK) | RG Teven Jenkins (UNAVAILABLE) | RT Tytus Howard (AT RISK),-0.71,-0.76,-0.0,15.83,0.0,LOW,no material weather signal,76.9,8.9,18.8,4.0,Open-Meteo game-time forecast,15.83,0.0,,,15.83,0.0,0.0,,,,
1366076769534251008,10-Team Dynasty — Dynasty V2,9,False,12530,Travis Hunter,DB,JAX,CIN,away,2026-10-04,13:00,51.5,outdoors,,,0.82,Sleeper raw-stat projection × league scoring,108.71,168.4,F,,,,5,,2.8,3.7,1.72,-0.9,0.0,10,,,,,0.82,0.0,,,,,,,,,,,,,0.82,0.0,90.0,HEALTHY,LT Anton Harrison (AT RISK),-0.35,-0.11,-0.0,0.82,0.0,LOW,no material weather signal,71.3,4.7,6.0,21.0,Open-Meteo game-time forecast,0.82,0.0,,,0.82,0.0,0.0,,,,
1366076769534251008,10-Team Dynasty — Dynasty V2,9,False,12541,Dont'e Thornton,WR,LV,KC,home,2026-10-04,16:25,47.5,dome,,,0.0,season-long ECR proxy + OL health,,278.5,,IR,,IR/PUP,9,,,,,,,,,,,,0.0,0.0,,,,,,,,,,,,,0.0,-0.04,91.7,HEALTHY,RG Jackson Powers-Johnson (AT RISK),-0.11,-0.2,-0.0,0.0,0.0,INDOOR,indoor,,,,,indoor/no weather adjustment,0.0,0.0,,,0.0,0.0,0.0,,,,
1366076769534251008,10-Team Dynasty — Dynasty V2,9,False,13269,Fernando Mendoza,QB,LV,KC,home,2026-10-04,16:25,47.5,dome,,,0.0,weekly projected points + OL health,36.38,61.8,F,,,,3,,,,,,,,,,,,0.0,0.0,,,,,,,,,,,,,0.0,-0.08,91.7,HEALTHY,RG Jackson Powers-Johnson (AT RISK),-0.11,-0.2,-0.0,0.0,0.0,INDOOR,indoor,,,,,indoor/no weather adjustment,0.0,0.0,,,0.0,0.0,0.0,,,,
1366076769534251008,10-Team Dynasty — Dynasty V2,9,False,13281,Jordyn Tyson,WR,NO,ATL,home,2026-10-05,20:15,48.5,dome,,,0.0,season-long ECR proxy,,59.4,,IR,,IR/PUP,11,,,,,,,,,,,,0.0,0.0,,,,,,,,,,,,,0.0,-0.0,100.0,HEALTHY,none,-0.0,-0.0,-0.0,0.0,0.0,INDOOR,indoor,,,,,indoor/no weather adjustment,0.0,0.0,,,0.0,0.0,0.0,,,,
1366076769534251008,10-Team Dynasty — Dynasty V2,9,False,13294,Makai Lemon,WR,PHI,LAR,home,2026-10-04,13:00,43.5,outdoors,,,5.7,Sleeper raw-stat projection × league scoring + current usage,62.1,58.4,D-,,,,3,,6.7,8.2,6.79,-1.5,0.0,10,,,,,5.29,0.41,2026,STABLE,3,3,3,70.0,65.7,65.7,3.0,0.33,3.0,1.0,5.7,-0.0,100.0,HEALTHY,none,-0.0,-0.0,-0.0,5.7,0.0,LOW,no material weather signal,69.2,4.1,3.6,38.0,Open-Meteo game-time forecast,5.7,0.0,,,5.7,0.0,0.0,,,,
1366076769534251008,10-Team Dynasty — Dynasty V2,9,False,13345,Jonah Coleman,RB,DEN,SF,away,2026-10-04,16:25,47.5,outdoors,,,0.0,weekly projected points + current usage,103.5,138.0,F,IR,,IR/PUP,6,,,,,,,,,,,,0.0,-0.53,2026,STABLE,2,2,2,40.0,23.0,23.0,1.5,5.0,6.5,-2.0,0.0,-0.0,100.0,HEALTHY,none,-0.0,-0.0,-0.0,0.0,0.0,LOW,no material weather signal,,,,,schedule fallback,0.0,0.0,,,0.0,0.0,0.0,,,,
1366076769534251008,10-Team Dynasty — Dynasty V2,9,False,13404,Garrett Nussmeier,QB,KC,LV,away,2026-10-04,16:25,47.5,dome,,,0.0,season-long ECR proxy + OL health,,,,Out,,OUT,3,,,,,,,,,,,,0.0,0.0,,,,,,,,,,,,,0.0,-0.58,77.8,MINOR CONCERN,LT Josh Simmons (UNAVAILABLE),-0.78,-0.24,-0.0,0.0,0.0,INDOOR,indoor,,,,,indoor/no weather adjustment,0.0,0.0,,,0.0,0.0,0.0,,,,
1366076769534251008,10-Team Dynasty — Dynasty V2,9,False,5892,David Montgomery,RB,HOU,DAL,home,2026-10-04,13:00,48.5,,,,16.07,Sleeper raw-stat projection × league scoring + current usage + OL health,21.22,113.6,B-,,,,1,,13.0,12.5,15.26,0.5,0.0,10,,,,,15.76,0.41,2026,STABLE,3,3,3,63.0,54.7,54.7,2.33,12.33,14.67,1.0,16.17,-0.1,90.0,HEALTHY,RT Trent Brown (AT RISK),-0.35,-0.11,-0.0,16.07,0.0,LOW,no material weather signal,82.6,12.5,17.4,45.0,Open-Meteo game-time forecast,16.07,0.0,,,16.07,0.0,0.0,,,,
1366076769534251008,10-Team Dynasty — Dynasty V2,9,False,5947,Jakobi Meyers,WR,JAX,CIN,away,2026-10-04,13:00,51.5,outdoors,,,10.26,Sleeper raw-stat projection × league scoring + current usage + OL health,47.66,127.2,C-,,,,2,,9.5,9.6,10.09,-0.1,0.0,10,,,,,9.99,0.41,2026,STABLE,3,3,3,81.0,78.7,78.7,3.67,0.33,3.67,1.0,10.4,-0.14,90.0,HEALTHY,LT Anton Harrison (AT RISK),-0.35,-0.11,-0.0,10.26,0.0,LOW,no material weather signal,71.3,4.7,6.0,21.0,Open-Meteo game-time forecast,10.26,0.0,,,10.26,0.0,0.0,,,,
1366076769534251008,10-Team Dynasty — Dynasty V2,9,False,6768,Tua Tagovailoa,QB,ATL,NO,away,2026-10-05,20:15,48.5,dome,,,0.0,weekly projected points + OL health,44.0,152.75,F,,,,3,,,,,,,,,,,,0.0,0.0,,,,,,,,,,,,,0.0,-0.43,73.3,DEGRADED,LT Jake Matthews (AT RISK) | C Ryan Neuzil (AT RISK) | RG Chris Lindstrom (AT RISK),-0.58,-0.51,-0.0,0.0,0.0,INDOOR,indoor,,,,,indoor/no weather adjustment,0.0,0.0,,,0.0,0.0,0.0,,,,
1366076769534251008,10-Team Dynasty — Dynasty V2,9,False,6797,Justin Herbert,QB,LAC,SEA,away,2026-10-04,16:25,42.5,outdoors,,,17.12,Sleeper raw-stat projection × league scoring + current usage,13.95,16.6,C+,,,,1,,17.5,17.0,16.21,0.5,0.0,10,,,,,16.71,0.41,2026,STABLE,3,3,3,100.0,100.0,100.0,0.0,4.0,0.0,2.0,17.12,-0.0,100.0,HEALTHY,none,-0.0,-0.0,-0.0,17.12,0.0,LOW,no material weather signal,69.8,6.8,6.3,0.0,Open-Meteo game-time forecast,17.12,0.0,,,17.12,0.0,0.0,,,,
1366076769534251008,10-Team Dynasty — Dynasty V2,9,False,6801,Tee Higgins,WR,CIN,JAX,home,2026-10-04,13:00,51.5,outdoors,,,17.57,Sleeper raw-stat projection × league scoring + current usage,19.22,55.8,A-,,,,2,,13.1,13.2,16.45,-0.1,0.0,10,,,,,16.35,1.22,2026,STABLE,3,3,3,93.0,79.0,79.0,7.67,0.0,7.67,3.0,17.57,-0.0,100.0,HEALTHY,none,-0.0,-0.0,-0.0,17.57,0.0,LOW,no material weather signal,71.3,4.7,6.0,21.0,Open-Meteo game-time forecast,17.57,0.0,,,17.57,0.0,0.0,,,,
1366076769534251008,10-Team Dynasty — Dynasty V2,9,False,7002,Juwan Johnson,TE,NO,ATL,home,2026-10-05,20:15,48.5,dome,,,15.52,Sleeper raw-stat projection × league scoring + current usage,12.4,149.8,C,,,,1,,10.8,10.3,14.21,0.5,0.0,7,,,,,14.71,0.81,2026,STABLE,3,3,3,62.0,66.3,66.3,6.33,0.0,6.33,2.0,15.52,-0.0,100.0,HEALTHY,none,-0.0,-0.0,-0.0,15.52,0.0,INDOOR,indoor,,,,,indoor/no weather adjustment,15.52,0.0,,,15.52,0.0,0.0,,,,
1366076769534251008,10-Team Dynasty — Dynasty V2,9,False,7567,Kenny Gainwell,RB,TB,GB,home,2026-10-04,13:00,39.5,outdoors,,,7.04,Sleeper raw-stat projection × league scoring,42.22,155.2,D,,,,2,,6.7,7.4,7.74,-0.7,0.0,10,,,,,7.04,0.0,2026,STABLE,3,3,3,46.0,42.3,42.3,3.33,3.33,6.67,0.0,7.04,-0.0,100.0,HEALTHY,none,-0.0,-0.0,-0.0,7.04,0.0,LOW,no material weather signal,90.8,9.6,11.2,2.0,Open-Meteo game-time forecast,7.04,0.0,,,7.04,0.0,0.0,,,,
1366076769534251008,10-Team Dynasty — Dynasty V2,9,False,8126,Wan'Dale Robinson,WR,TEN,BAL,away,2026-10-04,13:00,43.5,outdoors,,,10.42,Sleeper raw-stat projection × league scoring + current usage + OL health,52.98,108.2,C-,,,,2,,8.6,9.3,10.41,-0.7,0.0,10,,,,,9.71,0.81,2026,STABLE,3,3,3,63.0,66.0,66.0,6.0,0.0,6.0,2.0,10.52,-0.1,81.5,MINOR CONCERN,RG Fernando Carmona (UNAVAILABLE),-0.25,-0.45,-0.0,10.42,0.0,LOW,no material weather signal,66.5,3.4,3.1,44.0,Open-Meteo game-time forecast,10.42,0.0,,,10.42,0.0,0.0,,,,
1366076769534251008,10-Team Dynasty — Dynasty V2,9,False,8132,Tyler Allgeier,RB,ARI,NYG,away,2026-10-04,13:00,44.5,outdoors,,,7.64,Sleeper raw-stat projection × league scoring + current usage + OL health,40.71,177.2,D,,,,2,,7.0,7.7,8.07,-0.7,0.0,10,,,,,7.37,0.41,2026,STABLE,3,3,3,36.0,53.0,53.0,2.67,8.0,10.67,1.0,7.78,-0.14,91.7,HEALTHY,RG Isaiah Adams (AT RISK),-0.11,-0.2,-0.0,7.64,0.0,LOW,no material weather signal,69.6,4.8,5.6,34.0,Open-Meteo game-time forecast,7.64,0.0,,,7.64,0.0,0.0,,,,
1366076769534251008,10-Team Dynasty — Dynasty V2,9,False,8138,James Cook,RB,BUF,NE,home,2026-10-04,13:00,48.5,outdoors,,,19.18,Sleeper raw-stat projection × league scoring + current usage,8.66,25.6,A,,,,1,,17.2,16.7,17.46,0.5,0.0,10,,,,,17.96,1.22,2026,STABLE,3,3,3,67.0,71.0,71.0,2.67,19.33,22.0,3.0,19.18,-0.0,100.0,HEALTHY,none,-0.0,-0.0,-0.0,19.18,0.0,LOW,no material weather signal,65.5,10.0,12.3,7.0,Open-Meteo game-time forecast,19.18,0.0,,,19.18,0.0,0.0,,,,
1366076769534251008,10-Team Dynasty — Dynasty V2,9,False,9229,Anthony Richardson,QB,IND,WAS,away,2026-10-04,09:30,47.5,outdoors,,,0.0,weekly projected points,45.8,,F,,,,2,,,,,,,,,,,,0.0,0.0,,,,,,,,,,,,,0.0,-0.0,100.0,HEALTHY,none,-0.0,-0.0,-0.0,0.0,0.0,LOW,no material weather signal,62.9,3.4,5.8,44.0,Open-Meteo game-time forecast,0.0,0.0,,,0.0,0.0,0.0,,,,
1366076769534251008,10-Team Dynasty — Dynasty V2,9,False,9494,Marvin Mims,WR,DEN,SF,away,2026-10-04,16:25,47.5,outdoors,,,1.89,Sleeper raw-stat projection × league scoring + current usage + injury ripple,,229.5,,Out,,OUT,5,,0.0,,2.13,0.0,0.0,10,,,,,2.13,-0.49,2026,STABLE,1,1,1,18.0,18.0,18.0,0.0,0.0,0.0,-3.0,1.64,-0.0,100.0,HEALTHY,none,-0.0,-0.0,-0.0,1.64,0.0,LOW,no material weather signal,,,,,schedule fallback,1.64,0.25,WR1 QUESTIONABLE/DNP: WR3 role/targets can expand,MEDIUM,1.89,0.0,0.0,,,,
1366076769534251008,10-Team Dynasty — Dynasty V2,10,False,10213,Tre Tucker,WR,LV,KC,home,2026-10-04,16:25,47.5,dome,,,10.13,Sleeper raw-stat projection × league scoring + current usage + OL health,43.76,193.0,C,,,,1,,10.4,9.9,8.86,0.5,0.0,10,,,,,9.36,0.81,2026,STABLE,3,3,3,57.0,62.3,62.3,5.0,0.0,5.0,2.0,10.17,-0.04,91.7,HEALTHY,RG Jackson Powers-Johnson (AT RISK),-0.11,-0.2,-0.0,10.13,0.0,INDOOR,indoor,,,,,indoor/no weather adjustment,10.13,0.0,,,10.13,0.0,0.0,,,,
1366076769534251008,10-Team Dynasty — Dynasty V2,10,False,11565,J.J. McCarthy,QB,NYG,ARI,home,2026-10-04,13:00,44.5,outdoors,,,0.0,season-long ECR proxy + OL health,,126.33,,Out,,OUT,2,,,,,,,,,,,,0.0,0.0,,,,,,,,,,,,,0.0,-0.15,94.4,HEALTHY,LT Andrew Thomas (LIMITED),-0.2,-0.06,-0.0,0.0,0.0,LOW,no material weather signal,69.6,4.8,5.6,34.0,Open-Meteo game-time forecast,0.0,0.0,,,0.0,0.0,0.0,,,,
1366076769534251008,10-Team Dynasty — Dynasty V2,10,False,11576,Braelon Allen,RB,NYJ,CHI,away,2026-10-04,13:00,43.5,outdoors,,,15.34,Sleeper raw-stat projection × league scoring + OL health + injury ripple,45.41,216.0,D-,,,,1,,7.1,6.6,13.59,0.5,0.0,10,,,,,14.09,0.0,2026,STABLE,3,3,3,52.0,41.0,41.0,1.67,6.33,8.0,0.0,14.09,-0.3,81.5,MINOR CONCERN,LG Dylan Parham (UNAVAILABLE),-0.25,-0.45,-0.0,13.79,0.0,LOW,no material weather signal,65.3,9.9,13.4,3.0,Open-Meteo game-time forecast,13.79,1.55,RB1 OUT/IR: backfield opportunity moves to RB2,HIGH,15.34,0.0,0.0,,,,
1366076769534251008,10-Team Dynasty — Dynasty V2,10,False,11635,Ladd McConkey,WR,LAC,SEA,away,2026-10-04,16:25,42.5,outdoors,,,14.51,Sleeper raw-stat projection × league scoring + current usage + injury ripple,15.9,53.8,A,,,,1,,14.5,14.0,12.55,0.5,0.0,10,,,,,13.05,0.81,2026,STABLE,3,3,3,88.0,61.0,61.0,5.0,0.0,5.0,2.0,13.86,-0.0,100.0,HEALTHY,none,-0.0,-0.0,-0.0,13.86,0.0,LOW,no material weather signal,69.8,6.8,6.3,0.0,Open-Meteo game-time forecast,13.86,0.65,TE1 OUT/IR: WR1 target share can rise | Starting safety OUT/IR: downfield coverage improves,MEDIUM,14.51,0.0,0.0,,,,
1366076769534251008,10-Team Dynasty — Dynasty V2,10,False,12469,Dylan Sampson,RB,CLE,PIT,home,2026-10-01,20:15,38.5,outdoors,,,0.0,season-long ECR proxy + current usage + OL health,,189.2,,IR,,IR/PUP,6,,,,,,,,,,,,0.0,-0.49,2026,STABLE,1,1,1,0.0,0.0,0.0,0.0,0.0,0.0,-3.0,0.0,-0.54,63.1,DEGRADED,C Elgton Jenkins (AT RISK) | RG Teven Jenkins (UNAVAILABLE) | RT Tytus Howard (AT RISK),-0.71,-0.76,-0.0,0.0,0.0,LOW,no material weather signal,76.9,8.9,18.8,4.0,Open-Meteo game-time forecast,0.0,0.0,,,0.0,0.0,0.0,,,,
1366076769534251008,10-Team Dynasty — Dynasty V2,10,False,12499,Elic Ayomanor,WR,TEN,BAL,away,2026-10-04,13:00,43.5,outdoors,,,5.0,Sleeper raw-stat projection × league scoring + current usage + OL health,89.24,204.5,F,,,,3,,4.4,5.9,6.19,-1.5,0.0,8,,,,,4.69,0.41,2026,STABLE,3,3,3,80.0,61.7,61.7,3.0,0.0,3.0,1.0,5.1,-0.1,81.5,MINOR CONCERN,RG Fernando Carmona (UNAVAILABLE),-0.25,-0.45,-0.0,5.0,0.0,LOW,no material weather signal,66.5,3.4,3.1,44.0,Open-Meteo game-time forecast,5.0,0.0,,,5.0,0.0,0.0,,,,
1366076769534251008,10-Team Dynasty — Dynasty V2,10,False,12524,Shedeur Sanders,QB,CLE,PIT,home,2026-10-01,20:15,38.5,outdoors,,,0.0,weekly projected points + current usage + OL health,36.0,148.75,F,,,,3,,,,,,,,,,,,0.0,-0.16,2026,STABLE,3,1,1,1.0,1.0,1.0,0.0,0.0,0.0,-2.0,0.0,-0.53,63.1,DEGRADED,C Elgton Jenkins (AT RISK) | RG Teven Jenkins (UNAVAILABLE) | RT Tytus Howard (AT RISK),-0.71,-0.76,-0.0,0.0,0.0,LOW,no material weather signal,76.9,8.9,18.8,4.0,Open-Meteo game-time forecast,0.0,0.0,,,0.0,0.0,0.0,,,,
1366076769534251008,10-Team Dynasty — Dynasty V2,10,False,12527,Ashton Jeanty,RB,LV,KC,home,2026-10-04,16:25,47.5,dome,,,17.66,Sleeper raw-stat projection × league scoring + current usage + OL health,5.95,17.6,A,,,,1,,19.6,19.1,16.08,0.5,0.0,10,,,,,16.58,1.22,2026,STABLE,3,3,3,84.0,79.7,79.7,5.33,21.0,26.33,3.0,17.8,-0.14,91.7,HEALTHY,RG Jackson Powers-Johnson (AT RISK),-0.11,-0.2,-0.0,17.66,0.0,INDOOR,indoor,,,,,indoor/no weather adjustment,17.66,0.0,,,17.66,0.0,0.0,,,,
1366076769534251008,10-Team Dynasty — Dynasty V2,10,False,12529,TreVeyon Henderson,RB,NE,BUF,away,2026-10-04,13:00,48.5,outdoors,,,10.11,Sleeper raw-stat projection × league scoring + current usage + OL health,28.44,69.2,C,,,,1,,11.7,11.2,9.71,0.5,0.0,10,,,,,10.21,0.26,2026,STABLE,3,2,2,37.0,48.5,48.5,0.5,12.0,12.5,1.0,10.47,-0.36,75.9,MINOR CONCERN,RG Greg Van Roten (UNAVAILABLE) | RT Morgan Moses (LIMITED),-0.45,-0.51,-0.0,10.11,0.0,LOW,no material weather signal,65.5,10.0,12.3,7.0,Open-Meteo game-time forecast,10.11,0.0,,,10.11,0.0,0.0,,,,
1366076769534251008,10-Team Dynasty — Dynasty V2,10,False,13276,Omar Cooper,WR,NYJ,CHI,away,2026-10-04,13:00,43.5,outdoors,,,0.0,season-long ECR proxy + current usage + OL health,,121.2,,IR,,IR/PUP,10,,,,,,,,,,,,0.0,-0.49,2026,STABLE,1,1,1,7.0,7.0,7.0,1.0,0.0,1.0,-3.0,0.0,-0.1,81.5,MINOR CONCERN,LG Dylan Parham (UNAVAILABLE),-0.25,-0.45,-0.0,0.0,0.0,LOW,no material weather signal,65.3,9.9,13.4,3.0,Open-Meteo game-time forecast,0.0,0.0,,,0.0,0.0,0.0,,,,
1366076769534251008,10-Team Dynasty — Dynasty V2,10,False,13319,Oscar Delp,TE,NO,ATL,home,2026-10-05,20:15,48.5,dome,,,0.0,Sleeper raw-stat projection × league scoring + current usage,76.82,178.33,F,,,,3,,0.1,1.6,2.0,-1.5,0.0,7,,,,,0.5,-0.79,2026,STABLE,3,1,2,19.0,16.0,16.0,1.0,0.0,1.0,-3.0,0.0,-0.0,100.0,HEALTHY,none,-0.0,-0.0,-0.0,0.0,0.0,INDOOR,indoor,,,,,indoor/no weather adjustment,0.0,0.0,,,0.0,0.0,0.0,,,,
1366076769534251008,10-Team Dynasty — Dynasty V2,10,False,13330,Kenyon Sadiq,TE,NYJ,CHI,away,2026-10-04,13:00,43.5,outdoors,,,12.54,Sleeper raw-stat projection × league scoring + current usage + OL health,21.21,86.0,D-,,,,1,,8.8,8.3,11.75,0.5,0.0,11,,,,,12.25,0.41,2026,STABLE,3,3,3,58.0,45.3,45.3,4.67,0.33,4.67,1.0,12.66,-0.12,81.5,MINOR CONCERN,LG Dylan Parham (UNAVAILABLE),-0.25,-0.45,-0.0,12.54,0.0,LOW,no material weather signal,65.3,9.9,13.4,3.0,Open-Meteo game-time forecast,12.54,0.0,,,12.54,0.0,0.0,,,,
1366076769534251008,10-Team Dynasty — Dynasty V2,10,False,3321,Tyreek Hill,WR,,,,,,,,,,10.3,season-long ECR proxy,,227.67,,,,,,,,,,,,,,,,,10.3,0.0,,,,,,,,,,,,,10.3,0.0,,,,,,-0.0,10.3,0.0,,,,,,,,10.3,0.0,,,10.3,0.0,0.0,,,,
1366076769534251008,10-Team Dynasty — Dynasty V2,10,False,4033,David Njoku,TE,LAC,SEA,away,2026-10-04,16:25,42.5,outdoors,,,0.26,season-long ECR proxy + current usage,,202.2,,IR,,IR/PUP,4,,,,,,,,,,,,0.0,0.26,2026,STABLE,2,2,2,16.0,35.5,35.5,4.0,0.0,4.0,1.0,0.26,-0.0,100.0,HEALTHY,none,-0.0,-0.0,-0.0,0.26,0.0,LOW,no material weather signal,69.8,6.8,6.3,0.0,Open-Meteo game-time forecast,0.26,0.0,,,0.26,0.0,0.0,,,,
1366076769534251008,10-Team Dynasty — Dynasty V2,10,False,4046,Patrick Mahomes,QB,KC,LV,away,2026-10-04,16:25,47.5,dome,,,25.57,Sleeper raw-stat projection × league scoring + current usage + OL health,4.21,16.8,A,,,,1,,21.5,21.0,25.24,0.5,0.0,10,,,,,25.74,0.41,2026,STABLE,3,3,3,100.0,100.0,100.0,0.0,3.33,0.0,2.0,26.15,-0.58,77.8,MINOR CONCERN,LT Josh Simmons (UNAVAILABLE),-0.78,-0.24,-0.0,25.57,0.0,INDOOR,indoor,,,,,indoor/no weather adjustment,25.57,0.0,,,25.57,0.0,0.0,,,,
1366076769534251008,10-Team Dynasty — Dynasty V2,10,False,5001,Dalton Schultz,TE,HOU,DAL,home,2026-10-04,13:00,48.5,,,,15.74,Sleeper raw-stat projection × league scoring + current usage + OL health + injury ripple,5.65,166.75,B+,,,,1,,12.7,12.2,13.14,0.5,0.0,7,,,,,13.64,1.22,2026,STABLE,3,3,3,54.0,62.7,62.7,8.33,0.0,8.33,3.0,14.86,-0.12,90.0,HEALTHY,RT Trent Brown (AT RISK),-0.35,-0.11,-0.0,14.74,0.0,LOW,no material weather signal,82.6,12.5,17.4,45.0,Open-Meteo game-time forecast,14.74,1.0,Starting safety OUT/IR: TE middle/deep matchup improves | WR1 OUT/IR: TE target share can rise,MEDIUM,15.74,0.0,0.0,,,,
1366076769534251008,10-Team Dynasty — Dynasty V2,10,False,5846,DK Metcalf,WR,PIT,CLE,away,2026-10-01,20:15,38.5,outdoors,,,11.58,Sleeper raw-stat projection × league scoring + current usage + OL health,28.2,98.6,B,,,,1,,11.4,11.4,10.1,0.0,0.0,10,,,,,10.1,1.62,2026,STABLE,3,3,3,95.0,96.0,96.0,8.0,0.0,8.0,4.0,11.72,-0.14,90.0,HEALTHY,LT Troy Fautanu (AT RISK),-0.35,-0.11,-0.0,11.58,0.0,LOW,no material weather signal,76.9,8.9,18.8,4.0,Open-Meteo game-time forecast,11.58,0.0,,,11.58,0.0,0.0,,,,
1366076769534251008,10-Team Dynasty — Dynasty V2,10,False,6803,Brandon Aiyuk,WR,SF,DEN,home,2026-10-04,16:25,47.5,outdoors,,,13.22,season-long ECR proxy + OL health,,162.5,,DNR,,,9,,,,,,,,,,,,13.36,0.0,,,,,,,,,,,,,13.36,-0.14,90.0,HEALTHY,LT Trent Williams (AT RISK),-0.35,-0.11,-0.0,13.22,0.0,LOW,no material weather signal,,,,,schedule fallback,13.22,0.0,,,13.22,0.0,0.0,,,,
1366076769534251008,10-Team Dynasty — Dynasty V2,10,False,7591,Justin Fields,QB,KC,LV,away,2026-10-04,16:25,47.5,dome,,,0.0,weekly projected points + current usage + OL health,40.0,,F,,,,2,,,,,,,,,,,,0.0,-0.16,2026,STABLE,1,0,1,1.0,1.0,1.0,0.0,0.0,0.0,-2.0,0.0,-0.58,77.8,MINOR CONCERN,LT Josh Simmons (UNAVAILABLE),-0.78,-0.24,-0.0,0.0,0.0,INDOOR,indoor,,,,,indoor/no weather adjustment,0.0,0.0,,,0.0,0.0,0.0,,,,
1366076769534251008,10-Team Dynasty — Dynasty V2,10,False,8148,Jameson Williams,WR,DET,CAR,away,2026-10-04,20:20,50.5,outdoors,,,12.49,Sleeper raw-stat projection × league scoring + current usage + injury ripple,25.46,65.6,B,,,,2,,11.8,11.9,11.19,-0.1,0.0,10,,,,,11.09,1.22,2026,STABLE,3,3,3,82.0,87.7,87.7,5.67,0.0,5.67,3.0,12.31,-0.0,100.0,HEALTHY,none,-0.0,-0.0,-0.0,12.31,0.0,LOW,no material weather signal,63.9,4.6,8.1,62.0,Open-Meteo game-time forecast,12.31,0.18,Opponent CB1 QUESTIONABLE/DNP: secondary WR matchup improves,MEDIUM,12.49,0.0,0.0,,,,
1366076769534251008,10-Team Dynasty — Dynasty V2,10,False,8183,Brock Purdy,QB,SF,DEN,home,2026-10-04,16:25,47.5,outdoors,,,23.67,Sleeper raw-stat projection × league scoring + current usage + OL health,3.21,25.8,A,,,,1,,22.5,22.0,23.02,0.5,0.0,10,,,,,23.52,0.41,2026,STABLE,3,3,3,100.0,95.0,95.0,0.0,3.33,0.0,2.0,23.93,-0.26,90.0,HEALTHY,LT Trent Williams (AT RISK),-0.35,-0.11,-0.0,23.67,0.0,LOW,no material weather signal,,,,,schedule fallback,23.67,0.0,,,23.67,0.0,0.0,,,,
1366076769534251008,10-Team Dynasty — Dynasty V2,10,False,8228,Jaylen Warren,RB,PIT,CLE,away,2026-10-01,20:15,38.5,outdoors,,,20.11,Sleeper raw-stat projection × league scoring + current usage + OL health,14.9,120.6,B,,,,1,,14.7,14.7,18.99,0.0,0.0,10,,,,,18.99,1.22,2026,STABLE,3,3,3,90.0,66.0,66.0,4.67,12.67,17.33,3.0,20.21,-0.1,90.0,HEALTHY,LT Troy Fautanu (AT RISK),-0.35,-0.11,-0.0,20.11,0.0,LOW,no material weather signal,76.9,8.9,18.8,4.0,Open-Meteo game-time forecast,20.11,0.0,,,20.11,0.0,0.0,,,,
1366076769534251008,10-Team Dynasty — Dynasty V2,10,False,9480,Brenton Strange,TE,JAX,CIN,away,2026-10-04,13:00,51.5,outdoors,,,13.44,Sleeper raw-stat projection × league scoring + current usage + OL health + injury ripple,22.63,130.4,F,,,,1,,9.4,8.3,11.82,1.1,0.0,7,,,,,12.92,0.41,2026,STABLE,3,3,3,77.0,76.0,76.0,3.33,0.0,3.33,1.0,13.33,-0.12,90.0,HEALTHY,LT Anton Harrison (AT RISK),-0.35,-0.11,-0.0,13.21,0.0,LOW,no material weather signal,71.3,4.7,6.0,21.0,Open-Meteo game-time forecast,13.21,0.23,Starting safety QUESTIONABLE/DNP: TE middle/deep matchup improves,MEDIUM,13.44,0.0,0.0,,,,
1366076769534251008,10-Team Dynasty — Dynasty V2,10,False,9488,Jaxon Smith-Njigba,WR,SEA,LAC,home,2026-10-04,16:25,42.5,outdoors,,,25.36,Sleeper raw-stat projection × league scoring + current usage + injury ripple,1.59,5.4,A+,,,,1,,22.6,22.1,22.84,0.5,0.0,10,,,,,23.34,1.62,2026,STABLE,3,3,3,87.0,81.3,81.3,12.0,0.0,12.0,4.0,24.96,-0.0,100.0,HEALTHY,none,-0.0,-0.0,-0.0,24.96,0.0,LOW,no material weather signal,69.8,6.8,6.3,0.0,Open-Meteo game-time forecast,24.96,0.4,Starting safety OUT/IR: downfield coverage improves,MEDIUM,25.36,0.0,0.0,,,,
1366076769534251008,10-Team Dynasty — Dynasty V2,10,False,9508,Tyjae Spears,RB,TEN,BAL,away,2026-10-04,13:00,43.5,outdoors,,,7.44,Sleeper raw-stat projection × league scoring + OL health,40.24,194.8,D+,Questionable,,QUESTIONABLE,2,,4.5,7.7,8.44,-0.7,2.5,10,,,,,7.74,0.0,2026,STABLE,3,3,3,47.0,44.3,44.3,2.0,4.33,6.33,0.0,7.74,-0.3,81.5,MINOR CONCERN,RG Fernando Carmona (UNAVAILABLE),-0.25,-0.45,-0.0,7.44,0.0,LOW,no material weather signal,66.5,3.4,3.1,44.0,Open-Meteo game-time forecast,7.44,0.0,,,7.44,0.0,0.0,,,,
1366076769534251008,10-Team Dynasty — Dynasty V2,10,False,9756,Jordan Addison,WR,MIN,MIA,home,2026-10-04,16:05,38.5,dome,,,12.13,Sleeper raw-stat projection × league scoring + current usage + OL health + injury ripple,41.56,96.0,C,,,,2,,9.3,10.5,11.15,-1.2,0.0,10,,,,,9.95,1.22,2026,STABLE,3,3,3,98.0,89.7,89.7,5.33,0.0,5.33,3.0,11.17,-0.14,90.0,HEALTHY,LT Christian Darrisaw (AT RISK),-0.35,-0.11,-0.0,11.03,0.0,INDOOR,indoor,,,,,indoor/no weather adjustment,11.03,1.1,WR1 OUT/IR: target concentration rises for next WR,HIGH,12.13,0.0,0.0,,,,
1359546418284494848,12-Team 2-Keeper — League Is Rigged V2,1,True,10880,Jack Campbell,LB,DET,CAR,away,2026-10-04,20:20,50.5,outdoors,,,12.0,league-specific IDP scoring proxy,3.96,2.5,NA,,,,1,,,,,,,,20.4,-8.4,2026,True,12.0,0.0,,,,,,,,,,,,,12.0,0.0,100.0,HEALTHY,none,-0.0,-0.0,-0.0,12.0,0.0,LOW,no material weather signal,63.9,4.6,8.1,62.0,Open-Meteo game-time forecast,12.0,0.0,,,12.0,0.0,0.0,,,,
1359546418284494848,12-Team 2-Keeper — League Is Rigged V2,1,True,11564,Drake Maye,QB,NE,BUF,away,2026-10-04,13:00,48.5,outdoors,,,27.37,Sleeper raw-stat projection × league scoring + current usage + OL health + injury ripple,11.9,51.17,B-,,,,1,,17.8,17.3,26.35,0.5,0.0,12,,,,,26.85,0.41,2026,STABLE,3,3,3,81.0,93.7,93.7,0.0,5.0,0.0,2.0,27.26,-0.34,75.9,MINOR CONCERN,RG Greg Van Roten (UNAVAILABLE) | RT Morgan Moses (LIMITED),-0.45,-0.51,-0.0,26.92,0.0,LOW,no material weather signal,65.5,10.0,12.3,7.0,Open-Meteo game-time forecast,26.92,0.45,Top edge rusher OUT/IR: QB pressure environment improves,MEDIUM,27.37,0.0,0.0,,,,
1359546418284494848,12-Team 2-Keeper — League Is Rigged V2,1,True,11834,Devaughn Vele,WR,NO,ATL,home,2026-10-05,20:15,48.5,dome,,,11.49,Sleeper raw-stat projection × league scoring + current usage,29.66,147.5,C+,,,,2,,10.6,11.3,10.57,-0.7,0.0,11,,,,,9.87,1.62,2026,STABLE,3,3,3,88.0,91.7,91.7,7.33,0.0,7.33,4.0,11.49,-0.0,100.0,HEALTHY,none,-0.0,-0.0,-0.0,11.49,0.0,INDOOR,indoor,,,,,indoor/no weather adjustment,11.49,0.0,,,11.49,0.0,0.0,,,,
1359546418284494848,12-Team 2-Keeper — League Is Rigged V2,1,True,12512,Quinshon Judkins,RB,CLE,PIT,home,2026-10-01,20:15,38.5,outdoors,,,11.75,Sleeper raw-stat projection × league scoring + current usage + OL health,22.88,81.5,B-,,,,1,,12.5,12.5,11.07,0.0,0.0,11,,,,,11.07,1.22,2026,STABLE,3,3,3,51.0,61.0,61.0,3.0,14.0,17.0,3.0,12.29,-0.54,63.1,DEGRADED,C Elgton Jenkins (AT RISK) | RG Teven Jenkins (UNAVAILABLE) | RT Tytus Howard (AT RISK),-0.71,-0.76,-0.0,11.75,0.0,LOW,no material weather signal,76.9,8.9,18.8,4.0,Open-Meteo game-time forecast,11.75,0.0,,,11.75,0.0,0.0,,,,
1359546418284494848,12-Team 2-Keeper — League Is Rigged V2,1,True,13279,Carnell Tate,WR,TEN,BAL,away,2026-10-04,13:00,43.5,outdoors,,,12.16,Sleeper raw-stat projection × league scoring + current usage + OL health,42.22,74.0,C,,,,1,,10.8,10.3,10.54,0.5,0.0,11,,,,,11.04,1.22,2026,STABLE,3,3,3,88.0,83.7,83.7,6.67,0.0,6.67,3.0,12.26,-0.1,81.5,MINOR CONCERN,RG Fernando Carmona (UNAVAILABLE),-0.25,-0.45,-0.0,12.16,0.0,LOW,no material weather signal,66.5,3.4,3.1,44.0,Open-Meteo game-time forecast,12.16,0.0,,,12.16,0.0,0.0,,,,
1359546418284494848,12-Team 2-Keeper — League Is Rigged V2,1,True,13287,Jeremiyah Love,RB,ARI,NYG,away,2026-10-04,13:00,44.5,outdoors,,,20.97,Sleeper raw-stat projection × league scoring + current usage + OL health,24.51,40.83,C+,,,,1,,12.6,12.1,19.8,0.5,0.0,11,,,,,20.3,0.81,2026,STABLE,3,3,3,64.0,49.0,49.0,4.0,13.67,17.67,2.0,21.11,-0.14,91.7,HEALTHY,RG Isaiah Adams (AT RISK),-0.11,-0.2,-0.0,20.97,0.0,LOW,no material weather signal,69.6,4.8,5.6,34.0,Open-Meteo game-time forecast,20.97,0.0,,,20.97,0.0,0.0,,,,
1359546418284494848,12-Team 2-Keeper — League Is Rigged V2,1,True,13345,Jonah Coleman,RB,DEN,SF,away,2026-10-04,16:25,47.5,outdoors,,,0.0,weekly projected points + current usage,103.5,157.67,F,IR,,IR/PUP,6,,,,,,,,,,,,0.0,-0.53,2026,STABLE,2,2,2,40.0,23.0,23.0,1.5,5.0,6.5,-2.0,0.0,-0.0,100.0,HEALTHY,none,-0.0,-0.0,-0.0,0.0,0.0,LOW,no material weather signal,,,,,schedule fallback,0.0,0.0,,,0.0,0.0,0.0,,,,
1359546418284494848,12-Team 2-Keeper — League Is Rigged V2,1,True,13379,Josiah Trotter,LB,TB,GB,home,2026-10-04,13:00,39.5,outdoors,,,0.0,league-specific IDP scoring proxy,,32.5,,Out,,OUT,1,,,,,,,,0.0,0.0,2026,True,0.0,0.0,,,,,,,,,,,,,0.0,0.0,100.0,HEALTHY,none,-0.0,-0.0,-0.0,0.0,0.0,LOW,no material weather signal,90.8,9.6,11.2,2.0,Open-Meteo game-time forecast,0.0,0.0,,,0.0,0.0,0.0,,,,
1359546418284494848,12-Team 2-Keeper — League Is Rigged V2,1,True,5864,Byron Murphy,CB,MIN,MIA,home,2026-10-04,16:05,38.5,dome,,,14.0,league-specific IDP scoring proxy,45.29,,NA,,,,1,,,,,,,,15.1,-1.1,2026,True,14.0,0.0,,,,,,,,,,,,,14.0,0.0,90.0,HEALTHY,LT Christian Darrisaw (AT RISK),-0.35,-0.11,-0.0,14.0,0.0,INDOOR,indoor,,,,,indoor/no weather adjustment,14.0,0.0,,,14.0,0.0,0.0,,,,
1359546418284494848,12-Team 2-Keeper — League Is Rigged V2,1,True,6650,Chase McLaughlin,K,TB,GB,home,2026-10-04,13:00,39.5,outdoors,,,6.38,Sleeper raw-stat projection × league scoring,16.14,220.5,C,,,,1,,7.7,7.2,5.88,0.5,0.0,7,,,,,6.38,0.0,,,,,,,,,,,,,6.38,0.0,100.0,HEALTHY,none,-0.0,-0.0,-0.0,6.38,0.0,LOW,no material weather signal,90.8,9.6,11.2,2.0,Open-Meteo game-time forecast,6.38,0.0,,,6.38,0.0,0.0,,,,
1359546418284494848,12-Team 2-Keeper — League Is Rigged V2,1,True,7564,Ja'Marr Chase,WR,CIN,JAX,home,2026-10-04,13:00,51.5,outdoors,,,21.52,Sleeper raw-stat projection × league scoring + current usage,3.2,3.5,A+,,,,1,,20.5,19.4,18.8,1.1,0.0,11,,,,,19.9,1.62,2026,STABLE,3,3,3,100.0,94.0,94.0,8.33,0.0,8.33,4.0,21.52,-0.0,100.0,HEALTHY,none,-0.0,-0.0,-0.0,21.52,0.0,LOW,no material weather signal,71.3,4.7,6.0,21.0,Open-Meteo game-time forecast,21.52,0.0,,,21.52,0.0,0.0,,,,
1359546418284494848,12-Team 2-Keeper — League Is Rigged V2,1,True,7726,Derrick Barnes,LB,DET,CAR,away,2026-10-04,20:20,50.5,outdoors,,,19.33,league-specific IDP scoring proxy,46.64,94.0,NA,,,,1,,,,,,,,16.0,3.33,2026,True,19.33,0.0,,,,,,,,,,,,,19.33,0.0,100.0,HEALTHY,none,-0.0,-0.0,-0.0,19.33,0.0,LOW,no material weather signal,63.9,4.6,8.1,62.0,Open-Meteo game-time forecast,19.33,0.0,,,19.33,0.0,0.0,,,,
1359546418284494848,12-Team 2-Keeper — League Is Rigged V2,1,True,8112,Drake London,WR,ATL,NO,away,2026-10-05,20:15,48.5,dome,,,18.25,Sleeper raw-stat projection × league scoring + current usage + OL health,11.24,26.67,A,,,,1,,15.6,15.1,16.76,0.5,0.0,11,,,,,17.26,1.22,2026,STABLE,3,3,3,93.0,84.3,84.3,6.33,0.67,6.33,3.0,18.48,-0.23,73.3,DEGRADED,LT Jake Matthews (AT RISK) | C Ryan Neuzil (AT RISK) | RG Chris Lindstrom (AT RISK),-0.58,-0.51,-0.0,18.25,0.0,INDOOR,indoor,,,,,indoor/no weather adjustment,18.25,0.0,,,18.25,0.0,0.0,,,,
1359546418284494848,12-Team 2-Keeper — League Is Rigged V2,1,True,8228,Jaylen Warren,RB,PIT,CLE,away,2026-10-01,20:15,38.5,outdoors,,,24.83,Sleeper raw-stat projection × league scoring + current usage + OL health,14.9,84.67,B,,,,1,,14.7,14.7,23.71,0.0,0.0,11,,,,,23.71,1.22,2026,STABLE,3,3,3,90.0,66.0,66.0,4.67,12.67,17.33,3.0,24.93,-0.1,90.0,HEALTHY,LT Troy Fautanu (AT RISK),-0.35,-0.11,-0.0,24.83,0.0,LOW,no material weather signal,76.9,8.9,18.8,4.0,Open-Meteo game-time forecast,24.83,0.0,,,24.83,0.0,0.0,,,,
1359546418284494848,12-Team 2-Keeper — League Is Rigged V2,1,True,9484,Tucker Kraft,TE,GB,TB,away,2026-10-04,13:00,39.5,outdoors,,,12.08,Sleeper raw-stat projection × league scoring + current usage + OL health,8.05,96.83,B,,,,1,,12.6,12.1,10.94,0.5,0.0,6,,,,,11.44,0.81,2026,STABLE,3,3,3,76.0,80.0,80.0,5.67,0.0,5.67,2.0,12.25,-0.17,73.1,DEGRADED,LG Aaron Banks (UNAVAILABLE) | RG Jacob Monk (AT RISK),-0.36,-0.65,-0.0,12.08,0.0,LOW,no material weather signal,90.8,9.6,11.2,2.0,Open-Meteo game-time forecast,12.08,0.0,,,12.08,0.0,0.0,,,,
1359546418284494848,12-Team 2-Keeper — League Is Rigged V2,1,True,9486,Dontayvion Wicks,WR,PHI,LAR,home,2026-10-04,13:00,43.5,outdoors,,,9.94,Sleeper raw-stat projection × league scoring + current usage + injury ripple,34.56,109.17,C+,,,,2,,10.5,11.2,9.02,-0.7,0.0,11,,,,,8.32,1.22,2026,STABLE,3,3,3,88.0,80.3,80.3,5.0,0.0,5.0,3.0,9.54,-0.0,100.0,HEALTHY,none,-0.0,-0.0,-0.0,9.54,0.0,LOW,no material weather signal,69.2,4.1,3.6,38.0,Open-Meteo game-time forecast,9.54,0.4,Opponent CB1 OUT/IR: secondary WR matchup improves,MEDIUM,9.94,0.0,0.0,,,,
1359546418284494848,12-Team 2-Keeper — League Is Rigged V2,1,True,9500,Josh Downs,WR,IND,WAS,away,2026-10-04,09:30,47.5,outdoors,,,14.71,Sleeper raw-stat projection × league scoring + current usage,23.24,64.33,B+,,,,1,,12.7,12.2,12.99,0.5,0.0,11,,,,,13.49,1.22,2026,STABLE,3,3,3,68.0,80.0,80.0,8.0,0.0,8.0,3.0,14.71,-0.0,100.0,HEALTHY,none,-0.0,-0.0,-0.0,14.71,0.0,LOW,no material weather signal,62.9,3.4,5.8,44.0,Open-Meteo game-time forecast,14.71,0.0,,,14.71,0.0,0.0,,,,
1359546418284494848,12-Team 2-Keeper — League Is Rigged V2,1,True,9754,Quentin Johnston,WR,LAC,SEA,away,2026-10-04,16:25,42.5,outdoors,,,9.37,Sleeper raw-stat projection × league scoring + current usage,46.22,88.5,C,,,,2,,9.2,9.9,8.85,-0.7,0.0,11,,,,,8.15,1.22,2026,STABLE,3,3,3,87.0,82.0,82.0,5.67,0.33,5.67,3.0,9.37,-0.0,100.0,HEALTHY,none,-0.0,-0.0,-0.0,9.37,0.0,LOW,no material weather signal,69.8,6.8,6.3,0.0,Open-Meteo game-time forecast,9.37,0.0,,,9.37,0.0,0.0,,,,
1359546418284494848,12-Team 2-Keeper — League Is Rigged V2,2,False,11435,Emanuel Wilson,RB,SEA,LAC,home,2026-10-04,16:25,42.5,outdoors,,,7.53,Sleeper raw-stat projection × league scoring + current usage,45.37,253.67,D-,,,,2,,5.9,6.6,7.82,-0.7,0.0,11,,,,,7.12,0.41,2026,STABLE,3,3,3,36.0,27.7,27.7,0.33,10.67,11.0,1.0,7.53,-0.0,100.0,HEALTHY,none,-0.0,-0.0,-0.0,7.53,0.0,LOW,no material weather signal,69.8,6.8,6.3,0.0,Open-Meteo game-time forecast,7.53,0.0,,,7.53,0.0,0.0,,,,
1359546418284494848,12-Team 2-Keeper — League Is Rigged V2,2,False,11533,Brandon Aubrey,K,DAL,HOU,away,2026-10-04,13:00,48.5,,,,7.16,Sleeper raw-stat projection × league scoring,2.14,187.0,A,,,,1,,9.6,9.1,6.66,0.5,0.0,7,,,,,7.16,0.0,,,,,,,,,,,,,7.16,0.0,100.0,HEALTHY,none,-0.0,-0.0,-0.0,7.16,0.0,LOW,no material weather signal,82.6,12.5,17.4,45.0,Open-Meteo game-time forecast,7.16,0.0,,,7.16,0.0,0.0,,,,
1359546418284494848,12-Team 2-Keeper — League Is Rigged V2,2,False,11566,Jayden Daniels,QB,WAS,IND,home,2026-10-04,09:30,47.5,outdoors,,,0.13,season-long ECR proxy + current usage,,149.83,,Out,,OUT,2,,,,,,,,,,,,0.0,0.13,2026,STABLE,2,2,2,55.0,77.5,77.5,0.0,6.0,0.0,1.0,0.13,-0.0,100.0,HEALTHY,none,-0.0,-0.0,-0.0,0.13,0.0,LOW,no material weather signal,62.9,3.4,5.8,44.0,Open-Meteo game-time forecast,0.13,0.0,,,0.13,0.0,0.0,,,,
1359546418284494848,12-Team 2-Keeper — League Is Rigged V2,2,False,11584,Bucky Irving,RB,TB,GB,home,2026-10-04,13:00,39.5,outdoors,,,19.9,Sleeper raw-stat projection × league scoring + current usage,18.66,48.0,B,,,,1,,14.5,14.0,18.18,0.5,0.0,11,,,,,18.68,1.22,2026,STABLE,3,3,3,52.0,63.7,63.7,5.0,13.33,18.33,3.0,19.9,-0.0,100.0,HEALTHY,none,-0.0,-0.0,-0.0,19.9,0.0,LOW,no material weather signal,90.8,9.6,11.2,2.0,Open-Meteo game-time forecast,19.9,0.0,,,19.9,0.0,0.0,,,,
1359546418284494848,12-Team 2-Keeper — League Is Rigged V2,2,False,11631,Brian Thomas,WR,JAX,CIN,away,2026-10-04,13:00,51.5,outdoors,,,7.19,Sleeper raw-stat projection × league scoring + current usage + OL health,49.07,86.0,C-,,,,3,,8.6,9.5,7.82,-0.9,0.0,11,,,,,6.92,0.41,2026,STABLE,3,3,3,37.0,42.0,42.0,4.0,0.0,4.0,1.0,7.33,-0.14,90.0,HEALTHY,LT Anton Harrison (AT RISK),-0.35,-0.11,-0.0,7.19,0.0,LOW,no material weather signal,71.3,4.7,6.0,21.0,Open-Meteo game-time forecast,7.19,0.0,,,7.19,0.0,0.0,,,,
1359546418284494848,12-Team 2-Keeper — League Is Rigged V2,2,False,11632,Malik Nabers,WR,NYG,ARI,home,2026-10-04,13:00,44.5,outdoors,,,15.73,Sleeper raw-stat projection × league scoring + current usage + OL health,19.98,30.0,A-,,,,1,,13.5,13.0,14.5,0.5,0.0,11,,,,,15.0,0.81,2026,STABLE,3,3,3,78.0,68.0,68.0,6.33,0.0,6.33,2.0,15.81,-0.08,94.4,HEALTHY,LT Andrew Thomas (LIMITED),-0.2,-0.06,-0.0,15.73,0.0,LOW,no material weather signal,69.6,4.8,5.6,34.0,Open-Meteo game-time forecast,15.73,0.0,,,15.73,0.0,0.0,,,,
1359546418284494848,12-Team 2-Keeper — League Is Rigged V2,2,False,12493,Oronde Gadsden,TE,LAC,SEA,away,2026-10-04,16:25,42.5,outdoors,,,8.25,Sleeper raw-stat projection × league scoring + injury ripple,16.88,154.67,D+,,,,1,,9.8,9.3,6.9,0.5,0.0,6,,,,,7.4,0.0,2026,STABLE,3,3,3,57.0,39.7,39.7,2.33,0.0,2.33,0.0,7.4,-0.0,100.0,HEALTHY,none,-0.0,-0.0,-0.0,7.4,0.0,LOW,no material weather signal,69.8,6.8,6.3,0.0,Open-Meteo game-time forecast,7.4,0.85,TE1 OUT/IR: TE2 route/target opportunity rises,HIGH,8.25,0.0,0.0,,,,
1359546418284494848,12-Team 2-Keeper — League Is Rigged V2,2,False,12506,Harold Fannin,TE,CLE,PIT,home,2026-10-01,20:15,38.5,outdoors,,,13.64,Sleeper raw-stat projection × league scoring + current usage + OL health,14.5,101.67,C-,,,,1,,10.2,10.2,12.71,0.0,0.0,11,,,,,12.71,1.22,2026,STABLE,3,3,3,86.0,84.7,84.7,6.0,0.0,6.0,3.0,13.93,-0.29,63.1,DEGRADED,C Elgton Jenkins (AT RISK) | RG Teven Jenkins (UNAVAILABLE) | RT Tytus Howard (AT RISK),-0.71,-0.76,-0.0,13.64,0.0,LOW,no material weather signal,76.9,8.9,18.8,4.0,Open-Meteo game-time forecast,13.64,0.0,,,13.64,0.0,0.0,,,,
1359546418284494848,12-Team 2-Keeper — League Is Rigged V2,2,False,13296,Caleb Douglas,WR,MIA,MIN,away,2026-10-04,16:05,38.5,dome,,,7.21,Sleeper raw-stat projection × league scoring + current usage,,133.17,,Out,,OUT,2,,0.0,,6.42,0.0,0.0,9,,,,,6.42,0.79,2026,STABLE,2,2,2,86.0,88.5,88.5,5.0,0.0,5.0,3.0,7.21,-0.0,100.0,HEALTHY,none,-0.0,-0.0,-0.0,7.21,0.0,INDOOR,indoor,,,,,indoor/no weather adjustment,7.21,0.0,,,7.21,0.0,0.0,,,,
1359546418284494848,12-Team 2-Keeper — League Is Rigged V2,2,False,13371,Dillon Thieneman,DB,CHI,NYJ,home,2026-10-04,13:00,43.5,outdoors,,,5.5,season-long ECR proxy,,,,,,,1,,,,,,,,,,,,5.5,0.0,,,,,,,,,,,,,5.5,0.0,90.0,HEALTHY,LT Braxton Jones (AT RISK),-0.35,-0.11,-0.0,5.5,0.0,LOW,no material weather signal,65.3,9.9,13.4,3.0,Open-Meteo game-time forecast,5.5,0.0,,,5.5,0.0,0.0,,,,
1359546418284494848,12-Team 2-Keeper — League Is Rigged V2,2,False,13417,De'Zhaun Stribling,WR,SF,DEN,home,2026-10-04,16:25,47.5,outdoors,,,0.0,season-long ECR proxy + current usage + OL health,,169.0,,IR,,IR/PUP,11,,,,,,,,,,,,0.0,-0.16,2026,STABLE,1,0,1,32.0,32.0,32.0,0.0,0.0,0.0,-1.0,0.0,-0.14,90.0,HEALTHY,LT Trent Williams (AT RISK),-0.35,-0.11,-0.0,0.0,0.0,LOW,no material weather signal,,,,,schedule fallback,0.0,0.0,,,0.0,0.0,0.0,,,,
1359546418284494848,12-Team 2-Keeper — League Is Rigged V2,2,False,4866,Saquon Barkley,RB,PHI,LAR,home,2026-10-04,13:00,43.5,outdoors,,,20.11,Sleeper raw-stat projection × league scoring + current usage,10.73,19.83,A-,,,,1,,16.6,16.1,19.2,0.5,0.0,11,,,,,19.7,0.41,2026,STABLE,3,3,3,72.0,53.0,53.0,2.0,11.33,13.33,1.0,20.11,-0.0,100.0,HEALTHY,none,-0.0,-0.0,-0.0,20.11,0.0,LOW,no material weather signal,69.2,4.1,3.6,38.0,Open-Meteo game-time forecast,20.11,0.0,,,20.11,0.0,0.0,,,,
1359546418284494848,12-Team 2-Keeper — League Is Rigged V2,2,False,5041,Fred Warner,LB,SF,DEN,home,2026-10-04,16:25,47.5,outdoors,,,20.33,league-specific IDP scoring proxy,8.87,7.5,NA,,,,1,,,,,,,,19.6,0.73,2026,True,20.33,0.0,,,,,,,,,,,,,20.33,0.0,90.0,HEALTHY,LT Trent Williams (AT RISK),-0.35,-0.11,-0.0,20.33,0.0,LOW,no material weather signal,,,,,schedule fallback,20.33,0.0,,,20.33,0.0,0.0,,,,
1359546418284494848,12-Team 2-Keeper — League Is Rigged V2,2,False,5840,Josh Hines-Allen,DE,JAX,CIN,away,2026-10-04,13:00,51.5,outdoors,,,9.67,league-specific IDP scoring proxy,8.87,87.0,NA,,,,1,,,,,,,,20.2,-10.53,2026,True,9.67,0.0,,,,,,,,,,,,,9.67,0.0,90.0,HEALTHY,LT Anton Harrison (AT RISK),-0.35,-0.11,-0.0,9.67,0.0,LOW,no material weather signal,71.3,4.7,6.0,21.0,Open-Meteo game-time forecast,9.67,0.0,,,9.67,0.0,0.0,,,,
1359546418284494848,12-Team 2-Keeper — League Is Rigged V2,2,False,5872,Deebo Samuel,WR,SF,DEN,home,2026-10-04,16:25,47.5,outdoors,,,9.87,Sleeper raw-stat projection × league scoring + OL health + injury ripple,26.2,77.83,B,,,,2,,11.1,11.8,9.61,-0.7,0.0,11,,,,,8.91,0.0,2026,STABLE,3,3,3,76.0,59.3,59.3,3.67,1.33,3.67,0.0,8.91,-0.14,90.0,HEALTHY,LT Trent Williams (AT RISK),-0.35,-0.11,-0.0,8.77,0.0,LOW,no material weather signal,,,,,schedule fallback,8.77,1.1,WR1 OUT/IR: target concentration rises for next WR,HIGH,9.87,0.0,0.0,,,,
1359546418284494848,12-Team 2-Keeper — League Is Rigged V2,2,False,8137,George Pickens,WR,DAL,HOU,away,2026-10-04,13:00,48.5,,,,16.1,Sleeper raw-stat projection × league scoring + current usage,12.46,19.83,A,,,,2,,14.1,14.8,15.18,-0.7,0.0,11,,,,,14.48,1.62,2026,STABLE,3,3,3,85.0,81.7,81.7,8.33,0.0,8.33,4.0,16.1,-0.0,100.0,HEALTHY,none,-0.0,-0.0,-0.0,16.1,0.0,LOW,no material weather signal,82.6,12.5,17.4,45.0,Open-Meteo game-time forecast,16.1,0.0,,,16.1,0.0,0.0,,,,
1359546418284494848,12-Team 2-Keeper — League Is Rigged V2,2,False,9225,Tank Bigsby,RB,PHI,LAR,home,2026-10-04,13:00,43.5,outdoors,,,2.75,Sleeper raw-stat projection × league scoring + current usage,55.35,200.0,F,,,,2,,4.3,5.0,4.26,-0.7,0.0,11,,,,,3.56,-0.81,2026,STABLE,3,3,3,4.0,16.3,16.3,1.0,4.67,5.67,-2.0,2.75,-0.0,100.0,HEALTHY,none,-0.0,-0.0,-0.0,2.75,0.0,LOW,no material weather signal,69.2,4.1,3.6,38.0,Open-Meteo game-time forecast,2.75,0.0,,,2.75,0.0,0.0,,,,
1359546418284494848,12-Team 2-Keeper — League Is Rigged V2,2,False,9228,Bryce Young,QB,CAR,DET,home,2026-10-04,20:20,50.5,outdoors,,,28.31,Sleeper raw-stat projection × league scoring + current usage + OL health,14.62,115.0,C,,,,1,,17.9,16.8,26.88,1.1,0.0,12,,,,,27.98,0.41,2026,STABLE,3,3,3,100.0,94.7,94.7,0.0,1.0,0.0,2.0,28.39,-0.08,91.7,HEALTHY,LG Damien Lewis (AT RISK),-0.11,-0.2,-0.0,28.31,0.0,LOW,no material weather signal,63.9,4.6,8.1,62.0,Open-Meteo game-time forecast,28.31,0.0,,,28.31,0.0,0.0,,,,
1359546418284494848,12-Team 2-Keeper — League Is Rigged V2,3,False,10213,Tre Tucker,WR,LV,KC,home,2026-10-04,16:25,47.5,dome,,,10.24,Sleeper raw-stat projection × league scoring + current usage + OL health,43.76,135.33,C,,,,1,,10.4,9.9,8.97,0.5,0.0,11,,,,,9.47,0.81,2026,STABLE,3,3,3,57.0,62.3,62.3,5.0,0.0,5.0,2.0,10.28,-0.04,91.7,HEALTHY,RG Jackson Powers-Johnson (AT RISK),-0.11,-0.2,-0.0,10.24,0.0,INDOOR,indoor,,,,,indoor/no weather adjustment,10.24,0.0,,,10.24,0.0,0.0,,,,
1359546418284494848,12-Team 2-Keeper — League Is Rigged V2,3,False,10232,Michael Wilson,WR,ARI,NYG,away,2026-10-04,13:00,44.5,outdoors,,,17.97,Sleeper raw-stat projection × league scoring + current usage + OL health + injury ripple,29.12,89.83,B-,,,,1,,11.9,11.4,14.89,0.5,0.0,11,,,,,15.39,1.62,2026,STABLE,3,3,3,93.0,90.7,90.7,10.33,0.0,10.33,4.0,17.01,-0.04,91.7,HEALTHY,RG Isaiah Adams (AT RISK),-0.11,-0.2,-0.0,16.97,0.0,LOW,no material weather signal,69.6,4.8,5.6,34.0,Open-Meteo game-time forecast,16.97,1.0,Opponent CB1 OUT/IR: projected WR1 coverage matchup improves (not confirmed shadow),MEDIUM,17.97,0.0,0.0,,,,
1359546418284494848,12-Team 2-Keeper — League Is Rigged V2,3,False,11624,Xavier Worthy,WR,KC,LV,away,2026-10-04,16:25,47.5,dome,,,10.52,Sleeper raw-stat projection × league scoring + current usage + OL health,36.66,106.33,C,,,,2,,10.3,11.0,10.31,-0.7,0.0,11,,,,,9.61,1.22,2026,STABLE,3,3,3,83.0,82.0,82.0,5.0,0.0,5.0,3.0,10.83,-0.31,77.8,MINOR CONCERN,LT Josh Simmons (UNAVAILABLE),-0.78,-0.24,-0.0,10.52,0.0,INDOOR,indoor,,,,,indoor/no weather adjustment,10.52,0.0,,,10.52,0.0,0.0,,,,
1359546418284494848,12-Team 2-Keeper — League Is Rigged V2,3,False,11667,Dallas Turner,LB,MIN,MIA,home,2026-10-04,16:05,38.5,dome,,,14.33,league-specific IDP scoring proxy,9.57,100.0,NA,,,,1,,,,,,,,18.5,-4.17,2026,True,14.33,0.0,,,,,,,,,,,,,14.33,0.0,90.0,HEALTHY,LT Christian Darrisaw (AT RISK),-0.35,-0.11,-0.0,14.33,0.0,INDOOR,indoor,,,,,indoor/no weather adjustment,14.33,0.0,,,14.33,0.0,0.0,,,,
1359546418284494848,12-Team 2-Keeper — League Is Rigged V2,3,False,12481,Cam Skattebo,RB,NYG,ARI,home,2026-10-04,13:00,44.5,outdoors,,,21.64,Sleeper raw-stat projection × league scoring + current usage + OL health,19.63,55.0,B,,,,1,,13.3,12.8,19.98,0.5,0.0,11,,,,,20.48,1.22,2026,STABLE,3,3,3,77.0,65.7,65.7,2.67,16.67,19.33,3.0,21.7,-0.06,94.4,HEALTHY,LT Andrew Thomas (LIMITED),-0.2,-0.06,-0.0,21.64,0.0,LOW,no material weather signal,69.6,4.8,5.6,34.0,Open-Meteo game-time forecast,21.64,0.0,,,21.64,0.0,0.0,,,,
1359546418284494848,12-Team 2-Keeper — League Is Rigged V2,3,False,13286,Jadarian Price,RB,SEA,LAC,home,2026-10-04,16:25,42.5,outdoors,,,11.17,Sleeper raw-stat projection × league scoring + current usage,27.0,79.33,C+,,,,1,,12.0,11.5,10.26,0.5,0.0,11,,,,,10.76,0.41,2026,STABLE,3,3,3,28.0,36.7,36.7,2.33,9.33,11.67,1.0,11.17,-0.0,100.0,HEALTHY,none,-0.0,-0.0,-0.0,11.17,0.0,LOW,no material weather signal,69.8,6.8,6.3,0.0,Open-Meteo game-time forecast,11.17,0.0,,,11.17,0.0,0.0,,,,
1359546418284494848,12-Team 2-Keeper — League Is Rigged V2,3,False,13414,Kaelon Black,RB,SF,DEN,home,2026-10-04,16:25,47.5,outdoors,,,6.58,Sleeper raw-stat projection × league scoring + current usage + OL health,42.83,173.33,D,,,,2,,6.0,6.7,6.97,-0.7,0.0,11,,,,,6.27,0.41,2026,STABLE,3,3,3,15.0,30.3,30.3,0.67,8.33,9.0,1.0,6.68,-0.1,90.0,HEALTHY,LT Trent Williams (AT RISK),-0.35,-0.11,-0.0,6.58,0.0,LOW,no material weather signal,,,,,schedule fallback,6.58,0.0,,,6.58,0.0,0.0,,,,
1359546418284494848,12-Team 2-Keeper — League Is Rigged V2,3,False,4081,Budda Baker,DB,ARI,NYG,away,2026-10-04,13:00,44.5,outdoors,,,14.0,league-specific IDP scoring proxy,3.26,55.0,NA,,,,1,,,,,,,,20.1,-6.1,2026,True,14.0,0.0,,,,,,,,,,,,,14.0,0.0,91.7,HEALTHY,RG Isaiah Adams (AT RISK),-0.11,-0.2,-0.0,14.0,0.0,LOW,no material weather signal,69.6,4.8,5.6,34.0,Open-Meteo game-time forecast,14.0,0.0,,,14.0,0.0,0.0,,,,
1359546418284494848,12-Team 2-Keeper — League Is Rigged V2,3,False,421,Matthew Stafford,QB,LAR,PHI,away,2026-10-04,13:00,43.5,outdoors,,,24.8,Sleeper raw-stat projection × league scoring + current usage,17.26,105.33,C-,,,,1,,16.8,16.3,23.89,0.5,0.0,12,,,,,24.39,0.41,2026,STABLE,3,3,3,100.0,94.7,94.7,0.0,2.67,0.0,2.0,24.8,-0.0,100.0,HEALTHY,none,-0.0,-0.0,-0.0,24.8,0.0,LOW,no material weather signal,69.2,4.1,3.6,38.0,Open-Meteo game-time forecast,24.8,0.0,,,24.8,0.0,0.0,,,,
1359546418284494848,12-Team 2-Keeper — League Is Rigged V2,3,False,5012,Mark Andrews,TE,BAL,TEN,home,2026-10-04,13:00,43.5,outdoors,,,10.0,Sleeper raw-stat projection × league scoring + current usage + OL health,10.5,131.0,C+,Questionable,,QUESTIONABLE,1,,9.0,11.0,8.96,0.5,2.5,11,,,,,9.46,0.81,2026,STABLE,3,3,3,52.0,65.0,65.0,6.0,0.0,6.0,2.0,10.27,-0.27,77.8,MINOR CONCERN,LT Ronnie Stanley (UNAVAILABLE),-0.78,-0.24,-0.0,10.0,0.0,LOW,no material weather signal,66.5,3.4,3.1,44.0,Open-Meteo game-time forecast,10.0,0.0,,,10.0,0.0,0.0,,,,
1359546418284494848,12-Team 2-Keeper — League Is Rigged V2,3,False,6949,Jordyn Brooks,LB,MIA,MIN,away,2026-10-04,16:05,38.5,dome,,,11.33,league-specific IDP scoring proxy,3.65,2.0,NA,,,,1,,,,,,,,19.9,-8.57,2026,True,11.33,0.0,,,,,,,,,,,,,11.33,0.0,100.0,HEALTHY,none,-0.0,-0.0,-0.0,11.33,0.0,INDOOR,indoor,,,,,indoor/no weather adjustment,11.33,0.0,,,11.33,0.0,0.0,,,,
1359546418284494848,12-Team 2-Keeper — League Is Rigged V2,3,False,7571,Rashod Bateman,WR,BAL,TEN,home,2026-10-04,13:00,43.5,outdoors,,,8.28,Sleeper raw-stat projection × league scoring + current usage + OL health,33.22,152.67,C+,,,,2,,10.5,11.2,8.07,-0.7,0.0,11,,,,,7.37,1.22,2026,STABLE,3,3,3,88.0,86.3,86.3,4.33,0.0,4.33,3.0,8.59,-0.31,77.8,MINOR CONCERN,LT Ronnie Stanley (UNAVAILABLE),-0.78,-0.24,-0.0,8.28,0.0,LOW,no material weather signal,66.5,3.4,3.1,44.0,Open-Meteo game-time forecast,8.28,0.0,,,8.28,0.0,0.0,,,,
1359546418284494848,12-Team 2-Keeper — League Is Rigged V2,3,False,7839,Evan McPherson,K,CIN,JAX,home,2026-10-04,13:00,51.5,outdoors,,,7.82,Sleeper raw-stat projection × league scoring,8.22,213.5,C+,,,,1,,9.5,8.4,6.72,1.1,0.0,7,,,,,7.82,0.0,,,,,,,,,,,,,7.82,0.0,100.0,HEALTHY,none,-0.0,-0.0,-0.0,7.82,0.0,LOW,no material weather signal,71.3,4.7,6.0,21.0,Open-Meteo game-time forecast,7.82,0.0,,,7.82,0.0,0.0,,,,
1359546418284494848,12-Team 2-Keeper — League Is Rigged V2,3,False,8136,Rachaad White,RB,WAS,IND,home,2026-10-04,09:30,47.5,outdoors,,,10.2,Sleeper raw-stat projection × league scoring + current usage,36.51,145.83,C-,Questionable,,QUESTIONABLE,2,,5.4,8.6,10.49,-0.7,2.5,11,,,,,9.79,0.41,2026,STABLE,3,3,3,43.0,45.3,45.3,3.0,7.33,10.33,1.0,10.2,-0.0,100.0,HEALTHY,none,-0.0,-0.0,-0.0,10.2,0.0,LOW,no material weather signal,62.9,3.4,5.8,44.0,Open-Meteo game-time forecast,10.2,0.0,,,10.2,0.0,0.0,,,,
1359546418284494848,12-Team 2-Keeper — League Is Rigged V2,3,False,8146,Garrett Wilson,WR,NYJ,CHI,away,2026-10-04,13:00,43.5,outdoors,,,19.47,Sleeper raw-stat projection × league scoring + current usage + OL health,6.61,33.17,A+,,,,1,,16.2,15.7,17.45,0.5,0.0,11,,,,,17.95,1.62,2026,STABLE,3,3,3,94.0,85.7,85.7,9.0,0.0,9.0,4.0,19.57,-0.1,81.5,MINOR CONCERN,LG Dylan Parham (UNAVAILABLE),-0.25,-0.45,-0.0,19.47,0.0,LOW,no material weather signal,65.3,9.9,13.4,3.0,Open-Meteo game-time forecast,19.47,0.0,,,19.47,0.0,0.0,,,,
1359546418284494848,12-Team 2-Keeper — League Is Rigged V2,3,False,9221,Jahmyr Gibbs,RB,DET,CAR,away,2026-10-04,20:20,50.5,outdoors,,,32.78,Sleeper raw-stat projection × league scoring + current usage,1.1,1.0,A+,,,,1,,27.6,26.5,30.46,1.1,0.0,11,,,,,31.56,1.22,2026,STABLE,3,3,3,69.0,75.3,75.3,7.0,21.67,28.67,3.0,32.78,-0.0,100.0,HEALTHY,none,-0.0,-0.0,-0.0,32.78,0.0,LOW,no material weather signal,63.9,4.6,8.1,62.0,Open-Meteo game-time forecast,32.78,0.0,,,32.78,0.0,0.0,,,,
1359546418284494848,12-Team 2-Keeper — League Is Rigged V2,3,False,9488,Jaxon Smith-Njigba,WR,SEA,LAC,home,2026-10-04,16:25,42.5,outdoors,,,25.45,Sleeper raw-stat projection × league scoring + current usage + injury ripple,1.59,5.0,A+,,,,1,,22.6,22.1,22.93,0.5,0.0,11,,,,,23.43,1.62,2026,STABLE,3,3,3,87.0,81.3,81.3,12.0,0.0,12.0,4.0,25.05,-0.0,100.0,HEALTHY,none,-0.0,-0.0,-0.0,25.05,0.0,LOW,no material weather signal,69.8,6.8,6.3,0.0,Open-Meteo game-time forecast,25.05,0.4,Starting safety OUT/IR: downfield coverage improves,MEDIUM,25.45,0.0,0.0,,,,
1359546418284494848,12-Team 2-Keeper — League Is Rigged V2,3,False,9502,Tank Dell,WR,HOU,DAL,home,2026-10-04,13:00,48.5,,,,0.0,season-long ECR proxy + OL health,,261.0,,IR,,IR/PUP,6,,,,,,,,,,,,0.0,0.0,,,,,,,,,,,,,0.0,-0.14,90.0,HEALTHY,RT Trent Brown (AT RISK),-0.35,-0.11,-0.0,0.0,0.0,LOW,no material weather signal,82.6,12.5,17.4,45.0,Open-Meteo game-time forecast,0.0,0.0,,,0.0,0.0,0.0,,,,
1359546418284494848,12-Team 2-Keeper — League Is Rigged V2,4,False,10229,Rashee Rice,WR,KC,LV,away,2026-10-04,16:25,47.5,dome,,,16.01,Sleeper raw-stat projection × league scoring + current usage + OL health + injury ripple,19.24,43.67,A-,,,,1,,13.7,13.2,14.61,0.5,0.0,11,,,,,15.11,0.81,2026,STABLE,3,3,3,77.0,79.7,79.7,5.67,0.0,5.67,2.0,15.92,-0.31,77.8,MINOR CONCERN,LT Josh Simmons (UNAVAILABLE),-0.78,-0.24,-0.0,15.61,0.0,INDOOR,indoor,,,,,indoor/no weather adjustment,15.61,0.4,Starting safety OUT/IR: downfield coverage improves,MEDIUM,16.01,0.0,0.0,,,,
1359546418284494848,12-Team 2-Keeper — League Is Rigged V2,4,False,11563,Bo Nix,QB,DEN,SF,away,2026-10-04,16:25,47.5,outdoors,,,27.8,Sleeper raw-stat projection × league scoring + current usage,16.38,110.67,C-,,,,1,,17.1,16.6,26.89,0.5,0.0,12,,,,,27.39,0.41,2026,STABLE,3,3,3,100.0,100.0,100.0,0.0,4.0,0.0,2.0,27.8,-0.0,100.0,HEALTHY,none,-0.0,-0.0,-0.0,27.8,0.0,LOW,no material weather signal,,,,,schedule fallback,27.8,0.0,,,27.8,0.0,0.0,,,,
1359546418284494848,12-Team 2-Keeper — League Is Rigged V2,4,False,11786,Cam Little,K,JAX,CIN,away,2026-10-04,13:00,51.5,outdoors,,,7.13,Sleeper raw-stat projection × league scoring,8.56,196.5,C+,,,,1,,9.0,7.9,6.03,1.1,0.0,7,,,,,7.13,0.0,,,,,,,,,,,,,7.13,0.0,90.0,HEALTHY,LT Anton Harrison (AT RISK),-0.35,-0.11,-0.0,7.13,0.0,LOW,no material weather signal,71.3,4.7,6.0,21.0,Open-Meteo game-time forecast,7.13,0.0,,,7.13,0.0,0.0,,,,
1359546418284494848,12-Team 2-Keeper — League Is Rigged V2,4,False,12490,Bhayshul Tuten,RB,JAX,CIN,away,2026-10-04,13:00,51.5,outdoors,,,17.81,Sleeper raw-stat projection × league scoring + current usage + OL health,24.07,55.5,B-,,,,1,,13.5,12.4,16.0,1.1,0.0,11,,,,,17.1,0.81,2026,STABLE,3,3,3,48.0,49.3,49.3,1.67,14.33,16.0,2.0,17.91,-0.1,90.0,HEALTHY,LT Anton Harrison (AT RISK),-0.35,-0.11,-0.0,17.81,0.0,LOW,no material weather signal,71.3,4.7,6.0,21.0,Open-Meteo game-time forecast,17.81,0.0,,,17.81,0.0,0.0,,,,
1359546418284494848,12-Team 2-Keeper — League Is Rigged V2,4,False,13376,Caleb Downs,DB,DAL,HOU,away,2026-10-04,13:00,48.5,,,,5.5,season-long ECR proxy,,,,,,,1,,,,,,,,,,,,5.5,0.0,,,,,,,,,,,,,5.5,0.0,100.0,HEALTHY,none,-0.0,-0.0,-0.0,5.5,0.0,LOW,no material weather signal,82.6,12.5,17.4,45.0,Open-Meteo game-time forecast,5.5,0.0,,,5.5,0.0,0.0,,,,
1359546418284494848,12-Team 2-Keeper — League Is Rigged V2,4,False,4035,Alvin Kamara,RB,NO,ATL,home,2026-10-05,20:15,48.5,dome,,,14.34,Sleeper raw-stat projection × league scoring + current usage + injury ripple,39.1,208.17,C-,,,,1,,8.8,8.3,12.03,0.5,0.0,11,,,,,12.53,0.26,2026,STABLE,3,2,2,32.0,30.5,30.5,3.5,9.0,12.5,1.0,12.79,-0.0,100.0,HEALTHY,none,-0.0,-0.0,-0.0,12.79,0.0,INDOOR,indoor,,,,,indoor/no weather adjustment,12.79,1.55,RB1 OUT/IR: backfield opportunity moves to RB2,HIGH,14.34,0.0,0.0,,,,
1359546418284494848,12-Team 2-Keeper — League Is Rigged V2,4,False,4037,Chris Godwin,WR,TB,GB,home,2026-10-04,13:00,39.5,outdoors,,,8.45,Sleeper raw-stat projection × league scoring + current usage + injury ripple,41.63,67.33,C,,,,2,,9.6,10.3,9.19,-0.7,0.0,11,,,,,8.49,0.41,2026,STABLE,3,3,3,62.0,78.0,78.0,3.67,0.67,3.67,1.0,8.9,-0.0,100.0,HEALTHY,none,-0.0,-0.0,-0.0,8.9,0.0,LOW,no material weather signal,90.8,9.6,11.2,2.0,Open-Meteo game-time forecast,8.9,-0.45,QB1 OUT/IR: pass-catcher efficiency risk with backup QB,MEDIUM,8.45,0.0,0.0,,,,
1359546418284494848,12-Team 2-Keeper — League Is Rigged V2,4,False,4217,George Kittle,TE,SF,DEN,home,2026-10-04,16:25,47.5,outdoors,,,13.23,Sleeper raw-stat projection × league scoring + current usage + OL health + injury ripple,7.3,103.0,B,,,,1,,12.6,12.1,11.94,0.5,0.0,6,,,,,12.44,0.41,2026,STABLE,3,3,3,85.0,59.7,59.7,5.33,0.0,5.33,1.0,12.85,-0.12,90.0,HEALTHY,LT Trent Williams (AT RISK),-0.35,-0.11,-0.0,12.73,0.0,LOW,no material weather signal,,,,,schedule fallback,12.73,0.5,WR1 OUT/IR: TE target share can rise,MEDIUM,13.23,0.0,0.0,,,,
1359546418284494848,12-Team 2-Keeper — League Is Rigged V2,4,False,4984,Josh Allen,QB,BUF,NE,home,2026-10-04,13:00,48.5,outdoors,,,32.46,Sleeper raw-stat projection × league scoring + current usage + injury ripple,1.02,25.0,A+,Questionable,,QUESTIONABLE,1,,22.5,24.5,31.35,0.5,2.5,12,,,,,31.85,0.41,2026,STABLE,3,3,3,100.0,100.0,100.0,0.33,9.33,0.0,2.0,32.26,-0.0,100.0,HEALTHY,none,-0.0,-0.0,-0.0,32.26,0.0,LOW,no material weather signal,65.5,10.0,12.3,7.0,Open-Meteo game-time forecast,32.26,0.2,Top edge rusher QUESTIONABLE/DNP: QB pressure environment improves,MEDIUM,32.46,0.0,0.0,,,,
1359546418284494848,12-Team 2-Keeper — League Is Rigged V2,4,False,5332,Foyesade Oluokun,LB,JAX,CIN,away,2026-10-04,13:00,51.5,outdoors,,,12.67,league-specific IDP scoring proxy,12.48,8.5,NA,,,,1,,,,,,,,19.5,-6.83,2026,True,12.67,0.0,,,,,,,,,,,,,12.67,0.0,90.0,HEALTHY,LT Anton Harrison (AT RISK),-0.35,-0.11,-0.0,12.67,0.0,LOW,no material weather signal,71.3,4.7,6.0,21.0,Open-Meteo game-time forecast,12.67,0.0,,,12.67,0.0,0.0,,,,
1359546418284494848,12-Team 2-Keeper — League Is Rigged V2,4,False,6790,D'Andre Swift,RB,CHI,NYJ,home,2026-10-04,13:00,43.5,outdoors,,,22.34,Sleeper raw-stat projection × league scoring + current usage + OL health,19.59,33.83,B,,,,1,,14.4,13.9,20.72,0.5,0.0,11,,,,,21.22,1.22,2026,STABLE,3,3,3,69.0,64.7,64.7,3.0,18.0,21.0,3.0,22.44,-0.1,90.0,HEALTHY,LT Braxton Jones (AT RISK),-0.35,-0.11,-0.0,22.34,0.0,LOW,no material weather signal,65.3,9.9,13.4,3.0,Open-Meteo game-time forecast,22.34,0.0,,,22.34,0.0,0.0,,,,
1359546418284494848,12-Team 2-Keeper — League Is Rigged V2,4,False,7002,Juwan Johnson,TE,NO,ATL,home,2026-10-05,20:15,48.5,dome,,,13.41,Sleeper raw-stat projection × league scoring + current usage,12.4,119.83,C,,,,1,,10.8,10.3,12.1,0.5,0.0,6,,,,,12.6,0.81,2026,STABLE,3,3,3,62.0,66.3,66.3,6.33,0.0,6.33,2.0,13.41,-0.0,100.0,HEALTHY,none,-0.0,-0.0,-0.0,13.41,0.0,INDOOR,indoor,,,,,indoor/no weather adjustment,13.41,0.0,,,13.41,0.0,0.0,,,,
1359546418284494848,12-Team 2-Keeper — League Is Rigged V2,4,False,7021,Rico Dowdle,RB,PIT,CLE,away,2026-10-01,20:15,38.5,outdoors,,,0.16,season-long ECR proxy + current usage + OL health,,119.33,,Out,,OUT,2,,,,,,,,,,,,0.0,0.26,2026,STABLE,2,2,2,26.0,42.0,42.0,3.5,7.5,11.0,1.0,0.26,-0.1,90.0,HEALTHY,LT Troy Fautanu (AT RISK),-0.35,-0.11,-0.0,0.16,0.0,LOW,no material weather signal,76.9,8.9,18.8,4.0,Open-Meteo game-time forecast,0.16,0.0,,,0.16,0.0,0.0,,,,
1359546418284494848,12-Team 2-Keeper — League Is Rigged V2,4,False,7627,Greg Rousseau,DE,BUF,NE,home,2026-10-04,13:00,48.5,outdoors,,,26.33,league-specific IDP scoring proxy,15.91,,NA,,,,1,,,,,,,,18.3,8.03,2026,True,26.33,0.0,,,,,,,,,,,,,26.33,0.0,100.0,HEALTHY,none,-0.0,-0.0,-0.0,26.33,0.0,LOW,no material weather signal,65.5,10.0,12.3,7.0,Open-Meteo game-time forecast,26.33,0.0,,,26.33,0.0,0.0,,,,
1359546418284494848,12-Team 2-Keeper — League Is Rigged V2,4,False,8132,Tyler Allgeier,RB,ARI,NYG,away,2026-10-04,13:00,44.5,outdoors,,,9.05,Sleeper raw-stat projection × league scoring + current usage + OL health,40.71,170.83,D,,,,2,,7.0,7.7,9.48,-0.7,0.0,11,,,,,8.78,0.41,2026,STABLE,3,3,3,36.0,53.0,53.0,2.67,8.0,10.67,1.0,9.19,-0.14,91.7,HEALTHY,RG Isaiah Adams (AT RISK),-0.11,-0.2,-0.0,9.05,0.0,LOW,no material weather signal,69.6,4.8,5.6,34.0,Open-Meteo game-time forecast,9.05,0.0,,,9.05,0.0,0.0,,,,
1359546418284494848,12-Team 2-Keeper — League Is Rigged V2,4,False,8167,Christian Watson,WR,GB,TB,away,2026-10-04,13:00,39.5,outdoors,,,17.64,Sleeper raw-stat projection × league scoring + current usage + OL health,10.56,36.83,A,,,,1,,15.8,15.3,15.66,0.5,0.0,11,,,,,16.16,1.62,2026,STABLE,3,3,3,80.0,82.0,82.0,9.67,0.0,9.67,4.0,17.78,-0.14,73.1,DEGRADED,LG Aaron Banks (UNAVAILABLE) | RG Jacob Monk (AT RISK),-0.36,-0.65,-0.0,17.64,0.0,LOW,no material weather signal,90.8,9.6,11.2,2.0,Open-Meteo game-time forecast,17.64,0.0,,,17.64,0.0,0.0,,,,
1359546418284494848,12-Team 2-Keeper — League Is Rigged V2,4,False,9493,Puka Nacua,WR,LAR,PHI,away,2026-10-04,13:00,43.5,outdoors,,,18.58,Sleeper raw-stat projection × league scoring + current usage + injury ripple,,10.17,,Out,,OUT,1,,0.0,,17.98,0.0,0.0,11,,,,,17.98,0.49,2026,STABLE,1,1,1,70.0,70.0,70.0,9.0,0.0,9.0,3.0,18.47,-0.0,100.0,HEALTHY,none,-0.0,-0.0,-0.0,18.47,0.0,LOW,no material weather signal,69.2,4.1,3.6,38.0,Open-Meteo game-time forecast,18.47,0.11,TE1 QUESTIONABLE/DNP: WR1 target share can rise,MEDIUM,18.58,0.0,0.0,,,,
1359546418284494848,12-Team 2-Keeper — League Is Rigged V2,5,False,10885,Lukas Van Ness,DL,GB,TB,away,2026-10-04,13:00,39.5,outdoors,,,15.0,league-specific IDP scoring proxy,28.32,,NA,,,,1,,,,,,,,16.8,-1.8,2026,True,15.0,0.0,,,,,,,,,,,,,15.0,0.0,73.1,DEGRADED,LG Aaron Banks (UNAVAILABLE) | RG Jacob Monk (AT RISK),-0.36,-0.65,-0.0,15.0,0.0,LOW,no material weather signal,90.8,9.6,11.2,2.0,Open-Meteo game-time forecast,15.0,0.0,,,15.0,0.0,0.0,,,,
1359546418284494848,12-Team 2-Keeper — League Is Rigged V2,5,False,11370,Chris Brooks,RB,GB,TB,away,2026-10-04,13:00,39.5,outdoors,,,5.21,Sleeper raw-stat projection × league scoring + OL health,51.44,279.0,F,,,,3,,3.8,5.3,7.15,-1.5,0.0,11,,,,,5.65,0.0,2026,STABLE,3,3,3,41.0,47.7,47.7,1.33,3.67,5.0,0.0,5.65,-0.44,73.1,DEGRADED,LG Aaron Banks (UNAVAILABLE) | RG Jacob Monk (AT RISK),-0.36,-0.65,-0.0,5.21,0.0,LOW,no material weather signal,90.8,9.6,11.2,2.0,Open-Meteo game-time forecast,5.21,0.0,,,5.21,0.0,0.0,,,,
1359546418284494848,12-Team 2-Keeper — League Is Rigged V2,5,False,11560,Caleb Williams,QB,CHI,NYJ,home,2026-10-04,13:00,43.5,outdoors,,,0.0,weekly projected points + current usage + OL health,49.0,84.17,F,Out,,OUT,3,,,,,,,,,,,,0.0,0.26,2026,STABLE,2,2,2,86.0,93.0,93.0,0.0,7.5,0.0,2.0,0.26,-0.26,90.0,HEALTHY,LT Braxton Jones (AT RISK),-0.35,-0.11,-0.0,0.0,0.0,LOW,no material weather signal,65.3,9.9,13.4,3.0,Open-Meteo game-time forecast,0.0,0.0,,,0.0,0.0,0.0,,,,
1359546418284494848,12-Team 2-Keeper — League Is Rigged V2,5,False,12474,Woody Marks,RB,HOU,DAL,home,2026-10-04,13:00,48.5,,,,10.62,Sleeper raw-stat projection × league scoring + current usage + OL health,34.59,189.17,C,,,,2,,8.1,8.8,11.01,-0.7,0.0,11,,,,,10.31,0.41,2026,STABLE,3,3,3,37.0,45.3,45.3,2.67,7.33,10.0,1.0,10.72,-0.1,90.0,HEALTHY,RT Trent Brown (AT RISK),-0.35,-0.11,-0.0,10.62,0.0,LOW,no material weather signal,82.6,12.5,17.4,45.0,Open-Meteo game-time forecast,10.62,0.0,,,10.62,0.0,0.0,,,,
1359546418284494848,12-Team 2-Keeper — League Is Rigged V2,5,False,12487,Terrance Ferguson,TE,LAR,PHI,away,2026-10-04,13:00,43.5,outdoors,,,8.99,weekly projected points + current usage + injury ripple,13.33,148.17,C,Questionable,,QUESTIONABLE,1,,,,,,,,,,,,8.2,0.41,2026,STABLE,3,3,3,26.0,45.0,45.0,4.0,0.0,4.0,1.0,8.61,-0.0,100.0,HEALTHY,none,-0.0,-0.0,-0.0,8.61,0.0,LOW,no material weather signal,69.2,4.1,3.6,38.0,Open-Meteo game-time forecast,8.61,0.38,TE1 QUESTIONABLE/DNP: TE2 route/target opportunity rises,HIGH,8.99,0.0,0.0,,,,
1359546418284494848,12-Team 2-Keeper — League Is Rigged V2,5,False,12507,Omarion Hampton,RB,LAC,SEA,away,2026-10-04,16:25,42.5,outdoors,,,13.14,Sleeper raw-stat projection × league scoring + current usage,15.1,22.83,B,,,,1,,15.1,14.6,11.83,0.5,0.0,11,,,,,12.33,0.81,2026,STABLE,3,3,3,42.0,54.3,54.3,1.0,16.67,17.67,2.0,13.14,-0.0,100.0,HEALTHY,none,-0.0,-0.0,-0.0,13.14,0.0,LOW,no material weather signal,69.8,6.8,6.3,0.0,Open-Meteo game-time forecast,13.14,0.0,,,13.14,0.0,0.0,,,,
1359546418284494848,12-Team 2-Keeper — League Is Rigged V2,5,False,12514,Emeka Egbuka,WR,TB,GB,home,2026-10-04,13:00,39.5,outdoors,,,11.98,Sleeper raw-stat projection × league scoring + current usage + injury ripple,27.1,39.83,B,,,,1,,12.1,11.6,10.71,0.5,0.0,11,,,,,11.21,1.22,2026,STABLE,3,3,3,74.0,82.0,82.0,6.67,0.33,6.67,3.0,12.43,-0.0,100.0,HEALTHY,none,-0.0,-0.0,-0.0,12.43,0.0,LOW,no material weather signal,90.8,9.6,11.2,2.0,Open-Meteo game-time forecast,12.43,-0.45,QB1 OUT/IR: pass-catcher efficiency risk with backup QB,MEDIUM,11.98,0.0,0.0,,,,
1359546418284494848,12-Team 2-Keeper — League Is Rigged V2,5,False,12530,Travis Hunter,DB,JAX,CIN,away,2026-10-04,13:00,51.5,outdoors,,,9.0,league-specific IDP scoring proxy,108.71,238.33,F,,,,5,,2.8,3.7,1.75,-0.9,0.0,11,0.85,8.15,2026,True,9.0,0.0,,,,,,,,,,,,,9.0,0.0,90.0,HEALTHY,LT Anton Harrison (AT RISK),-0.35,-0.11,-0.0,9.0,0.0,LOW,no material weather signal,71.3,4.7,6.0,21.0,Open-Meteo game-time forecast,9.0,0.0,,,9.0,0.0,0.0,,,,
1359546418284494848,12-Team 2-Keeper — League Is Rigged V2,5,False,12533,Jacory Croskey-Merritt,RB,WAS,IND,home,2026-10-04,09:30,47.5,outdoors,,,16.35,Sleeper raw-stat projection × league scoring + current usage,39.61,136.67,D+,,,,1,,8.7,8.2,15.04,0.5,0.0,11,,,,,15.54,0.81,2026,STABLE,3,3,3,57.0,47.7,47.7,1.0,15.67,16.67,2.0,16.35,-0.0,100.0,HEALTHY,none,-0.0,-0.0,-0.0,16.35,0.0,LOW,no material weather signal,62.9,3.4,5.8,44.0,Open-Meteo game-time forecast,16.35,0.0,,,16.35,0.0,0.0,,,,
1359546418284494848,12-Team 2-Keeper — League Is Rigged V2,5,False,13281,Jordyn Tyson,WR,NO,ATL,home,2026-10-05,20:15,48.5,dome,,,0.0,season-long ECR proxy,,118.33,,IR,,IR/PUP,11,,,,,,,,,,,,0.0,0.0,,,,,,,,,,,,,0.0,-0.0,100.0,HEALTHY,none,-0.0,-0.0,-0.0,0.0,0.0,INDOOR,indoor,,,,,indoor/no weather adjustment,0.0,0.0,,,0.0,0.0,0.0,,,,
1359546418284494848,12-Team 2-Keeper — League Is Rigged V2,5,False,13346,Denzel Boston,WR,CLE,PIT,home,2026-10-01,20:15,38.5,outdoors,,,13.31,Sleeper raw-stat projection × league scoring + current usage + OL health + injury ripple,34.61,83.33,C+,,,,1,,11.0,11.0,11.37,0.0,0.0,11,,,,,11.37,1.22,2026,STABLE,3,3,3,89.0,91.3,91.3,5.0,0.0,5.0,3.0,12.59,-0.28,63.1,DEGRADED,C Elgton Jenkins (AT RISK) | RG Teven Jenkins (UNAVAILABLE) | RT Tytus Howard (AT RISK),-0.71,-0.76,-0.0,12.31,0.0,LOW,no material weather signal,76.9,8.9,18.8,4.0,Open-Meteo game-time forecast,12.31,1.0,Opponent CB1 OUT/IR: projected WR1 coverage matchup improves (not confirmed shadow),MEDIUM,13.31,0.0,0.0,,,,
1359546418284494848,12-Team 2-Keeper — League Is Rigged V2,5,False,4227,Harrison Butker,K,KC,LV,away,2026-10-04,16:25,47.5,dome,,,7.13,Sleeper raw-stat projection × league scoring,3.89,238.67,B,,,,1,,9.3,8.8,6.63,0.5,0.0,7,,,,,7.13,0.0,,,,,,,,,,,,,7.13,0.0,77.8,MINOR CONCERN,LT Josh Simmons (UNAVAILABLE),-0.78,-0.24,-0.0,7.13,0.0,INDOOR,indoor,,,,,indoor/no weather adjustment,7.13,0.0,,,7.13,0.0,0.0,,,,
1359546418284494848,12-Team 2-Keeper — League Is Rigged V2,5,False,5859,A.J. Brown,WR,NE,BUF,away,2026-10-04,13:00,48.5,outdoors,,,0.0,season-long ECR proxy + current usage + OL health,,54.0,,IR,,IR/PUP,6,,,,,,,,,,,,0.0,0.16,2026,STABLE,1,1,1,44.0,44.0,44.0,4.0,0.0,4.0,1.0,0.16,-0.18,75.9,MINOR CONCERN,RG Greg Van Roten (UNAVAILABLE) | RT Morgan Moses (LIMITED),-0.45,-0.51,-0.0,0.0,0.0,LOW,no material weather signal,65.5,10.0,12.3,7.0,Open-Meteo game-time forecast,0.0,0.0,,,0.0,0.0,0.0,,,,
1359546418284494848,12-Team 2-Keeper — League Is Rigged V2,5,False,6804,Jordan Love,QB,GB,TB,away,2026-10-04,13:00,39.5,outdoors,,,25.77,Sleeper raw-stat projection × league scoring + current usage + OL health,10.83,104.5,B,,,,1,,18.0,17.5,25.13,0.5,0.0,12,,,,,25.63,0.41,2026,STABLE,3,3,3,100.0,100.0,100.0,0.0,0.67,0.0,2.0,26.04,-0.27,73.1,DEGRADED,LG Aaron Banks (UNAVAILABLE) | RG Jacob Monk (AT RISK),-0.36,-0.65,-0.0,25.77,0.0,LOW,no material weather signal,90.8,9.6,11.2,2.0,Open-Meteo game-time forecast,25.77,0.0,,,25.77,0.0,0.0,,,,
1359546418284494848,12-Team 2-Keeper — League Is Rigged V2,5,False,7647,Pete Werner,LB,NO,ATL,home,2026-10-05,20:15,48.5,dome,,,12.75,league-specific IDP scoring proxy,51.94,70.0,NA,Questionable,,QUESTIONABLE,1,,,,,,,,11.8,0.95,2026,True,12.75,0.0,,,,,,,,,,,,,12.75,0.0,100.0,HEALTHY,none,-0.0,-0.0,-0.0,12.75,0.0,INDOOR,indoor,,,,,indoor/no weather adjustment,12.75,0.0,,,12.75,0.0,0.0,,,,
1359546418284494848,12-Team 2-Keeper — League Is Rigged V2,5,False,7666,Jevon Holland,DB,NYG,ARI,home,2026-10-04,13:00,44.5,outdoors,,,19.33,league-specific IDP scoring proxy,50.5,,NA,,,,1,,,,,,,,15.2,4.13,2026,True,19.33,0.0,,,,,,,,,,,,,19.33,0.0,94.4,HEALTHY,LT Andrew Thomas (LIMITED),-0.2,-0.06,-0.0,19.33,0.0,LOW,no material weather signal,69.6,4.8,5.6,34.0,Open-Meteo game-time forecast,19.33,0.0,,,19.33,0.0,0.0,,,,
1359546418284494848,12-Team 2-Keeper — League Is Rigged V2,5,False,8144,Chris Olave,WR,NO,ATL,home,2026-10-05,20:15,48.5,dome,,,21.57,Sleeper raw-stat projection × league scoring + current usage,5.56,12.0,A+,,,,1,,17.8,17.3,19.45,0.5,0.0,11,,,,,19.95,1.62,2026,STABLE,3,3,3,84.0,84.7,84.7,12.0,0.0,12.0,4.0,21.57,-0.0,100.0,HEALTHY,none,-0.0,-0.0,-0.0,21.57,0.0,INDOOR,indoor,,,,,indoor/no weather adjustment,21.57,0.0,,,21.57,0.0,0.0,,,,
1359546418284494848,12-Team 2-Keeper — League Is Rigged V2,5,False,8151,Kenneth Walker,RB,KC,LV,away,2026-10-04,16:25,47.5,dome,,,25.94,Sleeper raw-stat projection × league scoring + current usage + OL health,2.27,7.5,A+,,,,1,,21.6,21.1,24.45,0.5,0.0,11,,,,,24.95,1.22,2026,STABLE,3,3,3,73.0,74.3,74.3,6.0,21.67,27.67,3.0,26.17,-0.23,77.8,MINOR CONCERN,LT Josh Simmons (UNAVAILABLE),-0.78,-0.24,-0.0,25.94,0.0,INDOOR,indoor,,,,,indoor/no weather adjustment,25.94,0.0,,,25.94,0.0,0.0,,,,
1359546418284494848,12-Team 2-Keeper — League Is Rigged V2,5,False,8408,Jordan Mason,RB,MIN,MIA,home,2026-10-04,16:05,38.5,dome,,,0.22,season-long ECR proxy + current usage + OL health,,167.83,,IR,,IR/PUP,7,,,,,,,,,,,,0.0,0.32,2026,STABLE,1,1,1,45.0,45.0,45.0,0.0,15.0,15.0,2.0,0.32,-0.1,90.0,HEALTHY,LT Christian Darrisaw (AT RISK),-0.35,-0.11,-0.0,0.22,0.0,INDOOR,indoor,,,,,indoor/no weather adjustment,0.22,0.0,,,0.22,0.0,0.0,,,,
1359546418284494848,12-Team 2-Keeper — League Is Rigged V2,6,False,10218,Xavier Hutchinson,WR,HOU,DAL,home,2026-10-04,13:00,48.5,,,,7.75,Sleeper raw-stat projection × league scoring + current usage + OL health + injury ripple,52.76,313.67,C-,,,,2,,8.8,9.5,5.87,-0.7,0.0,11,,,,,5.17,1.22,2026,STABLE,3,3,3,54.0,63.7,63.7,7.0,0.67,7.0,3.0,6.39,-0.14,90.0,HEALTHY,RT Trent Brown (AT RISK),-0.35,-0.11,-0.0,6.25,0.0,LOW,no material weather signal,82.6,12.5,17.4,45.0,Open-Meteo game-time forecast,6.25,1.5,Opponent CB1 OUT/IR: secondary WR matchup improves | WR1 OUT/IR: target concentration rises for next WR,HIGH,7.75,0.0,0.0,,,,
1359546418284494848,12-Team 2-Keeper — League Is Rigged V2,6,False,11581,MarShawn Lloyd,RB,GB,TB,away,2026-10-04,13:00,39.5,outdoors,,,10.38,Sleeper raw-stat projection × league scoring + current usage + OL health,41.95,154.17,D,,,,1,,8.2,7.7,9.91,0.5,0.0,11,,,,,10.41,0.41,2026,STABLE,3,3,3,23.0,31.3,31.3,2.0,7.67,9.67,1.0,10.82,-0.44,73.1,DEGRADED,LG Aaron Banks (UNAVAILABLE) | RG Jacob Monk (AT RISK),-0.36,-0.65,-0.0,10.38,0.0,LOW,no material weather signal,90.8,9.6,11.2,2.0,Open-Meteo game-time forecast,10.38,0.0,,,10.38,0.0,0.0,,,,
1359546418284494848,12-Team 2-Keeper — League Is Rigged V2,6,False,11637,Keon Coleman,WR,BUF,NE,home,2026-10-04,13:00,48.5,outdoors,,,3.46,Sleeper raw-stat projection × league scoring,68.89,242.17,F,,,,3,,5.1,6.6,4.96,-1.5,0.0,11,,,,,3.46,0.0,2026,STABLE,3,3,3,48.0,57.3,57.3,3.0,0.0,3.0,0.0,3.46,-0.0,100.0,HEALTHY,none,-0.0,-0.0,-0.0,3.46,0.0,LOW,no material weather signal,65.5,10.0,12.3,7.0,Open-Meteo game-time forecast,3.46,0.0,,,3.46,0.0,0.0,,,,
1359546418284494848,12-Team 2-Keeper — League Is Rigged V2,6,False,12517,Colston Loveland,TE,CHI,NYJ,home,2026-10-04,13:00,43.5,outdoors,,,11.88,Sleeper raw-stat projection × league scoring + current usage + OL health + injury ripple,16.6,71.17,D+,,,,1,,10.6,10.1,10.64,0.5,0.0,11,,,,,11.14,0.81,2026,STABLE,3,3,3,79.0,84.0,84.0,3.0,0.0,3.0,2.0,11.95,-0.12,90.0,HEALTHY,LT Braxton Jones (AT RISK),-0.35,-0.11,-0.0,11.83,0.0,LOW,no material weather signal,65.3,9.9,13.4,3.0,Open-Meteo game-time forecast,11.83,0.05,QB1 OUT/IR: pass-catcher efficiency risk with backup QB | Starting safety OUT/IR: TE middle/deep matchup improves,MEDIUM,11.88,0.0,0.0,,,,
1359546418284494848,12-Team 2-Keeper — League Is Rigged V2,6,False,13545,Trey Smack,K,GB,TB,away,2026-10-04,13:00,39.5,outdoors,,,6.51,Sleeper raw-stat projection × league scoring,,,,,,,1,,5.5,,6.51,0.0,0.0,7,,,,,6.51,0.0,,,,,,,,,,,,,6.51,0.0,73.1,DEGRADED,LG Aaron Banks (UNAVAILABLE) | RG Jacob Monk (AT RISK),-0.36,-0.65,-0.0,6.51,0.0,LOW,no material weather signal,90.8,9.6,11.2,2.0,Open-Meteo game-time forecast,6.51,0.0,,,6.51,0.0,0.0,,,,
1359546418284494848,12-Team 2-Keeper — League Is Rigged V2,6,False,2133,Davante Adams,WR,LAR,PHI,away,2026-10-04,13:00,43.5,outdoors,,,17.99,Sleeper raw-stat projection × league scoring + current usage + injury ripple,9.63,49.5,A,,,,2,,14.8,15.5,16.37,-0.7,0.0,6,,,,,15.67,1.22,2026,STABLE,3,3,3,83.0,67.3,67.3,9.67,0.0,9.67,3.0,16.89,-0.0,100.0,HEALTHY,none,-0.0,-0.0,-0.0,16.89,0.0,LOW,no material weather signal,69.2,4.1,3.6,38.0,Open-Meteo game-time forecast,16.89,1.1,WR1 OUT/IR: target concentration rises for next WR,HIGH,17.99,0.0,0.0,,,,
1359546418284494848,12-Team 2-Keeper — League Is Rigged V2,6,False,4971,Derwin James,DB,LAC,SEA,away,2026-10-04,16:25,42.5,outdoors,,,12.0,league-specific IDP scoring proxy,3.57,29.5,NA,,,,1,,,,,,,,19.8,-7.8,2026,True,12.0,0.0,,,,,,,,,,,,,12.0,0.0,100.0,HEALTHY,none,-0.0,-0.0,-0.0,12.0,0.0,LOW,no material weather signal,69.8,6.8,6.3,0.0,Open-Meteo game-time forecast,12.0,0.0,,,12.0,0.0,0.0,,,,
1359546418284494848,12-Team 2-Keeper — League Is Rigged V2,6,False,5045,Courtland Sutton,WR,DEN,SF,away,2026-10-04,16:25,47.5,outdoors,,,11.02,Sleeper raw-stat projection × league scoring + current usage + injury ripple,45.12,78.83,C,,,,2,,9.2,9.9,10.23,-0.7,0.0,6,,,,,9.53,0.81,2026,STABLE,3,3,3,87.0,78.7,78.7,5.33,0.0,5.33,2.0,10.34,-0.0,100.0,HEALTHY,none,-0.0,-0.0,-0.0,10.34,0.0,LOW,no material weather signal,,,,,schedule fallback,10.34,0.68,WR1 QUESTIONABLE/DNP: target concentration rises for next WR | Opponent CB1 QUESTIONABLE/DNP: secondary WR matchup improves,HIGH,11.02,0.0,0.0,,,,
1359546418284494848,12-Team 2-Keeper — League Is Rigged V2,6,False,5991,Maxx Crosby,DE,LV,KC,home,2026-10-04,16:25,47.5,dome,,,9.33,league-specific IDP scoring proxy,2.35,16.5,NA,,,,1,,,,,,,,20.1,-10.77,2026,True,9.33,0.0,,,,,,,,,,,,,9.33,0.0,91.7,HEALTHY,RG Jackson Powers-Johnson (AT RISK),-0.11,-0.2,-0.0,9.33,0.0,INDOOR,indoor,,,,,indoor/no weather adjustment,9.33,0.0,,,9.33,0.0,0.0,,,,
1359546418284494848,12-Team 2-Keeper — League Is Rigged V2,6,False,6819,Michael Pittman,WR,PIT,CLE,away,2026-10-01,20:15,38.5,outdoors,,,9.3,Sleeper raw-stat projection × league scoring + current usage + OL health,53.06,104.5,D+,,,,2,,5.9,7.1,9.85,-1.2,0.0,11,,,,,8.65,0.79,2026,STABLE,3,2,2,73.0,80.5,80.5,4.0,0.0,4.0,3.0,9.44,-0.14,90.0,HEALTHY,LT Troy Fautanu (AT RISK),-0.35,-0.11,-0.0,9.3,0.0,LOW,no material weather signal,76.9,8.9,18.8,4.0,Open-Meteo game-time forecast,9.3,0.0,,,9.3,0.0,0.0,,,,
1359546418284494848,12-Team 2-Keeper — League Is Rigged V2,6,False,6904,Jalen Hurts,QB,PHI,LAR,home,2026-10-04,13:00,43.5,outdoors,,,24.84,Sleeper raw-stat projection × league scoring + current usage,4.93,34.33,A,,,,1,,20.6,20.1,23.93,0.5,0.0,12,,,,,24.43,0.41,2026,STABLE,3,3,3,92.0,97.3,97.3,0.0,5.33,0.0,2.0,24.84,-0.0,100.0,HEALTHY,none,-0.0,-0.0,-0.0,24.84,0.0,LOW,no material weather signal,69.2,4.1,3.6,38.0,Open-Meteo game-time forecast,24.84,0.0,,,24.84,0.0,0.0,,,,
1359546418284494848,12-Team 2-Keeper — League Is Rigged V2,6,False,7525,DeVonta Smith,WR,PHI,LAR,home,2026-10-04,13:00,43.5,outdoors,,,17.46,Sleeper raw-stat projection × league scoring + current usage + injury ripple,8.54,21.33,A,,,,1,,16.2,15.7,13.69,0.5,0.0,11,,,,,14.19,1.62,2026,STABLE,3,3,3,100.0,94.3,94.3,9.0,0.0,9.0,4.0,15.81,-0.0,100.0,HEALTHY,none,-0.0,-0.0,-0.0,15.81,0.0,LOW,no material weather signal,69.2,4.1,3.6,38.0,Open-Meteo game-time forecast,15.81,1.65,Opponent CB1 OUT/IR: projected WR1 coverage matchup improves (not confirmed shadow) | Starting safety OUT/IR: downfield coverage improves | TE1 OUT/IR: WR1 target share can rise,MEDIUM,17.46,0.0,0.0,,,,
1359546418284494848,12-Team 2-Keeper — League Is Rigged V2,6,False,8131,Isaiah Likely,TE,NYG,ARI,home,2026-10-04,13:00,44.5,outdoors,,,13.4,Sleeper raw-stat projection × league scoring + current usage + OL health,11.48,112.5,C,,,,1,,10.8,10.3,11.75,0.5,0.0,6,,,,,12.25,1.22,2026,STABLE,3,3,3,84.0,67.3,67.3,7.67,0.0,7.67,3.0,13.47,-0.07,94.4,HEALTHY,LT Andrew Thomas (LIMITED),-0.2,-0.06,-0.0,13.4,0.0,LOW,no material weather signal,69.6,4.8,5.6,34.0,Open-Meteo game-time forecast,13.4,0.0,,,13.4,0.0,0.0,,,,
1359546418284494848,12-Team 2-Keeper — League Is Rigged V2,6,False,8138,James Cook,RB,BUF,NE,home,2026-10-04,13:00,48.5,outdoors,,,23.87,Sleeper raw-stat projection × league scoring + current usage,8.66,9.83,A,,,,1,,17.2,16.7,22.15,0.5,0.0,11,,,,,22.65,1.22,2026,STABLE,3,3,3,67.0,71.0,71.0,2.67,19.33,22.0,3.0,23.87,-0.0,100.0,HEALTHY,none,-0.0,-0.0,-0.0,23.87,0.0,LOW,no material weather signal,65.5,10.0,12.3,7.0,Open-Meteo game-time forecast,23.87,0.0,,,23.87,0.0,0.0,,,,
1359546418284494848,12-Team 2-Keeper — League Is Rigged V2,6,False,8267,Nakobe Dean,LB,LV,KC,home,2026-10-04,16:25,47.5,dome,,,24.33,league-specific IDP scoring proxy,13.13,19.0,NA,,,,1,,,,,,,,18.8,5.53,2026,True,24.33,0.0,,,,,,,,,,,,,24.33,0.0,91.7,HEALTHY,RG Jackson Powers-Johnson (AT RISK),-0.11,-0.2,-0.0,24.33,0.0,INDOOR,indoor,,,,,indoor/no weather adjustment,24.33,0.0,,,24.33,0.0,0.0,,,,
1359546418284494848,12-Team 2-Keeper — League Is Rigged V2,6,False,9224,Chase Brown,RB,CIN,JAX,home,2026-10-04,13:00,51.5,outdoors,,,23.86,Sleeper raw-stat projection × league scoring + current usage,7.51,13.0,A,,,,1,,18.6,17.5,21.54,1.1,0.0,11,,,,,22.64,1.22,2026,STABLE,3,3,3,70.0,70.7,70.7,4.33,16.33,20.67,3.0,23.86,-0.0,100.0,HEALTHY,none,-0.0,-0.0,-0.0,23.86,0.0,LOW,no material weather signal,71.3,4.7,6.0,21.0,Open-Meteo game-time forecast,23.86,0.0,,,23.86,0.0,0.0,,,,
1359546418284494848,12-Team 2-Keeper — League Is Rigged V2,7,False,10859,Sam LaPorta,TE,DET,CAR,away,2026-10-04,20:20,50.5,outdoors,,,13.79,Sleeper raw-stat projection × league scoring + current usage + injury ripple,5.33,92.83,A-,,,,1,,13.5,12.4,10.97,1.1,0.0,11,,,,,12.07,1.22,2026,STABLE,3,3,3,92.0,90.3,90.3,6.33,0.0,6.33,3.0,13.29,-0.0,100.0,HEALTHY,none,-0.0,-0.0,-0.0,13.29,0.0,LOW,no material weather signal,63.9,4.6,8.1,62.0,Open-Meteo game-time forecast,13.29,0.5,Starting safety OUT/IR: TE middle/deep matchup improves,MEDIUM,13.79,0.0,0.0,,,,
1359546418284494848,12-Team 2-Keeper — League Is Rigged V2,7,False,11687,Edgerrin Cooper,LB,GB,TB,away,2026-10-04,13:00,39.5,outdoors,,,13.32,league-specific IDP scoring proxy,14.48,25.0,NA,Questionable,,QUESTIONABLE,1,,,,,,,,16.2,-2.88,2026,True,13.32,0.0,,,,,,,,,,,,,13.32,0.0,73.1,DEGRADED,LG Aaron Banks (UNAVAILABLE) | RG Jacob Monk (AT RISK),-0.36,-0.65,-0.0,13.32,0.0,LOW,no material weather signal,90.8,9.6,11.2,2.0,Open-Meteo game-time forecast,13.32,0.0,,,13.32,0.0,0.0,,,,
1359546418284494848,12-Team 2-Keeper — League Is Rigged V2,7,False,12534,Kyle Monangai,RB,CHI,NYJ,home,2026-10-04,13:00,43.5,outdoors,,,11.81,Sleeper raw-stat projection × league scoring + current usage + OL health,35.78,133.0,C,,,,2,,8.0,8.7,12.2,-0.7,0.0,11,,,,,11.5,0.41,2026,STABLE,3,3,3,31.0,36.0,36.0,1.33,10.0,11.33,1.0,11.91,-0.1,90.0,HEALTHY,LT Braxton Jones (AT RISK),-0.35,-0.11,-0.0,11.81,0.0,LOW,no material weather signal,65.3,9.9,13.4,3.0,Open-Meteo game-time forecast,11.81,0.0,,,11.81,0.0,0.0,,,,
1359546418284494848,12-Team 2-Keeper — League Is Rigged V2,7,False,13293,Ja'Kobi Lane,WR,BAL,TEN,home,2026-10-04,13:00,43.5,outdoors,,,0.0,season-long ECR proxy + OL health,,216.83,,IR,,IR/PUP,9,,,,,,,,,,,,0.0,0.0,2026,STABLE,1,1,1,40.0,40.0,40.0,3.0,0.0,3.0,0.0,0.0,-0.31,77.8,MINOR CONCERN,LT Ronnie Stanley (UNAVAILABLE),-0.78,-0.24,-0.0,0.0,0.0,LOW,no material weather signal,66.5,3.4,3.1,44.0,Open-Meteo game-time forecast,0.0,0.0,,,0.0,0.0,0.0,,,,
1359546418284494848,12-Team 2-Keeper — League Is Rigged V2,7,False,167,Tom Brady,QB,,,,,,,,,,3.5,season-long ECR proxy,,,,,,,,,,,,,,,,,,,3.5,0.0,,,,,,,,,,,,,3.5,0.0,,,,,,-0.0,3.5,0.0,,,,,,,,3.5,0.0,,,3.5,0.0,0.0,,,,
1359546418284494848,12-Team 2-Keeper — League Is Rigged V2,7,False,4046,Patrick Mahomes,QB,KC,LV,away,2026-10-04,16:25,47.5,dome,,,31.25,Sleeper raw-stat projection × league scoring + current usage + OL health,4.21,79.0,A,,,,1,,21.5,21.0,30.92,0.5,0.0,12,,,,,31.42,0.41,2026,STABLE,3,3,3,100.0,100.0,100.0,0.0,3.33,0.0,2.0,31.83,-0.58,77.8,MINOR CONCERN,LT Josh Simmons (UNAVAILABLE),-0.78,-0.24,-0.0,31.25,0.0,INDOOR,indoor,,,,,indoor/no weather adjustment,31.25,0.0,,,31.25,0.0,0.0,,,,
1359546418284494848,12-Team 2-Keeper — League Is Rigged V2,7,False,5001,Dalton Schultz,TE,HOU,DAL,home,2026-10-04,13:00,48.5,,,,13.55,Sleeper raw-stat projection × league scoring + current usage + OL health + injury ripple,5.65,128.67,B+,,,,1,,12.7,12.2,10.95,0.5,0.0,6,,,,,11.45,1.22,2026,STABLE,3,3,3,54.0,62.7,62.7,8.33,0.0,8.33,3.0,12.67,-0.12,90.0,HEALTHY,RT Trent Brown (AT RISK),-0.35,-0.11,-0.0,12.55,0.0,LOW,no material weather signal,82.6,12.5,17.4,45.0,Open-Meteo game-time forecast,12.55,1.0,Starting safety OUT/IR: TE middle/deep matchup improves | WR1 OUT/IR: TE target share can rise,MEDIUM,13.55,0.0,0.0,,,,
1359546418284494848,12-Team 2-Keeper — League Is Rigged V2,7,False,5816,Nick Bosa,DE,SF,DEN,home,2026-10-04,16:25,47.5,outdoors,,,0.0,league-specific IDP scoring proxy,,36.0,,Out,,OUT,1,,,,,,,,0.0,0.0,2026,True,0.0,0.0,,,,,,,,,,,,,0.0,0.0,90.0,HEALTHY,LT Trent Williams (AT RISK),-0.35,-0.11,-0.0,0.0,0.0,LOW,no material weather signal,,,,,schedule fallback,0.0,0.0,,,0.0,0.0,0.0,,,,
1359546418284494848,12-Team 2-Keeper — League Is Rigged V2,7,False,5846,DK Metcalf,WR,PIT,CLE,away,2026-10-01,20:15,38.5,outdoors,,,11.61,Sleeper raw-stat projection × league scoring + current usage + OL health,28.2,70.0,B,,,,1,,11.4,11.4,10.13,0.0,0.0,11,,,,,10.13,1.62,2026,STABLE,3,3,3,95.0,96.0,96.0,8.0,0.0,8.0,4.0,11.75,-0.14,90.0,HEALTHY,LT Troy Fautanu (AT RISK),-0.35,-0.11,-0.0,11.61,0.0,LOW,no material weather signal,76.9,8.9,18.8,4.0,Open-Meteo game-time forecast,11.61,0.0,,,11.61,0.0,0.0,,,,
1359546418284494848,12-Team 2-Keeper — League Is Rigged V2,7,False,5927,Terry McLaurin,WR,WAS,IND,home,2026-10-04,09:30,47.5,outdoors,,,13.53,Sleeper raw-stat projection × league scoring + current usage + injury ripple,40.93,57.33,C,,,,1,,11.1,10.6,12.01,0.5,0.0,11,,,,,12.51,1.22,2026,STABLE,3,3,3,75.0,77.3,77.3,7.33,0.0,7.33,3.0,13.73,-0.0,100.0,HEALTHY,none,-0.0,-0.0,-0.0,13.73,0.0,LOW,no material weather signal,62.9,3.4,5.8,44.0,Open-Meteo game-time forecast,13.73,-0.2,QB1 OUT/IR: pass-catcher efficiency risk with backup QB | TE1 OUT/IR: WR1 target share can rise,MEDIUM,13.53,0.0,0.0,,,,
1359546418284494848,12-Team 2-Keeper — League Is Rigged V2,7,False,6786,CeeDee Lamb,WR,DAL,HOU,away,2026-10-04,13:00,48.5,,,,19.81,Sleeper raw-stat projection × league scoring + current usage,4.32,9.67,A+,,,,1,,18.8,18.3,18.09,0.5,0.0,11,,,,,18.59,1.22,2026,STABLE,3,3,3,82.0,79.3,79.3,8.33,0.33,8.33,3.0,19.81,-0.0,100.0,HEALTHY,none,-0.0,-0.0,-0.0,19.81,0.0,LOW,no material weather signal,82.6,12.5,17.4,45.0,Open-Meteo game-time forecast,19.81,0.0,,,19.81,0.0,0.0,,,,
1359546418284494848,12-Team 2-Keeper — League Is Rigged V2,7,False,6806,J.K. Dobbins,RB,DEN,SF,away,2026-10-04,16:25,47.5,outdoors,,,11.38,Sleeper raw-stat projection × league scoring + current usage + injury ripple,34.46,141.67,C,,,,1,,9.4,8.9,10.31,0.5,0.0,11,,,,,10.81,0.41,2026,STABLE,3,3,3,49.0,42.0,42.0,0.67,11.67,12.33,1.0,11.22,-0.0,100.0,HEALTHY,none,-0.0,-0.0,-0.0,11.22,0.0,LOW,no material weather signal,,,,,schedule fallback,11.22,0.16,Starting linebacker QUESTIONABLE/DNP: RB run/checkdown environment improves,MEDIUM,11.38,0.0,0.0,,,,
1359546418284494848,12-Team 2-Keeper — League Is Rigged V2,7,False,7594,Chuba Hubbard,RB,CAR,DET,home,2026-10-04,20:20,50.5,outdoors,,,22.37,Sleeper raw-stat projection × league scoring + current usage + OL health,13.15,97.5,B+,,,,1,,16.4,15.3,20.19,1.1,0.0,11,,,,,21.29,1.22,2026,STABLE,3,3,3,84.0,73.3,73.3,3.0,13.67,16.67,3.0,22.51,-0.14,91.7,HEALTHY,LG Damien Lewis (AT RISK),-0.11,-0.2,-0.0,22.37,0.0,LOW,no material weather signal,63.9,4.6,8.1,62.0,Open-Meteo game-time forecast,22.37,0.0,,,22.37,0.0,0.0,,,,
1359546418284494848,12-Team 2-Keeper — League Is Rigged V2,7,False,8150,Kyren Williams,RB,LAR,PHI,away,2026-10-04,13:00,43.5,outdoors,,,19.06,Sleeper raw-stat projection × league scoring + current usage,17.49,46.67,B,,,,1,,14.8,14.3,17.34,0.5,0.0,11,,,,,17.84,1.22,2026,STABLE,3,3,3,71.0,63.3,63.3,4.0,12.67,16.67,3.0,19.06,-0.0,100.0,HEALTHY,none,-0.0,-0.0,-0.0,19.06,0.0,LOW,no material weather signal,69.2,4.1,3.6,38.0,Open-Meteo game-time forecast,19.06,0.0,,,19.06,0.0,0.0,,,,
1359546418284494848,12-Team 2-Keeper — League Is Rigged V2,7,False,8155,Breece Hall,RB,NYJ,CHI,away,2026-10-04,13:00,43.5,outdoors,,,0.51,weekly projected points + current usage + OL health,12.56,41.33,B+,Out,,OUT,2,,,,,,,,,,,,0.0,0.81,2026,STABLE,3,3,3,48.0,57.0,57.0,3.33,17.0,20.33,2.0,0.81,-0.3,81.5,MINOR CONCERN,LG Dylan Parham (UNAVAILABLE),-0.25,-0.45,-0.0,0.51,0.0,LOW,no material weather signal,65.3,9.9,13.4,3.0,Open-Meteo game-time forecast,0.51,0.0,,,0.51,0.0,0.0,,,,
1359546418284494848,12-Team 2-Keeper — League Is Rigged V2,7,False,8259,Cameron Dicker,K,LAC,SEA,away,2026-10-04,16:25,42.5,outdoors,,,6.18,Sleeper raw-stat projection × league scoring,14.47,206.5,C,,,,1,,8.1,7.6,5.68,0.5,0.0,7,,,,,6.18,0.0,,,,,,,,,,,,,6.18,0.0,100.0,HEALTHY,none,-0.0,-0.0,-0.0,6.18,0.0,LOW,no material weather signal,69.8,6.8,6.3,0.0,Open-Meteo game-time forecast,6.18,0.0,,,6.18,0.0,0.0,,,,
1359546418284494848,12-Team 2-Keeper — League Is Rigged V2,7,False,8339,Kyle Hamilton,DB,BAL,TEN,home,2026-10-04,13:00,43.5,outdoors,,,16.33,league-specific IDP scoring proxy,2.09,30.0,NA,,,,1,,,,,,,,20.4,-4.07,2026,True,16.33,0.0,,,,,,,,,,,,,16.33,0.0,77.8,MINOR CONCERN,LT Ronnie Stanley (UNAVAILABLE),-0.78,-0.24,-0.0,16.33,0.0,LOW,no material weather signal,66.5,3.4,3.1,44.0,Open-Meteo game-time forecast,16.33,0.0,,,16.33,0.0,0.0,,,,
1359546418284494848,12-Team 2-Keeper — League Is Rigged V2,8,False,11586,Blake Corum,RB,LAR,PHI,away,2026-10-04,13:00,43.5,outdoors,,,9.22,Sleeper raw-stat projection × league scoring + current usage,33.78,112.83,C,,,,2,,9.1,9.8,9.51,-0.7,0.0,11,,,,,8.81,0.41,2026,STABLE,3,3,3,29.0,32.3,32.3,1.67,9.33,11.0,1.0,9.22,-0.0,100.0,HEALTHY,none,-0.0,-0.0,-0.0,9.22,0.0,LOW,no material weather signal,69.2,4.1,3.6,38.0,Open-Meteo game-time forecast,9.22,0.0,,,9.22,0.0,0.0,,,,
1359546418284494848,12-Team 2-Keeper — League Is Rigged V2,8,False,11792,Will Reichard,K,MIN,MIA,home,2026-10-04,16:05,38.5,dome,,,7.05,Sleeper raw-stat projection × league scoring,16.31,244.5,C-,,,,1,,7.2,7.2,7.05,0.0,0.0,7,,,,,7.05,0.0,,,,,,,,,,,,,7.05,0.0,90.0,HEALTHY,LT Christian Darrisaw (AT RISK),-0.35,-0.11,-0.0,7.05,0.0,INDOOR,indoor,,,,,indoor/no weather adjustment,7.05,0.0,,,7.05,0.0,0.0,,,,
1359546418284494848,12-Team 2-Keeper — League Is Rigged V2,8,False,12501,Matthew Golden,WR,GB,TB,away,2026-10-04,13:00,39.5,outdoors,,,13.37,Sleeper raw-stat projection × league scoring + current usage + OL health,20.61,74.5,A-,,,,2,,12.0,12.7,12.59,-0.7,0.0,11,,,,,11.89,1.62,2026,STABLE,3,3,3,82.0,83.3,83.3,10.0,0.0,10.0,4.0,13.51,-0.14,73.1,DEGRADED,LG Aaron Banks (UNAVAILABLE) | RG Jacob Monk (AT RISK),-0.36,-0.65,-0.0,13.37,0.0,LOW,no material weather signal,90.8,9.6,11.2,2.0,Open-Meteo game-time forecast,13.37,0.0,,,13.37,0.0,0.0,,,,
1359546418284494848,12-Team 2-Keeper — League Is Rigged V2,8,False,12519,Luther Burden,WR,CHI,NYJ,home,2026-10-04,13:00,43.5,outdoors,,,13.13,Sleeper raw-stat projection × league scoring + current usage + OL health + injury ripple,38.0,56.67,C,,,,2,,9.9,10.6,13.2,-0.7,0.0,11,,,,,12.5,1.22,2026,STABLE,3,3,3,61.0,63.7,63.7,7.67,0.67,7.67,3.0,13.72,-0.14,90.0,HEALTHY,LT Braxton Jones (AT RISK),-0.35,-0.11,-0.0,13.58,0.0,LOW,no material weather signal,65.3,9.9,13.4,3.0,Open-Meteo game-time forecast,13.58,-0.45,QB1 OUT/IR: pass-catcher efficiency risk with backup QB,MEDIUM,13.13,0.0,0.0,,,,
1359546418284494848,12-Team 2-Keeper — League Is Rigged V2,8,False,12545,Tyler Shough,QB,NO,ATL,home,2026-10-05,20:15,48.5,dome,,,28.0,Sleeper raw-stat projection × league scoring + current usage,9.55,104.83,B,,,,1,,18.4,17.9,27.09,0.5,0.0,12,,,,,27.59,0.41,2026,STABLE,3,3,3,100.0,100.0,100.0,0.0,4.67,0.0,2.0,28.0,-0.0,100.0,HEALTHY,none,-0.0,-0.0,-0.0,28.0,0.0,INDOOR,indoor,,,,,indoor/no weather adjustment,28.0,0.0,,,28.0,0.0,0.0,,,,
1359546418284494848,12-Team 2-Keeper — League Is Rigged V2,8,False,12591,Xavier Watts,DB,ATL,NO,away,2026-10-05,20:15,48.5,dome,,,13.0,league-specific IDP scoring proxy,,,,,,,1,,,,,,,,5.5,7.5,2026,True,13.0,0.0,,,,,,,,,,,,,13.0,0.0,73.3,DEGRADED,LT Jake Matthews (AT RISK) | C Ryan Neuzil (AT RISK) | RG Chris Lindstrom (AT RISK),-0.58,-0.51,-0.0,13.0,0.0,INDOOR,indoor,,,,,indoor/no weather adjustment,13.0,0.0,,,13.0,0.0,0.0,,,,
1359546418284494848,12-Team 2-Keeper — League Is Rigged V2,8,False,4983,DJ Moore,WR,BUF,NE,home,2026-10-04,13:00,48.5,outdoors,,,15.12,Sleeper raw-stat projection × league scoring + current usage + injury ripple,31.12,45.0,B,,,,1,,11.7,11.2,14.34,0.5,0.0,11,,,,,14.84,0.41,2026,STABLE,3,3,3,64.0,57.0,57.0,6.0,0.33,6.0,1.0,15.25,-0.0,100.0,HEALTHY,none,-0.0,-0.0,-0.0,15.25,0.0,LOW,no material weather signal,65.5,10.0,12.3,7.0,Open-Meteo game-time forecast,15.25,-0.13,QB1 QUESTIONABLE/DNP: pass-catcher efficiency risk with backup QB | Top edge rusher QUESTIONABLE/DNP: more time helps primary WR routes,MEDIUM,15.12,0.0,0.0,,,,
1359546418284494848,12-Team 2-Keeper — League Is Rigged V2,8,False,5850,Josh Jacobs,RB,GB,TB,away,2026-10-04,13:00,39.5,outdoors,,,13.74,season-long ECR proxy + OL health,,145.0,,NA,,,4,,,,,,,,,,,,14.18,0.0,,,,,,,,,,,,,14.18,-0.44,73.1,DEGRADED,LG Aaron Banks (UNAVAILABLE) | RG Jacob Monk (AT RISK),-0.36,-0.65,-0.0,13.74,0.0,LOW,no material weather signal,90.8,9.6,11.2,2.0,Open-Meteo game-time forecast,13.74,0.0,,,13.74,0.0,0.0,,,,
1359546418284494848,12-Team 2-Keeper — League Is Rigged V2,8,False,6183,Andrew Van Ginkel,LB,MIN,MIA,home,2026-10-04,16:05,38.5,dome,,,15.33,league-specific IDP scoring proxy,50.63,91.0,NA,,,,1,,,,,,,,13.6,1.73,2026,True,15.33,0.0,,,,,,,,,,,,,15.33,0.0,90.0,HEALTHY,LT Christian Darrisaw (AT RISK),-0.35,-0.11,-0.0,15.33,0.0,INDOOR,indoor,,,,,indoor/no weather adjustment,15.33,0.0,,,15.33,0.0,0.0,,,,
1359546418284494848,12-Team 2-Keeper — League Is Rigged V2,8,False,7523,Trevor Lawrence,QB,JAX,CIN,away,2026-10-04,13:00,51.5,outdoors,,,29.26,Sleeper raw-stat projection × league scoring + current usage + OL health,8.86,51.5,B,,,,1,,19.4,18.3,28.01,1.1,0.0,12,,,,,29.11,0.41,2026,STABLE,3,3,3,95.0,94.3,94.3,0.0,2.67,0.0,2.0,29.52,-0.26,90.0,HEALTHY,LT Anton Harrison (AT RISK),-0.35,-0.11,-0.0,29.26,0.0,LOW,no material weather signal,71.3,4.7,6.0,21.0,Open-Meteo game-time forecast,29.26,0.0,,,29.26,0.0,0.0,,,,
1359546418284494848,12-Team 2-Keeper — League Is Rigged V2,8,False,7588,Javonte Williams,RB,DAL,HOU,away,2026-10-04,13:00,48.5,,,,20.18,Sleeper raw-stat projection × league scoring + current usage,14.68,29.67,B,,,,1,,15.5,15.0,18.46,0.5,0.0,11,,,,,18.96,1.22,2026,STABLE,3,3,3,76.0,75.7,75.7,4.0,14.33,18.33,3.0,20.18,-0.0,100.0,HEALTHY,none,-0.0,-0.0,-0.0,20.18,0.0,LOW,no material weather signal,82.6,12.5,17.4,45.0,Open-Meteo game-time forecast,20.18,0.0,,,20.18,0.0,0.0,,,,
1359546418284494848,12-Team 2-Keeper — League Is Rigged V2,8,False,7611,Rhamondre Stevenson,RB,NE,BUF,away,2026-10-04,13:00,48.5,outdoors,,,14.7,Sleeper raw-stat projection × league scoring + current usage + OL health,28.63,80.83,C,,,,2,,9.6,10.3,15.35,-0.7,0.0,11,,,,,14.65,0.41,2026,STABLE,3,3,3,52.0,57.7,57.7,3.67,10.33,14.0,1.0,15.06,-0.36,75.9,MINOR CONCERN,RG Greg Van Roten (UNAVAILABLE) | RT Morgan Moses (LIMITED),-0.45,-0.51,-0.0,14.7,0.0,LOW,no material weather signal,65.5,10.0,12.3,7.0,Open-Meteo game-time forecast,14.7,0.0,,,14.7,0.0,0.0,,,,
1359546418284494848,12-Team 2-Keeper — League Is Rigged V2,8,False,7648,Nick Bolton,LB,KC,LV,away,2026-10-04,16:25,47.5,dome,,,18.0,league-specific IDP scoring proxy,9.35,12.0,NA,,,,1,,,,,,,,19.3,-1.3,2026,True,18.0,0.0,,,,,,,,,,,,,18.0,0.0,77.8,MINOR CONCERN,LT Josh Simmons (UNAVAILABLE),-0.78,-0.24,-0.0,18.0,0.0,INDOOR,indoor,,,,,indoor/no weather adjustment,18.0,0.0,,,18.0,0.0,0.0,,,,
1359546418284494848,12-Team 2-Keeper — League Is Rigged V2,8,False,8130,Trey McBride,TE,ARI,NYG,away,2026-10-04,13:00,44.5,outdoors,,,20.23,Sleeper raw-stat projection × league scoring + current usage + OL health,1.0,26.33,A+,,,,1,,17.6,17.1,18.16,0.5,0.0,9,,,,,18.66,1.62,2026,STABLE,3,3,3,91.0,86.3,86.3,11.33,0.0,11.33,4.0,20.28,-0.05,91.7,HEALTHY,RG Isaiah Adams (AT RISK),-0.11,-0.2,-0.0,20.23,0.0,LOW,no material weather signal,69.6,4.8,5.6,34.0,Open-Meteo game-time forecast,20.23,0.0,,,20.23,0.0,0.0,,,,
1359546418284494848,12-Team 2-Keeper — League Is Rigged V2,8,False,8148,Jameson Williams,WR,DET,CAR,away,2026-10-04,20:20,50.5,outdoors,,,12.66,Sleeper raw-stat projection × league scoring + current usage + injury ripple,25.46,59.0,B,,,,2,,11.8,11.9,11.36,-0.1,0.0,11,,,,,11.26,1.22,2026,STABLE,3,3,3,82.0,87.7,87.7,5.67,0.0,5.67,3.0,12.48,-0.0,100.0,HEALTHY,none,-0.0,-0.0,-0.0,12.48,0.0,LOW,no material weather signal,63.9,4.6,8.1,62.0,Open-Meteo game-time forecast,12.48,0.18,Opponent CB1 QUESTIONABLE/DNP: secondary WR matchup improves,MEDIUM,12.66,0.0,0.0,,,,
1359546418284494848,12-Team 2-Keeper — League Is Rigged V2,8,False,9487,Parker Washington,WR,JAX,CIN,away,2026-10-04,13:00,51.5,outdoors,,,19.72,Sleeper raw-stat projection × league scoring + current usage + OL health + injury ripple,11.37,29.67,A,,,,1,,15.9,14.8,17.36,1.1,0.0,11,,,,,18.46,1.22,2026,STABLE,3,3,3,81.0,74.3,74.3,7.67,0.0,7.67,3.0,19.68,-0.14,90.0,HEALTHY,LT Anton Harrison (AT RISK),-0.35,-0.11,-0.0,19.54,0.0,LOW,no material weather signal,71.3,4.7,6.0,21.0,Open-Meteo game-time forecast,19.54,0.18,Starting safety QUESTIONABLE/DNP: downfield coverage improves,MEDIUM,19.72,0.0,0.0,,,,
1359546418284494848,12-Team 2-Keeper — League Is Rigged V2,8,False,9509,Bijan Robinson,RB,ATL,NO,away,2026-10-05,20:15,48.5,dome,,,28.57,Sleeper raw-stat projection × league scoring + current usage + OL health + injury ripple,3.27,3.0,A+,,,,1,,20.8,20.3,27.06,0.5,0.0,11,,,,,27.56,1.22,2026,STABLE,3,3,3,72.0,66.7,66.7,5.33,22.0,27.33,3.0,28.78,-0.37,73.3,DEGRADED,LT Jake Matthews (AT RISK) | C Ryan Neuzil (AT RISK) | RG Chris Lindstrom (AT RISK),-0.58,-0.51,-0.0,28.41,0.0,INDOOR,indoor,,,,,indoor/no weather adjustment,28.41,0.16,Starting linebacker QUESTIONABLE/DNP: RB run/checkdown environment improves,MEDIUM,28.57,0.0,0.0,,,,
1359546418284494848,12-Team 2-Keeper — League Is Rigged V2,9,False,11646,Jalen Coker,WR,CAR,DET,home,2026-10-04,20:20,50.5,outdoors,,,3.48,Sleeper raw-stat projection × league scoring + current usage + OL health,20.22,62.67,A-,Out,,OUT,2,,0.0,12.8,15.1,-12.8,0.0,11,,,,,2.3,1.22,2026,STABLE,3,3,3,36.0,65.3,65.3,7.33,0.0,7.33,3.0,3.52,-0.04,91.7,HEALTHY,LG Damien Lewis (AT RISK),-0.11,-0.2,-0.0,3.48,0.0,LOW,no material weather signal,63.9,4.6,8.1,62.0,Open-Meteo game-time forecast,3.48,0.0,,,3.48,0.0,0.0,,,,
1359546418284494848,12-Team 2-Keeper — League Is Rigged V2,9,False,12578,Carson Schwesinger,LB,CLE,PIT,home,2026-10-01,20:15,38.5,outdoors,,,12.67,league-specific IDP scoring proxy,4.09,4.0,NA,,,,1,,,,,,,,19.2,-6.53,2026,True,12.67,0.0,,,,,,,,,,,,,12.67,0.0,63.1,DEGRADED,C Elgton Jenkins (AT RISK) | RG Teven Jenkins (UNAVAILABLE) | RT Tytus Howard (AT RISK),-0.71,-0.76,-0.0,12.67,0.0,LOW,no material weather signal,76.9,8.9,18.8,4.0,Open-Meteo game-time forecast,12.67,0.0,,,12.67,0.0,0.0,,,,
1359546418284494848,12-Team 2-Keeper — League Is Rigged V2,9,False,2216,Mike Evans,WR,SF,DEN,home,2026-10-04,16:25,47.5,outdoors,,,0.48,Sleeper raw-stat projection × league scoring + current usage + OL health,17.98,46.67,A-,Out,,OUT,1,,0.0,13.7,13.91,-13.7,0.0,6,,,,,0.21,0.41,2026,STABLE,3,3,3,33.0,54.0,54.0,5.33,0.0,5.33,1.0,0.62,-0.14,90.0,HEALTHY,LT Trent Williams (AT RISK),-0.35,-0.11,-0.0,0.48,0.0,LOW,no material weather signal,,,,,schedule fallback,0.48,0.0,,,0.48,0.0,0.0,,,,
1359546418284494848,12-Team 2-Keeper — League Is Rigged V2,9,False,3198,Derrick Henry,RB,BAL,TEN,home,2026-10-04,13:00,43.5,outdoors,,,26.97,Sleeper raw-stat projection × league scoring + current usage + OL health,6.59,18.83,A,,,,1,,18.9,18.4,25.89,0.5,0.0,11,,,,,26.39,0.81,2026,STABLE,3,3,3,67.0,58.0,58.0,1.67,22.0,23.67,2.0,27.2,-0.23,77.8,MINOR CONCERN,LT Ronnie Stanley (UNAVAILABLE),-0.78,-0.24,-0.0,26.97,0.0,LOW,no material weather signal,66.5,3.4,3.1,44.0,Open-Meteo game-time forecast,26.97,0.0,,,26.97,0.0,0.0,,,,
1359546418284494848,12-Team 2-Keeper — League Is Rigged V2,9,False,3294,Dak Prescott,QB,DAL,HOU,away,2026-10-04,13:00,48.5,,,,27.25,Sleeper raw-stat projection × league scoring + current usage,5.81,71.33,A,,,,1,,19.8,19.3,26.34,0.5,0.0,12,,,,,26.84,0.41,2026,STABLE,3,3,3,100.0,100.0,100.0,0.0,3.33,0.0,2.0,27.25,-0.0,100.0,HEALTHY,none,-0.0,-0.0,-0.0,27.25,0.0,LOW,no material weather signal,82.6,12.5,17.4,45.0,Open-Meteo game-time forecast,27.25,0.0,,,27.25,0.0,0.0,,,,
1359546418284494848,12-Team 2-Keeper — League Is Rigged V2,9,False,3451,Ka'imi Fairbairn,K,HOU,DAL,home,2026-10-04,13:00,48.5,,,,7.41,Sleeper raw-stat projection × league scoring,6.33,192.17,B-,,,,1,,9.1,8.6,6.91,0.5,0.0,7,,,,,7.41,0.0,,,,,,,,,,,,,7.41,0.0,90.0,HEALTHY,RT Trent Brown (AT RISK),-0.35,-0.11,-0.0,7.41,0.0,LOW,no material weather signal,82.6,12.5,17.4,45.0,Open-Meteo game-time forecast,7.41,0.0,,,7.41,0.0,0.0,,,,
1359546418284494848,12-Team 2-Keeper — League Is Rigged V2,9,False,4034,Christian McCaffrey,RB,SF,DEN,home,2026-10-04,16:25,47.5,outdoors,,,24.22,Sleeper raw-stat projection × league scoring + current usage + OL health,3.71,9.33,A,,,,1,,19.9,19.4,22.6,0.5,0.0,11,,,,,23.1,1.22,2026,STABLE,3,3,3,83.0,63.3,63.3,5.67,11.67,17.33,3.0,24.32,-0.1,90.0,HEALTHY,LT Trent Williams (AT RISK),-0.35,-0.11,-0.0,24.22,0.0,LOW,no material weather signal,,,,,schedule fallback,24.22,0.0,,,24.22,0.0,0.0,,,,
1359546418284494848,12-Team 2-Keeper — League Is Rigged V2,9,False,5022,Dallas Goedert,TE,PHI,LAR,home,2026-10-04,13:00,43.5,outdoors,,,0.76,season-long ECR proxy + current usage + injury ripple,,128.67,,Out,,OUT,4,,,,,,,,,,,,0.0,0.26,2026,STABLE,2,2,2,25.0,60.0,60.0,3.5,0.0,3.5,1.0,0.26,-0.0,100.0,HEALTHY,none,-0.0,-0.0,-0.0,0.26,0.0,LOW,no material weather signal,69.2,4.1,3.6,38.0,Open-Meteo game-time forecast,0.26,0.5,Starting safety OUT/IR: TE middle/deep matchup improves,MEDIUM,0.76,0.0,0.0,,,,
1359546418284494848,12-Team 2-Keeper — League Is Rigged V2,9,False,6801,Tee Higgins,WR,CIN,JAX,home,2026-10-04,13:00,51.5,outdoors,,,17.58,Sleeper raw-stat projection × league scoring + current usage,19.22,36.33,A-,,,,2,,13.1,13.2,16.46,-0.1,0.0,11,,,,,16.36,1.22,2026,STABLE,3,3,3,93.0,79.0,79.0,7.67,0.0,7.67,3.0,17.58,-0.0,100.0,HEALTHY,none,-0.0,-0.0,-0.0,17.58,0.0,LOW,no material weather signal,71.3,4.7,6.0,21.0,Open-Meteo game-time forecast,17.58,0.0,,,17.58,0.0,0.0,,,,
1359546418284494848,12-Team 2-Keeper — League Is Rigged V2,9,False,6815,Zack Baun,LB,PHI,LAR,home,2026-10-04,13:00,43.5,outdoors,,,16.67,league-specific IDP scoring proxy,9.7,13.0,NA,,,,1,,,,,,,,19.0,-2.33,2026,True,16.67,0.0,,,,,,,,,,,,,16.67,0.0,100.0,HEALTHY,none,-0.0,-0.0,-0.0,16.67,0.0,LOW,no material weather signal,69.2,4.1,3.6,38.0,Open-Meteo game-time forecast,16.67,0.0,,,16.67,0.0,0.0,,,,
1359546418284494848,12-Team 2-Keeper — League Is Rigged V2,9,False,7113,Alex Highsmith,LB,PIT,CLE,away,2026-10-01,20:15,38.5,outdoors,,,16.0,league-specific IDP scoring proxy,56.13,,NA,,,,1,,,,,,,,13.5,2.5,2026,True,16.0,0.0,,,,,,,,,,,,,16.0,0.0,90.0,HEALTHY,LT Troy Fautanu (AT RISK),-0.35,-0.11,-0.0,16.0,0.0,LOW,no material weather signal,76.9,8.9,18.8,4.0,Open-Meteo game-time forecast,16.0,0.0,,,16.0,0.0,0.0,,,,
1359546418284494848,12-Team 2-Keeper — League Is Rigged V2,9,False,7526,Jaylen Waddle,WR,DEN,SF,away,2026-10-04,16:25,47.5,outdoors,,,14.76,Sleeper raw-stat projection × league scoring + current usage + injury ripple,15.46,29.17,A,Questionable,,QUESTIONABLE,1,,12.1,14.1,13.0,0.5,2.5,11,,,,,13.5,0.81,2026,STABLE,3,3,3,73.0,69.7,69.7,6.67,0.33,6.67,2.0,14.31,-0.0,100.0,HEALTHY,none,-0.0,-0.0,-0.0,14.31,0.0,LOW,no material weather signal,,,,,schedule fallback,14.31,0.45,Opponent CB1 QUESTIONABLE/DNP: projected WR1 coverage matchup improves (not confirmed shadow),MEDIUM,14.76,0.0,0.0,,,,
1359546418284494848,12-Team 2-Keeper — League Is Rigged V2,9,False,7567,Kenny Gainwell,RB,TB,GB,home,2026-10-04,13:00,39.5,outdoors,,,8.4,Sleeper raw-stat projection × league scoring,42.22,146.0,D,,,,2,,6.7,7.4,9.1,-0.7,0.0,11,,,,,8.4,0.0,2026,STABLE,3,3,3,46.0,42.3,42.3,3.33,3.33,6.67,0.0,8.4,-0.0,100.0,HEALTHY,none,-0.0,-0.0,-0.0,8.4,0.0,LOW,no material weather signal,90.8,9.6,11.2,2.0,Open-Meteo game-time forecast,8.4,0.0,,,8.4,0.0,0.0,,,,
1359546418284494848,12-Team 2-Keeper — League Is Rigged V2,9,False,8110,Jake Ferguson,TE,DAL,HOU,away,2026-10-04,13:00,48.5,,,,10.25,Sleeper raw-stat projection × league scoring + current usage,18.63,131.17,D,,,,1,,9.1,8.6,9.34,0.5,0.0,6,,,,,9.84,0.41,2026,STABLE,3,3,3,69.0,68.3,68.3,3.67,0.0,3.67,1.0,10.25,-0.0,100.0,HEALTHY,none,-0.0,-0.0,-0.0,10.25,0.0,LOW,no material weather signal,82.6,12.5,17.4,45.0,Open-Meteo game-time forecast,10.25,0.0,,,10.25,0.0,0.0,,,,
1359546418284494848,12-Team 2-Keeper — League Is Rigged V2,9,False,8142,Alec Pierce,WR,IND,WAS,away,2026-10-04,09:30,47.5,outdoors,,,0.0,season-long ECR proxy,,108.83,,IR,,IR/PUP,9,,,,,,,,,,,,0.0,0.0,2026,STABLE,2,2,2,26.0,42.5,42.5,3.5,0.0,3.5,0.0,0.0,-0.0,100.0,HEALTHY,none,-0.0,-0.0,-0.0,0.0,0.0,LOW,no material weather signal,62.9,3.4,5.8,44.0,Open-Meteo game-time forecast,0.0,0.0,,,0.0,0.0,0.0,,,,
1359546418284494848,12-Team 2-Keeper — League Is Rigged V2,9,False,8183,Brock Purdy,QB,SF,DEN,home,2026-10-04,16:25,47.5,outdoors,,,28.9,Sleeper raw-stat projection × league scoring + current usage + OL health,3.21,65.17,A,,,,1,,22.5,22.0,28.25,0.5,0.0,12,,,,,28.75,0.41,2026,STABLE,3,3,3,100.0,95.0,95.0,0.0,3.33,0.0,2.0,29.16,-0.26,90.0,HEALTHY,LT Trent Williams (AT RISK),-0.35,-0.11,-0.0,28.9,0.0,LOW,no material weather signal,,,,,schedule fallback,28.9,0.0,,,28.9,0.0,0.0,,,,
1359546418284494848,12-Team 2-Keeper — League Is Rigged V2,9,False,8330,Quentin Lake,DB,LAR,PHI,away,2026-10-04,13:00,43.5,outdoors,,,23.0,league-specific IDP scoring proxy,4.26,29.5,NA,,,,1,,,,,,,,19.7,3.3,2026,True,23.0,0.0,,,,,,,,,,,,,23.0,0.0,100.0,HEALTHY,none,-0.0,-0.0,-0.0,23.0,0.0,LOW,no material weather signal,69.2,4.1,3.6,38.0,Open-Meteo game-time forecast,23.0,0.0,,,23.0,0.0,0.0,,,,
1359546418284494848,12-Team 2-Keeper — League Is Rigged V2,10,False,10892,Will Anderson,DL,HOU,DAL,home,2026-10-04,13:00,48.5,,,,20.33,league-specific IDP scoring proxy,3.09,26.0,NA,,,,1,,,,,,,,19.8,0.53,2026,True,20.33,0.0,,,,,,,,,,,,,20.33,0.0,90.0,HEALTHY,RT Trent Brown (AT RISK),-0.35,-0.11,-0.0,20.33,0.0,LOW,no material weather signal,82.6,12.5,17.4,45.0,Open-Meteo game-time forecast,20.33,0.0,,,20.33,0.0,0.0,,,,
1359546418284494848,12-Team 2-Keeper — League Is Rigged V2,10,False,11604,Brock Bowers,TE,LV,KC,home,2026-10-04,16:25,47.5,dome,,,16.96,Sleeper raw-stat projection × league scoring + current usage + OL health,4.03,36.5,A,,,,1,,14.1,13.6,16.02,0.5,0.0,11,,,,,16.52,0.49,2026,STABLE,3,1,1,79.0,79.0,79.0,13.0,0.0,13.0,3.0,17.01,-0.05,91.7,HEALTHY,RG Jackson Powers-Johnson (AT RISK),-0.11,-0.2,-0.0,16.96,0.0,INDOOR,indoor,,,,,indoor/no weather adjustment,16.96,0.0,,,16.96,0.0,0.0,,,,
1359546418284494848,12-Team 2-Keeper — League Is Rigged V2,10,False,11678,Cooper DeJean,DB,PHI,LAR,home,2026-10-04,13:00,43.5,outdoors,,,11.0,league-specific IDP scoring proxy,19.0,62.0,NA,,,,1,,,,,,,,18.0,-7.0,2026,True,11.0,0.0,,,,,,,,,,,,,11.0,0.0,100.0,HEALTHY,none,-0.0,-0.0,-0.0,11.0,0.0,LOW,no material weather signal,69.2,4.1,3.6,38.0,Open-Meteo game-time forecast,11.0,0.0,,,11.0,0.0,0.0,,,,
1359546418284494848,12-Team 2-Keeper — League Is Rigged V2,10,False,12526,Tetairoa McMillan,WR,CAR,DET,home,2026-10-04,20:20,50.5,outdoors,,,16.77,Sleeper raw-stat projection × league scoring + current usage + OL health,15.27,38.17,A,,,,1,,15.4,14.3,14.09,1.1,0.0,11,,,,,15.19,1.62,2026,STABLE,3,3,3,95.0,85.7,85.7,7.67,0.0,7.67,4.0,16.81,-0.04,91.7,HEALTHY,LG Damien Lewis (AT RISK),-0.11,-0.2,-0.0,16.77,0.0,LOW,no material weather signal,63.9,4.6,8.1,62.0,Open-Meteo game-time forecast,16.77,0.0,,,16.77,0.0,0.0,,,,
1359546418284494848,12-Team 2-Keeper — League Is Rigged V2,10,False,13298,KC Concepcion,WR,CLE,PIT,home,2026-10-01,20:15,38.5,outdoors,,,9.71,Sleeper raw-stat projection × league scoring + current usage + OL health + injury ripple,41.76,80.67,C,,,,2,,9.1,10.3,9.98,-1.2,0.0,11,,,,,8.78,0.81,2026,STABLE,3,3,3,86.0,73.7,73.7,6.67,1.33,6.67,2.0,9.59,-0.28,63.1,DEGRADED,C Elgton Jenkins (AT RISK) | RG Teven Jenkins (UNAVAILABLE) | RT Tytus Howard (AT RISK),-0.71,-0.76,-0.0,9.31,0.0,LOW,no material weather signal,76.9,8.9,18.8,4.0,Open-Meteo game-time forecast,9.31,0.4,Opponent CB1 OUT/IR: secondary WR matchup improves,MEDIUM,9.71,0.0,0.0,,,,
1359546418284494848,12-Team 2-Keeper — League Is Rigged V2,10,False,13375,Sonny Styles,LB,WAS,IND,home,2026-10-04,09:30,47.5,outdoors,,,13.33,league-specific IDP scoring proxy,29.22,27.5,NA,,,,1,,,,,,,,17.3,-3.97,2026,True,13.33,0.0,,,,,,,,,,,,,13.33,0.0,100.0,HEALTHY,none,-0.0,-0.0,-0.0,13.33,0.0,LOW,no material weather signal,62.9,3.4,5.8,44.0,Open-Meteo game-time forecast,13.33,0.0,,,13.33,0.0,0.0,,,,
1359546418284494848,12-Team 2-Keeper — League Is Rigged V2,10,False,2747,Jason Myers,K,SEA,LAC,home,2026-10-04,16:25,42.5,outdoors,,,7.24,Sleeper raw-stat projection × league scoring,8.39,200.5,C+,,,,1,,8.9,8.4,6.74,0.5,0.0,7,,,,,7.24,0.0,,,,,,,,,,,,,7.24,0.0,100.0,HEALTHY,none,-0.0,-0.0,-0.0,7.24,0.0,LOW,no material weather signal,69.8,6.8,6.3,0.0,Open-Meteo game-time forecast,7.24,0.0,,,7.24,0.0,0.0,,,,
1359546418284494848,12-Team 2-Keeper — League Is Rigged V2,10,False,3163,Jared Goff,QB,DET,CAR,away,2026-10-04,20:20,50.5,outdoors,,,26.56,Sleeper raw-stat projection × league scoring + current usage,6.98,87.33,B+,,,,1,,19.8,18.7,25.05,1.1,0.0,12,,,,,26.15,0.41,2026,STABLE,3,3,3,100.0,100.0,100.0,0.0,3.0,0.0,2.0,26.56,-0.0,100.0,HEALTHY,none,-0.0,-0.0,-0.0,26.56,0.0,LOW,no material weather signal,63.9,4.6,8.1,62.0,Open-Meteo game-time forecast,26.56,0.0,,,26.56,0.0,0.0,,,,
1359546418284494848,12-Team 2-Keeper — League Is Rigged V2,10,False,3214,Hunter Henry,TE,NE,BUF,away,2026-10-04,13:00,48.5,outdoors,,,10.68,Sleeper raw-stat projection × league scoring + current usage + OL health,17.8,138.67,D,,,,1,,9.8,9.3,9.95,0.5,0.0,6,,,,,10.45,0.41,2026,STABLE,3,3,3,70.0,79.0,79.0,3.33,0.0,3.33,1.0,10.86,-0.18,75.9,MINOR CONCERN,RG Greg Van Roten (UNAVAILABLE) | RT Morgan Moses (LIMITED),-0.45,-0.51,-0.0,10.68,0.0,LOW,no material weather signal,65.5,10.0,12.3,7.0,Open-Meteo game-time forecast,10.68,0.0,,,10.68,0.0,0.0,,,,
1359546418284494848,12-Team 2-Keeper — League Is Rigged V2,10,False,3973,Myles Garrett,DE,LAR,PHI,away,2026-10-04,13:00,43.5,outdoors,,,0.0,season-long ECR proxy,,69.5,,IR,,IR/PUP,1,,,,,,,,,,,,0.0,0.0,,,,,,,,,,,,,0.0,0.0,100.0,HEALTHY,none,-0.0,-0.0,-0.0,0.0,0.0,LOW,no material weather signal,69.2,4.1,3.6,38.0,Open-Meteo game-time forecast,0.0,0.0,,,0.0,0.0,0.0,,,,
1359546418284494848,12-Team 2-Keeper — League Is Rigged V2,10,False,4892,Baker Mayfield,QB,TB,GB,home,2026-10-04,13:00,39.5,outdoors,,,0.41,weekly projected points + current usage,20.6,126.33,D,Out,,OUT,2,,,,,,,,,,,,0.0,0.41,2026,STABLE,3,3,3,94.0,98.0,98.0,0.0,3.67,0.0,2.0,0.41,-0.0,100.0,HEALTHY,none,-0.0,-0.0,-0.0,0.41,0.0,LOW,no material weather signal,90.8,9.6,11.2,2.0,Open-Meteo game-time forecast,0.41,0.0,,,0.41,0.0,0.0,,,,
1359546418284494848,12-Team 2-Keeper — League Is Rigged V2,10,False,4993,Mike Gesicki,TE,CIN,JAX,home,2026-10-04,13:00,51.5,outdoors,,,9.63,Sleeper raw-stat projection × league scoring + current usage,27.53,206.83,F,,,,1,,7.7,6.6,8.12,1.1,0.0,6,,,,,9.22,0.41,2026,STABLE,3,2,3,51.0,39.7,39.7,5.0,0.0,5.0,1.0,9.63,-0.0,100.0,HEALTHY,none,-0.0,-0.0,-0.0,9.63,0.0,LOW,no material weather signal,71.3,4.7,6.0,21.0,Open-Meteo game-time forecast,9.63,0.0,,,9.63,0.0,0.0,,,,
1359546418284494848,12-Team 2-Keeper — League Is Rigged V2,10,False,5892,David Montgomery,RB,HOU,DAL,home,2026-10-04,13:00,48.5,,,,18.92,Sleeper raw-stat projection × league scoring + current usage + OL health,21.22,53.67,B-,,,,1,,13.0,12.5,18.11,0.5,0.0,11,,,,,18.61,0.41,2026,STABLE,3,3,3,63.0,54.7,54.7,2.33,12.33,14.67,1.0,19.02,-0.1,90.0,HEALTHY,RT Trent Brown (AT RISK),-0.35,-0.11,-0.0,18.92,0.0,LOW,no material weather signal,82.6,12.5,17.4,45.0,Open-Meteo game-time forecast,18.92,0.0,,,18.92,0.0,0.0,,,,
1359546418284494848,12-Team 2-Keeper — League Is Rigged V2,10,False,5947,Jakobi Meyers,WR,JAX,CIN,away,2026-10-04,13:00,51.5,outdoors,,,10.29,Sleeper raw-stat projection × league scoring + current usage + OL health,47.66,93.67,C-,,,,2,,9.5,9.6,10.12,-0.1,0.0,11,,,,,10.02,0.41,2026,STABLE,3,3,3,81.0,78.7,78.7,3.67,0.33,3.67,1.0,10.43,-0.14,90.0,HEALTHY,LT Anton Harrison (AT RISK),-0.35,-0.11,-0.0,10.29,0.0,LOW,no material weather signal,71.3,4.7,6.0,21.0,Open-Meteo game-time forecast,10.29,0.0,,,10.29,0.0,0.0,,,,
1359546418284494848,12-Team 2-Keeper — League Is Rigged V2,10,False,6794,Justin Jefferson,WR,MIN,MIA,home,2026-10-04,16:05,38.5,dome,,,0.67,Sleeper raw-stat projection × league scoring + current usage + OL health,6.15,12.0,A+,Out,,OUT,1,,0.0,17.0,17.0,-17.0,0.0,8,,,,,0.0,0.81,2026,STABLE,3,3,3,12.0,68.0,68.0,5.67,0.0,5.67,2.0,0.81,-0.14,90.0,HEALTHY,LT Christian Darrisaw (AT RISK),-0.35,-0.11,-0.0,0.67,0.0,INDOOR,indoor,,,,,indoor/no weather adjustment,0.67,0.0,,,0.67,0.0,0.0,,,,
1359546418284494848,12-Team 2-Keeper — League Is Rigged V2,10,False,7543,Travis Etienne,RB,NO,ATL,home,2026-10-05,20:15,48.5,dome,,,0.41,weekly projected points + current usage,26.39,64.0,C+,Out,,OUT,3,,,,,,,,,,,,0.0,0.41,2026,STABLE,3,3,3,38.0,50.3,50.3,4.33,10.0,14.33,1.0,0.41,-0.0,100.0,HEALTHY,none,-0.0,-0.0,-0.0,0.41,0.0,INDOOR,indoor,,,,,indoor/no weather adjustment,0.41,0.0,,,0.41,0.0,0.0,,,,
1359546418284494848,12-Team 2-Keeper — League Is Rigged V2,10,False,8289,Aidan Hutchinson,DL,DET,CAR,away,2026-10-04,20:20,50.5,outdoors,,,13.0,league-specific IDP scoring proxy,1.61,23.5,NA,,,,1,,,,,,,,21.0,-8.0,2026,True,13.0,0.0,,,,,,,,,,,,,13.0,0.0,100.0,HEALTHY,none,-0.0,-0.0,-0.0,13.0,0.0,LOW,no material weather signal,63.9,4.6,8.1,62.0,Open-Meteo game-time forecast,13.0,0.0,,,13.0,0.0,0.0,,,,
1359546418284494848,12-Team 2-Keeper — League Is Rigged V2,10,False,8392,Nick Cross,DB,WAS,IND,home,2026-10-04,09:30,47.5,outdoors,,,0.0,league-specific IDP scoring proxy,,33.0,,Out,,OUT,1,,,,,,,,0.0,0.0,2026,True,0.0,0.0,,,,,,,,,,,,,0.0,0.0,100.0,HEALTHY,none,-0.0,-0.0,-0.0,0.0,0.0,LOW,no material weather signal,62.9,3.4,5.8,44.0,Open-Meteo game-time forecast,0.0,0.0,,,0.0,0.0,0.0,,,,
1359546418284494848,12-Team 2-Keeper — League Is Rigged V2,11,False,10917,Byron Young,LB,LAR,PHI,away,2026-10-04,13:00,43.5,outdoors,,,6.67,league-specific IDP scoring proxy,18.22,80.5,NA,,,,1,,,,,,,,18.0,-11.33,2026,True,6.67,0.0,,,,,,,,,,,,,6.67,0.0,100.0,HEALTHY,none,-0.0,-0.0,-0.0,6.67,0.0,LOW,no material weather signal,69.2,4.1,3.6,38.0,Open-Meteo game-time forecast,6.67,0.0,,,6.67,0.0,0.0,,,,
1359546418284494848,12-Team 2-Keeper — League Is Rigged V2,11,False,11620,Rome Odunze,WR,CHI,NYJ,home,2026-10-04,13:00,43.5,outdoors,,,9.91,Sleeper raw-stat projection × league scoring + current usage + OL health + injury ripple,49.88,66.17,C-,,,,1,,10.0,9.5,8.79,0.5,0.0,11,,,,,9.29,0.81,2026,STABLE,3,3,3,85.0,72.3,72.3,4.33,0.0,4.33,2.0,10.1,-0.14,90.0,HEALTHY,LT Braxton Jones (AT RISK),-0.35,-0.11,-0.0,9.96,0.0,LOW,no material weather signal,65.3,9.9,13.4,3.0,Open-Meteo game-time forecast,9.96,-0.05,QB1 OUT/IR: pass-catcher efficiency risk with backup QB | Starting safety OUT/IR: downfield coverage improves,MEDIUM,9.91,0.0,0.0,,,,
1359546418284494848,12-Team 2-Keeper — League Is Rigged V2,11,False,11635,Ladd McConkey,WR,LAC,SEA,away,2026-10-04,16:25,42.5,outdoors,,,14.53,Sleeper raw-stat projection × league scoring + current usage + injury ripple,15.9,43.17,A,,,,1,,14.5,14.0,12.57,0.5,0.0,11,,,,,13.07,0.81,2026,STABLE,3,3,3,88.0,61.0,61.0,5.0,0.0,5.0,2.0,13.88,-0.0,100.0,HEALTHY,none,-0.0,-0.0,-0.0,13.88,0.0,LOW,no material weather signal,69.8,6.8,6.3,0.0,Open-Meteo game-time forecast,13.88,0.65,TE1 OUT/IR: WR1 target share can rise | Starting safety OUT/IR: downfield coverage improves,MEDIUM,14.53,0.0,0.0,,,,
1359546418284494848,12-Team 2-Keeper — League Is Rigged V2,11,False,11705,Tykee Smith,DB,TB,GB,home,2026-10-04,13:00,39.5,outdoors,,,11.0,league-specific IDP scoring proxy,7.39,34.5,NA,,,,1,,,,,,,,19.6,-8.6,2026,True,11.0,0.0,,,,,,,,,,,,,11.0,0.0,100.0,HEALTHY,none,-0.0,-0.0,-0.0,11.0,0.0,LOW,no material weather signal,90.8,9.6,11.2,2.0,Open-Meteo game-time forecast,11.0,0.0,,,11.0,0.0,0.0,,,,
1359546418284494848,12-Team 2-Keeper — League Is Rigged V2,11,False,12489,RJ Harvey,RB,DEN,SF,away,2026-10-04,16:25,47.5,outdoors,,,12.28,Sleeper raw-stat projection × league scoring,33.85,143.33,C,Questionable,,QUESTIONABLE,2,,6.1,9.3,12.98,-0.7,2.5,11,,,,,12.28,0.0,2026,STABLE,3,2,2,36.0,43.5,43.5,5.5,2.5,8.0,0.0,12.28,-0.0,100.0,HEALTHY,none,-0.0,-0.0,-0.0,12.28,0.0,LOW,no material weather signal,,,,,schedule fallback,12.28,0.0,,,12.28,0.0,0.0,,,,
1359546418284494848,12-Team 2-Keeper — League Is Rigged V2,11,False,12518,Tyler Warren,TE,IND,WAS,away,2026-10-04,09:30,47.5,outdoors,,,14.6,Sleeper raw-stat projection × league scoring + current usage,8.23,72.33,B-,,,,1,,11.9,11.4,12.48,0.5,0.0,11,,,,,12.98,1.62,2026,STABLE,3,3,3,94.0,92.0,92.0,7.33,0.67,7.33,4.0,14.6,-0.0,100.0,HEALTHY,none,-0.0,-0.0,-0.0,14.6,0.0,LOW,no material weather signal,62.9,3.4,5.8,44.0,Open-Meteo game-time forecast,14.6,0.0,,,14.6,0.0,0.0,,,,
1359546418284494848,12-Team 2-Keeper — League Is Rigged V2,11,False,12527,Ashton Jeanty,RB,LV,KC,home,2026-10-04,16:25,47.5,dome,,,20.89,Sleeper raw-stat projection × league scoring + current usage + OL health,5.95,15.67,A,,,,1,,19.6,19.1,19.31,0.5,0.0,11,,,,,19.81,1.22,2026,STABLE,3,3,3,84.0,79.7,79.7,5.33,21.0,26.33,3.0,21.03,-0.14,91.7,HEALTHY,RG Jackson Powers-Johnson (AT RISK),-0.11,-0.2,-0.0,20.89,0.0,INDOOR,indoor,,,,,indoor/no weather adjustment,20.89,0.0,,,20.89,0.0,0.0,,,,
1359546418284494848,12-Team 2-Keeper — League Is Rigged V2,11,False,13294,Makai Lemon,WR,PHI,LAR,home,2026-10-04,13:00,43.5,outdoors,,,5.72,Sleeper raw-stat projection × league scoring + current usage,62.1,93.67,D-,,,,3,,6.7,8.2,6.81,-1.5,0.0,11,,,,,5.31,0.41,2026,STABLE,3,3,3,70.0,65.7,65.7,3.0,0.33,3.0,1.0,5.72,-0.0,100.0,HEALTHY,none,-0.0,-0.0,-0.0,5.72,0.0,LOW,no material weather signal,69.2,4.1,3.6,38.0,Open-Meteo game-time forecast,5.72,0.0,,,5.72,0.0,0.0,,,,
1359546418284494848,12-Team 2-Keeper — League Is Rigged V2,11,False,1945,Chris Boswell,K,PIT,CLE,away,2026-10-01,20:15,38.5,outdoors,,,5.57,Sleeper raw-stat projection × league scoring,18.0,269.33,C-,,,,1,,7.1,7.1,5.57,0.0,0.0,7,,,,,5.57,0.0,,,,,,,,,,,,,5.57,0.0,90.0,HEALTHY,LT Troy Fautanu (AT RISK),-0.35,-0.11,-0.0,5.57,0.0,LOW,no material weather signal,76.9,8.9,18.8,4.0,Open-Meteo game-time forecast,5.57,0.0,,,5.57,0.0,0.0,,,,
1359546418284494848,12-Team 2-Keeper — League Is Rigged V2,11,False,2393,Danielle Hunter,DE,HOU,DAL,home,2026-10-04,13:00,48.5,,,,10.0,league-specific IDP scoring proxy,9.17,61.5,NA,,,,1,,,,,,,,19.3,-9.3,2026,True,10.0,0.0,,,,,,,,,,,,,10.0,0.0,90.0,HEALTHY,RT Trent Brown (AT RISK),-0.35,-0.11,-0.0,10.0,0.0,LOW,no material weather signal,82.6,12.5,17.4,45.0,Open-Meteo game-time forecast,10.0,0.0,,,10.0,0.0,0.0,,,,
1359546418284494848,12-Team 2-Keeper — League Is Rigged V2,11,False,2449,Stefon Diggs,WR,WAS,IND,home,2026-10-04,09:30,47.5,outdoors,,,11.05,Sleeper raw-stat projection × league scoring + current usage + injury ripple,37.83,66.67,C,,,,2,,10.2,10.9,11.39,-0.7,0.0,8,,,,,10.69,0.81,2026,STABLE,3,3,3,59.0,57.7,57.7,7.33,0.0,7.33,2.0,11.5,-0.0,100.0,HEALTHY,none,-0.0,-0.0,-0.0,11.5,0.0,LOW,no material weather signal,62.9,3.4,5.8,44.0,Open-Meteo game-time forecast,11.5,-0.45,QB1 OUT/IR: pass-catcher efficiency risk with backup QB,MEDIUM,11.05,0.0,0.0,,,,
1359546418284494848,12-Team 2-Keeper — League Is Rigged V2,11,False,4070,T.J. Watt,LB,PIT,CLE,away,2026-10-01,20:15,38.5,outdoors,,,16.67,league-specific IDP scoring proxy,43.61,50.0,NA,,,,1,,,,,,,,15.4,1.27,2026,True,16.67,0.0,,,,,,,,,,,,,16.67,0.0,90.0,HEALTHY,LT Troy Fautanu (AT RISK),-0.35,-0.11,-0.0,16.67,0.0,LOW,no material weather signal,76.9,8.9,18.8,4.0,Open-Meteo game-time forecast,16.67,0.0,,,16.67,0.0,0.0,,,,
1359546418284494848,12-Team 2-Keeper — League Is Rigged V2,11,False,6770,Joe Burrow,QB,CIN,JAX,home,2026-10-04,13:00,51.5,outdoors,,,29.07,Sleeper raw-stat projection × league scoring + current usage,9.81,56.17,B,,,,1,,18.8,17.7,27.56,1.1,0.0,12,,,,,28.66,0.41,2026,STABLE,3,3,3,100.0,100.0,100.0,0.0,2.67,0.0,2.0,29.07,-0.0,100.0,HEALTHY,none,-0.0,-0.0,-0.0,29.07,0.0,LOW,no material weather signal,71.3,4.7,6.0,21.0,Open-Meteo game-time forecast,29.07,0.0,,,29.07,0.0,0.0,,,,
1359546418284494848,12-Team 2-Keeper — League Is Rigged V2,11,False,6797,Justin Herbert,QB,LAC,SEA,away,2026-10-04,16:25,42.5,outdoors,,,22.02,Sleeper raw-stat projection × league scoring + current usage,13.95,89.67,C+,,,,1,,17.5,17.0,21.11,0.5,0.0,12,,,,,21.61,0.41,2026,STABLE,3,3,3,100.0,100.0,100.0,0.0,4.0,0.0,2.0,22.02,-0.0,100.0,HEALTHY,none,-0.0,-0.0,-0.0,22.02,0.0,LOW,no material weather signal,69.8,6.8,6.3,0.0,Open-Meteo game-time forecast,22.02,0.0,,,22.02,0.0,0.0,,,,
1359546418284494848,12-Team 2-Keeper — League Is Rigged V2,11,False,6813,Jonathan Taylor,RB,IND,WAS,away,2026-10-04,09:30,47.5,outdoors,,,29.13,Sleeper raw-stat projection × league scoring + current usage,7.05,7.0,A,,,,1,,18.4,17.9,27.01,0.5,0.0,11,,,,,27.51,1.62,2026,STABLE,3,3,3,85.0,89.3,89.3,3.67,22.0,25.67,4.0,29.13,-0.0,100.0,HEALTHY,none,-0.0,-0.0,-0.0,29.13,0.0,LOW,no material weather signal,62.9,3.4,5.8,44.0,Open-Meteo game-time forecast,29.13,0.0,,,29.13,0.0,0.0,,,,
1359546418284494848,12-Team 2-Keeper — League Is Rigged V2,11,False,6828,AJ Dillon,RB,CAR,DET,home,2026-10-04,20:20,50.5,outdoors,,,4.35,Sleeper raw-stat projection × league scoring + current usage + OL health,61.34,,F,,,,2,,3.6,3.7,5.4,-0.1,0.0,7,,,,,5.3,-0.81,2026,STABLE,3,3,3,16.0,10.7,10.7,0.33,4.0,4.33,-2.0,4.49,-0.14,91.7,HEALTHY,LG Damien Lewis (AT RISK),-0.11,-0.2,-0.0,4.35,0.0,LOW,no material weather signal,63.9,4.6,8.1,62.0,Open-Meteo game-time forecast,4.35,0.0,,,4.35,0.0,0.0,,,,
1359546418284494848,12-Team 2-Keeper — League Is Rigged V2,11,False,9753,Zach Charbonnet,RB,SEA,LAC,home,2026-10-04,16:25,42.5,outdoors,,,0.0,season-long ECR proxy,,220.0,,PUP,,IR/PUP,5,,,,,,,,,,,,0.0,0.0,,,,,,,,,,,,,0.0,-0.0,100.0,HEALTHY,none,-0.0,-0.0,-0.0,0.0,0.0,LOW,no material weather signal,69.8,6.8,6.3,0.0,Open-Meteo game-time forecast,0.0,0.0,,,0.0,0.0,0.0,,,,
1359546418284494848,12-Team 2-Keeper — League Is Rigged V2,11,False,9997,Zay Flowers,WR,BAL,TEN,home,2026-10-04,13:00,43.5,outdoors,,,18.97,Sleeper raw-stat projection × league scoring + current usage + OL health + injury ripple,48.89,21.83,C-,,,,1,,9.3,8.8,18.41,0.5,0.0,11,,,,,18.91,0.26,2026,STABLE,3,2,2,33.0,31.0,31.0,6.0,0.5,6.0,1.0,19.17,-0.31,77.8,MINOR CONCERN,LT Ronnie Stanley (UNAVAILABLE),-0.78,-0.24,-0.0,18.86,0.0,LOW,no material weather signal,66.5,3.4,3.1,44.0,Open-Meteo game-time forecast,18.86,0.11,TE1 QUESTIONABLE/DNP: WR1 target share can rise,MEDIUM,18.97,0.0,0.0,,,,
1359546418284494848,12-Team 2-Keeper — League Is Rigged V2,12,False,10236,Dalton Kincaid,TE,BUF,NE,home,2026-10-04,13:00,48.5,outdoors,,,13.74,Sleeper raw-stat projection × league scoring + current usage + injury ripple,2.23,70.17,A,,,,1,,14.7,14.2,12.63,0.5,0.0,6,,,,,13.13,0.81,2026,STABLE,3,3,3,67.0,68.3,68.3,5.67,0.0,5.67,2.0,13.94,-0.0,100.0,HEALTHY,none,-0.0,-0.0,-0.0,13.94,0.0,LOW,no material weather signal,65.5,10.0,12.3,7.0,Open-Meteo game-time forecast,13.94,-0.2,QB1 QUESTIONABLE/DNP: pass-catcher efficiency risk with backup QB,MEDIUM,13.74,0.0,0.0,,,,
1359546418284494848,12-Team 2-Keeper — League Is Rigged V2,12,False,11628,Marvin Harrison,WR,ARI,NYG,away,2026-10-04,13:00,44.5,outdoors,,,5.66,Sleeper raw-stat projection × league scoring + current usage + OL health + injury ripple,55.49,103.67,D+,,,,2,,8.3,9.0,5.59,-0.7,0.0,6,,,,,4.89,0.41,2026,STABLE,3,3,3,77.0,76.7,76.7,3.0,0.0,3.0,1.0,5.3,-0.04,91.7,HEALTHY,RG Isaiah Adams (AT RISK),-0.11,-0.2,-0.0,5.26,0.0,LOW,no material weather signal,69.6,4.8,5.6,34.0,Open-Meteo game-time forecast,5.26,0.4,Opponent CB1 OUT/IR: secondary WR matchup improves,MEDIUM,5.66,0.0,0.0,,,,
1359546418284494848,12-Team 2-Keeper — League Is Rigged V2,12,False,12529,TreVeyon Henderson,RB,NE,BUF,away,2026-10-04,13:00,48.5,outdoors,,,12.4,Sleeper raw-stat projection × league scoring + current usage + OL health,28.44,70.5,C,,,,1,,11.7,11.2,12.0,0.5,0.0,11,,,,,12.5,0.26,2026,STABLE,3,2,2,37.0,48.5,48.5,0.5,12.0,12.5,1.0,12.76,-0.36,75.9,MINOR CONCERN,RG Greg Van Roten (UNAVAILABLE) | RT Morgan Moses (LIMITED),-0.45,-0.51,-0.0,12.4,0.0,LOW,no material weather signal,65.5,10.0,12.3,7.0,Open-Meteo game-time forecast,12.4,0.0,,,12.4,0.0,0.0,,,,
1359546418284494848,12-Team 2-Keeper — League Is Rigged V2,12,False,12711,Tyler Loop,K,BAL,TEN,home,2026-10-04,13:00,43.5,outdoors,,,6.73,Sleeper raw-stat projection × league scoring,,,,,,,1,,5.5,,6.73,0.0,0.0,7,,,,,6.73,0.0,,,,,,,,,,,,,6.73,0.0,77.8,MINOR CONCERN,LT Ronnie Stanley (UNAVAILABLE),-0.78,-0.24,-0.0,6.73,0.0,LOW,no material weather signal,66.5,3.4,3.1,44.0,Open-Meteo game-time forecast,6.73,0.0,,,6.73,0.0,0.0,,,,
1359546418284494848,12-Team 2-Keeper — League Is Rigged V2,12,False,13377,Arvell Reese,LB,NYG,ARI,home,2026-10-04,13:00,44.5,outdoors,,,16.33,league-specific IDP scoring proxy,41.52,66.5,NA,,,,1,,,,,,,,16.6,-0.27,2026,True,16.33,0.0,,,,,,,,,,,,,16.33,0.0,94.4,HEALTHY,LT Andrew Thomas (LIMITED),-0.2,-0.06,-0.0,16.33,0.0,LOW,no material weather signal,69.6,4.8,5.6,34.0,Open-Meteo game-time forecast,16.33,0.0,,,16.33,0.0,0.0,,,,
1359546418284494848,12-Team 2-Keeper — League Is Rigged V2,12,False,1466,Travis Kelce,TE,KC,LV,away,2026-10-04,16:25,47.5,dome,,,13.76,Sleeper raw-stat projection × league scoring + current usage + OL health + injury ripple,4.6,103.5,A,,,,1,,13.8,13.3,12.22,0.5,0.0,6,,,,,12.72,0.81,2026,STABLE,3,3,3,79.0,78.3,78.3,6.0,0.0,6.0,2.0,13.53,-0.27,77.8,MINOR CONCERN,LT Josh Simmons (UNAVAILABLE),-0.78,-0.24,-0.0,13.26,0.0,INDOOR,indoor,,,,,indoor/no weather adjustment,13.26,0.5,Starting safety OUT/IR: TE middle/deep matchup improves,MEDIUM,13.76,0.0,0.0,,,,
1359546418284494848,12-Team 2-Keeper — League Is Rigged V2,12,False,4199,Aaron Jones,RB,MIN,MIA,home,2026-10-04,16:05,38.5,dome,,,18.93,Sleeper raw-stat projection × league scoring + current usage + OL health,20.76,114.17,B,,,,1,,12.8,12.8,17.81,0.0,0.0,11,,,,,17.81,1.22,2026,STABLE,3,3,3,80.0,69.0,69.0,2.33,17.33,19.67,3.0,19.03,-0.1,90.0,HEALTHY,LT Christian Darrisaw (AT RISK),-0.35,-0.11,-0.0,18.93,0.0,INDOOR,indoor,,,,,indoor/no weather adjustment,18.93,0.0,,,18.93,0.0,0.0,,,,
1359546418284494848,12-Team 2-Keeper — League Is Rigged V2,12,False,4881,Lamar Jackson,QB,BAL,TEN,home,2026-10-04,13:00,43.5,outdoors,,,31.17,Sleeper raw-stat projection × league scoring + current usage + OL health,2.19,27.5,A,,,,1,,23.5,23.0,30.84,0.5,0.0,12,,,,,31.34,0.41,2026,STABLE,3,3,3,100.0,100.0,100.0,0.0,5.67,0.0,2.0,31.75,-0.58,77.8,MINOR CONCERN,LT Ronnie Stanley (UNAVAILABLE),-0.78,-0.24,-0.0,31.17,0.0,LOW,no material weather signal,66.5,3.4,3.1,44.0,Open-Meteo game-time forecast,31.17,0.0,,,31.17,0.0,0.0,,,,
1359546418284494848,12-Team 2-Keeper — League Is Rigged V2,12,False,4960,Roquan Smith,LB,BAL,TEN,home,2026-10-04,13:00,43.5,outdoors,,,18.67,league-specific IDP scoring proxy,3.78,2.5,NA,,,,1,,,,,,,,20.1,-1.43,2026,True,18.67,0.0,,,,,,,,,,,,,18.67,0.0,77.8,MINOR CONCERN,LT Ronnie Stanley (UNAVAILABLE),-0.78,-0.24,-0.0,18.67,0.0,LOW,no material weather signal,66.5,3.4,3.1,44.0,Open-Meteo game-time forecast,18.67,0.0,,,18.67,0.0,0.0,,,,
1359546418284494848,12-Team 2-Keeper — League Is Rigged V2,12,False,5967,Tony Pollard,RB,TEN,BAL,away,2026-10-04,13:00,43.5,outdoors,,,13.55,Sleeper raw-stat projection × league scoring + current usage + OL health,28.17,142.5,C,,,,1,,12.0,11.5,12.54,0.5,0.0,11,,,,,13.04,0.81,2026,STABLE,3,3,3,53.0,53.3,53.3,2.33,12.67,15.0,2.0,13.85,-0.3,81.5,MINOR CONCERN,RG Fernando Carmona (UNAVAILABLE),-0.25,-0.45,-0.0,13.55,0.0,LOW,no material weather signal,66.5,3.4,3.1,44.0,Open-Meteo game-time forecast,13.55,0.0,,,13.55,0.0,0.0,,,,
1359546418284494848,12-Team 2-Keeper — League Is Rigged V2,12,False,7136,Kam Curl,DB,LAR,PHI,away,2026-10-04,13:00,43.5,outdoors,,,7.0,league-specific IDP scoring proxy,10.91,38.5,NA,,,,1,,,,,,,,19.6,-12.6,2026,True,7.0,0.0,,,,,,,,,,,,,7.0,0.0,100.0,HEALTHY,none,-0.0,-0.0,-0.0,7.0,0.0,LOW,no material weather signal,69.2,4.1,3.6,38.0,Open-Meteo game-time forecast,7.0,0.0,,,7.0,0.0,0.0,,,,
1359546418284494848,12-Team 2-Keeper — League Is Rigged V2,12,False,7547,Amon-Ra St. Brown,WR,DET,CAR,away,2026-10-04,20:20,50.5,outdoors,,,22.16,Sleeper raw-stat projection × league scoring + current usage + injury ripple,1.61,6.83,A+,,,,1,,22.0,20.9,18.59,1.1,0.0,11,,,,,19.69,1.62,2026,STABLE,3,3,3,74.0,86.3,86.3,11.67,0.0,11.67,4.0,21.31,-0.0,100.0,HEALTHY,none,-0.0,-0.0,-0.0,21.31,0.0,LOW,no material weather signal,63.9,4.6,8.1,62.0,Open-Meteo game-time forecast,21.31,0.85,Opponent CB1 QUESTIONABLE/DNP: projected WR1 coverage matchup improves (not confirmed shadow) | Starting safety OUT/IR: downfield coverage improves,MEDIUM,22.16,0.0,0.0,,,,
1359546418284494848,12-Team 2-Keeper — League Is Rigged V2,12,False,7553,Kyle Pitts,TE,ATL,NO,away,2026-10-05,20:15,48.5,dome,,,9.42,Sleeper raw-stat projection × league scoring + OL health + injury ripple,17.88,117.0,D,,,,1,,9.1,8.6,8.9,0.5,0.0,6,,,,,9.4,0.0,2026,STABLE,3,3,3,59.0,53.3,53.3,2.0,0.0,2.0,0.0,9.4,-0.23,73.3,DEGRADED,LT Jake Matthews (AT RISK) | C Ryan Neuzil (AT RISK) | RG Chris Lindstrom (AT RISK),-0.58,-0.51,-0.0,9.17,0.0,INDOOR,indoor,,,,,indoor/no weather adjustment,9.17,0.25,Starting linebacker QUESTIONABLE/DNP: TE coverage improves,MEDIUM,9.42,0.0,0.0,,,,
1359546418284494848,12-Team 2-Keeper — League Is Rigged V2,12,False,7569,Nico Collins,WR,HOU,DAL,home,2026-10-04,13:00,48.5,,,,20.89,Sleeper raw-stat projection × league scoring + current usage + OL health + injury ripple,,22.0,,Out,,OUT,1,,0.0,,19.14,0.0,0.0,11,,,,,19.14,0.49,2026,STABLE,1,1,1,72.0,72.0,72.0,10.0,1.0,10.0,3.0,19.63,-0.14,90.0,HEALTHY,RT Trent Brown (AT RISK),-0.35,-0.11,-0.0,19.49,0.0,LOW,no material weather signal,82.6,12.5,17.4,45.0,Open-Meteo game-time forecast,19.49,1.4,Opponent CB1 OUT/IR: projected WR1 coverage matchup improves (not confirmed shadow) | Starting safety OUT/IR: downfield coverage improves,MEDIUM,20.89,0.0,0.0,,,,
1359546418284494848,12-Team 2-Keeper — League Is Rigged V2,12,False,8134,Khalil Shakir,WR,BUF,NE,home,2026-10-04,13:00,48.5,outdoors,,,8.1,Sleeper raw-stat projection × league scoring + current usage + injury ripple,37.98,101.5,C,,,,2,,10.0,10.7,8.59,-0.7,0.0,11,,,,,7.89,0.41,2026,STABLE,3,3,3,73.0,58.3,58.3,5.0,0.0,5.0,1.0,8.3,-0.0,100.0,HEALTHY,none,-0.0,-0.0,-0.0,8.3,0.0,LOW,no material weather signal,65.5,10.0,12.3,7.0,Open-Meteo game-time forecast,8.3,-0.2,QB1 QUESTIONABLE/DNP: pass-catcher efficiency risk with backup QB,MEDIUM,8.1,0.0,0.0,,,,
1359546418284494848,12-Team 2-Keeper — League Is Rigged V2,12,False,9226,De'Von Achane,RB,MIA,MIN,away,2026-10-04,16:05,38.5,dome,,,1.26,weekly projected points + current usage + injury ripple,11.73,24.83,A-,IR,,IR/PUP,4,,,,,,,,,,,,0.0,0.81,2026,STABLE,3,3,3,5.0,55.7,55.7,4.0,11.33,15.33,2.0,0.81,-0.0,100.0,HEALTHY,none,-0.0,-0.0,-0.0,0.81,0.0,INDOOR,indoor,,,,,indoor/no weather adjustment,0.81,0.45,RB1 OUT/IR: secondary backfield opportunity,MEDIUM,1.26,0.0,0.0,,,,
1359546418284494848,12-Team 2-Keeper — League Is Rigged V2,12,False,9756,Jordan Addison,WR,MIN,MIA,home,2026-10-04,16:05,38.5,dome,,,12.36,Sleeper raw-stat projection × league scoring + current usage + OL health + injury ripple,41.56,99.5,C,,,,2,,9.3,10.5,11.38,-1.2,0.0,11,,,,,10.18,1.22,2026,STABLE,3,3,3,98.0,89.7,89.7,5.33,0.0,5.33,3.0,11.4,-0.14,90.0,HEALTHY,LT Christian Darrisaw (AT RISK),-0.35,-0.11,-0.0,11.26,0.0,INDOOR,indoor,,,,,indoor/no weather adjustment,11.26,1.1,WR1 OUT/IR: target concentration rises for next WR,HIGH,12.36,0.0,0.0,,,,
