season,week,league_id,league,roster_id,team,is_my_roster,player_id,player,position,our_projection,sleeper_projection,delta_our_minus_sleeper,sleeper_stats_matched,league_context_points,idp_points,usage_points,ol_points,weather_points,injury_ripple_points,return_points,injury_status,score_source
2026,4,1359546418284494848,League Is Rigged V2,1,Third Reich & Long,True,11564,Drake Maye,QB,27.37,26.35,1.02,12,0.5,0.0,0.41,-0.34,0.0,0.45,0.0,,Sleeper raw-stat projection × league scoring + current usage + OL health + injury ripple
2026,4,1359546418284494848,League Is Rigged V2,1,Third Reich & Long,True,8228,Jaylen Warren,RB,24.83,23.71,1.12,11,0.0,0.0,1.22,-0.1,0.0,0.0,0.0,,Sleeper raw-stat projection × league scoring + current usage + OL health
2026,4,1359546418284494848,League Is Rigged V2,1,Third Reich & Long,True,12512,Quinshon Judkins,RB,11.75,11.07,0.68,11,0.0,0.0,1.22,-0.54,0.0,0.0,0.0,,Sleeper raw-stat projection × league scoring + current usage + OL health
2026,4,1359546418284494848,League Is Rigged V2,1,Third Reich & Long,True,7564,Ja'Marr Chase,WR,21.52,18.8,2.72,11,1.1,0.0,1.62,0.0,0.0,0.0,0.0,,Sleeper raw-stat projection × league scoring + current usage
2026,4,1359546418284494848,League Is Rigged V2,1,Third Reich & Long,True,8112,Drake London,WR,18.25,16.76,1.49,11,0.5,0.0,1.22,-0.23,0.0,0.0,0.0,,Sleeper raw-stat projection × league scoring + current usage + OL health
2026,4,1359546418284494848,League Is Rigged V2,1,Third Reich & Long,True,9484,Tucker Kraft,TE,12.08,10.94,1.14,6,0.5,0.0,0.81,-0.17,0.0,0.0,0.0,,Sleeper raw-stat projection × league scoring + current usage + OL health
2026,4,1359546418284494848,League Is Rigged V2,1,Third Reich & Long,True,9500,Josh Downs,WR,14.71,12.99,1.72,11,0.5,0.0,1.22,0.0,0.0,0.0,0.0,,Sleeper raw-stat projection × league scoring + current usage
2026,4,1359546418284494848,League Is Rigged V2,1,Third Reich & Long,True,6650,Chase McLaughlin,K,6.38,5.88,0.5,7,0.5,0.0,0.0,0.0,0.0,0.0,0.0,,Sleeper raw-stat projection × league scoring
2026,4,1359546418284494848,League Is Rigged V2,1,Third Reich & Long,True,7726,Derrick Barnes,LB,19.33,8.1,11.23,6,0.0,3.33,0.0,0.0,0.0,0.0,0.0,,league-specific IDP scoring proxy
2026,4,1359546418284494848,League Is Rigged V2,1,Third Reich & Long,True,10880,Jack Campbell,LB,12.0,16.2,-4.2,8,0.0,-8.4,0.0,0.0,0.0,0.0,0.0,,league-specific IDP scoring proxy
2026,4,1359546418284494848,League Is Rigged V2,1,Third Reich & Long,True,5864,Byron Murphy,CB,14.0,9.75,4.25,6,0.0,-1.1,0.0,0.0,0.0,0.0,0.0,,league-specific IDP scoring proxy
2026,4,1359546418284494848,League Is Rigged V2,10,Brock Bottom,False,3163,Jared Goff,QB,26.56,25.05,1.51,12,1.1,0.0,0.41,0.0,0.0,0.0,0.0,,Sleeper raw-stat projection × league scoring + current usage
2026,4,1359546418284494848,League Is Rigged V2,10,Brock Bottom,False,7543,Travis Etienne,RB,0.41,,,0,0.0,0.0,0.41,0.0,0.0,0.0,0.0,Out,weekly projected points + current usage
2026,4,1359546418284494848,League Is Rigged V2,10,Brock Bottom,False,5892,David Montgomery,RB,18.92,18.11,0.81,11,0.5,0.0,0.41,-0.1,0.0,0.0,0.0,,Sleeper raw-stat projection × league scoring + current usage + OL health
2026,4,1359546418284494848,League Is Rigged V2,10,Brock Bottom,False,6794,Justin Jefferson,WR,0.67,17.0,-16.33,8,-17.0,0.0,0.81,-0.14,0.0,0.0,0.0,Out,Sleeper raw-stat projection × league scoring + current usage + OL health
2026,4,1359546418284494848,League Is Rigged V2,10,Brock Bottom,False,12526,Tetairoa McMillan,WR,16.77,14.09,2.68,11,1.1,0.0,1.62,-0.04,0.0,0.0,0.0,,Sleeper raw-stat projection × league scoring + current usage + OL health
2026,4,1359546418284494848,League Is Rigged V2,10,Brock Bottom,False,11604,Brock Bowers,TE,16.96,16.02,0.94,11,0.5,0.0,0.49,-0.05,0.0,0.0,0.0,,Sleeper raw-stat projection × league scoring + current usage + OL health
2026,4,1359546418284494848,League Is Rigged V2,10,Brock Bottom,False,5947,Jakobi Meyers,WR,10.29,10.12,0.17,11,-0.1,0.0,0.41,-0.14,0.0,0.0,0.0,,Sleeper raw-stat projection × league scoring + current usage + OL health
2026,4,1359546418284494848,League Is Rigged V2,10,Brock Bottom,False,2747,Jason Myers,K,7.24,6.74,0.5,7,0.5,0.0,0.0,0.0,0.0,0.0,0.0,,Sleeper raw-stat projection × league scoring
2026,4,1359546418284494848,League Is Rigged V2,10,Brock Bottom,False,8289,Aidan Hutchinson,DL,13.0,11.67,1.33,10,0.0,-8.0,0.0,0.0,0.0,0.0,0.0,,league-specific IDP scoring proxy
2026,4,1359546418284494848,League Is Rigged V2,10,Brock Bottom,False,13375,Sonny Styles,LB,13.33,13.22,0.11,9,0.0,-3.97,0.0,0.0,0.0,0.0,0.0,,league-specific IDP scoring proxy
2026,4,1359546418284494848,League Is Rigged V2,10,Brock Bottom,False,11678,Cooper DeJean,DB,11.0,12.09,-1.09,8,0.0,-7.0,0.0,0.0,0.0,0.0,0.0,,league-specific IDP scoring proxy
2026,4,1359546418284494848,League Is Rigged V2,11,Saxis,False,6770,Joe Burrow,QB,29.07,27.56,1.51,12,1.1,0.0,0.41,0.0,0.0,0.0,0.0,,Sleeper raw-stat projection × league scoring + current usage
2026,4,1359546418284494848,League Is Rigged V2,11,Saxis,False,6813,Jonathan Taylor,RB,29.13,27.01,2.12,11,0.5,0.0,1.62,0.0,0.0,0.0,0.0,,Sleeper raw-stat projection × league scoring + current usage
2026,4,1359546418284494848,League Is Rigged V2,11,Saxis,False,12527,Ashton Jeanty,RB,20.89,19.31,1.58,11,0.5,0.0,1.22,-0.14,0.0,0.0,0.0,,Sleeper raw-stat projection × league scoring + current usage + OL health
2026,4,1359546418284494848,League Is Rigged V2,11,Saxis,False,11635,Ladd McConkey,WR,14.53,12.57,1.96,11,0.5,0.0,0.81,0.0,0.0,0.65,0.0,,Sleeper raw-stat projection × league scoring + current usage + injury ripple
2026,4,1359546418284494848,League Is Rigged V2,11,Saxis,False,11620,Rome Odunze,WR,9.91,8.79,1.12,11,0.5,0.0,0.81,-0.14,0.0,-0.05,0.0,,Sleeper raw-stat projection × league scoring + current usage + OL health + injury ripple
2026,4,1359546418284494848,League Is Rigged V2,11,Saxis,False,12518,Tyler Warren,TE,14.6,12.48,2.12,11,0.5,0.0,1.62,0.0,0.0,0.0,0.0,,Sleeper raw-stat projection × league scoring + current usage
2026,4,1359546418284494848,League Is Rigged V2,11,Saxis,False,12489,RJ Harvey,RB,12.28,12.98,-0.7,11,-0.7,0.0,0.0,0.0,0.0,0.0,0.0,Questionable,Sleeper raw-stat projection × league scoring
2026,4,1359546418284494848,League Is Rigged V2,11,Saxis,False,1945,Chris Boswell,K,5.57,5.57,0.0,7,0.0,0.0,0.0,0.0,0.0,0.0,0.0,,Sleeper raw-stat projection × league scoring
2026,4,1359546418284494848,League Is Rigged V2,11,Saxis,False,4070,T.J. Watt,LB,16.67,9.7,6.97,9,0.0,1.27,0.0,0.0,0.0,0.0,0.0,,league-specific IDP scoring proxy
2026,4,1359546418284494848,League Is Rigged V2,11,Saxis,False,10917,Byron Young,LB,6.67,9.73,-3.06,6,0.0,-11.33,0.0,0.0,0.0,0.0,0.0,,league-specific IDP scoring proxy
2026,4,1359546418284494848,League Is Rigged V2,11,Saxis,False,11705,Tykee Smith,DB,11.0,11.28,-0.28,9,0.0,-8.6,0.0,0.0,0.0,0.0,0.0,,league-specific IDP scoring proxy
2026,4,1359546418284494848,League Is Rigged V2,12,League is rigged,False,4881,Lamar Jackson,QB,31.17,30.84,0.33,12,0.5,0.0,0.41,-0.58,0.0,0.0,0.0,,Sleeper raw-stat projection × league scoring + current usage + OL health
2026,4,1359546418284494848,League Is Rigged V2,12,League is rigged,False,9226,De'Von Achane,RB,1.26,,,0,0.0,0.0,0.81,0.0,0.0,0.45,0.0,IR,weekly projected points + current usage + injury ripple
2026,4,1359546418284494848,League Is Rigged V2,12,League is rigged,False,4199,Aaron Jones,RB,18.93,17.81,1.12,11,0.0,0.0,1.22,-0.1,0.0,0.0,0.0,,Sleeper raw-stat projection × league scoring + current usage + OL health
2026,4,1359546418284494848,League Is Rigged V2,12,League is rigged,False,7547,Amon-Ra St. Brown,WR,22.16,18.59,3.57,11,1.1,0.0,1.62,0.0,0.0,0.85,0.0,,Sleeper raw-stat projection × league scoring + current usage + injury ripple
2026,4,1359546418284494848,League Is Rigged V2,12,League is rigged,False,9756,Jordan Addison,WR,12.36,11.38,0.98,11,-1.2,0.0,1.22,-0.14,0.0,1.1,0.0,,Sleeper raw-stat projection × league scoring + current usage + OL health + injury ripple
2026,4,1359546418284494848,League Is Rigged V2,12,League is rigged,False,1466,Travis Kelce,TE,13.76,12.22,1.54,6,0.5,0.0,0.81,-0.27,0.0,0.5,0.0,,Sleeper raw-stat projection × league scoring + current usage + OL health + injury ripple
2026,4,1359546418284494848,League Is Rigged V2,12,League is rigged,False,10236,Dalton Kincaid,TE,13.74,12.63,1.11,6,0.5,0.0,0.81,0.0,0.0,-0.2,0.0,,Sleeper raw-stat projection × league scoring + current usage + injury ripple
2026,4,1359546418284494848,League Is Rigged V2,12,League is rigged,False,12711,Tyler Loop,K,6.73,6.73,0.0,7,0.0,0.0,0.0,0.0,0.0,0.0,0.0,,Sleeper raw-stat projection × league scoring
2026,4,1359546418284494848,League Is Rigged V2,12,League is rigged,False,13377,Arvell Reese,LB,16.33,9.65,6.68,8,0.0,-0.27,0.0,0.0,0.0,0.0,0.0,,league-specific IDP scoring proxy
2026,4,1359546418284494848,League Is Rigged V2,12,League is rigged,False,4960,Roquan Smith,LB,18.67,15.86,2.81,8,0.0,-1.43,0.0,0.0,0.0,0.0,0.0,,league-specific IDP scoring proxy
2026,4,1359546418284494848,League Is Rigged V2,12,League is rigged,False,7136,Kam Curl,DB,7.0,9.38,-2.38,9,0.0,-12.6,0.0,0.0,0.0,0.0,0.0,,league-specific IDP scoring proxy
2026,4,1359546418284494848,League Is Rigged V2,2,Stutterboyzzzz,False,9228,Bryce Young,QB,28.31,26.88,1.43,12,1.1,0.0,0.41,-0.08,0.0,0.0,0.0,,Sleeper raw-stat projection × league scoring + current usage + OL health
2026,4,1359546418284494848,League Is Rigged V2,2,Stutterboyzzzz,False,4866,Saquon Barkley,RB,20.11,19.2,0.91,11,0.5,0.0,0.41,0.0,0.0,0.0,0.0,,Sleeper raw-stat projection × league scoring + current usage
2026,4,1359546418284494848,League Is Rigged V2,2,Stutterboyzzzz,False,11584,Bucky Irving,RB,19.9,18.18,1.72,11,0.5,0.0,1.22,0.0,0.0,0.0,0.0,,Sleeper raw-stat projection × league scoring + current usage
2026,4,1359546418284494848,League Is Rigged V2,2,Stutterboyzzzz,False,11632,Malik Nabers,WR,15.73,14.5,1.23,11,0.5,0.0,0.81,-0.08,0.0,0.0,0.0,,Sleeper raw-stat projection × league scoring + current usage + OL health
2026,4,1359546418284494848,League Is Rigged V2,2,Stutterboyzzzz,False,8137,George Pickens,WR,16.1,15.18,0.92,11,-0.7,0.0,1.62,0.0,0.0,0.0,0.0,,Sleeper raw-stat projection × league scoring + current usage
2026,4,1359546418284494848,League Is Rigged V2,2,Stutterboyzzzz,False,12493,Oronde Gadsden,TE,8.25,6.9,1.35,6,0.5,0.0,0.0,0.0,0.0,0.85,0.0,,Sleeper raw-stat projection × league scoring + injury ripple
2026,4,1359546418284494848,League Is Rigged V2,2,Stutterboyzzzz,False,11435,Emanuel Wilson,RB,7.53,7.82,-0.29,11,-0.7,0.0,0.41,0.0,0.0,0.0,0.0,,Sleeper raw-stat projection × league scoring + current usage
2026,4,1359546418284494848,League Is Rigged V2,2,Stutterboyzzzz,False,11533,Brandon Aubrey,K,7.16,6.66,0.5,7,0.5,0.0,0.0,0.0,0.0,0.0,0.0,,Sleeper raw-stat projection × league scoring
2026,4,1359546418284494848,League Is Rigged V2,2,Stutterboyzzzz,False,5840,Josh Hines-Allen,DE,9.67,8.49,1.18,7,0.0,-10.53,0.0,0.0,0.0,0.0,0.0,,league-specific IDP scoring proxy
2026,4,1359546418284494848,League Is Rigged V2,2,Stutterboyzzzz,False,5041,Fred Warner,LB,20.33,13.47,6.86,9,0.0,0.73,0.0,0.0,0.0,0.0,0.0,,league-specific IDP scoring proxy
2026,4,1359546418284494848,League Is Rigged V2,2,Stutterboyzzzz,False,13371,Dillon Thieneman,DB,5.5,13.74,-8.24,9,0.0,0.0,0.0,0.0,0.0,0.0,0.0,,season-long ECR proxy
2026,4,1359546418284494848,League Is Rigged V2,3,Njigbas in paris,False,421,Matthew Stafford,QB,24.8,23.89,0.91,12,0.5,0.0,0.41,0.0,0.0,0.0,0.0,,Sleeper raw-stat projection × league scoring + current usage
2026,4,1359546418284494848,League Is Rigged V2,3,Njigbas in paris,False,9221,Jahmyr Gibbs,RB,32.78,30.46,2.32,11,1.1,0.0,1.22,0.0,0.0,0.0,0.0,,Sleeper raw-stat projection × league scoring + current usage
2026,4,1359546418284494848,League Is Rigged V2,3,Njigbas in paris,False,12481,Cam Skattebo,RB,21.64,19.98,1.66,11,0.5,0.0,1.22,-0.06,0.0,0.0,0.0,,Sleeper raw-stat projection × league scoring + current usage + OL health
2026,4,1359546418284494848,League Is Rigged V2,3,Njigbas in paris,False,9488,Jaxon Smith-Njigba,WR,25.45,22.93,2.52,11,0.5,0.0,1.62,0.0,0.0,0.4,0.0,,Sleeper raw-stat projection × league scoring + current usage + injury ripple
2026,4,1359546418284494848,League Is Rigged V2,3,Njigbas in paris,False,8146,Garrett Wilson,WR,19.47,17.45,2.02,11,0.5,0.0,1.62,-0.1,0.0,0.0,0.0,,Sleeper raw-stat projection × league scoring + current usage + OL health
2026,4,1359546418284494848,League Is Rigged V2,3,Njigbas in paris,False,5012,Mark Andrews,TE,10.0,8.96,1.04,11,0.5,0.0,0.81,-0.27,0.0,0.0,0.0,Questionable,Sleeper raw-stat projection × league scoring + current usage + OL health
2026,4,1359546418284494848,League Is Rigged V2,3,Njigbas in paris,False,10232,Michael Wilson,WR,17.97,14.89,3.08,11,0.5,0.0,1.62,-0.04,0.0,1.0,0.0,,Sleeper raw-stat projection × league scoring + current usage + OL health + injury ripple
2026,4,1359546418284494848,League Is Rigged V2,3,Njigbas in paris,False,7839,Evan McPherson,K,7.82,6.72,1.1,7,1.1,0.0,0.0,0.0,0.0,0.0,0.0,,Sleeper raw-stat projection × league scoring
2026,4,1359546418284494848,League Is Rigged V2,3,Njigbas in paris,False,11667,Dallas Turner,LB,14.33,9.91,4.42,7,0.0,-4.17,0.0,0.0,0.0,0.0,0.0,,league-specific IDP scoring proxy
2026,4,1359546418284494848,League Is Rigged V2,3,Njigbas in paris,False,6949,Jordyn Brooks,LB,11.33,12.48,-1.15,8,0.0,-8.57,0.0,0.0,0.0,0.0,0.0,,league-specific IDP scoring proxy
2026,4,1359546418284494848,League Is Rigged V2,3,Njigbas in paris,False,4081,Budda Baker,DB,14.0,12.57,1.43,9,0.0,-6.1,0.0,0.0,0.0,0.0,0.0,,league-specific IDP scoring proxy
2026,4,1359546418284494848,League Is Rigged V2,4,jblatz,False,4984,Josh Allen,QB,32.46,31.35,1.11,12,0.5,0.0,0.41,0.0,0.0,0.2,0.0,Questionable,Sleeper raw-stat projection × league scoring + current usage + injury ripple
2026,4,1359546418284494848,League Is Rigged V2,4,jblatz,False,12490,Bhayshul Tuten,RB,17.81,16.0,1.81,11,1.1,0.0,0.81,-0.1,0.0,0.0,0.0,,Sleeper raw-stat projection × league scoring + current usage + OL health
2026,4,1359546418284494848,League Is Rigged V2,4,jblatz,False,6790,D'Andre Swift,RB,22.34,20.72,1.62,11,0.5,0.0,1.22,-0.1,0.0,0.0,0.0,,Sleeper raw-stat projection × league scoring + current usage + OL health
2026,4,1359546418284494848,League Is Rigged V2,4,jblatz,False,8167,Christian Watson,WR,17.64,15.66,1.98,11,0.5,0.0,1.62,-0.14,0.0,0.0,0.0,,Sleeper raw-stat projection × league scoring + current usage + OL health
2026,4,1359546418284494848,League Is Rigged V2,4,jblatz,False,10229,Rashee Rice,WR,16.01,14.61,1.4,11,0.5,0.0,0.81,-0.31,0.0,0.4,0.0,,Sleeper raw-stat projection × league scoring + current usage + OL health + injury ripple
2026,4,1359546418284494848,League Is Rigged V2,4,jblatz,False,4217,George Kittle,TE,13.23,11.94,1.29,6,0.5,0.0,0.41,-0.12,0.0,0.5,0.0,,Sleeper raw-stat projection × league scoring + current usage + OL health + injury ripple
2026,4,1359546418284494848,League Is Rigged V2,4,jblatz,False,4035,Alvin Kamara,RB,14.34,12.03,2.31,11,0.5,0.0,0.26,0.0,0.0,1.55,0.0,,Sleeper raw-stat projection × league scoring + current usage + injury ripple
2026,4,1359546418284494848,League Is Rigged V2,4,jblatz,False,11786,Cam Little,K,7.13,6.03,1.1,7,1.1,0.0,0.0,0.0,0.0,0.0,0.0,,Sleeper raw-stat projection × league scoring
2026,4,1359546418284494848,League Is Rigged V2,4,jblatz,False,7627,Greg Rousseau,DE,26.33,10.16,16.17,7,0.0,8.03,0.0,0.0,0.0,0.0,0.0,,league-specific IDP scoring proxy
2026,4,1359546418284494848,League Is Rigged V2,4,jblatz,False,5332,Foyesade Oluokun,LB,12.67,14.35,-1.68,9,0.0,-6.83,0.0,0.0,0.0,0.0,0.0,,league-specific IDP scoring proxy
2026,4,1359546418284494848,League Is Rigged V2,4,jblatz,False,13376,Caleb Downs,DB,5.5,13.6,-8.1,9,0.0,0.0,0.0,0.0,0.0,0.0,0.0,,season-long ECR proxy
2026,4,1359546418284494848,League Is Rigged V2,5,zthompson1533,False,6804,Jordan Love,QB,25.77,25.13,0.64,12,0.5,0.0,0.41,-0.27,0.0,0.0,0.0,,Sleeper raw-stat projection × league scoring + current usage + OL health
2026,4,1359546418284494848,League Is Rigged V2,5,zthompson1533,False,12507,Omarion Hampton,RB,13.14,11.83,1.31,11,0.5,0.0,0.81,0.0,0.0,0.0,0.0,,Sleeper raw-stat projection × league scoring + current usage
2026,4,1359546418284494848,League Is Rigged V2,5,zthompson1533,False,8151,Kenneth Walker,RB,25.94,24.45,1.49,11,0.5,0.0,1.22,-0.23,0.0,0.0,0.0,,Sleeper raw-stat projection × league scoring + current usage + OL health
2026,4,1359546418284494848,League Is Rigged V2,5,zthompson1533,False,12514,Emeka Egbuka,WR,11.98,10.71,1.27,11,0.5,0.0,1.22,0.0,0.0,-0.45,0.0,,Sleeper raw-stat projection × league scoring + current usage + injury ripple
2026,4,1359546418284494848,League Is Rigged V2,5,zthompson1533,False,8144,Chris Olave,WR,21.57,19.45,2.12,11,0.5,0.0,1.62,0.0,0.0,0.0,0.0,,Sleeper raw-stat projection × league scoring + current usage
2026,4,1359546418284494848,League Is Rigged V2,5,zthompson1533,False,12487,Terrance Ferguson,TE,8.99,,,0,0.0,0.0,0.41,0.0,0.0,0.38,0.0,Questionable,weekly projected points + current usage + injury ripple
2026,4,1359546418284494848,League Is Rigged V2,5,zthompson1533,False,12533,Jacory Croskey-Merritt,RB,16.35,15.04,1.31,11,0.5,0.0,0.81,0.0,0.0,0.0,0.0,,Sleeper raw-stat projection × league scoring + current usage
2026,4,1359546418284494848,League Is Rigged V2,5,zthompson1533,False,4227,Harrison Butker,K,7.13,6.63,0.5,7,0.5,0.0,0.0,0.0,0.0,0.0,0.0,,Sleeper raw-stat projection × league scoring
2026,4,1359546418284494848,League Is Rigged V2,5,zthompson1533,False,10885,Lukas Van Ness,DL,15.0,5.46,9.54,5,0.0,-1.8,0.0,0.0,0.0,0.0,0.0,,league-specific IDP scoring proxy
2026,4,1359546418284494848,League Is Rigged V2,5,zthompson1533,False,7647,Pete Werner,LB,12.75,9.28,3.47,7,0.0,0.95,0.0,0.0,0.0,0.0,0.0,Questionable,league-specific IDP scoring proxy
2026,4,1359546418284494848,League Is Rigged V2,5,zthompson1533,False,7666,Jevon Holland,DB,19.33,9.12,10.21,8,0.0,4.13,0.0,0.0,0.0,0.0,0.0,,league-specific IDP scoring proxy
2026,4,1359546418284494848,League Is Rigged V2,6,Daejon love #1 fan,False,6904,Jalen Hurts,QB,24.84,23.93,0.91,12,0.5,0.0,0.41,0.0,0.0,0.0,0.0,,Sleeper raw-stat projection × league scoring + current usage
2026,4,1359546418284494848,League Is Rigged V2,6,Daejon love #1 fan,False,8138,James Cook,RB,23.87,22.15,1.72,11,0.5,0.0,1.22,0.0,0.0,0.0,0.0,,Sleeper raw-stat projection × league scoring + current usage
2026,4,1359546418284494848,League Is Rigged V2,6,Daejon love #1 fan,False,9224,Chase Brown,RB,23.86,21.54,2.32,11,1.1,0.0,1.22,0.0,0.0,0.0,0.0,,Sleeper raw-stat projection × league scoring + current usage
2026,4,1359546418284494848,League Is Rigged V2,6,Daejon love #1 fan,False,7525,DeVonta Smith,WR,17.46,13.69,3.77,11,0.5,0.0,1.62,0.0,0.0,1.65,0.0,,Sleeper raw-stat projection × league scoring + current usage + injury ripple
2026,4,1359546418284494848,League Is Rigged V2,6,Daejon love #1 fan,False,2133,Davante Adams,WR,17.99,16.37,1.62,6,-0.7,0.0,1.22,0.0,0.0,1.1,0.0,,Sleeper raw-stat projection × league scoring + current usage + injury ripple
2026,4,1359546418284494848,League Is Rigged V2,6,Daejon love #1 fan,False,12517,Colston Loveland,TE,11.88,10.64,1.24,11,0.5,0.0,0.81,-0.12,0.0,0.05,0.0,,Sleeper raw-stat projection × league scoring + current usage + OL health + injury ripple
2026,4,1359546418284494848,League Is Rigged V2,6,Daejon love #1 fan,False,10218,Xavier Hutchinson,WR,7.75,5.87,1.88,11,-0.7,0.0,1.22,-0.14,0.0,1.5,0.0,,Sleeper raw-stat projection × league scoring + current usage + OL health + injury ripple
2026,4,1359546418284494848,League Is Rigged V2,6,Daejon love #1 fan,False,13545,Trey Smack,K,6.51,6.51,0.0,7,0.0,0.0,0.0,0.0,0.0,0.0,0.0,,Sleeper raw-stat projection × league scoring
2026,4,1359546418284494848,League Is Rigged V2,6,Daejon love #1 fan,False,5991,Maxx Crosby,DE,9.33,10.54,-1.21,7,0.0,-10.77,0.0,0.0,0.0,0.0,0.0,,league-specific IDP scoring proxy
2026,4,1359546418284494848,League Is Rigged V2,6,Daejon love #1 fan,False,8267,Nakobe Dean,LB,24.33,14.96,9.37,8,0.0,5.53,0.0,0.0,0.0,0.0,0.0,,league-specific IDP scoring proxy
2026,4,1359546418284494848,League Is Rigged V2,6,Daejon love #1 fan,False,4971,Derwin James,DB,12.0,11.01,0.99,9,0.0,-7.8,0.0,0.0,0.0,0.0,0.0,,league-specific IDP scoring proxy
2026,4,1359546418284494848,League Is Rigged V2,7,GOOBERTON,False,4046,Patrick Mahomes,QB,31.25,30.92,0.33,12,0.5,0.0,0.41,-0.58,0.0,0.0,0.0,,Sleeper raw-stat projection × league scoring + current usage + OL health
2026,4,1359546418284494848,League Is Rigged V2,7,GOOBERTON,False,8150,Kyren Williams,RB,19.06,17.34,1.72,11,0.5,0.0,1.22,0.0,0.0,0.0,0.0,,Sleeper raw-stat projection × league scoring + current usage
2026,4,1359546418284494848,League Is Rigged V2,7,GOOBERTON,False,8155,Breece Hall,RB,0.51,,,0,0.0,0.0,0.81,-0.3,0.0,0.0,0.0,Out,weekly projected points + current usage + OL health
2026,4,1359546418284494848,League Is Rigged V2,7,GOOBERTON,False,6786,CeeDee Lamb,WR,19.81,18.09,1.72,11,0.5,0.0,1.22,0.0,0.0,0.0,0.0,,Sleeper raw-stat projection × league scoring + current usage
2026,4,1359546418284494848,League Is Rigged V2,7,GOOBERTON,False,5927,Terry McLaurin,WR,13.53,12.01,1.52,11,0.5,0.0,1.22,0.0,0.0,-0.2,0.0,,Sleeper raw-stat projection × league scoring + current usage + injury ripple
2026,4,1359546418284494848,League Is Rigged V2,7,GOOBERTON,False,10859,Sam LaPorta,TE,13.79,10.97,2.82,11,1.1,0.0,1.22,0.0,0.0,0.5,0.0,,Sleeper raw-stat projection × league scoring + current usage + injury ripple
2026,4,1359546418284494848,League Is Rigged V2,7,GOOBERTON,False,7594,Chuba Hubbard,RB,22.37,20.19,2.18,11,1.1,0.0,1.22,-0.14,0.0,0.0,0.0,,Sleeper raw-stat projection × league scoring + current usage + OL health
2026,4,1359546418284494848,League Is Rigged V2,7,GOOBERTON,False,8259,Cameron Dicker,K,6.18,5.68,0.5,7,0.5,0.0,0.0,0.0,0.0,0.0,0.0,,Sleeper raw-stat projection × league scoring
2026,4,1359546418284494848,League Is Rigged V2,7,GOOBERTON,False,5816,Nick Bosa,DE,0.0,,,0,0.0,0.0,0.0,0.0,0.0,0.0,0.0,Out,league-specific IDP scoring proxy
2026,4,1359546418284494848,League Is Rigged V2,7,GOOBERTON,False,11687,Edgerrin Cooper,LB,13.32,12.74,0.58,8,0.0,-2.88,0.0,0.0,0.0,0.0,0.0,Questionable,league-specific IDP scoring proxy
2026,4,1359546418284494848,League Is Rigged V2,7,GOOBERTON,False,8339,Kyle Hamilton,DB,16.33,13.77,2.56,7,0.0,-4.07,0.0,0.0,0.0,0.0,0.0,,league-specific IDP scoring proxy
2026,4,1359546418284494848,League Is Rigged V2,8,2kyle,False,7523,Trevor Lawrence,QB,29.26,28.01,1.25,12,1.1,0.0,0.41,-0.26,0.0,0.0,0.0,,Sleeper raw-stat projection × league scoring + current usage + OL health
2026,4,1359546418284494848,League Is Rigged V2,8,2kyle,False,9509,Bijan Robinson,RB,28.57,27.06,1.51,11,0.5,0.0,1.22,-0.37,0.0,0.16,0.0,,Sleeper raw-stat projection × league scoring + current usage + OL health + injury ripple
2026,4,1359546418284494848,League Is Rigged V2,8,2kyle,False,7588,Javonte Williams,RB,20.18,18.46,1.72,11,0.5,0.0,1.22,0.0,0.0,0.0,0.0,,Sleeper raw-stat projection × league scoring + current usage
2026,4,1359546418284494848,League Is Rigged V2,8,2kyle,False,9487,Parker Washington,WR,19.72,17.36,2.36,11,1.1,0.0,1.22,-0.14,0.0,0.18,0.0,,Sleeper raw-stat projection × league scoring + current usage + OL health + injury ripple
2026,4,1359546418284494848,League Is Rigged V2,8,2kyle,False,4983,DJ Moore,WR,15.12,14.34,0.78,11,0.5,0.0,0.41,0.0,0.0,-0.13,0.0,,Sleeper raw-stat projection × league scoring + current usage + injury ripple
2026,4,1359546418284494848,League Is Rigged V2,8,2kyle,False,8130,Trey McBride,TE,20.23,18.16,2.07,9,0.5,0.0,1.62,-0.05,0.0,0.0,0.0,,Sleeper raw-stat projection × league scoring + current usage + OL health
2026,4,1359546418284494848,League Is Rigged V2,8,2kyle,False,8148,Jameson Williams,WR,12.66,11.36,1.3,11,-0.1,0.0,1.22,0.0,0.0,0.18,0.0,,Sleeper raw-stat projection × league scoring + current usage + injury ripple
2026,4,1359546418284494848,League Is Rigged V2,8,2kyle,False,11792,Will Reichard,K,7.05,7.05,0.0,7,0.0,0.0,0.0,0.0,0.0,0.0,0.0,,Sleeper raw-stat projection × league scoring
2026,4,1359546418284494848,League Is Rigged V2,8,2kyle,False,6183,Andrew Van Ginkel,LB,15.33,11.91,3.42,8,0.0,1.73,0.0,0.0,0.0,0.0,0.0,,league-specific IDP scoring proxy
2026,4,1359546418284494848,League Is Rigged V2,8,2kyle,False,7648,Nick Bolton,LB,18.0,15.71,2.29,8,0.0,-1.3,0.0,0.0,0.0,0.0,0.0,,league-specific IDP scoring proxy
2026,4,1359546418284494848,League Is Rigged V2,8,2kyle,False,12591,Xavier Watts,DB,13.0,12.17,0.83,6,0.0,7.5,0.0,0.0,0.0,0.0,0.0,,league-specific IDP scoring proxy
2026,4,1359546418284494848,League Is Rigged V2,9,liamblatz,False,8183,Brock Purdy,QB,28.9,28.25,0.65,12,0.5,0.0,0.41,-0.26,0.0,0.0,0.0,,Sleeper raw-stat projection × league scoring + current usage + OL health
2026,4,1359546418284494848,League Is Rigged V2,9,liamblatz,False,4034,Christian McCaffrey,RB,24.22,22.6,1.62,11,0.5,0.0,1.22,-0.1,0.0,0.0,0.0,,Sleeper raw-stat projection × league scoring + current usage + OL health
2026,4,1359546418284494848,League Is Rigged V2,9,liamblatz,False,3198,Derrick Henry,RB,26.97,25.89,1.08,11,0.5,0.0,0.81,-0.23,0.0,0.0,0.0,,Sleeper raw-stat projection × league scoring + current usage + OL health
2026,4,1359546418284494848,League Is Rigged V2,9,liamblatz,False,6801,Tee Higgins,WR,17.58,16.46,1.12,11,-0.1,0.0,1.22,0.0,0.0,0.0,0.0,,Sleeper raw-stat projection × league scoring + current usage
2026,4,1359546418284494848,League Is Rigged V2,9,liamblatz,False,7526,Jaylen Waddle,WR,14.76,13.0,1.76,11,0.5,0.0,0.81,0.0,0.0,0.45,0.0,Questionable,Sleeper raw-stat projection × league scoring + current usage + injury ripple
2026,4,1359546418284494848,League Is Rigged V2,9,liamblatz,False,8110,Jake Ferguson,TE,10.25,9.34,0.91,6,0.5,0.0,0.41,0.0,0.0,0.0,0.0,,Sleeper raw-stat projection × league scoring + current usage
2026,4,1359546418284494848,League Is Rigged V2,9,liamblatz,False,11646,Jalen Coker,WR,3.48,15.1,-11.62,11,-12.8,0.0,1.22,-0.04,0.0,0.0,0.0,Out,Sleeper raw-stat projection × league scoring + current usage + OL health
2026,4,1359546418284494848,League Is Rigged V2,9,liamblatz,False,3451,Ka'imi Fairbairn,K,7.41,6.91,0.5,7,0.5,0.0,0.0,0.0,0.0,0.0,0.0,,Sleeper raw-stat projection × league scoring
2026,4,1359546418284494848,League Is Rigged V2,9,liamblatz,False,7113,Alex Highsmith,LB,16.0,6.35,9.65,7,0.0,2.5,0.0,0.0,0.0,0.0,0.0,,league-specific IDP scoring proxy
2026,4,1359546418284494848,League Is Rigged V2,9,liamblatz,False,12578,Carson Schwesinger,LB,12.67,13.83,-1.16,7,0.0,-6.53,0.0,0.0,0.0,0.0,0.0,,league-specific IDP scoring proxy
2026,4,1359546418284494848,League Is Rigged V2,9,liamblatz,False,8330,Quentin Lake,DB,23.0,9.57,13.43,7,0.0,3.3,0.0,0.0,0.0,0.0,0.0,,league-specific IDP scoring proxy
2026,4,1366076769534251008,Dynasty V2,1,Route 66ers,True,3294,Dak Prescott,QB,22.03,21.12,0.91,10,0.5,0.0,0.41,0.0,0.0,0.0,0.0,,Sleeper raw-stat projection × league scoring + current usage
2026,4,1366076769534251008,Dynasty V2,1,Route 66ers,True,7594,Chuba Hubbard,RB,18.99,16.81,2.18,10,1.1,0.0,1.22,-0.14,0.0,0.0,0.0,,Sleeper raw-stat projection × league scoring + current usage + OL health
2026,4,1366076769534251008,Dynasty V2,1,Route 66ers,True,6790,D'Andre Swift,RB,18.57,16.95,1.62,10,0.5,0.0,1.22,-0.1,0.0,0.0,0.0,,Sleeper raw-stat projection × league scoring + current usage + OL health
2026,4,1366076769534251008,Dynasty V2,1,Route 66ers,True,7547,Amon-Ra St. Brown,WR,22.07,18.5,3.57,10,1.1,0.0,1.62,0.0,0.0,0.85,0.0,,Sleeper raw-stat projection × league scoring + current usage + injury ripple
2026,4,1366076769534251008,Dynasty V2,1,Route 66ers,True,12526,Tetairoa McMillan,WR,16.75,14.07,2.68,10,1.1,0.0,1.62,-0.04,0.0,0.0,0.0,,Sleeper raw-stat projection × league scoring + current usage + OL health
2026,4,1366076769534251008,Dynasty V2,1,Route 66ers,True,7600,Pat Freiermuth,TE,10.65,9.96,0.69,7,0.0,0.0,0.81,-0.12,0.0,0.0,0.0,,Sleeper raw-stat projection × league scoring + current usage + OL health
2026,4,1366076769534251008,Dynasty V2,1,Route 66ers,True,8146,Garrett Wilson,WR,19.41,17.39,2.02,10,0.5,0.0,1.62,-0.1,0.0,0.0,0.0,,Sleeper raw-stat projection × league scoring + current usage + OL health
2026,4,1366076769534251008,Dynasty V2,1,Route 66ers,True,9997,Zay Flowers,WR,18.89,18.33,0.56,10,0.5,0.0,0.26,-0.31,0.0,0.11,0.0,,Sleeper raw-stat projection × league scoring + current usage + OL health + injury ripple
2026,4,1366076769534251008,Dynasty V2,1,Route 66ers,True,4017,Deshaun Watson,QB,18.34,18.46,-0.12,10,0.0,0.0,0.41,-0.53,0.0,0.0,0.0,,Sleeper raw-stat projection × league scoring + current usage + OL health
2026,4,1366076769534251008,Dynasty V2,10,GOOBERTON,False,4046,Patrick Mahomes,QB,25.57,25.24,0.33,10,0.5,0.0,0.41,-0.58,0.0,0.0,0.0,,Sleeper raw-stat projection × league scoring + current usage + OL health
2026,4,1366076769534251008,Dynasty V2,10,GOOBERTON,False,12527,Ashton Jeanty,RB,17.66,16.08,1.58,10,0.5,0.0,1.22,-0.14,0.0,0.0,0.0,,Sleeper raw-stat projection × league scoring + current usage + OL health
2026,4,1366076769534251008,Dynasty V2,10,GOOBERTON,False,8228,Jaylen Warren,RB,20.11,18.99,1.12,10,0.0,0.0,1.22,-0.1,0.0,0.0,0.0,,Sleeper raw-stat projection × league scoring + current usage + OL health
2026,4,1366076769534251008,Dynasty V2,10,GOOBERTON,False,9488,Jaxon Smith-Njigba,WR,25.36,22.84,2.52,10,0.5,0.0,1.62,0.0,0.0,0.4,0.0,,Sleeper raw-stat projection × league scoring + current usage + injury ripple
2026,4,1366076769534251008,Dynasty V2,10,GOOBERTON,False,11635,Ladd McConkey,WR,14.51,12.55,1.96,10,0.5,0.0,0.81,0.0,0.0,0.65,0.0,,Sleeper raw-stat projection × league scoring + current usage + injury ripple
2026,4,1366076769534251008,Dynasty V2,10,GOOBERTON,False,5001,Dalton Schultz,TE,15.74,13.14,2.6,7,0.5,0.0,1.22,-0.12,0.0,1.0,0.0,,Sleeper raw-stat projection × league scoring + current usage + OL health + injury ripple
2026,4,1366076769534251008,Dynasty V2,10,GOOBERTON,False,12529,TreVeyon Henderson,RB,10.11,9.71,0.4,10,0.5,0.0,0.26,-0.36,0.0,0.0,0.0,,Sleeper raw-stat projection × league scoring + current usage + OL health
2026,4,1366076769534251008,Dynasty V2,10,GOOBERTON,False,8148,Jameson Williams,WR,12.49,11.19,1.3,10,-0.1,0.0,1.22,0.0,0.0,0.18,0.0,,Sleeper raw-stat projection × league scoring + current usage + injury ripple
2026,4,1366076769534251008,Dynasty V2,10,GOOBERTON,False,8183,Brock Purdy,QB,23.67,23.02,0.65,10,0.5,0.0,0.41,-0.26,0.0,0.0,0.0,,Sleeper raw-stat projection × league scoring + current usage + OL health
2026,4,1366076769534251008,Dynasty V2,2,cburt31,False,4881,Lamar Jackson,QB,24.88,24.55,0.33,10,0.5,0.0,0.41,-0.58,0.0,0.0,0.0,,Sleeper raw-stat projection × league scoring + current usage + OL health
2026,4,1366076769534251008,Dynasty V2,2,cburt31,False,4866,Saquon Barkley,RB,15.94,15.03,0.91,10,0.5,0.0,0.41,0.0,0.0,0.0,0.0,,Sleeper raw-stat projection × league scoring + current usage
2026,4,1366076769534251008,Dynasty V2,2,cburt31,False,8151,Kenneth Walker,RB,21.93,20.44,1.49,10,0.5,0.0,1.22,-0.23,0.0,0.0,0.0,,Sleeper raw-stat projection × league scoring + current usage + OL health
2026,4,1366076769534251008,Dynasty V2,2,cburt31,False,4037,Chris Godwin,WR,8.42,9.16,-0.74,10,-0.7,0.0,0.41,0.0,0.0,-0.45,0.0,,Sleeper raw-stat projection × league scoring + current usage + injury ripple
2026,4,1366076769534251008,Dynasty V2,2,cburt31,False,5927,Terry McLaurin,WR,13.52,12.0,1.52,10,0.5,0.0,1.22,0.0,0.0,-0.2,0.0,,Sleeper raw-stat projection × league scoring + current usage + injury ripple
2026,4,1366076769534251008,Dynasty V2,2,cburt31,False,5844,T.J. Hockenson,TE,11.64,10.45,1.19,7,0.0,0.0,0.81,-0.12,0.0,0.5,0.0,,Sleeper raw-stat projection × league scoring + current usage + OL health + injury ripple
2026,4,1366076769534251008,Dynasty V2,2,cburt31,False,7588,Javonte Williams,RB,17.14,15.42,1.72,10,0.5,0.0,1.22,0.0,0.0,0.0,0.0,,Sleeper raw-stat projection × league scoring + current usage
2026,4,1366076769534251008,Dynasty V2,2,cburt31,False,7021,Rico Dowdle,RB,0.16,,,0,0.0,0.0,0.26,-0.1,0.0,0.0,0.0,Out,season-long ECR proxy + current usage + OL health
2026,4,1366076769534251008,Dynasty V2,2,cburt31,False,12545,Tyler Shough,QB,22.31,21.4,0.91,10,0.5,0.0,0.41,0.0,0.0,0.0,0.0,,Sleeper raw-stat projection × league scoring + current usage
2026,4,1366076769534251008,Dynasty V2,3,Jesus is God Amen!,False,9758,C.J. Stroud,QB,22.18,21.53,0.65,10,0.5,0.0,0.41,-0.26,0.0,0.0,0.0,,Sleeper raw-stat projection × league scoring + current usage + OL health
2026,4,1366076769534251008,Dynasty V2,3,Jesus is God Amen!,False,9509,Bijan Robinson,RB,24.26,22.75,1.51,10,0.5,0.0,1.22,-0.37,0.0,0.16,0.0,,Sleeper raw-stat projection × league scoring + current usage + OL health + injury ripple
2026,4,1366076769534251008,Dynasty V2,3,Jesus is God Amen!,False,11584,Bucky Irving,RB,16.47,14.75,1.72,10,0.5,0.0,1.22,0.0,0.0,0.0,0.0,,Sleeper raw-stat projection × league scoring + current usage
2026,4,1366076769534251008,Dynasty V2,3,Jesus is God Amen!,False,11632,Malik Nabers,WR,15.67,14.44,1.23,10,0.5,0.0,0.81,-0.08,0.0,0.0,0.0,,Sleeper raw-stat projection × league scoring + current usage + OL health
2026,4,1366076769534251008,Dynasty V2,3,Jesus is God Amen!,False,9487,Parker Washington,WR,19.64,17.28,2.36,10,1.1,0.0,1.22,-0.14,0.0,0.18,0.0,,Sleeper raw-stat projection × league scoring + current usage + OL health + injury ripple
2026,4,1366076769534251008,Dynasty V2,3,Jesus is God Amen!,False,8131,Isaiah Likely,TE,15.44,13.79,1.65,7,0.5,0.0,1.22,-0.07,0.0,0.0,0.0,,Sleeper raw-stat projection × league scoring + current usage + OL health
2026,4,1366076769534251008,Dynasty V2,3,Jesus is God Amen!,False,12501,Matthew Golden,WR,13.33,12.55,0.78,10,-0.7,0.0,1.62,-0.14,0.0,0.0,0.0,,Sleeper raw-stat projection × league scoring + current usage + OL health
2026,4,1366076769534251008,Dynasty V2,3,Jesus is God Amen!,False,5012,Mark Andrews,TE,11.74,10.7,1.04,11,0.5,0.0,0.81,-0.27,0.0,0.0,0.0,Questionable,Sleeper raw-stat projection × league scoring + current usage + OL health
2026,4,1366076769534251008,Dynasty V2,3,Jesus is God Amen!,False,12522,Cam Ward,QB,15.79,15.07,0.72,10,0.5,0.0,0.41,-0.19,0.0,0.0,0.0,,Sleeper raw-stat projection × league scoring + current usage + OL health
2026,4,1366076769534251008,Dynasty V2,4,ArogersAchilles,False,3163,Jared Goff,QB,21.86,20.35,1.51,10,1.1,0.0,0.41,0.0,0.0,0.0,0.0,,Sleeper raw-stat projection × league scoring + current usage
2026,4,1366076769534251008,Dynasty V2,4,ArogersAchilles,False,13287,Jeremiyah Love,RB,17.44,16.27,1.17,10,0.5,0.0,0.81,-0.14,0.0,0.0,0.0,,Sleeper raw-stat projection × league scoring + current usage + OL health
2026,4,1366076769534251008,Dynasty V2,4,ArogersAchilles,False,9224,Chase Brown,RB,20.54,18.22,2.32,10,1.1,0.0,1.22,0.0,0.0,0.0,0.0,,Sleeper raw-stat projection × league scoring + current usage
2026,4,1366076769534251008,Dynasty V2,4,ArogersAchilles,False,7526,Jaylen Waddle,WR,14.71,12.95,1.76,10,0.5,0.0,0.81,0.0,0.0,0.45,0.0,Questionable,Sleeper raw-stat projection × league scoring + current usage + injury ripple
2026,4,1366076769534251008,Dynasty V2,4,ArogersAchilles,False,2449,Stefon Diggs,WR,11.05,11.39,-0.34,8,-0.7,0.0,0.81,0.0,0.0,-0.45,0.0,,Sleeper raw-stat projection × league scoring + current usage + injury ripple
2026,4,1366076769534251008,Dynasty V2,4,ArogersAchilles,False,8130,Trey McBride,TE,23.82,21.75,2.07,9,0.5,0.0,1.62,-0.05,0.0,0.0,0.0,,Sleeper raw-stat projection × league scoring + current usage + OL health
2026,4,1366076769534251008,Dynasty V2,4,ArogersAchilles,False,10859,Sam LaPorta,TE,15.94,13.12,2.82,11,1.1,0.0,1.22,0.0,0.0,0.5,0.0,,Sleeper raw-stat projection × league scoring + current usage + injury ripple
2026,4,1366076769534251008,Dynasty V2,4,ArogersAchilles,False,1466,Travis Kelce,TE,16.02,14.48,1.54,7,0.5,0.0,0.81,-0.27,0.0,0.5,0.0,,Sleeper raw-stat projection × league scoring + current usage + OL health + injury ripple
2026,4,1366076769534251008,Dynasty V2,4,ArogersAchilles,False,421,Matthew Stafford,QB,20.65,19.74,0.91,10,0.5,0.0,0.41,0.0,0.0,0.0,0.0,,Sleeper raw-stat projection × league scoring + current usage
2026,4,1366076769534251008,Dynasty V2,5,jblatz,False,6904,Jalen Hurts,QB,19.7,18.79,0.91,10,0.5,0.0,0.41,0.0,0.0,0.0,0.0,,Sleeper raw-stat projection × league scoring + current usage
2026,4,1366076769534251008,Dynasty V2,5,jblatz,False,9221,Jahmyr Gibbs,RB,27.89,25.57,2.32,10,1.1,0.0,1.22,0.0,0.0,0.0,0.0,,Sleeper raw-stat projection × league scoring + current usage
2026,4,1366076769534251008,Dynasty V2,5,jblatz,False,12507,Omarion Hampton,RB,11.03,9.72,1.31,10,0.5,0.0,0.81,0.0,0.0,0.0,0.0,,Sleeper raw-stat projection × league scoring + current usage
2026,4,1366076769534251008,Dynasty V2,5,jblatz,False,8137,George Pickens,WR,16.09,15.17,0.92,10,-0.7,0.0,1.62,0.0,0.0,0.0,0.0,,Sleeper raw-stat projection × league scoring + current usage
2026,4,1366076769534251008,Dynasty V2,5,jblatz,False,7525,DeVonta Smith,WR,17.45,13.68,3.77,10,0.5,0.0,1.62,0.0,0.0,1.65,0.0,,Sleeper raw-stat projection × league scoring + current usage + injury ripple
2026,4,1366076769534251008,Dynasty V2,5,jblatz,False,11604,Brock Bowers,TE,20.05,19.11,0.94,11,0.5,0.0,0.49,-0.05,0.0,0.0,0.0,,Sleeper raw-stat projection × league scoring + current usage + OL health
2026,4,1366076769534251008,Dynasty V2,5,jblatz,False,2133,Davante Adams,WR,17.99,16.37,1.62,6,-0.7,0.0,1.22,0.0,0.0,1.1,0.0,,Sleeper raw-stat projection × league scoring + current usage + injury ripple
2026,4,1366076769534251008,Dynasty V2,5,jblatz,False,12533,Jacory Croskey-Merritt,RB,13.62,12.31,1.31,10,0.5,0.0,0.81,0.0,0.0,0.0,0.0,,Sleeper raw-stat projection × league scoring + current usage
2026,4,1366076769534251008,Dynasty V2,5,jblatz,False,11563,Bo Nix,QB,22.51,21.6,0.91,10,0.5,0.0,0.41,0.0,0.0,0.0,0.0,,Sleeper raw-stat projection × league scoring + current usage
2026,4,1366076769534251008,Dynasty V2,6,zthompson1533,False,6770,Joe Burrow,QB,23.52,22.01,1.51,10,1.1,0.0,0.41,0.0,0.0,0.0,0.0,,Sleeper raw-stat projection × league scoring + current usage
2026,4,1366076769534251008,Dynasty V2,6,zthompson1533,False,3198,Derrick Henry,RB,21.87,20.79,1.08,10,0.5,0.0,0.81,-0.23,0.0,0.0,0.0,,Sleeper raw-stat projection × league scoring + current usage + OL health
2026,4,1366076769534251008,Dynasty V2,6,zthompson1533,False,8155,Breece Hall,RB,0.51,,,0,0.0,0.0,0.81,-0.3,0.0,0.0,0.0,Out,weekly projected points + current usage + OL health
2026,4,1366076769534251008,Dynasty V2,6,zthompson1533,False,7564,Ja'Marr Chase,WR,21.47,18.75,2.72,10,1.1,0.0,1.62,0.0,0.0,0.0,0.0,,Sleeper raw-stat projection × league scoring + current usage
2026,4,1366076769534251008,Dynasty V2,6,zthompson1533,False,8112,Drake London,WR,18.24,16.75,1.49,10,0.5,0.0,1.22,-0.23,0.0,0.0,0.0,,Sleeper raw-stat projection × league scoring + current usage + OL health
2026,4,1366076769534251008,Dynasty V2,6,zthompson1533,False,4217,George Kittle,TE,15.31,14.02,1.29,7,0.5,0.0,0.41,-0.12,0.0,0.5,0.0,,Sleeper raw-stat projection × league scoring + current usage + OL health + injury ripple
2026,4,1366076769534251008,Dynasty V2,6,zthompson1533,False,4199,Aaron Jones,RB,15.59,14.47,1.12,10,0.0,0.0,1.22,-0.1,0.0,0.0,0.0,,Sleeper raw-stat projection × league scoring + current usage + OL health
2026,4,1366076769534251008,Dynasty V2,6,zthompson1533,False,11646,Jalen Coker,WR,3.46,15.08,-11.62,10,-12.8,0.0,1.22,-0.04,0.0,0.0,0.0,Out,Sleeper raw-stat projection × league scoring + current usage + OL health
2026,4,1366076769534251008,Dynasty V2,6,zthompson1533,False,7523,Trevor Lawrence,QB,23.92,22.67,1.25,10,1.1,0.0,0.41,-0.26,0.0,0.0,0.0,,Sleeper raw-stat projection × league scoring + current usage + OL health
2026,4,1366076769534251008,Dynasty V2,7,Manson,False,11564,Drake Maye,QB,21.41,20.39,1.02,10,0.5,0.0,0.41,-0.34,0.0,0.45,0.0,,Sleeper raw-stat projection × league scoring + current usage + OL health + injury ripple
2026,4,1366076769534251008,Dynasty V2,7,Manson,False,6813,Jonathan Taylor,RB,24.15,22.03,2.12,10,0.5,0.0,1.62,0.0,0.0,0.0,0.0,,Sleeper raw-stat projection × league scoring + current usage
2026,4,1366076769534251008,Dynasty V2,7,Manson,False,4034,Christian McCaffrey,RB,20.74,19.12,1.62,10,0.5,0.0,1.22,-0.1,0.0,0.0,0.0,,Sleeper raw-stat projection × league scoring + current usage + OL health
2026,4,1366076769534251008,Dynasty V2,7,Manson,False,8144,Chris Olave,WR,21.56,19.44,2.12,10,0.5,0.0,1.62,0.0,0.0,0.0,0.0,,Sleeper raw-stat projection × league scoring + current usage
2026,4,1366076769534251008,Dynasty V2,7,Manson,False,8167,Christian Watson,WR,17.62,15.64,1.98,10,0.5,0.0,1.62,-0.14,0.0,0.0,0.0,,Sleeper raw-stat projection × league scoring + current usage + OL health
2026,4,1366076769534251008,Dynasty V2,7,Manson,False,9484,Tucker Kraft,TE,14.03,12.89,1.14,7,0.5,0.0,0.81,-0.17,0.0,0.0,0.0,,Sleeper raw-stat projection × league scoring + current usage + OL health
2026,4,1366076769534251008,Dynasty V2,7,Manson,False,10232,Michael Wilson,WR,17.96,14.88,3.08,10,0.5,0.0,1.62,-0.04,0.0,1.0,0.0,,Sleeper raw-stat projection × league scoring + current usage + OL health + injury ripple
2026,4,1366076769534251008,Dynasty V2,7,Manson,False,12514,Emeka Egbuka,WR,11.93,10.66,1.27,10,0.5,0.0,1.22,0.0,0.0,-0.45,0.0,,Sleeper raw-stat projection × league scoring + current usage + injury ripple
2026,4,1366076769534251008,Dynasty V2,7,Manson,False,4892,Baker Mayfield,QB,0.41,,,0,0.0,0.0,0.41,0.0,0.0,0.0,0.0,Out,weekly projected points + current usage
2026,4,1366076769534251008,Dynasty V2,8,Stutterboyzzzz,False,4984,Josh Allen,QB,26.62,25.51,1.11,10,0.5,0.0,0.41,0.0,0.0,0.2,0.0,Questionable,Sleeper raw-stat projection × league scoring + current usage + injury ripple
2026,4,1366076769534251008,Dynasty V2,8,Stutterboyzzzz,False,8150,Kyren Williams,RB,15.7,13.98,1.72,10,0.5,0.0,1.22,0.0,0.0,0.0,0.0,,Sleeper raw-stat projection × league scoring + current usage
2026,4,1366076769534251008,Dynasty V2,8,Stutterboyzzzz,False,8136,Rachaad White,RB,8.58,8.87,-0.29,10,-0.7,0.0,0.41,0.0,0.0,0.0,0.0,Questionable,Sleeper raw-stat projection × league scoring + current usage
2026,4,1366076769534251008,Dynasty V2,8,Stutterboyzzzz,False,6786,CeeDee Lamb,WR,19.72,18.0,1.72,10,0.5,0.0,1.22,0.0,0.0,0.0,0.0,,Sleeper raw-stat projection × league scoring + current usage
2026,4,1366076769534251008,Dynasty V2,8,Stutterboyzzzz,False,6794,Justin Jefferson,WR,0.67,17.0,-16.33,8,-17.0,0.0,0.81,-0.14,0.0,0.0,0.0,Out,Sleeper raw-stat projection × league scoring + current usage + OL health
2026,4,1366076769534251008,Dynasty V2,8,Stutterboyzzzz,False,12518,Tyler Warren,TE,16.89,14.77,2.12,11,0.5,0.0,1.62,0.0,0.0,0.0,0.0,,Sleeper raw-stat projection × league scoring + current usage
2026,4,1366076769534251008,Dynasty V2,8,Stutterboyzzzz,False,10236,Dalton Kincaid,TE,16.1,14.99,1.11,7,0.5,0.0,0.81,0.0,0.0,-0.2,0.0,,Sleeper raw-stat projection × league scoring + current usage + injury ripple
2026,4,1366076769534251008,Dynasty V2,8,Stutterboyzzzz,False,5872,Deebo Samuel,WR,9.61,9.35,0.26,10,-0.7,0.0,0.0,-0.14,0.0,1.1,0.0,,Sleeper raw-stat projection × league scoring + OL health + injury ripple
2026,4,1366076769534251008,Dynasty V2,8,Stutterboyzzzz,False,9228,Bryce Young,QB,23.06,21.63,1.43,10,1.1,0.0,0.41,-0.08,0.0,0.0,0.0,,Sleeper raw-stat projection × league scoring + current usage + OL health
2026,4,1366076769534251008,Dynasty V2,9,TheANT2,False,6797,Justin Herbert,QB,17.12,16.21,0.91,10,0.5,0.0,0.41,0.0,0.0,0.0,0.0,,Sleeper raw-stat projection × league scoring + current usage
2026,4,1366076769534251008,Dynasty V2,9,TheANT2,False,8138,James Cook,RB,19.18,17.46,1.72,10,0.5,0.0,1.22,0.0,0.0,0.0,0.0,,Sleeper raw-stat projection × league scoring + current usage
2026,4,1366076769534251008,Dynasty V2,9,TheANT2,False,7567,Kenny Gainwell,RB,7.04,7.74,-0.7,10,-0.7,0.0,0.0,0.0,0.0,0.0,0.0,,Sleeper raw-stat projection × league scoring
2026,4,1366076769534251008,Dynasty V2,9,TheANT2,False,11834,Devaughn Vele,WR,11.48,10.56,0.92,10,-0.7,0.0,1.62,0.0,0.0,0.0,0.0,,Sleeper raw-stat projection × league scoring + current usage
2026,4,1366076769534251008,Dynasty V2,9,TheANT2,False,6801,Tee Higgins,WR,17.57,16.45,1.12,10,-0.1,0.0,1.22,0.0,0.0,0.0,0.0,,Sleeper raw-stat projection × league scoring + current usage
2026,4,1366076769534251008,Dynasty V2,9,TheANT2,False,12506,Harold Fannin,TE,15.83,14.9,0.93,11,0.0,0.0,1.22,-0.29,0.0,0.0,0.0,,Sleeper raw-stat projection × league scoring + current usage + OL health
2026,4,1366076769534251008,Dynasty V2,9,TheANT2,False,5892,David Montgomery,RB,16.07,15.26,0.81,10,0.5,0.0,0.41,-0.1,0.0,0.0,0.0,,Sleeper raw-stat projection × league scoring + current usage + OL health
2026,4,1366076769534251008,Dynasty V2,9,TheANT2,False,11628,Marvin Harrison,WR,5.66,5.59,0.07,6,-0.7,0.0,0.41,-0.04,0.0,0.4,0.0,,Sleeper raw-stat projection × league scoring + current usage + OL health + injury ripple
2026,4,1366076769534251008,Dynasty V2,9,TheANT2,False,6768,Tua Tagovailoa,QB,0.0,,,0,0.0,0.0,0.0,-0.43,0.0,0.0,0.0,,weekly projected points + OL health
2026,4,1370218620990263296,One League to Rule Them All,1,Sauron’s Commisioner,False,96,Aaron Rodgers,QB,16.2,16.05,0.15,9,0.0,0.0,0.41,-0.26,0.0,0.0,0.0,,Sleeper raw-stat projection × league scoring + current usage + OL health
2026,4,1370218620990263296,One League to Rule Them All,1,Sauron’s Commisioner,False,13287,Jeremiyah Love,RB,16.85,15.68,1.17,9,0.5,0.0,0.81,-0.14,0.0,0.0,0.0,,Sleeper raw-stat projection × league scoring + current usage + OL health
2026,4,1370218620990263296,One League to Rule Them All,1,Sauron’s Commisioner,False,10219,Chris Rodriguez,RB,5.24,5.44,-0.2,9,-0.1,0.0,0.0,-0.1,0.0,0.0,0.0,,Sleeper raw-stat projection × league scoring + OL health
2026,4,1370218620990263296,One League to Rule Them All,1,Sauron’s Commisioner,False,13279,Carnell Tate,WR,11.67,10.05,1.62,9,0.5,0.0,1.22,-0.1,0.0,0.0,0.0,,Sleeper raw-stat projection × league scoring + current usage + OL health
2026,4,1370218620990263296,One League to Rule Them All,1,Sauron’s Commisioner,False,11624,Xavier Worthy,WR,9.88,9.67,0.21,9,-0.7,0.0,1.22,-0.31,0.0,0.0,0.0,,Sleeper raw-stat projection × league scoring + current usage + OL health
2026,4,1370218620990263296,One League to Rule Them All,1,Sauron’s Commisioner,False,13346,Denzel Boston,WR,12.93,10.99,1.94,9,0.0,0.0,1.22,-0.28,0.0,1.0,0.0,,Sleeper raw-stat projection × league scoring + current usage + OL health + injury ripple
2026,4,1370218620990263296,One League to Rule Them All,1,Sauron’s Commisioner,False,11604,Brock Bowers,TE,19.35,18.41,0.94,10,0.5,0.0,0.49,-0.05,0.0,0.0,0.0,,Sleeper raw-stat projection × league scoring + current usage + OL health
2026,4,1370218620990263296,One League to Rule Them All,1,Sauron’s Commisioner,False,11655,Tyrone Tracy,RB,0.0,0.77,-0.77,9,-1.5,0.0,-1.22,-0.06,0.0,0.0,0.0,,Sleeper raw-stat projection × league scoring + current usage + OL health
2026,4,1370218620990263296,One League to Rule Them All,1,Sauron’s Commisioner,False,13330,Kenyon Sadiq,TE,12.14,11.35,0.79,10,0.5,0.0,0.41,-0.12,0.0,0.0,0.0,,Sleeper raw-stat projection × league scoring + current usage + OL health
2026,4,1370218620990263296,One League to Rule Them All,1,Sauron’s Commisioner,False,13425,Jalon Daniels,QB,14.64,13.6,1.04,9,0.0,0.0,-0.16,0.0,0.0,1.2,0.0,,Sleeper raw-stat projection × league scoring + current usage + injury ripple
2026,4,1370218620990263296,One League to Rule Them All,10,JimmyJames2027,False,8183,Brock Purdy,QB,22.76,22.11,0.65,9,0.5,0.0,0.41,-0.26,0.0,0.0,0.0,,Sleeper raw-stat projection × league scoring + current usage + OL health
2026,4,1370218620990263296,One League to Rule Them All,10,JimmyJames2027,False,12527,Ashton Jeanty,RB,16.94,15.36,1.58,9,0.5,0.0,1.22,-0.14,0.0,0.0,0.0,,Sleeper raw-stat projection × league scoring + current usage + OL health
2026,4,1370218620990263296,One League to Rule Them All,10,JimmyJames2027,False,12481,Cam Skattebo,RB,17.06,15.4,1.66,9,0.5,0.0,1.22,-0.06,0.0,0.0,0.0,,Sleeper raw-stat projection × league scoring + current usage + OL health
2026,4,1370218620990263296,One League to Rule Them All,10,JimmyJames2027,False,8112,Drake London,WR,17.66,16.17,1.49,9,0.5,0.0,1.22,-0.23,0.0,0.0,0.0,,Sleeper raw-stat projection × league scoring + current usage + OL health
2026,4,1370218620990263296,One League to Rule Them All,10,JimmyJames2027,False,8146,Garrett Wilson,WR,18.78,16.76,2.02,9,0.5,0.0,1.62,-0.1,0.0,0.0,0.0,,Sleeper raw-stat projection × league scoring + current usage + OL health
2026,4,1370218620990263296,One League to Rule Them All,10,JimmyJames2027,False,2449,Stefon Diggs,WR,10.62,10.96,-0.34,7,-0.7,0.0,0.81,0.0,0.0,-0.45,0.0,,Sleeper raw-stat projection × league scoring + current usage + injury ripple
2026,4,1370218620990263296,One League to Rule Them All,10,JimmyJames2027,False,10236,Dalton Kincaid,TE,15.59,14.48,1.11,7,0.5,0.0,0.81,0.0,0.0,-0.2,0.0,,Sleeper raw-stat projection × league scoring + current usage + injury ripple
2026,4,1370218620990263296,One League to Rule Them All,10,JimmyJames2027,False,13298,KC Concepcion,WR,9.16,9.43,-0.27,9,-1.2,0.0,0.81,-0.28,0.0,0.4,0.0,,Sleeper raw-stat projection × league scoring + current usage + OL health + injury ripple
2026,4,1370218620990263296,One League to Rule Them All,10,JimmyJames2027,False,12495,Ollie Gordon,RB,10.09,7.73,2.36,9,0.4,0.0,0.41,0.0,0.0,1.55,0.0,Questionable,Sleeper raw-stat projection × league scoring + current usage + injury ripple
2026,4,1370218620990263296,One League to Rule Them All,10,JimmyJames2027,False,421,Matthew Stafford,QB,19.82,18.91,0.91,9,0.5,0.0,0.41,0.0,0.0,0.0,0.0,,Sleeper raw-stat projection × league scoring + current usage
2026,4,1370218620990263296,One League to Rule Them All,11,The J-Squad,False,6904,Jalen Hurts,QB,18.95,18.04,0.91,9,0.5,0.0,0.41,0.0,0.0,0.0,0.0,,Sleeper raw-stat projection × league scoring + current usage
2026,4,1370218620990263296,One League to Rule Them All,11,The J-Squad,False,12490,Bhayshul Tuten,RB,14.47,12.66,1.81,9,1.1,0.0,0.81,-0.1,0.0,0.0,0.0,,Sleeper raw-stat projection × league scoring + current usage + OL health
2026,4,1370218620990263296,One League to Rule Them All,11,The J-Squad,False,3198,Derrick Henry,RB,21.33,20.25,1.08,9,0.5,0.0,0.81,-0.23,0.0,0.0,0.0,,Sleeper raw-stat projection × league scoring + current usage + OL health
2026,4,1370218620990263296,One League to Rule Them All,11,The J-Squad,False,7564,Ja'Marr Chase,WR,20.8,18.08,2.72,9,1.1,0.0,1.62,0.0,0.0,0.0,0.0,,Sleeper raw-stat projection × league scoring + current usage
2026,4,1370218620990263296,One League to Rule Them All,11,The J-Squad,False,6794,Justin Jefferson,WR,0.67,16.38,-15.71,7,-17.0,0.0,0.81,-0.14,0.0,0.0,0.0,Out,Sleeper raw-stat projection × league scoring + current usage + OL health
2026,4,1370218620990263296,One League to Rule Them All,11,The J-Squad,False,5927,Terry McLaurin,WR,13.1,11.58,1.52,9,0.5,0.0,1.22,0.0,0.0,-0.2,0.0,,Sleeper raw-stat projection × league scoring + current usage + injury ripple
2026,4,1370218620990263296,One League to Rule Them All,11,The J-Squad,False,9484,Tucker Kraft,TE,13.61,12.47,1.14,7,0.5,0.0,0.81,-0.17,0.0,0.0,0.0,,Sleeper raw-stat projection × league scoring + current usage + OL health
2026,4,1370218620990263296,One League to Rule Them All,11,The J-Squad,False,11610,Malik Washington,WR,10.39,8.77,1.62,9,0.0,0.0,1.62,0.0,0.0,0.0,0.0,,Sleeper raw-stat projection × league scoring + current usage
2026,4,1370218620990263296,One League to Rule Them All,11,The J-Squad,False,11581,MarShawn Lloyd,RB,8.4,7.93,0.47,9,0.5,0.0,0.41,-0.44,0.0,0.0,0.0,,Sleeper raw-stat projection × league scoring + current usage + OL health
2026,4,1370218620990263296,One League to Rule Them All,11,The J-Squad,False,6804,Jordan Love,QB,20.05,19.41,0.64,9,0.5,0.0,0.41,-0.27,0.0,0.0,0.0,,Sleeper raw-stat projection × league scoring + current usage + OL health
2026,4,1370218620990263296,One League to Rule Them All,12,Sonic & Knuckles,False,3294,Dak Prescott,QB,21.06,20.15,0.91,9,0.5,0.0,0.41,0.0,0.0,0.0,0.0,,Sleeper raw-stat projection × league scoring + current usage
2026,4,1370218620990263296,One League to Rule Them All,12,Sonic & Knuckles,False,9221,Jahmyr Gibbs,RB,26.96,24.64,2.32,9,1.1,0.0,1.22,0.0,0.0,0.0,0.0,,Sleeper raw-stat projection × league scoring + current usage
2026,4,1370218620990263296,One League to Rule Them All,12,Sonic & Knuckles,False,5892,David Montgomery,RB,15.56,14.75,0.81,9,0.5,0.0,0.41,-0.1,0.0,0.0,0.0,,Sleeper raw-stat projection × league scoring + current usage + OL health
2026,4,1370218620990263296,One League to Rule Them All,12,Sonic & Knuckles,False,6786,CeeDee Lamb,WR,19.06,17.34,1.72,9,0.5,0.0,1.22,0.0,0.0,0.0,0.0,,Sleeper raw-stat projection × league scoring + current usage
2026,4,1370218620990263296,One League to Rule Them All,12,Sonic & Knuckles,False,6801,Tee Higgins,WR,17.04,15.92,1.12,9,-0.1,0.0,1.22,0.0,0.0,0.0,0.0,,Sleeper raw-stat projection × league scoring + current usage
2026,4,1370218620990263296,One League to Rule Them All,12,Sonic & Knuckles,False,7526,Jaylen Waddle,WR,14.2,12.44,1.76,9,0.5,0.0,0.81,0.0,0.0,0.45,0.0,Questionable,Sleeper raw-stat projection × league scoring + current usage + injury ripple
2026,4,1370218620990263296,One League to Rule Them All,12,Sonic & Knuckles,False,1466,Travis Kelce,TE,15.53,13.99,1.54,7,0.5,0.0,0.81,-0.27,0.0,0.5,0.0,,Sleeper raw-stat projection × league scoring + current usage + OL health + injury ripple
2026,4,1370218620990263296,One League to Rule Them All,12,Sonic & Knuckles,False,7002,Juwan Johnson,TE,15.06,13.75,1.31,7,0.5,0.0,0.81,0.0,0.0,0.0,0.0,,Sleeper raw-stat projection × league scoring + current usage
2026,4,1370218620990263296,One League to Rule Them All,12,Sonic & Knuckles,False,4866,Saquon Barkley,RB,15.41,14.5,0.91,9,0.5,0.0,0.41,0.0,0.0,0.0,0.0,,Sleeper raw-stat projection × league scoring + current usage
2026,4,1370218620990263296,One League to Rule Them All,12,Sonic & Knuckles,False,4046,Patrick Mahomes,QB,24.57,24.24,0.33,9,0.5,0.0,0.41,-0.58,0.0,0.0,0.0,,Sleeper raw-stat projection × league scoring + current usage + OL health
2026,4,1370218620990263296,One League to Rule Them All,2,ASSton Martin ,False,12522,Cam Ward,QB,15.05,14.33,0.72,9,0.5,0.0,0.41,-0.19,0.0,0.0,0.0,,Sleeper raw-stat projection × league scoring + current usage + OL health
2026,4,1370218620990263296,One League to Rule Them All,2,ASSton Martin ,False,8151,Kenneth Walker,RB,21.14,19.65,1.49,9,0.5,0.0,1.22,-0.23,0.0,0.0,0.0,,Sleeper raw-stat projection × league scoring + current usage + OL health
2026,4,1370218620990263296,One League to Rule Them All,2,ASSton Martin ,False,7611,Rhamondre Stevenson,RB,11.8,12.45,-0.65,9,-0.7,0.0,0.41,-0.36,0.0,0.0,0.0,,Sleeper raw-stat projection × league scoring + current usage + OL health
2026,4,1370218620990263296,One League to Rule Them All,2,ASSton Martin ,False,9493,Puka Nacua,WR,17.82,17.22,0.6,9,0.0,0.0,0.49,0.0,0.0,0.11,0.0,Out,Sleeper raw-stat projection × league scoring + current usage + injury ripple
2026,4,1370218620990263296,One League to Rule Them All,2,ASSton Martin ,False,2216,Mike Evans,WR,0.27,13.47,-13.2,6,-13.7,0.0,0.41,-0.14,0.0,0.0,0.0,Out,Sleeper raw-stat projection × league scoring + current usage + OL health
2026,4,1370218620990263296,One League to Rule Them All,2,ASSton Martin ,False,2133,Davante Adams,WR,17.47,15.85,1.62,6,-0.7,0.0,1.22,0.0,0.0,1.1,0.0,,Sleeper raw-stat projection × league scoring + current usage + injury ripple
2026,4,1370218620990263296,One League to Rule Them All,2,ASSton Martin ,False,10859,Sam LaPorta,TE,15.47,12.65,2.82,10,1.1,0.0,1.22,0.0,0.0,0.5,0.0,,Sleeper raw-stat projection × league scoring + current usage + injury ripple
2026,4,1370218620990263296,One League to Rule Them All,2,ASSton Martin ,False,4983,DJ Moore,WR,14.56,13.78,0.78,9,0.5,0.0,0.41,0.0,0.0,-0.13,0.0,,Sleeper raw-stat projection × league scoring + current usage + injury ripple
2026,4,1370218620990263296,One League to Rule Them All,2,ASSton Martin ,False,8132,Tyler Allgeier,RB,7.25,7.68,-0.43,9,-0.7,0.0,0.41,-0.14,0.0,0.0,0.0,,Sleeper raw-stat projection × league scoring + current usage + OL health
2026,4,1370218620990263296,One League to Rule Them All,2,ASSton Martin ,False,4066,Evan Engram,TE,7.66,6.68,0.98,7,0.5,0.0,0.0,0.0,0.0,0.48,0.0,,Sleeper raw-stat projection × league scoring + injury ripple
2026,4,1370218620990263296,One League to Rule Them All,3,Nazgûl Nation,True,6770,Joe Burrow,QB,22.47,20.96,1.51,9,1.1,0.0,0.41,0.0,0.0,0.0,0.0,,Sleeper raw-stat projection × league scoring + current usage
2026,4,1370218620990263296,One League to Rule Them All,3,Nazgûl Nation,True,12507,Omarion Hampton,RB,10.63,9.32,1.31,9,0.5,0.0,0.81,0.0,0.0,0.0,0.0,,Sleeper raw-stat projection × league scoring + current usage
2026,4,1370218620990263296,One League to Rule Them All,3,Nazgûl Nation,True,9224,Chase Brown,RB,19.81,17.49,2.32,9,1.1,0.0,1.22,0.0,0.0,0.0,0.0,,Sleeper raw-stat projection × league scoring + current usage
2026,4,1370218620990263296,One League to Rule Them All,3,Nazgûl Nation,True,9500,Josh Downs,WR,14.23,12.51,1.72,9,0.5,0.0,1.22,0.0,0.0,0.0,0.0,,Sleeper raw-stat projection × league scoring + current usage
2026,4,1370218620990263296,One League to Rule Them All,3,Nazgûl Nation,True,12514,Emeka Egbuka,WR,11.55,10.28,1.27,9,0.5,0.0,1.22,0.0,0.0,-0.45,0.0,,Sleeper raw-stat projection × league scoring + current usage + injury ripple
2026,4,1370218620990263296,One League to Rule Them All,3,Nazgûl Nation,True,9487,Parker Washington,WR,19.07,16.71,2.36,9,1.1,0.0,1.22,-0.14,0.0,0.18,0.0,,Sleeper raw-stat projection × league scoring + current usage + OL health + injury ripple
2026,4,1370218620990263296,One League to Rule Them All,3,Nazgûl Nation,True,5001,Dalton Schultz,TE,15.26,12.66,2.6,7,0.5,0.0,1.22,-0.12,0.0,1.0,0.0,,Sleeper raw-stat projection × league scoring + current usage + OL health + injury ripple
2026,4,1370218620990263296,One League to Rule Them All,3,Nazgûl Nation,True,11584,Bucky Irving,RB,15.84,14.12,1.72,9,0.5,0.0,1.22,0.0,0.0,0.0,0.0,,Sleeper raw-stat projection × league scoring + current usage
2026,4,1370218620990263296,One League to Rule Them All,3,Nazgûl Nation,True,11834,Devaughn Vele,WR,11.06,10.14,0.92,9,-0.7,0.0,1.62,0.0,0.0,0.0,0.0,,Sleeper raw-stat projection × league scoring + current usage
2026,4,1370218620990263296,One League to Rule Them All,3,Nazgûl Nation,True,1166,Kirk Cousins,QB,18.32,17.49,0.83,9,0.5,0.0,0.41,-0.08,0.0,0.0,0.0,,Sleeper raw-stat projection × league scoring + current usage + OL health
2026,4,1370218620990263296,One League to Rule Them All,4,RoboJVB,False,4943,Sam Darnold,QB,18.82,18.32,0.5,9,0.5,0.0,0.0,0.0,0.0,0.0,0.0,,Sleeper raw-stat projection × league scoring
2026,4,1370218620990263296,One League to Rule Them All,4,RoboJVB,False,12512,Quinshon Judkins,RB,9.14,8.46,0.68,9,0.0,0.0,1.22,-0.54,0.0,0.0,0.0,,Sleeper raw-stat projection × league scoring + current usage + OL health
2026,4,1370218620990263296,One League to Rule Them All,4,RoboJVB,False,8150,Kyren Williams,RB,15.18,13.46,1.72,9,0.5,0.0,1.22,0.0,0.0,0.0,0.0,,Sleeper raw-stat projection × league scoring + current usage
2026,4,1370218620990263296,One League to Rule Them All,4,RoboJVB,False,9488,Jaxon Smith-Njigba,WR,24.63,22.11,2.52,9,0.5,0.0,1.62,0.0,0.0,0.4,0.0,,Sleeper raw-stat projection × league scoring + current usage + injury ripple
2026,4,1370218620990263296,One League to Rule Them All,4,RoboJVB,False,11635,Ladd McConkey,WR,14.06,12.1,1.96,9,0.5,0.0,0.81,0.0,0.0,0.65,0.0,,Sleeper raw-stat projection × league scoring + current usage + injury ripple
2026,4,1370218620990263296,One League to Rule Them All,4,RoboJVB,False,12526,Tetairoa McMillan,WR,16.26,13.58,2.68,9,1.1,0.0,1.62,-0.04,0.0,0.0,0.0,,Sleeper raw-stat projection × league scoring + current usage + OL health
2026,4,1370218620990263296,One League to Rule Them All,4,RoboJVB,False,12517,Colston Loveland,TE,13.24,12.0,1.24,10,0.5,0.0,0.81,-0.12,0.0,0.05,0.0,,Sleeper raw-stat projection × league scoring + current usage + OL health + injury ripple
2026,4,1370218620990263296,One League to Rule Them All,4,RoboJVB,False,12534,Kyle Monangai,RB,8.61,9.0,-0.39,9,-0.7,0.0,0.41,-0.1,0.0,0.0,0.0,,Sleeper raw-stat projection × league scoring + current usage + OL health
2026,4,1370218620990263296,One League to Rule Them All,4,RoboJVB,False,9486,Dontayvion Wicks,WR,9.59,8.67,0.92,9,-0.7,0.0,1.22,0.0,0.0,0.4,0.0,,Sleeper raw-stat projection × league scoring + current usage + injury ripple
2026,4,1370218620990263296,One League to Rule Them All,4,RoboJVB,False,4177,Mack Hollins,WR,8.63,8.7,-0.07,9,-0.7,0.0,0.81,-0.18,0.0,0.0,0.0,,Sleeper raw-stat projection × league scoring + current usage + OL health
2026,4,1370218620990263296,One League to Rule Them All,5,Average at Best,False,4984,Josh Allen,QB,25.66,24.55,1.11,9,0.5,0.0,0.41,0.0,0.0,0.2,0.0,Questionable,Sleeper raw-stat projection × league scoring + current usage + injury ripple
2026,4,1370218620990263296,One League to Rule Them All,5,Average at Best,False,7594,Chuba Hubbard,RB,18.38,16.2,2.18,9,1.1,0.0,1.22,-0.14,0.0,0.0,0.0,,Sleeper raw-stat projection × league scoring + current usage + OL health
2026,4,1370218620990263296,One League to Rule Them All,5,Average at Best,False,7567,Kenny Gainwell,RB,6.75,7.45,-0.7,9,-0.7,0.0,0.0,0.0,0.0,0.0,0.0,,Sleeper raw-stat projection × league scoring
2026,4,1370218620990263296,One League to Rule Them All,5,Average at Best,False,8137,George Pickens,WR,15.53,14.61,0.92,9,-0.7,0.0,1.62,0.0,0.0,0.0,0.0,,Sleeper raw-stat projection × league scoring + current usage
2026,4,1370218620990263296,One League to Rule Them All,5,Average at Best,False,8167,Christian Watson,WR,17.16,15.18,1.98,9,0.5,0.0,1.62,-0.14,0.0,0.0,0.0,,Sleeper raw-stat projection × league scoring + current usage + OL health
2026,4,1370218620990263296,One League to Rule Them All,5,Average at Best,False,7525,DeVonta Smith,WR,16.94,13.17,3.77,9,0.5,0.0,1.62,0.0,0.0,1.65,0.0,,Sleeper raw-stat projection × league scoring + current usage + injury ripple
2026,4,1370218620990263296,One League to Rule Them All,5,Average at Best,False,8131,Isaiah Likely,TE,14.99,13.34,1.65,7,0.5,0.0,1.22,-0.07,0.0,0.0,0.0,,Sleeper raw-stat projection × league scoring + current usage + OL health
2026,4,1370218620990263296,One League to Rule Them All,5,Average at Best,False,5947,Jakobi Meyers,WR,9.86,9.69,0.17,9,-0.1,0.0,0.41,-0.14,0.0,0.0,0.0,,Sleeper raw-stat projection × league scoring + current usage + OL health
2026,4,1370218620990263296,One League to Rule Them All,5,Average at Best,False,11625,Adonai Mitchell,WR,9.08,8.39,0.69,9,0.0,0.0,0.79,-0.1,0.0,0.0,0.0,Out,Sleeper raw-stat projection × league scoring + current usage + OL health
2026,4,1370218620990263296,One League to Rule Them All,5,Average at Best,False,9758,C.J. Stroud,QB,21.28,20.63,0.65,9,0.5,0.0,0.41,-0.26,0.0,0.0,0.0,,Sleeper raw-stat projection × league scoring + current usage + OL health
2026,4,1370218620990263296,One League to Rule Them All,6,scarberryt,False,11564,Drake Maye,QB,20.53,19.51,1.02,9,0.5,0.0,0.41,-0.34,0.0,0.45,0.0,,Sleeper raw-stat projection × league scoring + current usage + OL health + injury ripple
2026,4,1370218620990263296,One League to Rule Them All,6,scarberryt,False,8155,Breece Hall,RB,0.51,,,0,0.0,0.0,0.81,-0.3,0.0,0.0,0.0,Out,weekly projected points + current usage + OL health
2026,4,1370218620990263296,One League to Rule Them All,6,scarberryt,False,12529,TreVeyon Henderson,RB,9.81,9.41,0.4,9,0.5,0.0,0.26,-0.36,0.0,0.0,0.0,,Sleeper raw-stat projection × league scoring + current usage + OL health
2026,4,1370218620990263296,One League to Rule Them All,6,scarberryt,False,8134,Khalil Shakir,WR,7.66,8.15,-0.49,9,-0.7,0.0,0.41,0.0,0.0,-0.2,0.0,,Sleeper raw-stat projection × league scoring + current usage + injury ripple
2026,4,1370218620990263296,One League to Rule Them All,6,scarberryt,False,8148,Jameson Williams,WR,12.09,10.79,1.3,9,-0.1,0.0,1.22,0.0,0.0,0.18,0.0,,Sleeper raw-stat projection × league scoring + current usage + injury ripple
2026,4,1370218620990263296,One League to Rule Them All,6,scarberryt,False,7571,Rashod Bateman,WR,7.97,7.76,0.21,9,-0.7,0.0,1.22,-0.31,0.0,0.0,0.0,,Sleeper raw-stat projection × league scoring + current usage + OL health
2026,4,1370218620990263296,One League to Rule Them All,6,scarberryt,False,7553,Kyle Pitts,TE,10.53,10.01,0.52,7,0.5,0.0,0.0,-0.23,0.0,0.25,0.0,,Sleeper raw-stat projection × league scoring + OL health + injury ripple
2026,4,1370218620990263296,One League to Rule Them All,6,scarberryt,False,12489,RJ Harvey,RB,10.35,11.05,-0.7,9,-0.7,0.0,0.0,0.0,0.0,0.0,0.0,Questionable,Sleeper raw-stat projection × league scoring
2026,4,1370218620990263296,One League to Rule Them All,6,scarberryt,False,12506,Harold Fannin,TE,15.34,14.41,0.93,10,0.0,0.0,1.22,-0.29,0.0,0.0,0.0,,Sleeper raw-stat projection × league scoring + current usage + OL health
2026,4,1370218620990263296,One League to Rule Them All,6,scarberryt,False,9228,Bryce Young,QB,22.18,20.75,1.43,9,1.1,0.0,0.41,-0.08,0.0,0.0,0.0,,Sleeper raw-stat projection × league scoring + current usage + OL health
2026,4,1370218620990263296,One League to Rule Them All,7,sneekyn33ks,False,4881,Lamar Jackson,QB,24.02,23.69,0.33,9,0.5,0.0,0.41,-0.58,0.0,0.0,0.0,,Sleeper raw-stat projection × league scoring + current usage + OL health
2026,4,1370218620990263296,One League to Rule Them All,7,sneekyn33ks,False,6813,Jonathan Taylor,RB,23.43,21.31,2.12,9,0.5,0.0,1.62,0.0,0.0,0.0,0.0,,Sleeper raw-stat projection × league scoring + current usage
2026,4,1370218620990263296,One League to Rule Them All,7,sneekyn33ks,False,4034,Christian McCaffrey,RB,19.98,18.36,1.62,9,0.5,0.0,1.22,-0.1,0.0,0.0,0.0,,Sleeper raw-stat projection × league scoring + current usage + OL health
2026,4,1370218620990263296,One League to Rule Them All,7,sneekyn33ks,False,9997,Zay Flowers,WR,18.34,17.78,0.56,9,0.5,0.0,0.26,-0.31,0.0,0.11,0.0,,Sleeper raw-stat projection × league scoring + current usage + OL health + injury ripple
2026,4,1370218620990263296,One League to Rule Them All,7,sneekyn33ks,False,10232,Michael Wilson,WR,17.46,14.38,3.08,9,0.5,0.0,1.62,-0.04,0.0,1.0,0.0,,Sleeper raw-stat projection × league scoring + current usage + OL health + injury ripple
2026,4,1370218620990263296,One League to Rule Them All,7,sneekyn33ks,False,9756,Jordan Addison,WR,11.76,10.78,0.98,9,-1.2,0.0,1.22,-0.14,0.0,1.1,0.0,,Sleeper raw-stat projection × league scoring + current usage + OL health + injury ripple
2026,4,1370218620990263296,One League to Rule Them All,7,sneekyn33ks,False,8130,Trey McBride,TE,23.03,20.96,2.07,9,0.5,0.0,1.62,-0.05,0.0,0.0,0.0,,Sleeper raw-stat projection × league scoring + current usage + OL health
2026,4,1370218620990263296,One League to Rule Them All,7,sneekyn33ks,False,11620,Rome Odunze,WR,9.6,8.48,1.12,9,0.5,0.0,0.81,-0.14,0.0,-0.05,0.0,,Sleeper raw-stat projection × league scoring + current usage + OL health + injury ripple
2026,4,1370218620990263296,One League to Rule Them All,7,sneekyn33ks,False,5012,Mark Andrews,TE,11.34,10.3,1.04,10,0.5,0.0,0.81,-0.27,0.0,0.0,0.0,Questionable,Sleeper raw-stat projection × league scoring + current usage + OL health
2026,4,1370218620990263296,One League to Rule Them All,7,sneekyn33ks,False,3163,Jared Goff,QB,20.91,19.4,1.51,9,1.1,0.0,0.41,0.0,0.0,0.0,0.0,,Sleeper raw-stat projection × league scoring + current usage
2026,4,1370218620990263296,One League to Rule Them All,8,Shaboomaboom,False,11563,Bo Nix,QB,21.58,20.67,0.91,9,0.5,0.0,0.41,0.0,0.0,0.0,0.0,,Sleeper raw-stat projection × league scoring + current usage
2026,4,1370218620990263296,One League to Rule Them All,8,Shaboomaboom,False,8138,James Cook,RB,18.64,16.92,1.72,9,0.5,0.0,1.22,0.0,0.0,0.0,0.0,,Sleeper raw-stat projection × league scoring + current usage
2026,4,1370218620990263296,One League to Rule Them All,8,Shaboomaboom,False,9509,Bijan Robinson,RB,23.43,21.92,1.51,9,0.5,0.0,1.22,-0.37,0.0,0.16,0.0,,Sleeper raw-stat projection × league scoring + current usage + OL health + injury ripple
2026,4,1370218620990263296,One League to Rule Them All,8,Shaboomaboom,False,11632,Malik Nabers,WR,15.11,13.88,1.23,9,0.5,0.0,0.81,-0.08,0.0,0.0,0.0,,Sleeper raw-stat projection × league scoring + current usage + OL health
2026,4,1370218620990263296,One League to Rule Them All,8,Shaboomaboom,False,8144,Chris Olave,WR,20.92,18.8,2.12,9,0.5,0.0,1.62,0.0,0.0,0.0,0.0,,Sleeper raw-stat projection × league scoring + current usage
2026,4,1370218620990263296,One League to Rule Them All,8,Shaboomaboom,False,10229,Rashee Rice,WR,15.38,13.98,1.4,9,0.5,0.0,0.81,-0.31,0.0,0.4,0.0,,Sleeper raw-stat projection × league scoring + current usage + OL health + injury ripple
2026,4,1370218620990263296,One League to Rule Them All,8,Shaboomaboom,False,4217,George Kittle,TE,14.85,13.56,1.29,7,0.5,0.0,0.41,-0.12,0.0,0.5,0.0,,Sleeper raw-stat projection × league scoring + current usage + OL health + injury ripple
2026,4,1370218620990263296,One League to Rule Them All,8,Shaboomaboom,False,7588,Javonte Williams,RB,16.54,14.82,1.72,9,0.5,0.0,1.22,0.0,0.0,0.0,0.0,,Sleeper raw-stat projection × league scoring + current usage
2026,4,1370218620990263296,One League to Rule Them All,8,Shaboomaboom,False,4199,Aaron Jones,RB,15.01,13.89,1.12,9,0.0,0.0,1.22,-0.1,0.0,0.0,0.0,,Sleeper raw-stat projection × league scoring + current usage + OL health
2026,4,1370218620990263296,One League to Rule Them All,8,Shaboomaboom,False,12545,Tyler Shough,QB,21.31,20.4,0.91,9,0.5,0.0,0.41,0.0,0.0,0.0,0.0,,Sleeper raw-stat projection × league scoring + current usage
2026,4,1370218620990263296,One League to Rule Them All,9,Spoonfed7,False,7523,Trevor Lawrence,QB,22.98,21.73,1.25,9,1.1,0.0,0.41,-0.26,0.0,0.0,0.0,,Sleeper raw-stat projection × league scoring + current usage + OL health
2026,4,1370218620990263296,One League to Rule Them All,9,Spoonfed7,False,8228,Jaylen Warren,RB,19.42,18.3,1.12,9,0.0,0.0,1.22,-0.1,0.0,0.0,0.0,,Sleeper raw-stat projection × league scoring + current usage + OL health
2026,4,1370218620990263296,One League to Rule Them All,9,Spoonfed7,False,13286,Jadarian Price,RB,8.92,8.01,0.91,9,0.5,0.0,0.41,0.0,0.0,0.0,0.0,,Sleeper raw-stat projection × league scoring + current usage
2026,4,1370218620990263296,One League to Rule Them All,9,Spoonfed7,False,7547,Amon-Ra St. Brown,WR,21.38,17.81,3.57,9,1.1,0.0,1.62,0.0,0.0,0.85,0.0,,Sleeper raw-stat projection × league scoring + current usage + injury ripple
2026,4,1370218620990263296,One League to Rule Them All,9,Spoonfed7,False,11631,Brian Thomas,WR,6.88,7.51,-0.63,9,-0.9,0.0,0.41,-0.14,0.0,0.0,0.0,,Sleeper raw-stat projection × league scoring + current usage + OL health
2026,4,1370218620990263296,One League to Rule Them All,9,Spoonfed7,False,5846,DK Metcalf,WR,11.23,9.75,1.48,9,0.0,0.0,1.62,-0.14,0.0,0.0,0.0,,Sleeper raw-stat projection × league scoring + current usage + OL health
2026,4,1370218620990263296,One League to Rule Them All,9,Spoonfed7,False,12518,Tyler Warren,TE,16.37,14.25,2.12,10,0.5,0.0,1.62,0.0,0.0,0.0,0.0,,Sleeper raw-stat projection × league scoring + current usage
2026,4,1370218620990263296,One League to Rule Them All,9,Spoonfed7,False,12533,Jacory Croskey-Merritt,RB,13.26,11.95,1.31,9,0.5,0.0,0.81,0.0,0.0,0.0,0.0,,Sleeper raw-stat projection × league scoring + current usage
2026,4,1370218620990263296,One League to Rule Them All,9,Spoonfed7,False,5967,Tony Pollard,RB,10.56,9.55,1.01,9,0.5,0.0,0.81,-0.3,0.0,0.0,0.0,,Sleeper raw-stat projection × league scoring + current usage + OL health
2026,4,1370218620990263296,One League to Rule Them All,9,Spoonfed7,False,5854,Drew Lock,QB,0.46,,,0,0.0,0.0,0.26,0.0,0.0,0.0,0.0,,weekly projected points + current usage
2026,4,1370453762442797056,Surviving the Chamber,1,Third Reich & Long,True,6770,Joe Burrow,QB,24.74,23.23,1.51,12,1.1,0.0,0.41,0.0,0.0,0.0,0.0,,Sleeper raw-stat projection × league scoring + current usage
2026,4,1370453762442797056,Surviving the Chamber,1,Third Reich & Long,True,6813,Jonathan Taylor,RB,33.69,31.57,2.12,12,0.5,0.0,1.62,0.0,0.0,0.0,0.0,,Sleeper raw-stat projection × league scoring + current usage
2026,4,1370453762442797056,Surviving the Chamber,1,Third Reich & Long,True,4199,Aaron Jones,RB,22.65,21.53,1.12,12,0.0,0.0,1.22,-0.1,0.0,0.0,0.0,,Sleeper raw-stat projection × league scoring + current usage + OL health
2026,4,1370453762442797056,Surviving the Chamber,1,Third Reich & Long,True,13075,Myles Price,WR,11.1,1.58,9.52,5,0.0,0.0,-1.22,-0.14,0.0,0.0,11.1,,Sleeper raw-stat projection × league scoring + current usage + OL health + league return scoring
2026,4,1370453762442797056,Surviving the Chamber,1,Third Reich & Long,True,11608,Isaiah Williams,WR,9.24,6.99,2.25,13,-1.5,0.0,0.41,-0.1,0.0,0.0,4.59,,Sleeper raw-stat projection × league scoring + current usage + OL health + league return scoring
2026,4,1370453762442797056,Surviving the Chamber,1,Third Reich & Long,True,9484,Tucker Kraft,TE,14.42,13.28,1.14,7,0.5,0.0,0.81,-0.17,0.0,0.0,0.0,,Sleeper raw-stat projection × league scoring + current usage + OL health
2026,4,1370453762442797056,Surviving the Chamber,1,Third Reich & Long,True,12529,TreVeyon Henderson,RB,14.26,13.86,0.4,12,0.5,0.0,0.26,-0.36,0.0,0.0,0.0,,Sleeper raw-stat projection × league scoring + current usage + OL health
2026,4,1370453762442797056,Surviving the Chamber,1,Third Reich & Long,True,11632,Malik Nabers,WR,16.3,15.07,1.23,12,0.5,0.0,0.81,-0.08,0.0,0.0,0.0,,Sleeper raw-stat projection × league scoring + current usage + OL health
2026,4,1370453762442797056,Surviving the Chamber,1,Third Reich & Long,True,6083,Matt Gay,K,9.68,9.18,0.5,5,0.5,0.0,0.0,0.0,0.0,0.0,0.0,,Sleeper raw-stat projection × league scoring
2026,4,1370453762442797056,Surviving the Chamber,11,JoeShiestysSock,False,2307,Marcus Mariota,QB,23.07,21.24,1.83,12,0.5,0.0,0.13,0.0,0.0,1.2,0.0,,Sleeper raw-stat projection × league scoring + current usage + injury ripple
2026,4,1370453762442797056,Surviving the Chamber,11,JoeShiestysSock,False,8138,James Cook,RB,27.5,25.78,1.72,12,0.5,0.0,1.22,0.0,0.0,0.0,0.0,,Sleeper raw-stat projection × league scoring + current usage
2026,4,1370453762442797056,Surviving the Chamber,11,JoeShiestysSock,False,11586,Blake Corum,RB,11.67,11.73,-0.06,12,-0.7,0.0,0.41,0.0,0.0,0.0,0.23,,Sleeper raw-stat projection × league scoring + current usage + league return scoring
2026,4,1370453762442797056,Surviving the Chamber,11,JoeShiestysSock,False,7525,DeVonta Smith,WR,17.94,14.17,3.77,12,0.5,0.0,1.62,0.0,0.0,1.65,0.0,,Sleeper raw-stat projection × league scoring + current usage + injury ripple
2026,4,1370453762442797056,Surviving the Chamber,11,JoeShiestysSock,False,2133,Davante Adams,WR,18.46,16.84,1.62,6,-0.7,0.0,1.22,0.0,0.0,1.1,0.0,,Sleeper raw-stat projection × league scoring + current usage + injury ripple
2026,4,1370453762442797056,Surviving the Chamber,11,JoeShiestysSock,False,4217,George Kittle,TE,15.73,14.44,1.29,7,0.5,0.0,0.41,-0.12,0.0,0.5,0.0,,Sleeper raw-stat projection × league scoring + current usage + OL health + injury ripple
2026,4,1370453762442797056,Surviving the Chamber,11,JoeShiestysSock,False,3214,Hunter Henry,TE,13.06,12.33,0.73,7,0.5,0.0,0.41,-0.18,0.0,0.0,0.0,,Sleeper raw-stat projection × league scoring + current usage + OL health
2026,4,1370453762442797056,Surviving the Chamber,11,JoeShiestysSock,False,2449,Stefon Diggs,WR,11.44,11.78,-0.34,8,-0.7,0.0,0.81,0.0,0.0,-0.45,0.0,,Sleeper raw-stat projection × league scoring + current usage + injury ripple
2026,4,1370453762442797056,Surviving the Chamber,11,JoeShiestysSock,False,1945,Chris Boswell,K,6.38,6.38,0.0,7,0.0,0.0,0.0,0.0,0.0,0.0,0.0,,Sleeper raw-stat projection × league scoring
2026,4,1370453762442797056,Surviving the Chamber,12,Stefon Diggsin iybt,False,6797,Justin Herbert,QB,18.69,17.78,0.91,12,0.5,0.0,0.41,0.0,0.0,0.0,0.0,,Sleeper raw-stat projection × league scoring + current usage
2026,4,1370453762442797056,Surviving the Chamber,12,Stefon Diggsin iybt,False,3198,Derrick Henry,RB,31.0,29.92,1.08,12,0.5,0.0,0.81,-0.23,0.0,0.0,0.0,,Sleeper raw-stat projection × league scoring + current usage + OL health
2026,4,1370453762442797056,Surviving the Chamber,12,Stefon Diggsin iybt,False,7594,Chuba Hubbard,RB,25.51,23.15,2.36,12,1.1,0.0,1.22,-0.14,0.0,0.0,0.18,,Sleeper raw-stat projection × league scoring + current usage + OL health + league return scoring
2026,4,1370453762442797056,Surviving the Chamber,12,Stefon Diggsin iybt,False,6786,CeeDee Lamb,WR,20.49,18.77,1.72,12,0.5,0.0,1.22,0.0,0.0,0.0,0.0,,Sleeper raw-stat projection × league scoring + current usage
2026,4,1370453762442797056,Surviving the Chamber,12,Stefon Diggsin iybt,False,12519,Luther Burden,WR,13.71,13.78,-0.07,12,-0.7,0.0,1.22,-0.14,0.0,-0.45,0.0,,Sleeper raw-stat projection × league scoring + current usage + OL health + injury ripple
2026,4,1370453762442797056,Surviving the Chamber,12,Stefon Diggsin iybt,False,8131,Isaiah Likely,TE,15.85,14.2,1.65,7,0.5,0.0,1.22,-0.07,0.0,0.0,0.0,,Sleeper raw-stat projection × league scoring + current usage + OL health
2026,4,1370453762442797056,Surviving the Chamber,12,Stefon Diggsin iybt,False,6794,Justin Jefferson,WR,1.24,17.57,-16.33,8,-17.0,0.0,0.81,-0.14,0.0,0.0,0.0,Out,Sleeper raw-stat projection × league scoring + current usage + OL health
2026,4,1370453762442797056,Surviving the Chamber,12,Stefon Diggsin iybt,False,4983,DJ Moore,WR,15.6,14.82,0.78,12,0.5,0.0,0.41,0.0,0.0,-0.13,0.0,,Sleeper raw-stat projection × league scoring + current usage + injury ripple
2026,4,1370453762442797056,Surviving the Chamber,12,Stefon Diggsin iybt,False,11792,Will Reichard,K,8.07,8.07,0.0,7,0.0,0.0,0.0,0.0,0.0,0.0,0.0,,Sleeper raw-stat projection × league scoring
2026,4,1370453762442797056,Surviving the Chamber,13,Beat me if gay,False,6904,Jalen Hurts,QB,22.53,21.62,0.91,12,0.5,0.0,0.41,0.0,0.0,0.0,0.0,,Sleeper raw-stat projection × league scoring + current usage
2026,4,1370453762442797056,Surviving the Chamber,13,Beat me if gay,False,7588,Javonte Williams,RB,23.77,22.05,1.72,12,0.5,0.0,1.22,0.0,0.0,0.0,0.0,,Sleeper raw-stat projection × league scoring + current usage
2026,4,1370453762442797056,Surviving the Chamber,13,Beat me if gay,False,11584,Bucky Irving,RB,23.8,22.08,1.72,12,0.5,0.0,1.22,0.0,0.0,0.0,0.0,,Sleeper raw-stat projection × league scoring + current usage
2026,4,1370453762442797056,Surviving the Chamber,13,Beat me if gay,False,7547,Amon-Ra St. Brown,WR,22.83,19.26,3.57,12,1.1,0.0,1.62,0.0,0.0,0.85,0.0,,Sleeper raw-stat projection × league scoring + current usage + injury ripple
2026,4,1370453762442797056,Surviving the Chamber,13,Beat me if gay,False,5927,Terry McLaurin,WR,13.92,12.4,1.52,12,0.5,0.0,1.22,0.0,0.0,-0.2,0.0,,Sleeper raw-stat projection × league scoring + current usage + injury ripple
2026,4,1370453762442797056,Surviving the Chamber,13,Beat me if gay,False,8110,Jake Ferguson,TE,12.41,11.5,0.91,7,0.5,0.0,0.41,0.0,0.0,0.0,0.0,,Sleeper raw-stat projection × league scoring + current usage
2026,4,1370453762442797056,Surviving the Chamber,13,Beat me if gay,False,7600,Pat Freiermuth,TE,10.98,10.29,0.69,7,0.0,0.0,0.81,-0.12,0.0,0.0,0.0,,Sleeper raw-stat projection × league scoring + current usage + OL health
2026,4,1370453762442797056,Surviving the Chamber,13,Beat me if gay,False,8142,Alec Pierce,WR,0.0,,,0,0.0,0.0,0.0,0.0,0.0,0.0,0.0,IR,season-long ECR proxy
2026,4,1370453762442797056,Surviving the Chamber,13,Beat me if gay,False,12015,Harrison Mevis,K,6.95,6.95,0.0,7,0.0,0.0,0.0,0.0,0.0,0.0,0.0,,Sleeper raw-stat projection × league scoring
2026,4,1370453762442797056,Surviving the Chamber,15,TeamSkatteboHeadbutt,False,3163,Jared Goff,QB,22.49,20.98,1.51,12,1.1,0.0,0.41,0.0,0.0,0.0,0.0,,Sleeper raw-stat projection × league scoring + current usage
2026,4,1370453762442797056,Surviving the Chamber,15,TeamSkatteboHeadbutt,False,9509,Bijan Robinson,RB,32.72,31.21,1.51,12,0.5,0.0,1.22,-0.37,0.0,0.16,0.0,,Sleeper raw-stat projection × league scoring + current usage + OL health + injury ripple
2026,4,1370453762442797056,Surviving the Chamber,15,TeamSkatteboHeadbutt,False,13287,Jeremiyah Love,RB,24.43,23.26,1.17,12,0.5,0.0,0.81,-0.14,0.0,0.0,0.0,,Sleeper raw-stat projection × league scoring + current usage + OL health
2026,4,1370453762442797056,Surviving the Chamber,15,TeamSkatteboHeadbutt,False,3634,Kalif Raymond,WR,13.14,10.88,2.26,12,-1.5,0.0,1.22,-0.14,0.0,0.0,2.68,,Sleeper raw-stat projection × league scoring + current usage + OL health + league return scoring
2026,4,1370453762442797056,Surviving the Chamber,15,TeamSkatteboHeadbutt,False,8917,KaVontae Turpin,WR,12.52,3.53,8.99,13,-1.5,0.0,-1.22,0.0,0.0,0.0,12.46,,Sleeper raw-stat projection × league scoring + current usage + league return scoring
2026,4,1370453762442797056,Surviving the Chamber,15,TeamSkatteboHeadbutt,False,5001,Dalton Schultz,TE,16.18,13.58,2.6,7,0.5,0.0,1.22,-0.12,0.0,1.0,0.0,,Sleeper raw-stat projection × league scoring + current usage + OL health + injury ripple
2026,4,1370453762442797056,Surviving the Chamber,15,TeamSkatteboHeadbutt,False,11610,Malik Washington,WR,18.76,11.1,7.66,13,0.0,0.0,1.62,0.0,0.0,0.0,7.21,,Sleeper raw-stat projection × league scoring + current usage + league return scoring
2026,4,1370453762442797056,Surviving the Chamber,15,TeamSkatteboHeadbutt,False,8151,Kenneth Walker,RB,29.72,28.23,1.49,12,0.5,0.0,1.22,-0.23,0.0,0.0,0.0,,Sleeper raw-stat projection × league scoring + current usage + OL health
2026,4,1370453762442797056,Surviving the Chamber,15,TeamSkatteboHeadbutt,False,11539,Jake Bates,K,8.21,7.11,1.1,7,1.1,0.0,0.0,0.0,0.0,0.0,0.0,,Sleeper raw-stat projection × league scoring
2026,4,1370453762442797056,Surviving the Chamber,16,ReturnOfTheGhost,False,11563,Bo Nix,QB,24.26,23.35,0.91,12,0.5,0.0,0.41,0.0,0.0,0.0,0.0,,Sleeper raw-stat projection × league scoring + current usage
2026,4,1370453762442797056,Surviving the Chamber,16,ReturnOfTheGhost,False,9224,Chase Brown,RB,27.32,25.0,2.32,12,1.1,0.0,1.22,0.0,0.0,0.0,0.0,,Sleeper raw-stat projection × league scoring + current usage
2026,4,1370453762442797056,Surviving the Chamber,16,ReturnOfTheGhost,False,12489,RJ Harvey,RB,14.51,14.96,-0.45,12,-0.7,0.0,0.0,0.0,0.0,0.0,0.25,Questionable,Sleeper raw-stat projection × league scoring + league return scoring
2026,4,1370453762442797056,Surviving the Chamber,16,ReturnOfTheGhost,False,8137,George Pickens,WR,16.62,15.7,0.92,12,-0.7,0.0,1.62,0.0,0.0,0.0,0.0,,Sleeper raw-stat projection × league scoring + current usage
2026,4,1370453762442797056,Surviving the Chamber,16,ReturnOfTheGhost,False,4037,Chris Godwin,WR,8.82,9.56,-0.74,12,-0.7,0.0,0.41,0.0,0.0,-0.45,0.0,,Sleeper raw-stat projection × league scoring + current usage + injury ripple
2026,4,1370453762442797056,Surviving the Chamber,16,ReturnOfTheGhost,False,10236,Dalton Kincaid,TE,16.57,15.46,1.11,7,0.5,0.0,0.81,0.0,0.0,-0.2,0.0,,Sleeper raw-stat projection × league scoring + current usage + injury ripple
2026,4,1370453762442797056,Surviving the Chamber,16,ReturnOfTheGhost,False,8676,Rashid Shaheed,WR,11.7,8.75,2.95,13,-0.7,0.0,0.41,0.0,0.0,0.0,4.36,,Sleeper raw-stat projection × league scoring + current usage + league return scoring
2026,4,1370453762442797056,Surviving the Chamber,16,ReturnOfTheGhost,False,10213,Tre Tucker,WR,10.65,9.94,0.71,13,0.5,0.0,0.81,-0.04,0.0,0.0,0.0,,Sleeper raw-stat projection × league scoring + current usage + OL health
2026,4,1370453762442797056,Surviving the Chamber,16,ReturnOfTheGhost,False,3451,Ka'imi Fairbairn,K,8.41,7.91,0.5,7,0.5,0.0,0.0,0.0,0.0,0.0,0.0,,Sleeper raw-stat projection × league scoring
2026,4,1370453762442797056,Surviving the Chamber,18,tylercatlett1,False,4892,Baker Mayfield,QB,0.41,,,0,0.0,0.0,0.41,0.0,0.0,0.0,0.0,Out,weekly projected points + current usage
2026,4,1370453762442797056,Surviving the Chamber,18,tylercatlett1,False,12490,Bhayshul Tuten,RB,20.78,18.54,2.24,12,1.1,0.0,0.81,-0.1,0.0,0.0,0.43,,Sleeper raw-stat projection × league scoring + current usage + OL health + league return scoring
2026,4,1370453762442797056,Surviving the Chamber,18,tylercatlett1,False,5892,David Montgomery,RB,21.98,21.17,0.81,12,0.5,0.0,0.41,-0.1,0.0,0.0,0.0,,Sleeper raw-stat projection × league scoring + current usage + OL health
2026,4,1370453762442797056,Surviving the Chamber,18,tylercatlett1,False,7564,Ja'Marr Chase,WR,22.19,19.47,2.72,12,1.1,0.0,1.62,0.0,0.0,0.0,0.0,,Sleeper raw-stat projection × league scoring + current usage
2026,4,1370453762442797056,Surviving the Chamber,18,tylercatlett1,False,10232,Michael Wilson,WR,18.48,15.36,3.12,12,0.5,0.0,1.62,-0.04,0.0,1.0,0.04,,Sleeper raw-stat projection × league scoring + current usage + OL health + injury ripple + league return scoring
2026,4,1370453762442797056,Surviving the Chamber,18,tylercatlett1,False,12518,Tyler Warren,TE,17.49,15.37,2.12,13,0.5,0.0,1.62,0.0,0.0,0.0,0.0,,Sleeper raw-stat projection × league scoring + current usage
2026,4,1370453762442797056,Surviving the Chamber,18,tylercatlett1,False,10218,Xavier Hutchinson,WR,7.96,6.08,1.88,12,-0.7,0.0,1.22,-0.14,0.0,1.5,0.0,,Sleeper raw-stat projection × league scoring + current usage + OL health + injury ripple
2026,4,1370453762442797056,Surviving the Chamber,18,tylercatlett1,False,11646,Jalen Coker,WR,4.03,15.61,-11.58,12,-12.8,0.0,1.22,-0.04,0.0,0.0,0.04,Out,Sleeper raw-stat projection × league scoring + current usage + OL health + league return scoring
2026,4,1370453762442797056,Surviving the Chamber,18,tylercatlett1,False,4227,Harrison Butker,K,8.07,7.57,0.5,7,0.5,0.0,0.0,0.0,0.0,0.0,0.0,,Sleeper raw-stat projection × league scoring
2026,4,1370453762442797056,Surviving the Chamber,2,Fruit cake williams & co,False,6804,Jordan Love,QB,22.22,21.58,0.64,12,0.5,0.0,0.41,-0.27,0.0,0.0,0.0,,Sleeper raw-stat projection × league scoring + current usage + OL health
2026,4,1370453762442797056,Surviving the Chamber,2,Fruit cake williams & co,False,12507,Omarion Hampton,RB,15.98,14.67,1.31,12,0.5,0.0,0.81,0.0,0.0,0.0,0.0,,Sleeper raw-stat projection × league scoring + current usage
2026,4,1370453762442797056,Surviving the Chamber,2,Fruit cake williams & co,False,12481,Cam Skattebo,RB,25.5,23.84,1.66,12,0.5,0.0,1.22,-0.06,0.0,0.0,0.0,,Sleeper raw-stat projection × league scoring + current usage + OL health
2026,4,1370453762442797056,Surviving the Chamber,2,Fruit cake williams & co,False,5872,Deebo Samuel,WR,13.19,10.11,3.08,12,-0.7,0.0,0.0,-0.14,0.0,1.1,2.82,,Sleeper raw-stat projection × league scoring + OL health + injury ripple + league return scoring
2026,4,1370453762442797056,Surviving the Chamber,2,Fruit cake williams & co,False,5045,Courtland Sutton,WR,11.34,10.55,0.79,6,-0.7,0.0,0.81,0.0,0.0,0.68,0.0,,Sleeper raw-stat projection × league scoring + current usage + injury ripple
2026,4,1370453762442797056,Surviving the Chamber,2,Fruit cake williams & co,False,11604,Brock Bowers,TE,20.77,19.83,0.94,13,0.5,0.0,0.49,-0.05,0.0,0.0,0.0,,Sleeper raw-stat projection × league scoring + current usage + OL health
2026,4,1370453762442797056,Surviving the Chamber,2,Fruit cake williams & co,False,11620,Rome Odunze,WR,10.18,9.06,1.12,12,0.5,0.0,0.81,-0.14,0.0,-0.05,0.0,,Sleeper raw-stat projection × league scoring + current usage + OL health + injury ripple
2026,4,1370453762442797056,Surviving the Chamber,2,Fruit cake williams & co,False,5844,T.J. Hockenson,TE,11.98,10.79,1.19,7,0.0,0.0,0.81,-0.12,0.0,0.5,0.0,,Sleeper raw-stat projection × league scoring + current usage + OL health + injury ripple
2026,4,1370453762442797056,Surviving the Chamber,2,Fruit cake williams & co,False,2020,Cairo Santos,K,7.63,7.13,0.5,7,0.5,0.0,0.0,0.0,0.0,0.0,0.0,,Sleeper raw-stat projection × league scoring
2026,4,1370453762442797056,Surviving the Chamber,3,Survivor,False,11564,Drake Maye,QB,24.35,23.33,1.02,12,0.5,0.0,0.41,-0.34,0.0,0.45,0.0,,Sleeper raw-stat projection × league scoring + current usage + OL health + injury ripple
2026,4,1370453762442797056,Surviving the Chamber,3,Survivor,False,6790,D'Andre Swift,RB,25.6,23.98,1.62,12,0.5,0.0,1.22,-0.1,0.0,0.0,0.0,,Sleeper raw-stat projection × league scoring + current usage + OL health
2026,4,1370453762442797056,Surviving the Chamber,3,Survivor,False,8228,Jaylen Warren,RB,28.64,27.52,1.12,12,0.0,0.0,1.22,-0.1,0.0,0.0,0.0,,Sleeper raw-stat projection × league scoring + current usage + OL health
2026,4,1370453762442797056,Surviving the Chamber,3,Survivor,False,9488,Jaxon Smith-Njigba,WR,26.2,23.68,2.52,12,0.5,0.0,1.62,0.0,0.0,0.4,0.0,,Sleeper raw-stat projection × league scoring + current usage + injury ripple
2026,4,1370453762442797056,Surviving the Chamber,3,Survivor,False,11625,Adonai Mitchell,WR,9.73,9.04,0.69,12,0.0,0.0,0.79,-0.1,0.0,0.0,0.0,Out,Sleeper raw-stat projection × league scoring + current usage + OL health
2026,4,1370453762442797056,Surviving the Chamber,3,Survivor,False,1466,Travis Kelce,TE,16.47,14.93,1.54,7,0.5,0.0,0.81,-0.27,0.0,0.5,0.0,,Sleeper raw-stat projection × league scoring + current usage + OL health + injury ripple
2026,4,1370453762442797056,Surviving the Chamber,3,Survivor,False,7049,Jauan Jennings,WR,8.04,9.63,-1.59,10,-2.0,0.0,0.0,-0.14,0.0,0.55,0.0,,Sleeper raw-stat projection × league scoring + OL health + injury ripple
2026,4,1370453762442797056,Surviving the Chamber,3,Survivor,False,10219,Chris Rodriguez,RB,7.86,8.06,-0.2,12,-0.1,0.0,0.0,-0.1,0.0,0.0,0.0,,Sleeper raw-stat projection × league scoring + OL health
2026,4,1370453762442797056,Surviving the Chamber,3,Survivor,False,7839,Evan McPherson,K,8.78,7.68,1.1,7,1.1,0.0,0.0,0.0,0.0,0.0,0.0,,Sleeper raw-stat projection × league scoring
2026,4,1370453762442797056,Surviving the Chamber,4,chop slop,False,8183,Brock Purdy,QB,25.57,24.92,0.65,12,0.5,0.0,0.41,-0.26,0.0,0.0,0.0,,Sleeper raw-stat projection × league scoring + current usage + OL health
2026,4,1370453762442797056,Surviving the Chamber,4,chop slop,False,4034,Christian McCaffrey,RB,27.64,26.02,1.62,12,0.5,0.0,1.22,-0.1,0.0,0.0,0.0,,Sleeper raw-stat projection × league scoring + current usage + OL health
2026,4,1370453762442797056,Surviving the Chamber,4,chop slop,False,13286,Jadarian Price,RB,13.43,12.35,1.08,12,0.5,0.0,0.41,0.0,0.0,0.0,0.17,,Sleeper raw-stat projection × league scoring + current usage + league return scoring
2026,4,1370453762442797056,Surviving the Chamber,4,chop slop,False,8144,Chris Olave,WR,22.16,20.04,2.12,12,0.5,0.0,1.62,0.0,0.0,0.0,0.0,,Sleeper raw-stat projection × league scoring + current usage
2026,4,1370453762442797056,Surviving the Chamber,4,chop slop,False,8146,Garrett Wilson,WR,20.1,18.08,2.02,12,0.5,0.0,1.62,-0.1,0.0,0.0,0.0,,Sleeper raw-stat projection × league scoring + current usage + OL health
2026,4,1370453762442797056,Surviving the Chamber,4,chop slop,False,5012,Mark Andrews,TE,12.2,11.16,1.04,13,0.5,0.0,0.81,-0.27,0.0,0.0,0.0,Questionable,Sleeper raw-stat projection × league scoring + current usage + OL health
2026,4,1370453762442797056,Surviving the Chamber,4,chop slop,False,9500,Josh Downs,WR,15.57,13.99,1.58,13,0.5,0.0,1.22,0.0,0.0,0.0,0.42,,Sleeper raw-stat projection × league scoring + current usage + league return scoring
2026,4,1370453762442797056,Surviving the Chamber,4,chop slop,False,12526,Tetairoa McMillan,WR,17.24,14.56,2.68,12,1.1,0.0,1.62,-0.04,0.0,0.0,0.0,,Sleeper raw-stat projection × league scoring + current usage + OL health
2026,4,1370453762442797056,Surviving the Chamber,4,chop slop,False,7042,Tyler Bass,K,7.54,7.04,0.5,7,0.5,0.0,0.0,0.0,0.0,0.0,0.0,,Sleeper raw-stat projection × league scoring
2026,4,1370453762442797056,Surviving the Chamber,5,jblatz,False,4984,,QB,0.0,29.19,-29.19,12,0.0,0.0,0.0,0.0,0.0,0.0,0.0,,
2026,4,1370453762442797056,Surviving the Chamber,5,jblatz,False,9508,,RB,0.0,11.18,-11.18,12,0.0,0.0,0.0,0.0,0.0,0.0,0.0,,
2026,4,1370453762442797056,Surviving the Chamber,5,jblatz,False,11370,,RB,0.0,8.39,-8.39,12,0.0,0.0,0.0,0.0,0.0,0.0,0.0,,
2026,4,1370453762442797056,Surviving the Chamber,5,jblatz,False,12536,,WR,0.0,2.92,-2.92,13,0.0,0.0,0.0,0.0,0.0,0.0,0.0,,
2026,4,1370453762442797056,Surviving the Chamber,5,jblatz,False,4177,,WR,0.0,9.45,-9.45,12,0.0,0.0,0.0,0.0,0.0,0.0,0.0,,
2026,4,1370453762442797056,Surviving the Chamber,5,jblatz,False,7553,,TE,0.0,10.62,-10.62,7,0.0,0.0,0.0,0.0,0.0,0.0,0.0,,
2026,4,1370453762442797056,Surviving the Chamber,5,jblatz,False,2505,,TE,0.0,11.55,-11.55,7,0.0,0.0,0.0,0.0,0.0,0.0,0.0,,
2026,4,1370453762442797056,Surviving the Chamber,5,jblatz,False,9997,,WR,0.0,18.96,-18.96,12,0.0,0.0,0.0,0.0,0.0,0.0,0.0,,
2026,4,1370453762442797056,Surviving the Chamber,5,jblatz,False,11786,,K,0.0,6.86,-6.86,7,0.0,0.0,0.0,0.0,0.0,0.0,0.0,,
2026,4,1370453762442797056,Surviving the Chamber,6,zthompson1533,False,12545,Tyler Shough,QB,24.19,23.28,0.91,12,0.5,0.0,0.41,0.0,0.0,0.0,0.0,,Sleeper raw-stat projection × league scoring + current usage
2026,4,1370453762442797056,Surviving the Chamber,6,zthompson1533,False,0,,,0.0,,,0,0.0,0.0,0.0,0.0,0.0,0.0,0.0,,
2026,4,1370453762442797056,Surviving the Chamber,6,zthompson1533,False,12527,Ashton Jeanty,RB,24.86,23.28,1.58,12,0.5,0.0,1.22,-0.14,0.0,0.0,0.0,,Sleeper raw-stat projection × league scoring + current usage + OL health
2026,4,1370453762442797056,Surviving the Chamber,6,zthompson1533,False,10229,Rashee Rice,WR,16.59,15.19,1.4,12,0.5,0.0,0.81,-0.31,0.0,0.4,0.0,,Sleeper raw-stat projection × league scoring + current usage + OL health + injury ripple
2026,4,1370453762442797056,Surviving the Chamber,6,zthompson1533,False,11635,Ladd McConkey,WR,14.99,13.26,1.73,13,0.5,0.0,0.81,0.0,0.0,0.65,0.02,,Sleeper raw-stat projection × league scoring + current usage + injury ripple + league return scoring
2026,4,1370453762442797056,Surviving the Chamber,6,zthompson1533,False,10859,Sam LaPorta,TE,16.4,13.58,2.82,13,1.1,0.0,1.22,0.0,0.0,0.5,0.0,,Sleeper raw-stat projection × league scoring + current usage + injury ripple
2026,4,1370453762442797056,Surviving the Chamber,6,zthompson1533,False,12533,Jacory Croskey-Merritt,RB,19.1,17.79,1.31,12,0.5,0.0,0.81,0.0,0.0,0.0,0.0,,Sleeper raw-stat projection × league scoring + current usage
2026,4,1370453762442797056,Surviving the Chamber,6,zthompson1533,False,8148,Jameson Williams,WR,13.13,11.83,1.3,12,-0.1,0.0,1.22,0.0,0.0,0.18,0.0,,Sleeper raw-stat projection × league scoring + current usage + injury ripple
2026,4,1370453762442797056,Surviving the Chamber,6,zthompson1533,False,6650,Chase McLaughlin,K,7.21,6.71,0.5,7,0.5,0.0,0.0,0.0,0.0,0.0,0.0,,Sleeper raw-stat projection × league scoring
2026,4,1370453762442797056,Surviving the Chamber,7,W,False,7523,Trevor Lawrence,QB,25.91,24.66,1.25,12,1.1,0.0,0.41,-0.26,0.0,0.0,0.0,,Sleeper raw-stat projection × league scoring + current usage + OL health
2026,4,1370453762442797056,Surviving the Chamber,7,W,False,0,,,0.0,,,0,0.0,0.0,0.0,0.0,0.0,0.0,0.0,,
2026,4,1370453762442797056,Surviving the Chamber,7,W,False,12512,Quinshon Judkins,RB,15.24,14.56,0.68,12,0.0,0.0,1.22,-0.54,0.0,0.0,0.0,,Sleeper raw-stat projection × league scoring + current usage + OL health
2026,4,1370453762442797056,Surviving the Chamber,7,W,False,11834,Devaughn Vele,WR,11.88,10.96,0.92,12,-0.7,0.0,1.62,0.0,0.0,0.0,0.0,,Sleeper raw-stat projection × league scoring + current usage
2026,4,1370453762442797056,Surviving the Chamber,7,W,False,8167,Christian Watson,WR,18.08,16.1,1.98,12,0.5,0.0,1.62,-0.14,0.0,0.0,0.0,,Sleeper raw-stat projection × league scoring + current usage + OL health
2026,4,1370453762442797056,Surviving the Chamber,7,W,False,7002,Juwan Johnson,TE,15.94,14.63,1.31,7,0.5,0.0,0.81,0.0,0.0,0.0,0.0,,Sleeper raw-stat projection × league scoring + current usage
2026,4,1370453762442797056,Surviving the Chamber,7,W,False,9482,Michael Mayer,TE,7.92,7.45,0.47,7,-0.7,0.0,1.22,-0.05,0.0,0.0,0.0,,Sleeper raw-stat projection × league scoring + current usage + OL health
2026,4,1370453762442797056,Surviving the Chamber,7,W,False,9487,Parker Washington,WR,22.44,19.66,2.78,13,1.1,0.0,1.22,-0.14,0.0,0.18,2.13,,Sleeper raw-stat projection × league scoring + current usage + OL health + injury ripple + league return scoring
2026,4,1370453762442797056,Surviving the Chamber,7,W,False,12711,Tyler Loop,K,7.69,7.69,0.0,7,0.0,0.0,0.0,0.0,0.0,0.0,0.0,,Sleeper raw-stat projection × league scoring
2026,4,1370453762442797056,Surviving the Chamber,8,Joe Burr-itos,False,3294,Dak Prescott,QB,23.23,22.32,0.91,12,0.5,0.0,0.41,0.0,0.0,0.0,0.0,,Sleeper raw-stat projection × league scoring + current usage
2026,4,1370453762442797056,Surviving the Chamber,8,Joe Burr-itos,False,4866,Saquon Barkley,RB,23.82,22.91,0.91,12,0.5,0.0,0.41,0.0,0.0,0.0,0.0,,Sleeper raw-stat projection × league scoring + current usage
2026,4,1370453762442797056,Surviving the Chamber,8,Joe Burr-itos,False,8136,Rachaad White,RB,11.79,12.08,-0.29,12,-0.7,0.0,0.41,0.0,0.0,0.0,0.0,Questionable,Sleeper raw-stat projection × league scoring + current usage
2026,4,1370453762442797056,Surviving the Chamber,8,Joe Burr-itos,False,8112,Drake London,WR,18.79,17.3,1.49,12,0.5,0.0,1.22,-0.23,0.0,0.0,0.0,,Sleeper raw-stat projection × league scoring + current usage + OL health
2026,4,1370453762442797056,Surviving the Chamber,8,Joe Burr-itos,False,12514,Emeka Egbuka,WR,12.38,11.11,1.27,12,0.5,0.0,1.22,0.0,0.0,-0.45,0.0,,Sleeper raw-stat projection × league scoring + current usage + injury ripple
2026,4,1370453762442797056,Surviving the Chamber,8,Joe Burr-itos,False,12506,Harold Fannin,TE,16.36,15.43,0.93,13,0.0,0.0,1.22,-0.29,0.0,0.0,0.0,,Sleeper raw-stat projection × league scoring + current usage + OL health
2026,4,1370453762442797056,Surviving the Chamber,8,Joe Burr-itos,False,2216,Mike Evans,WR,0.88,14.31,-13.43,6,-13.7,0.0,0.41,-0.14,0.0,0.0,0.0,Out,Sleeper raw-stat projection × league scoring + current usage + OL health
2026,4,1370453762442797056,Surviving the Chamber,8,Joe Burr-itos,False,12501,Matthew Golden,WR,13.82,13.15,0.67,13,-0.7,0.0,1.62,-0.14,0.0,0.0,0.0,,Sleeper raw-stat projection × league scoring + current usage + OL health
2026,4,1370453762442797056,Surviving the Chamber,8,Joe Burr-itos,False,5189,Eddy Pineiro,K,7.96,7.46,0.5,7,0.5,0.0,0.0,0.0,0.0,0.0,0.0,,Sleeper raw-stat projection × league scoring
2026,4,1370453762442797056,Surviving the Chamber,9,Stutterboyzzzz,False,5849,Kyler Murray,QB,24.76,25.02,-0.26,12,0.0,0.0,0.0,-0.26,0.0,0.0,0.0,,Sleeper raw-stat projection × league scoring + OL health
2026,4,1370453762442797056,Surviving the Chamber,9,Stutterboyzzzz,False,8150,Kyren Williams,RB,22.41,20.8,1.61,13,0.5,0.0,1.22,0.0,0.0,0.0,0.02,,Sleeper raw-stat projection × league scoring + current usage + league return scoring
2026,4,1370453762442797056,Surviving the Chamber,9,Stutterboyzzzz,False,9511,Keaton Mitchell,RB,7.65,7.08,0.57,12,-0.7,0.0,0.0,0.0,0.0,0.0,1.27,,Sleeper raw-stat projection × league scoring + league return scoring
2026,4,1370453762442797056,Surviving the Chamber,9,Stutterboyzzzz,False,7526,Jaylen Waddle,WR,15.26,13.5,1.76,12,0.5,0.0,0.81,0.0,0.0,0.45,0.0,Questionable,Sleeper raw-stat projection × league scoring + current usage + injury ripple
2026,4,1370453762442797056,Surviving the Chamber,9,Stutterboyzzzz,False,13346,Denzel Boston,WR,13.66,11.72,1.94,12,0.0,0.0,1.22,-0.28,0.0,1.0,0.0,,Sleeper raw-stat projection × league scoring + current usage + OL health + injury ripple
2026,4,1370453762442797056,Surviving the Chamber,9,Stutterboyzzzz,False,8130,Trey McBride,TE,24.61,22.54,2.07,11,0.5,0.0,1.62,-0.05,0.0,0.0,0.0,,Sleeper raw-stat projection × league scoring + current usage + OL health
2026,4,1370453762442797056,Surviving the Chamber,9,Stutterboyzzzz,False,9480,Brenton Strange,TE,13.8,12.18,1.62,7,1.1,0.0,0.41,-0.12,0.0,0.23,0.0,,Sleeper raw-stat projection × league scoring + current usage + OL health + injury ripple
2026,4,1370453762442797056,Surviving the Chamber,9,Stutterboyzzzz,False,4066,Evan Engram,TE,8.14,7.16,0.98,7,0.5,0.0,0.0,0.0,0.0,0.48,0.0,,Sleeper raw-stat projection × league scoring + injury ripple
2026,4,1370453762442797056,Surviving the Chamber,9,Stutterboyzzzz,False,11533,Brandon Aubrey,K,8.08,7.58,0.5,7,0.5,0.0,0.0,0.0,0.0,0.0,0.0,,Sleeper raw-stat projection × league scoring
2026,4,1389740418316374016,Big Tiger Takeover,1,The Herban Legends,False,4881,Lamar Jackson,QB,25.68,25.35,0.33,10,0.5,0.0,0.41,-0.58,0.0,0.0,0.0,,Sleeper raw-stat projection × league scoring + current usage + OL health
2026,4,1389740418316374016,Big Tiger Takeover,1,The Herban Legends,False,12507,Omarion Hampton,RB,11.31,10.0,1.31,10,0.5,0.0,0.81,0.0,0.0,0.0,0.0,,Sleeper raw-stat projection × league scoring + current usage
2026,4,1389740418316374016,Big Tiger Takeover,1,The Herban Legends,False,5892,David Montgomery,RB,16.43,15.62,0.81,10,0.5,0.0,0.41,-0.1,0.0,0.0,0.0,,Sleeper raw-stat projection × league scoring + current usage + OL health
2026,4,1389740418316374016,Big Tiger Takeover,1,The Herban Legends,False,9488,Jaxon Smith-Njigba,WR,26.02,23.5,2.52,10,0.5,0.0,1.62,0.0,0.0,0.4,0.0,,Sleeper raw-stat projection × league scoring + current usage + injury ripple
2026,4,1389740418316374016,Big Tiger Takeover,1,The Herban Legends,False,7525,DeVonta Smith,WR,17.92,14.15,3.77,10,0.5,0.0,1.62,0.0,0.0,1.65,0.0,,Sleeper raw-stat projection × league scoring + current usage + injury ripple
2026,4,1389740418316374016,Big Tiger Takeover,1,The Herban Legends,False,8130,Trey McBride,TE,20.93,18.86,2.07,8,0.5,0.0,1.62,-0.05,0.0,0.0,0.0,,Sleeper raw-stat projection × league scoring + current usage + OL health
2026,4,1389740418316374016,Big Tiger Takeover,1,The Herban Legends,False,8148,Jameson Williams,WR,12.85,11.55,1.3,10,-0.1,0.0,1.22,0.0,0.0,0.18,0.0,,Sleeper raw-stat projection × league scoring + current usage + injury ripple
2026,4,1389740418316374016,Big Tiger Takeover,1,The Herban Legends,False,9754,Quentin Johnston,WR,9.62,9.1,0.52,10,-0.7,0.0,1.22,0.0,0.0,0.0,0.0,,Sleeper raw-stat projection × league scoring + current usage
2026,4,1389740418316374016,Big Tiger Takeover,1,The Herban Legends,False,12015,Harrison Mevis,K,7.7,7.7,0.0,6,0.0,0.0,0.0,0.0,0.0,0.0,0.0,,Sleeper raw-stat projection × league scoring
2026,4,1389740418316374016,Big Tiger Takeover,1,The Herban Legends,False,LAC,Los Angeles Chargers,DEF,5.43,5.43,0.0,6,0.0,0.0,0.0,0.0,0.0,0.0,0.0,,Sleeper raw-stat projection × league scoring
2026,4,1389740418316374016,Big Tiger Takeover,10,Mac Daddys,False,6770,Joe Burrow,QB,24.97,23.46,1.51,10,1.1,0.0,0.41,0.0,0.0,0.0,0.0,,Sleeper raw-stat projection × league scoring + current usage
2026,4,1389740418316374016,Big Tiger Takeover,10,Mac Daddys,False,9221,Jahmyr Gibbs,RB,28.58,26.26,2.32,10,1.1,0.0,1.22,0.0,0.0,0.0,0.0,,Sleeper raw-stat projection × league scoring + current usage
2026,4,1389740418316374016,Big Tiger Takeover,10,Mac Daddys,False,9224,Chase Brown,RB,21.09,18.77,2.32,10,1.1,0.0,1.22,0.0,0.0,0.0,0.0,,Sleeper raw-stat projection × league scoring + current usage
2026,4,1389740418316374016,Big Tiger Takeover,10,Mac Daddys,False,8137,George Pickens,WR,16.6,15.68,0.92,10,-0.7,0.0,1.62,0.0,0.0,0.0,0.0,,Sleeper raw-stat projection × league scoring + current usage
2026,4,1389740418316374016,Big Tiger Takeover,10,Mac Daddys,False,6801,Tee Higgins,WR,18.05,16.93,1.12,10,-0.1,0.0,1.22,0.0,0.0,0.0,0.0,,Sleeper raw-stat projection × league scoring + current usage
2026,4,1389740418316374016,Big Tiger Takeover,10,Mac Daddys,False,1466,Travis Kelce,TE,14.21,12.67,1.54,6,0.5,0.0,0.81,-0.27,0.0,0.5,0.0,,Sleeper raw-stat projection × league scoring + current usage + OL health + injury ripple
2026,4,1389740418316374016,Big Tiger Takeover,10,Mac Daddys,False,8228,Jaylen Warren,RB,20.62,19.5,1.12,10,0.0,0.0,1.22,-0.1,0.0,0.0,0.0,,Sleeper raw-stat projection × league scoring + current usage + OL health
2026,4,1389740418316374016,Big Tiger Takeover,10,Mac Daddys,False,4983,DJ Moore,WR,15.47,14.69,0.78,10,0.5,0.0,0.41,0.0,0.0,-0.13,0.0,,Sleeper raw-stat projection × league scoring + current usage + injury ripple
2026,4,1389740418316374016,Big Tiger Takeover,10,Mac Daddys,False,8259,Cameron Dicker,K,7.6,7.1,0.5,6,0.5,0.0,0.0,0.0,0.0,0.0,0.0,,Sleeper raw-stat projection × league scoring
2026,4,1389740418316374016,Big Tiger Takeover,10,Mac Daddys,False,NE,New England Patriots,DEF,5.39,5.69,-0.3,7,0.0,0.0,0.0,0.0,0.0,0.0,0.0,,Sleeper raw-stat projection × league scoring
2026,4,1389740418316374016,Big Tiger Takeover,2,Purdy Cooked,False,8183,Brock Purdy,QB,24.86,24.21,0.65,10,0.5,0.0,0.41,-0.26,0.0,0.0,0.0,,Sleeper raw-stat projection × league scoring + current usage + OL health
2026,4,1389740418316374016,Big Tiger Takeover,2,Purdy Cooked,False,8138,James Cook,RB,19.54,17.82,1.72,10,0.5,0.0,1.22,0.0,0.0,0.0,0.0,,Sleeper raw-stat projection × league scoring + current usage
2026,4,1389740418316374016,Big Tiger Takeover,2,Purdy Cooked,False,12527,Ashton Jeanty,RB,18.19,16.61,1.58,10,0.5,0.0,1.22,-0.14,0.0,0.0,0.0,,Sleeper raw-stat projection × league scoring + current usage + OL health
2026,4,1389740418316374016,Big Tiger Takeover,2,Purdy Cooked,False,7547,Amon-Ra St. Brown,WR,22.69,19.12,3.57,10,1.1,0.0,1.62,0.0,0.0,0.85,0.0,,Sleeper raw-stat projection × league scoring + current usage + injury ripple
2026,4,1389740418316374016,Big Tiger Takeover,2,Purdy Cooked,False,5927,Terry McLaurin,WR,13.9,12.38,1.52,10,0.5,0.0,1.22,0.0,0.0,-0.2,0.0,,Sleeper raw-stat projection × league scoring + current usage + injury ripple
2026,4,1389740418316374016,Big Tiger Takeover,2,Purdy Cooked,False,12493,Oronde Gadsden,TE,8.5,7.15,1.35,6,0.5,0.0,0.0,0.0,0.0,0.85,0.0,,Sleeper raw-stat projection × league scoring + injury ripple
2026,4,1389740418316374016,Big Tiger Takeover,2,Purdy Cooked,False,9486,Dontayvion Wicks,WR,10.24,9.32,0.92,10,-0.7,0.0,1.22,0.0,0.0,0.4,0.0,,Sleeper raw-stat projection × league scoring + current usage + injury ripple
2026,4,1389740418316374016,Big Tiger Takeover,2,Purdy Cooked,False,12519,Luther Burden,WR,13.41,13.48,-0.07,10,-0.7,0.0,1.22,-0.14,0.0,-0.45,0.0,,Sleeper raw-stat projection × league scoring + current usage + OL health + injury ripple
2026,4,1389740418316374016,Big Tiger Takeover,2,Purdy Cooked,False,5189,Eddy Pineiro,K,8.8,8.3,0.5,6,0.5,0.0,0.0,0.0,0.0,0.0,0.0,,Sleeper raw-stat projection × league scoring
2026,4,1389740418316374016,Big Tiger Takeover,2,Purdy Cooked,False,KC,Kansas City Chiefs,DEF,7.47,7.47,0.0,6,0.0,0.0,0.0,0.0,0.0,0.0,0.0,,Sleeper raw-stat projection × league scoring
2026,4,1389740418316374016,Big Tiger Takeover,3,Jesus is God Amen!,False,3163,Jared Goff,QB,23.14,21.63,1.51,10,1.1,0.0,0.41,0.0,0.0,0.0,0.0,,Sleeper raw-stat projection × league scoring + current usage
2026,4,1389740418316374016,Big Tiger Takeover,3,Jesus is God Amen!,False,9509,Bijan Robinson,RB,24.88,23.37,1.51,10,0.5,0.0,1.22,-0.37,0.0,0.16,0.0,,Sleeper raw-stat projection × league scoring + current usage + OL health + injury ripple
2026,4,1389740418316374016,Big Tiger Takeover,3,Jesus is God Amen!,False,3198,Derrick Henry,RB,22.21,21.13,1.08,10,0.5,0.0,0.81,-0.23,0.0,0.0,0.0,,Sleeper raw-stat projection × league scoring + current usage + OL health
2026,4,1389740418316374016,Big Tiger Takeover,3,Jesus is God Amen!,False,11632,Malik Nabers,WR,16.18,14.95,1.23,10,0.5,0.0,0.81,-0.08,0.0,0.0,0.0,,Sleeper raw-stat projection × league scoring + current usage + OL health
2026,4,1389740418316374016,Big Tiger Takeover,3,Jesus is God Amen!,False,2216,Mike Evans,WR,0.88,14.31,-13.43,6,-13.7,0.0,0.41,-0.14,0.0,0.0,0.0,Out,Sleeper raw-stat projection × league scoring + current usage + OL health
2026,4,1389740418316374016,Big Tiger Takeover,3,Jesus is God Amen!,False,5012,Mark Andrews,TE,10.31,9.27,1.04,10,0.5,0.0,0.81,-0.27,0.0,0.0,0.0,Questionable,Sleeper raw-stat projection × league scoring + current usage + OL health
2026,4,1389740418316374016,Big Tiger Takeover,3,Jesus is God Amen!,False,8146,Garrett Wilson,WR,19.99,17.97,2.02,10,0.5,0.0,1.62,-0.1,0.0,0.0,0.0,,Sleeper raw-stat projection × league scoring + current usage + OL health
2026,4,1389740418316374016,Big Tiger Takeover,3,Jesus is God Amen!,False,11584,Bucky Irving,RB,16.93,15.21,1.72,10,0.5,0.0,1.22,0.0,0.0,0.0,0.0,,Sleeper raw-stat projection × league scoring + current usage
2026,4,1389740418316374016,Big Tiger Takeover,3,Jesus is God Amen!,False,12713,Andy Borregales,K,6.89,6.89,0.0,7,0.0,0.0,0.0,0.0,0.0,0.0,0.0,,Sleeper raw-stat projection × league scoring
2026,4,1389740418316374016,Big Tiger Takeover,3,Jesus is God Amen!,False,HOU,Houston Texans,DEF,6.42,6.66,-0.24,8,0.0,0.0,0.0,0.0,0.0,0.0,0.0,,Sleeper raw-stat projection × league scoring
2026,4,1389740418316374016,Big Tiger Takeover,4,Third Reich & Long,True,9228,Bryce Young,QB,24.05,22.62,1.43,10,1.1,0.0,0.41,-0.08,0.0,0.0,0.0,,Sleeper raw-stat projection × league scoring + current usage + OL health
2026,4,1389740418316374016,Big Tiger Takeover,4,Third Reich & Long,True,7588,Javonte Williams,RB,17.57,15.85,1.72,10,0.5,0.0,1.22,0.0,0.0,0.0,0.0,,Sleeper raw-stat projection × league scoring + current usage
2026,4,1389740418316374016,Big Tiger Takeover,4,Third Reich & Long,True,8151,Kenneth Walker,RB,22.52,21.03,1.49,10,0.5,0.0,1.22,-0.23,0.0,0.0,0.0,,Sleeper raw-stat projection × league scoring + current usage + OL health
2026,4,1389740418316374016,Big Tiger Takeover,4,Third Reich & Long,True,7564,Ja'Marr Chase,WR,22.08,19.36,2.72,10,1.1,0.0,1.62,0.0,0.0,0.0,0.0,,Sleeper raw-stat projection × league scoring + current usage
2026,4,1389740418316374016,Big Tiger Takeover,4,Third Reich & Long,True,12526,Tetairoa McMillan,WR,17.2,14.52,2.68,10,1.1,0.0,1.62,-0.04,0.0,0.0,0.0,,Sleeper raw-stat projection × league scoring + current usage + OL health
2026,4,1389740418316374016,Big Tiger Takeover,4,Third Reich & Long,True,5001,Dalton Schultz,TE,13.99,11.39,2.6,6,0.5,0.0,1.22,-0.12,0.0,1.0,0.0,,Sleeper raw-stat projection × league scoring + current usage + OL health + injury ripple
2026,4,1389740418316374016,Big Tiger Takeover,4,Third Reich & Long,True,13346,Denzel Boston,WR,13.6,11.66,1.94,10,0.0,0.0,1.22,-0.28,0.0,1.0,0.0,,Sleeper raw-stat projection × league scoring + current usage + OL health + injury ripple
2026,4,1389740418316374016,Big Tiger Takeover,4,Third Reich & Long,True,12512,Quinshon Judkins,RB,10.01,9.33,0.68,10,0.0,0.0,1.22,-0.54,0.0,0.0,0.0,,Sleeper raw-stat projection × league scoring + current usage + OL health
2026,4,1389740418316374016,Big Tiger Takeover,4,Third Reich & Long,True,11533,Brandon Aubrey,K,9.37,8.87,0.5,6,0.5,0.0,0.0,0.0,0.0,0.0,0.0,,Sleeper raw-stat projection × league scoring
2026,4,1389740418316374016,Big Tiger Takeover,4,Third Reich & Long,True,PHI,Philadelphia Eagles,DEF,6.18,6.18,0.0,7,0.0,0.0,0.0,0.0,0.0,0.0,0.0,,Sleeper raw-stat projection × league scoring
2026,4,1389740418316374016,Big Tiger Takeover,5,Sutton My Face,False,6904,Jalen Hurts,QB,20.8,19.89,0.91,10,0.5,0.0,0.41,0.0,0.0,0.0,0.0,,Sleeper raw-stat projection × league scoring + current usage
2026,4,1389740418316374016,Big Tiger Takeover,5,Sutton My Face,False,9226,De'Von Achane,RB,1.26,,,0,0.0,0.0,0.81,0.0,0.0,0.45,0.0,IR,weekly projected points + current usage + injury ripple
2026,4,1389740418316374016,Big Tiger Takeover,5,Sutton My Face,False,12481,Cam Skattebo,RB,18.0,16.34,1.66,10,0.5,0.0,1.22,-0.06,0.0,0.0,0.0,,Sleeper raw-stat projection × league scoring + current usage + OL health
2026,4,1389740418316374016,Big Tiger Takeover,5,Sutton My Face,False,2449,Stefon Diggs,WR,11.44,11.78,-0.34,8,-0.7,0.0,0.81,0.0,0.0,-0.45,0.0,,Sleeper raw-stat projection × league scoring + current usage + injury ripple
2026,4,1389740418316374016,Big Tiger Takeover,5,Sutton My Face,False,10229,Rashee Rice,WR,16.41,15.01,1.4,10,0.5,0.0,0.81,-0.31,0.0,0.4,0.0,,Sleeper raw-stat projection × league scoring + current usage + OL health + injury ripple
2026,4,1389740418316374016,Big Tiger Takeover,5,Sutton My Face,False,2505,Darren Waller,TE,11.34,9.88,1.46,6,1.1,0.0,0.41,-0.05,0.0,0.0,0.0,,Sleeper raw-stat projection × league scoring + current usage + OL health
2026,4,1389740418316374016,Big Tiger Takeover,5,Sutton My Face,False,7526,Jaylen Waddle,WR,15.17,13.41,1.76,10,0.5,0.0,0.81,0.0,0.0,0.45,0.0,Questionable,Sleeper raw-stat projection × league scoring + current usage + injury ripple
2026,4,1389740418316374016,Big Tiger Takeover,5,Sutton My Face,False,8167,Christian Watson,WR,18.04,16.06,1.98,10,0.5,0.0,1.62,-0.14,0.0,0.0,0.0,,Sleeper raw-stat projection × league scoring + current usage + OL health
2026,4,1389740418316374016,Big Tiger Takeover,5,Sutton My Face,False,11786,Cam Little,K,9.24,8.14,1.1,6,1.1,0.0,0.0,0.0,0.0,0.0,0.0,,Sleeper raw-stat projection × league scoring
2026,4,1389740418316374016,Big Tiger Takeover,5,Sutton My Face,False,DEN,Denver Broncos,DEF,6.17,6.17,0.0,6,0.0,0.0,0.0,0.0,0.0,0.0,0.0,,Sleeper raw-stat projection × league scoring
2026,4,1389740418316374016,Big Tiger Takeover,6,My Step-Burrow Is Brown,False,7523,Trevor Lawrence,QB,25.4,24.15,1.25,10,1.1,0.0,0.41,-0.26,0.0,0.0,0.0,,Sleeper raw-stat projection × league scoring + current usage + OL health
2026,4,1389740418316374016,Big Tiger Takeover,6,My Step-Burrow Is Brown,False,4034,Christian McCaffrey,RB,21.32,19.7,1.62,10,0.5,0.0,1.22,-0.1,0.0,0.0,0.0,,Sleeper raw-stat projection × league scoring + current usage + OL health
2026,4,1389740418316374016,Big Tiger Takeover,6,My Step-Burrow Is Brown,False,6790,D'Andre Swift,RB,18.93,17.31,1.62,10,0.5,0.0,1.22,-0.1,0.0,0.0,0.0,,Sleeper raw-stat projection × league scoring + current usage + OL health
2026,4,1389740418316374016,Big Tiger Takeover,6,My Step-Burrow Is Brown,False,11646,Jalen Coker,WR,3.96,15.58,-11.62,10,-12.8,0.0,1.22,-0.04,0.0,0.0,0.0,Out,Sleeper raw-stat projection × league scoring + current usage + OL health
2026,4,1389740418316374016,Big Tiger Takeover,6,My Step-Burrow Is Brown,False,7569,Nico Collins,WR,21.38,19.63,1.75,10,0.0,0.0,0.49,-0.14,0.0,1.4,0.0,Out,Sleeper raw-stat projection × league scoring + current usage + OL health + injury ripple
2026,4,1389740418316374016,Big Tiger Takeover,6,My Step-Burrow Is Brown,False,3214,Hunter Henry,TE,11.08,10.35,0.73,6,0.5,0.0,0.41,-0.18,0.0,0.0,0.0,,Sleeper raw-stat projection × league scoring + current usage + OL health
2026,4,1389740418316374016,Big Tiger Takeover,6,My Step-Burrow Is Brown,False,9500,Josh Downs,WR,15.11,13.39,1.72,10,0.5,0.0,1.22,0.0,0.0,0.0,0.0,,Sleeper raw-stat projection × league scoring + current usage
2026,4,1389740418316374016,Big Tiger Takeover,6,My Step-Burrow Is Brown,False,9487,Parker Washington,WR,20.15,17.79,2.36,10,1.1,0.0,1.22,-0.14,0.0,0.18,0.0,,Sleeper raw-stat projection × league scoring + current usage + OL health + injury ripple
2026,4,1389740418316374016,Big Tiger Takeover,6,My Step-Burrow Is Brown,False,1945,Chris Boswell,K,7.63,7.63,0.0,6,0.0,0.0,0.0,0.0,0.0,0.0,0.0,,Sleeper raw-stat projection × league scoring
2026,4,1389740418316374016,Big Tiger Takeover,6,My Step-Burrow Is Brown,False,SEA,Seattle Seahawks,DEF,8.47,8.77,-0.3,9,0.0,0.0,0.0,0.0,0.0,0.0,0.0,,Sleeper raw-stat projection × league scoring
2026,4,1389740418316374016,Big Tiger Takeover,7,Hurts Locker,False,4046,Patrick Mahomes,QB,26.49,26.16,0.33,10,0.5,0.0,0.41,-0.58,0.0,0.0,0.0,,Sleeper raw-stat projection × league scoring + current usage + OL health
2026,4,1389740418316374016,Big Tiger Takeover,7,Hurts Locker,False,4866,Saquon Barkley,RB,16.3,15.39,0.91,10,0.5,0.0,0.41,0.0,0.0,0.0,0.0,,Sleeper raw-stat projection × league scoring + current usage
2026,4,1389740418316374016,Big Tiger Takeover,7,Hurts Locker,False,7594,Chuba Hubbard,RB,19.45,17.27,2.18,10,1.1,0.0,1.22,-0.14,0.0,0.0,0.0,,Sleeper raw-stat projection × league scoring + current usage + OL health
2026,4,1389740418316374016,Big Tiger Takeover,7,Hurts Locker,False,2133,Davante Adams,WR,18.46,16.84,1.62,6,-0.7,0.0,1.22,0.0,0.0,1.1,0.0,,Sleeper raw-stat projection × league scoring + current usage + injury ripple
2026,4,1389740418316374016,Big Tiger Takeover,7,Hurts Locker,False,9997,Zay Flowers,WR,19.39,18.83,0.56,10,0.5,0.0,0.26,-0.31,0.0,0.11,0.0,,Sleeper raw-stat projection × league scoring + current usage + OL health + injury ripple
2026,4,1389740418316374016,Big Tiger Takeover,7,Hurts Locker,False,11604,Brock Bowers,TE,17.54,16.6,0.94,10,0.5,0.0,0.49,-0.05,0.0,0.0,0.0,,Sleeper raw-stat projection × league scoring + current usage + OL health
2026,4,1389740418316374016,Big Tiger Takeover,7,Hurts Locker,False,9493,Puka Nacua,WR,19.02,18.42,0.6,10,0.0,0.0,0.49,0.0,0.0,0.11,0.0,Out,Sleeper raw-stat projection × league scoring + current usage + injury ripple
2026,4,1389740418316374016,Big Tiger Takeover,7,Hurts Locker,False,8136,Rachaad White,RB,8.88,9.17,-0.29,10,-0.7,0.0,0.41,0.0,0.0,0.0,0.0,Questionable,Sleeper raw-stat projection × league scoring + current usage
2026,4,1389740418316374016,Big Tiger Takeover,7,Hurts Locker,False,2747,Jason Myers,K,8.95,8.45,0.5,6,0.5,0.0,0.0,0.0,0.0,0.0,0.0,,Sleeper raw-stat projection × league scoring
2026,4,1389740418316374016,Big Tiger Takeover,7,Hurts Locker,False,BAL,Baltimore Ravens,DEF,9.76,9.76,0.0,7,0.0,0.0,0.0,0.0,0.0,0.0,0.0,,Sleeper raw-stat projection × league scoring
2026,4,1389740418316374016,Big Tiger Takeover,8,I got a fag qb,False,11563,Bo Nix,QB,23.35,22.44,0.91,10,0.5,0.0,0.41,0.0,0.0,0.0,0.0,,Sleeper raw-stat projection × league scoring + current usage
2026,4,1389740418316374016,Big Tiger Takeover,8,I got a fag qb,False,8150,Kyren Williams,RB,16.06,14.34,1.72,10,0.5,0.0,1.22,0.0,0.0,0.0,0.0,,Sleeper raw-stat projection × league scoring + current usage
2026,4,1389740418316374016,Big Tiger Takeover,8,I got a fag qb,False,13287,Jeremiyah Love,RB,17.87,16.7,1.17,10,0.5,0.0,0.81,-0.14,0.0,0.0,0.0,,Sleeper raw-stat projection × league scoring + current usage + OL health
2026,4,1389740418316374016,Big Tiger Takeover,8,I got a fag qb,False,6786,CeeDee Lamb,WR,20.32,18.6,1.72,10,0.5,0.0,1.22,0.0,0.0,0.0,0.0,,Sleeper raw-stat projection × league scoring + current usage
2026,4,1389740418316374016,Big Tiger Takeover,8,I got a fag qb,False,6794,Justin Jefferson,WR,1.24,17.57,-16.33,8,-17.0,0.0,0.81,-0.14,0.0,0.0,0.0,Out,Sleeper raw-stat projection × league scoring + current usage + OL health
2026,4,1389740418316374016,Big Tiger Takeover,8,I got a fag qb,False,12518,Tyler Warren,TE,15.0,12.88,2.12,10,0.5,0.0,1.62,0.0,0.0,0.0,0.0,,Sleeper raw-stat projection × league scoring + current usage
2026,4,1389740418316374016,Big Tiger Takeover,8,I got a fag qb,False,12514,Emeka Egbuka,WR,12.28,11.01,1.27,10,0.5,0.0,1.22,0.0,0.0,-0.45,0.0,,Sleeper raw-stat projection × league scoring + current usage + injury ripple
2026,4,1389740418316374016,Big Tiger Takeover,8,I got a fag qb,False,5045,Courtland Sutton,WR,11.34,10.55,0.79,6,-0.7,0.0,0.81,0.0,0.0,0.68,0.0,,Sleeper raw-stat projection × league scoring + current usage + injury ripple
2026,4,1389740418316374016,Big Tiger Takeover,8,I got a fag qb,False,11539,Jake Bates,K,9.02,7.92,1.1,6,1.1,0.0,0.0,0.0,0.0,0.0,0.0,,Sleeper raw-stat projection × league scoring
2026,4,1389740418316374016,Big Tiger Takeover,8,I got a fag qb,False,LAR,Los Angeles Rams,DEF,7.3,7.54,-0.24,9,0.0,0.0,0.0,0.0,0.0,0.0,0.0,,Sleeper raw-stat projection × league scoring
2026,4,1389740418316374016,Big Tiger Takeover,9,Downs Kids,False,4984,Josh Allen,QB,27.59,26.48,1.11,10,0.5,0.0,0.41,0.0,0.0,0.2,0.0,Questionable,Sleeper raw-stat projection × league scoring + current usage + injury ripple
2026,4,1389740418316374016,Big Tiger Takeover,9,Downs Kids,False,6813,Jonathan Taylor,RB,24.64,22.52,2.12,10,0.5,0.0,1.62,0.0,0.0,0.0,0.0,,Sleeper raw-stat projection × league scoring + current usage
2026,4,1389740418316374016,Big Tiger Takeover,9,Downs Kids,False,8155,Breece Hall,RB,0.51,,,0,0.0,0.0,0.81,-0.3,0.0,0.0,0.0,Out,weekly projected points + current usage + OL health
2026,4,1389740418316374016,Big Tiger Takeover,9,Downs Kids,False,8144,Chris Olave,WR,22.14,20.02,2.12,10,0.5,0.0,1.62,0.0,0.0,0.0,0.0,,Sleeper raw-stat projection × league scoring + current usage
2026,4,1389740418316374016,Big Tiger Takeover,9,Downs Kids,False,11635,Ladd McConkey,WR,14.94,12.98,1.96,10,0.5,0.0,0.81,0.0,0.0,0.65,0.0,,Sleeper raw-stat projection × league scoring + current usage + injury ripple
2026,4,1389740418316374016,Big Tiger Takeover,9,Downs Kids,False,10236,Dalton Kincaid,TE,14.21,13.1,1.11,6,0.5,0.0,0.81,0.0,0.0,-0.2,0.0,,Sleeper raw-stat projection × league scoring + current usage + injury ripple
2026,4,1389740418316374016,Big Tiger Takeover,9,Downs Kids,False,12490,Bhayshul Tuten,RB,15.17,13.36,1.81,10,1.1,0.0,0.81,-0.1,0.0,0.0,0.0,,Sleeper raw-stat projection × league scoring + current usage + OL health
2026,4,1389740418316374016,Big Tiger Takeover,9,Downs Kids,False,10859,Sam LaPorta,TE,14.2,11.38,2.82,10,1.1,0.0,1.22,0.0,0.0,0.5,0.0,,Sleeper raw-stat projection × league scoring + current usage + injury ripple
2026,4,1389740418316374016,Big Tiger Takeover,9,Downs Kids,False,3451,Ka'imi Fairbairn,K,9.42,8.92,0.5,6,0.5,0.0,0.0,0.0,0.0,0.0,0.0,,Sleeper raw-stat projection × league scoring
2026,4,1389740418316374016,Big Tiger Takeover,9,Downs Kids,False,MIN,Minnesota Vikings,DEF,12.26,12.68,-0.42,8,0.0,0.0,0.0,0.0,0.0,0.0,0.0,,Sleeper raw-stat projection × league scoring
