sleeper_id,player,position,team,opponent,pts_ppr,pts_half_ppr,pts_std,stats_json
11261,,K,CLE,PIT,6.66,6.66,6.66,"{""adp_dd_ppr"": 999.0, ""fga"": 1.86, ""fgm"": 1.55, ""fgm_20_29"": 0.27, ""fgm_30_39"": 0.37, ""fgm_40_49"": 0.37, ""fgm_50p"": 0.27, ""fgm_yds"": 53.92, ""fgmiss_30_39"": 0.04, ""fgmiss_40_49"": 0.04, ""fgmiss_50p"": 0.13, ""gp"": 1.0, ""pos_adp_dd_ppr"": 999.0, ""pts_half_ppr"": 6.66, ""pts_ppr"": 6.66, ""pts_std"": 6.66, ""xpa"": 2.04, ""xpm"": 1.98, ""xpmiss"": 0.06}"
13346,,WR,CLE,PIT,11.06,9.48,7.9,"{""adp_dd_ppr"": 68.0, ""bonus_rec_wr"": 3.17, ""def_fum_td"": 0.0, ""fum"": 0.03, ""fum_lost"": 0.01, ""gp"": 1.0, ""pos_adp_dd_ppr"": 31.0, ""pts_half_ppr"": 9.48, ""pts_ppr"": 11.06, ""pts_std"": 7.9, ""rec"": 3.17, ""rec_0_4"": 0.63, ""rec_10_19"": 0.95, ""rec_20_29"": 0.63, ""rec_2pt"": 0.02, ""rec_30_39"": 0.32, ""rec_40p"": 0.32, ""rec_5_9"": 0.63, ""rec_fd"": 5.25, ""rec_td"": 0.42, ""rec_tgt"": 5.3, ""rec_yd"": 52.55, ""rush_2pt"": 0.0, ""rush_40p"": 0.0, ""rush_att"": 0.14, ""rush_fd"": 0.06, ""rush_td"": 0.0, ""rush_yd"": 0.57}"
13433,,TE,PIT,CLE,0.2,0.16,0.11,"{""adp_dd_ppr"": 369.0, ""def_fum_td"": 0.0, ""fum"": 0.0, ""fum_lost"": 0.0, ""gp"": 1.0, ""pos_adp_dd_ppr"": 92.0, ""pts_half_ppr"": 0.16, ""pts_ppr"": 0.2, ""pts_std"": 0.11, ""rec"": 0.09, ""rec_0_4"": 0.02, ""rec_10_19"": 0.03, ""rec_20_29"": 0.02, ""rec_2pt"": 0.0, ""rec_30_39"": 0.01, ""rec_40p"": 0.01, ""rec_5_9"": 0.02, ""rec_fd"": 0.07, ""rec_td"": 0.01, ""rec_tgt"": 0.12, ""rec_yd"": 0.75}"
13491,,WR,PIT,CLE,0.14,0.12,0.1,"{""adp_dd_ppr"": 350.0, ""bonus_rec_wr"": 0.04, ""gp"": 1.0, ""pos_adp_dd_ppr"": 161.0, ""pts_half_ppr"": 0.12, ""pts_ppr"": 0.14, ""pts_std"": 0.1, ""rec"": 0.04, ""rec_0_4"": 0.01, ""rec_10_19"": 0.01, ""rec_20_29"": 0.01, ""rec_30_39"": 0.0, ""rec_40p"": 0.0, ""rec_5_9"": 0.01, ""rec_fd"": 0.04, ""rec_td"": 0.0, ""rec_tgt"": 0.06, ""rec_yd"": 0.41, ""rush_att"": 0.05, ""rush_fd"": 0.02, ""rush_td"": 0.0, ""rush_yd"": 0.25}"
13580,,TE,CLE,PIT,0.22,0.17,0.13,"{""adp_dd_ppr"": 368.0, ""bonus_rec_te"": 0.08, ""gp"": 1.0, ""pos_adp_dd_ppr"": 91.0, ""pts_half_ppr"": 0.17, ""pts_ppr"": 0.22, ""pts_std"": 0.13, ""rec"": 0.08, ""rec_0_4"": 0.02, ""rec_10_19"": 0.03, ""rec_20_29"": 0.02, ""rec_30_39"": 0.01, ""rec_40p"": 0.01, ""rec_5_9"": 0.02, ""rec_fd"": 0.09, ""rec_td"": 0.01, ""rec_tgt"": 0.12, ""rec_yd"": 0.89}"
6012,,RB,PIT,CLE,3.22,2.77,2.33,"{""adp_dd_ppr"": 255.0, ""bonus_rec_rb"": 0.89, ""gp"": 1.0, ""pos_adp_dd_ppr"": 66.0, ""pts_half_ppr"": 2.77, ""pts_ppr"": 3.22, ""pts_std"": 2.33, ""rec"": 0.89, ""rec_0_4"": 0.18, ""rec_10_19"": 0.27, ""rec_20_29"": 0.18, ""rec_30_39"": 0.09, ""rec_40p"": 0.09, ""rec_5_9"": 0.18, ""rec_fd"": 0.61, ""rec_td"": 0.05, ""rec_tgt"": 1.08, ""rec_yd"": 6.06, ""rush_att"": 1.97, ""rush_fd"": 0.96, ""rush_td"": 0.07, ""rush_yd"": 9.63}"
7021,,RB,PIT,CLE,,,,"{""adp_dd_ppr"": 999.0, ""def_kr_yd"": 5.94, ""gp"": 1.0, ""pos_adp_dd_ppr"": 101.0}"
9510,,RB,PIT,CLE,2.8,2.69,2.57,"{""adp_dd_ppr"": 272.0, ""bonus_rec_rb"": 0.23, ""gp"": 1.0, ""pos_adp_dd_ppr"": 69.0, ""pts_half_ppr"": 2.69, ""pts_ppr"": 2.8, ""pts_std"": 2.57, ""rec"": 0.23, ""rec_0_4"": 0.05, ""rec_10_19"": 0.07, ""rec_20_29"": 0.05, ""rec_30_39"": 0.02, ""rec_40p"": 0.02, ""rec_5_9"": 0.05, ""rec_fd"": 0.17, ""rec_td"": 0.02, ""rec_tgt"": 0.31, ""rec_yd"": 1.66, ""rush_att"": 3.15, ""rush_fd"": 1.48, ""rush_td"": 0.14, ""rush_yd"": 14.79}"
CLE,,DEF,CLE,PIT,7.94,7.94,7.94,"{""adp_dd_ppr"": 999.0, ""blk_kick"": 0.07, ""def_fum_td"": 0.07, ""def_kr_yd"": 117.39, ""def_pr_yd"": 136.03, ""def_td"": 0.14, ""ff"": 0.91, ""fum_rec"": 0.56, ""gp"": 1.0, ""int"": 0.7, ""pass_int_td"": 0.07, ""pos_adp_dd_ppr"": 999.0, ""pr_yd"": 18.64, ""pts_allow"": 20.5, ""pts_allow_14_20"": 1.0, ""pts_half_ppr"": 7.94, ""pts_ppr"": 7.94, ""pts_std"": 7.94, ""sack"": 2.52, ""tkl_loss"": 5.75, ""yds_allow"": 320.97, ""yds_allow_300_349"": 1.0}"
PIT,,DEF,PIT,CLE,8.66,8.66,8.66,"{""adp_dd_ppr"": 999.0, ""blk_kick"": 0.07, ""def_fum_td"": 0.07, ""def_kr_yd"": 112.8, ""def_pr_yd"": 130.57, ""def_td"": 0.14, ""ff"": 0.82, ""fum_rec"": 0.62, ""gp"": 1.0, ""int"": 0.89, ""pass_int_td"": 0.07, ""pos_adp_dd_ppr"": 999.0, ""pr_yd"": 17.77, ""pts_allow"": 18.0, ""pts_allow_14_20"": 1.0, ""pts_half_ppr"": 8.66, ""pts_ppr"": 8.66, ""pts_std"": 8.66, ""sack"": 2.87, ""tkl_loss"": 5.26, ""yds_allow"": 304.39, ""yds_allow_300_349"": 1.0}"
11630,,WR,PIT,CLE,5.23,4.24,3.25,"{""adp_dd_ppr"": 186.0, ""bonus_rec_wr"": 1.98, ""def_fum_td"": 0.0, ""def_kr_yd"": 4.16, ""fum"": 0.02, ""fum_lost"": 0.01, ""gp"": 1.0, ""pos_adp_dd_ppr"": 79.0, ""pts_half_ppr"": 4.24, ""pts_ppr"": 5.23, ""pts_std"": 3.25, ""rec"": 1.98, ""rec_0_4"": 0.4, ""rec_10_19"": 0.6, ""rec_20_29"": 0.4, ""rec_2pt"": 0.01, ""rec_30_39"": 0.2, ""rec_40p"": 0.2, ""rec_5_9"": 0.4, ""rec_fd"": 2.06, ""rec_td"": 0.2, ""rec_tgt"": 3.4, ""rec_yd"": 20.56, ""rush_att"": 0.03, ""rush_fd"": 0.01, ""rush_td"": 0.0, ""rush_yd"": 0.12}"
8228,,RB,PIT,CLE,18.54,16.85,15.17,"{""adp_dd_ppr"": 12.0, ""bonus_rec_rb"": 3.38, ""def_fum_td"": 0.0, ""def_kr_yd"": 2.58, ""fum"": 0.18, ""fum_lost"": 0.08, ""gp"": 1.0, ""pos_adp_dd_ppr"": 6.0, ""pts_half_ppr"": 16.85, ""pts_ppr"": 18.54, ""pts_std"": 15.17, ""rec"": 3.38, ""rec_0_4"": 0.68, ""rec_10_19"": 1.01, ""rec_20_29"": 0.68, ""rec_2pt"": 0.0, ""rec_30_39"": 0.34, ""rec_40p"": 0.34, ""rec_5_9"": 0.68, ""rec_fd"": 2.3, ""rec_td"": 0.09, ""rec_tgt"": 3.85, ""rec_yd"": 23.0, ""rush_2pt"": 0.02, ""rush_40p"": 0.17, ""rush_att"": 17.35, ""rush_fd"": 9.44, ""rush_td"": 0.49, ""rush_yd"": 94.42}"
9479,,TE,PIT,CLE,3.37,2.63,1.88,"{""adp_dd_ppr"": 231.0, ""bonus_rec_te"": 1.49, ""def_fum_td"": 0.0, ""fum"": 0.01, ""fum_lost"": 0.01, ""gp"": 1.0, ""pos_adp_dd_ppr"": 41.0, ""pts_half_ppr"": 2.63, ""pts_ppr"": 3.37, ""pts_std"": 1.88, ""rec"": 1.49, ""rec_0_4"": 0.3, ""rec_10_19"": 0.45, ""rec_20_29"": 0.3, ""rec_2pt"": 0.0, ""rec_30_39"": 0.15, ""rec_40p"": 0.15, ""rec_5_9"": 0.3, ""rec_fd"": 1.51, ""rec_td"": 0.06, ""rec_tgt"": 1.99, ""rec_yd"": 15.12}"
11439,,RB,CLE,PIT,0.88,0.77,0.66,"{""adp_dd_ppr"": 365.0, ""bonus_rec_rb"": 0.22, ""def_fum_td"": 0.0, ""fum"": 0.01, ""fum_lost"": 0.0, ""gp"": 1.0, ""pos_adp_dd_ppr"": 80.0, ""pts_half_ppr"": 0.77, ""pts_ppr"": 0.88, ""pts_std"": 0.66, ""rec"": 0.22, ""rec_0_4"": 0.04, ""rec_10_19"": 0.07, ""rec_20_29"": 0.04, ""rec_2pt"": 0.0, ""rec_30_39"": 0.02, ""rec_40p"": 0.02, ""rec_5_9"": 0.04, ""rec_fd"": 0.17, ""rec_td"": 0.02, ""rec_tgt"": 0.29, ""rec_yd"": 1.68, ""rush_2pt"": 0.0, ""rush_40p"": 0.01, ""rush_att"": 0.69, ""rush_fd"": 0.32, ""rush_td"": 0.01, ""rush_yd"": 3.2}"
12472,,RB,CLE,PIT,5.32,4.46,3.59,"{""adp_dd_ppr"": 203.0, ""bonus_rec_rb"": 1.74, ""def_fum_td"": 0.0, ""def_kr_yd"": 11.91, ""fum"": 0.05, ""fum_lost"": 0.02, ""gp"": 1.0, ""pos_adp_dd_ppr"": 51.0, ""pts_half_ppr"": 4.46, ""pts_ppr"": 5.32, ""pts_std"": 3.59, ""rec"": 1.74, ""rec_0_4"": 0.35, ""rec_10_19"": 0.52, ""rec_20_29"": 0.35, ""rec_2pt"": 0.0, ""rec_30_39"": 0.17, ""rec_40p"": 0.17, ""rec_5_9"": 0.35, ""rec_fd"": 1.38, ""rec_td"": 0.1, ""rec_tgt"": 2.06, ""rec_yd"": 13.77, ""rush_2pt"": 0.0, ""rush_40p"": 0.04, ""rush_att"": 4.67, ""rush_fd"": 1.52, ""rush_td"": 0.02, ""rush_yd"": 15.24}"
12506,,TE,CLE,PIT,12.25,10.02,7.79,"{""adp_dd_ppr"": 58.0, ""bonus_rec_te"": 4.46, ""def_fum_td"": 0.0, ""fum"": 0.04, ""fum_lost"": 0.02, ""gp"": 1.0, ""pos_adp_dd_ppr"": 3.0, ""pts_half_ppr"": 10.02, ""pts_ppr"": 12.25, ""pts_std"": 7.79, ""rec"": 4.46, ""rec_0_4"": 0.89, ""rec_10_19"": 1.34, ""rec_20_29"": 0.89, ""rec_2pt"": 0.02, ""rec_30_39"": 0.45, ""rec_40p"": 0.45, ""rec_5_9"": 0.89, ""rec_fd"": 4.52, ""rec_td"": 0.52, ""rec_tgt"": 6.21, ""rec_yd"": 45.17, ""rush_2pt"": 0.0, ""rush_40p"": 0.0, ""rush_att"": 0.23, ""rush_fd"": 0.07, ""rush_td"": 0.01, ""rush_yd"": 0.66}"
4602,,TE,PIT,CLE,0.07,0.05,0.04,"{""adp_dd_ppr"": 376.0, ""bonus_rec_te"": 0.03, ""def_fum_td"": 0.0, ""fum"": 0.0, ""fum_lost"": 0.0, ""gp"": 1.0, ""pos_adp_dd_ppr"": 98.0, ""pts_half_ppr"": 0.05, ""pts_ppr"": 0.07, ""pts_std"": 0.04, ""rec"": 0.03, ""rec_0_4"": 0.01, ""rec_10_19"": 0.01, ""rec_20_29"": 0.01, ""rec_2pt"": 0.0, ""rec_30_39"": 0.0, ""rec_40p"": 0.0, ""rec_5_9"": 0.01, ""rec_fd"": 0.03, ""rec_td"": 0.0, ""rec_tgt"": 0.04, ""rec_yd"": 0.25}"
7595,,WR,CLE,PIT,0.81,0.67,0.53,"{""adp_dd_ppr"": 309.0, ""bonus_rec_wr"": 0.28, ""def_fum_td"": 0.0, ""fum"": 0.0, ""fum_lost"": 0.0, ""gp"": 1.0, ""pos_adp_dd_ppr"": 133.0, ""pts_half_ppr"": 0.67, ""pts_ppr"": 0.81, ""pts_std"": 0.53, ""rec"": 0.28, ""rec_0_4"": 0.06, ""rec_10_19"": 0.08, ""rec_20_29"": 0.06, ""rec_2pt"": 0.0, ""rec_30_39"": 0.03, ""rec_40p"": 0.03, ""rec_5_9"": 0.06, ""rec_fd"": 0.36, ""rec_td"": 0.03, ""rec_tgt"": 0.44, ""rec_yd"": 3.64}"
7757,,WR,PIT,CLE,0.23,0.19,0.15,"{""adp_dd_ppr"": 344.0, ""bonus_rec_wr"": 0.08, ""gp"": 1.0, ""pos_adp_dd_ppr"": 155.0, ""pts_half_ppr"": 0.19, ""pts_ppr"": 0.23, ""pts_std"": 0.15, ""rec"": 0.08, ""rec_0_4"": 0.02, ""rec_10_19"": 0.02, ""rec_20_29"": 0.02, ""rec_30_39"": 0.01, ""rec_40p"": 0.01, ""rec_5_9"": 0.02, ""rec_fd"": 0.09, ""rec_td"": 0.01, ""rec_tgt"": 0.12, ""rec_yd"": 0.87}"
12512,,RB,CLE,PIT,8.64,7.57,6.51,"{""adp_dd_ppr"": 137.0, ""bonus_rec_rb"": 2.13, ""def_fum_td"": 0.0, ""fum"": 0.15, ""fum_lost"": 0.07, ""gp"": 1.0, ""pos_adp_dd_ppr"": 32.0, ""pts_half_ppr"": 7.57, ""pts_ppr"": 8.64, ""pts_std"": 6.51, ""rec"": 2.13, ""rec_0_4"": 0.43, ""rec_10_19"": 0.64, ""rec_20_29"": 0.43, ""rec_2pt"": 0.0, ""rec_30_39"": 0.21, ""rec_40p"": 0.21, ""rec_5_9"": 0.43, ""rec_fd"": 1.31, ""rec_td"": 0.1, ""rec_tgt"": 2.38, ""rec_yd"": 13.12, ""rush_2pt"": 0.01, ""rush_40p"": 0.15, ""rush_att"": 16.36, ""rush_fd"": 4.21, ""rush_td"": 0.08, ""rush_yd"": 42.06}"
13423,,RB,PIT,CLE,0.5,0.48,0.46,"{""adp_dd_ppr"": 380.0, ""bonus_rec_rb"": 0.04, ""def_fum_td"": 0.0, ""fum"": 0.0, ""fum_lost"": 0.0, ""gp"": 1.0, ""pos_adp_dd_ppr"": 86.0, ""pts_half_ppr"": 0.48, ""pts_ppr"": 0.5, ""pts_std"": 0.46, ""rec"": 0.04, ""rec_0_4"": 0.01, ""rec_10_19"": 0.01, ""rec_20_29"": 0.01, ""rec_2pt"": 0.0, ""rec_30_39"": 0.0, ""rec_40p"": 0.0, ""rec_5_9"": 0.01, ""rec_fd"": 0.03, ""rec_td"": 0.0, ""rec_tgt"": 0.06, ""rec_yd"": 0.35, ""rush_2pt"": 0.0, ""rush_40p"": 0.01, ""rush_att"": 0.53, ""rush_fd"": 0.27, ""rush_td"": 0.02, ""rush_yd"": 2.7}"
1945,,K,PIT,CLE,7.61,7.61,7.61,"{""adp_dd_ppr"": 999.0, ""fga"": 2.14, ""fgm"": 1.84, ""fgm_20_29"": 0.28, ""fgm_30_39"": 0.43, ""fgm_40_49"": 0.38, ""fgm_50p"": 0.38, ""fgm_yds"": 62.21, ""fgmiss_30_39"": 0.04, ""fgmiss_40_49"": 0.04, ""fgmiss_50p"": 0.11, ""gp"": 1.0, ""pos_adp_dd_ppr"": 999.0, ""pts_half_ppr"": 7.61, ""pts_ppr"": 7.61, ""pts_std"": 7.61, ""xpa"": 2.2, ""xpm"": 2.14, ""xpmiss"": 0.06}"
4017,,QB,CLE,PIT,15.98,15.98,15.98,"{""adp_dd_ppr"": 124.0, ""bonus_rush_td_qb"": 0.08, ""cmp_pct"": 69.01, ""def_fum_td"": 0.0, ""fum"": 0.37, ""fum_lost"": 0.16, ""gp"": 1.0, ""pass_2pt"": 0.07, ""pass_att"": 29.45, ""pass_cmp"": 20.33, ""pass_cmp_40p"": 0.37, ""pass_fd"": 22.11, ""pass_inc"": 9.13, ""pass_int"": 1.0, ""pass_int_td"": 0.0, ""pass_sack"": 2.16, ""pass_td"": 1.53, ""pass_yd"": 221.08, ""pos_adp_dd_ppr"": 21.0, ""pts_half_ppr"": 15.98, ""pts_ppr"": 15.98, ""pts_std"": 15.98, ""rush_2pt"": 0.01, ""rush_40p"": 0.04, ""rush_att"": 4.3, ""rush_fd"": 1.71, ""rush_td"": 0.08, ""rush_yd"": 17.08}"
5846,,WR,PIT,CLE,9.75,8.15,6.55,"{""adp_dd_ppr"": 93.0, ""bonus_rec_wr"": 3.2, ""def_fum_td"": 0.0, ""fum"": 0.03, ""fum_lost"": 0.01, ""gp"": 1.0, ""pos_adp_dd_ppr"": 41.0, ""pts_half_ppr"": 8.15, ""pts_ppr"": 9.75, ""pts_std"": 6.55, ""rec"": 3.2, ""rec_0_4"": 0.64, ""rec_10_19"": 0.96, ""rec_20_29"": 0.64, ""rec_2pt"": 0.02, ""rec_30_39"": 0.32, ""rec_40p"": 0.32, ""rec_5_9"": 0.64, ""rec_fd"": 4.26, ""rec_td"": 0.36, ""rec_tgt"": 6.32, ""rec_yd"": 42.63, ""rush_2pt"": 0.0, ""rush_40p"": 0.0, ""rush_att"": 0.15, ""rush_fd"": 0.07, ""rush_td"": 0.01, ""rush_yd"": 0.74}"
6783,,WR,CLE,PIT,3.76,3.04,2.32,"{""adp_dd_ppr"": 208.0, ""bonus_rec_wr"": 1.44, ""def_fum_td"": 0.0, ""fum"": 0.01, ""fum_lost"": 0.01, ""gp"": 1.0, ""pos_adp_dd_ppr"": 88.0, ""pts_half_ppr"": 3.04, ""pts_ppr"": 3.76, ""pts_std"": 2.32, ""rec"": 1.44, ""rec_0_4"": 0.29, ""rec_10_19"": 0.43, ""rec_20_29"": 0.29, ""rec_2pt"": 0.0, ""rec_30_39"": 0.14, ""rec_40p"": 0.14, ""rec_5_9"": 0.29, ""rec_fd"": 1.75, ""rec_td"": 0.09, ""rec_tgt"": 2.53, ""rec_yd"": 17.46, ""rush_2pt"": 0.0, ""rush_40p"": 0.0, ""rush_att"": 0.07, ""rush_fd"": 0.03, ""rush_td"": 0.0, ""rush_yd"": 0.3}"
96,,QB,PIT,CLE,14.04,14.04,14.04,"{""adp_dd_ppr"": 161.0, ""bonus_rush_td_qb"": 0.1, ""cmp_pct"": 62.92, ""def_fum_td"": 0.0, ""fum"": 0.39, ""fum_lost"": 0.17, ""gp"": 1.0, ""pass_2pt"": 0.07, ""pass_att"": 30.82, ""pass_cmp"": 19.39, ""pass_cmp_40p"": 0.38, ""pass_fd"": 18.69, ""pass_inc"": 11.43, ""pass_int"": 0.37, ""pass_int_td"": 0.0, ""pass_sack"": 2.37, ""pass_td"": 1.37, ""pass_yd"": 186.87, ""pos_adp_dd_ppr"": 29.0, ""pts_half_ppr"": 14.04, ""pts_ppr"": 14.04, ""pts_std"": 14.04, ""rush_2pt"": 0.0, ""rush_40p"": 0.02, ""rush_att"": 2.05, ""rush_fd"": 1.09, ""rush_td"": 0.1, ""rush_yd"": 10.9}"
11201,,TE,CLE,PIT,2.5,2.06,1.63,"{""adp_dd_ppr"": 264.0, ""bonus_rec_te"": 0.88, ""def_fum_td"": 0.0, ""fum"": 0.01, ""fum_lost"": 0.0, ""gp"": 1.0, ""pos_adp_dd_ppr"": 51.0, ""pts_half_ppr"": 2.06, ""pts_ppr"": 2.5, ""pts_std"": 1.63, ""rec"": 0.88, ""rec_0_4"": 0.18, ""rec_10_19"": 0.26, ""rec_20_29"": 0.18, ""rec_2pt"": 0.01, ""rec_30_39"": 0.09, ""rec_40p"": 0.09, ""rec_5_9"": 0.18, ""rec_fd"": 0.95, ""rec_td"": 0.11, ""rec_tgt"": 1.35, ""rec_yd"": 9.45}"
6819,,WR,PIT,CLE,9.45,7.46,5.46,"{""adp_dd_ppr"": 97.0, ""bonus_rec_wr"": 3.99, ""def_fum_td"": 0.0, ""fum"": 0.04, ""fum_lost"": 0.02, ""gp"": 1.0, ""pos_adp_dd_ppr"": 45.0, ""pts_half_ppr"": 7.46, ""pts_ppr"": 9.45, ""pts_std"": 5.46, ""rec"": 3.99, ""rec_0_4"": 0.8, ""rec_10_19"": 1.2, ""rec_20_29"": 0.8, ""rec_2pt"": 0.01, ""rec_30_39"": 0.4, ""rec_40p"": 0.4, ""rec_5_9"": 0.8, ""rec_fd"": 4.12, ""rec_td"": 0.22, ""rec_tgt"": 6.03, ""rec_yd"": 41.18, ""rush_2pt"": 0.0, ""rush_40p"": 0.0, ""rush_att"": 0.05, ""rush_fd"": 0.03, ""rush_td"": 0.0, ""rush_yd"": 0.27}"
7600,,TE,PIT,CLE,7.98,6.34,4.71,"{""adp_dd_ppr"": 140.0, ""bonus_rec_te"": 3.27, ""def_fum_td"": 0.0, ""fum"": 0.03, ""fum_lost"": 0.01, ""gp"": 1.0, ""pos_adp_dd_ppr"": 23.0, ""pts_half_ppr"": 6.34, ""pts_ppr"": 7.98, ""pts_std"": 4.71, ""rec"": 3.27, ""rec_0_4"": 0.65, ""rec_10_19"": 0.98, ""rec_20_29"": 0.65, ""rec_2pt"": 0.01, ""rec_30_39"": 0.33, ""rec_40p"": 0.33, ""rec_5_9"": 0.65, ""rec_fd"": 3.4, ""rec_td"": 0.22, ""rec_tgt"": 4.32, ""rec_yd"": 34.03}"
11617,,WR,CLE,PIT,0.21,0.19,0.17,"{""adp_dd_ppr"": 346.0, ""bonus_rec_wr"": 0.04, ""def_fum_td"": 0.0, ""def_kr_yd"": 29.79, ""fum"": 0.0, ""fum_lost"": 0.0, ""gp"": 1.0, ""pos_adp_dd_ppr"": 157.0, ""pr"": 0.15, ""pr_yd"": 1.53, ""pts_half_ppr"": 0.19, ""pts_ppr"": 0.21, ""pts_std"": 0.17, ""rec"": 0.04, ""rec_0_4"": 0.01, ""rec_10_19"": 0.01, ""rec_20_29"": 0.01, ""rec_2pt"": 0.0, ""rec_30_39"": 0.0, ""rec_40p"": 0.0, ""rec_5_9"": 0.01, ""rec_fd"": 0.05, ""rec_td"": 0.0, ""rec_tgt"": 0.06, ""rec_yd"": 0.49, ""rush_2pt"": 0.0, ""rush_40p"": 0.0, ""rush_att"": 0.14, ""rush_fd"": 0.09, ""rush_td"": 0.0, ""rush_yd"": 0.9}"
12503,,WR,CLE,PIT,2.12,1.82,1.52,"{""adp_dd_ppr"": 262.0, ""bonus_rec_wr"": 0.6, ""def_fum_td"": 0.0, ""fum"": 0.01, ""fum_lost"": 0.0, ""gp"": 1.0, ""pos_adp_dd_ppr"": 114.0, ""pts_half_ppr"": 1.82, ""pts_ppr"": 2.12, ""pts_std"": 1.52, ""rec"": 0.6, ""rec_0_4"": 0.12, ""rec_10_19"": 0.18, ""rec_20_29"": 0.12, ""rec_2pt"": 0.0, ""rec_30_39"": 0.06, ""rec_40p"": 0.06, ""rec_5_9"": 0.12, ""rec_fd"": 1.1, ""rec_td"": 0.05, ""rec_tgt"": 1.16, ""rec_yd"": 10.96, ""rush_2pt"": 0.0, ""rush_40p"": 0.0, ""rush_att"": 0.18, ""rush_fd"": 0.07, ""rush_td"": 0.0, ""rush_yd"": 0.72}"
13274,,WR,PIT,CLE,2.31,1.89,1.46,"{""adp_dd_ppr"": 251.0, ""bonus_rec_wr"": 0.85, ""def_fum_td"": 0.0, ""def_kr_yd"": 6.18, ""fum"": 0.01, ""fum_lost"": 0.0, ""gp"": 1.0, ""pos_adp_dd_ppr"": 107.0, ""pts_half_ppr"": 1.89, ""pts_ppr"": 2.31, ""pts_std"": 1.46, ""rec"": 0.85, ""rec_0_4"": 0.17, ""rec_10_19"": 0.25, ""rec_20_29"": 0.17, ""rec_2pt"": 0.0, ""rec_30_39"": 0.08, ""rec_40p"": 0.08, ""rec_5_9"": 0.17, ""rec_fd"": 0.98, ""rec_td"": 0.07, ""rec_tgt"": 1.53, ""rec_yd"": 9.78, ""rush_2pt"": 0.0, ""rush_40p"": 0.0, ""rush_att"": 0.05, ""rush_fd"": 0.03, ""rush_td"": 0.0, ""rush_yd"": 0.27}"
13298,,WR,CLE,PIT,9.5,7.65,5.8,"{""adp_dd_ppr"": 96.0, ""bonus_rec_wr"": 3.71, ""def_fum_td"": 0.0, ""def_kr_yd"": 18.56, ""fum"": 0.04, ""fum_lost"": 0.02, ""gp"": 1.0, ""pos_adp_dd_ppr"": 44.0, ""pr"": 1.43, ""pr_td"": 0.06, ""pr_yd"": 14.32, ""pts_half_ppr"": 7.65, ""pts_ppr"": 9.5, ""pts_std"": 5.8, ""rec"": 3.71, ""rec_0_4"": 0.74, ""rec_10_19"": 1.11, ""rec_20_29"": 0.74, ""rec_2pt"": 0.01, ""rec_30_39"": 0.37, ""rec_40p"": 0.37, ""rec_5_9"": 0.74, ""rec_fd"": 3.79, ""rec_td"": 0.27, ""rec_tgt"": 5.74, ""rec_yd"": 37.86, ""rush_2pt"": 0.0, ""rush_40p"": 0.01, ""rush_att"": 0.77, ""rush_fd"": 0.26, ""rush_td"": 0.02, ""rush_yd"": 2.57}"
10210,,TE,NE,BUF,0.42,0.33,0.24,"{""adp_dd_ppr"": 360.0, ""bonus_rec_te"": 0.18, ""def_fum_td"": 0.0, ""fum"": 0.0, ""fum_lost"": 0.0, ""gp"": 1.0, ""pos_adp_dd_ppr"": 87.0, ""pts_half_ppr"": 0.33, ""pts_ppr"": 0.42, ""pts_std"": 0.24, ""rec"": 0.18, ""rec_0_4"": 0.04, ""rec_10_19"": 0.05, ""rec_20_29"": 0.04, ""rec_2pt"": 0.0, ""rec_30_39"": 0.02, ""rec_40p"": 0.02, ""rec_5_9"": 0.04, ""rec_fd"": 0.18, ""rec_td"": 0.01, ""rec_tgt"": 0.25, ""rec_yd"": 1.82}"
10219,,RB,JAX,CIN,5.44,5.2,4.95,"{""adp_dd_ppr"": 201.0, ""bonus_rec_rb"": 0.49, ""def_fum_td"": 0.0, ""def_kr_yd"": 3.01, ""fum"": 0.05, ""fum_lost"": 0.02, ""gp"": 1.0, ""pos_adp_dd_ppr"": 49.0, ""pts_half_ppr"": 5.2, ""pts_ppr"": 5.44, ""pts_std"": 4.95, ""rec"": 0.49, ""rec_0_4"": 0.1, ""rec_10_19"": 0.15, ""rec_20_29"": 0.1, ""rec_2pt"": 0.0, ""rec_30_39"": 0.05, ""rec_40p"": 0.05, ""rec_5_9"": 0.1, ""rec_fd"": 0.52, ""rec_td"": 0.03, ""rec_tgt"": 0.71, ""rec_yd"": 5.24, ""rush_2pt"": 0.02, ""rush_40p"": 0.06, ""rush_att"": 5.38, ""rush_fd"": 2.67, ""rush_td"": 0.27, ""rush_yd"": 26.71}"
10227,,TE,TB,GB,0.18,0.14,0.11,"{""adp_dd_ppr"": 370.0, ""bonus_rec_te"": 0.07, ""def_fum_td"": 0.0, ""fum"": 0.0, ""fum_lost"": 0.0, ""gp"": 1.0, ""pos_adp_dd_ppr"": 93.0, ""pts_half_ppr"": 0.14, ""pts_ppr"": 0.18, ""pts_std"": 0.11, ""rec"": 0.07, ""rec_0_4"": 0.01, ""rec_10_19"": 0.02, ""rec_20_29"": 0.01, ""rec_2pt"": 0.0, ""rec_30_39"": 0.01, ""rec_40p"": 0.01, ""rec_5_9"": 0.01, ""rec_fd"": 0.07, ""rec_td"": 0.01, ""rec_tgt"": 0.11, ""rec_yd"": 0.72}"
10231,,TE,ARI,NYG,1.73,1.32,0.91,"{""adp_dd_ppr"": 287.0, ""bonus_rec_te"": 0.82, ""def_fum_td"": 0.0, ""fum"": 0.01, ""fum_lost"": 0.0, ""gp"": 1.0, ""pos_adp_dd_ppr"": 60.0, ""pts_half_ppr"": 1.32, ""pts_ppr"": 1.73, ""pts_std"": 0.91, ""rec"": 0.82, ""rec_0_4"": 0.16, ""rec_10_19"": 0.25, ""rec_20_29"": 0.16, ""rec_2pt"": 0.0, ""rec_30_39"": 0.08, ""rec_40p"": 0.08, ""rec_5_9"": 0.16, ""rec_fd"": 0.74, ""rec_td"": 0.03, ""rec_tgt"": 0.97, ""rec_yd"": 7.35}"
10871,,TE,DAL,HOU,1.33,1.03,0.74,"{""adp_dd_ppr"": 306.0, ""bonus_rec_te"": 0.58, ""def_fum_td"": 0.0, ""fum"": 0.01, ""fum_lost"": 0.0, ""gp"": 1.0, ""pos_adp_dd_ppr"": 71.0, ""pts_half_ppr"": 1.03, ""pts_ppr"": 1.33, ""pts_std"": 0.74, ""rec"": 0.58, ""rec_0_4"": 0.12, ""rec_10_19"": 0.17, ""rec_20_29"": 0.12, ""rec_2pt"": 0.0, ""rec_30_39"": 0.06, ""rec_40p"": 0.06, ""rec_5_9"": 0.12, ""rec_fd"": 0.6, ""rec_td"": 0.02, ""rec_tgt"": 0.74, ""rec_yd"": 5.96}"
11168,,WR,LAR,PHI,0.61,0.51,0.42,"{""adp_dd_ppr"": 319.0, ""bonus_rec_wr"": 0.2, ""def_fum_td"": 0.0, ""def_kr_yd"": 21.86, ""fum"": 0.0, ""fum_lost"": 0.0, ""gp"": 1.0, ""pos_adp_dd_ppr"": 139.0, ""pr"": 1.18, ""pr_yd"": 11.77, ""pts_half_ppr"": 0.51, ""pts_ppr"": 0.61, ""pts_std"": 0.42, ""rec"": 0.2, ""rec_0_4"": 0.04, ""rec_10_19"": 0.06, ""rec_20_29"": 0.04, ""rec_2pt"": 0.0, ""rec_30_39"": 0.02, ""rec_40p"": 0.02, ""rec_5_9"": 0.04, ""rec_fd"": 0.3, ""rec_td"": 0.01, ""rec_tgt"": 0.32, ""rec_yd"": 2.97, ""rush_2pt"": 0.0, ""rush_40p"": 0.0, ""rush_att"": 0.09, ""rush_fd"": 0.04, ""rush_td"": 0.0, ""rush_yd"": 0.41}"
11199,,RB,DAL,HOU,0.43,0.41,0.38,"{""adp_dd_ppr"": 381.0, ""bonus_rec_rb"": 0.05, ""def_fum_td"": 0.0, ""fum"": 0.0, ""fum_lost"": 0.0, ""gp"": 1.0, ""pos_adp_dd_ppr"": 87.0, ""pts_half_ppr"": 0.41, ""pts_ppr"": 0.43, ""pts_std"": 0.38, ""rec"": 0.05, ""rec_0_4"": 0.01, ""rec_10_19"": 0.02, ""rec_20_29"": 0.01, ""rec_2pt"": 0.0, ""rec_30_39"": 0.01, ""rec_40p"": 0.01, ""rec_5_9"": 0.01, ""rec_fd"": 0.04, ""rec_td"": 0.0, ""rec_tgt"": 0.07, ""rec_yd"": 0.41, ""rush_2pt"": 0.0, ""rush_40p"": 0.0, ""rush_att"": 0.5, ""rush_fd"": 0.25, ""rush_td"": 0.01, ""rush_yd"": 2.5}"
11320,,WR,KC,LV,0.17,0.14,0.12,"{""adp_dd_ppr"": 349.0, ""bonus_rec_wr"": 0.05, ""def_fum_td"": 0.0, ""def_kr_yd"": 51.54, ""fum"": 0.0, ""fum_lost"": 0.0, ""gp"": 1.0, ""pos_adp_dd_ppr"": 160.0, ""pr"": 1.19, ""pr_yd"": 11.89, ""pts_half_ppr"": 0.14, ""pts_ppr"": 0.17, ""pts_std"": 0.12, ""rec"": 0.05, ""rec_0_4"": 0.01, ""rec_10_19"": 0.01, ""rec_20_29"": 0.01, ""rec_2pt"": 0.0, ""rec_30_39"": 0.0, ""rec_40p"": 0.0, ""rec_5_9"": 0.01, ""rec_fd"": 0.07, ""rec_td"": 0.01, ""rec_tgt"": 0.08, ""rec_yd"": 0.7, ""rush_2pt"": 0.0, ""rush_40p"": 0.0, ""rush_att"": 0.03, ""rush_fd"": 0.01, ""rush_td"": 0.0, ""rush_yd"": 0.14}"
11370,,RB,GB,TB,5.86,5.14,4.42,"{""adp_dd_ppr"": 195.0, ""bonus_rec_rb"": 1.44, ""def_fum_td"": 0.0, ""fum"": 0.06, ""fum_lost"": 0.03, ""gp"": 1.0, ""pos_adp_dd_ppr"": 47.0, ""pts_half_ppr"": 5.14, ""pts_ppr"": 5.86, ""pts_std"": 4.42, ""rec"": 1.44, ""rec_0_4"": 0.29, ""rec_10_19"": 0.43, ""rec_20_29"": 0.29, ""rec_2pt"": 0.0, ""rec_30_39"": 0.14, ""rec_40p"": 0.14, ""rec_5_9"": 0.29, ""rec_fd"": 1.02, ""rec_td"": 0.08, ""rec_tgt"": 1.86, ""rec_yd"": 10.15, ""rush_2pt"": 0.01, ""rush_40p"": 0.05, ""rush_att"": 5.5, ""rush_fd"": 2.23, ""rush_td"": 0.12, ""rush_yd"": 22.32}"
11433,,TE,DEN,SF,1.89,1.57,1.25,"{""adp_dd_ppr"": 283.0, ""bonus_rec_te"": 0.64, ""def_fum_td"": 0.0, ""fum"": 0.01, ""fum_lost"": 0.0, ""gp"": 1.0, ""pos_adp_dd_ppr"": 57.0, ""pts_half_ppr"": 1.57, ""pts_ppr"": 1.89, ""pts_std"": 1.25, ""rec"": 0.64, ""rec_0_4"": 0.13, ""rec_10_19"": 0.19, ""rec_20_29"": 0.13, ""rec_2pt"": 0.01, ""rec_30_39"": 0.06, ""rec_40p"": 0.06, ""rec_5_9"": 0.13, ""rec_fd"": 0.61, ""rec_td"": 0.1, ""rec_tgt"": 0.9, ""rec_yd"": 6.14}"
11575,,RB,BUF,NE,1.04,0.99,0.94,"{""adp_dd_ppr"": 358.0, ""bonus_rec_rb"": 0.11, ""def_fum_td"": 0.0, ""def_kr_yd"": 46.18, ""fum"": 0.01, ""fum_lost"": 0.01, ""gp"": 1.0, ""pos_adp_dd_ppr"": 78.0, ""pts_half_ppr"": 0.99, ""pts_ppr"": 1.04, ""pts_std"": 0.94, ""rec"": 0.11, ""rec_0_4"": 0.02, ""rec_10_19"": 0.03, ""rec_20_29"": 0.02, ""rec_2pt"": 0.0, ""rec_30_39"": 0.01, ""rec_40p"": 0.01, ""rec_5_9"": 0.02, ""rec_fd"": 0.09, ""rec_td"": 0.01, ""rec_tgt"": 0.12, ""rec_yd"": 0.89, ""rush_2pt"": 0.0, ""rush_40p"": 0.01, ""rush_att"": 1.23, ""rush_fd"": 0.65, ""rush_td"": 0.03, ""rush_yd"": 6.49}"
11577,,RB,PHI,LAR,2.05,1.68,1.3,"{""adp_dd_ppr"": 299.0, ""bonus_rec_rb"": 0.75, ""def_fum_td"": 0.0, ""def_kr_yd"": 35.73, ""fum"": 0.02, ""fum_lost"": 0.01, ""gp"": 1.0, ""pos_adp_dd_ppr"": 72.0, ""pts_half_ppr"": 1.68, ""pts_ppr"": 2.05, ""pts_std"": 1.3, ""rec"": 0.75, ""rec_0_4"": 0.15, ""rec_10_19"": 0.22, ""rec_20_29"": 0.15, ""rec_2pt"": 0.0, ""rec_30_39"": 0.07, ""rec_40p"": 0.07, ""rec_5_9"": 0.15, ""rec_fd"": 0.48, ""rec_td"": 0.03, ""rec_tgt"": 0.92, ""rec_yd"": 4.8, ""rush_2pt"": 0.0, ""rush_40p"": 0.01, ""rush_att"": 1.44, ""rush_fd"": 0.47, ""rush_td"": 0.03, ""rush_yd"": 4.71}"
11584,,RB,TB,GB,14.26,12.82,11.37,"{""adp_dd_ppr"": 47.0, ""bonus_rec_rb"": 2.89, ""def_fum_td"": 0.0, ""fum"": 0.17, ""fum_lost"": 0.08, ""gp"": 1.0, ""pos_adp_dd_ppr"": 18.0, ""pts_half_ppr"": 12.82, ""pts_ppr"": 14.26, ""pts_std"": 11.37, ""rec"": 2.89, ""rec_0_4"": 0.58, ""rec_10_19"": 0.87, ""rec_20_29"": 0.58, ""rec_2pt"": 0.0, ""rec_30_39"": 0.29, ""rec_40p"": 0.29, ""rec_5_9"": 0.58, ""rec_fd"": 1.9, ""rec_td"": 0.11, ""rec_tgt"": 3.36, ""rec_yd"": 18.98, ""rush_2pt"": 0.02, ""rush_40p"": 0.17, ""rush_att"": 18.03, ""rush_fd"": 6.86, ""rush_td"": 0.35, ""rush_yd"": 68.62}"
11592,,TE,CIN,JAX,2.82,2.21,1.6,"{""adp_dd_ppr"": 248.0, ""bonus_rec_te"": 1.22, ""def_fum_td"": 0.0, ""fum"": 0.01, ""fum_lost"": 0.01, ""gp"": 1.0, ""pos_adp_dd_ppr"": 47.0, ""pts_half_ppr"": 2.21, ""pts_ppr"": 2.82, ""pts_std"": 1.6, ""rec"": 1.22, ""rec_0_4"": 0.24, ""rec_10_19"": 0.37, ""rec_20_29"": 0.24, ""rec_2pt"": 0.0, ""rec_30_39"": 0.12, ""rec_40p"": 0.12, ""rec_5_9"": 0.24, ""rec_fd"": 1.13, ""rec_td"": 0.08, ""rec_tgt"": 1.62, ""rec_yd"": 11.27}"
11603,,TE,SEA,LAC,9.21,7.59,5.97,"{""adp_dd_ppr"": 114.0, ""bonus_rec_te"": 3.24, ""def_fum_td"": 0.0, ""fum"": 0.04, ""fum_lost"": 0.02, ""gp"": 1.0, ""pos_adp_dd_ppr"": 17.0, ""pts_half_ppr"": 7.59, ""pts_ppr"": 9.21, ""pts_std"": 5.97, ""rec"": 3.24, ""rec_0_4"": 0.65, ""rec_10_19"": 0.97, ""rec_20_29"": 0.65, ""rec_2pt"": 0.02, ""rec_30_39"": 0.32, ""rec_40p"": 0.32, ""rec_5_9"": 0.65, ""rec_fd"": 3.52, ""rec_td"": 0.32, ""rec_tgt"": 4.54, ""rec_yd"": 35.2, ""rush_2pt"": 0.0, ""rush_40p"": 0.01, ""rush_att"": 0.62, ""rush_fd"": 0.19, ""rush_td"": 0.06, ""rush_yd"": 1.88}"
11651,,RB,SF,DEN,,,,"{""adp_dd_ppr"": 999.0, ""def_kr_yd"": 9.92, ""gp"": 1.0, ""pos_adp_dd_ppr"": 102.0}"
11792,,K,MIN,MIA,9.27,9.27,9.27,"{""adp_dd_ppr"": 999.0, ""fga"": 2.45, ""fgm"": 2.17, ""fgm_20_29"": 0.34, ""fgm_30_39"": 0.51, ""fgm_40_49"": 0.51, ""fgm_50p"": 0.4, ""fgm_yds"": 75.01, ""fgmiss_30_39"": 0.05, ""fgmiss_40_49"": 0.05, ""fgmiss_50p"": 0.09, ""gp"": 1.0, ""pos_adp_dd_ppr"": 999.0, ""pts_half_ppr"": 9.27, ""pts_ppr"": 9.27, ""pts_std"": 9.27, ""xpa"": 2.79, ""xpm"": 2.73, ""xpmiss"": 0.07}"
12171,,RB,HOU,DAL,0.19,0.17,0.14,"{""adp_dd_ppr"": 389.0, ""bonus_rec_rb"": 0.05, ""gp"": 1.0, ""pos_adp_dd_ppr"": 95.0, ""pts_half_ppr"": 0.17, ""pts_ppr"": 0.19, ""pts_std"": 0.14, ""rec"": 0.05, ""rec_0_4"": 0.01, ""rec_10_19"": 0.02, ""rec_20_29"": 0.01, ""rec_30_39"": 0.01, ""rec_40p"": 0.01, ""rec_5_9"": 0.01, ""rec_fd"": 0.05, ""rec_td"": 0.0, ""rec_tgt"": 0.06, ""rec_yd"": 0.46, ""rush_att"": 0.11, ""rush_fd"": 0.06, ""rush_td"": 0.0, ""rush_yd"": 0.57}"
12467,,RB,SF,DEN,0.66,0.64,0.62,"{""adp_dd_ppr"": 373.0, ""bonus_rec_rb"": 0.05, ""def_fum_td"": 0.0, ""def_kr_yd"": 17.23, ""fum"": 0.01, ""fum_lost"": 0.0, ""gp"": 1.0, ""pos_adp_dd_ppr"": 83.0, ""pts_half_ppr"": 0.64, ""pts_ppr"": 0.66, ""pts_std"": 0.62, ""rec"": 0.05, ""rec_0_4"": 0.01, ""rec_10_19"": 0.01, ""rec_20_29"": 0.01, ""rec_2pt"": 0.0, ""rec_30_39"": 0.0, ""rec_40p"": 0.0, ""rec_5_9"": 0.01, ""rec_fd"": 0.04, ""rec_td"": 0.0, ""rec_tgt"": 0.06, ""rec_yd"": 0.36, ""rush_2pt"": 0.0, ""rush_40p"": 0.01, ""rush_att"": 0.9, ""rush_fd"": 0.41, ""rush_td"": 0.03, ""rush_yd"": 4.06}"
12473,,TE,CAR,DET,1.72,1.34,0.97,"{""adp_dd_ppr"": 288.0, ""bonus_rec_te"": 0.75, ""def_fum_td"": 0.0, ""fum"": 0.01, ""fum_lost"": 0.0, ""gp"": 1.0, ""pos_adp_dd_ppr"": 61.0, ""pts_half_ppr"": 1.34, ""pts_ppr"": 1.72, ""pts_std"": 0.97, ""rec"": 0.75, ""rec_0_4"": 0.15, ""rec_10_19"": 0.23, ""rec_20_29"": 0.15, ""rec_2pt"": 0.0, ""rec_30_39"": 0.08, ""rec_40p"": 0.08, ""rec_5_9"": 0.15, ""rec_fd"": 0.73, ""rec_td"": 0.04, ""rec_tgt"": 1.0, ""rec_yd"": 7.32}"
12474,,RB,HOU,DAL,8.66,7.86,7.06,"{""adp_dd_ppr"": 136.0, ""bonus_rec_rb"": 1.6, ""def_fum_td"": 0.0, ""fum"": 0.11, ""fum_lost"": 0.05, ""gp"": 1.0, ""pos_adp_dd_ppr"": 31.0, ""pts_half_ppr"": 7.86, ""pts_ppr"": 8.66, ""pts_std"": 7.06, ""rec"": 1.6, ""rec_0_4"": 0.32, ""rec_10_19"": 0.48, ""rec_20_29"": 0.32, ""rec_2pt"": 0.01, ""rec_30_39"": 0.16, ""rec_40p"": 0.16, ""rec_5_9"": 0.32, ""rec_fd"": 1.21, ""rec_td"": 0.1, ""rec_tgt"": 1.95, ""rec_yd"": 12.13, ""rush_2pt"": 0.01, ""rush_40p"": 0.1, ""rush_att"": 9.97, ""rush_fd"": 4.21, ""rush_td"": 0.18, ""rush_yd"": 42.09}"
12495,,RB,MIA,MIN,7.88,7.21,6.54,"{""adp_dd_ppr"": 152.0, ""bonus_rec_rb"": 1.33, ""def_fum_td"": 0.0, ""fum"": 0.1, ""fum_lost"": 0.04, ""gp"": 1.0, ""pos_adp_dd_ppr"": 37.0, ""pts_half_ppr"": 7.21, ""pts_ppr"": 7.88, ""pts_std"": 6.54, ""rec"": 1.33, ""rec_0_4"": 0.27, ""rec_10_19"": 0.4, ""rec_20_29"": 0.27, ""rec_2pt"": 0.0, ""rec_30_39"": 0.13, ""rec_40p"": 0.13, ""rec_5_9"": 0.27, ""rec_fd"": 0.83, ""rec_td"": 0.05, ""rec_tgt"": 1.69, ""rec_yd"": 8.32, ""rush_2pt"": 0.02, ""rush_40p"": 0.1, ""rush_att"": 12.24, ""rush_fd"": 3.78, ""rush_td"": 0.27, ""rush_yd"": 37.83}"
12501,,WR,GB,TB,12.09,10.03,7.97,"{""adp_dd_ppr"": 56.0, ""bonus_rec_wr"": 4.12, ""def_fum_td"": 0.0, ""def_kr_yd"": 25.43, ""fum"": 0.05, ""fum_lost"": 0.02, ""gp"": 1.0, ""pos_adp_dd_ppr"": 29.0, ""pr"": 0.06, ""pr_yd"": 1.1, ""pts_half_ppr"": 10.03, ""pts_ppr"": 12.09, ""pts_std"": 7.97, ""rec"": 4.12, ""rec_0_4"": 0.82, ""rec_10_19"": 1.24, ""rec_20_29"": 0.82, ""rec_2pt"": 0.01, ""rec_30_39"": 0.41, ""rec_40p"": 0.41, ""rec_5_9"": 0.82, ""rec_fd"": 6.09, ""rec_td"": 0.3, ""rec_tgt"": 7.26, ""rec_yd"": 60.91, ""rush_2pt"": 0.0, ""rush_40p"": 0.01, ""rush_att"": 0.21, ""rush_fd"": 0.08, ""rush_td"": 0.01, ""rush_yd"": 0.81}"
12514,,WR,TB,GB,10.29,8.54,6.78,"{""adp_dd_ppr"": 81.0, ""bonus_rec_wr"": 3.51, ""def_fum_td"": 0.0, ""fum"": 0.03, ""fum_lost"": 0.01, ""gp"": 1.0, ""pos_adp_dd_ppr"": 35.0, ""pts_half_ppr"": 8.54, ""pts_ppr"": 10.29, ""pts_std"": 6.78, ""rec"": 3.51, ""rec_0_4"": 0.7, ""rec_10_19"": 1.05, ""rec_20_29"": 0.7, ""rec_2pt"": 0.01, ""rec_30_39"": 0.35, ""rec_40p"": 0.35, ""rec_5_9"": 0.7, ""rec_fd"": 4.9, ""rec_td"": 0.29, ""rec_tgt"": 6.25, ""rec_yd"": 48.99, ""rush_2pt"": 0.0, ""rush_40p"": 0.0, ""rush_att"": 0.26, ""rush_fd"": 0.1, ""rush_td"": 0.01, ""rush_yd"": 1.01}"
12519,,WR,CHI,NYJ,12.63,10.45,8.28,"{""adp_dd_ppr"": 49.0, ""bonus_rec_wr"": 4.35, ""def_fum_td"": 0.0, ""def_kr_yd"": 9.84, ""fum"": 0.04, ""fum_lost"": 0.02, ""gp"": 1.0, ""pos_adp_dd_ppr"": 25.0, ""pts_half_ppr"": 10.45, ""pts_ppr"": 12.63, ""pts_std"": 8.28, ""rec"": 4.35, ""rec_0_4"": 0.87, ""rec_10_19"": 1.31, ""rec_20_29"": 0.87, ""rec_2pt"": 0.01, ""rec_30_39"": 0.44, ""rec_40p"": 0.44, ""rec_5_9"": 0.87, ""rec_fd"": 6.29, ""rec_td"": 0.26, ""rec_tgt"": 5.73, ""rec_yd"": 62.88, ""rush_2pt"": 0.0, ""rush_40p"": 0.01, ""rush_att"": 0.67, ""rush_fd"": 0.34, ""rush_td"": 0.01, ""rush_yd"": 3.43}"
12521,,TE,SEA,LAC,4.04,3.22,2.41,"{""adp_dd_ppr"": 213.0, ""bonus_rec_te"": 1.63, ""def_fum_td"": 0.0, ""fum"": 0.02, ""fum_lost"": 0.01, ""gp"": 1.0, ""pos_adp_dd_ppr"": 36.0, ""pts_half_ppr"": 3.22, ""pts_ppr"": 4.04, ""pts_std"": 2.41, ""rec"": 1.63, ""rec_0_4"": 0.33, ""rec_10_19"": 0.49, ""rec_20_29"": 0.33, ""rec_2pt"": 0.01, ""rec_30_39"": 0.16, ""rec_40p"": 0.16, ""rec_5_9"": 0.33, ""rec_fd"": 1.81, ""rec_td"": 0.1, ""rec_tgt"": 2.3, ""rec_yd"": 18.11}"
12540,,WR,TEN,BAL,2.13,1.71,1.28,"{""adp_dd_ppr"": 261.0, ""bonus_rec_wr"": 0.85, ""def_fum_td"": 0.0, ""def_kr_yd"": 45.77, ""fum"": 0.01, ""fum_lost"": 0.0, ""gp"": 1.0, ""pos_adp_dd_ppr"": 113.0, ""pr"": 0.77, ""pr_td"": 0.06, ""pr_yd"": 8.26, ""pts_half_ppr"": 1.71, ""pts_ppr"": 2.13, ""pts_std"": 1.28, ""rec"": 0.85, ""rec_0_4"": 0.17, ""rec_10_19"": 0.25, ""rec_20_29"": 0.17, ""rec_2pt"": 0.0, ""rec_30_39"": 0.08, ""rec_40p"": 0.08, ""rec_5_9"": 0.17, ""rec_fd"": 0.89, ""rec_td"": 0.05, ""rec_tgt"": 1.2, ""rec_yd"": 8.91, ""rush_2pt"": 0.0, ""rush_40p"": 0.0, ""rush_att"": 0.2, ""rush_fd"": 0.05, ""rush_td"": 0.01, ""rush_yd"": 0.53}"
12543,,RB,CIN,JAX,0.59,0.55,0.5,"{""adp_dd_ppr"": 378.0, ""bonus_rec_rb"": 0.08, ""def_fum_td"": 0.0, ""def_kr_yd"": 23.19, ""fum"": 0.01, ""fum_lost"": 0.0, ""gp"": 1.0, ""pos_adp_dd_ppr"": 84.0, ""pts_half_ppr"": 0.55, ""pts_ppr"": 0.59, ""pts_std"": 0.5, ""rec"": 0.08, ""rec_0_4"": 0.02, ""rec_10_19"": 0.03, ""rec_20_29"": 0.02, ""rec_2pt"": 0.0, ""rec_30_39"": 0.01, ""rec_40p"": 0.01, ""rec_5_9"": 0.02, ""rec_fd"": 0.06, ""rec_td"": 0.0, ""rec_tgt"": 0.11, ""rec_yd"": 0.65, ""rush_2pt"": 0.0, ""rush_40p"": 0.01, ""rush_att"": 0.8, ""rush_fd"": 0.25, ""rush_td"": 0.03, ""rush_yd"": 2.55}"
13307,,TE,HOU,DAL,2.0,1.58,1.16,"{""adp_dd_ppr"": 279.0, ""bonus_rec_te"": 0.84, ""def_fum_td"": 0.0, ""fum"": 0.01, ""fum_lost"": 0.0, ""gp"": 1.0, ""pos_adp_dd_ppr"": 54.0, ""pts_half_ppr"": 1.58, ""pts_ppr"": 2.0, ""pts_std"": 1.16, ""rec"": 0.84, ""rec_0_4"": 0.17, ""rec_10_19"": 0.25, ""rec_20_29"": 0.17, ""rec_2pt"": 0.0, ""rec_30_39"": 0.08, ""rec_40p"": 0.08, ""rec_5_9"": 0.17, ""rec_fd"": 0.85, ""rec_td"": 0.05, ""rec_tgt"": 0.97, ""rec_yd"": 8.45}"
13400,,TE,MIA,MIN,0.17,0.13,0.1,"{""adp_dd_ppr"": 371.0, ""bonus_rec_te"": 0.07, ""def_fum_td"": 0.0, ""fum"": 0.0, ""fum_lost"": 0.0, ""gp"": 1.0, ""pos_adp_dd_ppr"": 94.0, ""pts_half_ppr"": 0.13, ""pts_ppr"": 0.17, ""pts_std"": 0.1, ""rec"": 0.07, ""rec_0_4"": 0.01, ""rec_10_19"": 0.02, ""rec_20_29"": 0.01, ""rec_2pt"": 0.0, ""rec_30_39"": 0.01, ""rec_40p"": 0.01, ""rec_5_9"": 0.01, ""rec_fd"": 0.07, ""rec_td"": 0.0, ""rec_tgt"": 0.11, ""rec_yd"": 0.73}"
13421,,TE,NE,BUF,4.21,3.39,2.57,"{""adp_dd_ppr"": 209.0, ""bonus_rec_te"": 1.64, ""def_fum_td"": 0.0, ""fum"": 0.01, ""fum_lost"": 0.01, ""gp"": 1.0, ""pos_adp_dd_ppr"": 35.0, ""pts_half_ppr"": 3.39, ""pts_ppr"": 4.21, ""pts_std"": 2.57, ""rec"": 1.64, ""rec_0_4"": 0.33, ""rec_10_19"": 0.49, ""rec_20_29"": 0.33, ""rec_2pt"": 0.01, ""rec_30_39"": 0.16, ""rec_40p"": 0.16, ""rec_5_9"": 0.33, ""rec_fd"": 1.74, ""rec_td"": 0.14, ""rec_tgt"": 2.17, ""rec_yd"": 17.35}"
13434,,TE,MIA,MIN,1.23,0.93,0.64,"{""adp_dd_ppr"": 311.0, ""bonus_rec_te"": 0.59, ""def_fum_td"": 0.0, ""fum"": 0.0, ""fum_lost"": 0.0, ""gp"": 1.0, ""pos_adp_dd_ppr"": 73.0, ""pts_half_ppr"": 0.93, ""pts_ppr"": 1.23, ""pts_std"": 0.64, ""rec"": 0.59, ""rec_0_4"": 0.12, ""rec_10_19"": 0.18, ""rec_20_29"": 0.12, ""rec_2pt"": 0.0, ""rec_30_39"": 0.06, ""rec_40p"": 0.06, ""rec_5_9"": 0.12, ""rec_fd"": 0.49, ""rec_td"": 0.03, ""rec_tgt"": 0.85, ""rec_yd"": 4.89}"
13833,,K,NYG,ARI,7.67,7.67,7.67,"{""adp_dd_ppr"": 999.0, ""fga"": 1.99, ""fgm"": 1.6, ""fgm_20_29"": 0.37, ""fgm_30_39"": 0.49, ""fgm_40_49"": 0.43, ""fgm_50p"": 0.25, ""fgm_yds"": 63.5, ""fgmiss_30_39"": 0.06, ""fgmiss_40_49"": 0.06, ""fgmiss_50p"": 0.19, ""gp"": 1.0, ""pos_adp_dd_ppr"": 999.0, ""pts_half_ppr"": 7.67, ""pts_ppr"": 7.67, ""pts_std"": 7.67, ""xpa"": 2.25, ""xpm"": 2.18, ""xpmiss"": 0.06}"
13968,,K,WAS,IND,8.14,8.14,8.14,"{""adp_dd_ppr"": 999.0, ""fga"": 2.04, ""fgm"": 1.66, ""fgm_20_29"": 0.37, ""fgm_30_39"": 0.49, ""fgm_40_49"": 0.49, ""fgm_50p"": 0.25, ""fgm_yds"": 66.29, ""fgmiss_50p"": 0.19, ""gp"": 1.0, ""pos_adp_dd_ppr"": 999.0, ""pts_half_ppr"": 8.14, ""pts_ppr"": 8.14, ""pts_std"": 8.14, ""xpa"": 2.62, ""xpm"": 2.49, ""xpmiss"": 0.13}"
1466,,TE,KC,LV,11.76,9.5,7.24,"{""adp_dd_ppr"": 65.0, ""bonus_rec_te"": 4.52, ""def_fum_td"": 0.0, ""fum"": 0.04, ""fum_lost"": 0.02, ""gp"": 1.0, ""pos_adp_dd_ppr"": 6.0, ""pts_half_ppr"": 9.5, ""pts_ppr"": 11.76, ""pts_std"": 7.24, ""rec"": 4.52, ""rec_0_4"": 0.9, ""rec_10_19"": 1.36, ""rec_20_29"": 0.9, ""rec_2pt"": 0.02, ""rec_30_39"": 0.45, ""rec_40p"": 0.45, ""rec_5_9"": 0.9, ""rec_fd"": 5.21, ""rec_td"": 0.34, ""rec_tgt"": 6.17, ""rec_yd"": 52.06}"
3155,,WR,IND,WAS,4.94,4.18,3.43,"{""adp_dd_ppr"": 194.0, ""bonus_rec_wr"": 1.5, ""gp"": 1.0, ""pos_adp_dd_ppr"": 82.0, ""pts_half_ppr"": 4.18, ""pts_ppr"": 4.94, ""pts_std"": 3.43, ""rec"": 1.5, ""rec_0_4"": 0.3, ""rec_10_19"": 0.45, ""rec_20_29"": 0.3, ""rec_30_39"": 0.15, ""rec_40p"": 0.15, ""rec_5_9"": 0.3, ""rec_fd"": 2.46, ""rec_td"": 0.16, ""rec_tgt"": 2.67, ""rec_yd"": 24.65}"
3163,,QB,DET,CAR,16.9,16.9,16.9,"{""adp_dd_ppr"": 98.0, ""bonus_rush_td_qb"": 0.06, ""cmp_pct"": 67.07, ""def_fum_td"": 0.0, ""fum"": 0.46, ""fum_lost"": 0.2, ""gp"": 1.0, ""pass_2pt"": 0.12, ""pass_att"": 32.96, ""pass_cmp"": 22.11, ""pass_cmp_40p"": 0.47, ""pass_fd"": 23.67, ""pass_inc"": 10.85, ""pass_int"": 0.79, ""pass_int_td"": 0.0, ""pass_sack"": 2.83, ""pass_td"": 1.87, ""pass_yd"": 236.68, ""pos_adp_dd_ppr"": 15.0, ""pts_half_ppr"": 16.9, ""pts_ppr"": 16.9, ""pts_std"": 16.9, ""rush_2pt"": 0.0, ""rush_40p"": 0.02, ""rush_att"": 1.8, ""rush_fd"": 0.55, ""rush_td"": 0.06, ""rush_yd"": 5.51}"
4177,,WR,NE,BUF,8.77,7.04,5.31,"{""adp_dd_ppr"": 113.0, ""bonus_rec_wr"": 3.46, ""def_fum_td"": 0.0, ""fum"": 0.03, ""fum_lost"": 0.02, ""gp"": 1.0, ""pos_adp_dd_ppr"": 51.0, ""pts_half_ppr"": 7.04, ""pts_ppr"": 8.77, ""pts_std"": 5.31, ""rec"": 3.46, ""rec_0_4"": 0.69, ""rec_10_19"": 1.04, ""rec_20_29"": 0.69, ""rec_2pt"": 0.01, ""rec_30_39"": 0.35, ""rec_40p"": 0.35, ""rec_5_9"": 0.69, ""rec_fd"": 4.43, ""rec_td"": 0.14, ""rec_tgt"": 5.48, ""rec_yd"": 44.28, ""rush_2pt"": 0.0, ""rush_40p"": 0.0, ""rush_att"": 0.04, ""rush_fd"": 0.02, ""rush_td"": 0.0, ""rush_yd"": 0.23}"
421,,QB,LAR,PHI,16.45,16.45,16.45,"{""adp_dd_ppr"": 109.0, ""bonus_rush_td_qb"": 0.01, ""cmp_pct"": 62.69, ""def_fum_td"": 0.0, ""fum"": 0.41, ""fum_lost"": 0.18, ""gp"": 1.0, ""pass_2pt"": 0.11, ""pass_att"": 31.77, ""pass_cmp"": 19.91, ""pass_cmp_40p"": 0.41, ""pass_fd"": 24.61, ""pass_inc"": 11.85, ""pass_int"": 0.6, ""pass_int_td"": 0.0, ""pass_sack"": 2.56, ""pass_td"": 1.74, ""pass_yd"": 246.09, ""pos_adp_dd_ppr"": 20.0, ""pts_half_ppr"": 16.45, ""pts_ppr"": 16.45, ""pts_std"": 16.45, ""rush_2pt"": 0.0, ""rush_40p"": 0.01, ""rush_att"": 1.34, ""rush_fd"": 0.32, ""rush_td"": 0.01, ""rush_yd"": 3.21}"
4227,,K,KC,LV,8.45,8.45,8.45,"{""adp_dd_ppr"": 999.0, ""fga"": 2.27, ""fgm"": 1.94, ""fgm_20_29"": 0.33, ""fgm_30_39"": 0.5, ""fgm_40_49"": 0.44, ""fgm_50p"": 0.33, ""fgm_yds"": 67.29, ""fgmiss_30_39"": 0.04, ""fgmiss_40_49"": 0.04, ""fgmiss_50p"": 0.13, ""gp"": 1.0, ""pos_adp_dd_ppr"": 999.0, ""pts_half_ppr"": 8.45, ""pts_ppr"": 8.45, ""pts_std"": 8.45, ""xpa"": 2.8, ""xpm"": 2.67, ""xpmiss"": 0.13}"
4995,,TE,LV,KC,0.49,0.37,0.26,"{""adp_dd_ppr"": 357.0, ""bonus_rec_te"": 0.23, ""def_fum_td"": 0.0, ""fum"": 0.0, ""fum_lost"": 0.0, ""gp"": 1.0, ""pos_adp_dd_ppr"": 85.0, ""pts_half_ppr"": 0.37, ""pts_ppr"": 0.49, ""pts_std"": 0.26, ""rec"": 0.23, ""rec_0_4"": 0.05, ""rec_10_19"": 0.07, ""rec_20_29"": 0.05, ""rec_2pt"": 0.0, ""rec_30_39"": 0.02, ""rec_40p"": 0.02, ""rec_5_9"": 0.05, ""rec_fd"": 0.18, ""rec_td"": 0.01, ""rec_tgt"": 0.31, ""rec_yd"": 1.85}"
5012,,TE,BAL,TEN,8.53,6.74,4.95,"{""adp_dd_ppr"": 130.0, ""bonus_rec_te"": 3.58, ""def_fum_td"": 0.0, ""fum"": 0.04, ""fum_lost"": 0.02, ""gp"": 1.0, ""pos_adp_dd_ppr"": 21.0, ""pts_half_ppr"": 6.74, ""pts_ppr"": 8.53, ""pts_std"": 4.95, ""rec"": 3.58, ""rec_0_4"": 0.72, ""rec_10_19"": 1.07, ""rec_20_29"": 0.72, ""rec_2pt"": 0.01, ""rec_30_39"": 0.36, ""rec_40p"": 0.36, ""rec_5_9"": 0.72, ""rec_fd"": 3.98, ""rec_td"": 0.14, ""rec_tgt"": 4.52, ""rec_yd"": 39.85, ""rush_2pt"": 0.0, ""rush_40p"": 0.0, ""rush_att"": 0.26, ""rush_fd"": 0.1, ""rush_td"": 0.01, ""rush_yd"": 1.04}"
5086,,WR,LAC,SEA,0.71,0.58,0.45,"{""adp_dd_ppr"": 316.0, ""bonus_rec_wr"": 0.26, ""def_fum_td"": 0.0, ""fum"": 0.0, ""fum_lost"": 0.0, ""gp"": 1.0, ""pos_adp_dd_ppr"": 137.0, ""pts_half_ppr"": 0.58, ""pts_ppr"": 0.71, ""pts_std"": 0.45, ""rec"": 0.26, ""rec_0_4"": 0.05, ""rec_10_19"": 0.08, ""rec_20_29"": 0.05, ""rec_2pt"": 0.0, ""rec_30_39"": 0.03, ""rec_40p"": 0.03, ""rec_5_9"": 0.05, ""rec_fd"": 0.32, ""rec_td"": 0.02, ""rec_tgt"": 0.63, ""rec_yd"": 3.21, ""rush_2pt"": 0.0, ""rush_40p"": 0.0}"
5119,,K,NYJ,CHI,6.58,6.58,6.58,"{""adp_dd_ppr"": 999.0, ""fga"": 1.83, ""fgm"": 1.53, ""fgm_20_29"": 0.33, ""fgm_30_39"": 0.38, ""fgm_40_49"": 0.38, ""fgm_50p"": 0.19, ""fgm_yds"": 52.96, ""fgmiss_30_39"": 0.04, ""fgmiss_40_49"": 0.04, ""fgmiss_50p"": 0.13, ""gp"": 1.0, ""pos_adp_dd_ppr"": 999.0, ""pts_half_ppr"": 6.58, ""pts_ppr"": 6.58, ""pts_std"": 6.58, ""xpa"": 2.06, ""xpm"": 2.0, ""xpmiss"": 0.06}"
5189,,K,SF,DEN,8.33,8.33,8.33,"{""adp_dd_ppr"": 999.0, ""fga"": 2.22, ""fgm"": 1.89, ""fgm_20_29"": 0.32, ""fgm_30_39"": 0.49, ""fgm_40_49"": 0.43, ""fgm_50p"": 0.32, ""fgm_yds"": 65.79, ""fgmiss_30_39"": 0.04, ""fgmiss_40_49"": 0.04, ""fgmiss_50p"": 0.12, ""gp"": 1.0, ""pos_adp_dd_ppr"": 999.0, ""pts_half_ppr"": 8.33, ""pts_ppr"": 8.33, ""pts_std"": 8.33, ""xpa"": 2.81, ""xpm"": 2.68, ""xpmiss"": 0.13}"
5844,,TE,MIN,MIA,8.4,6.69,4.98,"{""adp_dd_ppr"": 133.0, ""bonus_rec_te"": 3.42, ""def_fum_td"": 0.0, ""fum"": 0.03, ""fum_lost"": 0.01, ""gp"": 1.0, ""pos_adp_dd_ppr"": 22.0, ""pts_half_ppr"": 6.69, ""pts_ppr"": 8.4, ""pts_std"": 4.98, ""rec"": 3.42, ""rec_0_4"": 0.68, ""rec_10_19"": 1.03, ""rec_20_29"": 0.68, ""rec_2pt"": 0.01, ""rec_30_39"": 0.34, ""rec_40p"": 0.34, ""rec_5_9"": 0.68, ""rec_fd"": 3.42, ""rec_td"": 0.26, ""rec_tgt"": 4.35, ""rec_yd"": 34.16}"
5985,,TE,HOU,DAL,3.43,2.77,2.12,"{""adp_dd_ppr"": 229.0, ""bonus_rec_te"": 1.31, ""def_fum_td"": 0.0, ""fum"": 0.01, ""fum_lost"": 0.0, ""gp"": 1.0, ""pos_adp_dd_ppr"": 39.0, ""pts_half_ppr"": 2.77, ""pts_ppr"": 3.43, ""pts_std"": 2.12, ""rec"": 1.31, ""rec_0_4"": 0.26, ""rec_10_19"": 0.39, ""rec_20_29"": 0.26, ""rec_2pt"": 0.01, ""rec_30_39"": 0.13, ""rec_40p"": 0.13, ""rec_5_9"": 0.26, ""rec_fd"": 1.41, ""rec_td"": 0.12, ""rec_tgt"": 1.61, ""rec_yd"": 14.13}"
6149,,WR,IND,WAS,1.82,1.53,1.25,"{""adp_dd_ppr"": 270.0, ""bonus_rec_wr"": 0.57, ""def_fum_td"": 0.0, ""fum"": 0.01, ""fum_lost"": 0.0, ""gp"": 1.0, ""pos_adp_dd_ppr"": 119.0, ""pts_half_ppr"": 1.53, ""pts_ppr"": 1.82, ""pts_std"": 1.25, ""rec"": 0.57, ""rec_0_4"": 0.11, ""rec_10_19"": 0.17, ""rec_20_29"": 0.11, ""rec_2pt"": 0.0, ""rec_30_39"": 0.06, ""rec_40p"": 0.06, ""rec_5_9"": 0.11, ""rec_fd"": 0.95, ""rec_td"": 0.05, ""rec_tgt"": 1.19, ""rec_yd"": 9.48}"
6427,,WR,IND,WAS,1.1,0.95,0.8,"{""adp_dd_ppr"": 293.0, ""bonus_rec_wr"": 0.31, ""def_fum_td"": 0.0, ""def_kr_yd"": 16.96, ""fum"": 0.0, ""fum_lost"": 0.0, ""gp"": 1.0, ""pos_adp_dd_ppr"": 125.0, ""pts_half_ppr"": 0.95, ""pts_ppr"": 1.1, ""pts_std"": 0.8, ""rec"": 0.31, ""rec_0_4"": 0.06, ""rec_10_19"": 0.09, ""rec_20_29"": 0.06, ""rec_2pt"": 0.0, ""rec_30_39"": 0.03, ""rec_40p"": 0.03, ""rec_5_9"": 0.06, ""rec_fd"": 0.48, ""rec_td"": 0.04, ""rec_tgt"": 0.62, ""rec_yd"": 4.81, ""rush_2pt"": 0.0, ""rush_40p"": 0.0, ""rush_att"": 0.08, ""rush_fd"": 0.06, ""rush_td"": 0.0, ""rush_yd"": 0.55}"
6528,,K,TEN,BAL,6.1,6.1,6.1,"{""adp_dd_ppr"": 999.0, ""fga"": 1.71, ""fgm"": 1.43, ""fgm_20_29"": 0.28, ""fgm_30_39"": 0.37, ""fgm_40_49"": 0.32, ""fgm_50p"": 0.23, ""fgm_yds"": 49.85, ""fgmiss_30_39"": 0.04, ""fgmiss_40_49"": 0.04, ""fgmiss_50p"": 0.12, ""gp"": 1.0, ""pos_adp_dd_ppr"": 999.0, ""pts_half_ppr"": 6.1, ""pts_ppr"": 6.1, ""pts_std"": 6.1, ""xpa"": 1.82, ""xpm"": 1.76, ""xpmiss"": 0.06}"
7039,,WR,LV,KC,3.26,2.79,2.33,"{""adp_dd_ppr"": 222.0, ""bonus_rec_wr"": 0.93, ""def_fum_td"": 0.0, ""def_kr_yd"": 6.36, ""fum"": 0.01, ""fum_lost"": 0.0, ""gp"": 1.0, ""pos_adp_dd_ppr"": 94.0, ""pts_half_ppr"": 2.79, ""pts_ppr"": 3.26, ""pts_std"": 2.33, ""rec"": 0.93, ""rec_0_4"": 0.19, ""rec_10_19"": 0.28, ""rec_20_29"": 0.19, ""rec_2pt"": 0.01, ""rec_30_39"": 0.09, ""rec_40p"": 0.09, ""rec_5_9"": 0.19, ""rec_fd"": 1.13, ""rec_td"": 0.2, ""rec_tgt"": 1.55, ""rec_yd"": 11.28}"
7204,,RB,NE,BUF,0.27,0.22,0.18,"{""adp_dd_ppr"": 386.0, ""gp"": 1.0, ""pos_adp_dd_ppr"": 92.0, ""pts_half_ppr"": 0.22, ""pts_ppr"": 0.27, ""pts_std"": 0.18, ""rec"": 0.09, ""rec_0_4"": 0.02, ""rec_10_19"": 0.03, ""rec_20_29"": 0.02, ""rec_30_39"": 0.01, ""rec_40p"": 0.01, ""rec_5_9"": 0.02, ""rec_fd"": 0.08, ""rec_td"": 0.01, ""rec_tgt"": 0.13, ""rec_yd"": 0.85, ""rush_att"": 0.1, ""rush_fd"": 0.05, ""rush_td"": 0.0, ""rush_yd"": 0.47}"
7523,,QB,JAX,CIN,20.05,20.05,20.05,"{""adp_dd_ppr"": 52.0, ""bonus_rush_td_qb"": 0.27, ""cmp_pct"": 61.74, ""def_fum_td"": 0.0, ""fum"": 0.45, ""fum_lost"": 0.2, ""gp"": 1.0, ""pass_2pt"": 0.13, ""pass_att"": 34.34, ""pass_cmp"": 21.2, ""pass_cmp_40p"": 0.44, ""pass_fd"": 27.86, ""pass_inc"": 13.14, ""pass_int"": 0.99, ""pass_int_td"": 0.0, ""pass_sack"": 2.82, ""pass_td"": 1.55, ""pass_yd"": 278.65, ""pos_adp_dd_ppr"": 4.0, ""pts_half_ppr"": 20.05, ""pts_ppr"": 20.05, ""pts_std"": 20.05, ""rush_2pt"": 0.02, ""rush_40p"": 0.05, ""rush_att"": 4.41, ""rush_fd"": 2.2, ""rush_td"": 0.27, ""rush_yd"": 21.97}"
7536,,TE,JAX,CIN,0.53,0.43,0.32,"{""adp_dd_ppr"": 354.0, ""bonus_rec_te"": 0.21, ""def_fum_td"": 0.0, ""fum"": 0.0, ""fum_lost"": 0.0, ""gp"": 1.0, ""pos_adp_dd_ppr"": 83.0, ""pts_half_ppr"": 0.43, ""pts_ppr"": 0.53, ""pts_std"": 0.32, ""rec"": 0.21, ""rec_0_4"": 0.04, ""rec_10_19"": 0.06, ""rec_20_29"": 0.04, ""rec_2pt"": 0.0, ""rec_30_39"": 0.02, ""rec_40p"": 0.02, ""rec_5_9"": 0.04, ""rec_fd"": 0.22, ""rec_td"": 0.02, ""rec_tgt"": 0.3, ""rec_yd"": 2.21}"
7569,,WR,HOU,DAL,18.53,15.76,12.99,"{""adp_dd_ppr"": 8.0, ""bonus_rec_wr"": 5.54, ""def_fum_td"": 0.0, ""fum"": 0.05, ""fum_lost"": 0.02, ""gp"": 1.0, ""pos_adp_dd_ppr"": 3.0, ""pts_half_ppr"": 15.76, ""pts_ppr"": 18.53, ""pts_std"": 12.99, ""rec"": 5.54, ""rec_0_4"": 1.11, ""rec_10_19"": 1.66, ""rec_20_29"": 1.11, ""rec_2pt"": 0.04, ""rec_30_39"": 0.55, ""rec_40p"": 0.55, ""rec_5_9"": 1.11, ""rec_fd"": 8.87, ""rec_td"": 0.65, ""rec_tgt"": 8.36, ""rec_yd"": 88.7, ""rush_2pt"": 0.0, ""rush_40p"": 0.0, ""rush_att"": 0.22, ""rush_fd"": 0.12, ""rush_td"": 0.01, ""rush_yd"": 1.23}"
7587,,WR,WAS,IND,0.74,0.59,0.44,"{""adp_dd_ppr"": 314.0, ""bonus_rec_wr"": 0.3, ""def_fum_td"": 0.0, ""def_kr_yd"": 9.58, ""fum"": 0.0, ""fum_lost"": 0.0, ""gp"": 1.0, ""pos_adp_dd_ppr"": 135.0, ""pts_half_ppr"": 0.59, ""pts_ppr"": 0.74, ""pts_std"": 0.44, ""rec"": 0.3, ""rec_0_4"": 0.06, ""rec_10_19"": 0.09, ""rec_20_29"": 0.06, ""rec_2pt"": 0.0, ""rec_30_39"": 0.03, ""rec_40p"": 0.03, ""rec_5_9"": 0.06, ""rec_fd"": 0.37, ""rec_td"": 0.01, ""rec_tgt"": 0.59, ""rec_yd"": 3.67, ""rush_2pt"": 0.0, ""rush_40p"": 0.0, ""rush_att"": 0.02, ""rush_fd"": 0.01, ""rush_td"": 0.0, ""rush_yd"": 0.08}"
7594,,RB,CAR,DET,16.34,14.7,13.06,"{""adp_dd_ppr"": 27.0, ""bonus_rec_rb"": 3.29, ""def_fum_td"": 0.0, ""def_kr_yd"": 4.32, ""fum"": 0.15, ""fum_lost"": 0.07, ""gp"": 1.0, ""pos_adp_dd_ppr"": 11.0, ""pts_half_ppr"": 14.7, ""pts_ppr"": 16.34, ""pts_std"": 13.06, ""rec"": 3.29, ""rec_0_4"": 0.66, ""rec_10_19"": 0.99, ""rec_20_29"": 0.66, ""rec_2pt"": 0.02, ""rec_30_39"": 0.33, ""rec_40p"": 0.33, ""rec_5_9"": 0.66, ""rec_fd"": 2.16, ""rec_td"": 0.25, ""rec_tgt"": 3.66, ""rec_yd"": 21.59, ""rush_2pt"": 0.02, ""rush_40p"": 0.13, ""rush_att"": 13.18, ""rush_fd"": 6.76, ""rush_td"": 0.45, ""rush_yd"": 67.56}"
7611,,RB,NE,BUF,12.56,11.32,10.08,"{""adp_dd_ppr"": 62.0, ""bonus_rec_rb"": 2.48, ""def_fum_td"": 0.0, ""fum"": 0.1, ""fum_lost"": 0.05, ""gp"": 1.0, ""pos_adp_dd_ppr"": 23.0, ""pts_half_ppr"": 11.32, ""pts_ppr"": 12.56, ""pts_std"": 10.08, ""rec"": 2.48, ""rec_0_4"": 0.5, ""rec_10_19"": 0.74, ""rec_20_29"": 0.5, ""rec_2pt"": 0.01, ""rec_30_39"": 0.25, ""rec_40p"": 0.25, ""rec_5_9"": 0.5, ""rec_fd"": 1.93, ""rec_td"": 0.13, ""rec_tgt"": 2.91, ""rec_yd"": 19.29, ""rush_2pt"": 0.03, ""rush_40p"": 0.09, ""rush_att"": 9.25, ""rush_fd"": 4.92, ""rush_td"": 0.41, ""rush_yd"": 49.2}"
8121,,WR,NE,BUF,8.94,7.42,5.9,"{""adp_dd_ppr"": 108.0, ""bonus_rec_wr"": 3.04, ""def_fum_td"": 0.0, ""fum"": 0.03, ""fum_lost"": 0.01, ""gp"": 1.0, ""pos_adp_dd_ppr"": 48.0, ""pr"": 0.06, ""pr_yd"": 0.67, ""pts_half_ppr"": 7.42, ""pts_ppr"": 8.94, ""pts_std"": 5.9, ""rec"": 3.04, ""rec_0_4"": 0.61, ""rec_10_19"": 0.91, ""rec_20_29"": 0.61, ""rec_2pt"": 0.01, ""rec_30_39"": 0.3, ""rec_40p"": 0.3, ""rec_5_9"": 0.61, ""rec_fd"": 4.85, ""rec_td"": 0.18, ""rec_tgt"": 4.94, ""rec_yd"": 48.45}"
8137,,WR,DAL,HOU,14.64,12.1,9.55,"{""adp_dd_ppr"": 31.0, ""bonus_rec_wr"": 5.09, ""def_fum_td"": 0.0, ""fum"": 0.05, ""fum_lost"": 0.02, ""gp"": 1.0, ""pos_adp_dd_ppr"": 16.0, ""pts_half_ppr"": 12.1, ""pts_ppr"": 14.64, ""pts_std"": 9.55, ""rec"": 5.09, ""rec_0_4"": 1.02, ""rec_10_19"": 1.53, ""rec_20_29"": 1.02, ""rec_2pt"": 0.02, ""rec_30_39"": 0.51, ""rec_40p"": 0.51, ""rec_5_9"": 1.02, ""rec_fd"": 7.69, ""rec_td"": 0.31, ""rec_tgt"": 8.06, ""rec_yd"": 76.87, ""rush_2pt"": 0.0, ""rush_40p"": 0.0, ""rush_att"": 0.05, ""rush_fd"": 0.02, ""rush_td"": 0.0, ""rush_yd"": 0.2}"
8147,,WR,CAR,DET,1.04,0.83,0.62,"{""adp_dd_ppr"": 298.0, ""bonus_rec_wr"": 0.42, ""def_fum_td"": 0.0, ""def_kr_yd"": 4.56, ""fum"": 0.0, ""fum_lost"": 0.0, ""gp"": 1.0, ""pos_adp_dd_ppr"": 129.0, ""pr"": 0.13, ""pr_yd"": 1.77, ""pts_half_ppr"": 0.83, ""pts_ppr"": 1.04, ""pts_std"": 0.62, ""rec"": 0.42, ""rec_0_4"": 0.08, ""rec_10_19"": 0.13, ""rec_20_29"": 0.08, ""rec_2pt"": 0.0, ""rec_30_39"": 0.04, ""rec_40p"": 0.04, ""rec_5_9"": 0.08, ""rec_fd"": 0.43, ""rec_td"": 0.03, ""rec_tgt"": 0.66, ""rec_yd"": 4.33, ""rush_2pt"": 0.0, ""rush_40p"": 0.0, ""rush_att"": 0.01, ""rush_fd"": 0.0, ""rush_td"": 0.0, ""rush_yd"": 0.03}"
8167,,WR,GB,TB,15.25,13.17,11.08,"{""adp_dd_ppr"": 28.0, ""bonus_rec_wr"": 4.17, ""def_fum_td"": 0.0, ""fum"": 0.04, ""fum_lost"": 0.02, ""gp"": 1.0, ""pos_adp_dd_ppr"": 15.0, ""pts_half_ppr"": 13.17, ""pts_ppr"": 15.25, ""pts_std"": 11.08, ""rec"": 4.17, ""rec_0_4"": 0.83, ""rec_10_19"": 1.25, ""rec_20_29"": 0.83, ""rec_2pt"": 0.04, ""rec_30_39"": 0.42, ""rec_40p"": 0.42, ""rec_5_9"": 0.83, ""rec_fd"": 7.06, ""rec_td"": 0.65, ""rec_tgt"": 7.03, ""rec_yd"": 70.56, ""rush_2pt"": 0.0, ""rush_40p"": 0.0, ""rush_att"": 0.11, ""rush_fd"": 0.05, ""rush_td"": 0.0, ""rush_yd"": 0.52}"
8207,,RB,DAL,HOU,3.52,3.01,2.5,"{""adp_dd_ppr"": 241.0, ""bonus_rec_rb"": 1.02, ""def_fum_td"": 0.0, ""def_kr_yd"": 6.25, ""fum"": 0.04, ""fum_lost"": 0.02, ""gp"": 1.0, ""pos_adp_dd_ppr"": 63.0, ""pts_half_ppr"": 3.01, ""pts_ppr"": 3.52, ""pts_std"": 2.5, ""rec"": 1.02, ""rec_0_4"": 0.2, ""rec_10_19"": 0.31, ""rec_20_29"": 0.2, ""rec_2pt"": 0.0, ""rec_30_39"": 0.1, ""rec_40p"": 0.1, ""rec_5_9"": 0.2, ""rec_fd"": 0.65, ""rec_td"": 0.04, ""rec_tgt"": 1.22, ""rec_yd"": 6.51, ""rush_2pt"": 0.0, ""rush_40p"": 0.03, ""rush_att"": 3.12, ""rush_fd"": 1.16, ""rush_td"": 0.07, ""rush_yd"": 11.63}"
8208,,RB,DEN,SF,3.15,2.56,1.98,"{""adp_dd_ppr"": 263.0, ""bonus_rec_rb"": 1.17, ""def_fum_td"": 0.0, ""def_kr_yd"": 16.25, ""fum"": 0.02, ""fum_lost"": 0.01, ""gp"": 1.0, ""pos_adp_dd_ppr"": 67.0, ""pts_half_ppr"": 2.56, ""pts_ppr"": 3.15, ""pts_std"": 1.98, ""rec"": 1.17, ""rec_0_4"": 0.23, ""rec_10_19"": 0.35, ""rec_20_29"": 0.23, ""rec_2pt"": 0.0, ""rec_30_39"": 0.12, ""rec_40p"": 0.12, ""rec_5_9"": 0.23, ""rec_fd"": 0.89, ""rec_td"": 0.07, ""rec_tgt"": 1.56, ""rec_yd"": 8.85, ""rush_2pt"": 0.0, ""rush_40p"": 0.01, ""rush_att"": 1.15, ""rush_fd"": 0.47, ""rush_td"": 0.04, ""rush_yd"": 4.73}"
8489,,TE,IND,WAS,0.7,0.57,0.44,"{""adp_dd_ppr"": 343.0, ""bonus_rec_te"": 0.26, ""def_fum_td"": 0.0, ""fum"": 0.0, ""fum_lost"": 0.0, ""gp"": 1.0, ""pos_adp_dd_ppr"": 82.0, ""pts_half_ppr"": 0.57, ""pts_ppr"": 0.7, ""pts_std"": 0.44, ""rec"": 0.26, ""rec_0_4"": 0.05, ""rec_10_19"": 0.08, ""rec_20_29"": 0.05, ""rec_2pt"": 0.0, ""rec_30_39"": 0.03, ""rec_40p"": 0.03, ""rec_5_9"": 0.05, ""rec_fd"": 0.28, ""rec_td"": 0.03, ""rec_tgt"": 0.39, ""rec_yd"": 2.84}"
9484,,TE,GB,TB,10.54,8.59,6.64,"{""adp_dd_ppr"": 87.0, ""bonus_rec_te"": 3.91, ""def_fum_td"": 0.0, ""fum"": 0.03, ""fum_lost"": 0.01, ""gp"": 1.0, ""pos_adp_dd_ppr"": 11.0, ""pts_half_ppr"": 8.59, ""pts_ppr"": 10.54, ""pts_std"": 6.64, ""rec"": 3.91, ""rec_0_4"": 0.78, ""rec_10_19"": 1.17, ""rec_20_29"": 0.78, ""rec_2pt"": 0.02, ""rec_30_39"": 0.39, ""rec_40p"": 0.39, ""rec_5_9"": 0.78, ""rec_fd"": 4.7, ""rec_td"": 0.32, ""rec_tgt"": 5.51, ""rec_yd"": 46.99}"
9508,,RB,TEN,BAL,8.16,6.97,5.77,"{""adp_dd_ppr"": 147.0, ""bonus_rec_rb"": 2.39, ""def_fum_td"": 0.0, ""def_kr_yd"": 3.97, ""fum"": 0.07, ""fum_lost"": 0.03, ""gp"": 1.0, ""pos_adp_dd_ppr"": 34.0, ""pts_half_ppr"": 6.97, ""pts_ppr"": 8.16, ""pts_std"": 5.77, ""rec"": 2.39, ""rec_0_4"": 0.48, ""rec_10_19"": 0.72, ""rec_20_29"": 0.48, ""rec_2pt"": 0.0, ""rec_30_39"": 0.24, ""rec_40p"": 0.24, ""rec_5_9"": 0.48, ""rec_fd"": 1.57, ""rec_td"": 0.04, ""rec_tgt"": 2.63, ""rec_yd"": 15.67, ""rush_2pt"": 0.01, ""rush_40p"": 0.06, ""rush_att"": 6.48, ""rush_fd"": 2.42, ""rush_td"": 0.26, ""rush_yd"": 24.21}"
9756,,WR,MIN,MIA,10.84,9.17,7.49,"{""adp_dd_ppr"": 76.0, ""bonus_rec_wr"": 3.35, ""def_fum_td"": 0.0, ""fum"": 0.03, ""fum_lost"": 0.01, ""gp"": 1.0, ""pos_adp_dd_ppr"": 34.0, ""pts_half_ppr"": 9.17, ""pts_ppr"": 10.84, ""pts_std"": 7.49, ""rec"": 3.35, ""rec_0_4"": 0.67, ""rec_10_19"": 1.01, ""rec_20_29"": 0.67, ""rec_2pt"": 0.01, ""rec_30_39"": 0.34, ""rec_40p"": 0.34, ""rec_5_9"": 0.67, ""rec_fd"": 4.86, ""rec_td"": 0.33, ""rec_tgt"": 5.79, ""rec_yd"": 48.57, ""rush_2pt"": 0.0, ""rush_40p"": 0.0, ""rush_att"": 0.45, ""rush_fd"": 0.45, ""rush_td"": 0.03, ""rush_yd"": 4.47}"
NE,,DEF,NE,BUF,5.66,5.66,5.66,"{""adp_dd_ppr"": 999.0, ""blk_kick"": 0.05, ""def_fum_td"": 0.05, ""def_kr_yd"": 69.56, ""def_pr_td"": 0.05, ""def_pr_yd"": 82.33, ""def_td"": 0.09, ""ff"": 0.64, ""fum_rec"": 0.46, ""gp"": 1.0, ""int"": 0.59, ""pass_int_td"": 0.05, ""pos_adp_dd_ppr"": 999.0, ""pr_td"": 0.05, ""pr_yd"": 12.77, ""pts_allow"": 27.5, ""pts_allow_21_27"": 1.0, ""pts_half_ppr"": 5.66, ""pts_ppr"": 5.66, ""pts_std"": 5.66, ""sack"": 2.01, ""st_td"": 0.05, ""tkl_loss"": 3.83, ""yds_allow"": 384.72, ""yds_allow_350_399"": 1.0}"
WAS,,DEF,WAS,IND,6.14,6.14,6.14,"{""adp_dd_ppr"": 999.0, ""blk_kick"": 0.07, ""def_kr_yd"": 126.15, ""def_pr_yd"": 143.2, ""def_td"": 0.07, ""ff"": 0.61, ""fum_rec"": 0.48, ""gp"": 1.0, ""int"": 0.68, ""pass_int_td"": 0.07, ""pos_adp_dd_ppr"": 999.0, ""pr_yd"": 17.05, ""pts_allow"": 25.25, ""pts_allow_21_27"": 1.0, ""pts_half_ppr"": 6.14, ""pts_ppr"": 6.14, ""pts_std"": 6.14, ""sack"": 2.66, ""tkl_loss"": 4.77, ""yds_allow"": 343.53, ""yds_allow_300_349"": 1.0}"
10218,,WR,HOU,DAL,5.65,4.65,3.66,"{""adp_dd_ppr"": 177.0, ""bonus_rec_wr"": 1.99, ""def_fum_td"": 0.0, ""fum"": 0.02, ""fum_lost"": 0.01, ""gp"": 1.0, ""pos_adp_dd_ppr"": 74.0, ""pts_half_ppr"": 4.65, ""pts_ppr"": 5.65, ""pts_std"": 3.66, ""rec"": 1.99, ""rec_0_4"": 0.4, ""rec_10_19"": 0.6, ""rec_20_29"": 0.4, ""rec_2pt"": 0.0, ""rec_30_39"": 0.2, ""rec_40p"": 0.2, ""rec_5_9"": 0.4, ""rec_fd"": 2.98, ""rec_td"": 0.11, ""rec_tgt"": 3.55, ""rec_yd"": 29.76, ""rush_2pt"": 0.0, ""rush_40p"": 0.0, ""rush_att"": 0.07, ""rush_fd"": 0.04, ""rush_td"": 0.0, ""rush_yd"": 0.4}"
11034,,WR,ARI,NYG,0.33,0.26,0.2,"{""adp_dd_ppr"": 338.0, ""bonus_rec_wr"": 0.12, ""def_fum_td"": 0.0, ""def_kr_yd"": 16.32, ""fum"": 0.0, ""fum_lost"": 0.0, ""gp"": 1.0, ""pos_adp_dd_ppr"": 152.0, ""pts_half_ppr"": 0.26, ""pts_ppr"": 0.33, ""pts_std"": 0.2, ""rec"": 0.12, ""rec_0_4"": 0.02, ""rec_10_19"": 0.04, ""rec_20_29"": 0.02, ""rec_2pt"": 0.0, ""rec_30_39"": 0.01, ""rec_40p"": 0.01, ""rec_5_9"": 0.02, ""rec_fd"": 0.15, ""rec_td"": 0.01, ""rec_tgt"": 0.23, ""rec_yd"": 1.46}"
11593,,TE,DAL,HOU,1.25,0.99,0.73,"{""adp_dd_ppr"": 310.0, ""bonus_rec_te"": 0.51, ""def_fum_td"": 0.0, ""fum"": 0.0, ""fum_lost"": 0.0, ""gp"": 1.0, ""pos_adp_dd_ppr"": 72.0, ""pts_half_ppr"": 0.99, ""pts_ppr"": 1.25, ""pts_std"": 0.73, ""rec"": 0.51, ""rec_0_4"": 0.1, ""rec_10_19"": 0.15, ""rec_20_29"": 0.1, ""rec_2pt"": 0.0, ""rec_30_39"": 0.05, ""rec_40p"": 0.05, ""rec_5_9"": 0.1, ""rec_fd"": 0.58, ""rec_td"": 0.03, ""rec_tgt"": 0.74, ""rec_yd"": 5.78}"
11624,,WR,KC,LV,9.69,8.1,6.51,"{""adp_dd_ppr"": 95.0, ""bonus_rec_wr"": 3.18, ""def_fum_td"": 0.0, ""def_kr_yd"": 1.92, ""fum"": 0.04, ""fum_lost"": 0.02, ""gp"": 1.0, ""pos_adp_dd_ppr"": 43.0, ""pr"": 0.07, ""pr_yd"": 0.73, ""pts_half_ppr"": 8.1, ""pts_ppr"": 9.69, ""pts_std"": 6.51, ""rec"": 3.18, ""rec_0_4"": 0.64, ""rec_10_19"": 0.96, ""rec_20_29"": 0.64, ""rec_2pt"": 0.02, ""rec_30_39"": 0.32, ""rec_40p"": 0.32, ""rec_5_9"": 0.64, ""rec_fd"": 3.81, ""rec_td"": 0.3, ""rec_tgt"": 5.83, ""rec_yd"": 38.15, ""rush_2pt"": 0.0, ""rush_40p"": 0.01, ""rush_att"": 1.09, ""rush_fd"": 0.55, ""rush_td"": 0.06, ""rush_yd"": 5.55}"
11625,,WR,NYJ,CHI,8.42,6.94,5.45,"{""adp_dd_ppr"": 125.0, ""bonus_rec_wr"": 2.96, ""def_fum_td"": 0.0, ""def_kr_yd"": 2.68, ""fum"": 0.03, ""fum_lost"": 0.01, ""gp"": 1.0, ""pos_adp_dd_ppr"": 57.0, ""pts_half_ppr"": 6.94, ""pts_ppr"": 8.42, ""pts_std"": 5.45, ""rec"": 2.96, ""rec_0_4"": 0.59, ""rec_10_19"": 0.89, ""rec_20_29"": 0.59, ""rec_2pt"": 0.01, ""rec_30_39"": 0.3, ""rec_40p"": 0.3, ""rec_5_9"": 0.59, ""rec_fd"": 4.6, ""rec_td"": 0.14, ""rec_tgt"": 5.71, ""rec_yd"": 45.99, ""rush_2pt"": 0.0, ""rush_40p"": 0.0, ""rush_att"": 0.05, ""rush_fd"": 0.02, ""rush_td"": 0.0, ""rush_yd"": 0.2}"
11629,,WR,BAL,TEN,3.33,2.89,2.45,"{""adp_dd_ppr"": 220.0, ""bonus_rec_wr"": 0.88, ""def_fum_td"": 0.0, ""fum"": 0.01, ""fum_lost"": 0.0, ""gp"": 1.0, ""pos_adp_dd_ppr"": 93.0, ""pts_half_ppr"": 2.89, ""pts_ppr"": 3.33, ""pts_std"": 2.45, ""rec"": 0.88, ""rec_0_4"": 0.18, ""rec_10_19"": 0.26, ""rec_20_29"": 0.18, ""rec_2pt"": 0.01, ""rec_30_39"": 0.09, ""rec_40p"": 0.09, ""rec_5_9"": 0.18, ""rec_fd"": 1.71, ""rec_td"": 0.11, ""rec_tgt"": 1.5, ""rec_yd"": 17.14, ""rush_2pt"": 0.0, ""rush_40p"": 0.0, ""rush_att"": 0.07, ""rush_fd"": 0.03, ""rush_td"": 0.0, ""rush_yd"": 0.29}"
12485,,WR,TB,GB,2.64,2.2,1.75,"{""adp_dd_ppr"": 237.0, ""bonus_rec_wr"": 0.89, ""def_fum_td"": 0.0, ""def_kr_yd"": 1.89, ""fum"": 0.01, ""fum_lost"": 0.0, ""gp"": 1.0, ""pos_adp_dd_ppr"": 100.0, ""pts_half_ppr"": 2.2, ""pts_ppr"": 2.64, ""pts_std"": 1.75, ""rec"": 0.89, ""rec_0_4"": 0.18, ""rec_10_19"": 0.27, ""rec_20_29"": 0.18, ""rec_2pt"": 0.0, ""rec_30_39"": 0.09, ""rec_40p"": 0.09, ""rec_5_9"": 0.18, ""rec_fd"": 1.24, ""rec_td"": 0.08, ""rec_tgt"": 1.67, ""rec_yd"": 12.42, ""rush_2pt"": 0.0, ""rush_40p"": 0.0, ""rush_att"": 0.1, ""rush_fd"": 0.03, ""rush_td"": 0.0, ""rush_yd"": 0.35}"
12491,,RB,NE,BUF,0.58,0.56,0.53,"{""adp_dd_ppr"": 379.0, ""bonus_rec_rb"": 0.05, ""gp"": 1.0, ""pos_adp_dd_ppr"": 85.0, ""pts_half_ppr"": 0.56, ""pts_ppr"": 0.58, ""pts_std"": 0.53, ""rec"": 0.05, ""rec_0_4"": 0.01, ""rec_10_19"": 0.01, ""rec_20_29"": 0.01, ""rec_30_39"": 0.0, ""rec_40p"": 0.0, ""rec_5_9"": 0.01, ""rec_fd"": 0.04, ""rec_td"": 0.0, ""rec_tgt"": 0.06, ""rec_yd"": 0.4, ""rush_att"": 0.77, ""rush_fd"": 0.35, ""rush_td"": 0.02, ""rush_yd"": 3.48}"
12498,,TE,NYJ,CHI,2.62,2.01,1.4,"{""adp_dd_ppr"": 257.0, ""bonus_rec_te"": 1.22, ""def_fum_td"": 0.0, ""fum"": 0.01, ""fum_lost"": 0.0, ""gp"": 1.0, ""pos_adp_dd_ppr"": 50.0, ""pts_half_ppr"": 2.01, ""pts_ppr"": 2.62, ""pts_std"": 1.4, ""rec"": 1.22, ""rec_0_4"": 0.24, ""rec_10_19"": 0.37, ""rec_20_29"": 0.24, ""rec_2pt"": 0.0, ""rec_30_39"": 0.12, ""rec_40p"": 0.12, ""rec_5_9"": 0.24, ""rec_fd"": 1.06, ""rec_td"": 0.06, ""rec_tgt"": 1.59, ""rec_yd"": 10.56}"
12518,,TE,IND,WAS,11.93,9.57,7.2,"{""adp_dd_ppr"": 63.0, ""bonus_rec_te"": 4.72, ""def_fum_td"": 0.0, ""fum"": 0.05, ""fum_lost"": 0.02, ""gp"": 1.0, ""pos_adp_dd_ppr"": 5.0, ""pts_half_ppr"": 9.57, ""pts_ppr"": 11.93, ""pts_std"": 7.2, ""rec"": 4.72, ""rec_0_4"": 0.94, ""rec_10_19"": 1.42, ""rec_20_29"": 0.94, ""rec_2pt"": 0.02, ""rec_30_39"": 0.47, ""rec_40p"": 0.47, ""rec_5_9"": 0.94, ""rec_fd"": 4.33, ""rec_td"": 0.45, ""rec_tgt"": 6.7, ""rec_yd"": 43.29, ""rush_2pt"": 0.0, ""rush_40p"": 0.0, ""rush_att"": 0.31, ""rush_fd"": 0.13, ""rush_td"": 0.01, ""rush_yd"": 1.32}"
12536,,WR,HOU,DAL,2.15,1.82,1.48,"{""adp_dd_ppr"": 258.0, ""bonus_rec_wr"": 0.67, ""def_fum_td"": 0.0, ""def_kr_yd"": 25.05, ""fum"": 0.01, ""fum_lost"": 0.0, ""gp"": 1.0, ""pos_adp_dd_ppr"": 110.0, ""pr"": 0.59, ""pr_yd"": 6.07, ""pts_half_ppr"": 1.82, ""pts_ppr"": 2.15, ""pts_std"": 1.48, ""rec"": 0.67, ""rec_0_4"": 0.13, ""rec_10_19"": 0.2, ""rec_20_29"": 0.13, ""rec_2pt"": 0.0, ""rec_30_39"": 0.07, ""rec_40p"": 0.07, ""rec_5_9"": 0.13, ""rec_fd"": 1.0, ""rec_td"": 0.07, ""rec_tgt"": 0.97, ""rec_yd"": 10.04, ""rush_2pt"": 0.0, ""rush_40p"": 0.0, ""rush_att"": 0.08, ""rush_fd"": 0.04, ""rush_td"": 0.0, ""rush_yd"": 0.41}"
12544,,RB,JAX,CIN,1.91,1.55,1.19,"{""adp_dd_ppr"": 304.0, ""bonus_rec_rb"": 0.72, ""def_fum_td"": 0.0, ""def_kr_yd"": 36.69, ""fum"": 0.01, ""fum_lost"": 0.01, ""gp"": 1.0, ""pos_adp_dd_ppr"": 73.0, ""pts_half_ppr"": 1.55, ""pts_ppr"": 1.91, ""pts_std"": 1.19, ""rec"": 0.72, ""rec_0_4"": 0.14, ""rec_10_19"": 0.22, ""rec_20_29"": 0.14, ""rec_2pt"": 0.0, ""rec_30_39"": 0.07, ""rec_40p"": 0.07, ""rec_5_9"": 0.14, ""rec_fd"": 0.55, ""rec_td"": 0.03, ""rec_tgt"": 0.89, ""rec_yd"": 5.54, ""rush_2pt"": 0.0, ""rush_40p"": 0.01, ""rush_att"": 0.77, ""rush_fd"": 0.34, ""rush_td"": 0.02, ""rush_yd"": 3.4}"
12711,,K,BAL,TEN,8.22,8.22,8.22,"{""adp_dd_ppr"": 999.0, ""fga"": 2.19, ""fgm"": 1.87, ""fgm_20_29"": 0.32, ""fgm_30_39"": 0.48, ""fgm_40_49"": 0.48, ""fgm_50p"": 0.27, ""fgm_yds"": 64.82, ""fgmiss_30_39"": 0.04, ""fgmiss_40_49"": 0.04, ""fgmiss_50p"": 0.12, ""gp"": 1.0, ""pos_adp_dd_ppr"": 999.0, ""pts_half_ppr"": 8.22, ""pts_ppr"": 8.22, ""pts_std"": 8.22, ""xpa"": 2.83, ""xpm"": 2.7, ""xpmiss"": 0.13}"
13075,,WR,MIN,MIA,0.1,0.08,0.07,"{""adp_dd_ppr"": 353.0, ""bonus_rec_wr"": 0.04, ""def_kr_td"": 0.06, ""def_kr_yd"": 74.01, ""gp"": 1.0, ""pos_adp_dd_ppr"": 163.0, ""pr"": 1.42, ""pr_yd"": 14.95, ""pts_half_ppr"": 0.08, ""pts_ppr"": 0.1, ""pts_std"": 0.07, ""rec"": 0.04, ""rec_0_4"": 0.01, ""rec_10_19"": 0.01, ""rec_20_29"": 0.01, ""rec_30_39"": 0.0, ""rec_40p"": 0.0, ""rec_5_9"": 0.01, ""rec_fd"": 0.04, ""rec_td"": 0.0, ""rec_tgt"": 0.06, ""rec_yd"": 0.45}"
13273,,TE,BAL,TEN,0.88,0.7,0.52,"{""adp_dd_ppr"": 334.0, ""bonus_rec_te"": 0.36, ""def_fum_td"": 0.0, ""fum"": 0.0, ""fum_lost"": 0.0, ""gp"": 1.0, ""pos_adp_dd_ppr"": 77.0, ""pts_half_ppr"": 0.7, ""pts_ppr"": 0.88, ""pts_std"": 0.52, ""rec"": 0.36, ""rec_0_4"": 0.07, ""rec_10_19"": 0.11, ""rec_20_29"": 0.07, ""rec_2pt"": 0.0, ""rec_30_39"": 0.04, ""rec_40p"": 0.04, ""rec_5_9"": 0.07, ""rec_fd"": 0.4, ""rec_td"": 0.02, ""rec_tgt"": 0.43, ""rec_yd"": 3.96}"
13285,,WR,NYG,ARI,5.31,4.44,3.58,"{""adp_dd_ppr"": 183.0, ""bonus_rec_wr"": 1.73, ""def_fum_td"": 0.0, ""def_kr_yd"": 5.26, ""fum"": 0.02, ""fum_lost"": 0.01, ""gp"": 1.0, ""pos_adp_dd_ppr"": 77.0, ""pts_half_ppr"": 4.44, ""pts_ppr"": 5.31, ""pts_std"": 3.58, ""rec"": 1.73, ""rec_0_4"": 0.35, ""rec_10_19"": 0.52, ""rec_20_29"": 0.35, ""rec_2pt"": 0.01, ""rec_30_39"": 0.17, ""rec_40p"": 0.17, ""rec_5_9"": 0.35, ""rec_fd"": 2.36, ""rec_td"": 0.2, ""rec_tgt"": 3.39, ""rec_yd"": 23.65, ""rush_2pt"": 0.0, ""rush_40p"": 0.0, ""rush_att"": 0.05, ""rush_fd"": 0.02, ""rush_td"": 0.0, ""rush_yd"": 0.17}"
13308,,TE,TB,GB,0.1,0.08,0.06,"{""adp_dd_ppr"": 372.0, ""bonus_rec_te"": 0.04, ""gp"": 1.0, ""pos_adp_dd_ppr"": 95.0, ""pts_half_ppr"": 0.08, ""pts_ppr"": 0.1, ""pts_std"": 0.06, ""rec"": 0.04, ""rec_0_4"": 0.01, ""rec_10_19"": 0.01, ""rec_20_29"": 0.01, ""rec_30_39"": 0.0, ""rec_40p"": 0.0, ""rec_5_9"": 0.01, ""rec_fd"": 0.04, ""rec_td"": 0.0, ""rec_tgt"": 0.06, ""rec_yd"": 0.38}"
13317,,WR,TB,GB,6.06,5.06,4.07,"{""adp_dd_ppr"": 171.0, ""bonus_rec_wr"": 1.98, ""def_fum_td"": 0.0, ""fum"": 0.02, ""fum_lost"": 0.01, ""gp"": 1.0, ""pos_adp_dd_ppr"": 71.0, ""pts_half_ppr"": 5.06, ""pts_ppr"": 6.06, ""pts_std"": 4.07, ""rec"": 1.98, ""rec_0_4"": 0.4, ""rec_10_19"": 0.6, ""rec_20_29"": 0.4, ""rec_2pt"": 0.01, ""rec_30_39"": 0.2, ""rec_40p"": 0.2, ""rec_5_9"": 0.4, ""rec_fd"": 2.86, ""rec_td"": 0.19, ""rec_tgt"": 3.89, ""rec_yd"": 28.56, ""rush_2pt"": 0.0, ""rush_40p"": 0.0, ""rush_att"": 0.09, ""rush_fd"": 0.04, ""rush_td"": 0.0, ""rush_yd"": 0.41}"
13338,,WR,MIA,MIN,2.73,2.24,1.75,"{""adp_dd_ppr"": 235.0, ""bonus_rec_wr"": 0.98, ""def_fum_td"": 0.0, ""fum"": 0.01, ""fum_lost"": 0.0, ""gp"": 1.0, ""pos_adp_dd_ppr"": 99.0, ""pts_half_ppr"": 2.24, ""pts_ppr"": 2.73, ""pts_std"": 1.75, ""rec"": 0.98, ""rec_0_4"": 0.2, ""rec_10_19"": 0.29, ""rec_20_29"": 0.2, ""rec_2pt"": 0.0, ""rec_30_39"": 0.1, ""rec_40p"": 0.1, ""rec_5_9"": 0.2, ""rec_fd"": 1.31, ""rec_td"": 0.07, ""rec_tgt"": 2.54, ""rec_yd"": 13.11}"
13347,,RB,MIN,MIA,2.53,2.36,2.18,"{""adp_dd_ppr"": 280.0, ""bonus_rec_rb"": 0.35, ""def_fum_td"": 0.0, ""def_kr_yd"": 12.36, ""fum"": 0.03, ""fum_lost"": 0.01, ""gp"": 1.0, ""pos_adp_dd_ppr"": 71.0, ""pr"": 0.06, ""pr_yd"": 0.97, ""pts_half_ppr"": 2.36, ""pts_ppr"": 2.53, ""pts_std"": 2.18, ""rec"": 0.35, ""rec_0_4"": 0.07, ""rec_10_19"": 0.11, ""rec_20_29"": 0.07, ""rec_2pt"": 0.0, ""rec_30_39"": 0.04, ""rec_40p"": 0.04, ""rec_5_9"": 0.07, ""rec_fd"": 0.25, ""rec_td"": 0.02, ""rec_tgt"": 0.4, ""rec_yd"": 2.55, ""rush_2pt"": 0.01, ""rush_40p"": 0.03, ""rush_att"": 3.03, ""rush_fd"": 1.1, ""rush_td"": 0.12, ""rush_yd"": 10.99}"
13380,,WR,LAC,SEA,2.15,1.71,1.28,"{""adp_dd_ppr"": 259.0, ""bonus_rec_wr"": 0.86, ""def_fum_td"": 0.0, ""fum"": 0.01, ""fum_lost"": 0.0, ""gp"": 1.0, ""pos_adp_dd_ppr"": 111.0, ""pts_half_ppr"": 1.71, ""pts_ppr"": 2.15, ""pts_std"": 1.28, ""rec"": 0.86, ""rec_0_4"": 0.17, ""rec_10_19"": 0.26, ""rec_20_29"": 0.17, ""rec_2pt"": 0.0, ""rec_30_39"": 0.09, ""rec_40p"": 0.09, ""rec_5_9"": 0.17, ""rec_fd"": 0.92, ""rec_td"": 0.06, ""rec_tgt"": 1.58, ""rec_yd"": 9.18}"
1339,,TE,PHI,LAR,3.65,2.85,2.06,"{""adp_dd_ppr"": 224.0, ""bonus_rec_te"": 1.59, ""def_fum_td"": 0.0, ""fum"": 0.01, ""fum_lost"": 0.01, ""gp"": 1.0, ""pos_adp_dd_ppr"": 38.0, ""pts_half_ppr"": 2.85, ""pts_ppr"": 3.65, ""pts_std"": 2.06, ""rec"": 1.59, ""rec_0_4"": 0.32, ""rec_10_19"": 0.48, ""rec_20_29"": 0.32, ""rec_2pt"": 0.01, ""rec_30_39"": 0.16, ""rec_40p"": 0.16, ""rec_5_9"": 0.32, ""rec_fd"": 1.48, ""rec_td"": 0.1, ""rec_tgt"": 2.24, ""rec_yd"": 14.78}"
13405,,RB,WAS,IND,1.08,1.0,0.91,"{""adp_dd_ppr"": 356.0, ""bonus_rec_rb"": 0.17, ""def_fum_td"": 0.0, ""def_kr_yd"": 11.13, ""fum"": 0.01, ""fum_lost"": 0.01, ""gp"": 1.0, ""pos_adp_dd_ppr"": 77.0, ""pts_half_ppr"": 1.0, ""pts_ppr"": 1.08, ""pts_std"": 0.91, ""rec"": 0.17, ""rec_0_4"": 0.03, ""rec_10_19"": 0.05, ""rec_20_29"": 0.03, ""rec_2pt"": 0.0, ""rec_30_39"": 0.02, ""rec_40p"": 0.02, ""rec_5_9"": 0.03, ""rec_fd"": 0.14, ""rec_td"": 0.01, ""rec_tgt"": 0.24, ""rec_yd"": 1.35, ""rush_2pt"": 0.0, ""rush_40p"": 0.01, ""rush_att"": 1.24, ""rush_fd"": 0.51, ""rush_td"": 0.04, ""rush_yd"": 5.14}"
13408,,TE,JAX,CIN,1.33,1.07,0.81,"{""adp_dd_ppr"": 305.0, ""bonus_rec_te"": 0.51, ""def_fum_td"": 0.0, ""fum"": 0.0, ""fum_lost"": 0.0, ""gp"": 1.0, ""pos_adp_dd_ppr"": 70.0, ""pts_half_ppr"": 1.07, ""pts_ppr"": 1.33, ""pts_std"": 0.81, ""rec"": 0.51, ""rec_0_4"": 0.1, ""rec_10_19"": 0.15, ""rec_20_29"": 0.1, ""rec_2pt"": 0.0, ""rec_30_39"": 0.05, ""rec_40p"": 0.05, ""rec_5_9"": 0.1, ""rec_fd"": 0.59, ""rec_td"": 0.04, ""rec_tgt"": 0.77, ""rec_yd"": 5.94}"
13424,,RB,IND,WAS,2.7,2.51,2.32,"{""adp_dd_ppr"": 277.0, ""bonus_rec_rb"": 0.38, ""def_fum_td"": 0.0, ""def_kr_yd"": 9.22, ""fum"": 0.03, ""fum_lost"": 0.01, ""gp"": 1.0, ""pos_adp_dd_ppr"": 70.0, ""pts_half_ppr"": 2.51, ""pts_ppr"": 2.7, ""pts_std"": 2.32, ""rec"": 0.38, ""rec_0_4"": 0.08, ""rec_10_19"": 0.11, ""rec_20_29"": 0.08, ""rec_2pt"": 0.0, ""rec_30_39"": 0.04, ""rec_40p"": 0.04, ""rec_5_9"": 0.08, ""rec_fd"": 0.35, ""rec_td"": 0.03, ""rec_tgt"": 0.54, ""rec_yd"": 3.49, ""rush_2pt"": 0.01, ""rush_40p"": 0.03, ""rush_att"": 3.07, ""rush_fd"": 1.29, ""rush_td"": 0.08, ""rush_yd"": 12.86}"
1379,,FB,SF,DEN,1.67,1.36,1.04,"{""adp_dd_ppr"": 999.0, ""def_fum_td"": 0.0, ""fum"": 0.01, ""fum_lost"": 0.0, ""gp"": 1.0, ""pos_adp_dd_ppr"": 999.0, ""pts_half_ppr"": 1.36, ""pts_ppr"": 1.67, ""pts_std"": 1.04, ""rec"": 0.63, ""rec_0_4"": 0.13, ""rec_10_19"": 0.19, ""rec_20_29"": 0.13, ""rec_2pt"": 0.01, ""rec_30_39"": 0.06, ""rec_40p"": 0.06, ""rec_5_9"": 0.13, ""rec_fd"": 0.59, ""rec_td"": 0.06, ""rec_tgt"": 0.92, ""rec_yd"": 5.91, ""rush_2pt"": 0.0, ""rush_40p"": 0.0, ""rush_att"": 0.11, ""rush_fd"": 0.04, ""rush_td"": 0.0, ""rush_yd"": 0.42}"
1479,,WR,IND,WAS,8.58,6.95,5.32,"{""adp_dd_ppr"": 118.0, ""bonus_rec_wr"": 3.27, ""def_fum_td"": 0.0, ""fum"": 0.03, ""fum_lost"": 0.01, ""gp"": 1.0, ""pos_adp_dd_ppr"": 53.0, ""pts_half_ppr"": 6.95, ""pts_ppr"": 8.58, ""pts_std"": 5.32, ""rec"": 3.27, ""rec_0_4"": 0.65, ""rec_10_19"": 0.98, ""rec_20_29"": 0.65, ""rec_2pt"": 0.01, ""rec_30_39"": 0.33, ""rec_40p"": 0.33, ""rec_5_9"": 0.65, ""rec_fd"": 3.68, ""rec_td"": 0.27, ""rec_tgt"": 4.96, ""rec_yd"": 36.76}"
2449,,WR,WAS,IND,11.03,9.09,7.14,"{""adp_dd_ppr"": 69.0, ""bonus_rec_wr"": 3.9, ""def_fum_td"": 0.0, ""fum"": 0.04, ""fum_lost"": 0.02, ""gp"": 1.0, ""pos_adp_dd_ppr"": 32.0, ""pts_half_ppr"": 9.09, ""pts_ppr"": 11.03, ""pts_std"": 7.14, ""rec"": 3.9, ""rec_0_4"": 0.78, ""rec_10_19"": 1.17, ""rec_20_29"": 0.78, ""rec_2pt"": 0.02, ""rec_30_39"": 0.39, ""rec_40p"": 0.39, ""rec_5_9"": 0.78, ""rec_fd"": 5.18, ""rec_td"": 0.32, ""rec_tgt"": 5.75, ""rec_yd"": 51.82, ""rush_2pt"": 0.0, ""rush_40p"": 0.0}"
2505,,TE,CAR,DET,9.18,7.5,5.83,"{""adp_dd_ppr"": 115.0, ""bonus_rec_te"": 3.35, ""def_fum_td"": 0.0, ""fum"": 0.03, ""fum_lost"": 0.01, ""gp"": 1.0, ""pos_adp_dd_ppr"": 18.0, ""pts_half_ppr"": 7.5, ""pts_ppr"": 9.18, ""pts_std"": 5.83, ""rec"": 3.35, ""rec_0_4"": 0.67, ""rec_10_19"": 1.0, ""rec_20_29"": 0.67, ""rec_2pt"": 0.03, ""rec_30_39"": 0.33, ""rec_40p"": 0.33, ""rec_5_9"": 0.67, ""rec_fd"": 3.43, ""rec_td"": 0.4, ""rec_tgt"": 4.65, ""rec_yd"": 34.25}"
3271,,TE,LAR,PHI,6.64,5.35,4.06,"{""adp_dd_ppr"": 165.0, ""bonus_rec_te"": 2.57, ""def_fum_td"": 0.0, ""fum"": 0.02, ""fum_lost"": 0.01, ""gp"": 1.0, ""pos_adp_dd_ppr"": 29.0, ""pts_half_ppr"": 5.35, ""pts_ppr"": 6.64, ""pts_std"": 4.06, ""rec"": 2.57, ""rec_0_4"": 0.51, ""rec_10_19"": 0.77, ""rec_20_29"": 0.51, ""rec_2pt"": 0.01, ""rec_30_39"": 0.26, ""rec_40p"": 0.26, ""rec_5_9"": 0.51, ""rec_fd"": 2.6, ""rec_td"": 0.24, ""rec_tgt"": 3.5, ""rec_yd"": 26.0}"
3634,,WR,CHI,NYJ,10.09,8.24,6.39,"{""adp_dd_ppr"": 85.0, ""bonus_rec_wr"": 3.7, ""def_fum_td"": 0.0, ""def_kr_yd"": 24.48, ""fum"": 0.04, ""fum_lost"": 0.02, ""gp"": 1.0, ""pos_adp_dd_ppr"": 38.0, ""pts_half_ppr"": 8.24, ""pts_ppr"": 10.09, ""pts_std"": 6.39, ""rec"": 3.7, ""rec_0_4"": 0.74, ""rec_10_19"": 1.11, ""rec_20_29"": 0.74, ""rec_2pt"": 0.01, ""rec_30_39"": 0.37, ""rec_40p"": 0.37, ""rec_5_9"": 0.74, ""rec_fd"": 4.63, ""rec_td"": 0.27, ""rec_tgt"": 4.65, ""rec_yd"": 46.28, ""rush_2pt"": 0.0, ""rush_40p"": 0.01, ""rush_att"": 0.19, ""rush_fd"": 0.11, ""rush_td"": 0.0, ""rush_yd"": 1.1}"
4034,,RB,SF,DEN,18.54,16.44,14.34,"{""adp_dd_ppr"": 13.0, ""bonus_rec_rb"": 4.21, ""def_fum_td"": 0.0, ""fum"": 0.18, ""fum_lost"": 0.08, ""gp"": 1.0, ""pos_adp_dd_ppr"": 7.0, ""pts_half_ppr"": 16.44, ""pts_ppr"": 18.54, ""pts_std"": 14.34, ""rec"": 4.21, ""rec_0_4"": 0.84, ""rec_10_19"": 1.26, ""rec_20_29"": 0.84, ""rec_2pt"": 0.02, ""rec_30_39"": 0.42, ""rec_40p"": 0.42, ""rec_5_9"": 0.84, ""rec_fd"": 2.6, ""rec_td"": 0.2, ""rec_tgt"": 5.38, ""rec_yd"": 26.04, ""rush_2pt"": 0.04, ""rush_40p"": 0.16, ""rush_att"": 15.0, ""rush_fd"": 6.96, ""rush_td"": 0.6, ""rush_yd"": 69.64}"
4144,,TE,GB,TB,3.34,2.6,1.87,"{""adp_dd_ppr"": 232.0, ""bonus_rec_te"": 1.47, ""def_fum_td"": 0.0, ""fum"": 0.01, ""fum_lost"": 0.01, ""gp"": 1.0, ""pos_adp_dd_ppr"": 42.0, ""pts_half_ppr"": 2.6, ""pts_ppr"": 3.34, ""pts_std"": 1.87, ""rec"": 1.47, ""rec_0_4"": 0.29, ""rec_10_19"": 0.44, ""rec_20_29"": 0.29, ""rec_2pt"": 0.0, ""rec_30_39"": 0.15, ""rec_40p"": 0.15, ""rec_5_9"": 0.29, ""rec_fd"": 1.38, ""rec_td"": 0.08, ""rec_tgt"": 1.96, ""rec_yd"": 13.83, ""rush_2pt"": 0.0, ""rush_40p"": 0.0}"
4147,,RB,CIN,JAX,6.29,5.45,4.61,"{""adp_dd_ppr"": 184.0, ""bonus_rec_rb"": 1.67, ""def_fum_td"": 0.0, ""def_kr_yd"": 18.6, ""fum"": 0.06, ""fum_lost"": 0.03, ""gp"": 1.0, ""pos_adp_dd_ppr"": 44.0, ""pts_half_ppr"": 5.45, ""pts_ppr"": 6.29, ""pts_std"": 4.61, ""rec"": 1.67, ""rec_0_4"": 0.33, ""rec_10_19"": 0.5, ""rec_20_29"": 0.33, ""rec_2pt"": 0.0, ""rec_30_39"": 0.17, ""rec_40p"": 0.17, ""rec_5_9"": 0.33, ""rec_fd"": 1.15, ""rec_td"": 0.06, ""rec_tgt"": 1.96, ""rec_yd"": 11.51, ""rush_2pt"": 0.01, ""rush_40p"": 0.05, ""rush_att"": 4.61, ""rush_fd"": 1.77, ""rush_td"": 0.23, ""rush_yd"": 17.71}"
4189,,TE,SEA,LAC,0.43,0.35,0.26,"{""adp_dd_ppr"": 359.0, ""bonus_rec_te"": 0.17, ""def_fum_td"": 0.0, ""fum"": 0.0, ""fum_lost"": 0.0, ""gp"": 1.0, ""pos_adp_dd_ppr"": 86.0, ""pts_half_ppr"": 0.35, ""pts_ppr"": 0.43, ""pts_std"": 0.26, ""rec"": 0.17, ""rec_0_4"": 0.03, ""rec_10_19"": 0.05, ""rec_20_29"": 0.03, ""rec_2pt"": 0.0, ""rec_30_39"": 0.02, ""rec_40p"": 0.02, ""rec_5_9"": 0.03, ""rec_fd"": 0.16, ""rec_td"": 0.02, ""rec_tgt"": 0.27, ""rec_yd"": 1.57}"
4199,,RB,MIN,MIA,14.07,12.99,11.91,"{""adp_dd_ppr"": 48.0, ""bonus_rec_rb"": 2.16, ""def_fum_td"": 0.0, ""fum"": 0.18, ""fum_lost"": 0.08, ""gp"": 1.0, ""pos_adp_dd_ppr"": 19.0, ""pts_half_ppr"": 12.99, ""pts_ppr"": 14.07, ""pts_std"": 11.91, ""rec"": 2.16, ""rec_0_4"": 0.43, ""rec_10_19"": 0.65, ""rec_20_29"": 0.43, ""rec_2pt"": 0.01, ""rec_30_39"": 0.22, ""rec_40p"": 0.22, ""rec_5_9"": 0.43, ""rec_fd"": 1.49, ""rec_td"": 0.12, ""rec_tgt"": 2.45, ""rec_yd"": 14.89, ""rush_2pt"": 0.02, ""rush_40p"": 0.18, ""rush_att"": 17.52, ""rush_fd"": 6.68, ""rush_td"": 0.52, ""rush_yd"": 66.81}"
4314,,TE,PHI,LAR,3.05,2.37,1.69,"{""adp_dd_ppr"": 240.0, ""bonus_rec_te"": 1.36, ""gp"": 1.0, ""pos_adp_dd_ppr"": 46.0, ""pts_half_ppr"": 2.37, ""pts_ppr"": 3.05, ""pts_std"": 1.69, ""rec"": 1.36, ""rec_0_4"": 0.27, ""rec_10_19"": 0.41, ""rec_20_29"": 0.27, ""rec_30_39"": 0.14, ""rec_40p"": 0.14, ""rec_5_9"": 0.27, ""rec_fd"": 1.21, ""rec_td"": 0.08, ""rec_tgt"": 2.0, ""rec_yd"": 12.14}"
4663,,RB,WAS,IND,1.79,1.46,1.12,"{""adp_dd_ppr"": 313.0, ""bonus_rec_rb"": 0.67, ""def_fum_td"": 0.0, ""def_kr_yd"": 1.11, ""fum"": 0.01, ""fum_lost"": 0.01, ""gp"": 1.0, ""pos_adp_dd_ppr"": 74.0, ""pts_half_ppr"": 1.46, ""pts_ppr"": 1.79, ""pts_std"": 1.12, ""rec"": 0.67, ""rec_0_4"": 0.13, ""rec_10_19"": 0.2, ""rec_20_29"": 0.13, ""rec_2pt"": 0.0, ""rec_30_39"": 0.07, ""rec_40p"": 0.07, ""rec_5_9"": 0.13, ""rec_fd"": 0.52, ""rec_td"": 0.02, ""rec_tgt"": 0.83, ""rec_yd"": 5.16, ""rush_2pt"": 0.0, ""rush_40p"": 0.01, ""rush_att"": 0.71, ""rush_fd"": 0.28, ""rush_td"": 0.03, ""rush_yd"": 2.84}"
4866,,RB,PHI,LAR,14.68,13.73,12.78,"{""adp_dd_ppr"": 44.0, ""bonus_rec_rb"": 1.9, ""def_fum_td"": 0.0, ""fum"": 0.17, ""fum_lost"": 0.07, ""gp"": 1.0, ""pos_adp_dd_ppr"": 17.0, ""pts_half_ppr"": 13.73, ""pts_ppr"": 14.68, ""pts_std"": 12.78, ""rec"": 1.9, ""rec_0_4"": 0.38, ""rec_10_19"": 0.57, ""rec_20_29"": 0.38, ""rec_2pt"": 0.01, ""rec_30_39"": 0.19, ""rec_40p"": 0.19, ""rec_5_9"": 0.38, ""rec_fd"": 1.26, ""rec_td"": 0.1, ""rec_tgt"": 2.83, ""rec_yd"": 12.63, ""rush_2pt"": 0.03, ""rush_40p"": 0.17, ""rush_att"": 17.61, ""rush_fd"": 8.33, ""rush_td"": 0.44, ""rush_yd"": 83.28}"
5409,,TE,CIN,JAX,1.65,1.27,0.89,"{""adp_dd_ppr"": 291.0, ""bonus_rec_te"": 0.76, ""def_fum_td"": 0.0, ""fum"": 0.01, ""fum_lost"": 0.0, ""gp"": 1.0, ""pos_adp_dd_ppr"": 64.0, ""pts_half_ppr"": 1.27, ""pts_ppr"": 1.65, ""pts_std"": 0.89, ""rec"": 0.76, ""rec_0_4"": 0.15, ""rec_10_19"": 0.23, ""rec_20_29"": 0.15, ""rec_2pt"": 0.0, ""rec_30_39"": 0.08, ""rec_40p"": 0.08, ""rec_5_9"": 0.15, ""rec_fd"": 0.69, ""rec_td"": 0.03, ""rec_tgt"": 0.96, ""rec_yd"": 6.89}"
5872,,WR,SF,DEN,8.97,7.38,5.79,"{""adp_dd_ppr"": 107.0, ""bonus_rec_wr"": 3.18, ""def_fum_td"": 0.0, ""def_kr_yd"": 23.45, ""fum"": 0.04, ""fum_lost"": 0.02, ""gp"": 1.0, ""pos_adp_dd_ppr"": 47.0, ""pts_half_ppr"": 7.38, ""pts_ppr"": 8.97, ""pts_std"": 5.79, ""rec"": 3.18, ""rec_0_4"": 0.64, ""rec_10_19"": 0.95, ""rec_20_29"": 0.64, ""rec_2pt"": 0.02, ""rec_30_39"": 0.32, ""rec_40p"": 0.32, ""rec_5_9"": 0.64, ""rec_fd"": 3.89, ""rec_td"": 0.19, ""rec_tgt"": 5.03, ""rec_yd"": 38.93, ""rush_2pt"": 0.0, ""rush_40p"": 0.01, ""rush_att"": 0.93, ""rush_fd"": 0.51, ""rush_td"": 0.05, ""rush_yd"": 5.1}"
5892,,RB,HOU,DAL,14.91,13.85,12.79,"{""adp_dd_ppr"": 40.0, ""bonus_rec_rb"": 2.13, ""def_fum_td"": 0.0, ""fum"": 0.15, ""fum_lost"": 0.07, ""gp"": 1.0, ""pos_adp_dd_ppr"": 16.0, ""pts_half_ppr"": 13.85, ""pts_ppr"": 14.91, ""pts_std"": 12.79, ""rec"": 2.13, ""rec_0_4"": 0.43, ""rec_10_19"": 0.64, ""rec_20_29"": 0.43, ""rec_2pt"": 0.01, ""rec_30_39"": 0.21, ""rec_40p"": 0.21, ""rec_5_9"": 0.43, ""rec_fd"": 1.7, ""rec_td"": 0.15, ""rec_tgt"": 2.24, ""rec_yd"": 16.96, ""rush_2pt"": 0.04, ""rush_40p"": 0.15, ""rush_att"": 14.24, ""rush_fd"": 5.71, ""rush_td"": 0.75, ""rush_yd"": 57.12}"
5906,,TE,BUF,NE,3.07,2.48,1.89,"{""adp_dd_ppr"": 239.0, ""bonus_rec_te"": 1.18, ""def_fum_td"": 0.0, ""fum"": 0.01, ""fum_lost"": 0.0, ""gp"": 1.0, ""pos_adp_dd_ppr"": 45.0, ""pts_half_ppr"": 2.48, ""pts_ppr"": 3.07, ""pts_std"": 1.89, ""rec"": 1.18, ""rec_0_4"": 0.24, ""rec_10_19"": 0.35, ""rec_20_29"": 0.24, ""rec_2pt"": 0.01, ""rec_30_39"": 0.12, ""rec_40p"": 0.12, ""rec_5_9"": 0.24, ""rec_fd"": 1.1, ""rec_td"": 0.13, ""rec_tgt"": 1.52, ""rec_yd"": 10.97}"
5927,,WR,WAS,IND,11.62,9.71,7.8,"{""adp_dd_ppr"": 61.0, ""bonus_rec_wr"": 3.82, ""def_fum_td"": 0.0, ""fum"": 0.04, ""fum_lost"": 0.02, ""gp"": 1.0, ""pos_adp_dd_ppr"": 30.0, ""pts_half_ppr"": 9.71, ""pts_ppr"": 11.62, ""pts_std"": 7.8, ""rec"": 3.82, ""rec_0_4"": 0.76, ""rec_10_19"": 1.15, ""rec_20_29"": 0.76, ""rec_2pt"": 0.02, ""rec_30_39"": 0.38, ""rec_40p"": 0.38, ""rec_5_9"": 0.76, ""rec_fd"": 6.15, ""rec_td"": 0.27, ""rec_tgt"": 6.64, ""rec_yd"": 61.55, ""rush_2pt"": 0.0, ""rush_40p"": 0.0, ""rush_att"": 0.06, ""rush_fd"": 0.02, ""rush_td"": 0.0, ""rush_yd"": 0.24}"
6130,,RB,NYG,ARI,1.17,1.05,0.93,"{""adp_dd_ppr"": 351.0, ""bonus_rec_rb"": 0.24, ""def_fum_td"": 0.0, ""def_kr_yd"": 21.19, ""fum"": 0.01, ""fum_lost"": 0.0, ""gp"": 1.0, ""pos_adp_dd_ppr"": 76.0, ""pts_half_ppr"": 1.05, ""pts_ppr"": 1.17, ""pts_std"": 0.93, ""rec"": 0.24, ""rec_0_4"": 0.05, ""rec_10_19"": 0.07, ""rec_20_29"": 0.05, ""rec_2pt"": 0.0, ""rec_30_39"": 0.02, ""rec_40p"": 0.02, ""rec_5_9"": 0.05, ""rec_fd"": 0.16, ""rec_td"": 0.02, ""rec_tgt"": 0.29, ""rec_yd"": 1.59, ""rush_2pt"": 0.0, ""rush_40p"": 0.01, ""rush_att"": 0.91, ""rush_fd"": 0.4, ""rush_td"": 0.04, ""rush_yd"": 4.01}"
6786,,WR,DAL,HOU,17.42,14.42,11.43,"{""adp_dd_ppr"": 14.0, ""bonus_rec_wr"": 5.99, ""def_fum_td"": 0.0, ""fum"": 0.06, ""fum_lost"": 0.03, ""gp"": 1.0, ""pos_adp_dd_ppr"": 7.0, ""pts_half_ppr"": 14.42, ""pts_ppr"": 17.42, ""pts_std"": 11.43, ""rec"": 5.99, ""rec_0_4"": 1.2, ""rec_10_19"": 1.8, ""rec_20_29"": 1.2, ""rec_2pt"": 0.03, ""rec_30_39"": 0.6, ""rec_40p"": 0.6, ""rec_5_9"": 1.2, ""rec_fd"": 8.75, ""rec_td"": 0.4, ""rec_tgt"": 8.99, ""rec_yd"": 87.51, ""rush_2pt"": 0.0, ""rush_40p"": 0.0, ""rush_att"": 0.4, ""rush_fd"": 0.19, ""rush_td"": 0.01, ""rush_yd"": 1.94}"
7525,,WR,PHI,LAR,13.23,10.87,8.51,"{""adp_dd_ppr"": 46.0, ""bonus_rec_wr"": 4.72, ""def_fum_td"": 0.0, ""fum"": 0.04, ""fum_lost"": 0.02, ""gp"": 1.0, ""pos_adp_dd_ppr"": 24.0, ""pts_half_ppr"": 10.87, ""pts_ppr"": 13.23, ""pts_std"": 8.51, ""rec"": 4.72, ""rec_0_4"": 0.94, ""rec_10_19"": 1.42, ""rec_20_29"": 0.94, ""rec_2pt"": 0.02, ""rec_30_39"": 0.47, ""rec_40p"": 0.47, ""rec_5_9"": 0.94, ""rec_fd"": 6.42, ""rec_td"": 0.34, ""rec_tgt"": 7.36, ""rec_yd"": 64.24, ""rush_2pt"": 0.0, ""rush_40p"": 0.0, ""rush_att"": 0.05, ""rush_fd"": 0.02, ""rush_td"": 0.0, ""rush_yd"": 0.24}"
7567,,RB,TB,GB,7.5,6.63,5.77,"{""adp_dd_ppr"": 162.0, ""bonus_rec_rb"": 1.73, ""def_fum_td"": 0.0, ""def_kr_yd"": 32.76, ""fum"": 0.06, ""fum_lost"": 0.03, ""gp"": 1.0, ""pos_adp_dd_ppr"": 40.0, ""pts_half_ppr"": 6.63, ""pts_ppr"": 7.5, ""pts_std"": 5.77, ""rec"": 1.73, ""rec_0_4"": 0.35, ""rec_10_19"": 0.52, ""rec_20_29"": 0.35, ""rec_2pt"": 0.0, ""rec_30_39"": 0.17, ""rec_40p"": 0.17, ""rec_5_9"": 0.35, ""rec_fd"": 1.31, ""rec_td"": 0.08, ""rec_tgt"": 2.14, ""rec_yd"": 13.06, ""rush_2pt"": 0.01, ""rush_40p"": 0.06, ""rush_att"": 6.28, ""rush_fd"": 2.71, ""rush_td"": 0.22, ""rush_yd"": 27.14}"
7571,,WR,BAL,TEN,7.78,6.45,5.12,"{""adp_dd_ppr"": 135.0, ""bonus_rec_wr"": 2.66, ""def_fum_td"": 0.0, ""fum"": 0.03, ""fum_lost"": 0.01, ""gp"": 1.0, ""pos_adp_dd_ppr"": 60.0, ""pts_half_ppr"": 6.45, ""pts_ppr"": 7.78, ""pts_std"": 5.12, ""rec"": 2.66, ""rec_0_4"": 0.53, ""rec_10_19"": 0.8, ""rec_20_29"": 0.53, ""rec_2pt"": 0.01, ""rec_30_39"": 0.27, ""rec_40p"": 0.27, ""rec_5_9"": 0.53, ""rec_fd"": 3.89, ""rec_td"": 0.2, ""rec_tgt"": 4.33, ""rec_yd"": 38.94, ""rush_2pt"": 0.0, ""rush_40p"": 0.0, ""rush_att"": 0.07, ""rush_fd"": 0.03, ""rush_td"": 0.0, ""rush_yd"": 0.31}"
7716,,TE,WAS,IND,1.88,1.48,1.07,"{""adp_dd_ppr"": 284.0, ""bonus_rec_te"": 0.81, ""def_fum_td"": 0.0, ""fum"": 0.01, ""fum_lost"": 0.0, ""gp"": 1.0, ""pos_adp_dd_ppr"": 58.0, ""pts_half_ppr"": 1.48, ""pts_ppr"": 1.88, ""pts_std"": 1.07, ""rec"": 0.81, ""rec_0_4"": 0.16, ""rec_10_19"": 0.24, ""rec_20_29"": 0.16, ""rec_2pt"": 0.0, ""rec_30_39"": 0.08, ""rec_40p"": 0.08, ""rec_5_9"": 0.16, ""rec_fd"": 0.78, ""rec_td"": 0.05, ""rec_tgt"": 1.1, ""rec_yd"": 7.81}"
7720,,RB,NYJ,CHI,0.11,0.1,0.1,"{""adp_dd_ppr"": 392.0, ""bonus_rec_rb"": 0.01, ""def_fum_td"": 0.0, ""def_kr_yd"": 30.93, ""fum"": 0.0, ""fum_lost"": 0.0, ""gp"": 1.0, ""pos_adp_dd_ppr"": 98.0, ""pts_half_ppr"": 0.1, ""pts_ppr"": 0.11, ""pts_std"": 0.1, ""rec"": 0.01, ""rec_0_4"": 0.0, ""rec_10_19"": 0.0, ""rec_20_29"": 0.0, ""rec_2pt"": 0.0, ""rec_30_39"": 0.0, ""rec_40p"": 0.0, ""rec_5_9"": 0.0, ""rec_fd"": 0.01, ""rec_td"": 0.0, ""rec_tgt"": 0.01, ""rec_yd"": 0.1, ""rush_2pt"": 0.0, ""rush_40p"": 0.0, ""rush_att"": 0.17, ""rush_fd"": 0.07, ""rush_td"": 0.0, ""rush_yd"": 0.68}"
8148,,WR,DET,CAR,10.87,9.1,7.34,"{""adp_dd_ppr"": 75.0, ""bonus_rec_wr"": 3.53, ""def_fum_td"": 0.0, ""fum"": 0.04, ""fum_lost"": 0.02, ""gp"": 1.0, ""pos_adp_dd_ppr"": 33.0, ""pts_half_ppr"": 9.1, ""pts_ppr"": 10.87, ""pts_std"": 7.34, ""rec"": 3.53, ""rec_0_4"": 0.71, ""rec_10_19"": 1.06, ""rec_20_29"": 0.71, ""rec_2pt"": 0.01, ""rec_30_39"": 0.35, ""rec_40p"": 0.35, ""rec_5_9"": 0.71, ""rec_fd"": 5.47, ""rec_td"": 0.22, ""rec_tgt"": 5.94, ""rec_yd"": 54.71, ""rush_2pt"": 0.0, ""rush_40p"": 0.01, ""rush_att"": 0.61, ""rush_fd"": 0.35, ""rush_td"": 0.03, ""rush_yd"": 3.45}"
8150,,RB,LAR,PHI,13.61,12.63,11.65,"{""adp_dd_ppr"": 50.0, ""bonus_rec_rb"": 1.95, ""def_fum_td"": 0.0, ""fum"": 0.16, ""fum_lost"": 0.07, ""gp"": 1.0, ""pos_adp_dd_ppr"": 20.0, ""pr"": 0.13, ""pr_yd"": 1.26, ""pts_half_ppr"": 12.63, ""pts_ppr"": 13.61, ""pts_std"": 11.65, ""rec"": 1.95, ""rec_0_4"": 0.39, ""rec_10_19"": 0.59, ""rec_20_29"": 0.39, ""rec_2pt"": 0.01, ""rec_30_39"": 0.2, ""rec_40p"": 0.2, ""rec_5_9"": 0.39, ""rec_fd"": 1.38, ""rec_td"": 0.11, ""rec_tgt"": 2.48, ""rec_yd"": 13.8, ""rush_2pt"": 0.04, ""rush_40p"": 0.16, ""rush_att"": 15.63, ""rush_fd"": 6.73, ""rush_td"": 0.49, ""rush_yd"": 67.29}"
8172,,TE,MIA,MIN,6.6,5.14,3.68,"{""adp_dd_ppr"": 167.0, ""bonus_rec_te"": 2.91, ""def_fum_td"": 0.0, ""fum"": 0.02, ""fum_lost"": 0.01, ""gp"": 1.0, ""pos_adp_dd_ppr"": 30.0, ""pts_half_ppr"": 5.14, ""pts_ppr"": 6.6, ""pts_std"": 3.68, ""rec"": 2.91, ""rec_0_4"": 0.58, ""rec_10_19"": 0.87, ""rec_20_29"": 0.58, ""rec_2pt"": 0.01, ""rec_30_39"": 0.29, ""rec_40p"": 0.29, ""rec_5_9"": 0.58, ""rec_fd"": 3.04, ""rec_td"": 0.11, ""rec_tgt"": 4.09, ""rec_yd"": 30.4}"
8676,,WR,SEA,LAC,6.8,5.67,4.54,"{""adp_dd_ppr"": 154.0, ""bonus_rec_wr"": 2.25, ""def_fum_td"": 0.0, ""def_kr_td"": 0.06, ""def_kr_yd"": 57.06, ""fum"": 0.03, ""fum_lost"": 0.01, ""gp"": 1.0, ""pos_adp_dd_ppr"": 64.0, ""pr"": 1.04, ""pr_yd"": 11.19, ""pts_half_ppr"": 5.67, ""pts_ppr"": 6.8, ""pts_std"": 4.54, ""rec"": 2.25, ""rec_0_4"": 0.45, ""rec_10_19"": 0.68, ""rec_20_29"": 0.45, ""rec_2pt"": 0.01, ""rec_30_39"": 0.23, ""rec_40p"": 0.23, ""rec_5_9"": 0.45, ""rec_fd"": 3.21, ""rec_td"": 0.13, ""rec_tgt"": 4.12, ""rec_yd"": 32.09, ""rush_2pt"": 0.0, ""rush_40p"": 0.01, ""rush_att"": 0.68, ""rush_fd"": 0.4, ""rush_td"": 0.03, ""rush_yd"": 4.03}"
9224,,RB,CIN,JAX,17.65,15.73,13.81,"{""adp_dd_ppr"": 19.0, ""bonus_rec_rb"": 3.84, ""def_fum_td"": 0.0, ""fum"": 0.18, ""fum_lost"": 0.08, ""gp"": 1.0, ""pos_adp_dd_ppr"": 8.0, ""pts_half_ppr"": 15.73, ""pts_ppr"": 17.65, ""pts_std"": 13.81, ""rec"": 3.84, ""rec_0_4"": 0.77, ""rec_10_19"": 1.15, ""rec_20_29"": 0.77, ""rec_2pt"": 0.02, ""rec_30_39"": 0.38, ""rec_40p"": 0.38, ""rec_5_9"": 0.77, ""rec_fd"": 2.03, ""rec_td"": 0.31, ""rec_tgt"": 4.43, ""rec_yd"": 20.31, ""rush_2pt"": 0.03, ""rush_40p"": 0.17, ""rush_att"": 15.42, ""rush_fd"": 6.64, ""rush_td"": 0.56, ""rush_yd"": 66.37}"
9228,,QB,CAR,DET,18.58,18.58,18.58,"{""adp_dd_ppr"": 72.0, ""bonus_rush_td_qb"": 0.27, ""cmp_pct"": 60.2, ""def_fum_td"": 0.0, ""fum"": 0.43, ""fum_lost"": 0.19, ""gp"": 1.0, ""pass_2pt"": 0.09, ""pass_att"": 33.24, ""pass_cmp"": 20.01, ""pass_cmp_40p"": 0.41, ""pass_fd"": 22.35, ""pass_inc"": 13.23, ""pass_int"": 0.54, ""pass_int_td"": 0.0, ""pass_sack"": 2.69, ""pass_td"": 1.56, ""pass_yd"": 223.52, ""pos_adp_dd_ppr"": 8.0, ""pts_half_ppr"": 18.58, ""pts_ppr"": 18.58, ""pts_std"": 18.58, ""rush_2pt"": 0.02, ""rush_40p"": 0.04, ""rush_att"": 4.34, ""rush_fd"": 2.5, ""rush_td"": 0.27, ""rush_yd"": 25.01}"
9482,,TE,LV,KC,5.56,4.23,2.91,"{""adp_dd_ppr"": 191.0, ""bonus_rec_te"": 2.65, ""def_fum_td"": 0.0, ""fum"": 0.02, ""fum_lost"": 0.01, ""gp"": 1.0, ""pos_adp_dd_ppr"": 34.0, ""pts_half_ppr"": 4.23, ""pts_ppr"": 5.56, ""pts_std"": 2.91, ""rec"": 2.65, ""rec_0_4"": 0.53, ""rec_10_19"": 0.8, ""rec_20_29"": 0.53, ""rec_2pt"": 0.01, ""rec_30_39"": 0.27, ""rec_40p"": 0.27, ""rec_5_9"": 0.53, ""rec_fd"": 2.28, ""rec_td"": 0.11, ""rec_tgt"": 3.66, ""rec_yd"": 22.77}"
9487,,WR,JAX,CIN,16.78,14.3,11.81,"{""adp_dd_ppr"": 18.0, ""bonus_rec_wr"": 4.97, ""def_fum_td"": 0.0, ""def_kr_yd"": 5.77, ""fum"": 0.06, ""fum_lost"": 0.02, ""gp"": 1.0, ""pos_adp_dd_ppr"": 10.0, ""pr"": 1.6, ""pr_td"": 0.06, ""pr_yd"": 17.13, ""pts_half_ppr"": 14.3, ""pts_ppr"": 16.78, ""pts_std"": 11.81, ""rec"": 4.97, ""rec_0_4"": 0.99, ""rec_10_19"": 1.49, ""rec_20_29"": 0.99, ""rec_2pt"": 0.03, ""rec_30_39"": 0.5, ""rec_40p"": 0.5, ""rec_5_9"": 0.99, ""rec_fd"": 8.98, ""rec_td"": 0.43, ""rec_tgt"": 8.18, ""rec_yd"": 89.8, ""rush_2pt"": 0.0, ""rush_40p"": 0.01, ""rush_att"": 0.45, ""rush_fd"": 0.16, ""rush_td"": 0.01, ""rush_yd"": 1.6}"
9494,,WR,DEN,SF,2.04,1.67,1.31,"{""adp_dd_ppr"": 265.0, ""bonus_rec_wr"": 0.73, ""def_fum_td"": 0.0, ""def_kr_yd"": 41.88, ""fum"": 0.01, ""fum_lost"": 0.0, ""gp"": 1.0, ""pos_adp_dd_ppr"": 115.0, ""pr"": 1.56, ""pr_td"": 0.06, ""pr_yd"": 16.56, ""pts_half_ppr"": 1.67, ""pts_ppr"": 2.04, ""pts_std"": 1.31, ""rec"": 0.73, ""rec_0_4"": 0.15, ""rec_10_19"": 0.22, ""rec_20_29"": 0.15, ""rec_2pt"": 0.0, ""rec_30_39"": 0.07, ""rec_40p"": 0.07, ""rec_5_9"": 0.15, ""rec_fd"": 0.72, ""rec_td"": 0.05, ""rec_tgt"": 1.04, ""rec_yd"": 7.24, ""rush_2pt"": 0.0, ""rush_40p"": 0.0, ""rush_att"": 0.43, ""rush_fd"": 0.18, ""rush_td"": 0.02, ""rush_yd"": 1.83}"
9504,,WR,HOU,DAL,6.59,5.47,4.35,"{""adp_dd_ppr"": 159.0, ""bonus_rec_wr"": 2.24, ""def_fum_td"": 0.0, ""fum"": 0.02, ""fum_lost"": 0.01, ""gp"": 1.0, ""pos_adp_dd_ppr"": 65.0, ""pts_half_ppr"": 5.47, ""pts_ppr"": 6.59, ""pts_std"": 4.35, ""rec"": 2.24, ""rec_0_4"": 0.45, ""rec_10_19"": 0.67, ""rec_20_29"": 0.45, ""rec_2pt"": 0.01, ""rec_30_39"": 0.22, ""rec_40p"": 0.22, ""rec_5_9"": 0.45, ""rec_fd"": 3.31, ""rec_td"": 0.17, ""rec_tgt"": 3.55, ""rec_yd"": 33.12}"
9997,,WR,BAL,TEN,17.87,15.38,12.89,"{""adp_dd_ppr"": 11.0, ""bonus_rec_wr"": 4.98, ""def_fum_td"": 0.0, ""fum"": 0.05, ""fum_lost"": 0.02, ""gp"": 1.0, ""pos_adp_dd_ppr"": 6.0, ""pts_half_ppr"": 15.38, ""pts_ppr"": 17.87, ""pts_std"": 12.89, ""rec"": 4.98, ""rec_0_4"": 1.0, ""rec_10_19"": 1.49, ""rec_20_29"": 1.0, ""rec_2pt"": 0.04, ""rec_30_39"": 0.5, ""rec_40p"": 0.5, ""rec_5_9"": 1.0, ""rec_fd"": 9.18, ""rec_td"": 0.57, ""rec_tgt"": 6.57, ""rec_yd"": 91.84, ""rush_2pt"": 0.0, ""rush_40p"": 0.0, ""rush_att"": 0.24, ""rush_fd"": 0.15, ""rush_td"": 0.01, ""rush_yd"": 1.5}"
ARI,,DEF,ARI,NYG,6.36,6.36,6.36,"{""adp_dd_ppr"": 999.0, ""blk_kick"": 0.08, ""def_kr_yd"": 141.44, ""def_pr_yd"": 161.09, ""def_td"": 0.08, ""ff"": 0.71, ""fum_rec"": 0.55, ""gp"": 1.0, ""int"": 0.63, ""pass_int_td"": 0.08, ""pos_adp_dd_ppr"": 999.0, ""pr_yd"": 19.64, ""pts_allow"": 21.5, ""pts_allow_21_27"": 1.0, ""pts_half_ppr"": 6.36, ""pts_ppr"": 6.36, ""pts_std"": 6.36, ""sack"": 2.67, ""tkl_loss"": 5.11, ""yds_allow"": 336.0, ""yds_allow_300_349"": 1.0}"
GB,,DEF,GB,TB,8.4,8.4,8.4,"{""adp_dd_ppr"": 999.0, ""blk_kick"": 0.06, ""def_fum_td"": 0.06, ""def_kr_yd"": 104.42, ""def_pr_yd"": 121.5, ""def_td"": 0.19, ""ff"": 0.82, ""fum_rec"": 0.57, ""gp"": 1.0, ""int"": 0.76, ""pass_int_td"": 0.13, ""pos_adp_dd_ppr"": 999.0, ""pr_yd"": 17.09, ""pts_allow"": 18.0, ""pts_allow_14_20"": 1.0, ""pts_half_ppr"": 8.4, ""pts_ppr"": 8.4, ""pts_std"": 8.4, ""sack"": 2.66, ""tkl_loss"": 5.32, ""yds_allow"": 304.58, ""yds_allow_300_349"": 1.0}"
IND,,DEF,IND,WAS,6.7,6.7,6.7,"{""adp_dd_ppr"": 999.0, ""blk_kick"": 0.06, ""def_fum_td"": 0.06, ""def_kr_yd"": 104.92, ""def_pr_yd"": 121.52, ""def_td"": 0.13, ""ff"": 0.69, ""fum_rec"": 0.56, ""gp"": 1.0, ""int"": 0.75, ""pass_int_td"": 0.06, ""pos_adp_dd_ppr"": 999.0, ""pr_yd"": 16.6, ""pts_allow"": 21.75, ""pts_allow_21_27"": 1.0, ""pts_half_ppr"": 6.7, ""pts_ppr"": 6.7, ""pts_std"": 6.7, ""sack"": 2.51, ""tkl_loss"": 4.76, ""yds_allow"": 357.05, ""yds_allow_350_399"": 1.0}"
KC,,DEF,KC,LV,7.48,7.48,7.48,"{""adp_dd_ppr"": 999.0, ""blk_kick"": 0.06, ""def_fum_td"": 0.06, ""def_kr_yd"": 101.49, ""def_pr_yd"": 118.61, ""def_td"": 0.19, ""ff"": 0.82, ""fum_rec"": 0.57, ""gp"": 1.0, ""int"": 0.76, ""pass_int_td"": 0.13, ""pos_adp_dd_ppr"": 999.0, ""pr_yd"": 17.13, ""pts_allow"": 21.5, ""pts_allow_21_27"": 1.0, ""pts_half_ppr"": 7.48, ""pts_ppr"": 7.48, ""pts_std"": 7.48, ""sack"": 2.73, ""tkl_loss"": 5.39, ""yds_allow"": 295.43, ""yds_allow_200_299"": 1.0}"
LV,,DEF,LV,KC,5.52,5.52,5.52,"{""adp_dd_ppr"": 999.0, ""blk_kick"": 0.07, ""def_kr_yd"": 124.27, ""def_pr_yd"": 141.53, ""def_td"": 0.07, ""ff"": 0.62, ""fum_rec"": 0.48, ""gp"": 1.0, ""int"": 0.55, ""pass_int_td"": 0.07, ""pos_adp_dd_ppr"": 999.0, ""pr_yd"": 17.26, ""pts_allow"": 26.0, ""pts_allow_21_27"": 1.0, ""pts_half_ppr"": 5.52, ""pts_ppr"": 5.52, ""pts_std"": 5.52, ""sack"": 2.28, ""tkl_loss"": 4.49, ""yds_allow"": 369.43, ""yds_allow_350_399"": 1.0}"
NYG,,DEF,NYG,ARI,6.83,6.83,6.83,"{""adp_dd_ppr"": 999.0, ""blk_kick"": 0.06, ""def_fum_td"": 0.06, ""def_kr_yd"": 110.75, ""def_pr_yd"": 126.57, ""def_td"": 0.13, ""ff"": 0.63, ""fum_rec"": 0.57, ""gp"": 1.0, ""int"": 0.76, ""pass_int_td"": 0.06, ""pos_adp_dd_ppr"": 999.0, ""pr_yd"": 15.82, ""pts_allow"": 23.0, ""pts_allow_21_27"": 1.0, ""pts_half_ppr"": 6.83, ""pts_ppr"": 6.83, ""pts_std"": 6.83, ""sack"": 2.66, ""tkl_loss"": 4.56, ""yds_allow"": 315.46, ""yds_allow_300_349"": 1.0}"
10213,,WR,LV,KC,8.52,7.03,5.54,"{""adp_dd_ppr"": 121.0, ""bonus_rec_wr"": 2.98, ""def_fum_td"": 0.0, ""def_kr_yd"": 10.57, ""fum"": 0.03, ""fum_lost"": 0.01, ""gp"": 1.0, ""pos_adp_dd_ppr"": 55.0, ""pr"": 0.55, ""pr_yd"": 5.68, ""pts_half_ppr"": 7.03, ""pts_ppr"": 8.52, ""pts_std"": 5.54, ""rec"": 2.98, ""rec_0_4"": 0.6, ""rec_10_19"": 0.89, ""rec_20_29"": 0.6, ""rec_2pt"": 0.01, ""rec_30_39"": 0.3, ""rec_40p"": 0.3, ""rec_5_9"": 0.6, ""rec_fd"": 3.98, ""rec_td"": 0.21, ""rec_tgt"": 5.22, ""rec_yd"": 39.79, ""rush_2pt"": 0.0, ""rush_40p"": 0.0, ""rush_att"": 0.51, ""rush_fd"": 0.22, ""rush_td"": 0.02, ""rush_yd"": 2.24}"
10234,,WR,LAC,SEA,0.67,0.53,0.39,"{""adp_dd_ppr"": 317.0, ""bonus_rec_wr"": 0.28, ""def_fum_td"": 0.0, ""def_kr_td"": 0.08, ""def_kr_yd"": 35.57, ""fum"": 0.01, ""fum_lost"": 0.0, ""gp"": 1.0, ""pos_adp_dd_ppr"": 138.0, ""pr"": 0.91, ""pr_yd"": 9.12, ""pts_half_ppr"": 0.53, ""pts_ppr"": 0.67, ""pts_std"": 0.39, ""rec"": 0.28, ""rec_0_4"": 0.06, ""rec_10_19"": 0.08, ""rec_20_29"": 0.06, ""rec_2pt"": 0.0, ""rec_30_39"": 0.03, ""rec_40p"": 0.03, ""rec_5_9"": 0.06, ""rec_fd"": 0.26, ""rec_td"": 0.02, ""rec_tgt"": 0.47, ""rec_yd"": 2.58, ""rush_2pt"": 0.0, ""rush_40p"": 0.01, ""rush_att"": 0.05, ""rush_fd"": 0.02, ""rush_td"": 0.0, ""rush_yd"": 0.19}"
10859,,TE,DET,CAR,10.55,8.38,6.2,"{""adp_dd_ppr"": 86.0, ""bonus_rec_te"": 4.34, ""def_fum_td"": 0.0, ""fum"": 0.04, ""fum_lost"": 0.02, ""gp"": 1.0, ""pos_adp_dd_ppr"": 10.0, ""pts_half_ppr"": 8.38, ""pts_ppr"": 10.55, ""pts_std"": 6.2, ""rec"": 4.34, ""rec_0_4"": 0.87, ""rec_10_19"": 1.3, ""rec_20_29"": 0.87, ""rec_2pt"": 0.02, ""rec_30_39"": 0.43, ""rec_40p"": 0.43, ""rec_5_9"": 0.87, ""rec_fd"": 4.47, ""rec_td"": 0.28, ""rec_tgt"": 5.8, ""rec_yd"": 44.74, ""rush_2pt"": 0.0, ""rush_40p"": 0.0, ""rush_att"": 0.06, ""rush_fd"": 0.03, ""rush_td"": 0.0, ""rush_yd"": 0.3}"
11056,,WR,HOU,DAL,2.4,1.95,1.49,"{""adp_dd_ppr"": 246.0, ""bonus_rec_wr"": 0.91, ""gp"": 1.0, ""pos_adp_dd_ppr"": 104.0, ""pts_half_ppr"": 1.95, ""pts_ppr"": 2.4, ""pts_std"": 1.49, ""rec"": 0.91, ""rec_0_4"": 0.18, ""rec_10_19"": 0.27, ""rec_20_29"": 0.18, ""rec_30_39"": 0.09, ""rec_40p"": 0.09, ""rec_5_9"": 0.18, ""rec_fd"": 1.05, ""rec_td"": 0.07, ""rec_tgt"": 1.29, ""rec_yd"": 10.5}"
11068,,WR,CIN,JAX,1.32,1.07,0.81,"{""adp_dd_ppr"": 285.0, ""bonus_rec_wr"": 0.5, ""def_fum_td"": 0.0, ""fum"": 0.01, ""fum_lost"": 0.0, ""gp"": 1.0, ""pos_adp_dd_ppr"": 124.0, ""pts_half_ppr"": 1.07, ""pts_ppr"": 1.32, ""pts_std"": 0.81, ""rec"": 0.5, ""rec_0_4"": 0.1, ""rec_10_19"": 0.15, ""rec_20_29"": 0.1, ""rec_2pt"": 0.0, ""rec_30_39"": 0.05, ""rec_40p"": 0.05, ""rec_5_9"": 0.1, ""rec_fd"": 0.55, ""rec_td"": 0.04, ""rec_tgt"": 0.89, ""rec_yd"": 5.5}"
11304,,TE,PHI,LAR,1.39,1.09,0.79,"{""adp_dd_ppr"": 303.0, ""bonus_rec_te"": 0.6, ""gp"": 1.0, ""pos_adp_dd_ppr"": 69.0, ""pts_half_ppr"": 1.09, ""pts_ppr"": 1.39, ""pts_std"": 0.79, ""rec"": 0.6, ""rec_0_4"": 0.12, ""rec_10_19"": 0.18, ""rec_20_29"": 0.12, ""rec_30_39"": 0.06, ""rec_40p"": 0.06, ""rec_5_9"": 0.12, ""rec_fd"": 0.56, ""rec_td"": 0.04, ""rec_tgt"": 0.86, ""rec_yd"": 5.6}"
11510,,FB,DAL,HOU,0.95,0.8,0.66,"{""adp_dd_ppr"": 999.0, ""def_fum_td"": 0.0, ""fum"": 0.01, ""fum_lost"": 0.0, ""gp"": 1.0, ""pos_adp_dd_ppr"": 999.0, ""pts_half_ppr"": 0.8, ""pts_ppr"": 0.95, ""pts_std"": 0.66, ""rec"": 0.29, ""rec_0_4"": 0.06, ""rec_10_19"": 0.09, ""rec_20_29"": 0.06, ""rec_2pt"": 0.0, ""rec_30_39"": 0.03, ""rec_40p"": 0.03, ""rec_5_9"": 0.06, ""rec_fd"": 0.27, ""rec_td"": 0.01, ""rec_tgt"": 0.37, ""rec_yd"": 2.73, ""rush_2pt"": 0.0, ""rush_40p"": 0.01, ""rush_att"": 0.6, ""rush_fd"": 0.22, ""rush_td"": 0.02, ""rush_yd"": 2.18}"
11533,,K,DAL,HOU,8.83,8.83,8.83,"{""adp_dd_ppr"": 999.0, ""fga"": 2.4, ""fgm"": 2.08, ""fgm_20_29"": 0.36, ""fgm_30_39"": 0.46, ""fgm_40_49"": 0.46, ""fgm_50p"": 0.41, ""fgm_yds"": 70.88, ""fgmiss_30_39"": 0.04, ""fgmiss_40_49"": 0.04, ""fgmiss_50p"": 0.12, ""gp"": 1.0, ""pos_adp_dd_ppr"": 999.0, ""pts_half_ppr"": 8.83, ""pts_ppr"": 8.83, ""pts_std"": 8.83, ""xpa"": 2.78, ""xpm"": 2.65, ""xpmiss"": 0.13}"
11571,,RB,NYJ,CHI,6.88,6.15,5.42,"{""adp_dd_ppr"": 175.0, ""bonus_rec_rb"": 1.46, ""def_fum_td"": 0.0, ""def_kr_yd"": 15.35, ""fum"": 0.05, ""fum_lost"": 0.02, ""gp"": 1.0, ""pos_adp_dd_ppr"": 43.0, ""pts_half_ppr"": 6.15, ""pts_ppr"": 6.88, ""pts_std"": 5.42, ""rec"": 1.46, ""rec_0_4"": 0.29, ""rec_10_19"": 0.44, ""rec_20_29"": 0.29, ""rec_2pt"": 0.0, ""rec_30_39"": 0.15, ""rec_40p"": 0.15, ""rec_5_9"": 0.29, ""rec_fd"": 1.33, ""rec_td"": 0.06, ""rec_tgt"": 1.62, ""rec_yd"": 13.34, ""rush_2pt"": 0.01, ""rush_40p"": 0.04, ""rush_att"": 4.25, ""rush_fd"": 2.35, ""rush_td"": 0.23, ""rush_yd"": 23.52}"
11576,,RB,NYJ,CHI,13.26,12.38,11.5,"{""adp_dd_ppr"": 54.0, ""bonus_rec_rb"": 1.76, ""def_fum_td"": 0.0, ""def_kr_yd"": 1.43, ""fum"": 0.14, ""fum_lost"": 0.06, ""gp"": 1.0, ""pos_adp_dd_ppr"": 21.0, ""pts_half_ppr"": 12.38, ""pts_ppr"": 13.26, ""pts_std"": 11.5, ""rec"": 1.76, ""rec_0_4"": 0.35, ""rec_10_19"": 0.53, ""rec_20_29"": 0.35, ""rec_2pt"": 0.0, ""rec_30_39"": 0.18, ""rec_40p"": 0.18, ""rec_5_9"": 0.35, ""rec_fd"": 1.35, ""rec_td"": 0.08, ""rec_tgt"": 2.13, ""rec_yd"": 13.54, ""rush_2pt"": 0.03, ""rush_40p"": 0.14, ""rush_att"": 14.7, ""rush_fd"": 6.26, ""rush_td"": 0.58, ""rush_yd"": 62.58}"
11586,,RB,LAR,PHI,7.08,6.75,6.42,"{""adp_dd_ppr"": 172.0, ""bonus_rec_rb"": 0.66, ""def_fum_td"": 0.0, ""def_kr_yd"": 19.67, ""fum"": 0.1, ""fum_lost"": 0.05, ""gp"": 1.0, ""pos_adp_dd_ppr"": 42.0, ""pts_half_ppr"": 6.75, ""pts_ppr"": 7.08, ""pts_std"": 6.42, ""rec"": 0.66, ""rec_0_4"": 0.13, ""rec_10_19"": 0.2, ""rec_20_29"": 0.13, ""rec_2pt"": 0.0, ""rec_30_39"": 0.07, ""rec_40p"": 0.07, ""rec_5_9"": 0.13, ""rec_fd"": 0.46, ""rec_td"": 0.04, ""rec_tgt"": 0.97, ""rec_yd"": 4.65, ""rush_2pt"": 0.02, ""rush_40p"": 0.11, ""rush_att"": 10.75, ""rush_fd"": 4.51, ""rush_td"": 0.21, ""rush_yd"": 45.14}"
11608,,WR,NYJ,CHI,5.24,4.03,2.82,"{""adp_dd_ppr"": 185.0, ""bonus_rec_wr"": 2.41, ""def_fum_td"": 0.0, ""def_kr_yd"": 34.62, ""fum"": 0.02, ""fum_lost"": 0.01, ""gp"": 1.0, ""pos_adp_dd_ppr"": 78.0, ""pr"": 1.13, ""pr_td"": 0.06, ""pr_yd"": 11.42, ""pts_half_ppr"": 4.03, ""pts_ppr"": 5.24, ""pts_std"": 2.82, ""rec"": 2.41, ""rec_0_4"": 0.48, ""rec_10_19"": 0.72, ""rec_20_29"": 0.48, ""rec_2pt"": 0.0, ""rec_30_39"": 0.24, ""rec_40p"": 0.24, ""rec_5_9"": 0.48, ""rec_fd"": 2.38, ""rec_td"": 0.05, ""rec_tgt"": 2.98, ""rec_yd"": 23.77, ""rush_2pt"": 0.0, ""rush_40p"": 0.0, ""rush_att"": 0.2, ""rush_fd"": 0.13, ""rush_td"": 0.01, ""rush_yd"": 1.32}"
11626,,WR,CAR,DET,3.08,2.52,1.96,"{""adp_dd_ppr"": 226.0, ""bonus_rec_wr"": 1.12, ""def_fum_td"": 0.0, ""fum"": 0.01, ""fum_lost"": 0.0, ""gp"": 1.0, ""pos_adp_dd_ppr"": 96.0, ""pts_half_ppr"": 2.52, ""pts_ppr"": 3.08, ""pts_std"": 1.96, ""rec"": 1.12, ""rec_0_4"": 0.22, ""rec_10_19"": 0.34, ""rec_20_29"": 0.22, ""rec_2pt"": 0.0, ""rec_30_39"": 0.11, ""rec_40p"": 0.11, ""rec_5_9"": 0.22, ""rec_fd"": 1.45, ""rec_td"": 0.08, ""rec_tgt"": 2.11, ""rec_yd"": 14.46, ""rush_2pt"": 0.0, ""rush_40p"": 0.0, ""rush_att"": 0.05, ""rush_fd"": 0.02, ""rush_td"": 0.0, ""rush_yd"": 0.22}"
11628,,WR,ARI,NYG,5.42,4.49,3.57,"{""adp_dd_ppr"": 181.0, ""bonus_rec_wr"": 1.85, ""def_fum_td"": 0.0, ""fum"": 0.02, ""fum_lost"": 0.01, ""gp"": 1.0, ""pos_adp_dd_ppr"": 75.0, ""pts_half_ppr"": 4.49, ""pts_ppr"": 5.42, ""pts_std"": 3.57, ""rec"": 1.85, ""rec_0_4"": 0.37, ""rec_10_19"": 0.56, ""rec_20_29"": 0.37, ""rec_2pt"": 0.01, ""rec_30_39"": 0.19, ""rec_40p"": 0.19, ""rec_5_9"": 0.37, ""rec_fd"": 2.65, ""rec_td"": 0.15, ""rec_tgt"": 3.95, ""rec_yd"": 26.52}"
11646,,WR,CAR,DET,14.58,12.08,9.59,"{""adp_dd_ppr"": 32.0, ""bonus_rec_wr"": 4.99, ""def_fum_td"": 0.0, ""fum"": 0.05, ""fum_lost"": 0.02, ""gp"": 1.0, ""pos_adp_dd_ppr"": 17.0, ""pts_half_ppr"": 12.08, ""pts_ppr"": 14.58, ""pts_std"": 9.59, ""rec"": 4.99, ""rec_0_4"": 1.0, ""rec_10_19"": 1.5, ""rec_20_29"": 1.0, ""rec_2pt"": 0.03, ""rec_30_39"": 0.5, ""rec_40p"": 0.5, ""rec_5_9"": 1.0, ""rec_fd"": 6.35, ""rec_td"": 0.53, ""rec_tgt"": 6.68, ""rec_yd"": 63.51, ""rush_2pt"": 0.0, ""rush_40p"": 0.0, ""rush_att"": 0.08, ""rush_fd"": 0.04, ""rush_td"": 0.0, ""rush_yd"": 0.37}"
11650,,WR,WAS,IND,0.42,0.34,0.26,"{""adp_dd_ppr"": 333.0, ""bonus_rec_wr"": 0.16, ""def_fum_td"": 0.0, ""def_kr_yd"": 25.54, ""fum"": 0.0, ""fum_lost"": 0.0, ""gp"": 1.0, ""pos_adp_dd_ppr"": 150.0, ""pr"": 0.12, ""pr_yd"": 1.23, ""pts_half_ppr"": 0.34, ""pts_ppr"": 0.42, ""pts_std"": 0.26, ""rec"": 0.16, ""rec_0_4"": 0.03, ""rec_10_19"": 0.05, ""rec_20_29"": 0.03, ""rec_2pt"": 0.0, ""rec_30_39"": 0.02, ""rec_40p"": 0.02, ""rec_5_9"": 0.03, ""rec_fd"": 0.2, ""rec_td"": 0.01, ""rec_tgt"": 0.24, ""rec_yd"": 2.03}"
1166,,QB,LV,KC,15.05,15.05,15.05,"{""adp_dd_ppr"": 142.0, ""bonus_rush_td_qb"": 0.09, ""cmp_pct"": 65.42, ""def_fum_td"": 0.0, ""fum"": 0.4, ""fum_lost"": 0.18, ""gp"": 1.0, ""pass_2pt"": 0.1, ""pass_att"": 31.02, ""pass_cmp"": 20.3, ""pass_cmp_40p"": 0.4, ""pass_fd"": 19.84, ""pass_inc"": 10.73, ""pass_int"": 0.5, ""pass_int_td"": 0.0, ""pass_sack"": 2.43, ""pass_td"": 1.68, ""pass_yd"": 198.43, ""pos_adp_dd_ppr"": 24.0, ""pts_half_ppr"": 15.05, ""pts_ppr"": 15.05, ""pts_std"": 15.05, ""rush_2pt"": 0.01, ""rush_40p"": 0.02, ""rush_att"": 1.94, ""rush_fd"": 0.48, ""rush_td"": 0.09, ""rush_yd"": 4.76}"
12015,,K,LAR,PHI,7.7,7.7,7.7,"{""adp_dd_ppr"": 999.0, ""fga"": 1.99, ""fgm"": 1.7, ""fgm_20_29"": 0.33, ""fgm_30_39"": 0.43, ""fgm_40_49"": 0.38, ""fgm_50p"": 0.28, ""fgm_yds"": 58.92, ""fgmiss_30_39"": 0.04, ""fgmiss_40_49"": 0.04, ""fgmiss_50p"": 0.11, ""gp"": 1.0, ""pos_adp_dd_ppr"": 999.0, ""pts_half_ppr"": 7.7, ""pts_ppr"": 7.7, ""pts_std"": 7.7, ""xpa"": 2.72, ""xpm"": 2.61, ""xpmiss"": 0.11}"
12455,,RB,KC,LV,0.25,0.22,0.2,"{""adp_dd_ppr"": 387.0, ""bonus_rec_rb"": 0.05, ""def_fum_td"": 0.0, ""def_kr_yd"": 23.87, ""fum"": 0.0, ""fum_lost"": 0.0, ""gp"": 1.0, ""pos_adp_dd_ppr"": 93.0, ""pr"": 0.26, ""pr_yd"": 3.08, ""pts_half_ppr"": 0.22, ""pts_ppr"": 0.25, ""pts_std"": 0.2, ""rec"": 0.05, ""rec_0_4"": 0.01, ""rec_10_19"": 0.01, ""rec_20_29"": 0.01, ""rec_2pt"": 0.0, ""rec_30_39"": 0.0, ""rec_40p"": 0.0, ""rec_5_9"": 0.01, ""rec_fd"": 0.04, ""rec_td"": 0.01, ""rec_tgt"": 0.07, ""rec_yd"": 0.36, ""rush_2pt"": 0.0, ""rush_40p"": 0.0, ""rush_att"": 0.26, ""rush_fd"": 0.1, ""rush_td"": 0.01, ""rush_yd"": 0.95}"
12496,,WR,MIN,MIA,1.67,1.33,0.99,"{""adp_dd_ppr"": 276.0, ""bonus_rec_wr"": 0.68, ""def_fum_td"": 0.0, ""def_kr_yd"": 12.34, ""fum"": 0.01, ""fum_lost"": 0.0, ""gp"": 1.0, ""pos_adp_dd_ppr"": 122.0, ""pts_half_ppr"": 1.33, ""pts_ppr"": 1.67, ""pts_std"": 0.99, ""rec"": 0.68, ""rec_0_4"": 0.14, ""rec_10_19"": 0.2, ""rec_20_29"": 0.14, ""rec_2pt"": 0.0, ""rec_30_39"": 0.07, ""rec_40p"": 0.07, ""rec_5_9"": 0.14, ""rec_fd"": 0.66, ""rec_td"": 0.05, ""rec_tgt"": 0.88, ""rec_yd"": 6.58, ""rush_2pt"": 0.0, ""rush_40p"": 0.0, ""rush_att"": 0.05, ""rush_fd"": 0.02, ""rush_td"": 0.0, ""rush_yd"": 0.2}"
12497,,WR,SEA,LAC,3.46,2.89,2.32,"{""adp_dd_ppr"": 215.0, ""bonus_rec_wr"": 1.14, ""def_fum_td"": 0.0, ""def_kr_yd"": 13.39, ""fum"": 0.01, ""fum_lost"": 0.01, ""gp"": 1.0, ""pos_adp_dd_ppr"": 91.0, ""pr"": 1.04, ""pr_yd"": 10.29, ""pts_half_ppr"": 2.89, ""pts_ppr"": 3.46, ""pts_std"": 2.32, ""rec"": 1.14, ""rec_0_4"": 0.23, ""rec_10_19"": 0.34, ""rec_20_29"": 0.23, ""rec_2pt"": 0.01, ""rec_30_39"": 0.11, ""rec_40p"": 0.11, ""rec_5_9"": 0.23, ""rec_fd"": 1.58, ""rec_td"": 0.12, ""rec_tgt"": 1.9, ""rec_yd"": 15.77, ""rush_2pt"": 0.0, ""rush_40p"": 0.0, ""rush_att"": 0.06, ""rush_fd"": 0.02, ""rush_td"": 0.0, ""rush_yd"": 0.24}"
12499,,WR,TEN,BAL,6.01,5.08,4.14,"{""adp_dd_ppr"": 173.0, ""bonus_rec_wr"": 1.87, ""def_fum_td"": 0.0, ""fum"": 0.02, ""fum_lost"": 0.01, ""gp"": 1.0, ""pos_adp_dd_ppr"": 72.0, ""pts_half_ppr"": 5.08, ""pts_ppr"": 6.01, ""pts_std"": 4.14, ""rec"": 1.87, ""rec_0_4"": 0.37, ""rec_10_19"": 0.56, ""rec_20_29"": 0.37, ""rec_2pt"": 0.01, ""rec_30_39"": 0.19, ""rec_40p"": 0.19, ""rec_5_9"": 0.37, ""rec_fd"": 3.04, ""rec_td"": 0.18, ""rec_tgt"": 3.83, ""rec_yd"": 30.45, ""rush_att"": 0.02, ""rush_fd"": 0.01, ""rush_td"": 0.0, ""rush_yd"": 0.09}"
12517,,TE,CHI,NYJ,10.26,8.5,6.75,"{""adp_dd_ppr"": 91.0, ""bonus_rec_te"": 3.51, ""def_fum_td"": 0.0, ""fum"": 0.03, ""fum_lost"": 0.01, ""gp"": 1.0, ""pos_adp_dd_ppr"": 13.0, ""pts_half_ppr"": 8.5, ""pts_ppr"": 10.26, ""pts_std"": 6.75, ""rec"": 3.51, ""rec_0_4"": 0.7, ""rec_10_19"": 1.05, ""rec_20_29"": 0.7, ""rec_2pt"": 0.02, ""rec_30_39"": 0.35, ""rec_40p"": 0.35, ""rec_5_9"": 0.7, ""rec_fd"": 4.39, ""rec_td"": 0.39, ""rec_tgt"": 4.92, ""rec_yd"": 43.86, ""rush_2pt"": 0.0, ""rush_40p"": 0.0, ""rush_att"": 0.06, ""rush_fd"": 0.02, ""rush_td"": 0.0, ""rush_yd"": 0.23}"
12527,,RB,LV,KC,15.53,13.76,11.98,"{""adp_dd_ppr"": 35.0, ""bonus_rec_rb"": 3.55, ""def_fum_td"": 0.0, ""fum"": 0.19, ""fum_lost"": 0.08, ""gp"": 1.0, ""pos_adp_dd_ppr"": 14.0, ""pts_half_ppr"": 13.76, ""pts_ppr"": 15.53, ""pts_std"": 11.98, ""rec"": 3.55, ""rec_0_4"": 0.71, ""rec_10_19"": 1.06, ""rec_20_29"": 0.71, ""rec_2pt"": 0.02, ""rec_30_39"": 0.35, ""rec_40p"": 0.35, ""rec_5_9"": 0.71, ""rec_fd"": 2.01, ""rec_td"": 0.31, ""rec_tgt"": 4.5, ""rec_yd"": 20.05, ""rush_2pt"": 0.02, ""rush_40p"": 0.18, ""rush_att"": 18.11, ""rush_fd"": 6.47, ""rush_td"": 0.29, ""rush_yd"": 64.72}"
12529,,RB,NE,BUF,9.53,8.86,8.2,"{""adp_dd_ppr"": 123.0, ""bonus_rec_rb"": 1.33, ""def_fum_td"": 0.0, ""def_kr_yd"": 8.3, ""fum"": 0.09, ""fum_lost"": 0.04, ""gp"": 1.0, ""pos_adp_dd_ppr"": 28.0, ""pts_half_ppr"": 8.86, ""pts_ppr"": 9.53, ""pts_std"": 8.2, ""rec"": 1.33, ""rec_0_4"": 0.27, ""rec_10_19"": 0.4, ""rec_20_29"": 0.27, ""rec_2pt"": 0.0, ""rec_30_39"": 0.13, ""rec_40p"": 0.13, ""rec_5_9"": 0.27, ""rec_fd"": 0.92, ""rec_td"": 0.05, ""rec_tgt"": 1.72, ""rec_yd"": 9.19, ""rush_2pt"": 0.03, ""rush_40p"": 0.08, ""rush_att"": 8.66, ""rush_fd"": 4.57, ""rush_td"": 0.4, ""rush_yd"": 45.71}"
12634,,WR,SF,DEN,1.74,1.44,1.14,"{""adp_dd_ppr"": 273.0, ""bonus_rec_wr"": 0.6, ""def_kr_yd"": 6.79, ""gp"": 1.0, ""pos_adp_dd_ppr"": 121.0, ""pts_half_ppr"": 1.44, ""pts_ppr"": 1.74, ""pts_std"": 1.14, ""rec"": 0.6, ""rec_0_4"": 0.12, ""rec_10_19"": 0.18, ""rec_20_29"": 0.12, ""rec_30_39"": 0.06, ""rec_40p"": 0.06, ""rec_5_9"": 0.12, ""rec_fd"": 0.91, ""rec_td"": 0.04, ""rec_tgt"": 1.08, ""rec_yd"": 9.09}"
12713,,K,NE,BUF,6.91,6.91,6.91,"{""adp_dd_ppr"": 999.0, ""fga"": 1.94, ""fgm"": 1.59, ""fgm_0_19"": 0.05, ""fgm_20_29"": 0.24, ""fgm_30_39"": 0.43, ""fgm_40_49"": 0.39, ""fgm_50p"": 0.19, ""fgm_yds"": 52.57, ""fgmiss_30_39"": 0.04, ""fgmiss_40_49"": 0.08, ""fgmiss_50p"": 0.11, ""gp"": 1.0, ""pos_adp_dd_ppr"": 999.0, ""pts_half_ppr"": 6.91, ""pts_ppr"": 6.91, ""pts_std"": 6.91, ""xpa"": 2.45, ""xpm"": 2.33, ""xpmiss"": 0.11}"
13150,,WR,PHI,LAR,2.37,1.87,1.38,"{""adp_dd_ppr"": 247.0, ""bonus_rec_wr"": 1.0, ""def_fum_td"": 0.0, ""def_kr_yd"": 1.83, ""fum"": 0.01, ""fum_lost"": 0.0, ""gp"": 1.0, ""pos_adp_dd_ppr"": 105.0, ""pts_half_ppr"": 1.87, ""pts_ppr"": 2.37, ""pts_std"": 1.38, ""rec"": 1.0, ""rec_0_4"": 0.2, ""rec_10_19"": 0.3, ""rec_20_29"": 0.2, ""rec_2pt"": 0.0, ""rec_30_39"": 0.1, ""rec_40p"": 0.1, ""rec_5_9"": 0.2, ""rec_fd"": 1.0, ""rec_td"": 0.06, ""rec_tgt"": 1.42, ""rec_yd"": 9.99}"
13278,,TE,LAR,PHI,0.51,0.41,0.3,"{""adp_dd_ppr"": 355.0, ""bonus_rec_te"": 0.21, ""def_fum_td"": 0.0, ""fum"": 0.0, ""fum_lost"": 0.0, ""gp"": 1.0, ""pos_adp_dd_ppr"": 84.0, ""pts_half_ppr"": 0.41, ""pts_ppr"": 0.51, ""pts_std"": 0.3, ""rec"": 0.21, ""rec_0_4"": 0.04, ""rec_10_19"": 0.06, ""rec_20_29"": 0.04, ""rec_2pt"": 0.0, ""rec_30_39"": 0.02, ""rec_40p"": 0.02, ""rec_5_9"": 0.04, ""rec_fd"": 0.22, ""rec_td"": 0.01, ""rec_tgt"": 0.32, ""rec_yd"": 2.19}"
13286,,RB,SEA,LAC,8.16,7.64,7.12,"{""adp_dd_ppr"": 148.0, ""bonus_rec_rb"": 1.03, ""def_fum_td"": 0.0, ""def_kr_td"": 0.06, ""def_kr_yd"": 50.53, ""fum"": 0.1, ""fum_lost"": 0.05, ""gp"": 1.0, ""pos_adp_dd_ppr"": 35.0, ""pts_half_ppr"": 7.64, ""pts_ppr"": 8.16, ""pts_std"": 7.12, ""rec"": 1.03, ""rec_0_4"": 0.21, ""rec_10_19"": 0.31, ""rec_20_29"": 0.21, ""rec_2pt"": 0.0, ""rec_30_39"": 0.1, ""rec_40p"": 0.1, ""rec_5_9"": 0.21, ""rec_fd"": 0.9, ""rec_td"": 0.05, ""rec_tgt"": 1.58, ""rec_yd"": 8.99, ""rush_2pt"": 0.02, ""rush_40p"": 0.1, ""rush_att"": 9.97, ""rush_fd"": 3.9, ""rush_td"": 0.34, ""rush_yd"": 38.99}"
13305,,RB,LV,KC,4.46,4.19,3.92,"{""adp_dd_ppr"": 216.0, ""bonus_rec_rb"": 0.54, ""def_fum_td"": 0.0, ""def_kr_yd"": 9.05, ""fum"": 0.04, ""fum_lost"": 0.02, ""gp"": 1.0, ""pos_adp_dd_ppr"": 57.0, ""pts_half_ppr"": 4.19, ""pts_ppr"": 4.46, ""pts_std"": 3.92, ""rec"": 0.54, ""rec_0_4"": 0.11, ""rec_10_19"": 0.16, ""rec_20_29"": 0.11, ""rec_2pt"": 0.0, ""rec_30_39"": 0.05, ""rec_40p"": 0.05, ""rec_5_9"": 0.11, ""rec_fd"": 0.48, ""rec_td"": 0.04, ""rec_tgt"": 0.95, ""rec_yd"": 4.76, ""rush_2pt"": 0.01, ""rush_40p"": 0.04, ""rush_att"": 4.24, ""rush_fd"": 2.18, ""rush_td"": 0.17, ""rush_yd"": 21.75}"
13333,,WR,IND,WAS,0.21,0.18,0.14,"{""adp_dd_ppr"": 345.0, ""bonus_rec_wr"": 0.08, ""def_fum_td"": 0.0, ""fum"": 0.0, ""fum_lost"": 0.0, ""gp"": 1.0, ""pos_adp_dd_ppr"": 156.0, ""pts_half_ppr"": 0.18, ""pts_ppr"": 0.21, ""pts_std"": 0.14, ""rec"": 0.08, ""rec_0_4"": 0.02, ""rec_10_19"": 0.02, ""rec_20_29"": 0.02, ""rec_2pt"": 0.0, ""rec_30_39"": 0.01, ""rec_40p"": 0.01, ""rec_5_9"": 0.02, ""rec_fd"": 0.09, ""rec_td"": 0.01, ""rec_tgt"": 0.12, ""rec_yd"": 0.92}"
13413,,WR,KC,LV,0.44,0.36,0.28,"{""adp_dd_ppr"": 330.0, ""bonus_rec_wr"": 0.15, ""def_fum_td"": 0.0, ""fum"": 0.0, ""fum_lost"": 0.0, ""gp"": 1.0, ""pos_adp_dd_ppr"": 147.0, ""pts_half_ppr"": 0.36, ""pts_ppr"": 0.44, ""pts_std"": 0.28, ""rec"": 0.15, ""rec_0_4"": 0.03, ""rec_10_19"": 0.05, ""rec_20_29"": 0.03, ""rec_2pt"": 0.0, ""rec_30_39"": 0.02, ""rec_40p"": 0.02, ""rec_5_9"": 0.03, ""rec_fd"": 0.19, ""rec_td"": 0.02, ""rec_tgt"": 0.27, ""rec_yd"": 1.92}"
13516,,RB,MIN,MIA,0.11,0.09,0.07,"{""adp_dd_ppr"": 391.0, ""def_fum_td"": 0.0, ""fum"": 0.0, ""fum_lost"": 0.0, ""gp"": 1.0, ""pos_adp_dd_ppr"": 97.0, ""pts_half_ppr"": 0.09, ""pts_ppr"": 0.11, ""pts_std"": 0.07, ""rec"": 0.04, ""rec_0_4"": 0.01, ""rec_10_19"": 0.01, ""rec_20_29"": 0.01, ""rec_2pt"": 0.0, ""rec_30_39"": 0.0, ""rec_40p"": 0.0, ""rec_5_9"": 0.01, ""rec_fd"": 0.04, ""rec_td"": 0.0, ""rec_tgt"": 0.06, ""rec_yd"": 0.39, ""rush_2pt"": 0.0, ""rush_40p"": 0.0, ""rush_att"": 0.01, ""rush_fd"": 0.01, ""rush_td"": 0.0, ""rush_yd"": 0.05}"
13545,,K,GB,TB,8.31,8.31,8.31,"{""adp_dd_ppr"": 999.0, ""fga"": 2.01, ""fgm"": 1.64, ""fgm_20_29"": 0.38, ""fgm_30_39"": 0.5, ""fgm_40_49"": 0.5, ""fgm_50p"": 0.25, ""fgm_yds"": 67.87, ""fgmiss_30_39"": 0.13, ""fgmiss_40_49"": 0.13, ""fgmiss_50p"": 0.13, ""gp"": 1.0, ""pos_adp_dd_ppr"": 999.0, ""pts_half_ppr"": 8.31, ""pts_ppr"": 8.31, ""pts_std"": 8.31, ""xpa"": 2.64, ""xpm"": 2.52, ""xpmiss"": 0.13}"
2197,,WR,SF,DEN,0.93,0.77,0.62,"{""adp_dd_ppr"": 302.0, ""bonus_rec_wr"": 0.31, ""def_fum_td"": 0.0, ""fum"": 0.0, ""fum_lost"": 0.0, ""gp"": 1.0, ""pos_adp_dd_ppr"": 130.0, ""pts_half_ppr"": 0.77, ""pts_ppr"": 0.93, ""pts_std"": 0.62, ""rec"": 0.31, ""rec_0_4"": 0.06, ""rec_10_19"": 0.09, ""rec_20_29"": 0.06, ""rec_2pt"": 0.0, ""rec_30_39"": 0.03, ""rec_40p"": 0.03, ""rec_5_9"": 0.06, ""rec_fd"": 0.49, ""rec_td"": 0.02, ""rec_tgt"": 0.63, ""rec_yd"": 4.86}"
2359,,RB,JAX,CIN,2.91,2.53,2.14,"{""adp_dd_ppr"": 269.0, ""bonus_rec_rb"": 0.76, ""def_fum_td"": 0.0, ""def_kr_yd"": 33.36, ""fum"": 0.03, ""fum_lost"": 0.01, ""gp"": 1.0, ""pos_adp_dd_ppr"": 68.0, ""pts_half_ppr"": 2.53, ""pts_ppr"": 2.91, ""pts_std"": 2.14, ""rec"": 0.76, ""rec_0_4"": 0.15, ""rec_10_19"": 0.23, ""rec_20_29"": 0.15, ""rec_2pt"": 0.0, ""rec_30_39"": 0.08, ""rec_40p"": 0.08, ""rec_5_9"": 0.15, ""rec_fd"": 0.56, ""rec_td"": 0.03, ""rec_tgt"": 0.86, ""rec_yd"": 5.57, ""rush_2pt"": 0.0, ""rush_40p"": 0.02, ""rush_att"": 2.18, ""rush_fd"": 1.06, ""rush_td"": 0.06, ""rush_yd"": 10.63}"
2747,,K,SEA,LAC,8.43,8.43,8.43,"{""adp_dd_ppr"": 999.0, ""fga"": 2.28, ""fgm"": 1.97, ""fgm_20_29"": 0.36, ""fgm_30_39"": 0.47, ""fgm_40_49"": 0.47, ""fgm_50p"": 0.31, ""fgm_yds"": 66.98, ""fgmiss_30_39"": 0.04, ""fgmiss_40_49"": 0.04, ""fgmiss_50p"": 0.12, ""gp"": 1.0, ""pos_adp_dd_ppr"": 999.0, ""pts_half_ppr"": 8.43, ""pts_ppr"": 8.43, ""pts_std"": 8.43, ""xpa"": 2.79, ""xpm"": 2.66, ""xpmiss"": 0.13}"
3048,,TE,NYG,ARI,0.31,0.26,0.2,"{""adp_dd_ppr"": 364.0, ""bonus_rec_te"": 0.11, ""def_fum_td"": 0.0, ""fum"": 0.0, ""fum_lost"": 0.0, ""gp"": 1.0, ""pos_adp_dd_ppr"": 90.0, ""pts_half_ppr"": 0.26, ""pts_ppr"": 0.31, ""pts_std"": 0.2, ""rec"": 0.11, ""rec_0_4"": 0.02, ""rec_10_19"": 0.03, ""rec_20_29"": 0.02, ""rec_2pt"": 0.0, ""rec_30_39"": 0.01, ""rec_40p"": 0.01, ""rec_5_9"": 0.02, ""rec_fd"": 0.12, ""rec_td"": 0.01, ""rec_tgt"": 0.18, ""rec_yd"": 1.25}"
3198,,RB,BAL,TEN,20.42,19.8,19.17,"{""adp_dd_ppr"": 5.0, ""bonus_rec_rb"": 1.25, ""def_fum_td"": 0.0, ""fum"": 0.2, ""fum_lost"": 0.09, ""gp"": 1.0, ""pos_adp_dd_ppr"": 4.0, ""pts_half_ppr"": 19.8, ""pts_ppr"": 20.42, ""pts_std"": 19.17, ""rec"": 1.25, ""rec_0_4"": 0.25, ""rec_10_19"": 0.38, ""rec_20_29"": 0.25, ""rec_2pt"": 0.0, ""rec_30_39"": 0.13, ""rec_40p"": 0.13, ""rec_5_9"": 0.25, ""rec_fd"": 1.22, ""rec_td"": 0.06, ""rec_tgt"": 1.47, ""rec_yd"": 12.21, ""rush_2pt"": 0.08, ""rush_40p"": 0.21, ""rush_att"": 19.49, ""rush_fd"": 10.2, ""rush_td"": 1.24, ""rush_yd"": 102.01}"
3257,,QB,ARI,NYG,15.6,15.6,15.6,"{""adp_dd_ppr"": 132.0, ""bonus_rush_td_qb"": 0.13, ""cmp_pct"": 64.92, ""def_fum_td"": 0.0, ""fum"": 0.44, ""fum_lost"": 0.19, ""gp"": 1.0, ""pass_2pt"": 0.09, ""pass_att"": 32.68, ""pass_cmp"": 21.22, ""pass_cmp_40p"": 0.42, ""pass_fd"": 20.15, ""pass_inc"": 11.46, ""pass_int"": 0.39, ""pass_int_td"": 0.0, ""pass_sack"": 2.63, ""pass_td"": 1.48, ""pass_yd"": 201.49, ""pos_adp_dd_ppr"": 22.0, ""pts_half_ppr"": 15.6, ""pts_ppr"": 15.6, ""pts_std"": 15.6, ""rush_2pt"": 0.01, ""rush_40p"": 0.03, ""rush_att"": 3.34, ""rush_fd"": 1.41, ""rush_td"": 0.13, ""rush_yd"": 14.13}"
3269,,WR,BAL,TEN,1.94,1.66,1.37,"{""adp_dd_ppr"": 266.0, ""bonus_rec_wr"": 0.57, ""def_fum_td"": 0.0, ""fum"": 0.01, ""fum_lost"": 0.0, ""gp"": 1.0, ""pos_adp_dd_ppr"": 116.0, ""pts_half_ppr"": 1.66, ""pts_ppr"": 1.94, ""pts_std"": 1.37, ""rec"": 0.57, ""rec_0_4"": 0.11, ""rec_10_19"": 0.17, ""rec_20_29"": 0.11, ""rec_2pt"": 0.0, ""rec_30_39"": 0.06, ""rec_40p"": 0.06, ""rec_5_9"": 0.11, ""rec_fd"": 1.04, ""rec_td"": 0.05, ""rec_tgt"": 1.0, ""rec_yd"": 10.41}"
3451,,K,HOU,DAL,8.92,8.92,8.92,"{""adp_dd_ppr"": 999.0, ""fga"": 2.43, ""fgm"": 2.11, ""fgm_20_29"": 0.37, ""fgm_30_39"": 0.47, ""fgm_40_49"": 0.53, ""fgm_50p"": 0.37, ""fgm_yds"": 73.54, ""fgmiss_30_39"": 0.04, ""fgmiss_40_49"": 0.04, ""fgmiss_50p"": 0.12, ""gp"": 1.0, ""pos_adp_dd_ppr"": 999.0, ""pts_half_ppr"": 8.92, ""pts_ppr"": 8.92, ""pts_std"": 8.92, ""xpa"": 2.56, ""xpm"": 2.49, ""xpmiss"": 0.06}"
3678,,K,DEN,SF,7.76,7.76,7.76,"{""adp_dd_ppr"": 999.0, ""fga"": 2.08, ""fgm"": 1.78, ""fgm_20_29"": 0.3, ""fgm_30_39"": 0.46, ""fgm_40_49"": 0.41, ""fgm_50p"": 0.3, ""fgm_yds"": 61.76, ""fgmiss_30_39"": 0.04, ""fgmiss_40_49"": 0.04, ""fgmiss_50p"": 0.11, ""gp"": 1.0, ""pos_adp_dd_ppr"": 999.0, ""pts_half_ppr"": 7.76, ""pts_ppr"": 7.76, ""pts_std"": 7.76, ""xpa"": 2.57, ""xpm"": 2.45, ""xpmiss"": 0.12}"
4046,,QB,KC,LV,21.22,21.22,21.22,"{""adp_dd_ppr"": 42.0, ""bonus_rush_td_qb"": 0.31, ""cmp_pct"": 68.24, ""def_fum_td"": 0.0, ""fum"": 0.48, ""fum_lost"": 0.21, ""gp"": 1.0, ""pass_2pt"": 0.09, ""pass_att"": 33.34, ""pass_cmp"": 22.75, ""pass_cmp_40p"": 0.48, ""pass_fd"": 24.62, ""pass_inc"": 10.59, ""pass_int"": 0.4, ""pass_int_td"": 0.0, ""pass_sack"": 2.82, ""pass_td"": 1.96, ""pass_yd"": 246.22, ""pos_adp_dd_ppr"": 3.0, ""pts_half_ppr"": 21.22, ""pts_ppr"": 21.22, ""pts_std"": 21.22, ""rush_2pt"": 0.02, ""rush_40p"": 0.04, ""rush_att"": 3.95, ""rush_fd"": 2.25, ""rush_td"": 0.31, ""rush_yd"": 22.54}"
4066,,TE,DEN,SF,5.59,4.47,3.34,"{""adp_dd_ppr"": 188.0, ""bonus_rec_te"": 2.25, ""def_fum_td"": 0.0, ""fum"": 0.02, ""fum_lost"": 0.01, ""gp"": 1.0, ""pos_adp_dd_ppr"": 33.0, ""pts_half_ppr"": 4.47, ""pts_ppr"": 5.59, ""pts_std"": 3.34, ""rec"": 2.25, ""rec_0_4"": 0.45, ""rec_10_19"": 0.68, ""rec_20_29"": 0.45, ""rec_2pt"": 0.01, ""rec_30_39"": 0.23, ""rec_40p"": 0.23, ""rec_5_9"": 0.45, ""rec_fd"": 2.24, ""rec_td"": 0.18, ""rec_tgt"": 3.2, ""rec_yd"": 22.43}"
4217,,TE,SF,DEN,11.5,9.42,7.34,"{""adp_dd_ppr"": 70.0, ""bonus_rec_te"": 4.16, ""def_fum_td"": 0.0, ""fum"": 0.04, ""fum_lost"": 0.02, ""gp"": 1.0, ""pos_adp_dd_ppr"": 8.0, ""pts_half_ppr"": 9.42, ""pts_ppr"": 11.5, ""pts_std"": 7.34, ""rec"": 4.16, ""rec_0_4"": 0.83, ""rec_10_19"": 1.25, ""rec_20_29"": 0.83, ""rec_2pt"": 0.03, ""rec_30_39"": 0.42, ""rec_40p"": 0.42, ""rec_5_9"": 0.83, ""rec_fd"": 4.88, ""rec_td"": 0.41, ""rec_tgt"": 5.55, ""rec_yd"": 48.78}"
4993,,TE,CIN,JAX,7.8,6.34,4.88,"{""adp_dd_ppr"": 145.0, ""bonus_rec_te"": 2.92, ""def_fum_td"": 0.0, ""fum"": 0.03, ""fum_lost"": 0.01, ""gp"": 1.0, ""pos_adp_dd_ppr"": 25.0, ""pts_half_ppr"": 6.34, ""pts_ppr"": 7.8, ""pts_std"": 4.88, ""rec"": 2.92, ""rec_0_4"": 0.58, ""rec_10_19"": 0.88, ""rec_20_29"": 0.58, ""rec_2pt"": 0.02, ""rec_30_39"": 0.29, ""rec_40p"": 0.29, ""rec_5_9"": 0.58, ""rec_fd"": 3.27, ""rec_td"": 0.27, ""rec_tgt"": 3.93, ""rec_yd"": 32.67}"
5045,,WR,DEN,SF,9.93,8.32,6.7,"{""adp_dd_ppr"": 90.0, ""bonus_rec_wr"": 3.23, ""def_fum_td"": 0.0, ""fum"": 0.03, ""fum_lost"": 0.01, ""gp"": 1.0, ""pos_adp_dd_ppr"": 40.0, ""pts_half_ppr"": 8.32, ""pts_ppr"": 9.93, ""pts_std"": 6.7, ""rec"": 3.23, ""rec_0_4"": 0.65, ""rec_10_19"": 0.97, ""rec_20_29"": 0.65, ""rec_2pt"": 0.02, ""rec_30_39"": 0.32, ""rec_40p"": 0.32, ""rec_5_9"": 0.65, ""rec_fd"": 4.56, ""rec_td"": 0.35, ""rec_tgt"": 6.17, ""rec_yd"": 45.65}"
5870,,QB,IND,WAS,16.62,16.62,16.62,"{""adp_dd_ppr"": 104.0, ""bonus_rush_td_qb"": 0.13, ""cmp_pct"": 65.52, ""def_fum_td"": 0.0, ""fum"": 0.4, ""fum_lost"": 0.18, ""gp"": 1.0, ""pass_2pt"": 0.06, ""pass_att"": 29.7, ""pass_cmp"": 19.46, ""pass_cmp_40p"": 0.41, ""pass_fd"": 21.14, ""pass_inc"": 10.24, ""pass_int"": 0.45, ""pass_int_td"": 0.0, ""pass_sack"": 2.48, ""pass_td"": 1.58, ""pass_yd"": 211.38, ""pos_adp_dd_ppr"": 18.0, ""pts_half_ppr"": 16.62, ""pts_ppr"": 16.62, ""pts_std"": 16.62, ""rush_2pt"": 0.01, ""rush_40p"": 0.04, ""rush_att"": 3.58, ""rush_fd"": 1.74, ""rush_td"": 0.13, ""rush_yd"": 17.39}"
5995,,RB,BAL,TEN,6.16,5.29,4.41,"{""adp_dd_ppr"": 190.0, ""bonus_rec_rb"": 1.75, ""def_fum_td"": 0.0, ""fum"": 0.05, ""fum_lost"": 0.02, ""gp"": 1.0, ""pos_adp_dd_ppr"": 45.0, ""pts_half_ppr"": 5.29, ""pts_ppr"": 6.16, ""pts_std"": 4.41, ""rec"": 1.75, ""rec_0_4"": 0.35, ""rec_10_19"": 0.52, ""rec_20_29"": 0.35, ""rec_2pt"": 0.01, ""rec_30_39"": 0.17, ""rec_40p"": 0.17, ""rec_5_9"": 0.35, ""rec_fd"": 1.53, ""rec_td"": 0.09, ""rec_tgt"": 1.98, ""rec_yd"": 15.27, ""rush_2pt"": 0.01, ""rush_40p"": 0.04, ""rush_att"": 3.78, ""rush_fd"": 1.59, ""rush_td"": 0.13, ""rush_yd"": 15.92}"
6790,,RB,CHI,NYJ,16.54,15.48,14.42,"{""adp_dd_ppr"": 26.0, ""bonus_rec_rb"": 2.12, ""def_fum_td"": 0.0, ""fum"": 0.15, ""fum_lost"": 0.07, ""gp"": 1.0, ""pos_adp_dd_ppr"": 10.0, ""pts_half_ppr"": 15.48, ""pts_ppr"": 16.54, ""pts_std"": 14.42, ""rec"": 2.12, ""rec_0_4"": 0.42, ""rec_10_19"": 0.64, ""rec_20_29"": 0.42, ""rec_2pt"": 0.01, ""rec_30_39"": 0.21, ""rec_40p"": 0.21, ""rec_5_9"": 0.42, ""rec_fd"": 1.63, ""rec_td"": 0.11, ""rec_tgt"": 2.47, ""rec_yd"": 16.34, ""rush_2pt"": 0.06, ""rush_40p"": 0.15, ""rush_att"": 15.24, ""rush_fd"": 7.55, ""rush_td"": 0.77, ""rush_yd"": 75.52}"
6801,,WR,CIN,JAX,15.99,13.59,11.19,"{""adp_dd_ppr"": 23.0, ""bonus_rec_wr"": 4.8, ""def_fum_td"": 0.0, ""fum"": 0.05, ""fum_lost"": 0.02, ""gp"": 1.0, ""pos_adp_dd_ppr"": 13.0, ""pts_half_ppr"": 13.59, ""pts_ppr"": 15.99, ""pts_std"": 11.19, ""rec"": 4.8, ""rec_0_4"": 0.96, ""rec_10_19"": 1.44, ""rec_20_29"": 0.96, ""rec_2pt"": 0.03, ""rec_30_39"": 0.48, ""rec_40p"": 0.48, ""rec_5_9"": 0.96, ""rec_fd"": 7.76, ""rec_td"": 0.56, ""rec_tgt"": 7.79, ""rec_yd"": 77.6, ""rush_2pt"": 0.0, ""rush_40p"": 0.0, ""rush_att"": 0.06, ""rush_fd"": 0.03, ""rush_td"": 0.0, ""rush_yd"": 0.26}"
6804,,QB,GB,TB,17.3,17.3,17.3,"{""adp_dd_ppr"": 92.0, ""bonus_rush_td_qb"": 0.07, ""cmp_pct"": 64.13, ""def_fum_td"": 0.0, ""fum"": 0.41, ""fum_lost"": 0.18, ""gp"": 1.0, ""pass_2pt"": 0.09, ""pass_att"": 32.7, ""pass_cmp"": 20.97, ""pass_cmp_40p"": 0.41, ""pass_fd"": 24.81, ""pass_inc"": 11.73, ""pass_int"": 0.71, ""pass_int_td"": 0.0, ""pass_sack"": 2.56, ""pass_td"": 1.62, ""pass_yd"": 248.1, ""pos_adp_dd_ppr"": 14.0, ""pts_half_ppr"": 17.3, ""pts_ppr"": 17.3, ""pts_std"": 17.3, ""rush_2pt"": 0.01, ""rush_40p"": 0.03, ""rush_att"": 3.21, ""rush_fd"": 1.34, ""rush_td"": 0.07, ""rush_yd"": 13.4}"
6813,,RB,IND,WAS,21.51,20.15,18.79,"{""adp_dd_ppr"": 4.0, ""bonus_rec_rb"": 2.72, ""def_fum_td"": 0.0, ""fum"": 0.23, ""fum_lost"": 0.1, ""gp"": 1.0, ""pos_adp_dd_ppr"": 3.0, ""pts_half_ppr"": 20.15, ""pts_ppr"": 21.51, ""pts_std"": 18.79, ""rec"": 2.72, ""rec_0_4"": 0.54, ""rec_10_19"": 0.82, ""rec_20_29"": 0.54, ""rec_2pt"": 0.01, ""rec_30_39"": 0.27, ""rec_40p"": 0.27, ""rec_5_9"": 0.54, ""rec_fd"": 2.2, ""rec_td"": 0.19, ""rec_tgt"": 3.28, ""rec_yd"": 21.98, ""rush_2pt"": 0.06, ""rush_40p"": 0.22, ""rush_att"": 21.45, ""rush_fd"": 9.96, ""rush_td"": 0.93, ""rush_yd"": 99.59}"
7528,,RB,NYG,ARI,5.0,4.66,4.31,"{""adp_dd_ppr"": 207.0, ""bonus_rec_rb"": 0.69, ""def_fum_td"": 0.0, ""fum"": 0.06, ""fum_lost"": 0.03, ""gp"": 1.0, ""pos_adp_dd_ppr"": 54.0, ""pts_half_ppr"": 4.66, ""pts_ppr"": 5.0, ""pts_std"": 4.31, ""rec"": 0.69, ""rec_0_4"": 0.14, ""rec_10_19"": 0.21, ""rec_20_29"": 0.14, ""rec_2pt"": 0.0, ""rec_30_39"": 0.07, ""rec_40p"": 0.07, ""rec_5_9"": 0.14, ""rec_fd"": 0.49, ""rec_td"": 0.04, ""rec_tgt"": 0.87, ""rec_yd"": 4.86, ""rush_2pt"": 0.01, ""rush_40p"": 0.06, ""rush_att"": 6.36, ""rush_fd"": 2.93, ""rush_td"": 0.12, ""rush_yd"": 29.26}"
7839,,K,CIN,JAX,8.29,8.29,8.29,"{""adp_dd_ppr"": 999.0, ""fga"": 2.27, ""fgm"": 1.88, ""fgm_20_29"": 0.32, ""fgm_30_39"": 0.48, ""fgm_40_49"": 0.48, ""fgm_50p"": 0.27, ""fgm_yds"": 65.38, ""fgmiss_30_39"": 0.05, ""fgmiss_40_49"": 0.05, ""fgmiss_50p"": 0.15, ""gp"": 1.0, ""pos_adp_dd_ppr"": 999.0, ""pts_half_ppr"": 8.29, ""pts_ppr"": 8.29, ""pts_std"": 8.29, ""xpa"": 2.86, ""xpm"": 2.73, ""xpmiss"": 0.13}"
7842,,TE,SF,DEN,1.75,1.34,0.92,"{""adp_dd_ppr"": 286.0, ""bonus_rec_te"": 0.83, ""def_fum_td"": 0.0, ""fum"": 0.01, ""fum_lost"": 0.0, ""gp"": 1.0, ""pos_adp_dd_ppr"": 59.0, ""pts_half_ppr"": 1.34, ""pts_ppr"": 1.75, ""pts_std"": 0.92, ""rec"": 0.83, ""rec_0_4"": 0.17, ""rec_10_19"": 0.25, ""rec_20_29"": 0.17, ""rec_2pt"": 0.0, ""rec_30_39"": 0.08, ""rec_40p"": 0.08, ""rec_5_9"": 0.17, ""rec_fd"": 0.7, ""rec_td"": 0.04, ""rec_tgt"": 1.04, ""rec_yd"": 6.99}"
7891,,TE,DET,CAR,1.66,1.28,0.9,"{""adp_dd_ppr"": 290.0, ""bonus_rec_te"": 0.77, ""def_fum_td"": 0.0, ""fum"": 0.01, ""fum_lost"": 0.0, ""gp"": 1.0, ""pos_adp_dd_ppr"": 63.0, ""pts_half_ppr"": 1.28, ""pts_ppr"": 1.66, ""pts_std"": 0.9, ""rec"": 0.77, ""rec_0_4"": 0.15, ""rec_10_19"": 0.23, ""rec_20_29"": 0.15, ""rec_2pt"": 0.0, ""rec_30_39"": 0.08, ""rec_40p"": 0.08, ""rec_5_9"": 0.15, ""rec_fd"": 0.6, ""rec_td"": 0.05, ""rec_tgt"": 0.94, ""rec_yd"": 5.99}"
8130,,TE,ARI,NYG,17.37,13.75,10.12,"{""adp_dd_ppr"": 16.0, ""bonus_rec_te"": 7.25, ""def_fum_td"": 0.0, ""fum"": 0.06, ""fum_lost"": 0.03, ""gp"": 1.0, ""pos_adp_dd_ppr"": 1.0, ""pts_half_ppr"": 13.75, ""pts_ppr"": 17.37, ""pts_std"": 10.12, ""rec"": 7.25, ""rec_0_4"": 1.45, ""rec_10_19"": 2.18, ""rec_20_29"": 1.45, ""rec_2pt"": 0.03, ""rec_30_39"": 0.73, ""rec_40p"": 0.73, ""rec_5_9"": 1.45, ""rec_fd"": 6.31, ""rec_td"": 0.62, ""rec_tgt"": 8.99, ""rec_yd"": 63.09, ""rush_att"": 0.13, ""rush_fd"": 0.06, ""rush_td"": 0.01, ""rush_yd"": 0.6}"
8131,,TE,NYG,ARI,11.36,9.32,7.28,"{""adp_dd_ppr"": 74.0, ""bonus_rec_te"": 4.08, ""def_fum_td"": 0.0, ""fum"": 0.04, ""fum_lost"": 0.02, ""gp"": 1.0, ""pos_adp_dd_ppr"": 9.0, ""pts_half_ppr"": 9.32, ""pts_ppr"": 11.36, ""pts_std"": 7.28, ""rec"": 4.08, ""rec_0_4"": 0.82, ""rec_10_19"": 1.22, ""rec_20_29"": 0.82, ""rec_2pt"": 0.02, ""rec_30_39"": 0.41, ""rec_40p"": 0.41, ""rec_5_9"": 0.82, ""rec_fd"": 4.38, ""rec_td"": 0.48, ""rec_tgt"": 5.62, ""rec_yd"": 43.79}"
8132,,RB,ARI,NYG,7.76,6.58,5.39,"{""adp_dd_ppr"": 157.0, ""bonus_rec_rb"": 2.37, ""def_fum_td"": 0.0, ""fum"": 0.08, ""fum_lost"": 0.04, ""gp"": 1.0, ""pos_adp_dd_ppr"": 39.0, ""pts_half_ppr"": 6.58, ""pts_ppr"": 7.76, ""pts_std"": 5.39, ""rec"": 2.37, ""rec_0_4"": 0.47, ""rec_10_19"": 0.71, ""rec_20_29"": 0.47, ""rec_2pt"": 0.0, ""rec_30_39"": 0.24, ""rec_40p"": 0.24, ""rec_5_9"": 0.47, ""rec_fd"": 1.26, ""rec_td"": 0.08, ""rec_tgt"": 2.48, ""rec_yd"": 12.64, ""rush_2pt"": 0.01, ""rush_40p"": 0.07, ""rush_att"": 6.91, ""rush_fd"": 2.81, ""rush_td"": 0.15, ""rush_yd"": 28.08}"
8181,,RB,LV,KC,0.91,0.77,0.63,"{""adp_dd_ppr"": 362.0, ""def_fum_td"": 0.0, ""fum"": 0.01, ""fum_lost"": 0.0, ""gp"": 1.0, ""pos_adp_dd_ppr"": 79.0, ""pts_half_ppr"": 0.77, ""pts_ppr"": 0.91, ""pts_std"": 0.63, ""rec"": 0.29, ""rec_0_4"": 0.06, ""rec_10_19"": 0.09, ""rec_20_29"": 0.06, ""rec_2pt"": 0.0, ""rec_30_39"": 0.03, ""rec_40p"": 0.03, ""rec_5_9"": 0.06, ""rec_fd"": 0.21, ""rec_td"": 0.02, ""rec_tgt"": 0.39, ""rec_yd"": 2.15, ""rush_2pt"": 0.0, ""rush_40p"": 0.0, ""rush_att"": 0.46, ""rush_fd"": 0.16, ""rush_td"": 0.02, ""rush_yd"": 1.63}"
8188,,WR,KC,LV,5.42,4.48,3.55,"{""adp_dd_ppr"": 182.0, ""bonus_rec_wr"": 1.87, ""def_fum_td"": 0.0, ""def_kr_yd"": 34.36, ""fum"": 0.02, ""fum_lost"": 0.01, ""gp"": 1.0, ""pos_adp_dd_ppr"": 76.0, ""pts_half_ppr"": 4.48, ""pts_ppr"": 5.42, ""pts_std"": 3.55, ""rec"": 1.87, ""rec_0_4"": 0.37, ""rec_10_19"": 0.56, ""rec_20_29"": 0.37, ""rec_2pt"": 0.01, ""rec_30_39"": 0.19, ""rec_40p"": 0.19, ""rec_5_9"": 0.37, ""rec_fd"": 2.85, ""rec_td"": 0.12, ""rec_tgt"": 3.1, ""rec_yd"": 28.49}"
9486,,WR,PHI,LAR,8.71,7.15,5.59,"{""adp_dd_ppr"": 116.0, ""bonus_rec_wr"": 3.12, ""def_fum_td"": 0.0, ""fum"": 0.03, ""fum_lost"": 0.01, ""gp"": 1.0, ""pos_adp_dd_ppr"": 52.0, ""pts_half_ppr"": 7.15, ""pts_ppr"": 8.71, ""pts_std"": 5.59, ""rec"": 3.12, ""rec_0_4"": 0.62, ""rec_10_19"": 0.93, ""rec_20_29"": 0.62, ""rec_2pt"": 0.02, ""rec_30_39"": 0.31, ""rec_40p"": 0.31, ""rec_5_9"": 0.62, ""rec_fd"": 4.04, ""rec_td"": 0.25, ""rec_tgt"": 4.98, ""rec_yd"": 40.41, ""rush_2pt"": 0.0, ""rush_40p"": 0.0, ""rush_att"": 0.05, ""rush_fd"": 0.02, ""rush_td"": 0.0, ""rush_yd"": 0.23}"
BAL,,DEF,BAL,TEN,9.74,9.74,9.74,"{""adp_dd_ppr"": 999.0, ""blk_kick"": 0.07, ""def_fum_td"": 0.07, ""def_kr_yd"": 106.69, ""def_pr_yd"": 125.97, ""def_td"": 0.21, ""ff"": 0.96, ""fum_rec"": 0.69, ""gp"": 1.0, ""int"": 0.96, ""pass_int_td"": 0.14, ""pos_adp_dd_ppr"": 999.0, ""pr_yd"": 19.27, ""pts_allow"": 16.0, ""pts_allow_14_20"": 1.0, ""pts_half_ppr"": 9.74, ""pts_ppr"": 9.74, ""pts_std"": 9.74, ""sack"": 3.1, ""tkl_loss"": 5.85, ""yds_allow"": 299.15, ""yds_allow_200_299"": 1.0}"
CAR,,DEF,CAR,DET,5.83,5.83,5.83,"{""adp_dd_ppr"": 999.0, ""blk_kick"": 0.06, ""def_kr_yd"": 104.75, ""def_pr_td"": 0.06, ""def_pr_yd"": 118.9, ""def_td"": 0.06, ""ff"": 0.57, ""fum_rec"": 0.51, ""gp"": 1.0, ""int"": 0.62, ""pass_int_td"": 0.06, ""pos_adp_dd_ppr"": 999.0, ""pr_td"": 0.06, ""pr_yd"": 14.15, ""pts_allow"": 27.0, ""pts_allow_21_27"": 1.0, ""pts_half_ppr"": 5.83, ""pts_ppr"": 5.83, ""pts_std"": 5.83, ""sack"": 2.21, ""st_td"": 0.06, ""tkl_loss"": 3.79, ""yds_allow"": 364.41, ""yds_allow_350_399"": 1.0}"
DEN,,DEF,DEN,SF,6.19,6.19,6.19,"{""adp_dd_ppr"": 999.0, ""blk_kick"": 0.05, ""def_fum_td"": 0.09, ""def_kr_yd"": 67.68, ""def_pr_yd"": 81.44, ""def_td"": 0.18, ""ff"": 0.69, ""fum_rec"": 0.41, ""gp"": 1.0, ""int"": 0.64, ""pass_int_td"": 0.09, ""pos_adp_dd_ppr"": 999.0, ""pr_yd"": 13.76, ""pts_allow"": 25.25, ""pts_allow_21_27"": 1.0, ""pts_half_ppr"": 6.19, ""pts_ppr"": 6.19, ""pts_std"": 6.19, ""sack"": 2.2, ""tkl_loss"": 4.08, ""yds_allow"": 367.28, ""yds_allow_350_399"": 1.0}"
DET,,DEF,DET,CAR,6.5,6.5,6.5,"{""adp_dd_ppr"": 999.0, ""blk_kick"": 0.05, ""def_fum_td"": 0.05, ""def_kr_td"": 0.05, ""def_kr_yd"": 91.35, ""def_pr_td"": 0.05, ""def_pr_yd"": 105.32, ""def_td"": 0.11, ""ff"": 0.59, ""fum_rec"": 0.59, ""gp"": 1.0, ""int"": 0.7, ""pass_int_td"": 0.05, ""pos_adp_dd_ppr"": 999.0, ""pr_yd"": 13.97, ""pts_allow"": 23.5, ""pts_allow_21_27"": 1.0, ""pts_half_ppr"": 6.5, ""pts_ppr"": 6.5, ""pts_std"": 6.5, ""sack"": 2.26, ""st_td"": 0.05, ""tkl_loss"": 4.03, ""yds_allow"": 336.13, ""yds_allow_300_349"": 1.0}"
LAC,,DEF,LAC,SEA,5.42,5.42,5.42,"{""adp_dd_ppr"": 999.0, ""blk_kick"": 0.05, ""def_fum_td"": 0.05, ""def_kr_yd"": 88.06, ""def_pr_yd"": 102.47, ""def_td"": 0.11, ""ff"": 0.11, ""fum_rec"": 0.49, ""gp"": 1.0, ""int"": 0.65, ""pass_int_td"": 0.05, ""pos_adp_dd_ppr"": 999.0, ""pr_yd"": 14.41, ""pts_allow"": 24.75, ""pts_allow_21_27"": 1.0, ""pts_half_ppr"": 5.42, ""pts_ppr"": 5.42, ""pts_std"": 5.42, ""sack"": 2.28, ""tkl_loss"": 4.23, ""yds_allow"": 347.41, ""yds_allow_300_349"": 1.0}"
MIN,,DEF,MIN,MIA,12.68,12.68,12.68,"{""adp_dd_ppr"": 999.0, ""blk_kick"": 0.07, ""def_fum_td"": 0.07, ""def_kr_yd"": 112.04, ""def_pr_td"": 0.07, ""def_pr_yd"": 131.65, ""def_td"": 0.14, ""ff"": 0.98, ""fum_rec"": 0.7, ""gp"": 1.0, ""int"": 0.91, ""pass_int_td"": 0.07, ""pos_adp_dd_ppr"": 999.0, ""pr_td"": 0.07, ""pr_yd"": 19.61, ""pts_allow"": 13.75, ""pts_allow_7_13"": 1.0, ""pts_half_ppr"": 12.68, ""pts_ppr"": 12.68, ""pts_std"": 12.68, ""sack"": 3.08, ""st_td"": 0.07, ""tkl_loss"": 5.88, ""yds_allow"": 261.46, ""yds_allow_200_299"": 1.0}"
SEA,,DEF,SEA,LAC,8.76,8.76,8.76,"{""adp_dd_ppr"": 999.0, ""blk_kick"": 0.05, ""def_fum_td"": 0.1, ""def_kr_yd"": 75.05, ""def_pr_td"": 0.05, ""def_pr_yd"": 90.58, ""def_td"": 0.21, ""ff"": 0.78, ""fum_rec"": 0.57, ""gp"": 1.0, ""int"": 0.83, ""pass_int_td"": 0.1, ""pos_adp_dd_ppr"": 999.0, ""pr_td"": 0.05, ""pr_yd"": 15.53, ""pts_allow"": 17.75, ""pts_allow_14_20"": 1.0, ""pts_half_ppr"": 8.76, ""pts_ppr"": 8.76, ""pts_std"": 8.76, ""sack"": 2.43, ""safe"": 0.05, ""st_td"": 0.05, ""tkl_loss"": 4.66, ""yds_allow"": 290.54, ""yds_allow_200_299"": 1.0}"
10232,,WR,ARI,NYG,14.44,12.15,9.85,"{""adp_dd_ppr"": 36.0, ""bonus_rec_wr"": 4.59, ""def_fum_td"": 0.0, ""fum"": 0.04, ""fum_lost"": 0.02, ""gp"": 1.0, ""pos_adp_dd_ppr"": 18.0, ""pts_half_ppr"": 12.15, ""pts_ppr"": 14.44, ""pts_std"": 9.85, ""rec"": 4.59, ""rec_0_4"": 0.92, ""rec_10_19"": 1.38, ""rec_20_29"": 0.92, ""rec_2pt"": 0.03, ""rec_30_39"": 0.46, ""rec_40p"": 0.46, ""rec_5_9"": 0.92, ""rec_fd"": 6.25, ""rec_td"": 0.59, ""rec_tgt"": 7.97, ""rec_yd"": 62.49, ""rush_2pt"": 0.0, ""rush_40p"": 0.0, ""rush_att"": 0.05, ""rush_fd"": 0.02, ""rush_td"": 0.0, ""rush_yd"": 0.25}"
10235,,RB,CHI,NYJ,0.23,0.23,0.23,"{""adp_dd_ppr"": 388.0, ""def_fum_td"": 0.0, ""fum"": 0.0, ""fum_lost"": 0.0, ""gp"": 1.0, ""pos_adp_dd_ppr"": 94.0, ""pts_half_ppr"": 0.23, ""pts_ppr"": 0.23, ""pts_std"": 0.23, ""rush_2pt"": 0.0, ""rush_40p"": 0.0, ""rush_att"": 0.36, ""rush_fd"": 0.15, ""rush_td"": 0.01, ""rush_yd"": 1.49}"
11237,,RB,DET,CAR,0.3,0.28,0.25,"{""adp_dd_ppr"": 384.0, ""bonus_rec_rb"": 0.05, ""def_fum_td"": 0.0, ""fum"": 0.0, ""fum_lost"": 0.0, ""gp"": 1.0, ""pos_adp_dd_ppr"": 90.0, ""pts_half_ppr"": 0.28, ""pts_ppr"": 0.3, ""pts_std"": 0.25, ""rec"": 0.05, ""rec_0_4"": 0.01, ""rec_10_19"": 0.01, ""rec_20_29"": 0.01, ""rec_2pt"": 0.0, ""rec_30_39"": 0.0, ""rec_40p"": 0.0, ""rec_5_9"": 0.01, ""rec_fd"": 0.04, ""rec_td"": 0.0, ""rec_tgt"": 0.07, ""rec_yd"": 0.39, ""rush_2pt"": 0.0, ""rush_40p"": 0.0, ""rush_att"": 0.27, ""rush_fd"": 0.14, ""rush_td"": 0.01, ""rush_yd"": 1.36}"
11435,,RB,SEA,LAC,6.09,5.7,5.3,"{""adp_dd_ppr"": 192.0, ""bonus_rec_rb"": 0.79, ""def_fum_td"": 0.0, ""fum"": 0.09, ""fum_lost"": 0.04, ""gp"": 1.0, ""pos_adp_dd_ppr"": 46.0, ""pts_half_ppr"": 5.7, ""pts_ppr"": 6.09, ""pts_std"": 5.3, ""rec"": 0.79, ""rec_0_4"": 0.16, ""rec_10_19"": 0.24, ""rec_20_29"": 0.16, ""rec_2pt"": 0.0, ""rec_30_39"": 0.08, ""rec_40p"": 0.08, ""rec_5_9"": 0.16, ""rec_fd"": 0.56, ""rec_td"": 0.04, ""rec_tgt"": 0.95, ""rec_yd"": 5.57, ""rush_2pt"": 0.01, ""rush_40p"": 0.09, ""rush_att"": 8.65, ""rush_fd"": 3.12, ""rush_td"": 0.24, ""rush_yd"": 31.25}"
11564,,QB,NE,BUF,18.31,18.31,18.31,"{""adp_dd_ppr"": 79.0, ""bonus_rush_td_qb"": 0.23, ""cmp_pct"": 65.83, ""def_fum_td"": 0.0, ""fum"": 0.4, ""fum_lost"": 0.18, ""gp"": 1.0, ""pass_2pt"": 0.09, ""pass_att"": 31.66, ""pass_cmp"": 20.84, ""pass_cmp_40p"": 0.42, ""pass_fd"": 23.69, ""pass_inc"": 10.82, ""pass_int"": 0.71, ""pass_int_td"": 0.0, ""pass_sack"": 2.45, ""pass_td"": 1.17, ""pass_yd"": 236.9, ""pos_adp_dd_ppr"": 12.0, ""pts_half_ppr"": 18.31, ""pts_ppr"": 18.31, ""pts_std"": 18.31, ""rush_2pt"": 0.02, ""rush_40p"": 0.06, ""rush_att"": 5.75, ""rush_fd"": 3.59, ""rush_td"": 0.23, ""rush_yd"": 35.89}"
11574,,RB,LV,KC,0.03,0.03,0.03,"{""adp_dd_ppr"": 393.0, ""bonus_rec_rb"": 0.0, ""def_fum_td"": 0.0, ""def_kr_yd"": 47.68, ""fum"": 0.0, ""fum_lost"": 0.0, ""gp"": 1.0, ""pos_adp_dd_ppr"": 99.0, ""pts_half_ppr"": 0.03, ""pts_ppr"": 0.03, ""pts_std"": 0.03, ""rec"": 0.0, ""rec_0_4"": 0.0, ""rec_10_19"": 0.0, ""rec_20_29"": 0.0, ""rec_2pt"": 0.0, ""rec_30_39"": 0.0, ""rec_40p"": 0.0, ""rec_5_9"": 0.0, ""rec_fd"": 0.0, ""rec_td"": 0.0, ""rec_tgt"": 0.01, ""rec_yd"": 0.03, ""rush_2pt"": 0.0, ""rush_40p"": 0.0, ""rush_att"": 0.05, ""rush_fd"": 0.01, ""rush_td"": 0.0, ""rush_yd"": 0.14}"
11610,,WR,MIA,MIN,8.81,7.06,5.31,"{""adp_dd_ppr"": 111.0, ""bonus_rec_wr"": 3.51, ""def_fum_td"": 0.0, ""def_kr_yd"": 29.09, ""fum"": 0.04, ""fum_lost"": 0.02, ""gp"": 1.0, ""pos_adp_dd_ppr"": 50.0, ""pr"": 1.16, ""pr_yd"": 11.73, ""pts_half_ppr"": 7.06, ""pts_ppr"": 8.81, ""pts_std"": 5.31, ""rec"": 3.51, ""rec_0_4"": 0.7, ""rec_10_19"": 1.05, ""rec_20_29"": 0.7, ""rec_2pt"": 0.01, ""rec_30_39"": 0.35, ""rec_40p"": 0.35, ""rec_5_9"": 0.7, ""rec_fd"": 3.7, ""rec_td"": 0.15, ""rec_tgt"": 6.49, ""rec_yd"": 36.97, ""rush_2pt"": 0.01, ""rush_40p"": 0.02, ""rush_att"": 1.01, ""rush_fd"": 0.4, ""rush_td"": 0.05, ""rush_yd"": 4.0}"
11631,,WR,JAX,CIN,7.58,6.34,5.1,"{""adp_dd_ppr"": 138.0, ""bonus_rec_wr"": 2.48, ""def_fum_td"": 0.0, ""fum"": 0.03, ""fum_lost"": 0.01, ""gp"": 1.0, ""pos_adp_dd_ppr"": 61.0, ""pts_half_ppr"": 6.34, ""pts_ppr"": 7.58, ""pts_std"": 5.1, ""rec"": 2.48, ""rec_0_4"": 0.5, ""rec_10_19"": 0.74, ""rec_20_29"": 0.5, ""rec_2pt"": 0.01, ""rec_30_39"": 0.25, ""rec_40p"": 0.25, ""rec_5_9"": 0.5, ""rec_fd"": 4.1, ""rec_td"": 0.15, ""rec_tgt"": 4.66, ""rec_yd"": 41.02, ""rush_2pt"": 0.0, ""rush_40p"": 0.0, ""rush_att"": 0.1, ""rush_fd"": 0.06, ""rush_td"": 0.0, ""rush_yd"": 0.62}"
11635,,WR,LAC,SEA,12.13,10.01,7.89,"{""adp_dd_ppr"": 55.0, ""bonus_rec_wr"": 4.24, ""def_fum_td"": 0.0, ""def_kr_yd"": 1.6, ""fum"": 0.04, ""fum_lost"": 0.02, ""gp"": 1.0, ""pos_adp_dd_ppr"": 28.0, ""pr"": 0.23, ""pr_yd"": 2.51, ""pts_half_ppr"": 10.01, ""pts_ppr"": 12.13, ""pts_std"": 7.89, ""rec"": 4.24, ""rec_0_4"": 0.85, ""rec_10_19"": 1.27, ""rec_20_29"": 0.85, ""rec_2pt"": 0.02, ""rec_30_39"": 0.42, ""rec_40p"": 0.42, ""rec_5_9"": 0.85, ""rec_fd"": 5.64, ""rec_td"": 0.37, ""rec_tgt"": 6.93, ""rec_yd"": 56.42, ""rush_2pt"": 0.0, ""rush_40p"": 0.0, ""rush_att"": 0.09, ""rush_fd"": 0.03, ""rush_td"": 0.0, ""rush_yd"": 0.33}"
11643,,RB,MIA,MIN,3.88,3.42,2.96,"{""adp_dd_ppr"": 234.0, ""bonus_rec_rb"": 0.93, ""def_fum_td"": 0.0, ""fum"": 0.05, ""fum_lost"": 0.02, ""gp"": 1.0, ""pos_adp_dd_ppr"": 62.0, ""pts_half_ppr"": 3.42, ""pts_ppr"": 3.88, ""pts_std"": 2.96, ""rec"": 0.93, ""rec_0_4"": 0.19, ""rec_10_19"": 0.28, ""rec_20_29"": 0.19, ""rec_2pt"": 0.0, ""rec_30_39"": 0.09, ""rec_40p"": 0.09, ""rec_5_9"": 0.19, ""rec_fd"": 0.76, ""rec_td"": 0.03, ""rec_tgt"": 1.41, ""rec_yd"": 7.59, ""rush_2pt"": 0.01, ""rush_40p"": 0.04, ""rush_att"": 5.13, ""rush_fd"": 1.46, ""rush_td"": 0.09, ""rush_yd"": 14.59}"
11786,,K,JAX,CIN,8.11,8.11,8.11,"{""adp_dd_ppr"": 999.0, ""fga"": 2.19, ""fgm"": 1.89, ""fgm_20_29"": 0.29, ""fgm_30_39"": 0.44, ""fgm_40_49"": 0.39, ""fgm_50p"": 0.39, ""fgm_yds"": 63.8, ""fgmiss_30_39"": 0.04, ""fgmiss_40_49"": 0.04, ""fgmiss_50p"": 0.11, ""gp"": 1.0, ""pos_adp_dd_ppr"": 999.0, ""pts_half_ppr"": 8.11, ""pts_ppr"": 8.11, ""pts_std"": 8.11, ""xpa"": 2.68, ""xpm"": 2.56, ""xpmiss"": 0.12}"
12048,,RB,SEA,LAC,5.2,4.43,3.66,"{""adp_dd_ppr"": 204.0, ""bonus_rec_rb"": 1.54, ""def_fum_td"": 0.0, ""fum"": 0.05, ""fum_lost"": 0.02, ""gp"": 1.0, ""pos_adp_dd_ppr"": 52.0, ""pts_half_ppr"": 4.43, ""pts_ppr"": 5.2, ""pts_std"": 3.66, ""rec"": 1.54, ""rec_0_4"": 0.31, ""rec_10_19"": 0.46, ""rec_20_29"": 0.31, ""rec_2pt"": 0.0, ""rec_30_39"": 0.15, ""rec_40p"": 0.15, ""rec_5_9"": 0.31, ""rec_fd"": 1.23, ""rec_td"": 0.07, ""rec_tgt"": 1.94, ""rec_yd"": 12.34, ""rush_2pt"": 0.01, ""rush_40p"": 0.04, ""rush_att"": 4.19, ""rush_fd"": 1.41, ""rush_td"": 0.1, ""rush_yd"": 14.07}"
12185,,K,IND,WAS,9.4,9.4,9.4,"{""adp_dd_ppr"": 999.0, ""fga"": 2.24, ""fgm"": 1.85, ""fgm_20_29"": 0.38, ""fgm_30_39"": 0.51, ""fgm_40_49"": 0.58, ""fgm_50p"": 0.38, ""fgm_yds"": 78.46, ""fgmiss_30_39"": 0.06, ""fgmiss_40_49"": 0.13, ""fgmiss_50p"": 0.19, ""gp"": 1.0, ""pos_adp_dd_ppr"": 999.0, ""pts_half_ppr"": 9.4, ""pts_ppr"": 9.4, ""pts_std"": 9.4, ""xpa"": 2.62, ""xpm"": 2.56, ""xpmiss"": 0.06}"
12389,,TE,LAC,SEA,1.44,1.12,0.81,"{""adp_dd_ppr"": 300.0, ""bonus_rec_te"": 0.63, ""gp"": 1.0, ""pos_adp_dd_ppr"": 67.0, ""pts_half_ppr"": 1.12, ""pts_ppr"": 1.44, ""pts_std"": 0.81, ""rec"": 0.63, ""rec_0_4"": 0.13, ""rec_10_19"": 0.19, ""rec_20_29"": 0.13, ""rec_30_39"": 0.06, ""rec_40p"": 0.06, ""rec_5_9"": 0.13, ""rec_fd"": 0.57, ""rec_td"": 0.04, ""rec_tgt"": 0.95, ""rec_yd"": 5.71}"
12492,,WR,DEN,SF,7.51,6.11,4.72,"{""adp_dd_ppr"": 141.0, ""bonus_rec_wr"": 2.79, ""def_fum_td"": 0.0, ""fum"": 0.03, ""fum_lost"": 0.01, ""gp"": 1.0, ""pos_adp_dd_ppr"": 62.0, ""pts_half_ppr"": 6.11, ""pts_ppr"": 7.51, ""pts_std"": 4.72, ""rec"": 2.79, ""rec_0_4"": 0.56, ""rec_10_19"": 0.84, ""rec_20_29"": 0.56, ""rec_2pt"": 0.01, ""rec_30_39"": 0.28, ""rec_40p"": 0.28, ""rec_5_9"": 0.56, ""rec_fd"": 3.17, ""rec_td"": 0.25, ""rec_tgt"": 4.44, ""rec_yd"": 31.7, ""rush_2pt"": 0.0, ""rush_40p"": 0.0, ""rush_att"": 0.09, ""rush_fd"": 0.05, ""rush_td"": 0.0, ""rush_yd"": 0.48}"
12526,,WR,CAR,DET,13.65,11.4,9.15,"{""adp_dd_ppr"": 43.0, ""bonus_rec_wr"": 4.5, ""def_fum_td"": 0.0, ""fum"": 0.04, ""fum_lost"": 0.02, ""gp"": 1.0, ""pos_adp_dd_ppr"": 22.0, ""pts_half_ppr"": 11.4, ""pts_ppr"": 13.65, ""pts_std"": 9.15, ""rec"": 4.5, ""rec_0_4"": 0.9, ""rec_10_19"": 1.35, ""rec_20_29"": 0.9, ""rec_2pt"": 0.02, ""rec_30_39"": 0.45, ""rec_40p"": 0.45, ""rec_5_9"": 0.9, ""rec_fd"": 7.17, ""rec_td"": 0.32, ""rec_tgt"": 8.54, ""rec_yd"": 71.67, ""rush_2pt"": 0.0, ""rush_40p"": 0.0, ""rush_att"": 0.08, ""rush_fd"": 0.04, ""rush_td"": 0.0, ""rush_yd"": 0.37}"
12530,,DB,JAX,CIN,1.68,1.39,1.11,"{""adp_dd_ppr"": 999.0, ""bonus_rec_wr"": 0.57, ""def_fum_td"": 0.0, ""def_kr_yd"": 5.61, ""fum"": 0.01, ""fum_lost"": 0.0, ""gp"": 1.0, ""pos_adp_dd_ppr"": 999.0, ""pts_half_ppr"": 1.39, ""pts_ppr"": 1.68, ""pts_std"": 1.11, ""rec"": 0.57, ""rec_0_4"": 0.11, ""rec_10_19"": 0.17, ""rec_20_29"": 0.11, ""rec_2pt"": 0.0, ""rec_30_39"": 0.06, ""rec_40p"": 0.06, ""rec_5_9"": 0.11, ""rec_fd"": 0.79, ""rec_td"": 0.04, ""rec_tgt"": 1.03, ""rec_yd"": 7.9, ""rush_2pt"": 0.0, ""rush_40p"": 0.0, ""rush_att"": 0.13, ""rush_fd"": 0.06, ""rush_td"": 0.0, ""rush_yd"": 0.6}"
12534,,RB,CHI,NYJ,9.1,8.56,8.01,"{""adp_dd_ppr"": 131.0, ""bonus_rec_rb"": 1.09, ""def_fum_td"": 0.0, ""fum"": 0.11, ""fum_lost"": 0.05, ""gp"": 1.0, ""pos_adp_dd_ppr"": 30.0, ""pts_half_ppr"": 8.56, ""pts_ppr"": 9.1, ""pts_std"": 8.01, ""rec"": 1.09, ""rec_0_4"": 0.22, ""rec_10_19"": 0.33, ""rec_20_29"": 0.22, ""rec_2pt"": 0.0, ""rec_30_39"": 0.11, ""rec_40p"": 0.11, ""rec_5_9"": 0.22, ""rec_fd"": 0.98, ""rec_td"": 0.06, ""rec_tgt"": 1.45, ""rec_yd"": 9.75, ""rush_2pt"": 0.02, ""rush_40p"": 0.11, ""rush_att"": 11.09, ""rush_fd"": 5.73, ""rush_td"": 0.17, ""rush_yd"": 57.27}"
12641,,WR,WAS,IND,0.58,0.49,0.41,"{""adp_dd_ppr"": 320.0, ""bonus_rec_wr"": 0.17, ""def_fum_td"": 0.0, ""def_kr_yd"": 7.68, ""fum"": 0.0, ""fum_lost"": 0.0, ""gp"": 1.0, ""pos_adp_dd_ppr"": 140.0, ""pr"": 0.8, ""pr_td"": 0.06, ""pr_yd"": 8.53, ""pts_half_ppr"": 0.49, ""pts_ppr"": 0.58, ""pts_std"": 0.41, ""rec"": 0.17, ""rec_0_4"": 0.03, ""rec_10_19"": 0.05, ""rec_20_29"": 0.03, ""rec_2pt"": 0.0, ""rec_30_39"": 0.02, ""rec_40p"": 0.02, ""rec_5_9"": 0.03, ""rec_fd"": 0.21, ""rec_td"": 0.01, ""rec_tgt"": 0.29, ""rec_yd"": 2.08, ""rush_2pt"": 0.0, ""rush_40p"": 0.0, ""rush_att"": 0.23, ""rush_fd"": 0.1, ""rush_td"": 0.01, ""rush_yd"": 0.98}"
12699,,WR,BAL,TEN,0.75,0.63,0.5,"{""adp_dd_ppr"": 312.0, ""bonus_rec_wr"": 0.25, ""def_fum_td"": 0.0, ""def_kr_yd"": 17.61, ""fum"": 0.0, ""fum_lost"": 0.0, ""gp"": 1.0, ""pos_adp_dd_ppr"": 134.0, ""pr"": 1.02, ""pr_yd"": 10.16, ""pts_half_ppr"": 0.63, ""pts_ppr"": 0.75, ""pts_std"": 0.5, ""rec"": 0.25, ""rec_0_4"": 0.05, ""rec_10_19"": 0.07, ""rec_20_29"": 0.05, ""rec_2pt"": 0.0, ""rec_30_39"": 0.02, ""rec_40p"": 0.02, ""rec_5_9"": 0.05, ""rec_fd"": 0.35, ""rec_td"": 0.02, ""rec_tgt"": 0.38, ""rec_yd"": 3.51, ""rush_2pt"": 0.0, ""rush_40p"": 0.0, ""rush_att"": 0.06, ""rush_fd"": 0.02, ""rush_td"": 0.0, ""rush_yd"": 0.25}"
12817,,TE,KC,LV,0.79,0.63,0.48,"{""adp_dd_ppr"": 339.0, ""bonus_rec_te"": 0.3, ""gp"": 1.0, ""pos_adp_dd_ppr"": 80.0, ""pts_half_ppr"": 0.63, ""pts_ppr"": 0.79, ""pts_std"": 0.48, ""rec"": 0.3, ""rec_0_4"": 0.06, ""rec_10_19"": 0.09, ""rec_20_29"": 0.06, ""rec_30_39"": 0.03, ""rec_40p"": 0.03, ""rec_5_9"": 0.06, ""rec_fd"": 0.32, ""rec_td"": 0.03, ""rec_tgt"": 0.43, ""rec_yd"": 3.2}"
13264,,WR,CIN,JAX,3.63,2.94,2.25,"{""adp_dd_ppr"": 211.0, ""bonus_rec_wr"": 1.38, ""gp"": 1.0, ""pos_adp_dd_ppr"": 89.0, ""pts_half_ppr"": 2.94, ""pts_ppr"": 3.63, ""pts_std"": 2.25, ""rec"": 1.38, ""rec_0_4"": 0.28, ""rec_10_19"": 0.41, ""rec_20_29"": 0.28, ""rec_30_39"": 0.14, ""rec_40p"": 0.14, ""rec_5_9"": 0.28, ""rec_fd"": 1.57, ""rec_td"": 0.11, ""rec_tgt"": 2.14, ""rec_yd"": 15.68, ""rush_att"": 0.07, ""rush_fd"": 0.03, ""rush_td"": 0.0, ""rush_yd"": 0.31}"
13301,,WR,WAS,IND,4.66,3.81,2.96,"{""adp_dd_ppr"": 199.0, ""bonus_rec_wr"": 1.7, ""def_fum_td"": 0.0, ""fum"": 0.02, ""fum_lost"": 0.01, ""gp"": 1.0, ""pos_adp_dd_ppr"": 85.0, ""pts_half_ppr"": 3.81, ""pts_ppr"": 4.66, ""pts_std"": 2.96, ""rec"": 1.7, ""rec_0_4"": 0.34, ""rec_10_19"": 0.51, ""rec_20_29"": 0.34, ""rec_2pt"": 0.01, ""rec_30_39"": 0.17, ""rec_40p"": 0.17, ""rec_5_9"": 0.34, ""rec_fd"": 2.13, ""rec_td"": 0.13, ""rec_tgt"": 2.73, ""rec_yd"": 21.27, ""rush_2pt"": 0.0, ""rush_40p"": 0.0, ""rush_att"": 0.11, ""rush_fd"": 0.05, ""rush_td"": 0.0, ""rush_yd"": 0.5}"
13315,,RB,LAR,PHI,0.16,0.13,0.11,"{""adp_dd_ppr"": 390.0, ""bonus_rec_rb"": 0.05, ""def_fum_td"": 0.0, ""fum"": 0.0, ""fum_lost"": 0.0, ""gp"": 1.0, ""pos_adp_dd_ppr"": 96.0, ""pts_half_ppr"": 0.13, ""pts_ppr"": 0.16, ""pts_std"": 0.11, ""rec"": 0.05, ""rec_0_4"": 0.01, ""rec_10_19"": 0.01, ""rec_20_29"": 0.01, ""rec_2pt"": 0.0, ""rec_30_39"": 0.0, ""rec_40p"": 0.0, ""rec_5_9"": 0.01, ""rec_fd"": 0.04, ""rec_td"": 0.0, ""rec_tgt"": 0.06, ""rec_yd"": 0.37, ""rush_2pt"": 0.0, ""rush_40p"": 0.0, ""rush_att"": 0.11, ""rush_fd"": 0.04, ""rush_td"": 0.0, ""rush_yd"": 0.41}"
13330,,TE,NYJ,CHI,9.55,7.7,5.85,"{""adp_dd_ppr"": 102.0, ""bonus_rec_te"": 3.7, ""def_fum_td"": 0.0, ""fum"": 0.03, ""fum_lost"": 0.01, ""gp"": 1.0, ""pos_adp_dd_ppr"": 15.0, ""pts_half_ppr"": 7.7, ""pts_ppr"": 9.55, ""pts_std"": 5.85, ""rec"": 3.7, ""rec_0_4"": 0.74, ""rec_10_19"": 1.11, ""rec_20_29"": 0.74, ""rec_2pt"": 0.01, ""rec_30_39"": 0.37, ""rec_40p"": 0.37, ""rec_5_9"": 0.74, ""rec_fd"": 4.23, ""rec_td"": 0.25, ""rec_tgt"": 4.76, ""rec_yd"": 42.29, ""rush_2pt"": 0.0, ""rush_40p"": 0.0, ""rush_att"": 0.09, ""rush_fd"": 0.04, ""rush_td"": 0.01, ""rush_yd"": 0.44}"
13414,,RB,SF,DEN,5.34,4.97,4.6,"{""adp_dd_ppr"": 202.0, ""bonus_rec_rb"": 0.74, ""def_fum_td"": 0.0, ""fum"": 0.07, ""fum_lost"": 0.03, ""gp"": 1.0, ""pos_adp_dd_ppr"": 50.0, ""pts_half_ppr"": 4.97, ""pts_ppr"": 5.34, ""pts_std"": 4.6, ""rec"": 0.74, ""rec_0_4"": 0.15, ""rec_10_19"": 0.22, ""rec_20_29"": 0.15, ""rec_2pt"": 0.0, ""rec_30_39"": 0.07, ""rec_40p"": 0.07, ""rec_5_9"": 0.15, ""rec_fd"": 0.53, ""rec_td"": 0.03, ""rec_tgt"": 0.98, ""rec_yd"": 5.29, ""rush_2pt"": 0.01, ""rush_40p"": 0.07, ""rush_att"": 6.94, ""rush_fd"": 2.97, ""rush_td"": 0.16, ""rush_yd"": 29.74}"
13425,,QB,TB,GB,13.07,13.07,13.07,"{""adp_dd_ppr"": 180.0, ""bonus_rush_td_qb"": 0.15, ""cmp_pct"": 52.8, ""def_fum_td"": 0.0, ""fum"": 0.27, ""fum_lost"": 0.12, ""gp"": 1.0, ""pass_2pt"": 0.05, ""pass_att"": 27.78, ""pass_cmp"": 14.67, ""pass_cmp_40p"": 0.27, ""pass_fd"": 18.54, ""pass_inc"": 13.11, ""pass_int"": 1.28, ""pass_int_td"": 0.0, ""pass_sack"": 2.04, ""pass_td"": 1.05, ""pass_yd"": 185.36, ""pos_adp_dd_ppr"": 31.0, ""pts_half_ppr"": 13.07, ""pts_ppr"": 13.07, ""pts_std"": 13.07, ""rush_2pt"": 0.01, ""rush_40p"": 0.04, ""rush_att"": 4.63, ""rush_fd"": 1.94, ""rush_td"": 0.15, ""rush_yd"": 19.4}"
13429,,TE,MIA,MIN,0.08,0.06,0.05,"{""adp_dd_ppr"": 374.0, ""bonus_rec_te"": 0.04, ""def_fum_td"": 0.0, ""fum"": 0.0, ""fum_lost"": 0.0, ""gp"": 1.0, ""pos_adp_dd_ppr"": 96.0, ""pts_half_ppr"": 0.06, ""pts_ppr"": 0.08, ""pts_std"": 0.05, ""rec"": 0.04, ""rec_0_4"": 0.01, ""rec_10_19"": 0.01, ""rec_20_29"": 0.01, ""rec_2pt"": 0.0, ""rec_30_39"": 0.0, ""rec_40p"": 0.0, ""rec_5_9"": 0.01, ""rec_fd"": 0.03, ""rec_td"": 0.0, ""rec_tgt"": 0.06, ""rec_yd"": 0.35}"
1737,,QB,CHI,NYJ,14.44,14.44,14.44,"{""adp_dd_ppr"": 151.0, ""bonus_rush_td_qb"": 0.06, ""cmp_pct"": 59.47, ""gp"": 1.0, ""pass_att"": 29.36, ""pass_cmp"": 17.46, ""pass_fd"": 20.17, ""pass_inc"": 11.9, ""pass_int"": 0.31, ""pass_td"": 1.34, ""pass_yd"": 201.7, ""pos_adp_dd_ppr"": 27.0, ""pts_half_ppr"": 14.44, ""pts_ppr"": 14.44, ""pts_std"": 14.44, ""rush_att"": 2.35, ""rush_fd"": 0.99, ""rush_td"": 0.06, ""rush_yd"": 9.9}"
3214,,TE,NE,BUF,9.55,7.56,5.58,"{""adp_dd_ppr"": 103.0, ""bonus_rec_te"": 3.96, ""def_fum_td"": 0.0, ""fum"": 0.04, ""fum_lost"": 0.02, ""gp"": 1.0, ""pos_adp_dd_ppr"": 16.0, ""pts_half_ppr"": 7.56, ""pts_ppr"": 9.55, ""pts_std"": 5.58, ""rec"": 3.96, ""rec_0_4"": 0.79, ""rec_10_19"": 1.19, ""rec_20_29"": 0.79, ""rec_2pt"": 0.02, ""rec_30_39"": 0.4, ""rec_40p"": 0.4, ""rec_5_9"": 0.79, ""rec_fd"": 4.09, ""rec_td"": 0.25, ""rec_tgt"": 5.35, ""rec_yd"": 40.94}"
4037,,WR,TB,GB,8.86,7.13,5.39,"{""adp_dd_ppr"": 110.0, ""bonus_rec_wr"": 3.47, ""def_fum_td"": 0.0, ""fum"": 0.03, ""fum_lost"": 0.01, ""gp"": 1.0, ""pos_adp_dd_ppr"": 49.0, ""pts_half_ppr"": 7.13, ""pts_ppr"": 8.86, ""pts_std"": 5.39, ""rec"": 3.47, ""rec_0_4"": 0.69, ""rec_10_19"": 1.04, ""rec_20_29"": 0.69, ""rec_2pt"": 0.01, ""rec_30_39"": 0.35, ""rec_40p"": 0.35, ""rec_5_9"": 0.69, ""rec_fd"": 3.86, ""rec_td"": 0.24, ""rec_tgt"": 4.44, ""rec_yd"": 38.56, ""rush_2pt"": 0.0, ""rush_40p"": 0.0, ""rush_att"": 0.09, ""rush_fd"": 0.05, ""rush_td"": 0.0, ""rush_yd"": 0.47}"
4881,,QB,BAL,TEN,22.11,22.11,22.11,"{""adp_dd_ppr"": 33.0, ""bonus_rush_td_qb"": 0.39, ""cmp_pct"": 65.99, ""def_fum_td"": 0.0, ""fum"": 0.39, ""fum_lost"": 0.17, ""gp"": 1.0, ""pass_2pt"": 0.08, ""pass_att"": 25.06, ""pass_cmp"": 16.53, ""pass_cmp_40p"": 0.36, ""pass_fd"": 23.82, ""pass_inc"": 8.52, ""pass_int"": 0.33, ""pass_int_td"": 0.0, ""pass_sack"": 2.17, ""pass_td"": 1.17, ""pass_yd"": 238.19, ""pos_adp_dd_ppr"": 2.0, ""pts_half_ppr"": 22.11, ""pts_ppr"": 22.11, ""pts_std"": 22.11, ""rush_2pt"": 0.03, ""rush_40p"": 0.11, ""rush_att"": 10.22, ""rush_fd"": 5.97, ""rush_td"": 0.39, ""rush_yd"": 59.72}"
4943,,QB,SEA,LAC,16.73,16.73,16.73,"{""adp_dd_ppr"": 100.0, ""bonus_rush_td_qb"": 0.15, ""cmp_pct"": 64.68, ""def_fum_td"": 0.0, ""fum"": 0.43, ""fum_lost"": 0.19, ""gp"": 1.0, ""pass_2pt"": 0.08, ""pass_att"": 31.66, ""pass_cmp"": 20.48, ""pass_cmp_40p"": 0.42, ""pass_fd"": 24.43, ""pass_inc"": 11.18, ""pass_int"": 1.24, ""pass_int_td"": 0.0, ""pass_sack"": 2.62, ""pass_td"": 1.62, ""pass_yd"": 244.33, ""pos_adp_dd_ppr"": 17.0, ""pts_half_ppr"": 16.73, ""pts_ppr"": 16.73, ""pts_std"": 16.73, ""rush_2pt"": 0.01, ""rush_40p"": 0.03, ""rush_att"": 3.2, ""rush_fd"": 1.04, ""rush_td"": 0.15, ""rush_yd"": 10.38}"
4981,,WR,TEN,BAL,2.87,2.35,1.84,"{""adp_dd_ppr"": 233.0, ""bonus_rec_wr"": 1.03, ""def_fum_td"": 0.0, ""fum"": 0.01, ""fum_lost"": 0.0, ""gp"": 1.0, ""pos_adp_dd_ppr"": 98.0, ""pts_half_ppr"": 2.35, ""pts_ppr"": 2.87, ""pts_std"": 1.84, ""rec"": 1.03, ""rec_0_4"": 0.21, ""rec_10_19"": 0.31, ""rec_20_29"": 0.21, ""rec_2pt"": 0.0, ""rec_30_39"": 0.1, ""rec_40p"": 0.1, ""rec_5_9"": 0.21, ""rec_fd"": 1.47, ""rec_td"": 0.06, ""rec_tgt"": 1.74, ""rec_yd"": 14.66, ""rush_2pt"": 0.0, ""rush_40p"": 0.0, ""rush_att"": 0.0, ""rush_fd"": 0.0, ""rush_td"": 0.0, ""rush_yd"": 0.02}"
4983,,WR,BUF,NE,13.84,11.71,9.59,"{""adp_dd_ppr"": 41.0, ""bonus_rec_wr"": 4.25, ""def_fum_td"": 0.0, ""fum"": 0.05, ""fum_lost"": 0.02, ""gp"": 1.0, ""pos_adp_dd_ppr"": 21.0, ""pts_half_ppr"": 11.71, ""pts_ppr"": 13.84, ""pts_std"": 9.59, ""rec"": 4.25, ""rec_0_4"": 0.85, ""rec_10_19"": 1.27, ""rec_20_29"": 0.85, ""rec_2pt"": 0.04, ""rec_30_39"": 0.42, ""rec_40p"": 0.42, ""rec_5_9"": 0.85, ""rec_fd"": 6.38, ""rec_td"": 0.49, ""rec_tgt"": 7.21, ""rec_yd"": 63.78, ""rush_2pt"": 0.0, ""rush_40p"": 0.01, ""rush_att"": 0.3, ""rush_fd"": 0.16, ""rush_td"": 0.01, ""rush_yd"": 1.65}"
5773,,WR,SF,DEN,0.44,0.37,0.29,"{""adp_dd_ppr"": 328.0, ""bonus_rec_wr"": 0.15, ""gp"": 1.0, ""pos_adp_dd_ppr"": 145.0, ""pts_half_ppr"": 0.37, ""pts_ppr"": 0.44, ""pts_std"": 0.29, ""rec"": 0.15, ""rec_0_4"": 0.03, ""rec_10_19"": 0.04, ""rec_20_29"": 0.03, ""rec_30_39"": 0.01, ""rec_40p"": 0.01, ""rec_5_9"": 0.03, ""rec_fd"": 0.24, ""rec_td"": 0.01, ""rec_tgt"": 0.32, ""rec_yd"": 2.38}"
5849,,QB,MIN,MIA,18.98,18.98,18.98,"{""adp_dd_ppr"": 64.0, ""bonus_rush_td_qb"": 0.35, ""cmp_pct"": 68.23, ""def_fum_td"": 0.0, ""fum"": 0.41, ""fum_lost"": 0.18, ""gp"": 1.0, ""pass_2pt"": 0.06, ""pass_att"": 28.24, ""pass_cmp"": 19.27, ""pass_cmp_40p"": 0.39, ""pass_fd"": 20.43, ""pass_inc"": 8.97, ""pass_int"": 0.54, ""pass_int_td"": 0.0, ""pass_sack"": 2.34, ""pass_td"": 1.39, ""pass_yd"": 204.33, ""pos_adp_dd_ppr"": 6.0, ""pts_half_ppr"": 18.98, ""pts_ppr"": 18.98, ""pts_std"": 18.98, ""rush_2pt"": 0.02, ""rush_40p"": 0.07, ""rush_att"": 7.1, ""rush_fd"": 3.87, ""rush_td"": 0.35, ""rush_yd"": 38.68}"
5947,,WR,JAX,CIN,9.7,7.9,6.1,"{""adp_dd_ppr"": 94.0, ""bonus_rec_wr"": 3.59, ""def_fum_td"": 0.0, ""fum"": 0.04, ""fum_lost"": 0.02, ""gp"": 1.0, ""pos_adp_dd_ppr"": 42.0, ""pts_half_ppr"": 7.9, ""pts_ppr"": 9.7, ""pts_std"": 6.1, ""rec"": 3.59, ""rec_0_4"": 0.72, ""rec_10_19"": 1.08, ""rec_20_29"": 0.72, ""rec_2pt"": 0.01, ""rec_30_39"": 0.36, ""rec_40p"": 0.36, ""rec_5_9"": 0.72, ""rec_fd"": 4.82, ""rec_td"": 0.2, ""rec_tgt"": 5.49, ""rec_yd"": 48.15, ""rush_2pt"": 0.0, ""rush_40p"": 0.0, ""rush_att"": 0.15, ""rush_fd"": 0.08, ""rush_td"": 0.01, ""rush_yd"": 0.8}"
6039,,RB,BUF,NE,5.03,4.31,3.58,"{""adp_dd_ppr"": 206.0, ""bonus_rec_rb"": 1.45, ""def_fum_td"": 0.0, ""def_kr_yd"": 15.03, ""fum"": 0.05, ""fum_lost"": 0.02, ""gp"": 1.0, ""pos_adp_dd_ppr"": 53.0, ""pts_half_ppr"": 4.31, ""pts_ppr"": 5.03, ""pts_std"": 3.58, ""rec"": 1.45, ""rec_0_4"": 0.29, ""rec_10_19"": 0.44, ""rec_20_29"": 0.29, ""rec_2pt"": 0.01, ""rec_30_39"": 0.15, ""rec_40p"": 0.15, ""rec_5_9"": 0.29, ""rec_fd"": 1.09, ""rec_td"": 0.09, ""rec_tgt"": 1.76, ""rec_yd"": 10.92, ""rush_2pt"": 0.01, ""rush_40p"": 0.04, ""rush_att"": 3.46, ""rush_fd"": 1.46, ""rush_td"": 0.08, ""rush_yd"": 14.64}"
6083,,K,LV,KC,8.31,8.31,8.31,"{""adp_dd_ppr"": 999.0, ""fga"": 2.15, ""fgm"": 1.82, ""fgm_20_29"": 0.44, ""fgm_30_39"": 0.58, ""fgm_40_49"": 0.65, ""fgm_50p"": 0.07, ""fgm_yds"": 70.95, ""fgmiss_50p"": 0.17, ""gp"": 1.0, ""pos_adp_dd_ppr"": 999.0, ""pts_half_ppr"": 8.31, ""pts_ppr"": 8.31, ""pts_std"": 8.31, ""xpa"": 2.56, ""xpm"": 2.42, ""xpmiss"": 0.13}"
6828,,RB,CAR,DET,4.38,3.92,3.47,"{""adp_dd_ppr"": 219.0, ""bonus_rec_rb"": 0.91, ""gp"": 1.0, ""pos_adp_dd_ppr"": 58.0, ""pts_half_ppr"": 3.92, ""pts_ppr"": 4.38, ""pts_std"": 3.47, ""rec"": 0.91, ""rec_0_4"": 0.18, ""rec_10_19"": 0.27, ""rec_20_29"": 0.18, ""rec_30_39"": 0.09, ""rec_40p"": 0.09, ""rec_5_9"": 0.18, ""rec_fd"": 0.58, ""rec_td"": 0.05, ""rec_tgt"": 1.0, ""rec_yd"": 5.8, ""rush_att"": 4.23, ""rush_fd"": 1.87, ""rush_td"": 0.12, ""rush_yd"": 18.66}"
6847,,WR,ARI,NYG,0.2,0.16,0.12,"{""adp_dd_ppr"": 347.0, ""bonus_rec_wr"": 0.08, ""def_fum_td"": 0.0, ""def_kr_td"": 0.08, ""def_kr_yd"": 54.4, ""fum"": 0.0, ""fum_lost"": 0.0, ""gp"": 1.0, ""pos_adp_dd_ppr"": 158.0, ""pr"": 1.26, ""pr_yd"": 12.55, ""pts_half_ppr"": 0.16, ""pts_ppr"": 0.2, ""pts_std"": 0.12, ""rec"": 0.08, ""rec_0_4"": 0.02, ""rec_10_19"": 0.02, ""rec_20_29"": 0.02, ""rec_2pt"": 0.0, ""rec_30_39"": 0.01, ""rec_40p"": 0.01, ""rec_5_9"": 0.02, ""rec_fd"": 0.07, ""rec_td"": 0.0, ""rec_tgt"": 0.11, ""rec_yd"": 0.66, ""rush_2pt"": 0.0, ""rush_40p"": 0.0, ""rush_att"": 0.04, ""rush_fd"": 0.02, ""rush_td"": 0.0, ""rush_yd"": 0.21}"
6931,,RB,MIN,MIA,3.52,2.99,2.45,"{""adp_dd_ppr"": 242.0, ""bonus_rec_rb"": 1.07, ""def_fum_td"": 0.0, ""fum"": 0.03, ""fum_lost"": 0.01, ""gp"": 1.0, ""pos_adp_dd_ppr"": 64.0, ""pts_half_ppr"": 2.99, ""pts_ppr"": 3.52, ""pts_std"": 2.45, ""rec"": 1.07, ""rec_0_4"": 0.21, ""rec_10_19"": 0.32, ""rec_20_29"": 0.21, ""rec_2pt"": 0.0, ""rec_30_39"": 0.11, ""rec_40p"": 0.11, ""rec_5_9"": 0.21, ""rec_fd"": 0.68, ""rec_td"": 0.06, ""rec_tgt"": 1.13, ""rec_yd"": 6.81, ""rush_2pt"": 0.0, ""rush_40p"": 0.02, ""rush_att"": 2.12, ""rush_fd"": 0.97, ""rush_td"": 0.07, ""rush_yd"": 9.72}"
7090,,WR,NYG,ARI,4.75,3.98,3.2,"{""adp_dd_ppr"": 197.0, ""bonus_rec_wr"": 1.55, ""def_fum_td"": 0.0, ""fum"": 0.02, ""fum_lost"": 0.01, ""gp"": 1.0, ""pos_adp_dd_ppr"": 84.0, ""pts_half_ppr"": 3.98, ""pts_ppr"": 4.75, ""pts_std"": 3.2, ""rec"": 1.55, ""rec_0_4"": 0.31, ""rec_10_19"": 0.46, ""rec_20_29"": 0.31, ""rec_2pt"": 0.01, ""rec_30_39"": 0.15, ""rec_40p"": 0.15, ""rec_5_9"": 0.31, ""rec_fd"": 2.42, ""rec_td"": 0.13, ""rec_tgt"": 3.04, ""rec_yd"": 24.24, ""rush_2pt"": 0.0, ""rush_40p"": 0.0, ""rush_att"": 0.02, ""rush_fd"": 0.01, ""rush_td"": 0.0, ""rush_yd"": 0.08}"
7588,,RB,DAL,HOU,14.99,13.69,12.4,"{""adp_dd_ppr"": 38.0, ""bonus_rec_rb"": 2.59, ""def_fum_td"": 0.0, ""fum"": 0.17, ""fum_lost"": 0.08, ""gp"": 1.0, ""pos_adp_dd_ppr"": 15.0, ""pts_half_ppr"": 13.69, ""pts_ppr"": 14.99, ""pts_std"": 12.4, ""rec"": 2.59, ""rec_0_4"": 0.52, ""rec_10_19"": 0.78, ""rec_20_29"": 0.52, ""rec_2pt"": 0.01, ""rec_30_39"": 0.26, ""rec_40p"": 0.26, ""rec_5_9"": 0.52, ""rec_fd"": 1.52, ""rec_td"": 0.14, ""rec_tgt"": 3.24, ""rec_yd"": 15.17, ""rush_2pt"": 0.05, ""rush_40p"": 0.17, ""rush_att"": 16.64, ""rush_fd"": 6.07, ""rush_td"": 0.67, ""rush_yd"": 60.67}"
7694,,TE,CAR,DET,3.12,2.45,1.78,"{""adp_dd_ppr"": 236.0, ""bonus_rec_te"": 1.34, ""def_fum_td"": 0.0, ""fum"": 0.01, ""fum_lost"": 0.01, ""gp"": 1.0, ""pos_adp_dd_ppr"": 43.0, ""pts_half_ppr"": 2.45, ""pts_ppr"": 3.12, ""pts_std"": 1.78, ""rec"": 1.34, ""rec_0_4"": 0.27, ""rec_10_19"": 0.4, ""rec_20_29"": 0.27, ""rec_2pt"": 0.01, ""rec_30_39"": 0.13, ""rec_40p"": 0.13, ""rec_5_9"": 0.27, ""rec_fd"": 1.16, ""rec_td"": 0.1, ""rec_tgt"": 1.83, ""rec_yd"": 11.58}"
8110,,TE,DAL,HOU,9.0,7.21,5.41,"{""adp_dd_ppr"": 120.0, ""bonus_rec_te"": 3.59, ""def_fum_td"": 0.0, ""fum"": 0.03, ""fum_lost"": 0.01, ""gp"": 1.0, ""pos_adp_dd_ppr"": 19.0, ""pts_half_ppr"": 7.21, ""pts_ppr"": 9.0, ""pts_std"": 5.41, ""rec"": 3.59, ""rec_0_4"": 0.72, ""rec_10_19"": 1.08, ""rec_20_29"": 0.72, ""rec_2pt"": 0.02, ""rec_30_39"": 0.36, ""rec_40p"": 0.36, ""rec_5_9"": 0.72, ""rec_fd"": 3.45, ""rec_td"": 0.32, ""rec_tgt"": 5.04, ""rec_yd"": 34.53}"
8111,,TE,TB,GB,7.2,5.66,4.13,"{""adp_dd_ppr"": 156.0, ""bonus_rec_te"": 3.07, ""def_fum_td"": 0.0, ""fum"": 0.02, ""fum_lost"": 0.01, ""gp"": 1.0, ""pos_adp_dd_ppr"": 27.0, ""pts_half_ppr"": 5.66, ""pts_ppr"": 7.2, ""pts_std"": 4.13, ""rec"": 3.07, ""rec_0_4"": 0.61, ""rec_10_19"": 0.92, ""rec_20_29"": 0.61, ""rec_2pt"": 0.01, ""rec_30_39"": 0.31, ""rec_40p"": 0.31, ""rec_5_9"": 0.61, ""rec_fd"": 3.17, ""rec_td"": 0.16, ""rec_tgt"": 4.09, ""rec_yd"": 31.68}"
8151,,RB,KC,LV,19.84,17.81,15.78,"{""adp_dd_ppr"": 7.0, ""bonus_rec_rb"": 4.06, ""def_fum_td"": 0.0, ""fum"": 0.2, ""fum_lost"": 0.09, ""gp"": 1.0, ""pos_adp_dd_ppr"": 5.0, ""pts_half_ppr"": 17.81, ""pts_ppr"": 19.84, ""pts_std"": 15.78, ""rec"": 4.06, ""rec_0_4"": 0.81, ""rec_10_19"": 1.22, ""rec_20_29"": 0.81, ""rec_2pt"": 0.02, ""rec_30_39"": 0.41, ""rec_40p"": 0.41, ""rec_5_9"": 0.81, ""rec_fd"": 3.23, ""rec_td"": 0.33, ""rec_tgt"": 5.0, ""rec_yd"": 32.31, ""rush_2pt"": 0.03, ""rush_40p"": 0.18, ""rush_att"": 16.84, ""rush_fd"": 8.02, ""rush_td"": 0.44, ""rush_yd"": 80.16}"
8168,,WR,GB,TB,5.01,4.08,3.16,"{""adp_dd_ppr"": 193.0, ""bonus_rec_wr"": 1.85, ""def_fum_td"": 0.0, ""def_kr_yd"": 47.68, ""fum"": 0.03, ""fum_lost"": 0.02, ""gp"": 1.0, ""pos_adp_dd_ppr"": 81.0, ""pr"": 1.22, ""pr_yd"": 11.0, ""pts_half_ppr"": 4.08, ""pts_ppr"": 5.01, ""pts_std"": 3.16, ""rec"": 1.85, ""rec_0_4"": 0.37, ""rec_10_19"": 0.56, ""rec_20_29"": 0.37, ""rec_2pt"": 0.0, ""rec_30_39"": 0.19, ""rec_40p"": 0.19, ""rec_5_9"": 0.37, ""rec_fd"": 2.22, ""rec_td"": 0.1, ""rec_tgt"": 3.27, ""rec_yd"": 22.24, ""rush_2pt"": 0.0, ""rush_40p"": 0.02, ""rush_att"": 0.53, ""rush_fd"": 0.26, ""rush_td"": 0.01, ""rush_yd"": 2.57}"
8180,,WR,LV,KC,6.11,5.12,4.13,"{""adp_dd_ppr"": 168.0, ""bonus_rec_wr"": 1.98, ""def_fum_td"": 0.0, ""fum"": 0.02, ""fum_lost"": 0.01, ""gp"": 1.0, ""pos_adp_dd_ppr"": 69.0, ""pts_half_ppr"": 5.12, ""pts_ppr"": 6.11, ""pts_std"": 4.13, ""rec"": 1.98, ""rec_0_4"": 0.4, ""rec_10_19"": 0.59, ""rec_20_29"": 0.4, ""rec_2pt"": 0.01, ""rec_30_39"": 0.2, ""rec_40p"": 0.2, ""rec_5_9"": 0.4, ""rec_fd"": 2.57, ""rec_td"": 0.24, ""rec_tgt"": 3.75, ""rec_yd"": 25.69, ""rush_2pt"": 0.0, ""rush_40p"": 0.0, ""rush_att"": 0.25, ""rush_fd"": 0.09, ""rush_td"": 0.01, ""rush_yd"": 0.9}"
8183,,QB,SF,DEN,19.61,19.61,19.61,"{""adp_dd_ppr"": 57.0, ""bonus_rush_td_qb"": 0.24, ""cmp_pct"": 65.58, ""def_fum_td"": 0.0, ""fum"": 0.43, ""fum_lost"": 0.19, ""gp"": 1.0, ""pass_2pt"": 0.15, ""pass_att"": 31.62, ""pass_cmp"": 20.74, ""pass_cmp_40p"": 0.44, ""pass_fd"": 23.66, ""pass_inc"": 10.88, ""pass_int"": 0.71, ""pass_int_td"": 0.0, ""pass_sack"": 2.64, ""pass_td"": 1.82, ""pass_yd"": 236.61, ""pos_adp_dd_ppr"": 5.0, ""pts_half_ppr"": 19.61, ""pts_ppr"": 19.61, ""pts_std"": 19.61, ""rush_2pt"": 0.02, ""rush_40p"": 0.04, ""rush_att"": 4.11, ""rush_fd"": 2.17, ""rush_td"": 0.24, ""rush_yd"": 21.71}"
8225,,TE,TEN,BAL,2.17,1.71,1.25,"{""adp_dd_ppr"": 275.0, ""bonus_rec_te"": 0.92, ""def_fum_td"": 0.0, ""fum"": 0.01, ""fum_lost"": 0.0, ""gp"": 1.0, ""pos_adp_dd_ppr"": 53.0, ""pts_half_ppr"": 1.71, ""pts_ppr"": 2.17, ""pts_std"": 1.25, ""rec"": 0.92, ""rec_0_4"": 0.18, ""rec_10_19"": 0.28, ""rec_20_29"": 0.18, ""rec_2pt"": 0.0, ""rec_30_39"": 0.09, ""rec_40p"": 0.09, ""rec_5_9"": 0.18, ""rec_fd"": 0.96, ""rec_td"": 0.05, ""rec_tgt"": 1.14, ""rec_yd"": 9.61}"
9221,,RB,DET,CAR,24.9,22.53,20.17,"{""adp_dd_ppr"": 1.0, ""bonus_rec_rb"": 4.72, ""def_fum_td"": 0.0, ""fum"": 0.24, ""fum_lost"": 0.11, ""gp"": 1.0, ""pos_adp_dd_ppr"": 1.0, ""pts_half_ppr"": 22.53, ""pts_ppr"": 24.9, ""pts_std"": 20.17, ""rec"": 4.72, ""rec_0_4"": 0.94, ""rec_10_19"": 1.42, ""rec_20_29"": 0.94, ""rec_2pt"": 0.02, ""rec_30_39"": 0.47, ""rec_40p"": 0.47, ""rec_5_9"": 0.94, ""rec_fd"": 3.01, ""rec_td"": 0.3, ""rec_tgt"": 5.77, ""rec_yd"": 30.08, ""rush_2pt"": 0.05, ""rush_40p"": 0.22, ""rush_att"": 20.48, ""rush_fd"": 9.79, ""rush_td"": 0.94, ""rush_yd"": 97.91}"
9493,,WR,LAR,PHI,17.27,14.47,11.67,"{""adp_dd_ppr"": 15.0, ""bonus_rec_wr"": 5.6, ""def_fum_td"": 0.0, ""fum"": 0.06, ""fum_lost"": 0.03, ""gp"": 1.0, ""pos_adp_dd_ppr"": 8.0, ""pts_half_ppr"": 14.47, ""pts_ppr"": 17.27, ""pts_std"": 11.67, ""rec"": 5.6, ""rec_0_4"": 1.12, ""rec_10_19"": 1.68, ""rec_20_29"": 1.12, ""rec_2pt"": 0.03, ""rec_30_39"": 0.56, ""rec_40p"": 0.56, ""rec_5_9"": 1.12, ""rec_fd"": 8.16, ""rec_td"": 0.52, ""rec_tgt"": 8.15, ""rec_yd"": 81.65, ""rush_2pt"": 0.0, ""rush_40p"": 0.01, ""rush_att"": 0.46, ""rush_fd"": 0.27, ""rush_td"": 0.02, ""rush_yd"": 2.74}"
9501,,WR,NE,BUF,6.07,4.87,3.67,"{""adp_dd_ppr"": 170.0, ""bonus_rec_wr"": 2.4, ""def_fum_td"": 0.0, ""fum"": 0.03, ""fum_lost"": 0.01, ""gp"": 1.0, ""pos_adp_dd_ppr"": 70.0, ""pts_half_ppr"": 4.87, ""pts_ppr"": 6.07, ""pts_std"": 3.67, ""rec"": 2.4, ""rec_0_4"": 0.48, ""rec_10_19"": 0.72, ""rec_20_29"": 0.48, ""rec_2pt"": 0.01, ""rec_30_39"": 0.24, ""rec_40p"": 0.24, ""rec_5_9"": 0.48, ""rec_fd"": 2.91, ""rec_td"": 0.09, ""rec_tgt"": 4.15, ""rec_yd"": 29.13, ""rush_2pt"": 0.0, ""rush_40p"": 0.01, ""rush_att"": 0.33, ""rush_fd"": 0.16, ""rush_td"": 0.01, ""rush_yd"": 1.58}"
9511,,RB,LAC,SEA,4.69,4.11,3.53,"{""adp_dd_ppr"": 210.0, ""bonus_rec_rb"": 1.17, ""def_fum_td"": 0.0, ""def_kr_yd"": 22.0, ""fum"": 0.05, ""fum_lost"": 0.02, ""gp"": 1.0, ""pos_adp_dd_ppr"": 55.0, ""pts_half_ppr"": 4.11, ""pts_ppr"": 4.69, ""pts_std"": 3.53, ""rec"": 1.17, ""rec_0_4"": 0.23, ""rec_10_19"": 0.35, ""rec_20_29"": 0.23, ""rec_2pt"": 0.0, ""rec_30_39"": 0.12, ""rec_40p"": 0.12, ""rec_5_9"": 0.23, ""rec_fd"": 0.69, ""rec_td"": 0.07, ""rec_tgt"": 1.42, ""rec_yd"": 6.86, ""rush_2pt"": 0.0, ""rush_40p"": 0.05, ""rush_att"": 5.35, ""rush_fd"": 2.16, ""rush_td"": 0.04, ""rush_yd"": 21.62}"
9754,,WR,LAC,SEA,8.58,7.19,5.81,"{""adp_dd_ppr"": 119.0, ""bonus_rec_wr"": 2.76, ""def_fum_td"": 0.0, ""fum"": 0.03, ""fum_lost"": 0.01, ""gp"": 1.0, ""pos_adp_dd_ppr"": 54.0, ""pts_half_ppr"": 7.19, ""pts_ppr"": 8.58, ""pts_std"": 5.81, ""rec"": 2.76, ""rec_0_4"": 0.55, ""rec_10_19"": 0.83, ""rec_20_29"": 0.55, ""rec_2pt"": 0.01, ""rec_30_39"": 0.28, ""rec_40p"": 0.28, ""rec_5_9"": 0.55, ""rec_fd"": 4.17, ""rec_td"": 0.26, ""rec_tgt"": 5.8, ""rec_yd"": 41.66, ""rush_2pt"": 0.0, ""rush_40p"": 0.0, ""rush_att"": 0.17, ""rush_fd"": 0.05, ""rush_td"": 0.0, ""rush_yd"": 0.54}"
9758,,QB,HOU,DAL,18.34,18.34,18.34,"{""adp_dd_ppr"": 77.0, ""bonus_rush_td_qb"": 0.15, ""cmp_pct"": 63.17, ""def_fum_td"": 0.0, ""fum"": 0.44, ""fum_lost"": 0.19, ""gp"": 1.0, ""pass_2pt"": 0.08, ""pass_att"": 32.25, ""pass_cmp"": 20.37, ""pass_cmp_40p"": 0.43, ""pass_fd"": 25.8, ""pass_inc"": 11.88, ""pass_int"": 0.37, ""pass_int_td"": 0.0, ""pass_sack"": 2.69, ""pass_td"": 1.56, ""pass_yd"": 257.98, ""pos_adp_dd_ppr"": 10.0, ""pts_half_ppr"": 18.34, ""pts_ppr"": 18.34, ""pts_std"": 18.34, ""rush_2pt"": 0.01, ""rush_40p"": 0.03, ""rush_att"": 2.99, ""rush_fd"": 1.43, ""rush_td"": 0.15, ""rush_yd"": 14.28}"
BUF,,DEF,BUF,NE,7.43,7.43,7.43,"{""adp_dd_ppr"": 999.0, ""blk_kick"": 0.07, ""def_fum_td"": 0.07, ""def_kr_yd"": 111.86, ""def_pr_yd"": 130.17, ""def_td"": 0.14, ""ff"": 0.83, ""fum_rec"": 0.62, ""gp"": 1.0, ""int"": 0.83, ""pass_int_td"": 0.07, ""pos_adp_dd_ppr"": 999.0, ""pr_yd"": 18.31, ""pts_allow"": 21.0, ""pts_allow_21_27"": 1.0, ""pts_half_ppr"": 7.43, ""pts_ppr"": 7.43, ""pts_std"": 7.43, ""sack"": 2.75, ""tkl_loss"": 5.16, ""yds_allow"": 373.7, ""yds_allow_350_399"": 1.0}"
CIN,,DEF,CIN,JAX,6.4,6.4,6.4,"{""adp_dd_ppr"": 999.0, ""blk_kick"": 0.07, ""def_kr_yd"": 124.63, ""def_pr_yd"": 141.47, ""def_td"": 0.07, ""ff"": 0.67, ""fum_rec"": 0.54, ""gp"": 1.0, ""int"": 0.74, ""pass_int_td"": 0.07, ""pos_adp_dd_ppr"": 999.0, ""pr_yd"": 16.84, ""pts_allow"": 24.25, ""pts_allow_21_27"": 1.0, ""pts_half_ppr"": 6.4, ""pts_ppr"": 6.4, ""pts_std"": 6.4, ""sack"": 2.63, ""tkl_loss"": 4.85, ""yds_allow"": 404.57, ""yds_allow_400_449"": 1.0}"
JAX,,DEF,JAX,CIN,6.19,6.19,6.19,"{""adp_dd_ppr"": 999.0, ""blk_kick"": 0.05, ""def_fum_td"": 0.05, ""def_kr_yd"": 81.14, ""def_pr_yd"": 94.84, ""def_td"": 0.15, ""ff"": 0.66, ""fum_rec"": 0.51, ""gp"": 1.0, ""int"": 0.66, ""pass_int_td"": 0.1, ""pos_adp_dd_ppr"": 999.0, ""pr_yd"": 13.69, ""pts_allow"": 26.75, ""pts_allow_21_27"": 1.0, ""pts_half_ppr"": 6.19, ""pts_ppr"": 6.19, ""pts_std"": 6.19, ""sack"": 2.18, ""tkl_loss"": 4.26, ""yds_allow"": 360.95, ""yds_allow_350_399"": 1.0}"
LAR,,DEF,LAR,PHI,7.58,7.58,7.58,"{""adp_dd_ppr"": 999.0, ""blk_kick"": 0.04, ""def_fum_td"": 0.09, ""def_kr_td"": 0.04, ""def_kr_yd"": 67.14, ""def_pr_td"": 0.04, ""def_pr_yd"": 79.27, ""def_td"": 0.17, ""ff"": 0.61, ""fum_rec"": 0.48, ""gp"": 1.0, ""int"": 0.65, ""pass_int_td"": 0.09, ""pos_adp_dd_ppr"": 999.0, ""pr_yd"": 12.13, ""pts_allow"": 20.25, ""pts_allow_14_20"": 1.0, ""pts_half_ppr"": 7.58, ""pts_ppr"": 7.58, ""pts_std"": 7.58, ""sack"": 2.25, ""safe"": 0.04, ""st_td"": 0.04, ""tkl_loss"": 3.9, ""yds_allow"": 333.8, ""yds_allow_300_349"": 1.0}"
NYJ,,DEF,NYJ,CHI,5.53,5.53,5.53,"{""adp_dd_ppr"": 999.0, ""blk_kick"": 0.07, ""def_kr_yd"": 125.95, ""def_pr_yd"": 143.45, ""def_td"": 0.07, ""ff"": 0.63, ""fum_rec"": 0.49, ""gp"": 1.0, ""int"": 0.49, ""pass_int_td"": 0.07, ""pos_adp_dd_ppr"": 999.0, ""pr_yd"": 17.49, ""pts_allow"": 23.0, ""pts_allow_21_27"": 1.0, ""pts_half_ppr"": 5.53, ""pts_ppr"": 5.53, ""pts_std"": 5.53, ""sack"": 2.38, ""tkl_loss"": 4.55, ""yds_allow"": 351.51, ""yds_allow_350_399"": 1.0}"
TB,,DEF,TB,GB,6.45,6.45,6.45,"{""adp_dd_ppr"": 999.0, ""blk_kick"": 0.06, ""def_fum_td"": 0.06, ""def_kr_yd"": 105.4, ""def_pr_yd"": 121.51, ""def_td"": 0.12, ""ff"": 0.68, ""fum_rec"": 0.5, ""gp"": 1.0, ""int"": 0.68, ""pass_int_td"": 0.06, ""pos_adp_dd_ppr"": 999.0, ""pr_yd"": 16.12, ""pts_allow"": 21.5, ""pts_allow_21_27"": 1.0, ""pts_half_ppr"": 6.45, ""pts_ppr"": 6.45, ""pts_std"": 6.45, ""sack"": 2.54, ""tkl_loss"": 4.53, ""yds_allow"": 342.84, ""yds_allow_300_349"": 1.0}"
10214,,TE,LAR,PHI,1.43,1.11,0.78,"{""adp_dd_ppr"": 301.0, ""bonus_rec_te"": 0.65, ""def_fum_td"": 0.0, ""fum"": 0.01, ""fum_lost"": 0.0, ""gp"": 1.0, ""pos_adp_dd_ppr"": 68.0, ""pts_half_ppr"": 1.11, ""pts_ppr"": 1.43, ""pts_std"": 0.78, ""rec"": 0.65, ""rec_0_4"": 0.13, ""rec_10_19"": 0.19, ""rec_20_29"": 0.13, ""rec_2pt"": 0.0, ""rec_30_39"": 0.06, ""rec_40p"": 0.06, ""rec_5_9"": 0.13, ""rec_fd"": 0.6, ""rec_td"": 0.03, ""rec_tgt"": 0.95, ""rec_yd"": 5.98}"
10222,,WR,GB,TB,,,,"{""adp_dd_ppr"": 999.0, ""gp"": 1.0, ""pos_adp_dd_ppr"": 164.0, ""pr"": 0.86, ""pr_yd"": 9.17}"
10225,,WR,DAL,HOU,0.31,0.26,0.21,"{""adp_dd_ppr"": 340.0, ""bonus_rec_wr"": 0.1, ""gp"": 1.0, ""pos_adp_dd_ppr"": 153.0, ""pts_half_ppr"": 0.26, ""pts_ppr"": 0.31, ""pts_std"": 0.21, ""rec"": 0.1, ""rec_0_4"": 0.02, ""rec_10_19"": 0.03, ""rec_20_29"": 0.02, ""rec_30_39"": 0.01, ""rec_40p"": 0.01, ""rec_5_9"": 0.02, ""rec_fd"": 0.16, ""rec_td"": 0.01, ""rec_tgt"": 0.25, ""rec_yd"": 1.65}"
10236,,TE,BUF,NE,12.16,9.81,7.45,"{""adp_dd_ppr"": 60.0, ""bonus_rec_te"": 4.71, ""def_fum_td"": 0.0, ""fum"": 0.04, ""fum_lost"": 0.02, ""gp"": 1.0, ""pos_adp_dd_ppr"": 4.0, ""pts_half_ppr"": 9.81, ""pts_ppr"": 12.16, ""pts_std"": 7.45, ""rec"": 4.71, ""rec_0_4"": 0.94, ""rec_10_19"": 1.41, ""rec_20_29"": 0.94, ""rec_2pt"": 0.02, ""rec_30_39"": 0.47, ""rec_40p"": 0.47, ""rec_5_9"": 0.94, ""rec_fd"": 5.95, ""rec_td"": 0.25, ""rec_tgt"": 6.09, ""rec_yd"": 59.54}"
11157,,WR,CAR,DET,2.24,1.78,1.31,"{""adp_dd_ppr"": 252.0, ""bonus_rec_wr"": 0.94, ""gp"": 1.0, ""pos_adp_dd_ppr"": 108.0, ""pts_half_ppr"": 1.78, ""pts_ppr"": 2.24, ""pts_std"": 1.31, ""rec"": 0.94, ""rec_0_4"": 0.19, ""rec_10_19"": 0.28, ""rec_20_29"": 0.19, ""rec_30_39"": 0.09, ""rec_40p"": 0.09, ""rec_5_9"": 0.19, ""rec_fd"": 0.92, ""rec_td"": 0.06, ""rec_tgt"": 1.33, ""rec_yd"": 9.18, ""rush_att"": 0.04, ""rush_fd"": 0.02, ""rush_td"": 0.0, ""rush_yd"": 0.18}"
11539,,K,DET,CAR,7.87,7.87,7.87,"{""adp_dd_ppr"": 999.0, ""fga"": 2.03, ""fgm"": 1.73, ""fgm_20_29"": 0.3, ""fgm_30_39"": 0.45, ""fgm_40_49"": 0.4, ""fgm_50p"": 0.3, ""fgm_yds"": 60.28, ""fgmiss_30_39"": 0.04, ""fgmiss_40_49"": 0.04, ""fgmiss_50p"": 0.11, ""gp"": 1.0, ""pos_adp_dd_ppr"": 999.0, ""pts_half_ppr"": 7.87, ""pts_ppr"": 7.87, ""pts_std"": 7.87, ""xpa"": 2.81, ""xpm"": 2.69, ""xpmiss"": 0.12}"
11570,,RB,BAL,TEN,0.42,0.38,0.33,"{""adp_dd_ppr"": 382.0, ""bonus_rec_rb"": 0.08, ""def_fum_td"": 0.0, ""def_kr_yd"": 61.04, ""fum"": 0.0, ""fum_lost"": 0.0, ""gp"": 1.0, ""pos_adp_dd_ppr"": 88.0, ""pts_half_ppr"": 0.38, ""pts_ppr"": 0.42, ""pts_std"": 0.33, ""rec"": 0.08, ""rec_0_4"": 0.02, ""rec_10_19"": 0.02, ""rec_20_29"": 0.02, ""rec_2pt"": 0.0, ""rec_30_39"": 0.01, ""rec_40p"": 0.01, ""rec_5_9"": 0.02, ""rec_fd"": 0.08, ""rec_td"": 0.01, ""rec_tgt"": 0.1, ""rec_yd"": 0.79, ""rush_2pt"": 0.0, ""rush_40p"": 0.0, ""rush_att"": 0.42, ""rush_fd"": 0.14, ""rush_td"": 0.01, ""rush_yd"": 1.43}"
11596,,TE,WAS,IND,0.98,0.76,0.53,"{""adp_dd_ppr"": 323.0, ""bonus_rec_te"": 0.45, ""def_fum_td"": 0.0, ""fum"": 0.0, ""fum_lost"": 0.0, ""gp"": 1.0, ""pos_adp_dd_ppr"": 75.0, ""pts_half_ppr"": 0.76, ""pts_ppr"": 0.98, ""pts_std"": 0.53, ""rec"": 0.45, ""rec_0_4"": 0.09, ""rec_10_19"": 0.14, ""rec_20_29"": 0.09, ""rec_2pt"": 0.0, ""rec_30_39"": 0.05, ""rec_40p"": 0.05, ""rec_5_9"": 0.09, ""rec_fd"": 0.42, ""rec_td"": 0.02, ""rec_tgt"": 0.59, ""rec_yd"": 4.16}"
11597,,TE,NYG,ARI,3.1,2.57,2.04,"{""adp_dd_ppr"": 238.0, ""bonus_rec_te"": 1.06, ""def_fum_td"": 0.0, ""fum"": 0.01, ""fum_lost"": 0.0, ""gp"": 1.0, ""pos_adp_dd_ppr"": 44.0, ""pts_half_ppr"": 2.57, ""pts_ppr"": 3.1, ""pts_std"": 2.04, ""rec"": 1.06, ""rec_0_4"": 0.21, ""rec_10_19"": 0.32, ""rec_20_29"": 0.21, ""rec_2pt"": 0.0, ""rec_30_39"": 0.11, ""rec_40p"": 0.11, ""rec_5_9"": 0.21, ""rec_fd"": 1.45, ""rec_td"": 0.1, ""rec_tgt"": 1.9, ""rec_yd"": 14.5}"
11616,,WR,SF,DEN,2.46,1.99,1.52,"{""adp_dd_ppr"": 244.0, ""bonus_rec_wr"": 0.93, ""def_fum_td"": 0.0, ""def_kr_yd"": 33.93, ""fum"": 0.01, ""fum_lost"": 0.0, ""gp"": 1.0, ""pos_adp_dd_ppr"": 102.0, ""pr"": 1.04, ""pr_yd"": 10.44, ""pts_half_ppr"": 1.99, ""pts_ppr"": 2.46, ""pts_std"": 1.52, ""rec"": 0.93, ""rec_0_4"": 0.19, ""rec_10_19"": 0.28, ""rec_20_29"": 0.19, ""rec_2pt"": 0.01, ""rec_30_39"": 0.09, ""rec_40p"": 0.09, ""rec_5_9"": 0.19, ""rec_fd"": 1.14, ""rec_td"": 0.06, ""rec_tgt"": 1.58, ""rec_yd"": 11.36}"
11623,,WR,LAR,PHI,1.08,0.87,0.66,"{""adp_dd_ppr"": 295.0, ""bonus_rec_wr"": 0.43, ""def_fum_td"": 0.0, ""def_kr_yd"": 21.86, ""fum"": 0.01, ""fum_lost"": 0.0, ""gp"": 1.0, ""pos_adp_dd_ppr"": 126.0, ""pts_half_ppr"": 0.87, ""pts_ppr"": 1.08, ""pts_std"": 0.66, ""rec"": 0.43, ""rec_0_4"": 0.09, ""rec_10_19"": 0.13, ""rec_20_29"": 0.09, ""rec_2pt"": 0.0, ""rec_30_39"": 0.04, ""rec_40p"": 0.04, ""rec_5_9"": 0.09, ""rec_fd"": 0.48, ""rec_td"": 0.02, ""rec_tgt"": 0.64, ""rec_yd"": 4.76, ""rush_2pt"": 0.0, ""rush_40p"": 0.0, ""rush_att"": 0.07, ""rush_fd"": 0.03, ""rush_td"": 0.0, ""rush_yd"": 0.29}"
11632,,WR,NYG,ARI,13.9,11.35,8.8,"{""adp_dd_ppr"": 39.0, ""bonus_rec_wr"": 5.09, ""def_fum_td"": 0.0, ""fum"": 0.05, ""fum_lost"": 0.02, ""gp"": 1.0, ""pos_adp_dd_ppr"": 20.0, ""pts_half_ppr"": 11.35, ""pts_ppr"": 13.9, ""pts_std"": 8.8, ""rec"": 5.09, ""rec_0_4"": 1.02, ""rec_10_19"": 1.53, ""rec_20_29"": 1.02, ""rec_2pt"": 0.02, ""rec_30_39"": 0.51, ""rec_40p"": 0.51, ""rec_5_9"": 1.02, ""rec_fd"": 6.26, ""rec_td"": 0.4, ""rec_tgt"": 9.27, ""rec_yd"": 62.58, ""rush_2pt"": 0.0, ""rush_40p"": 0.0, ""rush_att"": 0.3, ""rush_fd"": 0.12, ""rush_td"": 0.01, ""rush_yd"": 1.23}"
11647,,RB,LAC,SEA,1.7,1.39,1.08,"{""adp_dd_ppr"": 318.0, ""bonus_rec_rb"": 0.62, ""def_fum_td"": 0.0, ""def_kr_yd"": 19.22, ""fum"": 0.02, ""fum_lost"": 0.01, ""gp"": 1.0, ""pos_adp_dd_ppr"": 75.0, ""pts_half_ppr"": 1.39, ""pts_ppr"": 1.7, ""pts_std"": 1.08, ""rec"": 0.62, ""rec_0_4"": 0.12, ""rec_10_19"": 0.19, ""rec_20_29"": 0.12, ""rec_2pt"": 0.0, ""rec_30_39"": 0.06, ""rec_40p"": 0.06, ""rec_5_9"": 0.12, ""rec_fd"": 0.46, ""rec_td"": 0.03, ""rec_tgt"": 0.88, ""rec_yd"": 4.56, ""rush_2pt"": 0.0, ""rush_40p"": 0.01, ""rush_att"": 1.21, ""rush_fd"": 0.33, ""rush_td"": 0.02, ""rush_yd"": 3.34}"
11783,,WR,DAL,HOU,8.15,6.54,4.93,"{""adp_dd_ppr"": 128.0, ""bonus_rec_wr"": 3.22, ""def_fum_td"": 0.0, ""fum"": 0.03, ""fum_lost"": 0.01, ""gp"": 1.0, ""pos_adp_dd_ppr"": 59.0, ""pts_half_ppr"": 6.54, ""pts_ppr"": 8.15, ""pts_std"": 4.93, ""rec"": 3.22, ""rec_0_4"": 0.64, ""rec_10_19"": 0.97, ""rec_20_29"": 0.64, ""rec_2pt"": 0.01, ""rec_30_39"": 0.32, ""rec_40p"": 0.32, ""rec_5_9"": 0.64, ""rec_fd"": 3.72, ""rec_td"": 0.2, ""rec_tgt"": 4.96, ""rec_yd"": 37.25, ""rush_2pt"": 0.0, ""rush_40p"": 0.0, ""rush_att"": 0.05, ""rush_fd"": 0.02, ""rush_td"": 0.0, ""rush_yd"": 0.21}"
11994,,WR,TB,GB,0.44,0.37,0.3,"{""adp_dd_ppr"": 329.0, ""bonus_rec_wr"": 0.14, ""def_fum_td"": 0.0, ""def_kr_yd"": 33.76, ""fum"": 0.0, ""fum_lost"": 0.0, ""gp"": 1.0, ""pos_adp_dd_ppr"": 146.0, ""pr"": 1.22, ""pr_yd"": 12.22, ""pts_half_ppr"": 0.37, ""pts_ppr"": 0.44, ""pts_std"": 0.3, ""rec"": 0.14, ""rec_0_4"": 0.03, ""rec_10_19"": 0.04, ""rec_20_29"": 0.03, ""rec_2pt"": 0.0, ""rec_30_39"": 0.01, ""rec_40p"": 0.01, ""rec_5_9"": 0.03, ""rec_fd"": 0.18, ""rec_td"": 0.01, ""rec_tgt"": 0.25, ""rec_yd"": 1.77, ""rush_2pt"": 0.0, ""rush_40p"": 0.0, ""rush_att"": 0.05, ""rush_fd"": 0.03, ""rush_td"": 0.0, ""rush_yd"": 0.26}"
12481,,RB,NYG,ARI,15.57,14.56,13.54,"{""adp_dd_ppr"": 34.0, ""bonus_rec_rb"": 2.03, ""def_fum_td"": 0.0, ""fum"": 0.18, ""fum_lost"": 0.08, ""gp"": 1.0, ""pos_adp_dd_ppr"": 13.0, ""pts_half_ppr"": 14.56, ""pts_ppr"": 15.57, ""pts_std"": 13.54, ""rec"": 2.03, ""rec_0_4"": 0.41, ""rec_10_19"": 0.61, ""rec_20_29"": 0.41, ""rec_2pt"": 0.01, ""rec_30_39"": 0.2, ""rec_40p"": 0.2, ""rec_5_9"": 0.41, ""rec_fd"": 1.86, ""rec_td"": 0.17, ""rec_tgt"": 2.66, ""rec_yd"": 18.58, ""rush_2pt"": 0.03, ""rush_40p"": 0.18, ""rush_att"": 18.27, ""rush_fd"": 8.05, ""rush_td"": 0.45, ""rush_yd"": 80.52}"
12502,,TE,TEN,BAL,7.22,5.45,3.69,"{""adp_dd_ppr"": 155.0, ""bonus_rec_te"": 3.52, ""def_fum_td"": 0.0, ""fum"": 0.03, ""fum_lost"": 0.01, ""gp"": 1.0, ""pos_adp_dd_ppr"": 26.0, ""pts_half_ppr"": 5.45, ""pts_ppr"": 7.22, ""pts_std"": 3.69, ""rec"": 3.52, ""rec_0_4"": 0.7, ""rec_10_19"": 1.06, ""rec_20_29"": 0.7, ""rec_2pt"": 0.01, ""rec_30_39"": 0.35, ""rec_40p"": 0.35, ""rec_5_9"": 0.7, ""rec_fd"": 3.0, ""rec_td"": 0.12, ""rec_tgt"": 4.32, ""rec_yd"": 29.98}"
12504,,RB,GB,TB,5.71,5.14,4.58,"{""adp_dd_ppr"": 198.0, ""bonus_rec_rb"": 1.14, ""def_fum_td"": 0.0, ""def_kr_yd"": 6.43, ""fum"": 0.08, ""fum_lost"": 0.03, ""gp"": 1.0, ""pos_adp_dd_ppr"": 48.0, ""pts_half_ppr"": 5.14, ""pts_ppr"": 5.71, ""pts_std"": 4.58, ""rec"": 1.14, ""rec_0_4"": 0.23, ""rec_10_19"": 0.34, ""rec_20_29"": 0.23, ""rec_2pt"": 0.0, ""rec_30_39"": 0.11, ""rec_40p"": 0.11, ""rec_5_9"": 0.23, ""rec_fd"": 0.99, ""rec_td"": 0.08, ""rec_tgt"": 1.73, ""rec_yd"": 9.88, ""rush_2pt"": 0.01, ""rush_40p"": 0.07, ""rush_att"": 7.41, ""rush_fd"": 2.13, ""rush_td"": 0.17, ""rush_yd"": 21.28}"
12507,,RB,LAC,SEA,9.43,8.61,7.79,"{""adp_dd_ppr"": 126.0, ""bonus_rec_rb"": 1.64, ""def_fum_td"": 0.0, ""fum"": 0.12, ""fum_lost"": 0.05, ""gp"": 1.0, ""pos_adp_dd_ppr"": 29.0, ""pts_half_ppr"": 8.61, ""pts_ppr"": 9.43, ""pts_std"": 7.79, ""rec"": 1.64, ""rec_0_4"": 0.33, ""rec_10_19"": 0.49, ""rec_20_29"": 0.33, ""rec_2pt"": 0.0, ""rec_30_39"": 0.16, ""rec_40p"": 0.16, ""rec_5_9"": 0.33, ""rec_fd"": 0.8, ""rec_td"": 0.06, ""rec_tgt"": 1.89, ""rec_yd"": 7.98, ""rush_2pt"": 0.03, ""rush_40p"": 0.12, ""rush_att"": 13.4, ""rush_fd"": 4.22, ""rush_td"": 0.41, ""rush_yd"": 42.24}"
12535,,WR,DET,CAR,4.14,3.46,2.78,"{""adp_dd_ppr"": 205.0, ""bonus_rec_wr"": 1.35, ""def_fum_td"": 0.0, ""def_kr_yd"": 1.41, ""fum"": 0.01, ""fum_lost"": 0.01, ""gp"": 1.0, ""pos_adp_dd_ppr"": 87.0, ""pts_half_ppr"": 3.46, ""pts_ppr"": 4.14, ""pts_std"": 2.78, ""rec"": 1.35, ""rec_0_4"": 0.27, ""rec_10_19"": 0.41, ""rec_20_29"": 0.27, ""rec_2pt"": 0.01, ""rec_30_39"": 0.14, ""rec_40p"": 0.14, ""rec_5_9"": 0.27, ""rec_fd"": 1.96, ""rec_td"": 0.13, ""rec_tgt"": 2.4, ""rec_yd"": 19.61, ""rush_2pt"": 0.0, ""rush_40p"": 0.0, ""rush_att"": 0.05, ""rush_fd"": 0.03, ""rush_td"": 0.0, ""rush_yd"": 0.27}"
12542,,WR,NE,BUF,1.91,1.57,1.22,"{""adp_dd_ppr"": 268.0, ""bonus_rec_wr"": 0.7, ""def_fum_td"": 0.0, ""def_kr_yd"": 10.02, ""fum"": 0.01, ""fum_lost"": 0.0, ""gp"": 1.0, ""pos_adp_dd_ppr"": 118.0, ""pts_half_ppr"": 1.57, ""pts_ppr"": 1.91, ""pts_std"": 1.22, ""rec"": 0.7, ""rec_0_4"": 0.14, ""rec_10_19"": 0.21, ""rec_20_29"": 0.14, ""rec_2pt"": 0.0, ""rec_30_39"": 0.07, ""rec_40p"": 0.07, ""rec_5_9"": 0.14, ""rec_fd"": 0.9, ""rec_td"": 0.05, ""rec_tgt"": 1.01, ""rec_yd"": 9.01, ""rush_2pt"": 0.0, ""rush_40p"": 0.0}"
12547,,WR,NE,BUF,3.34,2.8,2.26,"{""adp_dd_ppr"": 218.0, ""bonus_rec_wr"": 1.08, ""def_fum_td"": 0.0, ""def_kr_yd"": 9.45, ""fum"": 0.01, ""fum_lost"": 0.0, ""gp"": 1.0, ""pos_adp_dd_ppr"": 92.0, ""pts_half_ppr"": 2.8, ""pts_ppr"": 3.34, ""pts_std"": 2.26, ""rec"": 1.08, ""rec_0_4"": 0.22, ""rec_10_19"": 0.32, ""rec_20_29"": 0.22, ""rec_2pt"": 0.01, ""rec_30_39"": 0.11, ""rec_40p"": 0.11, ""rec_5_9"": 0.22, ""rec_fd"": 1.59, ""rec_td"": 0.11, ""rec_tgt"": 2.22, ""rec_yd"": 15.91, ""rush_2pt"": 0.0, ""rush_40p"": 0.0, ""rush_att"": 0.05, ""rush_fd"": 0.02, ""rush_td"": 0.0, ""rush_yd"": 0.24}"
12658,,TE,BUF,NE,0.8,0.62,0.45,"{""adp_dd_ppr"": 336.0, ""bonus_rec_te"": 0.35, ""def_fum_td"": 0.0, ""fum"": 0.0, ""fum_lost"": 0.0, ""gp"": 1.0, ""pos_adp_dd_ppr"": 78.0, ""pts_half_ppr"": 0.62, ""pts_ppr"": 0.8, ""pts_std"": 0.45, ""rec"": 0.35, ""rec_0_4"": 0.07, ""rec_10_19"": 0.11, ""rec_20_29"": 0.07, ""rec_2pt"": 0.0, ""rec_30_39"": 0.04, ""rec_40p"": 0.04, ""rec_5_9"": 0.07, ""rec_fd"": 0.33, ""rec_td"": 0.02, ""rec_tgt"": 0.45, ""rec_yd"": 3.33}"
12718,,WR,LAR,PHI,2.19,1.82,1.44,"{""adp_dd_ppr"": 253.0, ""bonus_rec_wr"": 0.75, ""def_fum_td"": 0.0, ""fum"": 0.01, ""fum_lost"": 0.0, ""gp"": 1.0, ""pos_adp_dd_ppr"": 109.0, ""pts_half_ppr"": 1.82, ""pts_ppr"": 2.19, ""pts_std"": 1.44, ""rec"": 0.75, ""rec_0_4"": 0.15, ""rec_10_19"": 0.23, ""rec_20_29"": 0.15, ""rec_2pt"": 0.01, ""rec_30_39"": 0.08, ""rec_40p"": 0.08, ""rec_5_9"": 0.15, ""rec_fd"": 0.96, ""rec_td"": 0.08, ""rec_tgt"": 1.75, ""rec_yd"": 9.62}"
13079,,WR,CHI,NYJ,1.07,0.91,0.76,"{""adp_dd_ppr"": 297.0, ""bonus_rec_wr"": 0.31, ""def_fum_td"": 0.0, ""fum"": 0.0, ""fum_lost"": 0.0, ""gp"": 1.0, ""pos_adp_dd_ppr"": 128.0, ""pts_half_ppr"": 0.91, ""pts_ppr"": 1.07, ""pts_std"": 0.76, ""rec"": 0.31, ""rec_0_4"": 0.06, ""rec_10_19"": 0.09, ""rec_20_29"": 0.06, ""rec_2pt"": 0.0, ""rec_30_39"": 0.03, ""rec_40p"": 0.03, ""rec_5_9"": 0.06, ""rec_fd"": 0.44, ""rec_td"": 0.05, ""rec_tgt"": 0.53, ""rec_yd"": 4.38}"
13288,,RB,TEN,BAL,0.85,0.8,0.75,"{""adp_dd_ppr"": 366.0, ""bonus_rec_rb"": 0.1, ""def_fum_td"": 0.0, ""def_kr_yd"": 8.93, ""fum"": 0.01, ""fum_lost"": 0.0, ""gp"": 1.0, ""pos_adp_dd_ppr"": 81.0, ""pts_half_ppr"": 0.8, ""pts_ppr"": 0.85, ""pts_std"": 0.75, ""rec"": 0.1, ""rec_0_4"": 0.02, ""rec_10_19"": 0.03, ""rec_20_29"": 0.02, ""rec_2pt"": 0.0, ""rec_30_39"": 0.01, ""rec_40p"": 0.01, ""rec_5_9"": 0.02, ""rec_fd"": 0.08, ""rec_td"": 0.0, ""rec_tgt"": 0.13, ""rec_yd"": 0.77, ""rush_2pt"": 0.0, ""rush_40p"": 0.01, ""rush_att"": 1.21, ""rush_fd"": 0.42, ""rush_td"": 0.04, ""rush_yd"": 4.17}"
13311,,WR,MIA,MIN,5.12,4.2,3.28,"{""adp_dd_ppr"": 189.0, ""bonus_rec_wr"": 1.84, ""def_fum_td"": 0.0, ""fum"": 0.02, ""fum_lost"": 0.01, ""gp"": 1.0, ""pos_adp_dd_ppr"": 80.0, ""pts_half_ppr"": 4.2, ""pts_ppr"": 5.12, ""pts_std"": 3.28, ""rec"": 1.84, ""rec_0_4"": 0.37, ""rec_10_19"": 0.55, ""rec_20_29"": 0.37, ""rec_2pt"": 0.01, ""rec_30_39"": 0.18, ""rec_40p"": 0.18, ""rec_5_9"": 0.37, ""rec_fd"": 2.66, ""rec_td"": 0.1, ""rec_tgt"": 3.95, ""rec_yd"": 26.61, ""rush_2pt"": 0.0, ""rush_40p"": 0.0, ""rush_att"": 0.04, ""rush_fd"": 0.01, ""rush_td"": 0.0, ""rush_yd"": 0.14}"
13322,,TE,CHI,NYJ,2.17,1.74,1.3,"{""adp_dd_ppr"": 274.0, ""bonus_rec_te"": 0.88, ""def_fum_td"": 0.0, ""fum"": 0.01, ""fum_lost"": 0.0, ""gp"": 1.0, ""pos_adp_dd_ppr"": 52.0, ""pts_half_ppr"": 1.74, ""pts_ppr"": 2.17, ""pts_std"": 1.3, ""rec"": 0.88, ""rec_0_4"": 0.18, ""rec_10_19"": 0.26, ""rec_20_29"": 0.18, ""rec_2pt"": 0.0, ""rec_30_39"": 0.09, ""rec_40p"": 0.09, ""rec_5_9"": 0.18, ""rec_fd"": 0.9, ""rec_td"": 0.07, ""rec_tgt"": 1.29, ""rec_yd"": 9.0}"
13324,,TE,BAL,TEN,1.94,1.58,1.22,"{""adp_dd_ppr"": 281.0, ""bonus_rec_te"": 0.72, ""def_fum_td"": 0.0, ""fum"": 0.01, ""fum_lost"": 0.0, ""gp"": 1.0, ""pos_adp_dd_ppr"": 55.0, ""pts_half_ppr"": 1.58, ""pts_ppr"": 1.94, ""pts_std"": 1.22, ""rec"": 0.72, ""rec_0_4"": 0.14, ""rec_10_19"": 0.22, ""rec_20_29"": 0.14, ""rec_2pt"": 0.0, ""rec_30_39"": 0.07, ""rec_40p"": 0.07, ""rec_5_9"": 0.14, ""rec_fd"": 0.85, ""rec_td"": 0.06, ""rec_tgt"": 0.9, ""rec_yd"": 8.47}"
13337,,RB,KC,LV,4.51,3.92,3.33,"{""adp_dd_ppr"": 214.0, ""bonus_rec_rb"": 1.17, ""def_fum_td"": 0.0, ""def_kr_yd"": 12.99, ""fum"": 0.04, ""fum_lost"": 0.02, ""gp"": 1.0, ""pos_adp_dd_ppr"": 56.0, ""pts_half_ppr"": 3.92, ""pts_ppr"": 4.51, ""pts_std"": 3.33, ""rec"": 1.17, ""rec_0_4"": 0.23, ""rec_10_19"": 0.35, ""rec_20_29"": 0.23, ""rec_2pt"": 0.0, ""rec_30_39"": 0.12, ""rec_40p"": 0.12, ""rec_5_9"": 0.23, ""rec_fd"": 1.13, ""rec_td"": 0.08, ""rec_tgt"": 1.4, ""rec_yd"": 11.29, ""rush_2pt"": 0.01, ""rush_40p"": 0.03, ""rush_att"": 3.3, ""rush_fd"": 1.19, ""rush_td"": 0.1, ""rush_yd"": 11.91}"
13394,,WR,JAX,CIN,3.61,3.05,2.48,"{""adp_dd_ppr"": 212.0, ""bonus_rec_wr"": 1.13, ""def_fum_td"": 0.0, ""def_kr_yd"": 12.06, ""fum"": 0.02, ""fum_lost"": 0.01, ""gp"": 1.0, ""pos_adp_dd_ppr"": 90.0, ""pts_half_ppr"": 3.05, ""pts_ppr"": 3.61, ""pts_std"": 2.48, ""rec"": 1.13, ""rec_0_4"": 0.23, ""rec_10_19"": 0.34, ""rec_20_29"": 0.23, ""rec_2pt"": 0.01, ""rec_30_39"": 0.11, ""rec_40p"": 0.11, ""rec_5_9"": 0.23, ""rec_fd"": 1.51, ""rec_td"": 0.14, ""rec_tgt"": 1.85, ""rec_yd"": 15.06, ""rush_2pt"": 0.0, ""rush_40p"": 0.01, ""rush_att"": 0.17, ""rush_fd"": 0.08, ""rush_td"": 0.01, ""rush_yd"": 0.84}"
13411,,WR,CHI,NYJ,0.82,0.69,0.56,"{""adp_dd_ppr"": 308.0, ""bonus_rec_wr"": 0.26, ""def_fum_td"": 0.0, ""fum"": 0.0, ""fum_lost"": 0.0, ""gp"": 1.0, ""pos_adp_dd_ppr"": 132.0, ""pts_half_ppr"": 0.69, ""pts_ppr"": 0.82, ""pts_std"": 0.56, ""rec"": 0.26, ""rec_0_4"": 0.05, ""rec_10_19"": 0.08, ""rec_20_29"": 0.05, ""rec_2pt"": 0.0, ""rec_30_39"": 0.03, ""rec_40p"": 0.03, ""rec_5_9"": 0.05, ""rec_fd"": 0.32, ""rec_td"": 0.02, ""rec_tgt"": 0.41, ""rec_yd"": 3.19, ""rush_2pt"": 0.0, ""rush_40p"": 0.0, ""rush_att"": 0.17, ""rush_fd"": 0.08, ""rush_td"": 0.0, ""rush_yd"": 0.81}"
1373,,QB,NYJ,CHI,14.98,14.98,14.98,"{""adp_dd_ppr"": 144.0, ""bonus_rush_td_qb"": 0.11, ""cmp_pct"": 68.79, ""def_fum_td"": 0.0, ""fum"": 0.39, ""fum_lost"": 0.17, ""gp"": 1.0, ""pass_2pt"": 0.07, ""pass_att"": 31.74, ""pass_cmp"": 21.83, ""pass_cmp_40p"": 0.41, ""pass_fd"": 24.36, ""pass_inc"": 9.91, ""pass_int"": 1.24, ""pass_int_td"": 0.0, ""pass_sack"": 2.42, ""pass_td"": 1.1, ""pass_yd"": 243.63, ""pos_adp_dd_ppr"": 25.0, ""pts_half_ppr"": 14.98, ""pts_ppr"": 14.98, ""pts_std"": 14.98, ""rush_2pt"": 0.01, ""rush_40p"": 0.03, ""rush_att"": 3.51, ""rush_fd"": 1.61, ""rush_td"": 0.11, ""rush_yd"": 16.08}"
13825,,WR,NYJ,CHI,0.58,0.47,0.37,"{""adp_dd_ppr"": 321.0, ""bonus_rec_wr"": 0.21, ""gp"": 1.0, ""pos_adp_dd_ppr"": 141.0, ""pts_half_ppr"": 0.47, ""pts_ppr"": 0.58, ""pts_std"": 0.37, ""rec"": 0.21, ""rec_0_4"": 0.04, ""rec_10_19"": 0.06, ""rec_20_29"": 0.04, ""rec_30_39"": 0.02, ""rec_40p"": 0.02, ""rec_5_9"": 0.04, ""rec_fd"": 0.27, ""rec_td"": 0.02, ""rec_tgt"": 0.32, ""rec_yd"": 2.71}"
2307,,QB,WAS,IND,16.59,16.59,16.59,"{""adp_dd_ppr"": 106.0, ""bonus_rush_td_qb"": 0.22, ""cmp_pct"": 62.87, ""def_fum_td"": 0.0, ""fum"": 0.44, ""fum_lost"": 0.2, ""gp"": 1.0, ""pass_2pt"": 0.07, ""pass_att"": 29.49, ""pass_cmp"": 18.54, ""pass_cmp_40p"": 0.36, ""pass_fd"": 22.7, ""pass_inc"": 10.95, ""pass_int"": 0.6, ""pass_int_td"": 0.0, ""pass_sack"": 2.32, ""pass_td"": 0.95, ""pass_yd"": 226.95, ""pos_adp_dd_ppr"": 19.0, ""pts_half_ppr"": 16.59, ""pts_ppr"": 16.59, ""pts_std"": 16.59, ""rush_2pt"": 0.01, ""rush_40p"": 0.06, ""rush_att"": 6.5, ""rush_fd"": 3.24, ""rush_td"": 0.22, ""rush_yd"": 32.4}"
3200,,WR,NYJ,CHI,1.08,0.86,0.63,"{""adp_dd_ppr"": 296.0, ""bonus_rec_wr"": 0.45, ""gp"": 1.0, ""pos_adp_dd_ppr"": 127.0, ""pts_half_ppr"": 0.86, ""pts_ppr"": 1.08, ""pts_std"": 0.63, ""rec"": 0.45, ""rec_0_4"": 0.09, ""rec_10_19"": 0.13, ""rec_20_29"": 0.09, ""rec_30_39"": 0.04, ""rec_40p"": 0.04, ""rec_5_9"": 0.09, ""rec_fd"": 0.51, ""rec_td"": 0.02, ""rec_tgt"": 0.63, ""rec_yd"": 5.07}"
3294,,QB,DAL,HOU,18.32,18.32,18.32,"{""adp_dd_ppr"": 78.0, ""bonus_rush_td_qb"": 0.08, ""cmp_pct"": 64.16, ""def_fum_td"": 0.0, ""fum"": 0.47, ""fum_lost"": 0.21, ""gp"": 1.0, ""pass_2pt"": 0.12, ""pass_att"": 35.97, ""pass_cmp"": 23.08, ""pass_cmp_40p"": 0.47, ""pass_fd"": 28.06, ""pass_inc"": 12.89, ""pass_int"": 0.89, ""pass_int_td"": 0.0, ""pass_sack"": 2.88, ""pass_td"": 1.61, ""pass_yd"": 280.63, ""pos_adp_dd_ppr"": 11.0, ""pts_half_ppr"": 18.32, ""pts_ppr"": 18.32, ""pts_std"": 18.32, ""rush_2pt"": 0.01, ""rush_40p"": 0.03, ""rush_att"": 3.02, ""rush_fd"": 1.2, ""rush_td"": 0.08, ""rush_yd"": 11.95}"
4039,,WR,SEA,LAC,6.26,5.16,4.07,"{""adp_dd_ppr"": 163.0, ""bonus_rec_wr"": 2.18, ""def_fum_td"": 0.0, ""fum"": 0.02, ""fum_lost"": 0.01, ""gp"": 1.0, ""pos_adp_dd_ppr"": 67.0, ""pr"": 0.07, ""pr_yd"": 0.62, ""pts_half_ppr"": 5.16, ""pts_ppr"": 6.26, ""pts_std"": 4.07, ""rec"": 2.18, ""rec_0_4"": 0.44, ""rec_10_19"": 0.65, ""rec_20_29"": 0.44, ""rec_2pt"": 0.01, ""rec_30_39"": 0.22, ""rec_40p"": 0.22, ""rec_5_9"": 0.44, ""rec_fd"": 3.02, ""rec_td"": 0.17, ""rec_tgt"": 3.51, ""rec_yd"": 30.2, ""rush_att"": 0.07, ""rush_fd"": 0.03, ""rush_td"": 0.0, ""rush_yd"": 0.31}"
4054,,TE,IND,WAS,1.03,0.85,0.67,"{""adp_dd_ppr"": 322.0, ""bonus_rec_te"": 0.36, ""def_fum_td"": 0.0, ""fum"": 0.0, ""fum_lost"": 0.0, ""gp"": 1.0, ""pos_adp_dd_ppr"": 74.0, ""pts_half_ppr"": 0.85, ""pts_ppr"": 1.03, ""pts_std"": 0.67, ""rec"": 0.36, ""rec_0_4"": 0.07, ""rec_10_19"": 0.11, ""rec_20_29"": 0.07, ""rec_2pt"": 0.0, ""rec_30_39"": 0.04, ""rec_40p"": 0.04, ""rec_5_9"": 0.07, ""rec_fd"": 0.4, ""rec_td"": 0.04, ""rec_tgt"": 0.5, ""rec_yd"": 4.04}"
4195,,K,PHI,LAR,6.97,6.97,6.97,"{""adp_dd_ppr"": 999.0, ""fga"": 1.79, ""fgm"": 1.55, ""fgm_20_29"": 0.3, ""fgm_30_39"": 0.4, ""fgm_40_49"": 0.35, ""fgm_50p"": 0.25, ""fgm_yds"": 54.07, ""fgmiss_30_39"": 0.04, ""fgmiss_40_49"": 0.04, ""fgmiss_50p"": 0.08, ""gp"": 1.0, ""pos_adp_dd_ppr"": 999.0, ""pts_half_ppr"": 6.97, ""pts_ppr"": 6.97, ""pts_std"": 6.97, ""xpa"": 2.45, ""xpm"": 2.33, ""xpmiss"": 0.12}"
4353,,FB,NYG,ARI,0.13,0.1,0.08,"{""adp_dd_ppr"": 999.0, ""def_fum_td"": 0.0, ""fum"": 0.0, ""fum_lost"": 0.0, ""gp"": 1.0, ""pos_adp_dd_ppr"": 999.0, ""pts_half_ppr"": 0.1, ""pts_ppr"": 0.13, ""pts_std"": 0.08, ""rec"": 0.05, ""rec_0_4"": 0.01, ""rec_10_19"": 0.01, ""rec_20_29"": 0.01, ""rec_2pt"": 0.0, ""rec_30_39"": 0.0, ""rec_40p"": 0.0, ""rec_5_9"": 0.01, ""rec_fd"": 0.05, ""rec_td"": 0.01, ""rec_tgt"": 0.08, ""rec_yd"": 0.47}"
4984,,QB,BUF,NE,23.1,23.1,23.1,"{""adp_dd_ppr"": 25.0, ""bonus_rush_td_qb"": 0.96, ""cmp_pct"": 63.09, ""def_fum_td"": 0.0, ""fum"": 0.45, ""fum_lost"": 0.2, ""gp"": 1.0, ""pass_2pt"": 0.09, ""pass_att"": 30.31, ""pass_cmp"": 19.12, ""pass_cmp_40p"": 0.42, ""pass_fd"": 22.65, ""pass_inc"": 11.19, ""pass_int"": 0.46, ""pass_int_td"": 0.0, ""pass_sack"": 2.63, ""pass_td"": 1.19, ""pass_yd"": 226.48, ""pos_adp_dd_ppr"": 1.0, ""pts_half_ppr"": 23.1, ""pts_ppr"": 23.1, ""pts_std"": 23.1, ""rush_2pt"": 0.07, ""rush_40p"": 0.09, ""rush_att"": 8.31, ""rush_fd"": 4.04, ""rush_td"": 0.96, ""rush_yd"": 40.37}"
5008,,TE,BAL,TEN,0.79,0.63,0.46,"{""adp_dd_ppr"": 337.0, ""bonus_rec_te"": 0.33, ""def_fum_td"": 0.0, ""fum"": 0.0, ""fum_lost"": 0.0, ""gp"": 1.0, ""pos_adp_dd_ppr"": 79.0, ""pts_half_ppr"": 0.63, ""pts_ppr"": 0.79, ""pts_std"": 0.46, ""rec"": 0.33, ""rec_0_4"": 0.07, ""rec_10_19"": 0.1, ""rec_20_29"": 0.07, ""rec_2pt"": 0.0, ""rec_30_39"": 0.03, ""rec_40p"": 0.03, ""rec_5_9"": 0.07, ""rec_fd"": 0.36, ""rec_td"": 0.02, ""rec_tgt"": 0.42, ""rec_yd"": 3.64}"
5848,,WR,PHI,LAR,0.45,0.36,0.27,"{""adp_dd_ppr"": 327.0, ""bonus_rec_wr"": 0.18, ""def_fum_td"": 0.0, ""fum"": 0.0, ""fum_lost"": 0.0, ""gp"": 1.0, ""pos_adp_dd_ppr"": 144.0, ""pts_half_ppr"": 0.36, ""pts_ppr"": 0.45, ""pts_std"": 0.27, ""rec"": 0.18, ""rec_0_4"": 0.04, ""rec_10_19"": 0.05, ""rec_20_29"": 0.04, ""rec_2pt"": 0.0, ""rec_30_39"": 0.02, ""rec_40p"": 0.02, ""rec_5_9"": 0.04, ""rec_fd"": 0.2, ""rec_td"": 0.01, ""rec_tgt"": 0.29, ""rec_yd"": 2.03}"
6001,,TE,CIN,JAX,2.63,2.0,1.37,"{""adp_dd_ppr"": 256.0, ""bonus_rec_te"": 1.26, ""def_fum_td"": 0.0, ""fum"": 0.01, ""fum_lost"": 0.01, ""gp"": 1.0, ""pos_adp_dd_ppr"": 49.0, ""pts_half_ppr"": 2.0, ""pts_ppr"": 2.63, ""pts_std"": 1.37, ""rec"": 1.26, ""rec_0_4"": 0.25, ""rec_10_19"": 0.38, ""rec_20_29"": 0.25, ""rec_2pt"": 0.0, ""rec_30_39"": 0.13, ""rec_40p"": 0.13, ""rec_5_9"": 0.25, ""rec_fd"": 1.02, ""rec_td"": 0.06, ""rec_tgt"": 1.51, ""rec_yd"": 10.19}"
6109,,FB,LAC,SEA,1.23,0.96,0.68,"{""adp_dd_ppr"": 999.0, ""def_fum_td"": 0.0, ""fum"": 0.01, ""fum_lost"": 0.0, ""gp"": 1.0, ""pos_adp_dd_ppr"": 999.0, ""pts_half_ppr"": 0.96, ""pts_ppr"": 1.23, ""pts_std"": 0.68, ""rec"": 0.55, ""rec_0_4"": 0.11, ""rec_10_19"": 0.17, ""rec_20_29"": 0.11, ""rec_2pt"": 0.0, ""rec_30_39"": 0.06, ""rec_40p"": 0.06, ""rec_5_9"": 0.11, ""rec_fd"": 0.45, ""rec_td"": 0.03, ""rec_tgt"": 0.79, ""rec_yd"": 4.46, ""rush_2pt"": 0.0, ""rush_40p"": 0.0, ""rush_att"": 0.22, ""rush_fd"": 0.05, ""rush_td"": 0.01, ""rush_yd"": 0.52}"
6770,,QB,CIN,JAX,18.62,18.62,18.62,"{""adp_dd_ppr"": 67.0, ""bonus_rush_td_qb"": 0.1, ""cmp_pct"": 69.23, ""def_fum_td"": 0.0, ""fum"": 0.5, ""fum_lost"": 0.22, ""gp"": 1.0, ""pass_2pt"": 0.12, ""pass_att"": 35.72, ""pass_cmp"": 24.73, ""pass_cmp_40p"": 0.52, ""pass_fd"": 26.07, ""pass_inc"": 10.99, ""pass_int"": 0.9, ""pass_int_td"": 0.0, ""pass_sack"": 3.06, ""pass_td"": 1.87, ""pass_yd"": 260.74, ""pos_adp_dd_ppr"": 7.0, ""pts_half_ppr"": 18.62, ""pts_ppr"": 18.62, ""pts_std"": 18.62, ""rush_2pt"": 0.01, ""rush_40p"": 0.03, ""rush_att"": 3.11, ""rush_fd"": 1.19, ""rush_td"": 0.1, ""rush_yd"": 11.95}"
6794,,WR,MIN,MIA,16.41,13.57,10.73,"{""adp_dd_ppr"": 20.0, ""bonus_rec_wr"": 5.68, ""def_fum_td"": 0.0, ""fum"": 0.05, ""fum_lost"": 0.02, ""gp"": 1.0, ""pos_adp_dd_ppr"": 11.0, ""pts_half_ppr"": 13.57, ""pts_ppr"": 16.41, ""pts_std"": 10.73, ""rec"": 5.68, ""rec_0_4"": 1.14, ""rec_10_19"": 1.7, ""rec_20_29"": 1.14, ""rec_2pt"": 0.03, ""rec_30_39"": 0.57, ""rec_40p"": 0.57, ""rec_5_9"": 1.14, ""rec_fd"": 7.54, ""rec_td"": 0.53, ""rec_tgt"": 8.06, ""rec_yd"": 75.45, ""rush_2pt"": 0.0, ""rush_40p"": 0.0}"
6797,,QB,LAC,SEA,14.22,14.22,14.22,"{""adp_dd_ppr"": 158.0, ""bonus_rush_td_qb"": 0.11, ""cmp_pct"": 65.68, ""def_fum_td"": 0.0, ""fum"": 0.37, ""fum_lost"": 0.16, ""gp"": 1.0, ""pass_2pt"": 0.07, ""pass_att"": 31.51, ""pass_cmp"": 20.7, ""pass_cmp_40p"": 0.38, ""pass_fd"": 20.61, ""pass_inc"": 10.81, ""pass_int"": 0.9, ""pass_int_td"": 0.0, ""pass_sack"": 2.3, ""pass_td"": 1.22, ""pass_yd"": 206.06, ""pos_adp_dd_ppr"": 28.0, ""pts_half_ppr"": 14.22, ""pts_ppr"": 14.22, ""pts_std"": 14.22, ""rush_2pt"": 0.01, ""rush_40p"": 0.04, ""rush_att"": 4.03, ""rush_fd"": 1.53, ""rush_td"": 0.11, ""rush_yd"": 15.27}"
6806,,RB,DEN,SF,7.85,7.28,6.7,"{""adp_dd_ppr"": 153.0, ""bonus_rec_rb"": 1.15, ""def_fum_td"": 0.0, ""fum"": 0.11, ""fum_lost"": 0.05, ""gp"": 1.0, ""pos_adp_dd_ppr"": 38.0, ""pts_half_ppr"": 7.28, ""pts_ppr"": 7.85, ""pts_std"": 6.7, ""rec"": 1.15, ""rec_0_4"": 0.23, ""rec_10_19"": 0.34, ""rec_20_29"": 0.23, ""rec_2pt"": 0.0, ""rec_30_39"": 0.11, ""rec_40p"": 0.11, ""rec_5_9"": 0.23, ""rec_fd"": 0.61, ""rec_td"": 0.06, ""rec_tgt"": 1.39, ""rec_yd"": 6.07, ""rush_2pt"": 0.01, ""rush_40p"": 0.11, ""rush_att"": 10.83, ""rush_fd"": 4.49, ""rush_td"": 0.22, ""rush_yd"": 44.86}"
6869,,TE,DEN,SF,1.93,1.54,1.15,"{""adp_dd_ppr"": 282.0, ""bonus_rec_te"": 0.79, ""def_fum_td"": 0.0, ""fum"": 0.01, ""fum_lost"": 0.0, ""gp"": 1.0, ""pos_adp_dd_ppr"": 56.0, ""pts_half_ppr"": 1.54, ""pts_ppr"": 1.93, ""pts_std"": 1.15, ""rec"": 0.79, ""rec_0_4"": 0.16, ""rec_10_19"": 0.24, ""rec_20_29"": 0.16, ""rec_2pt"": 0.0, ""rec_30_39"": 0.08, ""rec_40p"": 0.08, ""rec_5_9"": 0.16, ""rec_fd"": 0.79, ""rec_td"": 0.06, ""rec_tgt"": 1.09, ""rec_yd"": 7.87}"
6904,,QB,PHI,LAR,16.81,16.81,16.81,"{""adp_dd_ppr"": 99.0, ""bonus_rush_td_qb"": 0.35, ""cmp_pct"": 62.6, ""def_fum_td"": 0.0, ""fum"": 0.35, ""fum_lost"": 0.15, ""gp"": 1.0, ""pass_2pt"": 0.08, ""pass_att"": 28.63, ""pass_cmp"": 17.92, ""pass_cmp_40p"": 0.34, ""pass_fd"": 19.67, ""pass_inc"": 10.71, ""pass_int"": 0.7, ""pass_int_td"": 0.0, ""pass_sack"": 2.19, ""pass_td"": 1.13, ""pass_yd"": 196.74, ""pos_adp_dd_ppr"": 16.0, ""pts_half_ppr"": 16.81, ""pts_ppr"": 16.81, ""pts_std"": 16.81, ""rush_2pt"": 0.03, ""rush_40p"": 0.06, ""rush_att"": 6.34, ""rush_fd"": 3.12, ""rush_td"": 0.35, ""rush_yd"": 31.21}"
7042,,K,BUF,NE,7.98,7.98,7.98,"{""adp_dd_ppr"": 999.0, ""fga"": 2.08, ""fgm"": 1.76, ""fgm_20_29"": 0.31, ""fgm_30_39"": 0.41, ""fgm_40_49"": 0.41, ""fgm_50p"": 0.31, ""fgm_yds"": 61.1, ""fgmiss_30_39"": 0.04, ""fgmiss_40_49"": 0.04, ""fgmiss_50p"": 0.12, ""gp"": 1.0, ""pos_adp_dd_ppr"": 999.0, ""pts_half_ppr"": 7.98, ""pts_ppr"": 7.98, ""pts_std"": 7.98, ""xpa"": 2.83, ""xpm"": 2.71, ""xpmiss"": 0.13}"
7531,,TE,CAR,DET,0.08,0.07,0.06,"{""adp_dd_ppr"": 375.0, ""bonus_rec_te"": 0.02, ""def_fum_td"": 0.0, ""fum"": 0.0, ""fum_lost"": 0.0, ""gp"": 1.0, ""pos_adp_dd_ppr"": 97.0, ""pts_half_ppr"": 0.07, ""pts_ppr"": 0.08, ""pts_std"": 0.06, ""rec"": 0.02, ""rec_0_4"": 0.0, ""rec_10_19"": 0.01, ""rec_20_29"": 0.0, ""rec_2pt"": 0.0, ""rec_30_39"": 0.0, ""rec_40p"": 0.0, ""rec_5_9"": 0.0, ""rec_fd"": 0.02, ""rec_td"": 0.0, ""rec_tgt"": 0.03, ""rec_yd"": 0.19, ""rush_2pt"": 0.0, ""rush_40p"": 0.0, ""rush_att"": 0.05, ""rush_fd"": 0.02, ""rush_td"": 0.0, ""rush_yd"": 0.2}"
7547,,WR,DET,CAR,17.89,14.79,11.69,"{""adp_dd_ppr"": 10.0, ""bonus_rec_wr"": 6.2, ""def_fum_td"": 0.0, ""fum"": 0.07, ""fum_lost"": 0.03, ""gp"": 1.0, ""pos_adp_dd_ppr"": 5.0, ""pts_half_ppr"": 14.79, ""pts_ppr"": 17.89, ""pts_std"": 11.69, ""rec"": 6.2, ""rec_0_4"": 1.24, ""rec_10_19"": 1.86, ""rec_20_29"": 1.24, ""rec_2pt"": 0.04, ""rec_30_39"": 0.62, ""rec_40p"": 0.62, ""rec_5_9"": 1.24, ""rec_fd"": 7.23, ""rec_td"": 0.7, ""rec_tgt"": 9.39, ""rec_yd"": 72.31, ""rush_2pt"": 0.0, ""rush_40p"": 0.0, ""rush_att"": 0.28, ""rush_fd"": 0.17, ""rush_td"": 0.01, ""rush_yd"": 1.69}"
7564,,WR,CIN,JAX,18.12,15.06,12.0,"{""adp_dd_ppr"": 9.0, ""bonus_rec_wr"": 6.12, ""def_fum_td"": 0.0, ""fum"": 0.06, ""fum_lost"": 0.03, ""gp"": 1.0, ""pos_adp_dd_ppr"": 4.0, ""pts_half_ppr"": 15.06, ""pts_ppr"": 18.12, ""pts_std"": 12.0, ""rec"": 6.12, ""rec_0_4"": 1.22, ""rec_10_19"": 1.83, ""rec_20_29"": 1.22, ""rec_2pt"": 0.04, ""rec_30_39"": 0.61, ""rec_40p"": 0.61, ""rec_5_9"": 1.22, ""rec_fd"": 7.69, ""rec_td"": 0.69, ""rec_tgt"": 9.13, ""rec_yd"": 76.94, ""rush_2pt"": 0.0, ""rush_40p"": 0.0, ""rush_att"": 0.26, ""rush_fd"": 0.11, ""rush_td"": 0.01, ""rush_yd"": 1.06}"
7596,,WR,PHI,LAR,0.28,0.23,0.18,"{""adp_dd_ppr"": 341.0, ""bonus_rec_wr"": 0.09, ""gp"": 1.0, ""pos_adp_dd_ppr"": 154.0, ""pts_half_ppr"": 0.23, ""pts_ppr"": 0.28, ""pts_std"": 0.18, ""rec"": 0.09, ""rec_0_4"": 0.02, ""rec_10_19"": 0.03, ""rec_20_29"": 0.02, ""rec_30_39"": 0.01, ""rec_40p"": 0.01, ""rec_5_9"": 0.02, ""rec_fd"": 0.1, ""rec_td"": 0.01, ""rec_tgt"": 0.17, ""rec_yd"": 1.03, ""rush_att"": 0.07, ""rush_fd"": 0.03, ""rush_td"": 0.0, ""rush_yd"": 0.3}"
7670,,WR,BUF,NE,2.34,1.88,1.41,"{""adp_dd_ppr"": 249.0, ""bonus_rec_wr"": 0.93, ""def_fum_td"": 0.0, ""fum"": 0.01, ""fum_lost"": 0.0, ""gp"": 1.0, ""pos_adp_dd_ppr"": 106.0, ""pts_half_ppr"": 1.88, ""pts_ppr"": 2.34, ""pts_std"": 1.41, ""rec"": 0.93, ""rec_0_4"": 0.19, ""rec_10_19"": 0.28, ""rec_20_29"": 0.19, ""rec_2pt"": 0.0, ""rec_30_39"": 0.09, ""rec_40p"": 0.09, ""rec_5_9"": 0.19, ""rec_fd"": 1.17, ""rec_td"": 0.04, ""rec_tgt"": 1.49, ""rec_yd"": 11.66}"
7922,,K,MIA,MIN,6.43,6.43,6.43,"{""adp_dd_ppr"": 999.0, ""fga"": 1.66, ""fgm"": 1.38, ""fgm_20_29"": 0.27, ""fgm_30_39"": 0.42, ""fgm_40_49"": 0.37, ""fgm_50p"": 0.27, ""fgm_yds"": 55.77, ""fgmiss_30_39"": 0.05, ""fgmiss_40_49"": 0.05, ""fgmiss_50p"": 0.14, ""gp"": 1.0, ""pos_adp_dd_ppr"": 999.0, ""pts_half_ppr"": 6.43, ""pts_ppr"": 6.43, ""pts_std"": 6.43, ""xpa"": 1.66, ""xpm"": 1.6, ""xpmiss"": 0.06}"
8117,,WR,MIA,MIN,0.33,0.27,0.2,"{""adp_dd_ppr"": 335.0, ""bonus_rec_wr"": 0.13, ""def_fum_td"": 0.0, ""fum"": 0.0, ""fum_lost"": 0.0, ""gp"": 1.0, ""pos_adp_dd_ppr"": 151.0, ""pts_half_ppr"": 0.27, ""pts_ppr"": 0.33, ""pts_std"": 0.2, ""rec"": 0.13, ""rec_0_4"": 0.03, ""rec_10_19"": 0.04, ""rec_20_29"": 0.03, ""rec_2pt"": 0.0, ""rec_30_39"": 0.01, ""rec_40p"": 0.01, ""rec_5_9"": 0.03, ""rec_fd"": 0.16, ""rec_td"": 0.01, ""rec_tgt"": 0.28, ""rec_yd"": 1.63}"
8126,,WR,TEN,BAL,10.06,7.89,5.73,"{""adp_dd_ppr"": 88.0, ""bonus_rec_wr"": 4.32, ""def_fum_td"": 0.0, ""fum"": 0.04, ""fum_lost"": 0.02, ""gp"": 1.0, ""pos_adp_dd_ppr"": 39.0, ""pts_half_ppr"": 7.89, ""pts_ppr"": 10.06, ""pts_std"": 5.73, ""rec"": 4.32, ""rec_0_4"": 0.86, ""rec_10_19"": 1.3, ""rec_20_29"": 0.86, ""rec_2pt"": 0.01, ""rec_30_39"": 0.43, ""rec_40p"": 0.43, ""rec_5_9"": 0.86, ""rec_fd"": 4.61, ""rec_td"": 0.17, ""rec_tgt"": 6.59, ""rec_yd"": 46.07, ""rush_2pt"": 0.0, ""rush_40p"": 0.0, ""rush_att"": 0.12, ""rush_fd"": 0.05, ""rush_td"": 0.0, ""rush_yd"": 0.51}"
8135,,WR,WAS,IND,1.55,1.29,1.02,"{""adp_dd_ppr"": 278.0, ""bonus_rec_wr"": 0.53, ""def_fum_td"": 0.0, ""def_kr_yd"": 5.47, ""fum"": 0.01, ""fum_lost"": 0.0, ""gp"": 1.0, ""pos_adp_dd_ppr"": 123.0, ""pts_half_ppr"": 1.29, ""pts_ppr"": 1.55, ""pts_std"": 1.02, ""rec"": 0.53, ""rec_0_4"": 0.11, ""rec_10_19"": 0.16, ""rec_20_29"": 0.11, ""rec_2pt"": 0.0, ""rec_30_39"": 0.05, ""rec_40p"": 0.05, ""rec_5_9"": 0.11, ""rec_fd"": 0.69, ""rec_td"": 0.03, ""rec_tgt"": 1.18, ""rec_yd"": 6.89, ""rush_2pt"": 0.0, ""rush_40p"": 0.0, ""rush_att"": 0.24, ""rush_fd"": 0.11, ""rush_td"": 0.01, ""rush_yd"": 1.05}"
8136,,RB,WAS,IND,8.56,7.43,6.3,"{""adp_dd_ppr"": 139.0, ""bonus_rec_rb"": 2.26, ""def_fum_td"": 0.0, ""def_kr_yd"": 4.73, ""fum"": 0.08, ""fum_lost"": 0.03, ""gp"": 1.0, ""pos_adp_dd_ppr"": 33.0, ""pts_half_ppr"": 7.43, ""pts_ppr"": 8.56, ""pts_std"": 6.3, ""rec"": 2.26, ""rec_0_4"": 0.45, ""rec_10_19"": 0.68, ""rec_20_29"": 0.45, ""rec_2pt"": 0.01, ""rec_30_39"": 0.23, ""rec_40p"": 0.23, ""rec_5_9"": 0.45, ""rec_fd"": 1.49, ""rec_td"": 0.09, ""rec_tgt"": 2.42, ""rec_yd"": 14.86, ""rush_2pt"": 0.01, ""rush_40p"": 0.07, ""rush_att"": 6.8, ""rush_fd"": 3.23, ""rush_td"": 0.18, ""rush_yd"": 32.26}"
8138,,RB,BUF,NE,17.16,16.28,15.41,"{""adp_dd_ppr"": 22.0, ""bonus_rec_rb"": 1.75, ""def_fum_td"": 0.0, ""fum"": 0.18, ""fum_lost"": 0.08, ""gp"": 1.0, ""pos_adp_dd_ppr"": 9.0, ""pts_half_ppr"": 16.28, ""pts_ppr"": 17.16, ""pts_std"": 15.41, ""rec"": 1.75, ""rec_0_4"": 0.35, ""rec_10_19"": 0.52, ""rec_20_29"": 0.35, ""rec_2pt"": 0.01, ""rec_30_39"": 0.17, ""rec_40p"": 0.17, ""rec_5_9"": 0.35, ""rec_fd"": 1.15, ""rec_td"": 0.12, ""rec_tgt"": 2.44, ""rec_yd"": 11.52, ""rush_2pt"": 0.05, ""rush_40p"": 0.19, ""rush_att"": 17.27, ""rush_fd"": 9.38, ""rush_td"": 0.69, ""rush_yd"": 93.82}"
8146,,WR,NYJ,CHI,16.81,13.89,10.96,"{""adp_dd_ppr"": 17.0, ""bonus_rec_wr"": 5.85, ""def_fum_td"": 0.0, ""fum"": 0.05, ""fum_lost"": 0.02, ""gp"": 1.0, ""pos_adp_dd_ppr"": 9.0, ""pts_half_ppr"": 13.89, ""pts_ppr"": 16.81, ""pts_std"": 10.96, ""rec"": 5.85, ""rec_0_4"": 1.17, ""rec_10_19"": 1.75, ""rec_20_29"": 1.17, ""rec_2pt"": 0.03, ""rec_30_39"": 0.58, ""rec_40p"": 0.58, ""rec_5_9"": 1.17, ""rec_fd"": 7.71, ""rec_td"": 0.51, ""rec_tgt"": 8.88, ""rec_yd"": 77.13, ""rush_2pt"": 0.0, ""rush_40p"": 0.0, ""rush_att"": 0.27, ""rush_fd"": 0.11, ""rush_td"": 0.01, ""rush_yd"": 1.09}"
8204,,WR,GB,TB,0.44,0.39,0.34,"{""adp_dd_ppr"": 331.0, ""bonus_rec_wr"": 0.1, ""def_fum_td"": 0.0, ""def_kr_yd"": 31.79, ""fum"": 0.0, ""fum_lost"": 0.0, ""gp"": 1.0, ""pos_adp_dd_ppr"": 148.0, ""pts_half_ppr"": 0.39, ""pts_ppr"": 0.44, ""pts_std"": 0.34, ""rec"": 0.1, ""rec_0_4"": 0.02, ""rec_10_19"": 0.03, ""rec_20_29"": 0.02, ""rec_2pt"": 0.0, ""rec_30_39"": 0.01, ""rec_40p"": 0.01, ""rec_5_9"": 0.02, ""rec_fd"": 0.16, ""rec_td"": 0.01, ""rec_tgt"": 0.23, ""rec_yd"": 1.6, ""rush_2pt"": 0.0, ""rush_40p"": 0.0, ""rush_att"": 0.19, ""rush_fd"": 0.09, ""rush_td"": 0.0, ""rush_yd"": 0.9}"
8219,,TE,NYJ,CHI,0.33,0.27,0.2,"{""adp_dd_ppr"": 363.0, ""bonus_rec_te"": 0.13, ""gp"": 1.0, ""pos_adp_dd_ppr"": 89.0, ""pts_half_ppr"": 0.27, ""pts_ppr"": 0.33, ""pts_std"": 0.2, ""rec"": 0.13, ""rec_0_4"": 0.03, ""rec_10_19"": 0.04, ""rec_20_29"": 0.03, ""rec_30_39"": 0.01, ""rec_40p"": 0.01, ""rec_5_9"": 0.03, ""rec_fd"": 0.15, ""rec_td"": 0.01, ""rec_tgt"": 0.19, ""rec_yd"": 1.54}"
8250,,WR,DET,CAR,0.72,0.59,0.45,"{""adp_dd_ppr"": 315.0, ""bonus_rec_wr"": 0.27, ""def_fum_td"": 0.0, ""fum"": 0.0, ""fum_lost"": 0.0, ""gp"": 1.0, ""pos_adp_dd_ppr"": 136.0, ""pts_half_ppr"": 0.59, ""pts_ppr"": 0.72, ""pts_std"": 0.45, ""rec"": 0.27, ""rec_0_4"": 0.05, ""rec_10_19"": 0.08, ""rec_20_29"": 0.05, ""rec_2pt"": 0.0, ""rec_30_39"": 0.03, ""rec_40p"": 0.03, ""rec_5_9"": 0.05, ""rec_fd"": 0.32, ""rec_td"": 0.02, ""rec_tgt"": 0.43, ""rec_yd"": 3.21, ""rush_2pt"": 0.0, ""rush_40p"": 0.0}"
8259,,K,LAC,SEA,7.11,7.11,7.11,"{""adp_dd_ppr"": 999.0, ""fga"": 1.9, ""fgm"": 1.64, ""fgm_20_29"": 0.3, ""fgm_30_39"": 0.43, ""fgm_40_49"": 0.39, ""fgm_50p"": 0.26, ""fgm_yds"": 57.63, ""fgmiss_30_39"": 0.03, ""fgmiss_40_49"": 0.03, ""fgmiss_50p"": 0.1, ""gp"": 1.0, ""pos_adp_dd_ppr"": 999.0, ""pts_half_ppr"": 7.11, ""pts_ppr"": 7.11, ""pts_std"": 7.11, ""xpa"": 2.26, ""xpm"": 2.15, ""xpmiss"": 0.1}"
8527,,WR,LV,KC,0.45,0.37,0.29,"{""adp_dd_ppr"": 326.0, ""bonus_rec_wr"": 0.16, ""def_fum_td"": 0.0, ""def_kr_yd"": 16.95, ""fum"": 0.0, ""fum_lost"": 0.0, ""gp"": 1.0, ""pos_adp_dd_ppr"": 143.0, ""pts_half_ppr"": 0.37, ""pts_ppr"": 0.45, ""pts_std"": 0.29, ""rec"": 0.16, ""rec_0_4"": 0.03, ""rec_10_19"": 0.05, ""rec_20_29"": 0.03, ""rec_2pt"": 0.0, ""rec_30_39"": 0.02, ""rec_40p"": 0.02, ""rec_5_9"": 0.03, ""rec_fd"": 0.21, ""rec_td"": 0.01, ""rec_tgt"": 0.28, ""rec_yd"": 2.12}"
8917,,WR,DAL,HOU,2.42,2.09,1.75,"{""adp_dd_ppr"": 245.0, ""bonus_rec_wr"": 0.67, ""def_fum_td"": 0.0, ""def_kr_td"": 0.06, ""def_kr_yd"": 84.38, ""fum"": 0.01, ""fum_lost"": 0.01, ""gp"": 1.0, ""pos_adp_dd_ppr"": 103.0, ""pr"": 0.75, ""pr_yd"": 7.5, ""pts_half_ppr"": 2.09, ""pts_ppr"": 2.42, ""pts_std"": 1.75, ""rec"": 0.67, ""rec_0_4"": 0.13, ""rec_10_19"": 0.2, ""rec_20_29"": 0.13, ""rec_2pt"": 0.0, ""rec_30_39"": 0.07, ""rec_40p"": 0.07, ""rec_5_9"": 0.13, ""rec_fd"": 1.05, ""rec_td"": 0.05, ""rec_tgt"": 1.11, ""rec_yd"": 10.48, ""rush_2pt"": 0.0, ""rush_40p"": 0.01, ""rush_att"": 0.54, ""rush_fd"": 0.27, ""rush_td"": 0.02, ""rush_yd"": 2.66}"
9488,,WR,SEA,LAC,22.16,18.91,15.66,"{""adp_dd_ppr"": 2.0, ""bonus_rec_wr"": 6.5, ""def_fum_td"": 0.0, ""fum"": 0.07, ""fum_lost"": 0.03, ""gp"": 1.0, ""pos_adp_dd_ppr"": 1.0, ""pts_half_ppr"": 18.91, ""pts_ppr"": 22.16, ""pts_std"": 15.66, ""rec"": 6.5, ""rec_0_4"": 1.3, ""rec_10_19"": 1.95, ""rec_20_29"": 1.3, ""rec_2pt"": 0.04, ""rec_30_39"": 0.65, ""rec_40p"": 0.65, ""rec_5_9"": 1.3, ""rec_fd"": 9.83, ""rec_td"": 0.92, ""rec_tgt"": 9.66, ""rec_yd"": 98.27, ""rush_2pt"": 0.0, ""rush_40p"": 0.01, ""rush_att"": 0.46, ""rush_fd"": 0.19, ""rush_td"": 0.02, ""rush_yd"": 1.93}"
9506,,RB,TB,GB,0.41,0.39,0.36,"{""adp_dd_ppr"": 383.0, ""bonus_rec_rb"": 0.05, ""def_fum_td"": 0.0, ""def_kr_yd"": 22.51, ""fum"": 0.0, ""fum_lost"": 0.0, ""gp"": 1.0, ""pos_adp_dd_ppr"": 89.0, ""pts_half_ppr"": 0.39, ""pts_ppr"": 0.41, ""pts_std"": 0.36, ""rec"": 0.05, ""rec_0_4"": 0.01, ""rec_10_19"": 0.02, ""rec_20_29"": 0.01, ""rec_2pt"": 0.0, ""rec_30_39"": 0.01, ""rec_40p"": 0.01, ""rec_5_9"": 0.01, ""rec_fd"": 0.05, ""rec_td"": 0.01, ""rec_tgt"": 0.08, ""rec_yd"": 0.48, ""rush_2pt"": 0.0, ""rush_40p"": 0.0, ""rush_att"": 0.45, ""rush_fd"": 0.16, ""rush_td"": 0.02, ""rush_yd"": 1.56}"
CHI,,DEF,CHI,NYJ,8.53,8.53,8.53,"{""adp_dd_ppr"": 999.0, ""blk_kick"": 0.07, ""def_fum_td"": 0.07, ""def_kr_yd"": 114.06, ""def_pr_yd"": 132.72, ""def_td"": 0.14, ""ff"": 0.83, ""fum_rec"": 0.62, ""gp"": 1.0, ""int"": 0.83, ""pass_int_td"": 0.07, ""pos_adp_dd_ppr"": 999.0, ""pr_yd"": 18.66, ""pts_allow"": 20.0, ""pts_allow_14_20"": 1.0, ""pts_half_ppr"": 8.53, ""pts_ppr"": 8.53, ""pts_std"": 8.53, ""sack"": 2.83, ""tkl_loss"": 5.46, ""yds_allow"": 349.54, ""yds_allow_300_349"": 1.0}"
DAL,,DEF,DAL,HOU,6.29,6.29,6.29,"{""adp_dd_ppr"": 999.0, ""blk_kick"": 0.06, ""def_kr_td"": 0.06, ""def_kr_yd"": 110.65, ""def_pr_td"": 0.06, ""def_pr_yd"": 125.21, ""def_td"": 0.06, ""ff"": 0.58, ""fum_rec"": 0.52, ""gp"": 1.0, ""int"": 0.7, ""pass_int_td"": 0.06, ""pos_adp_dd_ppr"": 999.0, ""pr_yd"": 14.56, ""pts_allow"": 25.25, ""pts_allow_21_27"": 1.0, ""pts_half_ppr"": 6.29, ""pts_ppr"": 6.29, ""pts_std"": 6.29, ""sack"": 2.45, ""st_td"": 0.06, ""tkl_loss"": 3.96, ""yds_allow"": 374.6, ""yds_allow_350_399"": 1.0}"
HOU,,DEF,HOU,DAL,6.68,6.68,6.68,"{""adp_dd_ppr"": 999.0, ""blk_kick"": 0.04, ""def_fum_td"": 0.09, ""def_kr_yd"": 64.11, ""def_pr_td"": 0.04, ""def_pr_yd"": 77.38, ""def_td"": 0.18, ""ff"": 0.66, ""fum_rec"": 0.49, ""gp"": 1.0, ""int"": 0.71, ""pass_int_td"": 0.09, ""pos_adp_dd_ppr"": 999.0, ""pr_td"": 0.04, ""pr_yd"": 13.26, ""pts_allow"": 22.75, ""pts_allow_21_27"": 1.0, ""pts_half_ppr"": 6.68, ""pts_ppr"": 6.68, ""pts_std"": 6.68, ""sack"": 2.12, ""safe"": 0.04, ""st_td"": 0.04, ""tkl_loss"": 3.98, ""yds_allow"": 374.57, ""yds_allow_350_399"": 1.0}"
TEN,,DEF,TEN,BAL,4.3,4.3,4.3,"{""adp_dd_ppr"": 999.0, ""blk_kick"": 0.05, ""def_kr_yd"": 95.91, ""def_pr_yd"": 108.87, ""def_td"": 0.05, ""ff"": 0.52, ""fum_rec"": 0.36, ""gp"": 1.0, ""int"": 0.47, ""pass_int_td"": 0.05, ""pos_adp_dd_ppr"": 999.0, ""pr_yd"": 12.96, ""pts_allow"": 27.5, ""pts_allow_21_27"": 1.0, ""pts_half_ppr"": 4.3, ""pts_ppr"": 4.3, ""pts_std"": 4.3, ""sack"": 1.71, ""tkl_loss"": 3.37, ""yds_allow"": 420.65, ""yds_allow_400_449"": 1.0}"
10212,,TE,GB,TB,0.38,0.29,0.2,"{""adp_dd_ppr"": 361.0, ""bonus_rec_te"": 0.18, ""def_fum_td"": 0.0, ""fum"": 0.0, ""fum_lost"": 0.0, ""gp"": 1.0, ""pos_adp_dd_ppr"": 88.0, ""pts_half_ppr"": 0.29, ""pts_ppr"": 0.38, ""pts_std"": 0.2, ""rec"": 0.18, ""rec_0_4"": 0.04, ""rec_10_19"": 0.05, ""rec_20_29"": 0.04, ""rec_2pt"": 0.0, ""rec_30_39"": 0.02, ""rec_40p"": 0.02, ""rec_5_9"": 0.04, ""rec_fd"": 0.14, ""rec_td"": 0.01, ""rec_tgt"": 0.21, ""rec_yd"": 1.43}"
10229,,WR,KC,LV,14.06,11.63,9.21,"{""adp_dd_ppr"": 37.0, ""bonus_rec_wr"": 4.85, ""def_fum_td"": 0.0, ""fum"": 0.05, ""fum_lost"": 0.02, ""gp"": 1.0, ""pos_adp_dd_ppr"": 19.0, ""pts_half_ppr"": 11.63, ""pts_ppr"": 14.06, ""pts_std"": 9.21, ""rec"": 4.85, ""rec_0_4"": 0.97, ""rec_10_19"": 1.46, ""rec_20_29"": 0.97, ""rec_2pt"": 0.02, ""rec_30_39"": 0.49, ""rec_40p"": 0.49, ""rec_5_9"": 0.97, ""rec_fd"": 5.88, ""rec_td"": 0.5, ""rec_tgt"": 7.06, ""rec_yd"": 58.79, ""rush_2pt"": 0.0, ""rush_40p"": 0.0, ""rush_att"": 0.46, ""rush_fd"": 0.18, ""rush_td"": 0.02, ""rush_yd"": 1.78}"
10955,,K,ARI,NYG,7.25,7.25,7.25,"{""adp_dd_ppr"": 999.0, ""fga"": 2.01, ""fgm"": 1.69, ""fgm_20_29"": 0.32, ""fgm_30_39"": 0.42, ""fgm_40_49"": 0.42, ""fgm_50p"": 0.26, ""fgm_yds"": 59.75, ""fgmiss_30_39"": 0.04, ""fgmiss_40_49"": 0.04, ""fgmiss_50p"": 0.13, ""gp"": 1.0, ""pos_adp_dd_ppr"": 999.0, ""pts_half_ppr"": 7.25, ""pts_ppr"": 7.25, ""pts_std"": 7.25, ""xpa"": 2.26, ""xpm"": 2.13, ""xpmiss"": 0.13}"
11563,,QB,DEN,SF,18.24,18.24,18.24,"{""adp_dd_ppr"": 80.0, ""bonus_rush_td_qb"": 0.25, ""cmp_pct"": 63.43, ""def_fum_td"": 0.0, ""fum"": 0.45, ""fum_lost"": 0.2, ""gp"": 1.0, ""pass_2pt"": 0.09, ""pass_att"": 34.76, ""pass_cmp"": 22.05, ""pass_cmp_40p"": 0.44, ""pass_fd"": 22.63, ""pass_inc"": 12.71, ""pass_int"": 0.36, ""pass_int_td"": 0.0, ""pass_sack"": 2.78, ""pass_td"": 1.62, ""pass_yd"": 226.35, ""pos_adp_dd_ppr"": 13.0, ""pts_half_ppr"": 18.24, ""pts_ppr"": 18.24, ""pts_std"": 18.24, ""rush_2pt"": 0.01, ""rush_40p"": 0.04, ""rush_att"": 4.36, ""rush_fd"": 1.76, ""rush_td"": 0.25, ""rush_yd"": 17.65}"
11581,,RB,GB,TB,8.02,7.25,6.49,"{""adp_dd_ppr"": 150.0, ""bonus_rec_rb"": 1.53, ""def_fum_td"": 0.0, ""fum"": 0.09, ""fum_lost"": 0.04, ""gp"": 1.0, ""pos_adp_dd_ppr"": 36.0, ""pts_half_ppr"": 7.25, ""pts_ppr"": 8.02, ""pts_std"": 6.49, ""rec"": 1.53, ""rec_0_4"": 0.31, ""rec_10_19"": 0.46, ""rec_20_29"": 0.31, ""rec_2pt"": 0.0, ""rec_30_39"": 0.15, ""rec_40p"": 0.15, ""rec_5_9"": 0.31, ""rec_fd"": 1.2, ""rec_td"": 0.09, ""rec_tgt"": 1.99, ""rec_yd"": 11.98, ""rush_2pt"": 0.02, ""rush_40p"": 0.09, ""rush_att"": 9.26, ""rush_fd"": 3.3, ""rush_td"": 0.25, ""rush_yd"": 32.96}"
11599,,TE,HOU,DAL,0.95,0.76,0.56,"{""adp_dd_ppr"": 324.0, ""bonus_rec_te"": 0.39, ""def_fum_td"": 0.0, ""fum"": 0.0, ""fum_lost"": 0.0, ""gp"": 1.0, ""pos_adp_dd_ppr"": 76.0, ""pts_half_ppr"": 0.76, ""pts_ppr"": 0.95, ""pts_std"": 0.56, ""rec"": 0.39, ""rec_0_4"": 0.08, ""rec_10_19"": 0.12, ""rec_20_29"": 0.08, ""rec_2pt"": 0.0, ""rec_30_39"": 0.04, ""rec_40p"": 0.04, ""rec_5_9"": 0.08, ""rec_fd"": 0.35, ""rec_td"": 0.02, ""rec_tgt"": 0.48, ""rec_yd"": 3.47, ""rush_2pt"": 0.0, ""rush_40p"": 0.0, ""rush_att"": 0.12, ""rush_fd"": 0.05, ""rush_td"": 0.0, ""rush_yd"": 0.51}"
11604,,TE,LV,KC,15.34,12.2,9.07,"{""adp_dd_ppr"": 29.0, ""bonus_rec_te"": 6.27, ""def_fum_td"": 0.0, ""fum"": 0.06, ""fum_lost"": 0.02, ""gp"": 1.0, ""pos_adp_dd_ppr"": 2.0, ""pts_half_ppr"": 12.2, ""pts_ppr"": 15.34, ""pts_std"": 9.07, ""rec"": 6.27, ""rec_0_4"": 1.25, ""rec_10_19"": 1.88, ""rec_20_29"": 1.25, ""rec_2pt"": 0.03, ""rec_30_39"": 0.63, ""rec_40p"": 0.63, ""rec_5_9"": 1.25, ""rec_fd"": 5.66, ""rec_td"": 0.54, ""rec_tgt"": 7.91, ""rec_yd"": 56.63, ""rush_2pt"": 0.0, ""rush_40p"": 0.0, ""rush_att"": 0.25, ""rush_fd"": 0.09, ""rush_td"": 0.01, ""rush_yd"": 0.87}"
11620,,WR,CHI,NYJ,8.5,7.15,5.8,"{""adp_dd_ppr"": 122.0, ""bonus_rec_wr"": 2.7, ""def_fum_td"": 0.0, ""fum"": 0.03, ""fum_lost"": 0.01, ""gp"": 1.0, ""pos_adp_dd_ppr"": 56.0, ""pts_half_ppr"": 7.15, ""pts_ppr"": 8.5, ""pts_std"": 5.8, ""rec"": 2.7, ""rec_0_4"": 0.54, ""rec_10_19"": 0.81, ""rec_20_29"": 0.54, ""rec_2pt"": 0.01, ""rec_30_39"": 0.27, ""rec_40p"": 0.27, ""rec_5_9"": 0.54, ""rec_fd"": 4.37, ""rec_td"": 0.24, ""rec_tgt"": 4.75, ""rec_yd"": 43.66, ""rush_2pt"": 0.0, ""rush_40p"": 0.0, ""rush_att"": 0.01, ""rush_fd"": 0.01, ""rush_td"": 0.0, ""rush_yd"": 0.06}"
11627,,WR,DEN,SF,2.47,2.02,1.58,"{""adp_dd_ppr"": 243.0, ""bonus_rec_wr"": 0.9, ""def_fum_td"": 0.0, ""fum"": 0.01, ""fum_lost"": 0.0, ""gp"": 1.0, ""pos_adp_dd_ppr"": 101.0, ""pts_half_ppr"": 2.02, ""pts_ppr"": 2.47, ""pts_std"": 1.58, ""rec"": 0.9, ""rec_0_4"": 0.18, ""rec_10_19"": 0.27, ""rec_20_29"": 0.18, ""rec_2pt"": 0.0, ""rec_30_39"": 0.09, ""rec_40p"": 0.09, ""rec_5_9"": 0.18, ""rec_fd"": 1.09, ""rec_td"": 0.07, ""rec_tgt"": 1.39, ""rec_yd"": 10.93, ""rush_2pt"": 0.0, ""rush_40p"": 0.0, ""rush_att"": 0.1, ""rush_fd"": 0.04, ""rush_td"": 0.0, ""rush_yd"": 0.38}"
11637,,WR,BUF,NE,4.8,3.87,2.94,"{""adp_dd_ppr"": 196.0, ""bonus_rec_wr"": 1.86, ""def_fum_td"": 0.0, ""fum"": 0.02, ""fum_lost"": 0.01, ""gp"": 1.0, ""pos_adp_dd_ppr"": 83.0, ""pts_half_ppr"": 3.87, ""pts_ppr"": 4.8, ""pts_std"": 2.94, ""rec"": 1.86, ""rec_0_4"": 0.37, ""rec_10_19"": 0.56, ""rec_20_29"": 0.37, ""rec_2pt"": 0.01, ""rec_30_39"": 0.19, ""rec_40p"": 0.19, ""rec_5_9"": 0.37, ""rec_fd"": 2.41, ""rec_td"": 0.08, ""rec_tgt"": 2.82, ""rec_yd"": 24.05, ""rush_2pt"": 0.0, ""rush_40p"": 0.0, ""rush_att"": 0.04, ""rush_fd"": 0.02, ""rush_td"": 0.0, ""rush_yd"": 0.19}"
11655,,RB,NYG,ARI,0.8,0.74,0.69,"{""adp_dd_ppr"": 367.0, ""bonus_rec_rb"": 0.11, ""def_fum_td"": 0.0, ""def_kr_yd"": 3.36, ""fum"": 0.01, ""fum_lost"": 0.0, ""gp"": 1.0, ""pos_adp_dd_ppr"": 82.0, ""pts_half_ppr"": 0.74, ""pts_ppr"": 0.8, ""pts_std"": 0.69, ""rec"": 0.11, ""rec_0_4"": 0.02, ""rec_10_19"": 0.03, ""rec_20_29"": 0.02, ""rec_2pt"": 0.0, ""rec_30_39"": 0.01, ""rec_40p"": 0.01, ""rec_5_9"": 0.02, ""rec_fd"": 0.08, ""rec_td"": 0.01, ""rec_tgt"": 0.14, ""rec_yd"": 0.83, ""rush_2pt"": 0.0, ""rush_40p"": 0.01, ""rush_att"": 0.92, ""rush_fd"": 0.47, ""rush_td"": 0.01, ""rush_yd"": 4.67}"
11729,,RB,DET,CAR,4.36,3.95,3.53,"{""adp_dd_ppr"": 221.0, ""bonus_rec_rb"": 0.84, ""def_fum_td"": 0.0, ""fum"": 0.04, ""fum_lost"": 0.02, ""gp"": 1.0, ""pos_adp_dd_ppr"": 59.0, ""pts_half_ppr"": 3.95, ""pts_ppr"": 4.36, ""pts_std"": 3.53, ""rec"": 0.84, ""rec_0_4"": 0.17, ""rec_10_19"": 0.25, ""rec_20_29"": 0.17, ""rec_2pt"": 0.0, ""rec_30_39"": 0.08, ""rec_40p"": 0.08, ""rec_5_9"": 0.17, ""rec_fd"": 0.79, ""rec_td"": 0.04, ""rec_tgt"": 1.12, ""rec_yd"": 7.85, ""rush_2pt"": 0.01, ""rush_40p"": 0.04, ""rush_att"": 3.73, ""rush_fd"": 1.73, ""rush_td"": 0.13, ""rush_yd"": 17.25}"
12489,,RB,DEN,SF,11.13,9.65,8.18,"{""adp_dd_ppr"": 84.0, ""bonus_rec_rb"": 2.95, ""def_fum_td"": 0.0, ""def_kr_yd"": 8.27, ""fum"": 0.1, ""fum_lost"": 0.04, ""gp"": 1.0, ""pos_adp_dd_ppr"": 25.0, ""pts_half_ppr"": 9.65, ""pts_ppr"": 11.13, ""pts_std"": 8.18, ""rec"": 2.95, ""rec_0_4"": 0.59, ""rec_10_19"": 0.88, ""rec_20_29"": 0.59, ""rec_2pt"": 0.01, ""rec_30_39"": 0.29, ""rec_40p"": 0.29, ""rec_5_9"": 0.59, ""rec_fd"": 2.18, ""rec_td"": 0.19, ""rec_tgt"": 3.59, ""rec_yd"": 21.76, ""rush_2pt"": 0.02, ""rush_40p"": 0.08, ""rush_att"": 8.47, ""rush_fd"": 2.92, ""rush_td"": 0.33, ""rush_yd"": 29.23}"
12490,,RB,JAX,CIN,12.76,11.89,11.03,"{""adp_dd_ppr"": 59.0, ""bonus_rec_rb"": 1.73, ""def_fum_td"": 0.0, ""def_kr_yd"": 18.47, ""fum"": 0.12, ""fum_lost"": 0.05, ""gp"": 1.0, ""pos_adp_dd_ppr"": 22.0, ""pts_half_ppr"": 11.89, ""pts_ppr"": 12.76, ""pts_std"": 11.03, ""rec"": 1.73, ""rec_0_4"": 0.35, ""rec_10_19"": 0.52, ""rec_20_29"": 0.35, ""rec_2pt"": 0.01, ""rec_30_39"": 0.17, ""rec_40p"": 0.17, ""rec_5_9"": 0.35, ""rec_fd"": 1.59, ""rec_td"": 0.13, ""rec_tgt"": 2.27, ""rec_yd"": 15.89, ""rush_2pt"": 0.03, ""rush_40p"": 0.12, ""rush_att"": 11.84, ""rush_fd"": 5.88, ""rush_td"": 0.47, ""rush_yd"": 58.76}"
12493,,TE,LAC,SEA,6.66,5.42,4.19,"{""adp_dd_ppr"": 164.0, ""bonus_rec_te"": 2.47, ""def_fum_td"": 0.0, ""fum"": 0.02, ""fum_lost"": 0.01, ""gp"": 1.0, ""pos_adp_dd_ppr"": 28.0, ""pts_half_ppr"": 5.42, ""pts_ppr"": 6.66, ""pts_std"": 4.19, ""rec"": 2.47, ""rec_0_4"": 0.49, ""rec_10_19"": 0.74, ""rec_20_29"": 0.49, ""rec_2pt"": 0.01, ""rec_30_39"": 0.25, ""rec_40p"": 0.25, ""rec_5_9"": 0.49, ""rec_fd"": 2.86, ""rec_td"": 0.22, ""rec_tgt"": 3.78, ""rec_yd"": 28.62}"
12505,,WR,KC,LV,1.93,1.59,1.26,"{""adp_dd_ppr"": 267.0, ""bonus_rec_wr"": 0.67, ""def_fum_td"": 0.0, ""def_kr_yd"": 2.38, ""fum"": 0.01, ""fum_lost"": 0.0, ""gp"": 1.0, ""pos_adp_dd_ppr"": 117.0, ""pr"": 0.09, ""pr_yd"": 0.88, ""pts_half_ppr"": 1.59, ""pts_ppr"": 1.93, ""pts_std"": 1.26, ""rec"": 0.67, ""rec_0_4"": 0.13, ""rec_10_19"": 0.2, ""rec_20_29"": 0.13, ""rec_2pt"": 0.0, ""rec_30_39"": 0.07, ""rec_40p"": 0.07, ""rec_5_9"": 0.13, ""rec_fd"": 0.7, ""rec_td"": 0.09, ""rec_tgt"": 1.04, ""rec_yd"": 7.03, ""rush_2pt"": 0.0, ""rush_40p"": 0.0, ""rush_att"": 0.05, ""rush_fd"": 0.02, ""rush_td"": 0.0, ""rush_yd"": 0.19}"
12509,,WR,LAC,SEA,6.99,5.61,4.22,"{""adp_dd_ppr"": 149.0, ""bonus_rec_wr"": 2.77, ""def_fum_td"": 0.0, ""fum"": 0.03, ""fum_lost"": 0.01, ""gp"": 1.0, ""pos_adp_dd_ppr"": 63.0, ""pts_half_ppr"": 5.61, ""pts_ppr"": 6.99, ""pts_std"": 4.22, ""rec"": 2.77, ""rec_0_4"": 0.55, ""rec_10_19"": 0.83, ""rec_20_29"": 0.55, ""rec_2pt"": 0.01, ""rec_30_39"": 0.28, ""rec_40p"": 0.28, ""rec_5_9"": 0.55, ""rec_fd"": 3.61, ""rec_td"": 0.09, ""rec_tgt"": 4.85, ""rec_yd"": 36.11, ""rush_2pt"": 0.0, ""rush_40p"": 0.0, ""rush_att"": 0.12, ""rush_fd"": 0.04, ""rush_td"": 0.0, ""rush_yd"": 0.43}"
12522,,QB,TEN,BAL,13.31,13.31,13.31,"{""adp_dd_ppr"": 176.0, ""bonus_rush_td_qb"": 0.19, ""cmp_pct"": 59.96, ""def_fum_td"": 0.0, ""fum"": 0.37, ""fum_lost"": 0.16, ""gp"": 1.0, ""pass_2pt"": 0.07, ""pass_att"": 32.45, ""pass_cmp"": 19.46, ""pass_cmp_40p"": 0.35, ""pass_fd"": 20.71, ""pass_inc"": 12.99, ""pass_int"": 0.34, ""pass_int_td"": 0.0, ""pass_sack"": 2.29, ""pass_td"": 0.86, ""pass_yd"": 207.11, ""pos_adp_dd_ppr"": 30.0, ""pts_half_ppr"": 13.31, ""pts_ppr"": 13.31, ""pts_std"": 13.31, ""rush_2pt"": 0.01, ""rush_40p"": 0.02, ""rush_att"": 2.8, ""rush_fd"": 0.96, ""rush_td"": 0.19, ""rush_yd"": 9.55}"
12533,,RB,WAS,IND,12.07,11.51,10.96,"{""adp_dd_ppr"": 71.0, ""bonus_rec_rb"": 1.12, ""def_fum_td"": 0.0, ""def_kr_yd"": 2.39, ""fum"": 0.12, ""fum_lost"": 0.05, ""gp"": 1.0, ""pos_adp_dd_ppr"": 24.0, ""pts_half_ppr"": 11.51, ""pts_ppr"": 12.07, ""pts_std"": 10.96, ""rec"": 1.12, ""rec_0_4"": 0.22, ""rec_10_19"": 0.34, ""rec_20_29"": 0.22, ""rec_2pt"": 0.0, ""rec_30_39"": 0.11, ""rec_40p"": 0.11, ""rec_5_9"": 0.22, ""rec_fd"": 0.77, ""rec_td"": 0.04, ""rec_tgt"": 1.36, ""rec_yd"": 7.7, ""rush_2pt"": 0.04, ""rush_40p"": 0.13, ""rush_att"": 13.19, ""rush_fd"": 5.46, ""rush_td"": 0.75, ""rush_yd"": 54.59}"
12961,,K,CAR,DET,7.51,7.51,7.51,"{""adp_dd_ppr"": 999.0, ""fga"": 2.03, ""fgm"": 1.71, ""fgm_20_29"": 0.32, ""fgm_30_39"": 0.43, ""fgm_40_49"": 0.43, ""fgm_50p"": 0.27, ""fgm_yds"": 60.27, ""fgmiss_30_39"": 0.05, ""fgmiss_40_49"": 0.05, ""fgmiss_50p"": 0.14, ""gp"": 1.0, ""pos_adp_dd_ppr"": 999.0, ""pts_half_ppr"": 7.51, ""pts_ppr"": 7.51, ""pts_std"": 7.51, ""xpa"": 2.34, ""xpm"": 2.28, ""xpmiss"": 0.06}"
13279,,WR,TEN,BAL,10.14,7.96,5.79,"{""adp_dd_ppr"": 83.0, ""bonus_rec_wr"": 4.35, ""def_fum_td"": 0.0, ""def_kr_yd"": 2.64, ""fum"": 0.04, ""fum_lost"": 0.02, ""gp"": 1.0, ""pos_adp_dd_ppr"": 37.0, ""pr"": 0.06, ""pr_yd"": 0.55, ""pts_half_ppr"": 7.96, ""pts_ppr"": 10.14, ""pts_std"": 5.79, ""rec"": 4.35, ""rec_0_4"": 0.87, ""rec_10_19"": 1.31, ""rec_20_29"": 0.87, ""rec_2pt"": 0.01, ""rec_30_39"": 0.44, ""rec_40p"": 0.44, ""rec_5_9"": 0.87, ""rec_fd"": 4.91, ""rec_td"": 0.14, ""rec_tgt"": 7.15, ""rec_yd"": 49.13, ""rush_2pt"": 0.0, ""rush_40p"": 0.0, ""rush_att"": 0.02, ""rush_fd"": 0.01, ""rush_td"": 0.0, ""rush_yd"": 0.08}"
13287,,RB,ARI,NYG,15.81,14.45,13.1,"{""adp_dd_ppr"": 30.0, ""bonus_rec_rb"": 2.71, ""def_fum_td"": 0.0, ""def_kr_yd"": 12.12, ""fum"": 0.16, ""fum_lost"": 0.07, ""gp"": 1.0, ""pos_adp_dd_ppr"": 12.0, ""pts_half_ppr"": 14.45, ""pts_ppr"": 15.81, ""pts_std"": 13.1, ""rec"": 2.71, ""rec_0_4"": 0.54, ""rec_10_19"": 0.81, ""rec_20_29"": 0.54, ""rec_2pt"": 0.01, ""rec_30_39"": 0.27, ""rec_40p"": 0.27, ""rec_5_9"": 0.54, ""rec_fd"": 1.62, ""rec_td"": 0.17, ""rec_tgt"": 3.29, ""rec_yd"": 16.15, ""rush_2pt"": 0.03, ""rush_40p"": 0.16, ""rush_att"": 15.93, ""rush_fd"": 7.07, ""rush_td"": 0.58, ""rush_yd"": 70.71}"
13294,,WR,PHI,LAR,6.5,4.96,3.42,"{""adp_dd_ppr"": 160.0, ""bonus_rec_wr"": 3.08, ""def_fum_td"": 0.0, ""def_kr_yd"": 7.23, ""fum"": 0.03, ""fum_lost"": 0.01, ""gp"": 1.0, ""pos_adp_dd_ppr"": 66.0, ""pr"": 0.3, ""pr_yd"": 2.81, ""pts_half_ppr"": 4.96, ""pts_ppr"": 6.5, ""pts_std"": 3.42, ""rec"": 3.08, ""rec_0_4"": 0.62, ""rec_10_19"": 0.92, ""rec_20_29"": 0.62, ""rec_2pt"": 0.01, ""rec_30_39"": 0.31, ""rec_40p"": 0.31, ""rec_5_9"": 0.62, ""rec_fd"": 2.4, ""rec_td"": 0.16, ""rec_tgt"": 4.21, ""rec_yd"": 23.97, ""rush_2pt"": 0.0, ""rush_40p"": 0.0, ""rush_att"": 0.1, ""rush_fd"": 0.04, ""rush_td"": 0.0, ""rush_yd"": 0.43}"
13296,,WR,MIA,MIN,6.13,4.89,3.64,"{""adp_dd_ppr"": 166.0, ""bonus_rec_wr"": 2.49, ""def_fum_td"": 0.0, ""fum"": 0.02, ""fum_lost"": 0.01, ""gp"": 1.0, ""pos_adp_dd_ppr"": 68.0, ""pts_half_ppr"": 4.89, ""pts_ppr"": 6.13, ""pts_std"": 3.64, ""rec"": 2.49, ""rec_0_4"": 0.5, ""rec_10_19"": 0.75, ""rec_20_29"": 0.5, ""rec_2pt"": 0.01, ""rec_30_39"": 0.25, ""rec_40p"": 0.25, ""rec_5_9"": 0.5, ""rec_fd"": 3.05, ""rec_td"": 0.1, ""rec_tgt"": 4.23, ""rec_yd"": 30.5, ""rush_att"": 0.05, ""rush_fd"": 0.02, ""rush_td"": 0.0, ""rush_yd"": 0.16}"
13299,,TE,JAX,CIN,1.56,1.25,0.94,"{""adp_dd_ppr"": 294.0, ""bonus_rec_te"": 0.62, ""def_fum_td"": 0.0, ""fum"": 0.01, ""fum_lost"": 0.0, ""gp"": 1.0, ""pos_adp_dd_ppr"": 66.0, ""pts_half_ppr"": 1.25, ""pts_ppr"": 1.56, ""pts_std"": 0.94, ""rec"": 0.62, ""rec_0_4"": 0.12, ""rec_10_19"": 0.18, ""rec_20_29"": 0.12, ""rec_2pt"": 0.0, ""rec_30_39"": 0.06, ""rec_40p"": 0.06, ""rec_5_9"": 0.12, ""rec_fd"": 0.71, ""rec_td"": 0.04, ""rec_tgt"": 0.92, ""rec_yd"": 7.06}"
13300,,RB,MIA,MIN,0.0,0.0,0.0,"{""adp_dd_ppr"": 394.0, ""gp"": 1.0, ""pos_adp_dd_ppr"": 100.0, ""pts_half_ppr"": 0.0, ""pts_ppr"": 0.0, ""pts_std"": 0.0, ""rec_td"": 0.0}"
13329,,WR,LV,KC,0.84,0.67,0.49,"{""adp_dd_ppr"": 307.0, ""bonus_rec_wr"": 0.35, ""def_fum_td"": 0.0, ""fum"": 0.0, ""fum_lost"": 0.0, ""gp"": 1.0, ""pos_adp_dd_ppr"": 131.0, ""pts_half_ppr"": 0.67, ""pts_ppr"": 0.84, ""pts_std"": 0.49, ""rec"": 0.35, ""rec_0_4"": 0.07, ""rec_10_19"": 0.1, ""rec_20_29"": 0.07, ""rec_2pt"": 0.0, ""rec_30_39"": 0.03, ""rec_40p"": 0.03, ""rec_5_9"": 0.07, ""rec_fd"": 0.33, ""rec_td"": 0.03, ""rec_tgt"": 0.62, ""rec_yd"": 3.32, ""rush_2pt"": 0.0, ""rush_40p"": 0.0}"
2020,,K,CHI,NYJ,7.95,7.95,7.95,"{""adp_dd_ppr"": 999.0, ""fga"": 2.13, ""fgm"": 1.82, ""fgm_20_29"": 0.31, ""fgm_30_39"": 0.47, ""fgm_40_49"": 0.42, ""fgm_50p"": 0.31, ""fgm_yds"": 63.3, ""fgmiss_30_39"": 0.04, ""fgmiss_40_49"": 0.04, ""fgmiss_50p"": 0.12, ""gp"": 1.0, ""pos_adp_dd_ppr"": 999.0, ""pts_half_ppr"": 7.95, ""pts_ppr"": 7.95, ""pts_std"": 7.95, ""xpa"": 2.64, ""xpm"": 2.51, ""xpmiss"": 0.13}"
2133,,WR,LAR,PHI,15.88,13.53,11.19,"{""adp_dd_ppr"": 24.0, ""bonus_rec_wr"": 4.69, ""def_fum_td"": 0.0, ""fum"": 0.05, ""fum_lost"": 0.02, ""gp"": 1.0, ""pos_adp_dd_ppr"": 14.0, ""pts_half_ppr"": 13.53, ""pts_ppr"": 15.88, ""pts_std"": 11.19, ""rec"": 4.69, ""rec_0_4"": 0.94, ""rec_10_19"": 1.41, ""rec_20_29"": 0.94, ""rec_2pt"": 0.03, ""rec_30_39"": 0.47, ""rec_40p"": 0.47, ""rec_5_9"": 0.94, ""rec_fd"": 8.19, ""rec_td"": 0.5, ""rec_tgt"": 8.85, ""rec_yd"": 81.86}"
2216,,WR,SF,DEN,13.48,11.47,9.46,"{""adp_dd_ppr"": 45.0, ""bonus_rec_wr"": 4.03, ""def_fum_td"": 0.0, ""fum"": 0.04, ""fum_lost"": 0.02, ""gp"": 1.0, ""pos_adp_dd_ppr"": 23.0, ""pts_half_ppr"": 11.47, ""pts_ppr"": 13.48, ""pts_std"": 9.46, ""rec"": 4.03, ""rec_0_4"": 0.81, ""rec_10_19"": 1.21, ""rec_20_29"": 0.81, ""rec_2pt"": 0.04, ""rec_30_39"": 0.4, ""rec_40p"": 0.4, ""rec_5_9"": 0.81, ""rec_fd"": 6.26, ""rec_td"": 0.53, ""rec_tgt"": 7.42, ""rec_yd"": 62.6}"
2306,,QB,NYG,ARI,15.44,15.44,15.44,"{""adp_dd_ppr"": 134.0, ""bonus_rush_td_qb"": 0.11, ""cmp_pct"": 58.78, ""def_fum_td"": 0.0, ""fum"": 0.4, ""fum_lost"": 0.17, ""gp"": 1.0, ""pass_2pt"": 0.05, ""pass_att"": 28.96, ""pass_cmp"": 17.02, ""pass_cmp_40p"": 0.33, ""pass_fd"": 20.0, ""pass_inc"": 11.94, ""pass_int"": 0.72, ""pass_int_td"": 0.0, ""pass_sack"": 2.27, ""pass_td"": 1.54, ""pass_yd"": 199.96, ""pos_adp_dd_ppr"": 23.0, ""pts_half_ppr"": 15.44, ""pts_ppr"": 15.44, ""pts_std"": 15.44, ""rush_2pt"": 0.01, ""rush_40p"": 0.03, ""rush_att"": 3.38, ""rush_fd"": 1.53, ""rush_td"": 0.11, ""rush_yd"": 15.34}"
4454,,WR,ARI,NYG,5.94,4.68,3.43,"{""adp_dd_ppr"": 174.0, ""bonus_rec_wr"": 2.51, ""def_fum_td"": 0.0, ""fum"": 0.02, ""fum_lost"": 0.01, ""gp"": 1.0, ""pos_adp_dd_ppr"": 73.0, ""pr"": 0.17, ""pr_yd"": 2.09, ""pts_half_ppr"": 4.68, ""pts_ppr"": 5.94, ""pts_std"": 3.43, ""rec"": 2.51, ""rec_0_4"": 0.5, ""rec_10_19"": 0.75, ""rec_20_29"": 0.5, ""rec_2pt"": 0.01, ""rec_30_39"": 0.25, ""rec_40p"": 0.25, ""rec_5_9"": 0.5, ""rec_fd"": 2.66, ""rec_td"": 0.13, ""rec_tgt"": 3.5, ""rec_yd"": 26.59}"
5001,,TE,HOU,DAL,10.5,8.31,6.12,"{""adp_dd_ppr"": 89.0, ""bonus_rec_te"": 4.38, ""def_fum_td"": 0.0, ""fum"": 0.04, ""fum_lost"": 0.02, ""gp"": 1.0, ""pos_adp_dd_ppr"": 12.0, ""pts_half_ppr"": 8.31, ""pts_ppr"": 10.5, ""pts_std"": 6.12, ""rec"": 4.38, ""rec_0_4"": 0.88, ""rec_10_19"": 1.32, ""rec_20_29"": 0.88, ""rec_2pt"": 0.01, ""rec_30_39"": 0.44, ""rec_40p"": 0.44, ""rec_5_9"": 0.88, ""rec_fd"": 4.59, ""rec_td"": 0.26, ""rec_tgt"": 5.26, ""rec_yd"": 45.87}"
5121,,WR,NYG,ARI,0.43,0.36,0.29,"{""adp_dd_ppr"": 332.0, ""bonus_rec_wr"": 0.13, ""gp"": 1.0, ""pos_adp_dd_ppr"": 149.0, ""pts_half_ppr"": 0.36, ""pts_ppr"": 0.43, ""pts_std"": 0.29, ""rec"": 0.13, ""rec_0_4"": 0.03, ""rec_10_19"": 0.04, ""rec_20_29"": 0.03, ""rec_30_39"": 0.01, ""rec_40p"": 0.01, ""rec_5_9"": 0.03, ""rec_fd"": 0.12, ""rec_td"": 0.01, ""rec_tgt"": 0.17, ""rec_yd"": 1.23, ""rush_att"": 0.12, ""rush_fd"": 0.08, ""rush_td"": 0.01, ""rush_yd"": 0.76}"
5967,,RB,TEN,BAL,9.65,8.79,7.93,"{""adp_dd_ppr"": 117.0, ""bonus_rec_rb"": 1.72, ""def_fum_td"": 0.0, ""def_kr_yd"": 1.32, ""fum"": 0.11, ""fum_lost"": 0.05, ""gp"": 1.0, ""pos_adp_dd_ppr"": 27.0, ""pts_half_ppr"": 8.79, ""pts_ppr"": 9.65, ""pts_std"": 7.93, ""rec"": 1.72, ""rec_0_4"": 0.34, ""rec_10_19"": 0.52, ""rec_20_29"": 0.34, ""rec_2pt"": 0.0, ""rec_30_39"": 0.17, ""rec_40p"": 0.17, ""rec_5_9"": 0.34, ""rec_fd"": 1.07, ""rec_td"": 0.03, ""rec_tgt"": 2.03, ""rec_yd"": 10.69, ""rush_2pt"": 0.01, ""rush_40p"": 0.11, ""rush_att"": 11.99, ""rush_fd"": 5.21, ""rush_td"": 0.26, ""rush_yd"": 52.09}"
5970,,WR,BUF,NE,0.2,0.18,0.15,"{""adp_dd_ppr"": 348.0, ""bonus_rec_wr"": 0.05, ""def_fum_td"": 0.0, ""def_kr_yd"": 46.95, ""fum"": 0.0, ""fum_lost"": 0.0, ""gp"": 1.0, ""pos_adp_dd_ppr"": 159.0, ""pr"": 1.17, ""pr_yd"": 10.56, ""pts_half_ppr"": 0.18, ""pts_ppr"": 0.2, ""pts_std"": 0.15, ""rec"": 0.05, ""rec_0_4"": 0.01, ""rec_10_19"": 0.01, ""rec_20_29"": 0.01, ""rec_2pt"": 0.0, ""rec_30_39"": 0.0, ""rec_40p"": 0.0, ""rec_5_9"": 0.01, ""rec_fd"": 0.04, ""rec_td"": 0.0, ""rec_tgt"": 0.06, ""rec_yd"": 0.43, ""rush_2pt"": 0.0, ""rush_40p"": 0.0, ""rush_att"": 0.12, ""rush_fd"": 0.06, ""rush_td"": 0.01, ""rush_yd"": 0.59}"
6588,,WR,DET,CAR,0.48,0.39,0.29,"{""adp_dd_ppr"": 325.0, ""bonus_rec_wr"": 0.18, ""def_fum_td"": 0.0, ""def_kr_yd"": 10.48, ""fum"": 0.0, ""fum_lost"": 0.0, ""gp"": 1.0, ""pos_adp_dd_ppr"": 142.0, ""pr"": 0.13, ""pr_yd"": 1.34, ""pts_half_ppr"": 0.39, ""pts_ppr"": 0.48, ""pts_std"": 0.29, ""rec"": 0.18, ""rec_0_4"": 0.04, ""rec_10_19"": 0.06, ""rec_20_29"": 0.04, ""rec_2pt"": 0.0, ""rec_30_39"": 0.02, ""rec_40p"": 0.02, ""rec_5_9"": 0.04, ""rec_fd"": 0.22, ""rec_td"": 0.01, ""rec_tgt"": 0.3, ""rec_yd"": 2.2}"
6650,,K,TB,GB,7.75,7.75,7.75,"{""adp_dd_ppr"": 999.0, ""fga"": 2.11, ""fgm"": 1.8, ""fgm_20_29"": 0.29, ""fgm_30_39"": 0.44, ""fgm_40_49"": 0.39, ""fgm_50p"": 0.34, ""fgm_yds"": 61.79, ""fgmiss_30_39"": 0.04, ""fgmiss_40_49"": 0.04, ""fgmiss_50p"": 0.11, ""gp"": 1.0, ""pos_adp_dd_ppr"": 999.0, ""pts_half_ppr"": 7.75, ""pts_ppr"": 7.75, ""pts_std"": 7.75, ""xpa"": 2.53, ""xpm"": 2.41, ""xpmiss"": 0.12}"
6826,,TE,CHI,NYJ,3.84,3.11,2.37,"{""adp_dd_ppr"": 217.0, ""bonus_rec_te"": 1.46, ""def_fum_td"": 0.0, ""fum"": 0.01, ""fum_lost"": 0.01, ""gp"": 1.0, ""pos_adp_dd_ppr"": 37.0, ""pts_half_ppr"": 3.11, ""pts_ppr"": 3.84, ""pts_std"": 2.37, ""rec"": 1.46, ""rec_0_4"": 0.29, ""rec_10_19"": 0.44, ""rec_20_29"": 0.29, ""rec_2pt"": 0.01, ""rec_30_39"": 0.15, ""rec_40p"": 0.15, ""rec_5_9"": 0.29, ""rec_fd"": 1.57, ""rec_td"": 0.13, ""rec_tgt"": 2.05, ""rec_yd"": 15.73}"
6865,,TE,LAR,PHI,6.02,4.96,3.9,"{""adp_dd_ppr"": 179.0, ""bonus_rec_te"": 2.12, ""def_fum_td"": 0.0, ""fum"": 0.02, ""fum_lost"": 0.01, ""gp"": 1.0, ""pos_adp_dd_ppr"": 32.0, ""pts_half_ppr"": 4.96, ""pts_ppr"": 6.02, ""pts_std"": 3.9, ""rec"": 2.12, ""rec_0_4"": 0.42, ""rec_10_19"": 0.64, ""rec_20_29"": 0.42, ""rec_2pt"": 0.02, ""rec_30_39"": 0.21, ""rec_40p"": 0.21, ""rec_5_9"": 0.42, ""rec_fd"": 2.22, ""rec_td"": 0.28, ""rec_tgt"": 3.12, ""rec_yd"": 22.2}"
7049,,WR,MIN,MIA,9.07,7.64,6.22,"{""adp_dd_ppr"": 105.0, ""bonus_rec_wr"": 2.84, ""def_fum_td"": 0.0, ""fum"": 0.02, ""fum_lost"": 0.01, ""gp"": 1.0, ""pos_adp_dd_ppr"": 46.0, ""pts_half_ppr"": 7.64, ""pts_ppr"": 9.07, ""pts_std"": 6.22, ""rec"": 2.84, ""rec_0_4"": 0.57, ""rec_10_19"": 0.85, ""rec_20_29"": 0.57, ""rec_2pt"": 0.02, ""rec_30_39"": 0.28, ""rec_40p"": 0.28, ""rec_5_9"": 0.57, ""rec_fd"": 3.42, ""rec_td"": 0.46, ""rec_tgt"": 4.34, ""rec_yd"": 34.25, ""rush_att"": 0.03, ""rush_fd"": 0.01, ""rush_td"": 0.0, ""rush_yd"": 0.13}"
7526,,WR,DEN,SF,12.46,10.16,7.86,"{""adp_dd_ppr"": 53.0, ""bonus_rec_wr"": 4.6, ""def_fum_td"": 0.0, ""fum"": 0.05, ""fum_lost"": 0.02, ""gp"": 1.0, ""pos_adp_dd_ppr"": 27.0, ""pts_half_ppr"": 10.16, ""pts_ppr"": 12.46, ""pts_std"": 7.86, ""rec"": 4.6, ""rec_0_4"": 0.92, ""rec_10_19"": 1.38, ""rec_20_29"": 0.92, ""rec_2pt"": 0.01, ""rec_30_39"": 0.46, ""rec_40p"": 0.46, ""rec_5_9"": 0.92, ""rec_fd"": 6.54, ""rec_td"": 0.2, ""rec_tgt"": 7.82, ""rec_yd"": 65.35, ""rush_2pt"": 0.0, ""rush_40p"": 0.0, ""rush_att"": 0.21, ""rush_fd"": 0.11, ""rush_td"": 0.01, ""rush_yd"": 1.13}"
7828,,TE,KC,LV,3.37,2.67,1.97,"{""adp_dd_ppr"": 230.0, ""bonus_rec_te"": 1.4, ""def_fum_td"": 0.0, ""fum"": 0.01, ""fum_lost"": 0.01, ""gp"": 1.0, ""pos_adp_dd_ppr"": 40.0, ""pts_half_ppr"": 2.67, ""pts_ppr"": 3.37, ""pts_std"": 1.97, ""rec"": 1.4, ""rec_0_4"": 0.28, ""rec_10_19"": 0.42, ""rec_20_29"": 0.28, ""rec_2pt"": 0.01, ""rec_30_39"": 0.14, ""rec_40p"": 0.14, ""rec_5_9"": 0.28, ""rec_fd"": 1.37, ""rec_td"": 0.1, ""rec_tgt"": 1.89, ""rec_yd"": 13.75}"
8134,,WR,BUF,NE,8.23,6.4,4.56,"{""adp_dd_ppr"": 127.0, ""bonus_rec_wr"": 3.67, ""def_fum_td"": 0.0, ""fum"": 0.04, ""fum_lost"": 0.02, ""gp"": 1.0, ""pos_adp_dd_ppr"": 58.0, ""pr"": 0.74, ""pr_yd"": 7.92, ""pts_half_ppr"": 6.4, ""pts_ppr"": 8.23, ""pts_std"": 4.56, ""rec"": 3.67, ""rec_0_4"": 0.73, ""rec_10_19"": 1.1, ""rec_20_29"": 0.73, ""rec_2pt"": 0.01, ""rec_30_39"": 0.37, ""rec_40p"": 0.37, ""rec_5_9"": 0.73, ""rec_fd"": 3.77, ""rec_td"": 0.12, ""rec_tgt"": 5.0, ""rec_yd"": 37.73, ""rush_2pt"": 0.0, ""rush_40p"": 0.0, ""rush_att"": 0.11, ""rush_fd"": 0.05, ""rush_td"": 0.0, ""rush_yd"": 0.5}"
8145,,TE,NYJ,CHI,1.72,1.34,0.96,"{""adp_dd_ppr"": 289.0, ""bonus_rec_te"": 0.76, ""def_fum_td"": 0.0, ""fum"": 0.01, ""fum_lost"": 0.0, ""gp"": 1.0, ""pos_adp_dd_ppr"": 62.0, ""pts_half_ppr"": 1.34, ""pts_ppr"": 1.72, ""pts_std"": 0.96, ""rec"": 0.76, ""rec_0_4"": 0.15, ""rec_10_19"": 0.23, ""rec_20_29"": 0.15, ""rec_2pt"": 0.0, ""rec_30_39"": 0.08, ""rec_40p"": 0.08, ""rec_5_9"": 0.15, ""rec_fd"": 0.68, ""rec_td"": 0.05, ""rec_tgt"": 0.95, ""rec_yd"": 6.78}"
8161,,QB,MIA,MIN,12.76,12.76,12.76,"{""adp_dd_ppr"": 187.0, ""bonus_rush_td_qb"": 0.3, ""cmp_pct"": 64.78, ""def_fum_td"": 0.0, ""fum"": 0.29, ""fum_lost"": 0.13, ""gp"": 1.0, ""pass_2pt"": 0.04, ""pass_att"": 28.23, ""pass_cmp"": 18.29, ""pass_cmp_40p"": 0.3, ""pass_fd"": 18.38, ""pass_inc"": 9.94, ""pass_int"": 0.55, ""pass_int_td"": 0.0, ""pass_sack"": 1.9, ""pass_td"": 0.55, ""pass_yd"": 183.81, ""pos_adp_dd_ppr"": 32.0, ""pts_half_ppr"": 12.76, ""pts_ppr"": 12.76, ""pts_std"": 12.76, ""rush_2pt"": 0.02, ""rush_40p"": 0.04, ""rush_att"": 5.22, ""rush_fd"": 2.08, ""rush_td"": 0.3, ""rush_yd"": 20.78}"
8210,,TE,WAS,IND,7.93,6.32,4.71,"{""adp_dd_ppr"": 143.0, ""bonus_rec_te"": 3.22, ""def_fum_td"": 0.0, ""fum"": 0.03, ""fum_lost"": 0.01, ""gp"": 1.0, ""pos_adp_dd_ppr"": 24.0, ""pts_half_ppr"": 6.32, ""pts_ppr"": 7.93, ""pts_std"": 4.71, ""rec"": 3.22, ""rec_0_4"": 0.64, ""rec_10_19"": 0.97, ""rec_20_29"": 0.64, ""rec_2pt"": 0.02, ""rec_30_39"": 0.32, ""rec_40p"": 0.32, ""rec_5_9"": 0.64, ""rec_fd"": 3.22, ""rec_td"": 0.25, ""rec_tgt"": 4.83, ""rec_yd"": 32.23}"
8254,,RB,TEN,BAL,0.27,0.23,0.19,"{""adp_dd_ppr"": 385.0, ""bonus_rec_rb"": 0.08, ""def_fum_td"": 0.0, ""def_kr_yd"": 8.59, ""fum"": 0.0, ""fum_lost"": 0.0, ""gp"": 1.0, ""pos_adp_dd_ppr"": 91.0, ""pts_half_ppr"": 0.23, ""pts_ppr"": 0.27, ""pts_std"": 0.19, ""rec"": 0.08, ""rec_0_4"": 0.02, ""rec_10_19"": 0.02, ""rec_20_29"": 0.02, ""rec_2pt"": 0.0, ""rec_30_39"": 0.01, ""rec_40p"": 0.01, ""rec_5_9"": 0.02, ""rec_fd"": 0.06, ""rec_td"": 0.0, ""rec_tgt"": 0.11, ""rec_yd"": 0.62, ""rush_2pt"": 0.0, ""rush_40p"": 0.0, ""rush_att"": 0.22, ""rush_fd"": 0.08, ""rush_td"": 0.01, ""rush_yd"": 0.77}"
8414,,WR,PHI,LAR,0.13,0.1,0.07,"{""adp_dd_ppr"": 352.0, ""bonus_rec_wr"": 0.05, ""def_fum_td"": 0.0, ""def_kr_yd"": 37.29, ""fum"": 0.0, ""fum_lost"": 0.0, ""gp"": 1.0, ""pos_adp_dd_ppr"": 162.0, ""pr"": 1.43, ""pr_yd"": 14.34, ""pts_half_ppr"": 0.1, ""pts_ppr"": 0.13, ""pts_std"": 0.07, ""rec"": 0.05, ""rec_0_4"": 0.01, ""rec_10_19"": 0.02, ""rec_20_29"": 0.01, ""rec_2pt"": 0.0, ""rec_30_39"": 0.01, ""rec_40p"": 0.01, ""rec_5_9"": 0.01, ""rec_fd"": 0.05, ""rec_td"": 0.0, ""rec_tgt"": 0.09, ""rec_yd"": 0.53}"
8484,,TE,TB,GB,0.04,0.03,0.02,"{""adp_dd_ppr"": 377.0, ""bonus_rec_te"": 0.02, ""def_fum_td"": 0.0, ""fum"": 0.0, ""fum_lost"": 0.0, ""gp"": 1.0, ""pos_adp_dd_ppr"": 99.0, ""pts_half_ppr"": 0.03, ""pts_ppr"": 0.04, ""pts_std"": 0.02, ""rec"": 0.02, ""rec_0_4"": 0.0, ""rec_10_19"": 0.0, ""rec_20_29"": 0.0, ""rec_2pt"": 0.0, ""rec_30_39"": 0.0, ""rec_40p"": 0.0, ""rec_5_9"": 0.0, ""rec_fd"": 0.02, ""rec_td"": 0.0, ""rec_tgt"": 0.02, ""rec_yd"": 0.16}"
9225,,RB,PHI,LAR,3.36,3.18,3.0,"{""adp_dd_ppr"": 250.0, ""bonus_rec_rb"": 0.35, ""def_fum_td"": 0.0, ""def_kr_yd"": 23.3, ""fum"": 0.03, ""fum_lost"": 0.02, ""gp"": 1.0, ""pos_adp_dd_ppr"": 65.0, ""pts_half_ppr"": 3.18, ""pts_ppr"": 3.36, ""pts_std"": 3.0, ""rec"": 0.35, ""rec_0_4"": 0.07, ""rec_10_19"": 0.11, ""rec_20_29"": 0.07, ""rec_2pt"": 0.0, ""rec_30_39"": 0.04, ""rec_40p"": 0.04, ""rec_5_9"": 0.07, ""rec_fd"": 0.28, ""rec_td"": 0.02, ""rec_tgt"": 0.51, ""rec_yd"": 2.83, ""rush_2pt"": 0.01, ""rush_40p"": 0.03, ""rush_att"": 3.62, ""rush_fd"": 1.67, ""rush_td"": 0.16, ""rush_yd"": 16.66}"
9480,,TE,JAX,CIN,9.64,7.84,6.03,"{""adp_dd_ppr"": 101.0, ""bonus_rec_te"": 3.61, ""def_fum_td"": 0.0, ""fum"": 0.03, ""fum_lost"": 0.01, ""gp"": 1.0, ""pos_adp_dd_ppr"": 14.0, ""pts_half_ppr"": 7.84, ""pts_ppr"": 9.64, ""pts_std"": 6.03, ""rec"": 3.61, ""rec_0_4"": 0.72, ""rec_10_19"": 1.08, ""rec_20_29"": 0.72, ""rec_2pt"": 0.02, ""rec_30_39"": 0.36, ""rec_40p"": 0.36, ""rec_5_9"": 0.72, ""rec_fd"": 4.35, ""rec_td"": 0.28, ""rec_tgt"": 4.98, ""rec_yd"": 43.48}"
9500,,WR,IND,WAS,12.53,10.44,8.35,"{""adp_dd_ppr"": 51.0, ""bonus_rec_wr"": 4.18, ""def_fum_td"": 0.0, ""fum"": 0.04, ""fum_lost"": 0.02, ""gp"": 1.0, ""pos_adp_dd_ppr"": 26.0, ""pr"": 0.59, ""pr_yd"": 5.61, ""pts_half_ppr"": 10.44, ""pts_ppr"": 12.53, ""pts_std"": 8.35, ""rec"": 4.18, ""rec_0_4"": 0.84, ""rec_10_19"": 1.25, ""rec_20_29"": 0.84, ""rec_2pt"": 0.02, ""rec_30_39"": 0.42, ""rec_40p"": 0.42, ""rec_5_9"": 0.84, ""rec_fd"": 5.93, ""rec_td"": 0.4, ""rec_tgt"": 6.89, ""rec_yd"": 59.26, ""rush_2pt"": 0.0, ""rush_40p"": 0.0, ""rush_att"": 0.11, ""rush_fd"": 0.04, ""rush_td"": 0.0, ""rush_yd"": 0.42}"
MIA,,DEF,MIA,MIN,4.96,4.96,4.96,"{""adp_dd_ppr"": 999.0, ""blk_kick"": 0.06, ""def_kr_yd"": 115.87, ""def_pr_yd"": 131.96, ""def_td"": 0.06, ""ff"": 0.58, ""fum_rec"": 0.39, ""gp"": 1.0, ""int"": 0.45, ""pass_int_td"": 0.06, ""pos_adp_dd_ppr"": 999.0, ""pr_yd"": 16.09, ""pts_allow"": 24.75, ""pts_allow_21_27"": 1.0, ""pts_half_ppr"": 4.96, ""pts_ppr"": 4.96, ""pts_std"": 4.96, ""sack"": 2.19, ""tkl_loss"": 4.18, ""yds_allow"": 335.39, ""yds_allow_300_349"": 1.0}"
PHI,,DEF,PHI,LAR,6.21,6.21,6.21,"{""adp_dd_ppr"": 999.0, ""blk_kick"": 0.04, ""def_fum_td"": 0.09, ""def_kr_yd"": 67.49, ""def_pr_yd"": 80.98, ""def_td"": 0.18, ""ff"": 0.63, ""fum_rec"": 0.45, ""gp"": 1.0, ""int"": 0.67, ""pass_int_td"": 0.09, ""pos_adp_dd_ppr"": 999.0, ""pr_yd"": 13.5, ""pts_allow"": 23.25, ""pts_allow_21_27"": 1.0, ""pts_half_ppr"": 6.21, ""pts_ppr"": 6.21, ""pts_std"": 6.21, ""sack"": 2.07, ""safe"": 0.04, ""tkl_loss"": 3.96, ""yds_allow"": 365.57, ""yds_allow_350_399"": 1.0}"
SF,,DEF,SF,DEN,6.83,6.83,6.83,"{""adp_dd_ppr"": 999.0, ""blk_kick"": 0.06, ""def_fum_td"": 0.06, ""def_kr_yd"": 109.62, ""def_pr_yd"": 126.06, ""def_td"": 0.13, ""ff"": 0.64, ""fum_rec"": 0.58, ""gp"": 1.0, ""int"": 0.77, ""pass_int_td"": 0.06, ""pos_adp_dd_ppr"": 999.0, ""pr_yd"": 16.44, ""pts_allow"": 22.75, ""pts_allow_21_27"": 1.0, ""pts_half_ppr"": 6.83, ""pts_ppr"": 6.83, ""pts_std"": 6.83, ""sack"": 2.58, ""tkl_loss"": 4.58, ""yds_allow"": 326.63, ""yds_allow_300_349"": 1.0}"
13319,,TE,NO,ATL,1.58,1.22,0.86,"{""adp_dd_ppr"": 292.0, ""bonus_rec_te"": 0.73, ""def_fum_td"": 0.0, ""fum"": 0.01, ""fum_lost"": 0.0, ""gp"": 1.0, ""pos_adp_dd_ppr"": 65.0, ""pts_half_ppr"": 1.22, ""pts_ppr"": 1.58, ""pts_std"": 0.86, ""rec"": 0.73, ""rec_0_4"": 0.15, ""rec_10_19"": 0.22, ""rec_20_29"": 0.15, ""rec_2pt"": 0.0, ""rec_30_39"": 0.07, ""rec_40p"": 0.07, ""rec_5_9"": 0.15, ""rec_fd"": 0.6, ""rec_td"": 0.04, ""rec_tgt"": 0.88, ""rec_yd"": 6.0}"
13420,,WR,NO,ATL,1.82,1.48,1.15,"{""adp_dd_ppr"": 271.0, ""bonus_rec_wr"": 0.67, ""def_fum_td"": 0.0, ""fum"": 0.01, ""fum_lost"": 0.0, ""gp"": 1.0, ""pos_adp_dd_ppr"": 120.0, ""pts_half_ppr"": 1.48, ""pts_ppr"": 1.82, ""pts_std"": 1.15, ""rec"": 0.67, ""rec_0_4"": 0.13, ""rec_10_19"": 0.2, ""rec_20_29"": 0.13, ""rec_2pt"": 0.0, ""rec_30_39"": 0.07, ""rec_40p"": 0.07, ""rec_5_9"": 0.13, ""rec_fd"": 0.81, ""rec_td"": 0.06, ""rec_tgt"": 1.22, ""rec_yd"": 8.14}"
8112,,WR,ATL,NO,16.22,13.6,10.97,"{""adp_dd_ppr"": 21.0, ""bonus_rec_wr"": 5.25, ""def_fum_td"": 0.0, ""fum"": 0.05, ""fum_lost"": 0.02, ""gp"": 1.0, ""pos_adp_dd_ppr"": 12.0, ""pts_half_ppr"": 13.6, ""pts_ppr"": 16.22, ""pts_std"": 10.97, ""rec"": 5.25, ""rec_0_4"": 1.05, ""rec_10_19"": 1.58, ""rec_20_29"": 1.05, ""rec_2pt"": 0.02, ""rec_30_39"": 0.53, ""rec_40p"": 0.53, ""rec_5_9"": 1.05, ""rec_fd"": 8.13, ""rec_td"": 0.47, ""rec_tgt"": 9.06, ""rec_yd"": 81.3, ""rush_2pt"": 0.0, ""rush_40p"": 0.0, ""rush_att"": 0.06, ""rush_fd"": 0.02, ""rush_td"": 0.0, ""rush_yd"": 0.2}"
9757,,RB,NO,ATL,7.11,6.55,6.0,"{""adp_dd_ppr"": 169.0, ""bonus_rec_rb"": 1.12, ""def_fum_td"": 0.0, ""def_kr_yd"": 4.54, ""fum"": 0.08, ""fum_lost"": 0.04, ""gp"": 1.0, ""pos_adp_dd_ppr"": 41.0, ""pts_half_ppr"": 6.55, ""pts_ppr"": 7.11, ""pts_std"": 6.0, ""rec"": 1.12, ""rec_0_4"": 0.22, ""rec_10_19"": 0.33, ""rec_20_29"": 0.22, ""rec_2pt"": 0.0, ""rec_30_39"": 0.11, ""rec_40p"": 0.11, ""rec_5_9"": 0.22, ""rec_fd"": 0.79, ""rec_td"": 0.06, ""rec_tgt"": 1.41, ""rec_yd"": 7.9, ""rush_2pt"": 0.02, ""rush_40p"": 0.08, ""rush_att"": 7.38, ""rush_fd"": 2.74, ""rush_td"": 0.35, ""rush_yd"": 27.38}"
11834,,WR,NO,ATL,10.18,8.28,6.38,"{""adp_dd_ppr"": 82.0, ""bonus_rec_wr"": 3.8, ""def_fum_td"": 0.0, ""def_kr_yd"": 8.39, ""fum"": 0.04, ""fum_lost"": 0.02, ""gp"": 1.0, ""pos_adp_dd_ppr"": 36.0, ""pts_half_ppr"": 8.28, ""pts_ppr"": 10.18, ""pts_std"": 6.38, ""rec"": 3.8, ""rec_0_4"": 0.76, ""rec_10_19"": 1.14, ""rec_20_29"": 0.76, ""rec_2pt"": 0.01, ""rec_30_39"": 0.38, ""rec_40p"": 0.38, ""rec_5_9"": 0.76, ""rec_fd"": 4.58, ""rec_td"": 0.3, ""rec_tgt"": 5.8, ""rec_yd"": 45.77, ""rush_2pt"": 0.0, ""rush_40p"": 0.0, ""rush_att"": 0.05, ""rush_fd"": 0.02, ""rush_td"": 0.0, ""rush_yd"": 0.23}"
650,,K,ATL,NO,8.13,8.13,8.13,"{""adp_dd_ppr"": 999.0, ""fga"": 2.09, ""fgm"": 1.83, ""fgm_20_29"": 0.33, ""fgm_30_39"": 0.5, ""fgm_40_49"": 0.44, ""fgm_50p"": 0.28, ""fgm_yds"": 64.64, ""fgmiss_30_39"": 0.04, ""fgmiss_40_49"": 0.04, ""fgmiss_50p"": 0.09, ""gp"": 1.0, ""pos_adp_dd_ppr"": 999.0, ""pts_half_ppr"": 8.13, ""pts_ppr"": 8.13, ""pts_std"": 8.13, ""xpa"": 2.61, ""xpm"": 2.55, ""xpmiss"": 0.07}"
8154,,RB,ATL,NO,4.24,3.9,3.57,"{""adp_dd_ppr"": 223.0, ""bonus_rec_rb"": 0.67, ""def_fum_td"": 0.0, ""def_kr_yd"": 14.94, ""fum"": 0.06, ""fum_lost"": 0.02, ""gp"": 1.0, ""pos_adp_dd_ppr"": 60.0, ""pts_half_ppr"": 3.9, ""pts_ppr"": 4.24, ""pts_std"": 3.57, ""rec"": 0.67, ""rec_0_4"": 0.13, ""rec_10_19"": 0.2, ""rec_20_29"": 0.13, ""rec_2pt"": 0.0, ""rec_30_39"": 0.07, ""rec_40p"": 0.07, ""rec_5_9"": 0.13, ""rec_fd"": 0.51, ""rec_td"": 0.05, ""rec_tgt"": 0.87, ""rec_yd"": 5.13, ""rush_2pt"": 0.01, ""rush_40p"": 0.06, ""rush_att"": 5.64, ""rush_fd"": 2.03, ""rush_td"": 0.12, ""rush_yd"": 20.34}"
11559,,QB,ATL,NO,14.77,14.77,14.77,"{""adp_dd_ppr"": 146.0, ""bonus_rush_td_qb"": 0.16, ""cmp_pct"": 58.43, ""def_fum_td"": 0.0, ""fum"": 0.39, ""fum_lost"": 0.17, ""gp"": 1.0, ""pass_2pt"": 0.06, ""pass_att"": 29.41, ""pass_cmp"": 17.19, ""pass_cmp_40p"": 0.35, ""pass_fd"": 20.55, ""pass_inc"": 12.22, ""pass_int"": 0.46, ""pass_int_td"": 0.0, ""pass_sack"": 2.36, ""pass_td"": 1.32, ""pass_yd"": 205.52, ""pos_adp_dd_ppr"": 26.0, ""pts_half_ppr"": 14.77, ""pts_ppr"": 14.77, ""pts_std"": 14.77, ""rush_2pt"": 0.01, ""rush_40p"": 0.03, ""rush_att"": 2.8, ""rush_fd"": 0.95, ""rush_td"": 0.16, ""rush_yd"": 9.5}"
13320,,WR,ATL,NO,3.11,2.52,1.94,"{""adp_dd_ppr"": 225.0, ""bonus_rec_wr"": 1.17, ""def_fum_td"": 0.0, ""def_kr_td"": 0.06, ""def_kr_yd"": 38.79, ""fum"": 0.01, ""fum_lost"": 0.0, ""gp"": 1.0, ""pos_adp_dd_ppr"": 95.0, ""pr"": 0.75, ""pr_yd"": 7.47, ""pts_half_ppr"": 2.52, ""pts_ppr"": 3.11, ""pts_std"": 1.94, ""rec"": 1.17, ""rec_0_4"": 0.23, ""rec_10_19"": 0.35, ""rec_20_29"": 0.23, ""rec_2pt"": 0.0, ""rec_30_39"": 0.12, ""rec_40p"": 0.12, ""rec_5_9"": 0.23, ""rec_fd"": 1.23, ""rec_td"": 0.1, ""rec_tgt"": 1.78, ""rec_yd"": 12.25, ""rush_att"": 0.14, ""rush_fd"": 0.05, ""rush_td"": 0.01, ""rush_yd"": 0.52}"
13533,,WR,NO,ATL,2.14,1.73,1.32,"{""adp_dd_ppr"": 260.0, ""bonus_rec_wr"": 0.82, ""def_fum_td"": 0.0, ""def_kr_td"": 0.07, ""def_kr_yd"": 79.61, ""fum"": 0.01, ""fum_lost"": 0.0, ""gp"": 1.0, ""pos_adp_dd_ppr"": 112.0, ""pr"": 0.33, ""pr_yd"": 3.28, ""pts_half_ppr"": 1.73, ""pts_ppr"": 2.14, ""pts_std"": 1.32, ""rec"": 0.82, ""rec_0_4"": 0.16, ""rec_10_19"": 0.25, ""rec_20_29"": 0.16, ""rec_2pt"": 0.0, ""rec_30_39"": 0.08, ""rec_40p"": 0.08, ""rec_5_9"": 0.16, ""rec_fd"": 0.89, ""rec_td"": 0.07, ""rec_tgt"": 1.34, ""rec_yd"": 8.95}"
4035,,RB,NO,ATL,9.81,8.61,7.41,"{""adp_dd_ppr"": 112.0, ""bonus_rec_rb"": 2.4, ""def_fum_td"": 0.0, ""fum"": 0.11, ""fum_lost"": 0.05, ""gp"": 1.0, ""pos_adp_dd_ppr"": 26.0, ""pts_half_ppr"": 8.61, ""pts_ppr"": 9.81, ""pts_std"": 7.41, ""rec"": 2.4, ""rec_0_4"": 0.48, ""rec_10_19"": 0.72, ""rec_20_29"": 0.48, ""rec_2pt"": 0.01, ""rec_30_39"": 0.24, ""rec_40p"": 0.24, ""rec_5_9"": 0.48, ""rec_fd"": 1.32, ""rec_td"": 0.11, ""rec_tgt"": 2.81, ""rec_yd"": 13.23, ""rush_2pt"": 0.02, ""rush_40p"": 0.1, ""rush_att"": 9.82, ""rush_fd"": 3.82, ""rush_td"": 0.27, ""rush_yd"": 38.15}"
7075,,TE,ATL,NO,0.71,0.55,0.39,"{""adp_dd_ppr"": 342.0, ""bonus_rec_te"": 0.32, ""def_fum_td"": 0.0, ""fum"": 0.0, ""fum_lost"": 0.0, ""gp"": 1.0, ""pos_adp_dd_ppr"": 81.0, ""pts_half_ppr"": 0.55, ""pts_ppr"": 0.71, ""pts_std"": 0.39, ""rec"": 0.32, ""rec_0_4"": 0.06, ""rec_10_19"": 0.1, ""rec_20_29"": 0.06, ""rec_2pt"": 0.0, ""rec_30_39"": 0.03, ""rec_40p"": 0.03, ""rec_5_9"": 0.06, ""rec_fd"": 0.25, ""rec_td"": 0.02, ""rec_tgt"": 0.43, ""rec_yd"": 2.54}"
8119,,WR,ATL,NO,4.51,3.71,2.92,"{""adp_dd_ppr"": 200.0, ""bonus_rec_wr"": 1.6, ""def_fum_td"": 0.0, ""def_kr_yd"": 12.81, ""fum"": 0.02, ""fum_lost"": 0.01, ""gp"": 1.0, ""pos_adp_dd_ppr"": 86.0, ""pr"": 0.88, ""pr_yd"": 7.34, ""pts_half_ppr"": 3.71, ""pts_ppr"": 4.51, ""pts_std"": 2.92, ""rec"": 1.6, ""rec_0_4"": 0.32, ""rec_10_19"": 0.48, ""rec_20_29"": 0.32, ""rec_2pt"": 0.01, ""rec_30_39"": 0.16, ""rec_40p"": 0.16, ""rec_5_9"": 0.32, ""rec_fd"": 1.92, ""rec_td"": 0.16, ""rec_tgt"": 3.32, ""rec_yd"": 19.18, ""rush_2pt"": 0.0, ""rush_40p"": 0.0, ""rush_att"": 0.03, ""rush_fd"": 0.01, ""rush_td"": 0.0, ""rush_yd"": 0.1}"
ATL,,DEF,ATL,NO,6.32,6.32,6.32,"{""adp_dd_ppr"": 999.0, ""blk_kick"": 0.06, ""def_fum_td"": 0.06, ""def_kr_yd"": 100.44, ""def_pr_yd"": 115.8, ""def_td"": 0.12, ""ff"": 0.71, ""fum_rec"": 0.53, ""gp"": 1.0, ""int"": 0.65, ""pass_int_td"": 0.06, ""pos_adp_dd_ppr"": 999.0, ""pr_yd"": 15.36, ""pts_allow"": 25.5, ""pts_allow_21_27"": 1.0, ""pts_half_ppr"": 6.32, ""pts_ppr"": 6.32, ""pts_std"": 6.32, ""sack"": 2.42, ""tkl_loss"": 4.49, ""yds_allow"": 354.17, ""yds_allow_350_399"": 1.0}"
NO,,DEF,NO,ATL,6.88,6.88,6.88,"{""adp_dd_ppr"": 999.0, ""blk_kick"": 0.07, ""def_kr_td"": 0.07, ""def_kr_yd"": 125.8, ""def_pr_td"": 0.07, ""def_pr_yd"": 144.3, ""ff"": 0.74, ""fum_rec"": 0.59, ""gp"": 1.0, ""int"": 0.74, ""pos_adp_dd_ppr"": 999.0, ""pr_yd"": 18.5, ""pts_allow"": 23.0, ""pts_allow_21_27"": 1.0, ""pts_half_ppr"": 6.88, ""pts_ppr"": 6.88, ""pts_std"": 6.88, ""sack"": 2.89, ""st_td"": 0.07, ""tkl_loss"": 4.81, ""yds_allow"": 323.23, ""yds_allow_300_349"": 1.0}"
12545,,QB,NO,ATL,18.58,18.58,18.58,"{""adp_dd_ppr"": 73.0, ""bonus_rush_td_qb"": 0.17, ""cmp_pct"": 67.13, ""def_fum_td"": 0.0, ""fum"": 0.47, ""fum_lost"": 0.21, ""gp"": 1.0, ""pass_2pt"": 0.09, ""pass_att"": 35.16, ""pass_cmp"": 23.6, ""pass_cmp_40p"": 0.48, ""pass_fd"": 25.42, ""pass_inc"": 11.56, ""pass_int"": 1.12, ""pass_int_td"": 0.0, ""pass_sack"": 2.95, ""pass_td"": 1.7, ""pass_yd"": 254.17, ""pos_adp_dd_ppr"": 9.0, ""pts_half_ppr"": 18.58, ""pts_ppr"": 18.58, ""pts_std"": 18.58, ""rush_2pt"": 0.01, ""rush_40p"": 0.05, ""rush_att"": 4.53, ""rush_fd"": 1.94, ""rush_td"": 0.17, ""rush_yd"": 19.43}"
5857,,TE,NO,ATL,6.03,4.98,3.92,"{""adp_dd_ppr"": 178.0, ""bonus_rec_te"": 2.11, ""def_fum_td"": 0.0, ""fum"": 0.02, ""fum_lost"": 0.01, ""gp"": 1.0, ""pos_adp_dd_ppr"": 31.0, ""pts_half_ppr"": 4.98, ""pts_ppr"": 6.03, ""pts_std"": 3.92, ""rec"": 2.11, ""rec_0_4"": 0.42, ""rec_10_19"": 0.63, ""rec_20_29"": 0.42, ""rec_2pt"": 0.02, ""rec_30_39"": 0.21, ""rec_40p"": 0.21, ""rec_5_9"": 0.42, ""rec_fd"": 2.03, ""rec_td"": 0.31, ""rec_tgt"": 2.99, ""rec_yd"": 20.33}"
7002,,TE,NO,ATL,11.68,9.57,7.46,"{""adp_dd_ppr"": 66.0, ""bonus_rec_te"": 4.22, ""def_fum_td"": 0.0, ""fum"": 0.04, ""fum_lost"": 0.02, ""gp"": 1.0, ""pos_adp_dd_ppr"": 7.0, ""pts_half_ppr"": 9.57, ""pts_ppr"": 11.68, ""pts_std"": 7.46, ""rec"": 4.22, ""rec_0_4"": 0.84, ""rec_10_19"": 1.27, ""rec_20_29"": 0.84, ""rec_2pt"": 0.02, ""rec_30_39"": 0.42, ""rec_40p"": 0.42, ""rec_5_9"": 0.84, ""rec_fd"": 5.12, ""rec_td"": 0.39, ""rec_tgt"": 5.63, ""rec_yd"": 51.17}"
13277,,RB,NO,ATL,4.07,3.61,3.15,"{""adp_dd_ppr"": 227.0, ""bonus_rec_rb"": 0.92, ""gp"": 1.0, ""pos_adp_dd_ppr"": 61.0, ""pts_half_ppr"": 3.61, ""pts_ppr"": 4.07, ""pts_std"": 3.15, ""rec"": 0.92, ""rec_0_4"": 0.18, ""rec_10_19"": 0.28, ""rec_20_29"": 0.18, ""rec_30_39"": 0.09, ""rec_40p"": 0.09, ""rec_5_9"": 0.18, ""rec_fd"": 0.71, ""rec_td"": 0.06, ""rec_tgt"": 1.41, ""rec_yd"": 7.05, ""rush_att"": 3.61, ""rush_fd"": 1.46, ""rush_td"": 0.1, ""rush_yd"": 14.61}"
3202,,TE,ATL,NO,2.64,2.19,1.73,"{""adp_dd_ppr"": 254.0, ""bonus_rec_te"": 0.91, ""def_fum_td"": 0.0, ""fum"": 0.01, ""fum_lost"": 0.0, ""gp"": 1.0, ""pos_adp_dd_ppr"": 48.0, ""pts_half_ppr"": 2.19, ""pts_ppr"": 2.64, ""pts_std"": 1.73, ""rec"": 0.91, ""rec_0_4"": 0.18, ""rec_10_19"": 0.27, ""rec_20_29"": 0.18, ""rec_2pt"": 0.01, ""rec_30_39"": 0.09, ""rec_40p"": 0.09, ""rec_5_9"": 0.18, ""rec_fd"": 0.94, ""rec_td"": 0.13, ""rec_tgt"": 1.34, ""rec_yd"": 9.37}"
5095,,K,NO,ATL,8.1,8.1,8.1,"{""adp_dd_ppr"": 999.0, ""fga"": 2.16, ""fgm"": 1.84, ""fgm_20_29"": 0.26, ""fgm_30_39"": 0.47, ""fgm_40_49"": 0.47, ""fgm_50p"": 0.32, ""fgm_yds"": 65.14, ""fgmiss_30_39"": 0.04, ""fgmiss_40_49"": 0.08, ""fgmiss_50p"": 0.08, ""gp"": 1.0, ""pos_adp_dd_ppr"": 999.0, ""pts_half_ppr"": 8.1, ""pts_ppr"": 8.1, ""pts_std"": 8.1, ""xpa"": 2.54, ""xpm"": 2.48, ""xpmiss"": 0.06}"
6271,,WR,ATL,NO,3.0,2.5,1.99,"{""adp_dd_ppr"": 228.0, ""bonus_rec_wr"": 1.01, ""def_fum_td"": 0.0, ""fum"": 0.01, ""fum_lost"": 0.01, ""gp"": 1.0, ""pos_adp_dd_ppr"": 97.0, ""pts_half_ppr"": 2.5, ""pts_ppr"": 3.0, ""pts_std"": 1.99, ""rec"": 1.01, ""rec_0_4"": 0.2, ""rec_10_19"": 0.3, ""rec_20_29"": 0.2, ""rec_2pt"": 0.0, ""rec_30_39"": 0.1, ""rec_40p"": 0.1, ""rec_5_9"": 0.2, ""rec_fd"": 1.23, ""rec_td"": 0.1, ""rec_tgt"": 1.97, ""rec_yd"": 12.32, ""rush_2pt"": 0.0, ""rush_40p"": 0.0, ""rush_att"": 0.21, ""rush_fd"": 0.09, ""rush_td"": 0.01, ""rush_yd"": 0.89}"
7553,,TE,ATL,NO,8.62,7.19,5.76,"{""adp_dd_ppr"": 129.0, ""bonus_rec_te"": 2.86, ""def_fum_td"": 0.0, ""fum"": 0.03, ""fum_lost"": 0.01, ""gp"": 1.0, ""pos_adp_dd_ppr"": 20.0, ""pts_half_ppr"": 7.19, ""pts_ppr"": 8.62, ""pts_std"": 5.76, ""rec"": 2.86, ""rec_0_4"": 0.57, ""rec_10_19"": 0.86, ""rec_20_29"": 0.57, ""rec_2pt"": 0.02, ""rec_30_39"": 0.29, ""rec_40p"": 0.29, ""rec_5_9"": 0.57, ""rec_fd"": 3.33, ""rec_td"": 0.4, ""rec_tgt"": 4.12, ""rec_yd"": 33.31}"
8144,,WR,NO,ATL,18.9,16.02,13.13,"{""adp_dd_ppr"": 6.0, ""bonus_rec_wr"": 5.76, ""def_fum_td"": 0.0, ""fum"": 0.06, ""fum_lost"": 0.03, ""gp"": 1.0, ""pos_adp_dd_ppr"": 2.0, ""pts_half_ppr"": 16.02, ""pts_ppr"": 18.9, ""pts_std"": 13.13, ""rec"": 5.76, ""rec_0_4"": 1.15, ""rec_10_19"": 1.73, ""rec_20_29"": 1.15, ""rec_2pt"": 0.04, ""rec_30_39"": 0.58, ""rec_40p"": 0.58, ""rec_5_9"": 1.15, ""rec_fd"": 8.74, ""rec_td"": 0.72, ""rec_tgt"": 9.32, ""rec_yd"": 87.39, ""rush_2pt"": 0.0, ""rush_40p"": 0.0, ""rush_att"": 0.05, ""rush_fd"": 0.02, ""rush_td"": 0.0, ""rush_yd"": 0.2}"
9509,,RB,ATL,NO,22.15,20.01,17.87,"{""adp_dd_ppr"": 3.0, ""bonus_rec_rb"": 4.27, ""def_fum_td"": 0.0, ""fum"": 0.21, ""fum_lost"": 0.09, ""gp"": 1.0, ""pos_adp_dd_ppr"": 2.0, ""pts_half_ppr"": 20.01, ""pts_ppr"": 22.15, ""pts_std"": 17.87, ""rec"": 4.27, ""rec_0_4"": 0.85, ""rec_10_19"": 1.28, ""rec_20_29"": 0.85, ""rec_2pt"": 0.01, ""rec_30_39"": 0.43, ""rec_40p"": 0.43, ""rec_5_9"": 0.85, ""rec_fd"": 3.52, ""rec_td"": 0.32, ""rec_tgt"": 5.43, ""rec_yd"": 35.22, ""rush_2pt"": 0.03, ""rush_40p"": 0.19, ""rush_att"": 18.61, ""rush_fd"": 8.62, ""rush_td"": 0.65, ""rush_yd"": 86.15}"
6462,,TE,,,,,,"{""adp_dd_ppr"": 1000.0}"
7926,,TE,,,,,,"{""adp_dd_ppr"": 1000.0}"
1408,,RB,,,,,,"{""adp_dd_ppr"": 1000.0}"
8074,,TE,,,,,,"{""adp_dd_ppr"": 1000.0}"
13175,,QB,,,,,,"{""adp_dd_ppr"": 1000.0}"
2801,,WR,,,,,,"{""adp_dd_ppr"": 1000.0}"
7918,,RB,,,,,,"{""adp_dd_ppr"": 1000.0}"
5428,,WR,,,,,,"{""adp_dd_ppr"": 1000.0}"
13221,,QB,,,,,,"{""adp_dd_ppr"": 1000.0}"
11522,,WR,,,,,,"{""adp_dd_ppr"": 1000.0}"
2474,,TE,,,,,,"{""adp_dd_ppr"": 1000.0}"
8809,,RB,,,,,,"{""adp_dd_ppr"": 1000.0}"
3342,,WR,,,,,,"{""adp_dd_ppr"": 1000.0}"
1684,,WR,,,,,,"{""adp_dd_ppr"": 1000.0}"
6918,,RB,CHI,,,,,"{""adp_dd_ppr"": 1000.0}"
6137,,TE,,,,,,"{""adp_dd_ppr"": 1000.0}"
3561,,TE,,,,,,"{""adp_dd_ppr"": 1000.0}"
5038,,WR,,,,,,"{""adp_dd_ppr"": 1000.0}"
2023,,WR,,,,,,"{""adp_dd_ppr"": 1000.0}"
11649,,RB,CIN,,,,,"{""adp_dd_ppr"": 1000.0}"
13600,,WR,TEN,,,,,"{""adp_dd_ppr"": 1000.0}"
5965,,WR,,,,,,"{""adp_dd_ppr"": 1000.0}"
13064,,WR,,,,,,"{""adp_dd_ppr"": 1000.0}"
4992,,WR,SF,,,,,"{""adp_dd_ppr"": 1000.0}"
11155,,TE,,,,,,"{""adp_dd_ppr"": 1000.0}"
4828,,WR,,,,,,"{""adp_dd_ppr"": 1000.0}"
4396,,WR,,,,,,"{""adp_dd_ppr"": 1000.0}"
4038,,WR,,,,,,"{""adp_dd_ppr"": 1000.0}"
11282,,WR,,,,,,"{""adp_dd_ppr"": 1000.0}"
3730,,WR,,,,,,"{""adp_dd_ppr"": 1000.0}"
13302,,RB,BAL,,,,,"{""adp_dd_ppr"": 1000.0}"
5718,,TE,,,,,,"{""adp_dd_ppr"": 1000.0}"
3916,,WR,,,,,,"{""adp_dd_ppr"": 1000.0}"
5530,,WR,,,,,,"{""adp_dd_ppr"": 1000.0}"
11445,,WR,,,,,,"{""adp_dd_ppr"": 1000.0}"
5619,,RB,,,,,,"{""adp_dd_ppr"": 1000.0}"
5122,,RB,,,,,,"{""adp_dd_ppr"": 1000.0}"
13295,,QB,NE,,,,,"{""adp_dd_ppr"": 1000.0}"
2320,,RB,,,,,,"{""adp_dd_ppr"": 1000.0}"
1895,,QB,,,,,,"{""adp_dd_ppr"": 1000.0}"
11906,,WR,,,,,,"{""adp_dd_ppr"": 1000.0}"
2496,,FB,,,,,,"{""adp_dd_ppr"": 1000.0}"
7258,,FB,,,,,,"{""adp_dd_ppr"": 1000.0}"
12028,,RB,,,,,,"{""adp_dd_ppr"": 1000.0}"
3488,,RB,,,,,,"{""adp_dd_ppr"": 1000.0}"
13323,,RB,,,,,,"{""adp_dd_ppr"": 1000.0}"
12244,,WR,,,,,,"{""adp_dd_ppr"": 1000.0}"
1387,,RB,,,,,,"{""adp_dd_ppr"": 1000.0}"
5143,,RB,,,,,,"{""adp_dd_ppr"": 1000.0}"
8410,,WR,,,,,,"{""adp_dd_ppr"": 1000.0}"
2025,,WR,,,,,,"{""adp_dd_ppr"": 1000.0}"
5838,,K,,,,,,"{""adp_dd_ppr"": 1000.0}"
12300,,TE,,,,,,"{""adp_dd_ppr"": 1000.0}"
19,,QB,CIN,,,,,"{""adp_dd_ppr"": 1000.0}"
5296,,FB,,,,,,"{""adp_dd_ppr"": 1000.0}"
13352,,RB,,,,,,"{""adp_dd_ppr"": 1000.0}"
12967,,WR,,,,,,"{""adp_dd_ppr"": 1000.0}"
14017,,TE,,,,,,"{""adp_dd_ppr"": 1000.0}"
13228,,WR,,,,,,"{""adp_dd_ppr"": 1000.0}"
6459,,WR,,,,,,"{""adp_dd_ppr"": 1000.0}"
12264,,WR,,,,,,"{""adp_dd_ppr"": 1000.0}"
801,,TE,,,,,,"{""adp_dd_ppr"": 1000.0}"
6374,,TE,,,,,,"{""adp_dd_ppr"": 1000.0}"
7944,,WR,,,,,,"{""adp_dd_ppr"": 1000.0}"
1550,,QB,,,,,,"{""adp_dd_ppr"": 1000.0}"
13108,,WR,,,,,,"{""adp_dd_ppr"": 1000.0}"
3423,,WR,,,,,,"{""adp_dd_ppr"": 1000.0}"
12121,,RB,,,,,,"{""adp_dd_ppr"": 1000.0}"
3496,,TE,,,,,,"{""adp_dd_ppr"": 1000.0}"
4813,,WR,,,,,,"{""adp_dd_ppr"": 1000.0}"
1800,,TE,,,,,,"{""adp_dd_ppr"": 1000.0}"
5100,,RB,,,,,,"{""adp_dd_ppr"": 1000.0}"
7938,,TE,,,,,,"{""adp_dd_ppr"": 1000.0}"
12848,,WR,HOU,,,,,"{""adp_dd_ppr"": 1000.0}"
8698,,TE,SF,,,,,"{""adp_dd_ppr"": 1000.0}"
3453,,RB,,,,,,"{""adp_dd_ppr"": 1000.0}"
4385,,RB,,,,,,"{""adp_dd_ppr"": 1000.0}"
7013,,QB,,,,,,"{""adp_dd_ppr"": 1000.0}"
7862,,WR,,,,,,"{""adp_dd_ppr"": 1000.0}"
10233,,QB,,,,,,"{""adp_dd_ppr"": 1000.0}"
1517,,RB,,,,,,"{""adp_dd_ppr"": 1000.0}"
6279,,TE,,,,,,"{""adp_dd_ppr"": 1000.0}"
6501,,TE,,,,,,"{""adp_dd_ppr"": 1000.0}"
5776,,WR,,,,,,"{""adp_dd_ppr"": 1000.0}"
2948,,RB,,,,,,"{""adp_dd_ppr"": 1000.0}"
12971,,WR,CIN,,,,,"{""adp_dd_ppr"": 1000.0}"
6381,,WR,,,,,,"{""adp_dd_ppr"": 1000.0}"
6016,,TE,PIT,,,,,"{""adp_dd_ppr"": 1000.0}"
6908,,RB,,,,,,"{""adp_dd_ppr"": 1000.0}"
4569,,WR,,,,,,"{""adp_dd_ppr"": 1000.0}"
4673,,FB,,,,,,"{""adp_dd_ppr"": 1000.0}"
5007,,WR,,,,,,"{""adp_dd_ppr"": 1000.0}"
8116,,RB,GB,,,,,"{""adp_dd_ppr"": 1000.0}"
6823,,QB,,,,,,"{""adp_dd_ppr"": 1000.0}"
3648,,TE,,,,,,"{""adp_dd_ppr"": 1000.0}"
7619,,WR,,,,,,"{""adp_dd_ppr"": 1000.0}"
7555,,QB,,,,,,"{""adp_dd_ppr"": 1000.0}"
13409,,WR,,,,,,"{""adp_dd_ppr"": 1000.0}"
7585,,QB,HOU,,,,,"{""adp_dd_ppr"": 1000.0}"
12399,,WR,,,,,,"{""adp_dd_ppr"": 1000.0}"
14076,,RB,,,,,,"{""adp_dd_ppr"": 1000.0}"
8025,,FB,DEN,,,,,"{""adp_dd_ppr"": 1000.0}"
8931,,WR,,,,,,"{""adp_dd_ppr"": 1000.0}"
8633,,WR,,,,,,"{""adp_dd_ppr"": 1000.0}"
788,,RB,,,,,,"{""adp_dd_ppr"": 1000.0}"
8241,,QB,,,,,,"{""adp_dd_ppr"": 1000.0}"
5854,,QB,SEA,,,,,"{""adp_dd_ppr"": 1000.0}"
2936,,RB,,,,,,"{""adp_dd_ppr"": 1000.0}"
3211,,RB,,,,,,"{""adp_dd_ppr"": 1000.0}"
7593,,RB,ATL,,,,,"{""adp_dd_ppr"": 1000.0}"
6489,,QB,,,,,,"{""adp_dd_ppr"": 1000.0}"
7614,,RB,,,,,,"{""adp_dd_ppr"": 1000.0}"
12832,,WR,,,,,,"{""adp_dd_ppr"": 1000.0}"
12809,,WR,,,,,,"{""adp_dd_ppr"": 1000.0}"
6966,,RB,,,,,,"{""adp_dd_ppr"": 1000.0}"
4548,,RB,,,,,,"{""adp_dd_ppr"": 1000.0}"
12354,,TE,,,,,,"{""adp_dd_ppr"": 1000.0}"
3021,,WR,,,,,,"{""adp_dd_ppr"": 1000.0}"
11579,,RB,,,,,,"{""adp_dd_ppr"": 1000.0}"
4031,,TE,,,,,,"{""adp_dd_ppr"": 1000.0}"
7274,,WR,,,,,,"{""adp_dd_ppr"": 1000.0}"
5359,,WR,,,,,,"{""adp_dd_ppr"": 1000.0}"
12180,,K,,,,,,"{""adp_dd_ppr"": 1000.0}"
3609,,WR,,,,,,"{""adp_dd_ppr"": 1000.0}"
11636,,WR,PHI,,,,,"{""adp_dd_ppr"": 1000.0}"
5398,,RB,,,,,,"{""adp_dd_ppr"": 1000.0}"
10861,,RB,,,,,,"{""adp_dd_ppr"": 1000.0}"
4814,,WR,,,,,,"{""adp_dd_ppr"": 1000.0}"
7397,,TE,,,,,,"{""adp_dd_ppr"": 1000.0}"
11557,,QB,DAL,,,,,"{""adp_dd_ppr"": 1000.0}"
5052,,RB,,,,,,"{""adp_dd_ppr"": 1000.0}"
4128,,WR,,,,,,"{""adp_dd_ppr"": 1000.0}"
6626,,WR,,,,,,"{""adp_dd_ppr"": 1000.0}"
13898,,WR,LV,,,,,"{""adp_dd_ppr"": 1000.0}"
13304,,WR,,,,,,"{""adp_dd_ppr"": 1000.0}"
3524,,QB,,,,,,"{""adp_dd_ppr"": 1000.0}"
4421,,TE,,,,,,"{""adp_dd_ppr"": 1000.0}"
12925,,WR,NYJ,,,,,"{""adp_dd_ppr"": 1000.0}"
6081,,TE,,,,,,"{""adp_dd_ppr"": 1000.0}"
4479,,WR,,,,,,"{""adp_dd_ppr"": 1000.0}"
3318,,QB,,,,,,"{""adp_dd_ppr"": 1000.0}"
5269,,TE,,,,,,"{""adp_dd_ppr"": 1000.0}"
2553,,TE,,,,,,"{""adp_dd_ppr"": 1000.0}"
4585,,WR,,,,,,"{""adp_dd_ppr"": 1000.0}"
11229,,RB,,,,,,"{""adp_dd_ppr"": 1000.0}"
89,,QB,,,,,,"{""adp_dd_ppr"": 1000.0}"
13906,,RB,,,,,,"{""adp_dd_ppr"": 1000.0}"
2770,,TE,,,,,,"{""adp_dd_ppr"": 1000.0}"
13988,,TE,,,,,,"{""adp_dd_ppr"": 1000.0}"
7159,,QB,,,,,,"{""adp_dd_ppr"": 1000.0}"
9231,,QB,,,,,,"{""adp_dd_ppr"": 1000.0}"
7262,,QB,IND,,,,,"{""adp_dd_ppr"": 1000.0}"
8442,,QB,,,,,,"{""adp_dd_ppr"": 1000.0}"
8194,,RB,,,,,,"{""adp_dd_ppr"": 1000.0}"
7863,,RB,,,,,,"{""adp_dd_ppr"": 1000.0}"
5231,,TE,,,,,,"{""adp_dd_ppr"": 1000.0}"
7407,,WR,,,,,,"{""adp_dd_ppr"": 1000.0}"
5268,,TE,,,,,,"{""adp_dd_ppr"": 1000.0}"
6075,,TE,,,,,,"{""adp_dd_ppr"": 1000.0}"
13838,,K,,,,,,"{""adp_dd_ppr"": 1000.0}"
11145,,K,,,,,,"{""adp_dd_ppr"": 1000.0}"
4697,,RB,,,,,,"{""adp_dd_ppr"": 1000.0}"
12831,,WR,,,,,,"{""adp_dd_ppr"": 1000.0}"
12220,,WR,,,,,,"{""adp_dd_ppr"": 1000.0}"
13418,,RB,WAS,,,,,"{""adp_dd_ppr"": 1000.0}"
5550,,RB,,,,,,"{""adp_dd_ppr"": 1000.0}"
7552,,WR,,,,,,"{""adp_dd_ppr"": 1000.0}"
4733,,TE,,,,,,"{""adp_dd_ppr"": 1000.0}"
3540,,WR,,,,,,"{""adp_dd_ppr"": 1000.0}"
6496,,K,,,,,,"{""adp_dd_ppr"": 1000.0}"
5024,,WR,,,,,,"{""adp_dd_ppr"": 1000.0}"
13599,,QB,,,,,,"{""adp_dd_ppr"": 1000.0}"
12413,,WR,,,,,,"{""adp_dd_ppr"": 1000.0}"
2304,,TE,,,,,,"{""adp_dd_ppr"": 1000.0}"
8070,,WR,,,,,,"{""adp_dd_ppr"": 1000.0}"
6519,,WR,,,,,,"{""adp_dd_ppr"": 1000.0}"
11918,,WR,,,,,,"{""adp_dd_ppr"": 1000.0}"
2565,,TE,,,,,,"{""adp_dd_ppr"": 1000.0}"
5809,,RB,,,,,,"{""adp_dd_ppr"": 1000.0}"
10228,,WR,NYG,,,,,"{""adp_dd_ppr"": 1000.0}"
4026,,QB,,,,,,"{""adp_dd_ppr"": 1000.0}"
1169,,QB,,,,,,"{""adp_dd_ppr"": 1000.0}"
11598,,TE,,,,,,"{""adp_dd_ppr"": 1000.0}"
11995,,QB,,,,,,"{""adp_dd_ppr"": 1000.0}"
11998,,RB,,,,,,"{""adp_dd_ppr"": 1000.0}"
829,,QB,PHI,,,,,"{""adp_dd_ppr"": 1000.0}"
7534,,WR,,,,,,"{""adp_dd_ppr"": 1000.0}"
2754,,WR,,,,,,"{""adp_dd_ppr"": 1000.0}"
6388,,TE,,,,,,"{""adp_dd_ppr"": 1000.0}"
2684,,WR,,,,,,"{""adp_dd_ppr"": 1000.0}"
1266,,K,,,,,,"{""adp_dd_ppr"": 1000.0}"
7905,,TE,,,,,,"{""adp_dd_ppr"": 1000.0}"
12284,,RB,,,,,,"{""adp_dd_ppr"": 1000.0}"
11311,,WR,,,,,,"{""adp_dd_ppr"": 1000.0}"
4330,,WR,,,,,,"{""adp_dd_ppr"": 1000.0}"
6072,,RB,,,,,,"{""adp_dd_ppr"": 1000.0}"
12532,,WR,,,,,,"{""adp_dd_ppr"": 1000.0}"
11008,,K,,,,,,"{""adp_dd_ppr"": 1000.0}"
3278,,WR,,,,,,"{""adp_dd_ppr"": 1000.0}"
12981,,TE,,,,,,"{""adp_dd_ppr"": 1000.0}"
2581,,RB,,,,,,"{""adp_dd_ppr"": 1000.0}"
4544,,WR,,,,,,"{""adp_dd_ppr"": 1000.0}"
6196,,RB,,,,,,"{""adp_dd_ppr"": 1000.0}"
7794,,RB,,,,,,"{""adp_dd_ppr"": 1000.0}"
6323,,RB,NYJ,,,,,"{""adp_dd_ppr"": 1000.0}"
7606,,WR,,,,,,"{""adp_dd_ppr"": 1000.0}"
6927,,WR,,,,,,"{""adp_dd_ppr"": 1000.0}"
3615,,RB,,,,,,"{""adp_dd_ppr"": 1000.0}"
2561,,QB,,,,,,"{""adp_dd_ppr"": 1000.0}"
13246,,WR,,,,,,"{""adp_dd_ppr"": 1000.0}"
2929,,WR,,,,,,"{""adp_dd_ppr"": 1000.0}"
6742,,RB,,,,,,"{""adp_dd_ppr"": 1000.0}"
8245,,TE,,,,,,"{""adp_dd_ppr"": 1000.0}"
4061,,QB,,,,,,"{""adp_dd_ppr"": 1000.0}"
13957,,TE,IND,,,,,"{""adp_dd_ppr"": 1000.0}"
6970,,TE,,,,,,"{""adp_dd_ppr"": 1000.0}"
8092,,RB,,,,,,"{""adp_dd_ppr"": 1000.0}"
6259,,RB,,,,,,"{""adp_dd_ppr"": 1000.0}"
12374,,TE,JAX,,,,,"{""adp_dd_ppr"": 1000.0}"
2957,,TE,,,,,,"{""adp_dd_ppr"": 1000.0}"
13554,,WR,JAX,,,,,"{""adp_dd_ppr"": 1000.0}"
12866,,TE,,,,,,"{""adp_dd_ppr"": 1000.0}"
6522,,QB,,,,,,"{""adp_dd_ppr"": 1000.0}"
1911,,WR,,,,,,"{""adp_dd_ppr"": 1000.0}"
1034,,RB,,,,,,"{""adp_dd_ppr"": 1000.0}"
4798,,WR,,,,,,"{""adp_dd_ppr"": 1000.0}"
13270,,WR,LAR,,,,,"{""adp_dd_ppr"": 1000.0}"
13805,,WR,,,,,,"{""adp_dd_ppr"": 1000.0}"
5808,,QB,,,,,,"{""adp_dd_ppr"": 1000.0}"
7216,,FB,,,,,,"{""adp_dd_ppr"": 1000.0}"
5242,,WR,,,,,,"{""adp_dd_ppr"": 1000.0}"
5026,,WR,,,,,,"{""adp_dd_ppr"": 1000.0}"
6045,,WR,LAC,,,,,"{""adp_dd_ppr"": 1000.0}"
4821,,WR,,,,,,"{""adp_dd_ppr"": 1000.0}"
13608,,WR,,,,,,"{""adp_dd_ppr"": 1000.0}"
13282,,TE,CIN,,,,,"{""adp_dd_ppr"": 1000.0}"
6395,,WR,,,,,,"{""adp_dd_ppr"": 1000.0}"
7852,,FB,,,,,,"{""adp_dd_ppr"": 1000.0}"
11478,,WR,,,,,,"{""adp_dd_ppr"": 1000.0}"
8549,,WR,,,,,,"{""adp_dd_ppr"": 1000.0}"
11266,,WR,,,,,,"{""adp_dd_ppr"": 1000.0}"
7608,,RB,ATL,,,,,"{""adp_dd_ppr"": 1000.0}"
6402,,WR,,,,,,"{""adp_dd_ppr"": 1000.0}"
2658,,FB,,,,,,"{""adp_dd_ppr"": 1000.0}"
8213,,WR,,,,,,"{""adp_dd_ppr"": 1000.0}"
11226,,WR,,,,,,"{""adp_dd_ppr"": 1000.0}"
1587,,TE,,,,,,"{""adp_dd_ppr"": 1000.0}"
2471,,FB,CLE,,,,,"{""adp_dd_ppr"": 1000.0}"
7412,,RB,,,,,,"{""adp_dd_ppr"": 1000.0}"
7499,,TE,,,,,,"{""adp_dd_ppr"": 1000.0}"
4949,,RB,,,,,,"{""adp_dd_ppr"": 1000.0}"
8115,,TE,,,,,,"{""adp_dd_ppr"": 1000.0}"
6248,,WR,,,,,,"{""adp_dd_ppr"": 1000.0}"
13047,,RB,SEA,,,,,"{""adp_dd_ppr"": 1000.0}"
4508,,WR,,,,,,"{""adp_dd_ppr"": 1000.0}"
12820,,WR,,,,,,"{""adp_dd_ppr"": 1000.0}"
11505,,WR,,,,,,"{""adp_dd_ppr"": 1000.0}"
13318,,WR,CIN,,,,,"{""adp_dd_ppr"": 1000.0}"
2911,,K,,,,,,"{""adp_dd_ppr"": 1000.0}"
5911,,WR,,,,,,"{""adp_dd_ppr"": 1000.0}"
13939,,WR,,,,,,"{""adp_dd_ppr"": 1000.0}"
2944,,TE,NE,,,,,"{""adp_dd_ppr"": 1000.0}"
3036,,TE,,,,,,"{""adp_dd_ppr"": 1000.0}"
6343,,QB,,,,,,"{""adp_dd_ppr"": 1000.0}"
5132,,WR,,,,,,"{""adp_dd_ppr"": 1000.0}"
6993,,TE,,,,,,"{""adp_dd_ppr"": 1000.0}"
345,,QB,,,,,,"{""adp_dd_ppr"": 1000.0}"
6820,,RB,,,,,,"{""adp_dd_ppr"": 1000.0}"
7008,,QB,,,,,,"{""adp_dd_ppr"": 1000.0}"
14001,,RB,,,,,,"{""adp_dd_ppr"": 1000.0}"
5169,,WR,,,,,,"{""adp_dd_ppr"": 1000.0}"
11931,,QB,,,,,,"{""adp_dd_ppr"": 1000.0}"
7713,,WR,,,,,,"{""adp_dd_ppr"": 1000.0}"
12333,,WR,,,,,,"{""adp_dd_ppr"": 1000.0}"
4666,,K,,,,,,"{""adp_dd_ppr"": 1000.0}"
5092,,TE,,,,,,"{""adp_dd_ppr"": 1000.0}"
1718,,TE,,,,,,"{""adp_dd_ppr"": 1000.0}"
6236,,RB,,,,,,"{""adp_dd_ppr"": 1000.0}"
8905,,TE,,,,,,"{""adp_dd_ppr"": 1000.0}"
12373,,WR,,,,,,"{""adp_dd_ppr"": 1000.0}"
5290,,WR,,,,,,"{""adp_dd_ppr"": 1000.0}"
2463,,TE,,,,,,"{""adp_dd_ppr"": 1000.0}"
12250,,TE,,,,,,"{""adp_dd_ppr"": 1000.0}"
4555,,K,,,,,,"{""adp_dd_ppr"": 1000.0}"
3568,,WR,,,,,,"{""adp_dd_ppr"": 1000.0}"
5322,,TE,,,,,,"{""adp_dd_ppr"": 1000.0}"
8878,,TE,,,,,,"{""adp_dd_ppr"": 1000.0}"
4214,,WR,,,,,,"{""adp_dd_ppr"": 1000.0}"
2391,,RB,,,,,,"{""adp_dd_ppr"": 1000.0}"
7064,,RB,,,,,,"{""adp_dd_ppr"": 1000.0}"
14044,,RB,,,,,,"{""adp_dd_ppr"": 1000.0}"
7088,,RB,,,,,,"{""adp_dd_ppr"": 1000.0}"
3920,,WR,,,,,,"{""adp_dd_ppr"": 1000.0}"
11947,,RB,,,,,,"{""adp_dd_ppr"": 1000.0}"
4710,,WR,,,,,,"{""adp_dd_ppr"": 1000.0}"
3664,,RB,,,,,,"{""adp_dd_ppr"": 1000.0}"
6193,,K,,,,,,"{""adp_dd_ppr"": 1000.0}"
7933,,K,CAR,,,,,"{""adp_dd_ppr"": 1000.0}"
4127,,QB,,,,,,"{""adp_dd_ppr"": 1000.0}"
13431,,TE,DET,,,,,"{""adp_dd_ppr"": 1000.0}"
13310,,QB,CHI,,,,,"{""adp_dd_ppr"": 1000.0}"
12913,,WR,,,,,,"{""adp_dd_ppr"": 1000.0}"
5957,,TE,GB,,,,,"{""adp_dd_ppr"": 1000.0}"
7601,,WR,,,,,,"{""adp_dd_ppr"": 1000.0}"
13290,,WR,,,,,,"{""adp_dd_ppr"": 1000.0}"
367,,TE,,,,,,"{""adp_dd_ppr"": 1000.0}"
13154,,RB,,,,,,"{""adp_dd_ppr"": 1000.0}"
4630,,RB,,,,,,"{""adp_dd_ppr"": 1000.0}"
5196,,TE,,,,,,"{""adp_dd_ppr"": 1000.0}"
13268,,WR,BAL,,,,,"{""adp_dd_ppr"": 1000.0}"
5170,,RB,,,,,,"{""adp_dd_ppr"": 1000.0}"
6146,,TE,,,,,,"{""adp_dd_ppr"": 1000.0}"
7162,,TE,,,,,,"{""adp_dd_ppr"": 1000.0}"
6358,,WR,,,,,,"{""adp_dd_ppr"": 1000.0}"
6768,,QB,ATL,,,,,"{""adp_dd_ppr"": 1000.0}"
3531,,RB,,,,,,"{""adp_dd_ppr"": 1000.0}"
12276,,WR,,,,,,"{""adp_dd_ppr"": 1000.0}"
5004,,RB,DAL,,,,,"{""adp_dd_ppr"": 1000.0}"
4923,,RB,,,,,,"{""adp_dd_ppr"": 1000.0}"
12356,,RB,DET,,,,,"{""adp_dd_ppr"": 1000.0}"
13826,,WR,,,,,,"{""adp_dd_ppr"": 1000.0}"
2450,,QB,,,,,,"{""adp_dd_ppr"": 1000.0}"
4797,,RB,,,,,,"{""adp_dd_ppr"": 1000.0}"
13905,,WR,KC,,,,,"{""adp_dd_ppr"": 1000.0}"
7515,,K,,,,,,"{""adp_dd_ppr"": 1000.0}"
13284,,RB,,,,,,"{""adp_dd_ppr"": 1000.0}"
7105,,K,,,,,,"{""adp_dd_ppr"": 1000.0}"
7538,,QB,NO,,,,,"{""adp_dd_ppr"": 1000.0}"
7561,,RB,,,,,,"{""adp_dd_ppr"": 1000.0}"
7376,,QB,,,,,,"{""adp_dd_ppr"": 1000.0}"
5129,,WR,,,,,,"{""adp_dd_ppr"": 1000.0}"
5828,,WR,,,,,,"{""adp_dd_ppr"": 1000.0}"
3209,,RB,,,,,,"{""adp_dd_ppr"": 1000.0}"
13440,,WR,,,,,,"{""adp_dd_ppr"": 1000.0}"
8409,,WR,,,,,,"{""adp_dd_ppr"": 1000.0}"
12898,,QB,,,,,,"{""adp_dd_ppr"": 1000.0}"
1348,,K,,,,,,"{""adp_dd_ppr"": 1000.0}"
12950,,WR,,,,,,"{""adp_dd_ppr"": 1000.0}"
7458,,WR,,,,,,"{""adp_dd_ppr"": 1000.0}"
12475,,WR,SEA,,,,,"{""adp_dd_ppr"": 1000.0}"
11060,,RB,,,,,,"{""adp_dd_ppr"": 1000.0}"
7427,,TE,,,,,,"{""adp_dd_ppr"": 1000.0}"
515,,TE,,,,,,"{""adp_dd_ppr"": 1000.0}"
13331,,TE,,,,,,"{""adp_dd_ppr"": 1000.0}"
11806,,WR,CAR,,,,,"{""adp_dd_ppr"": 1000.0}"
5941,,WR,,,,,,"{""adp_dd_ppr"": 1000.0}"
6068,,RB,,,,,,"{""adp_dd_ppr"": 1000.0}"
6111,,QB,,,,,,"{""adp_dd_ppr"": 1000.0}"
12965,,QB,,,,,,"{""adp_dd_ppr"": 1000.0}"
5733,,TE,,,,,,"{""adp_dd_ppr"": 1000.0}"
6018,,TE,,,,,,"{""adp_dd_ppr"": 1000.0}"
4289,,WR,,,,,,"{""adp_dd_ppr"": 1000.0}"
6586,,TE,,,,,,"{""adp_dd_ppr"": 1000.0}"
11273,,RB,KC,,,,,"{""adp_dd_ppr"": 1000.0}"
5569,,FB,,,,,,"{""adp_dd_ppr"": 1000.0}"
5138,,RB,,,,,,"{""adp_dd_ppr"": 1000.0}"
14049,,WR,,,,,,"{""adp_dd_ppr"": 1000.0}"
13080,,RB,,,,,,"{""adp_dd_ppr"": 1000.0}"
1149,,WR,,,,,,"{""adp_dd_ppr"": 1000.0}"
6663,,WR,,,,,,"{""adp_dd_ppr"": 1000.0}"
7583,,QB,DEN,,,,,"{""adp_dd_ppr"": 1000.0}"
6637,,RB,,,,,,"{""adp_dd_ppr"": 1000.0}"
2903,,QB,,,,,,"{""adp_dd_ppr"": 1000.0}"
7156,,QB,,,,,,"{""adp_dd_ppr"": 1000.0}"
5284,,RB,,,,,,"{""adp_dd_ppr"": 1000.0}"
13129,,TE,,,,,,"{""adp_dd_ppr"": 1000.0}"
13438,,RB,NYJ,,,,,"{""adp_dd_ppr"": 1000.0}"
4445,,WR,,,,,,"{""adp_dd_ppr"": 1000.0}"
6380,,WR,,,,,,"{""adp_dd_ppr"": 1000.0}"
3762,,WR,,,,,,"{""adp_dd_ppr"": 1000.0}"
4744,,TE,BAL,,,,,"{""adp_dd_ppr"": 1000.0}"
5289,,WR,,,,,,"{""adp_dd_ppr"": 1000.0}"
6019,,WR,,,,,,"{""adp_dd_ppr"": 1000.0}"
2583,,WR,,,,,,"{""adp_dd_ppr"": 1000.0}"
8575,,TE,,,,,,"{""adp_dd_ppr"": 1000.0}"
12810,,WR,,,,,,"{""adp_dd_ppr"": 1000.0}"
1071,,WR,,,,,,"{""adp_dd_ppr"": 1000.0}"
12435,,TE,,,,,,"{""adp_dd_ppr"": 1000.0}"
13916,,WR,,,,,,"{""adp_dd_ppr"": 1000.0}"
4200,,WR,,,,,,"{""adp_dd_ppr"": 1000.0}"
3225,,WR,,,,,,"{""adp_dd_ppr"": 1000.0}"
12549,,TE,,,,,,"{""adp_dd_ppr"": 1000.0}"
6260,,TE,,,,,,"{""adp_dd_ppr"": 1000.0}"
13973,,WR,,,,,,"{""adp_dd_ppr"": 1000.0}"
13592,,QB,,,,,,"{""adp_dd_ppr"": 1000.0}"
7874,,WR,,,,,,"{""adp_dd_ppr"": 1000.0}"
2119,,QB,,,,,,"{""adp_dd_ppr"": 1000.0}"
11191,,WR,,,,,,"{""adp_dd_ppr"": 1000.0}"
7093,,RB,DEN,,,,,"{""adp_dd_ppr"": 1000.0}"
12360,,WR,,,,,,"{""adp_dd_ppr"": 1000.0}"
24,,QB,,,,,,"{""adp_dd_ppr"": 1000.0}"
2257,,RB,,,,,,"{""adp_dd_ppr"": 1000.0}"
8236,,WR,,,,,,"{""adp_dd_ppr"": 1000.0}"
11099,,WR,,,,,,"{""adp_dd_ppr"": 1000.0}"
5263,,QB,,,,,,"{""adp_dd_ppr"": 1000.0}"
9483,,TE,,,,,,"{""adp_dd_ppr"": 1000.0}"
13342,,TE,KC,,,,,"{""adp_dd_ppr"": 1000.0}"
5283,,WR,,,,,,"{""adp_dd_ppr"": 1000.0}"
7956,,WR,,,,,,"{""adp_dd_ppr"": 1000.0}"
13136,,WR,,,,,,"{""adp_dd_ppr"": 1000.0}"
7496,,WR,IND,,,,,"{""adp_dd_ppr"": 1000.0}"
11224,,TE,,,,,,"{""adp_dd_ppr"": 1000.0}"
13604,,WR,,,,,,"{""adp_dd_ppr"": 1000.0}"
12018,,WR,,,,,,"{""adp_dd_ppr"": 1000.0}"
11520,,WR,DET,,,,,"{""adp_dd_ppr"": 1000.0}"
2940,,WR,,,,,,"{""adp_dd_ppr"": 1000.0}"
4574,,QB,ATL,,,,,"{""adp_dd_ppr"": 1000.0}"
5663,,RB,,,,,,"{""adp_dd_ppr"": 1000.0}"
14047,,TE,,,,,,"{""adp_dd_ppr"": 1000.0}"
6205,,QB,,,,,,"{""adp_dd_ppr"": 1000.0}"
9998,,QB,TEN,,,,,"{""adp_dd_ppr"": 1000.0}"
8500,,TE,CLE,,,,,"{""adp_dd_ppr"": 1000.0}"
5244,,WR,,,,,,"{""adp_dd_ppr"": 1000.0}"
11606,,TE,,,,,,"{""adp_dd_ppr"": 1000.0}"
5137,,WR,,,,,,"{""adp_dd_ppr"": 1000.0}"
7243,,QB,,,,,,"{""adp_dd_ppr"": 1000.0}"
8553,,QB,,,,,,"{""adp_dd_ppr"": 1000.0}"
12270,,QB,,,,,,"{""adp_dd_ppr"": 1000.0}"
12753,,WR,,,,,,"{""adp_dd_ppr"": 1000.0}"
6375,,TE,,,,,,"{""adp_dd_ppr"": 1000.0}"
5013,,WR,,,,,,"{""adp_dd_ppr"": 1000.0}"
6017,,WR,,,,,,"{""adp_dd_ppr"": 1000.0}"
4874,,TE,,,,,,"{""adp_dd_ppr"": 1000.0}"
7858,,RB,,,,,,"{""adp_dd_ppr"": 1000.0}"
2146,,TE,,,,,,"{""adp_dd_ppr"": 1000.0}"
11561,,QB,,,,,,"{""adp_dd_ppr"": 1000.0}"
7812,,WR,ARI,,,,,"{""adp_dd_ppr"": 1000.0}"
12908,,WR,NE,,,,,"{""adp_dd_ppr"": 1000.0}"
2114,,RB,,,,,,"{""adp_dd_ppr"": 1000.0}"
5217,,TE,,,,,,"{""adp_dd_ppr"": 1000.0}"
12403,,K,,,,,,"{""adp_dd_ppr"": 1000.0}"
7066,,WR,TEN,,,,,"{""adp_dd_ppr"": 1000.0}"
1979,,QB,NO,,,,,"{""adp_dd_ppr"": 1000.0}"
8008,,WR,,,,,,"{""adp_dd_ppr"": 1000.0}"
8475,,WR,,,,,,"{""adp_dd_ppr"": 1000.0}"
6762,,TE,,,,,,"{""adp_dd_ppr"": 1000.0}"
11921,,WR,,,,,,"{""adp_dd_ppr"": 1000.0}"
260,,QB,CIN,,,,,"{""adp_dd_ppr"": 1000.0}"
2711,,QB,,,,,,"{""adp_dd_ppr"": 1000.0}"
6857,,WR,,,,,,"{""adp_dd_ppr"": 1000.0}"
13557,,QB,WAS,,,,,"{""adp_dd_ppr"": 1000.0}"
13846,,TE,ATL,,,,,"{""adp_dd_ppr"": 1000.0}"
8182,,TE,,,,,,"{""adp_dd_ppr"": 1000.0}"
4157,,RB,,,,,,"{""adp_dd_ppr"": 1000.0}"
2003,,WR,,,,,,"{""adp_dd_ppr"": 1000.0}"
12285,,QB,,,,,,"{""adp_dd_ppr"": 1000.0}"
7533,,WR,,,,,,"{""adp_dd_ppr"": 1000.0}"
7460,,TE,,,,,,"{""adp_dd_ppr"": 1000.0}"
1837,,QB,,,,,,"{""adp_dd_ppr"": 1000.0}"
4528,,QB,,,,,,"{""adp_dd_ppr"": 1000.0}"
10220,,TE,IND,,,,,"{""adp_dd_ppr"": 1000.0}"
12063,,QB,,,,,,"{""adp_dd_ppr"": 1000.0}"
13249,,TE,DET,,,,,"{""adp_dd_ppr"": 1000.0}"
13128,,RB,,,,,,"{""adp_dd_ppr"": 1000.0}"
9507,,RB,,,,,,"{""adp_dd_ppr"": 1000.0}"
1939,,WR,,,,,,"{""adp_dd_ppr"": 1000.0}"
12434,,RB,,,,,,"{""adp_dd_ppr"": 1000.0}"
8205,,RB,DET,,,,,"{""adp_dd_ppr"": 1000.0}"
2713,,WR,,,,,,"{""adp_dd_ppr"": 1000.0}"
6342,,WR,,,,,,"{""adp_dd_ppr"": 1000.0}"
8108,,WR,,,,,,"{""adp_dd_ppr"": 1000.0}"
2767,,RB,,,,,,"{""adp_dd_ppr"": 1000.0}"
5185,,WR,,,,,,"{""adp_dd_ppr"": 1000.0}"
12197,,QB,,,,,,"{""adp_dd_ppr"": 1000.0}"
1305,,FB,,,,,,"{""adp_dd_ppr"": 1000.0}"
8251,,WR,,,,,,"{""adp_dd_ppr"": 1000.0}"
2620,,QB,,,,,,"{""adp_dd_ppr"": 1000.0}"
11225,,TE,,,,,,"{""adp_dd_ppr"": 1000.0}"
4491,,WR,,,,,,"{""adp_dd_ppr"": 1000.0}"
5136,,RB,,,,,,"{""adp_dd_ppr"": 1000.0}"
3500,,WR,,,,,,"{""adp_dd_ppr"": 1000.0}"
6737,,TE,,,,,,"{""adp_dd_ppr"": 1000.0}"
11232,,WR,,,,,,"{""adp_dd_ppr"": 1000.0}"
13975,,WR,,,,,,"{""adp_dd_ppr"": 1000.0}"
12239,,QB,,,,,,"{""adp_dd_ppr"": 1000.0}"
4785,,WR,,,,,,"{""adp_dd_ppr"": 1000.0}"
11046,,WR,,,,,,"{""adp_dd_ppr"": 1000.0}"
6288,,WR,,,,,,"{""adp_dd_ppr"": 1000.0}"
6320,,WR,,,,,,"{""adp_dd_ppr"": 1000.0}"
4082,,WR,,,,,,"{""adp_dd_ppr"": 1000.0}"
7048,,RB,CLE,,,,,"{""adp_dd_ppr"": 1000.0}"
1049,,QB,,,,,,"{""adp_dd_ppr"": 1000.0}"
6686,,WR,,,,,,"{""adp_dd_ppr"": 1000.0}"
12350,,RB,,,,,,"{""adp_dd_ppr"": 1000.0}"
5703,,WR,,,,,,"{""adp_dd_ppr"": 1000.0}"
12976,,WR,,,,,,"{""adp_dd_ppr"": 1000.0}"
3239,,TE,GB,,,,,"{""adp_dd_ppr"": 1000.0}"
12311,,WR,,,,,,"{""adp_dd_ppr"": 1000.0}"
5155,,WR,,,,,,"{""adp_dd_ppr"": 1000.0}"
4184,,TE,,,,,,"{""adp_dd_ppr"": 1000.0}"
8770,,WR,,,,,,"{""adp_dd_ppr"": 1000.0}"
11280,,RB,SEA,,,,,"{""adp_dd_ppr"": 1000.0}"
11589,,RB,ARI,,,,,"{""adp_dd_ppr"": 1000.0}"
13237,,K,,,,,,"{""adp_dd_ppr"": 1000.0}"
5878,,TE,,,,,,"{""adp_dd_ppr"": 1000.0}"
3816,,RB,,,,,,"{""adp_dd_ppr"": 1000.0}"
13173,,WR,KC,,,,,"{""adp_dd_ppr"": 1000.0}"
7143,,QB,,,,,,"{""adp_dd_ppr"": 1000.0}"
13749,,WR,,,,,,"{""adp_dd_ppr"": 1000.0}"
10867,,WR,SEA,,,,,"{""adp_dd_ppr"": 1000.0}"
8938,,QB,,,,,,"{""adp_dd_ppr"": 1000.0}"
3286,,WR,SF,,,,,"{""adp_dd_ppr"": 1000.0}"
7609,,RB,,,,,,"{""adp_dd_ppr"": 1000.0}"
2315,,RB,,,,,,"{""adp_dd_ppr"": 1000.0}"
4551,,WR,,,,,,"{""adp_dd_ppr"": 1000.0}"
12524,,QB,CLE,,,,,"{""adp_dd_ppr"": 1000.0}"
6171,,WR,,,,,,"{""adp_dd_ppr"": 1000.0}"
11344,,WR,,,,,,"{""adp_dd_ppr"": 1000.0}"
956,,RB,,,,,,"{""adp_dd_ppr"": 1000.0}"
3514,,TE,,,,,,"{""adp_dd_ppr"": 1000.0}"
8174,,RB,,,,,,"{""adp_dd_ppr"": 1000.0}"
5462,,RB,,,,,,"{""adp_dd_ppr"": 1000.0}"
12235,,WR,,,,,,"{""adp_dd_ppr"": 1000.0}"
4593,,TE,,,,,,"{""adp_dd_ppr"": 1000.0}"
5403,,QB,,,,,,"{""adp_dd_ppr"": 1000.0}"
13658,,WR,,,,,,"{""adp_dd_ppr"": 1000.0}"
8177,,TE,PHI,,,,,"{""adp_dd_ppr"": 1000.0}"
13657,,WR,,,,,,"{""adp_dd_ppr"": 1000.0}"
5293,,WR,,,,,,"{""adp_dd_ppr"": 1000.0}"
8125,,WR,NYG,,,,,"{""adp_dd_ppr"": 1000.0}"
7746,,WR,JAX,,,,,"{""adp_dd_ppr"": 1000.0}"
13422,,TE,TEN,,,,,"{""adp_dd_ppr"": 1000.0}"
13802,,QB,,,,,,"{""adp_dd_ppr"": 1000.0}"
12410,,WR,,,,,,"{""adp_dd_ppr"": 1000.0}"
11897,,WR,,,,,,"{""adp_dd_ppr"": 1000.0}"
8095,,TE,,,,,,"{""adp_dd_ppr"": 1000.0}"
11382,,WR,,,,,,"{""adp_dd_ppr"": 1000.0}"
4794,,QB,,,,,,"{""adp_dd_ppr"": 1000.0}"
2452,,RB,,,,,,"{""adp_dd_ppr"": 1000.0}"
1211,,TE,,,,,,"{""adp_dd_ppr"": 1000.0}"
7483,,TE,,,,,,"{""adp_dd_ppr"": 1000.0}"
6849,,WR,,,,,,"{""adp_dd_ppr"": 1000.0}"
12438,,K,,,,,,"{""adp_dd_ppr"": 1000.0}"
3774,,TE,,,,,,"{""adp_dd_ppr"": 1000.0}"
13041,,WR,,,,,,"{""adp_dd_ppr"": 1000.0}"
5884,,WR,,,,,,"{""adp_dd_ppr"": 1000.0}"
13764,,K,,,,,,"{""adp_dd_ppr"": 1000.0}"
5781,,WR,,,,,,"{""adp_dd_ppr"": 1000.0}"
11262,,TE,,,,,,"{""adp_dd_ppr"": 1000.0}"
4669,,WR,,,,,,"{""adp_dd_ppr"": 1000.0}"
1555,,WR,,,,,,"{""adp_dd_ppr"": 1000.0}"
12149,,QB,,,,,,"{""adp_dd_ppr"": 1000.0}"
11567,,QB,,,,,,"{""adp_dd_ppr"": 1000.0}"
8660,,TE,,,,,,"{""adp_dd_ppr"": 1000.0}"
6506,,RB,,,,,,"{""adp_dd_ppr"": 1000.0}"
8699,,WR,,,,,,"{""adp_dd_ppr"": 1000.0}"
12792,,QB,TB,,,,,"{""adp_dd_ppr"": 1000.0}"
812,,TE,ATL,,,,,"{""adp_dd_ppr"": 1000.0}"
5609,,TE,,,,,,"{""adp_dd_ppr"": 1000.0}"
8921,,WR,,,,,,"{""adp_dd_ppr"": 1000.0}"
12546,,RB,,,,,,"{""adp_dd_ppr"": 1000.0}"
6661,,WR,,,,,,"{""adp_dd_ppr"": 1000.0}"
11633,,WR,,,,,,"{""adp_dd_ppr"": 1000.0}"
13964,,RB,NE,,,,,"{""adp_dd_ppr"": 1000.0}"
8628,,WR,,,,,,"{""adp_dd_ppr"": 1000.0}"
4250,,FB,,,,,,"{""adp_dd_ppr"": 1000.0}"
7359,,TE,,,,,,"{""adp_dd_ppr"": 1000.0}"
6712,,WR,,,,,,"{""adp_dd_ppr"": 1000.0}"
12246,,TE,,,,,,"{""adp_dd_ppr"": 1000.0}"
6629,,WR,,,,,,"{""adp_dd_ppr"": 1000.0}"
3433,,WR,,,,,,"{""adp_dd_ppr"": 1000.0}"
13189,,WR,,,,,,"{""adp_dd_ppr"": 1000.0}"
8638,,TE,,,,,,"{""adp_dd_ppr"": 1000.0}"
13744,,WR,,,,,,"{""adp_dd_ppr"": 1000.0}"
12868,,RB,,,,,,"{""adp_dd_ppr"": 1000.0}"
7212,,FB,,,,,,"{""adp_dd_ppr"": 1000.0}"
4111,,RB,,,,,,"{""adp_dd_ppr"": 1000.0}"
6386,,WR,LAR,,,,,"{""adp_dd_ppr"": 1000.0}"
12259,,QB,,,,,,"{""adp_dd_ppr"": 1000.0}"
11524,,TE,,,,,,"{""adp_dd_ppr"": 1000.0}"
2785,,RB,,,,,,"{""adp_dd_ppr"": 1000.0}"
4443,,TE,IND,,,,,"{""adp_dd_ppr"": 1000.0}"
13088,,RB,,,,,,"{""adp_dd_ppr"": 1000.0}"
7078,,WR,,,,,,"{""adp_dd_ppr"": 1000.0}"
6448,,RB,,,,,,"{""adp_dd_ppr"": 1000.0}"
2399,,RB,,,,,,"{""adp_dd_ppr"": 1000.0}"
8523,,TE,ATL,,,,,"{""adp_dd_ppr"": 1000.0}"
11957,,WR,,,,,,"{""adp_dd_ppr"": 1000.0}"
5775,,WR,,,,,,"{""adp_dd_ppr"": 1000.0}"
6621,,K,,,,,,"{""adp_dd_ppr"": 1000.0}"
5539,,WR,,,,,,"{""adp_dd_ppr"": 1000.0}"
7539,,RB,,,,,,"{""adp_dd_ppr"": 1000.0}"
4994,,RB,,,,,,"{""adp_dd_ppr"": 1000.0}"
6469,,TE,,,,,,"{""adp_dd_ppr"": 1000.0}"
7624,,TE,,,,,,"{""adp_dd_ppr"": 1000.0}"
6247,,WR,,,,,,"{""adp_dd_ppr"": 1000.0}"
14063,,WR,,,,,,"{""adp_dd_ppr"": 1000.0}"
11495,,WR,,,,,,"{""adp_dd_ppr"": 1000.0}"
7425,,RB,,,,,,"{""adp_dd_ppr"": 1000.0}"
7854,,TE,,,,,,"{""adp_dd_ppr"": 1000.0}"
4437,,FB,,,,,,"{""adp_dd_ppr"": 1000.0}"
5253,,TE,,,,,,"{""adp_dd_ppr"": 1000.0}"
1346,,WR,,,,,,"{""adp_dd_ppr"": 1000.0}"
2949,,RB,,,,,,"{""adp_dd_ppr"": 1000.0}"
200,,TE,,,,,,"{""adp_dd_ppr"": 1000.0}"
8650,,WR,,,,,,"{""adp_dd_ppr"": 1000.0}"
13199,,WR,SEA,,,,,"{""adp_dd_ppr"": 1000.0}"
10937,,K,,,,,,"{""adp_dd_ppr"": 1000.0}"
12112,,K,,,,,,"{""adp_dd_ppr"": 1000.0}"
13632,,WR,,,,,,"{""adp_dd_ppr"": 1000.0}"
13428,,QB,JAX,,,,,"{""adp_dd_ppr"": 1000.0}"
10870,,RB,,,,,,"{""adp_dd_ppr"": 1000.0}"
7860,,WR,,,,,,"{""adp_dd_ppr"": 1000.0}"
13349,,TE,PHI,,,,,"{""adp_dd_ppr"": 1000.0}"
11618,,WR,TB,,,,,"{""adp_dd_ppr"": 1000.0}"
13430,,TE,,,,,,"{""adp_dd_ppr"": 1000.0}"
7446,,K,,,,,,"{""adp_dd_ppr"": 1000.0}"
49,,K,,,,,,"{""adp_dd_ppr"": 1000.0}"
167,,QB,,,,,,"{""adp_dd_ppr"": 1000.0}"
4219,,RB,WAS,,,,,"{""adp_dd_ppr"": 1000.0}"
13202,,WR,,,,,,"{""adp_dd_ppr"": 1000.0}"
12963,,RB,,,,,,"{""adp_dd_ppr"": 1000.0}"
10983,,QB,CIN,,,,,"{""adp_dd_ppr"": 1000.0}"
3555,,WR,,,,,,"{""adp_dd_ppr"": 1000.0}"
7272,,TE,,,,,,"{""adp_dd_ppr"": 1000.0}"
8820,,RB,,,,,,"{""adp_dd_ppr"": 1000.0}"
6492,,WR,,,,,,"{""adp_dd_ppr"": 1000.0}"
4042,,RB,,,,,,"{""adp_dd_ppr"": 1000.0}"
12408,,QB,,,,,,"{""adp_dd_ppr"": 1000.0}"
12941,,TE,,,,,,"{""adp_dd_ppr"": 1000.0}"
4420,,WR,,,,,,"{""adp_dd_ppr"": 1000.0}"
8536,,K,,,,,,"{""adp_dd_ppr"": 1000.0}"
5355,,FB,,,,,,"{""adp_dd_ppr"": 1000.0}"
8198,,WR,,,,,,"{""adp_dd_ppr"": 1000.0}"
827,,QB,GB,,,,,"{""adp_dd_ppr"": 1000.0}"
13667,,WR,,,,,,"{""adp_dd_ppr"": 1000.0}"
6352,,RB,,,,,,"{""adp_dd_ppr"": 1000.0}"
2822,,WR,,,,,,"{""adp_dd_ppr"": 1000.0}"
13647,,WR,,,,,,"{""adp_dd_ppr"": 1000.0}"
6985,,WR,,,,,,"{""adp_dd_ppr"": 1000.0}"
6107,,WR,,,,,,"{""adp_dd_ppr"": 1000.0}"
2787,,WR,,,,,,"{""adp_dd_ppr"": 1000.0}"
4892,,QB,TB,,,,,"{""adp_dd_ppr"": 1000.0}"
4137,,RB,ARI,,,,,"{""adp_dd_ppr"": 1000.0}"
12277,,QB,,,,,,"{""adp_dd_ppr"": 1000.0}"
5608,,WR,,,,,,"{""adp_dd_ppr"": 1000.0}"
13432,,TE,SF,,,,,"{""adp_dd_ppr"": 1000.0}"
10862,,QB,,,,,,"{""adp_dd_ppr"": 1000.0}"
3640,,RB,,,,,,"{""adp_dd_ppr"": 1000.0}"
12068,,TE,,,,,,"{""adp_dd_ppr"": 1000.0}"
4696,,RB,,,,,,"{""adp_dd_ppr"": 1000.0}"
11961,,QB,,,,,,"{""adp_dd_ppr"": 1000.0}"
8203,,TE,,,,,,"{""adp_dd_ppr"": 1000.0}"
13816,,QB,,,,,,"{""adp_dd_ppr"": 1000.0}"
8893,,K,,,,,,"{""adp_dd_ppr"": 1000.0}"
59,,K,,,,,,"{""adp_dd_ppr"": 1000.0}"
7106,,TE,,,,,,"{""adp_dd_ppr"": 1000.0}"
775,,K,,,,,,"{""adp_dd_ppr"": 1000.0}"
12191,,TE,,,,,,"{""adp_dd_ppr"": 1000.0}"
5997,,WR,,,,,,"{""adp_dd_ppr"": 1000.0}"
7063,,QB,,,,,,"{""adp_dd_ppr"": 1000.0}"
1678,,WR,,,,,,"{""adp_dd_ppr"": 1000.0}"
928,,WR,,,,,,"{""adp_dd_ppr"": 1000.0}"
5347,,RB,,,,,,"{""adp_dd_ppr"": 1000.0}"
4456,,WR,,,,,,"{""adp_dd_ppr"": 1000.0}"
12755,,WR,,,,,,"{""adp_dd_ppr"": 1000.0}"
7317,,TE,,,,,,"{""adp_dd_ppr"": 1000.0}"
7607,,RB,TEN,,,,,"{""adp_dd_ppr"": 1000.0}"
8211,,RB,,,,,,"{""adp_dd_ppr"": 1000.0}"
5777,,WR,,,,,,"{""adp_dd_ppr"": 1000.0}"
5798,,WR,,,,,,"{""adp_dd_ppr"": 1000.0}"
3456,,QB,,,,,,"{""adp_dd_ppr"": 1000.0}"
5432,,WR,,,,,,"{""adp_dd_ppr"": 1000.0}"
7599,,RB,,,,,,"{""adp_dd_ppr"": 1000.0}"
2346,,TE,,,,,,"{""adp_dd_ppr"": 1000.0}"
2703,,WR,,,,,,"{""adp_dd_ppr"": 1000.0}"
12897,,RB,KC,,,,,"{""adp_dd_ppr"": 1000.0}"
3505,,WR,,,,,,"{""adp_dd_ppr"": 1000.0}"
5223,,WR,TEN,,,,,"{""adp_dd_ppr"": 1000.0}"
642,,WR,,,,,,"{""adp_dd_ppr"": 1000.0}"
9999,,QB,NYJ,,,,,"{""adp_dd_ppr"": 1000.0}"
13344,,WR,,,,,,"{""adp_dd_ppr"": 1000.0}"
6420,,WR,,,,,,"{""adp_dd_ppr"": 1000.0}"
6373,,WR,,,,,,"{""adp_dd_ppr"": 1000.0}"
7990,,RB,,,,,,"{""adp_dd_ppr"": 1000.0}"
1612,,QB,,,,,,"{""adp_dd_ppr"": 1000.0}"
7279,,WR,,,,,,"{""adp_dd_ppr"": 1000.0}"
11529,,WR,,,,,,"{""adp_dd_ppr"": 1000.0}"
12690,,WR,,,,,,"{""adp_dd_ppr"": 1000.0}"
2580,,WR,,,,,,"{""adp_dd_ppr"": 1000.0}"
12778,,WR,,,,,,"{""adp_dd_ppr"": 1000.0}"
11521,,WR,,,,,,"{""adp_dd_ppr"": 1000.0}"
12946,,WR,,,,,,"{""adp_dd_ppr"": 1000.0}"
2790,,WR,,,,,,"{""adp_dd_ppr"": 1000.0}"
8158,,QB,,,,,,"{""adp_dd_ppr"": 1000.0}"
8613,,WR,,,,,,"{""adp_dd_ppr"": 1000.0}"
2462,,WR,,,,,,"{""adp_dd_ppr"": 1000.0}"
12385,,K,,,,,,"{""adp_dd_ppr"": 1000.0}"
14020,,WR,TB,,,,,"{""adp_dd_ppr"": 1000.0}"
6246,,RB,,,,,,"{""adp_dd_ppr"": 1000.0}"
6237,,QB,,,,,,"{""adp_dd_ppr"": 1000.0}"
3846,,WR,,,,,,"{""adp_dd_ppr"": 1000.0}"
6392,,WR,,,,,,"{""adp_dd_ppr"": 1000.0}"
13272,,QB,ARI,,,,,"{""adp_dd_ppr"": 1000.0}"
8831,,WR,,,,,,"{""adp_dd_ppr"": 1000.0}"
8751,,TE,,,,,,"{""adp_dd_ppr"": 1000.0}"
11189,,WR,,,,,,"{""adp_dd_ppr"": 1000.0}"
3593,,WR,,,,,,"{""adp_dd_ppr"": 1000.0}"
2360,,TE,,,,,,"{""adp_dd_ppr"": 1000.0}"
830,,WR,,,,,,"{""adp_dd_ppr"": 1000.0}"
8932,,K,,,,,,"{""adp_dd_ppr"": 1000.0}"
11960,,TE,,,,,,"{""adp_dd_ppr"": 1000.0}"
12453,,WR,,,,,,"{""adp_dd_ppr"": 1000.0}"
12700,,TE,MIN,,,,,"{""adp_dd_ppr"": 1000.0}"
8068,,WR,,,,,,"{""adp_dd_ppr"": 1000.0}"
13673,,RB,,,,,,"{""adp_dd_ppr"": 1000.0}"
5977,,WR,,,,,,"{""adp_dd_ppr"": 1000.0}"
11267,,WR,,,,,,"{""adp_dd_ppr"": 1000.0}"
2906,,WR,,,,,,"{""adp_dd_ppr"": 1000.0}"
8260,,K,,,,,,"{""adp_dd_ppr"": 1000.0}"
1502,,RB,,,,,,"{""adp_dd_ppr"": 1000.0}"
1099,,K,,,,,,"{""adp_dd_ppr"": 1000.0}"
12761,,WR,CIN,,,,,"{""adp_dd_ppr"": 1000.0}"
7457,,WR,,,,,,"{""adp_dd_ppr"": 1000.0}"
7174,,WR,,,,,,"{""adp_dd_ppr"": 1000.0}"
12940,,RB,,,,,,"{""adp_dd_ppr"": 1000.0}"
2342,,WR,,,,,,"{""adp_dd_ppr"": 1000.0}"
3208,,RB,,,,,,"{""adp_dd_ppr"": 1000.0}"
4988,,RB,,,,,,"{""adp_dd_ppr"": 1000.0}"
1535,,RB,,,,,,"{""adp_dd_ppr"": 1000.0}"
11638,,WR,SF,,,,,"{""adp_dd_ppr"": 1000.0}"
7605,,QB,,,,,,"{""adp_dd_ppr"": 1000.0}"
8218,,RB,,,,,,"{""adp_dd_ppr"": 1000.0}"
13292,,TE,PIT,,,,,"{""adp_dd_ppr"": 1000.0}"
12791,,K,,,,,,"{""adp_dd_ppr"": 1000.0}"
7435,,RB,,,,,,"{""adp_dd_ppr"": 1000.0}"
11077,,K,,,,,,"{""adp_dd_ppr"": 1000.0}"
13255,,RB,,,,,,"{""adp_dd_ppr"": 1000.0}"
6317,,QB,,,,,,"{""adp_dd_ppr"": 1000.0}"
13582,,WR,DAL,,,,,"{""adp_dd_ppr"": 1000.0}"
6659,,RB,WAS,,,,,"{""adp_dd_ppr"": 1000.0}"
8090,,TE,,,,,,"{""adp_dd_ppr"": 1000.0}"
12487,,TE,LAR,,,,,"{""adp_dd_ppr"": 1000.0}"
8694,,WR,,,,,,"{""adp_dd_ppr"": 1000.0}"
10221,,WR,,,,,,"{""adp_dd_ppr"": 1000.0}"
658,,K,,,,,,"{""adp_dd_ppr"": 1000.0}"
6195,,WR,,,,,,"{""adp_dd_ppr"": 1000.0}"
4131,,WR,,,,,,"{""adp_dd_ppr"": 1000.0}"
5973,,TE,MIN,,,,,"{""adp_dd_ppr"": 1000.0}"
11367,,WR,,,,,,"{""adp_dd_ppr"": 1000.0}"
6870,,WR,,,,,,"{""adp_dd_ppr"": 1000.0}"
8408,,RB,MIN,,,,,"{""adp_dd_ppr"": 1000.0}"
12884,,WR,GB,,,,,"{""adp_dd_ppr"": 1000.0}"
8226,,RB,,,,,,"{""adp_dd_ppr"": 1000.0}"
5128,,QB,,,,,,"{""adp_dd_ppr"": 1000.0}"
13603,,RB,LAC,,,,,"{""adp_dd_ppr"": 1000.0}"
10869,,WR,,,,,,"{""adp_dd_ppr"": 1000.0}"
11457,,K,,,,,,"{""adp_dd_ppr"": 1000.0}"
7235,,WR,,,,,,"{""adp_dd_ppr"": 1000.0}"
8798,,QB,,,,,,"{""adp_dd_ppr"": 1000.0}"
6168,,WR,,,,,,"{""adp_dd_ppr"": 1000.0}"
6988,,RB,,,,,,"{""adp_dd_ppr"": 1000.0}"
2635,,WR,,,,,,"{""adp_dd_ppr"": 1000.0}"
6263,,TE,,,,,,"{""adp_dd_ppr"": 1000.0}"
11301,,WR,,,,,,"{""adp_dd_ppr"": 1000.0}"
11895,,WR,NO,,,,,"{""adp_dd_ppr"": 1000.0}"
13852,,RB,,,,,,"{""adp_dd_ppr"": 1000.0}"
7228,,WR,,,,,,"{""adp_dd_ppr"": 1000.0}"
5260,,WR,,,,,,"{""adp_dd_ppr"": 1000.0}"
1701,,WR,,,,,,"{""adp_dd_ppr"": 1000.0}"
7083,,QB,BAL,,,,,"{""adp_dd_ppr"": 1000.0}"
12735,,TE,DEN,,,,,"{""adp_dd_ppr"": 1000.0}"
12288,,RB,,,,,,"{""adp_dd_ppr"": 1000.0}"
2636,,WR,,,,,,"{""adp_dd_ppr"": 1000.0}"
5987,,RB,,,,,,"{""adp_dd_ppr"": 1000.0}"
12046,,QB,,,,,,"{""adp_dd_ppr"": 1000.0}"
6396,,TE,,,,,,"{""adp_dd_ppr"": 1000.0}"
3909,,K,,,,,,"{""adp_dd_ppr"": 1000.0}"
8179,,RB,,,,,,"{""adp_dd_ppr"": 1000.0}"
12066,,RB,,,,,,"{""adp_dd_ppr"": 1000.0}"
11504,,WR,,,,,,"{""adp_dd_ppr"": 1000.0}"
5962,,WR,,,,,,"{""adp_dd_ppr"": 1000.0}"
8656,,WR,,,,,,"{""adp_dd_ppr"": 1000.0}"
7418,,QB,,,,,,"{""adp_dd_ppr"": 1000.0}"
6153,,RB,,,,,,"{""adp_dd_ppr"": 1000.0}"
13053,,WR,,,,,,"{""adp_dd_ppr"": 1000.0}"
10215,,QB,,,,,,"{""adp_dd_ppr"": 1000.0}"
11270,,RB,,,,,,"{""adp_dd_ppr"": 1000.0}"
5076,,RB,,,,,,"{""adp_dd_ppr"": 1000.0}"
3556,,RB,,,,,,"{""adp_dd_ppr"": 1000.0}"
8169,,WR,,,,,,"{""adp_dd_ppr"": 1000.0}"
6371,,QB,,,,,,"{""adp_dd_ppr"": 1000.0}"
13325,,WR,DAL,,,,,"{""adp_dd_ppr"": 1000.0}"
8799,,TE,HOU,,,,,"{""adp_dd_ppr"": 1000.0}"
6040,,TE,,,,,,"{""adp_dd_ppr"": 1000.0}"
8543,,WR,,,,,,"{""adp_dd_ppr"": 1000.0}"
5209,,RB,,,,,,"{""adp_dd_ppr"": 1000.0}"
7286,,WR,,,,,,"{""adp_dd_ppr"": 1000.0}"
943,,TE,,,,,,"{""adp_dd_ppr"": 1000.0}"
7521,,WR,ATL,,,,,"{""adp_dd_ppr"": 1000.0}"
5902,,WR,,,,,,"{""adp_dd_ppr"": 1000.0}"
7352,,WR,,,,,,"{""adp_dd_ppr"": 1000.0}"
7438,,WR,,,,,,"{""adp_dd_ppr"": 1000.0}"
8186,,WR,,,,,,"{""adp_dd_ppr"": 1000.0}"
4233,,K,,,,,,"{""adp_dd_ppr"": 1000.0}"
11146,,K,,,,,,"{""adp_dd_ppr"": 1000.0}"
13213,,FB,,,,,,"{""adp_dd_ppr"": 1000.0}"
1855,,WR,,,,,,"{""adp_dd_ppr"": 1000.0}"
1604,,WR,DEN,,,,,"{""adp_dd_ppr"": 1000.0}"
3817,,WR,,,,,,"{""adp_dd_ppr"": 1000.0}"
8908,,WR,,,,,,"{""adp_dd_ppr"": 1000.0}"
11139,,WR,,,,,,"{""adp_dd_ppr"": 1000.0}"
6389,,TE,,,,,,"{""adp_dd_ppr"": 1000.0}"
7339,,WR,,,,,,"{""adp_dd_ppr"": 1000.0}"
13909,,RB,,,,,,"{""adp_dd_ppr"": 1000.0}"
12959,,TE,,,,,,"{""adp_dd_ppr"": 1000.0}"
5938,,WR,DEN,,,,,"{""adp_dd_ppr"": 1000.0}"
8252,,WR,,,,,,"{""adp_dd_ppr"": 1000.0}"
13619,,WR,,,,,,"{""adp_dd_ppr"": 1000.0}"
4322,,RB,,,,,,"{""adp_dd_ppr"": 1000.0}"
12079,,TE,NO,,,,,"{""adp_dd_ppr"": 1000.0}"
11925,,WR,,,,,,"{""adp_dd_ppr"": 1000.0}"
7065,,TE,,,,,,"{""adp_dd_ppr"": 1000.0}"
5950,,WR,,,,,,"{""adp_dd_ppr"": 1000.0}"
3476,,WR,,,,,,"{""adp_dd_ppr"": 1000.0}"
7358,,FB,,,,,,"{""adp_dd_ppr"": 1000.0}"
4545,,TE,,,,,,"{""adp_dd_ppr"": 1000.0}"
5637,,WR,,,,,,"{""adp_dd_ppr"": 1000.0}"
2142,,RB,,,,,,"{""adp_dd_ppr"": 1000.0}"
5750,,TE,,,,,,"{""adp_dd_ppr"": 1000.0}"
11644,,RB,DEN,,,,,"{""adp_dd_ppr"": 1000.0}"
6465,,WR,CHI,,,,,"{""adp_dd_ppr"": 1000.0}"
4040,,WR,,,,,,"{""adp_dd_ppr"": 1000.0}"
8206,,QB,BAL,,,,,"{""adp_dd_ppr"": 1000.0}"
7316,,RB,,,,,,"{""adp_dd_ppr"": 1000.0}"
14061,,TE,,,,,,"{""adp_dd_ppr"": 1000.0}"
11214,,QB,,,,,,"{""adp_dd_ppr"": 1000.0}"
5110,,WR,,,,,,"{""adp_dd_ppr"": 1000.0}"
6363,,WR,,,,,,"{""adp_dd_ppr"": 1000.0}"
3321,,WR,,,,,,"{""adp_dd_ppr"": 1000.0}"
8013,,WR,JAX,,,,,"{""adp_dd_ppr"": 1000.0}"
4571,,TE,,,,,,"{""adp_dd_ppr"": 1000.0}"
13074,,WR,GB,,,,,"{""adp_dd_ppr"": 1000.0}"
4226,,FB,,,,,,"{""adp_dd_ppr"": 1000.0}"
12198,,WR,,,,,,"{""adp_dd_ppr"": 1000.0}"
13415,,QB,CAR,,,,,"{""adp_dd_ppr"": 1000.0}"
6185,,QB,TB,,,,,"{""adp_dd_ppr"": 1000.0}"
12224,,WR,,,,,,"{""adp_dd_ppr"": 1000.0}"
6361,,WR,,,,,,"{""adp_dd_ppr"": 1000.0}"
4153,,TE,,,,,,"{""adp_dd_ppr"": 1000.0}"
11081,,WR,,,,,,"{""adp_dd_ppr"": 1000.0}"
8197,,TE,,,,,,"{""adp_dd_ppr"": 1000.0}"
6664,,RB,,,,,,"{""adp_dd_ppr"": 1000.0}"
7562,,WR,LAR,,,,,"{""adp_dd_ppr"": 1000.0}"
6959,,RB,,,,,,"{""adp_dd_ppr"": 1000.0}"
2674,,WR,,,,,,"{""adp_dd_ppr"": 1000.0}"
11357,,WR,,,,,,"{""adp_dd_ppr"": 1000.0}"
7149,,TE,NYG,,,,,"{""adp_dd_ppr"": 1000.0}"
8817,,TE,,,,,,"{""adp_dd_ppr"": 1000.0}"
5762,,WR,,,,,,"{""adp_dd_ppr"": 1000.0}"
12523,,WR,CLE,,,,,"{""adp_dd_ppr"": 1000.0}"
3157,,WR,,,,,,"{""adp_dd_ppr"": 1000.0}"
13401,,TE,DAL,,,,,"{""adp_dd_ppr"": 1000.0}"
13261,,TE,,,,,,"{""adp_dd_ppr"": 1000.0}"
8107,,TE,CHI,,,,,"{""adp_dd_ppr"": 1000.0}"
11172,,WR,,,,,,"{""adp_dd_ppr"": 1000.0}"
4324,,WR,,,,,,"{""adp_dd_ppr"": 1000.0}"
10858,,K,,,,,,"{""adp_dd_ppr"": 1000.0}"
2650,,P,,,,,,"{""adp_dd_ppr"": 1000.0}"
963,,TE,,,,,,"{""adp_dd_ppr"": 1000.0}"
7244,,WR,,,,,,"{""adp_dd_ppr"": 1000.0}"
3398,,WR,,,,,,"{""adp_dd_ppr"": 1000.0}"
5294,,WR,,,,,,"{""adp_dd_ppr"": 1000.0}"
4519,,RB,,,,,,"{""adp_dd_ppr"": 1000.0}"
1333,,WR,,,,,,"{""adp_dd_ppr"": 1000.0}"
2106,,QB,,,,,,"{""adp_dd_ppr"": 1000.0}"
7107,,RB,,,,,,"{""adp_dd_ppr"": 1000.0}"
12283,,RB,,,,,,"{""adp_dd_ppr"": 1000.0}"
7121,,K,,,,,,"{""adp_dd_ppr"": 1000.0}"
2161,,RB,,,,,,"{""adp_dd_ppr"": 1000.0}"
8157,,QB,,,,,,"{""adp_dd_ppr"": 1000.0}"
8223,,WR,SEA,,,,,"{""adp_dd_ppr"": 1000.0}"
7094,,K,,,,,,"{""adp_dd_ppr"": 1000.0}"
7001,,RB,,,,,,"{""adp_dd_ppr"": 1000.0}"
232,,RB,,,,,,"{""adp_dd_ppr"": 1000.0}"
5786,,WR,,,,,,"{""adp_dd_ppr"": 1000.0}"
6379,,FB,,,,,,"{""adp_dd_ppr"": 1000.0}"
6159,,RB,,,,,,"{""adp_dd_ppr"": 1000.0}"
2820,,RB,,,,,,"{""adp_dd_ppr"": 1000.0}"
7960,,WR,,,,,,"{""adp_dd_ppr"": 1000.0}"
8663,,WR,,,,,,"{""adp_dd_ppr"": 1000.0}"
7867,,RB,,,,,,"{""adp_dd_ppr"": 1000.0}"
7535,,TE,ARI,,,,,"{""adp_dd_ppr"": 1000.0}"
12482,,WR,GB,,,,,"{""adp_dd_ppr"": 1000.0}"
13190,,QB,,,,,,"{""adp_dd_ppr"": 1000.0}"
8088,,TE,MIA,,,,,"{""adp_dd_ppr"": 1000.0}"
8812,,K,,,,,,"{""adp_dd_ppr"": 1000.0}"
5142,,QB,,,,,,"{""adp_dd_ppr"": 1000.0}"
1546,,RB,,,,,,"{""adp_dd_ppr"": 1000.0}"
11384,,RB,,,,,,"{""adp_dd_ppr"": 1000.0}"
13972,,TE,,,,,,"{""adp_dd_ppr"": 1000.0}"
5772,,WR,,,,,,"{""adp_dd_ppr"": 1000.0}"
5929,,WR,,,,,,"{""adp_dd_ppr"": 1000.0}"
5163,,RB,,,,,,"{""adp_dd_ppr"": 1000.0}"
11959,,WR,HOU,,,,,"{""adp_dd_ppr"": 1000.0}"
11511,,TE,,,,,,"{""adp_dd_ppr"": 1000.0}"
4835,,RB,,,,,,"{""adp_dd_ppr"": 1000.0}"
7530,,WR,,,,,,"{""adp_dd_ppr"": 1000.0}"
13119,,QB,,,,,,"{""adp_dd_ppr"": 1000.0}"
6909,,WR,,,,,,"{""adp_dd_ppr"": 1000.0}"
3445,,WR,,,,,,"{""adp_dd_ppr"": 1000.0}"
3178,,WR,,,,,,"{""adp_dd_ppr"": 1000.0}"
7378,,TE,,,,,,"{""adp_dd_ppr"": 1000.0}"
8253,,WR,LV,,,,,"{""adp_dd_ppr"": 1000.0}"
745,,RB,,,,,,"{""adp_dd_ppr"": 1000.0}"
11526,,WR,,,,,,"{""adp_dd_ppr"": 1000.0}"
7465,,QB,,,,,,"{""adp_dd_ppr"": 1000.0}"
6421,,WR,,,,,,"{""adp_dd_ppr"": 1000.0}"
4468,,TE,,,,,,"{""adp_dd_ppr"": 1000.0}"
11964,,WR,,,,,,"{""adp_dd_ppr"": 1000.0}"
3695,,TE,,,,,,"{""adp_dd_ppr"": 1000.0}"
7623,,WR,,,,,,"{""adp_dd_ppr"": 1000.0}"
8861,,WR,SEA,,,,,"{""adp_dd_ppr"": 1000.0}"
13258,,WR,,,,,,"{""adp_dd_ppr"": 1000.0}"
6697,,WR,,,,,,"{""adp_dd_ppr"": 1000.0}"
3170,,QB,,,,,,"{""adp_dd_ppr"": 1000.0}"
3407,,TE,,,,,,"{""adp_dd_ppr"": 1000.0}"
7703,,WR,,,,,,"{""adp_dd_ppr"": 1000.0}"
5558,,RB,,,,,,"{""adp_dd_ppr"": 1000.0}"
4351,,WR,NYJ,,,,,"{""adp_dd_ppr"": 1000.0}"
11276,,WR,,,,,,"{""adp_dd_ppr"": 1000.0}"
12355,,WR,,,,,,"{""adp_dd_ppr"": 1000.0}"
2846,,WR,,,,,,"{""adp_dd_ppr"": 1000.0}"
13835,,WR,,,,,,"{""adp_dd_ppr"": 1000.0}"
4863,,QB,,,,,,"{""adp_dd_ppr"": 1000.0}"
13250,,RB,,,,,,"{""adp_dd_ppr"": 1000.0}"
11190,,WR,,,,,,"{""adp_dd_ppr"": 1000.0}"
7264,,FB,,,,,,"{""adp_dd_ppr"": 1000.0}"
12909,,WR,IND,,,,,"{""adp_dd_ppr"": 1000.0}"
5108,,QB,,,,,,"{""adp_dd_ppr"": 1000.0}"
13335,,QB,PHI,,,,,"{""adp_dd_ppr"": 1000.0}"
6490,,TE,,,,,,"{""adp_dd_ppr"": 1000.0}"
4108,,WR,,,,,,"{""adp_dd_ppr"": 1000.0}"
2410,,WR,,,,,,"{""adp_dd_ppr"": 1000.0}"
9220,,RB,ARI,,,,,"{""adp_dd_ppr"": 1000.0}"
6984,,RB,,,,,,"{""adp_dd_ppr"": 1000.0}"
1706,,TE,IND,,,,,"{""adp_dd_ppr"": 1000.0}"
3588,,TE,,,,,,"{""adp_dd_ppr"": 1000.0}"
4926,,QB,PIT,,,,,"{""adp_dd_ppr"": 1000.0}"
4829,,WR,,,,,,"{""adp_dd_ppr"": 1000.0}"
2495,,TE,,,,,,"{""adp_dd_ppr"": 1000.0}"
6885,,RB,,,,,,"{""adp_dd_ppr"": 1000.0}"
11387,,WR,,,,,,"{""adp_dd_ppr"": 1000.0}"
2262,,RB,,,,,,"{""adp_dd_ppr"": 1000.0}"
7426,,WR,,,,,,"{""adp_dd_ppr"": 1000.0}"
8143,,RB,MIN,,,,,"{""adp_dd_ppr"": 1000.0}"
6694,,RB,,,,,,"{""adp_dd_ppr"": 1000.0}"
1974,,K,,,,,,"{""adp_dd_ppr"": 1000.0}"
5386,,K,,,,,,"{""adp_dd_ppr"": 1000.0}"
3599,,WR,,,,,,"{""adp_dd_ppr"": 1000.0}"
11652,,RB,,,,,,"{""adp_dd_ppr"": 1000.0}"
7734,,TE,,,,,,"{""adp_dd_ppr"": 1000.0}"
5247,,K,,,,,,"{""adp_dd_ppr"": 1000.0}"
12656,,RB,SEA,,,,,"{""adp_dd_ppr"": 1000.0}"
14071,,FB,NYG,,,,,"{""adp_dd_ppr"": 1000.0}"
5211,,WR,,,,,,"{""adp_dd_ppr"": 1000.0}"
5257,,QB,,,,,,"{""adp_dd_ppr"": 1000.0}"
2750,,WR,,,,,,"{""adp_dd_ppr"": 1000.0}"
13149,,K,,,,,,"{""adp_dd_ppr"": 1000.0}"
13321,,TE,LAR,,,,,"{""adp_dd_ppr"": 1000.0}"
12019,,WR,,,,,,"{""adp_dd_ppr"": 1000.0}"
10226,,WR,CIN,,,,,"{""adp_dd_ppr"": 1000.0}"
4285,,WR,,,,,,"{""adp_dd_ppr"": 1000.0}"
8248,,WR,,,,,,"{""adp_dd_ppr"": 1000.0}"
5431,,WR,,,,,,"{""adp_dd_ppr"": 1000.0}"
2397,,TE,,,,,,"{""adp_dd_ppr"": 1000.0}"
5167,,QB,,,,,,"{""adp_dd_ppr"": 1000.0}"
13116,,TE,MIA,,,,,"{""adp_dd_ppr"": 1000.0}"
8189,,RB,,,,,,"{""adp_dd_ppr"": 1000.0}"
3312,,RB,,,,,,"{""adp_dd_ppr"": 1000.0}"
6996,,RB,,,,,,"{""adp_dd_ppr"": 1000.0}"
7191,,WR,,,,,,"{""adp_dd_ppr"": 1000.0}"
5976,,RB,,,,,,"{""adp_dd_ppr"": 1000.0}"
6906,,TE,,,,,,"{""adp_dd_ppr"": 1000.0}"
12245,,WR,,,,,,"{""adp_dd_ppr"": 1000.0}"
12765,,TE,BUF,,,,,"{""adp_dd_ppr"": 1000.0}"
12095,,TE,,,,,,"{""adp_dd_ppr"": 1000.0}"
2673,,WR,,,,,,"{""adp_dd_ppr"": 1000.0}"
6710,,RB,,,,,,"{""adp_dd_ppr"": 1000.0}"
4171,,WR,,,,,,"{""adp_dd_ppr"": 1000.0}"
6926,,TE,,,,,,"{""adp_dd_ppr"": 1000.0}"
7893,,RB,,,,,,"{""adp_dd_ppr"": 1000.0}"
7946,,TE,SF,,,,,"{""adp_dd_ppr"": 1000.0}"
3670,,FB,,,,,,"{""adp_dd_ppr"": 1000.0}"
7729,,WR,,,,,,"{""adp_dd_ppr"": 1000.0}"
7439,,TE,,,,,,"{""adp_dd_ppr"": 1000.0}"
13417,,WR,SF,,,,,"{""adp_dd_ppr"": 1000.0}"
8077,,RB,,,,,,"{""adp_dd_ppr"": 1000.0}"
2935,,WR,,,,,,"{""adp_dd_ppr"": 1000.0}"
5722,,WR,,,,,,"{""adp_dd_ppr"": 1000.0}"
3328,,WR,,,,,,"{""adp_dd_ppr"": 1000.0}"
10224,,TE,SF,,,,,"{""adp_dd_ppr"": 1000.0}"
2373,,TE,,,,,,"{""adp_dd_ppr"": 1000.0}"
12906,,WR,,,,,,"{""adp_dd_ppr"": 1000.0}"
8160,,QB,CAR,,,,,"{""adp_dd_ppr"": 1000.0}"
7752,,WR,,,,,,"{""adp_dd_ppr"": 1000.0}"
3978,,QB,,,,,,"{""adp_dd_ppr"": 1000.0}"
5859,,WR,NE,,,,,"{""adp_dd_ppr"": 1000.0}"
6699,,WR,NYG,,,,,"{""adp_dd_ppr"": 1000.0}"
5238,,FB,,,,,,"{""adp_dd_ppr"": 1000.0}"
4738,,WR,,,,,,"{""adp_dd_ppr"": 1000.0}"
2487,,WR,,,,,,"{""adp_dd_ppr"": 1000.0}"
5937,,WR,,,,,,"{""adp_dd_ppr"": 1000.0}"
11102,,RB,,,,,,"{""adp_dd_ppr"": 1000.0}"
7056,,WR,,,,,,"{""adp_dd_ppr"": 1000.0}"
4263,,RB,KC,,,,,"{""adp_dd_ppr"": 1000.0}"
12721,,WR,,,,,,"{""adp_dd_ppr"": 1000.0}"
11940,,WR,,,,,,"{""adp_dd_ppr"": 1000.0}"
3883,,RB,,,,,,"{""adp_dd_ppr"": 1000.0}"
4162,,WR,,,,,,"{""adp_dd_ppr"": 1000.0}"
11148,,WR,,,,,,"{""adp_dd_ppr"": 1000.0}"
6967,,WR,,,,,,"{""adp_dd_ppr"": 1000.0}"
4678,,TE,,,,,,"{""adp_dd_ppr"": 1000.0}"
11351,,TE,,,,,,"{""adp_dd_ppr"": 1000.0}"
11163,,QB,,,,,,"{""adp_dd_ppr"": 1000.0}"
14056,,WR,,,,,,"{""adp_dd_ppr"": 1000.0}"
4455,,RB,,,,,,"{""adp_dd_ppr"": 1000.0}"
2291,,WR,,,,,,"{""adp_dd_ppr"": 1000.0}"
8240,,RB,,,,,,"{""adp_dd_ppr"": 1000.0}"
7591,,QB,KC,,,,,"{""adp_dd_ppr"": 1000.0}"
8824,,WR,,,,,,"{""adp_dd_ppr"": 1000.0}"
6460,,TE,,,,,,"{""adp_dd_ppr"": 1000.0}"
5714,,WR,,,,,,"{""adp_dd_ppr"": 1000.0}"
12173,,WR,,,,,,"{""adp_dd_ppr"": 1000.0}"
5134,,WR,,,,,,"{""adp_dd_ppr"": 1000.0}"
3447,,WR,,,,,,"{""adp_dd_ppr"": 1000.0}"
8258,,K,,,,,,"{""adp_dd_ppr"": 1000.0}"
2309,,WR,,,,,,"{""adp_dd_ppr"": 1000.0}"
7771,,RB,,,,,,"{""adp_dd_ppr"": 1000.0}"
3397,,RB,,,,,,"{""adp_dd_ppr"": 1000.0}"
4599,,WR,,,,,,"{""adp_dd_ppr"": 1000.0}"
4406,,QB,,,,,,"{""adp_dd_ppr"": 1000.0}"
2378,,RB,,,,,,"{""adp_dd_ppr"": 1000.0}"
8778,,TE,,,,,,"{""adp_dd_ppr"": 1000.0}"
1500,,TE,,,,,,"{""adp_dd_ppr"": 1000.0}"
13217,,QB,,,,,,"{""adp_dd_ppr"": 1000.0}"
2921,,TE,,,,,,"{""adp_dd_ppr"": 1000.0}"
8424,,RB,,,,,,"{""adp_dd_ppr"": 1000.0}"
8152,,RB,,,,,,"{""adp_dd_ppr"": 1000.0}"
4068,,WR,,,,,,"{""adp_dd_ppr"": 1000.0}"
12370,,WR,,,,,,"{""adp_dd_ppr"": 1000.0}"
8170,,TE,DAL,,,,,"{""adp_dd_ppr"": 1000.0}"
12488,,WR,,,,,,"{""adp_dd_ppr"": 1000.0}"
1833,,RB,,,,,,"{""adp_dd_ppr"": 1000.0}"
5787,,WR,,,,,,"{""adp_dd_ppr"": 1000.0}"
4791,,RB,,,,,,"{""adp_dd_ppr"": 1000.0}"
13110,,TE,,,,,,"{""adp_dd_ppr"": 1000.0}"
12144,,WR,,,,,,"{""adp_dd_ppr"": 1000.0}"
6662,,TE,,,,,,"{""adp_dd_ppr"": 1000.0}"
12036,,RB,,,,,,"{""adp_dd_ppr"": 1000.0}"
5140,,WR,,,,,,"{""adp_dd_ppr"": 1000.0}"
3579,,K,,,,,,"{""adp_dd_ppr"": 1000.0}"
4929,,WR,,,,,,"{""adp_dd_ppr"": 1000.0}"
1244,,WR,,,,,,"{""adp_dd_ppr"": 1000.0}"
5384,,WR,,,,,,"{""adp_dd_ppr"": 1000.0}"
8076,,WR,DEN,,,,,"{""adp_dd_ppr"": 1000.0}"
695,,WR,,,,,,"{""adp_dd_ppr"": 1000.0}"
12756,,WR,BUF,,,,,"{""adp_dd_ppr"": 1000.0}"
10217,,QB,,,,,,"{""adp_dd_ppr"": 1000.0}"
12888,,WR,NYG,,,,,"{""adp_dd_ppr"": 1000.0}"
13353,,WR,CAR,,,,,"{""adp_dd_ppr"": 1000.0}"
3454,,WR,,,,,,"{""adp_dd_ppr"": 1000.0}"
11496,,WR,,,,,,"{""adp_dd_ppr"": 1000.0}"
7379,,TE,,,,,,"{""adp_dd_ppr"": 1000.0}"
13696,,WR,BUF,,,,,"{""adp_dd_ppr"": 1000.0}"
5916,,RB,,,,,,"{""adp_dd_ppr"": 1000.0}"
6069,,WR,,,,,,"{""adp_dd_ppr"": 1000.0}"
3908,,TE,,,,,,"{""adp_dd_ppr"": 1000.0}"
12165,,QB,,,,,,"{""adp_dd_ppr"": 1000.0}"
10211,,RB,,,,,,"{""adp_dd_ppr"": 1000.0}"
6163,,WR,,,,,,"{""adp_dd_ppr"": 1000.0}"
6491,,RB,,,,,,"{""adp_dd_ppr"": 1000.0}"
13339,,RB,IND,,,,,"{""adp_dd_ppr"": 1000.0}"
8142,,WR,IND,,,,,"{""adp_dd_ppr"": 1000.0}"
11298,,TE,,,,,,"{""adp_dd_ppr"": 1000.0}"
2465,,WR,,,,,,"{""adp_dd_ppr"": 1000.0}"
7045,,RB,,,,,,"{""adp_dd_ppr"": 1000.0}"
7086,,WR,,,,,,"{""adp_dd_ppr"": 1000.0}"
7616,,WR,,,,,,"{""adp_dd_ppr"": 1000.0}"
6548,,RB,,,,,,"{""adp_dd_ppr"": 1000.0}"
13309,,WR,,,,,,"{""adp_dd_ppr"": 1000.0}"
7210,,WR,,,,,,"{""adp_dd_ppr"": 1000.0}"
2875,,RB,,,,,,"{""adp_dd_ppr"": 1000.0}"
11532,,K,,,,,,"{""adp_dd_ppr"": 1000.0}"
6964,,TE,,,,,,"{""adp_dd_ppr"": 1000.0}"
11648,,QB,GB,,,,,"{""adp_dd_ppr"": 1000.0}"
7336,,RB,,,,,,"{""adp_dd_ppr"": 1000.0}"
12254,,WR,,,,,,"{""adp_dd_ppr"": 1000.0}"
5277,,TE,,,,,,"{""adp_dd_ppr"": 1000.0}"
2925,,WR,,,,,,"{""adp_dd_ppr"": 1000.0}"
3976,,QB,TEN,,,,,"{""adp_dd_ppr"": 1000.0}"
13416,,RB,LV,,,,,"{""adp_dd_ppr"": 1000.0}"
12215,,TE,,,,,,"{""adp_dd_ppr"": 1000.0}"
7584,,WR,,,,,,"{""adp_dd_ppr"": 1000.0}"
13356,,WR,JAX,,,,,"{""adp_dd_ppr"": 1000.0}"
8164,,QB,,,,,,"{""adp_dd_ppr"": 1000.0}"
12508,,QB,NYG,,,,,"{""adp_dd_ppr"": 1000.0}"
13674,,WR,,,,,,"{""adp_dd_ppr"": 1000.0}"
11605,,TE,,,,,,"{""adp_dd_ppr"": 1000.0}"
13839,,TE,,,,,,"{""adp_dd_ppr"": 1000.0}"
5207,,WR,,,,,,"{""adp_dd_ppr"": 1000.0}"
7897,,QB,,,,,,"{""adp_dd_ppr"": 1000.0}"
8700,,WR,,,,,,"{""adp_dd_ppr"": 1000.0}"
11329,,WR,,,,,,"{""adp_dd_ppr"": 1000.0}"
13670,,WR,ARI,,,,,"{""adp_dd_ppr"": 1000.0}"
6524,,WR,,,,,,"{""adp_dd_ppr"": 1000.0}"
3164,,RB,,,,,,"{""adp_dd_ppr"": 1000.0}"
6227,,WR,,,,,,"{""adp_dd_ppr"": 1000.0}"
8087,,QB,,,,,,"{""adp_dd_ppr"": 1000.0}"
3052,,WR,,,,,,"{""adp_dd_ppr"": 1000.0}"
5903,,QB,,,,,,"{""adp_dd_ppr"": 1000.0}"
6886,,WR,,,,,,"{""adp_dd_ppr"": 1000.0}"
6945,,RB,,,,,,"{""adp_dd_ppr"": 1000.0}"
954,,QB,,,,,,"{""adp_dd_ppr"": 1000.0}"
14080,,RB,,,,,,"{""adp_dd_ppr"": 1000.0}"
4704,,QB,,,,,,"{""adp_dd_ppr"": 1000.0}"
12787,,RB,TB,,,,,"{""adp_dd_ppr"": 1000.0}"
6932,,TE,,,,,,"{""adp_dd_ppr"": 1000.0}"
17,,K,,,,,,"{""adp_dd_ppr"": 1000.0}"
5144,,RB,,,,,,"{""adp_dd_ppr"": 1000.0}"
8227,,TE,ARI,,,,,"{""adp_dd_ppr"": 1000.0}"
9223,,RB,,,,,,"{""adp_dd_ppr"": 1000.0}"
8232,,WR,,,,,,"{""adp_dd_ppr"": 1000.0}"
11111,,WR,,,,,,"{""adp_dd_ppr"": 1000.0}"
3148,,WR,,,,,,"{""adp_dd_ppr"": 1000.0}"
2898,,TE,,,,,,"{""adp_dd_ppr"": 1000.0}"
6362,,WR,,,,,,"{""adp_dd_ppr"": 1000.0}"
11565,,QB,NYG,,,,,"{""adp_dd_ppr"": 1000.0}"
11859,,QB,,,,,,"{""adp_dd_ppr"": 1000.0}"
8171,,WR,,,,,,"{""adp_dd_ppr"": 1000.0}"
6385,,RB,,,,,,"{""adp_dd_ppr"": 1000.0}"
8220,,RB,SF,,,,,"{""adp_dd_ppr"": 1000.0}"
12039,,RB,,,,,,"{""adp_dd_ppr"": 1000.0}"
490,,QB,,,,,,"{""adp_dd_ppr"": 1000.0}"
5756,,TE,,,,,,"{""adp_dd_ppr"": 1000.0}"
13392,,WR,KC,,,,,"{""adp_dd_ppr"": 1000.0}"
11848,,QB,,,,,,"{""adp_dd_ppr"": 1000.0}"
11885,,WR,,,,,,"{""adp_dd_ppr"": 1000.0}"
6866,,WR,LAC,,,,,"{""adp_dd_ppr"": 1000.0}"
2756,,TE,,,,,,"{""adp_dd_ppr"": 1000.0}"
6219,,K,,,,,,"{""adp_dd_ppr"": 1000.0}"
4416,,WR,,,,,,"{""adp_dd_ppr"": 1000.0}"
12086,,WR,,,,,,"{""adp_dd_ppr"": 1000.0}"
2651,,QB,,,,,,"{""adp_dd_ppr"": 1000.0}"
4660,,TE,,,,,,"{""adp_dd_ppr"": 1000.0}"
6920,,WR,PIT,,,,,"{""adp_dd_ppr"": 1000.0}"
3516,,WR,,,,,,"{""adp_dd_ppr"": 1000.0}"
12470,,QB,IND,,,,,"{""adp_dd_ppr"": 1000.0}"
12118,,TE,,,,,,"{""adp_dd_ppr"": 1000.0}"
4827,,WR,,,,,,"{""adp_dd_ppr"": 1000.0}"
8428,,RB,,,,,,"{""adp_dd_ppr"": 1000.0}"
13780,,RB,,,,,,"{""adp_dd_ppr"": 1000.0}"
12880,,WR,,,,,,"{""adp_dd_ppr"": 1000.0}"
4051,,QB,,,,,,"{""adp_dd_ppr"": 1000.0}"
4563,,TE,,,,,,"{""adp_dd_ppr"": 1000.0}"
5271,,RB,,,,,,"{""adp_dd_ppr"": 1000.0}"
4985,,RB,,,,,,"{""adp_dd_ppr"": 1000.0}"
4725,,TE,,,,,,"{""adp_dd_ppr"": 1000.0}"
5917,,WR,,,,,,"{""adp_dd_ppr"": 1000.0}"
2945,,RB,,,,,,"{""adp_dd_ppr"": 1000.0}"
12460,,WR,ATL,,,,,"{""adp_dd_ppr"": 1000.0}"
5022,,TE,PHI,,,,,"{""adp_dd_ppr"": 1000.0}"
12849,,WR,,,,,,"{""adp_dd_ppr"": 1000.0}"
616,,TE,,,,,,"{""adp_dd_ppr"": 1000.0}"
13334,,WR,,,,,,"{""adp_dd_ppr"": 1000.0}"
7436,,WR,,,,,,"{""adp_dd_ppr"": 1000.0}"
4434,,WR,,,,,,"{""adp_dd_ppr"": 1000.0}"
3045,,TE,,,,,,"{""adp_dd_ppr"": 1000.0}"
2923,,RB,,,,,,"{""adp_dd_ppr"": 1000.0}"
1693,,FB,,,,,,"{""adp_dd_ppr"": 1000.0}"
5176,,WR,,,,,,"{""adp_dd_ppr"": 1000.0}"
14031,,WR,,,,,,"{""adp_dd_ppr"": 1000.0}"
1943,,WR,,,,,,"{""adp_dd_ppr"": 1000.0}"
6701,,WR,,,,,,"{""adp_dd_ppr"": 1000.0}"
6031,,RB,,,,,,"{""adp_dd_ppr"": 1000.0}"
1696,,CB,,,,,,"{""adp_dd_ppr"": 1000.0}"
11182,,RB,,,,,,"{""adp_dd_ppr"": 1000.0}"
13042,,WR,BAL,,,,,"{""adp_dd_ppr"": 1000.0}"
7556,,WR,,,,,,"{""adp_dd_ppr"": 1000.0}"
3462,,WR,,,,,,"{""adp_dd_ppr"": 1000.0}"
4273,,RB,,,,,,"{""adp_dd_ppr"": 1000.0}"
4708,,WR,,,,,,"{""adp_dd_ppr"": 1000.0}"
3205,,QB,,,,,,"{""adp_dd_ppr"": 1000.0}"
6692,,WR,,,,,,"{""adp_dd_ppr"": 1000.0}"
13043,,WR,,,,,,"{""adp_dd_ppr"": 1000.0}"
13160,,TE,,,,,,"{""adp_dd_ppr"": 1000.0}"
2886,,TE,,,,,,"{""adp_dd_ppr"": 1000.0}"
5799,,WR,,,,,,"{""adp_dd_ppr"": 1000.0}"
8705,,WR,,,,,,"{""adp_dd_ppr"": 1000.0}"
1689,,WR,,,,,,"{""adp_dd_ppr"": 1000.0}"
12231,,WR,,,,,,"{""adp_dd_ppr"": 1000.0}"
11082,,TE,,,,,,"{""adp_dd_ppr"": 1000.0}"
12085,,TE,,,,,,"{""adp_dd_ppr"": 1000.0}"
12033,,WR,,,,,,"{""adp_dd_ppr"": 1000.0}"
8233,,RB,,,,,,"{""adp_dd_ppr"": 1000.0}"
8755,,WR,CHI,,,,,"{""adp_dd_ppr"": 1000.0}"
12392,,WR,,,,,,"{""adp_dd_ppr"": 1000.0}"
5292,,WR,,,,,,"{""adp_dd_ppr"": 1000.0}"
11949,,K,,,,,,"{""adp_dd_ppr"": 1000.0}"
8056,,K,,,,,,"{""adp_dd_ppr"": 1000.0}"
6955,,RB,,,,,,"{""adp_dd_ppr"": 1000.0}"
6606,,QB,,,,,,"{""adp_dd_ppr"": 1000.0}"
5068,,RB,,,,,,"{""adp_dd_ppr"": 1000.0}"
2121,,WR,,,,,,"{""adp_dd_ppr"": 1000.0}"
7387,,WR,,,,,,"{""adp_dd_ppr"": 1000.0}"
11941,,WR,,,,,,"{""adp_dd_ppr"": 1000.0}"
14055,,TE,,,,,,"{""adp_dd_ppr"": 1000.0}"
1170,,RB,,,,,,"{""adp_dd_ppr"": 1000.0}"
2174,,FB,,,,,,"{""adp_dd_ppr"": 1000.0}"
5102,,WR,,,,,,"{""adp_dd_ppr"": 1000.0}"
5261,,WR,,,,,,"{""adp_dd_ppr"": 1000.0}"
6187,,RB,,,,,,"{""adp_dd_ppr"": 1000.0}"
127,,K,,,,,,"{""adp_dd_ppr"": 1000.0}"
7586,,WR,,,,,,"{""adp_dd_ppr"": 1000.0}"
4125,,WR,,,,,,"{""adp_dd_ppr"": 1000.0}"
5919,,RB,,,,,,"{""adp_dd_ppr"": 1000.0}"
4364,,WR,,,,,,"{""adp_dd_ppr"": 1000.0}"
3727,,WR,,,,,,"{""adp_dd_ppr"": 1000.0}"
11544,,WR,,,,,,"{""adp_dd_ppr"": 1000.0}"
4497,,WR,,,,,,"{""adp_dd_ppr"": 1000.0}"
5005,,WR,,,,,,"{""adp_dd_ppr"": 1000.0}"
1794,,RB,,,,,,"{""adp_dd_ppr"": 1000.0}"
13354,,WR,,,,,,"{""adp_dd_ppr"": 1000.0}"
8825,,WR,,,,,,"{""adp_dd_ppr"": 1000.0}"
5695,,WR,,,,,,"{""adp_dd_ppr"": 1000.0}"
12260,,TE,,,,,,"{""adp_dd_ppr"": 1000.0}"
12863,,WR,KC,,,,,"{""adp_dd_ppr"": 1000.0}"
12372,,K,,,,,,"{""adp_dd_ppr"": 1000.0}"
5133,,TE,DET,,,,,"{""adp_dd_ppr"": 1000.0}"
12852,,WR,,,,,,"{""adp_dd_ppr"": 1000.0}"
13100,,TE,,,,,,"{""adp_dd_ppr"": 1000.0}"
5734,,WR,,,,,,"{""adp_dd_ppr"": 1000.0}"
6370,,WR,,,,,,"{""adp_dd_ppr"": 1000.0}"
11140,,TE,,,,,,"{""adp_dd_ppr"": 1000.0}"
11176,,RB,,,,,,"{""adp_dd_ppr"": 1000.0}"
8221,,RB,,,,,,"{""adp_dd_ppr"": 1000.0}"
7885,,WR,,,,,,"{""adp_dd_ppr"": 1000.0}"
12320,,TE,,,,,,"{""adp_dd_ppr"": 1000.0}"
3646,,RB,,,,,,"{""adp_dd_ppr"": 1000.0}"
12775,,QB,MIN,,,,,"{""adp_dd_ppr"": 1000.0}"
12901,,TE,LAC,,,,,"{""adp_dd_ppr"": 1000.0}"
12291,,WR,,,,,,"{""adp_dd_ppr"": 1000.0}"
7901,,WR,,,,,,"{""adp_dd_ppr"": 1000.0}"
2374,,WR,,,,,,"{""adp_dd_ppr"": 1000.0}"
6957,,WR,,,,,,"{""adp_dd_ppr"": 1000.0}"
3357,,QB,,,,,,"{""adp_dd_ppr"": 1000.0}"
7573,,WR,,,,,,"{""adp_dd_ppr"": 1000.0}"
6268,,K,,,,,,"{""adp_dd_ppr"": 1000.0}"
8881,,WR,,,,,,"{""adp_dd_ppr"": 1000.0}"
7466,,RB,,,,,,"{""adp_dd_ppr"": 1000.0}"
1451,,RB,,,,,,"{""adp_dd_ppr"": 1000.0}"
7161,,WR,,,,,,"{""adp_dd_ppr"": 1000.0}"
4208,,WR,,,,,,"{""adp_dd_ppr"": 1000.0}"
12776,,QB,,,,,,"{""adp_dd_ppr"": 1000.0}"
6685,,WR,,,,,,"{""adp_dd_ppr"": 1000.0}"
6956,,TE,,,,,,"{""adp_dd_ppr"": 1000.0}"
9226,,RB,MIA,,,,,"{""adp_dd_ppr"": 1000.0}"
5536,,RB,,,,,,"{""adp_dd_ppr"": 1000.0}"
5243,,WR,,,,,,"{""adp_dd_ppr"": 1000.0}"
4362,,TE,,,,,,"{""adp_dd_ppr"": 1000.0}"
4973,,TE,,,,,,"{""adp_dd_ppr"": 1000.0}"
12905,,TE,,,,,,"{""adp_dd_ppr"": 1000.0}"
4535,,TE,,,,,,"{""adp_dd_ppr"": 1000.0}"
2382,,RB,,,,,,"{""adp_dd_ppr"": 1000.0}"
6878,,RB,,,,,,"{""adp_dd_ppr"": 1000.0}"
7993,,RB,,,,,,"{""adp_dd_ppr"": 1000.0}"
8184,,RB,,,,,,"{""adp_dd_ppr"": 1000.0}"
4665,,QB,,,,,,"{""adp_dd_ppr"": 1000.0}"
12070,,TE,,,,,,"{""adp_dd_ppr"": 1000.0}"
4613,,WR,,,,,,"{""adp_dd_ppr"": 1000.0}"
4367,,WR,,,,,,"{""adp_dd_ppr"": 1000.0}"
6394,,WR,,,,,,"{""adp_dd_ppr"": 1000.0}"
3572,,FB,,,,,,"{""adp_dd_ppr"": 1000.0}"
12928,,RB,LAC,,,,,"{""adp_dd_ppr"": 1000.0}"
7848,,TE,,,,,,"{""adp_dd_ppr"": 1000.0}"
12113,,TE,GB,,,,,"{""adp_dd_ppr"": 1000.0}"
5248,,RB,,,,,,"{""adp_dd_ppr"": 1000.0}"
2755,,TE,,,,,,"{""adp_dd_ppr"": 1000.0}"
7735,,TE,,,,,,"{""adp_dd_ppr"": 1000.0}"
1273,,WR,,,,,,"{""adp_dd_ppr"": 1000.0}"
5955,,WR,,,,,,"{""adp_dd_ppr"": 1000.0}"
13403,,RB,,,,,,"{""adp_dd_ppr"": 1000.0}"
2191,,WR,,,,,,"{""adp_dd_ppr"": 1000.0}"
6493,,TE,,,,,,"{""adp_dd_ppr"": 1000.0}"
1592,,TE,TB,,,,,"{""adp_dd_ppr"": 1000.0}"
3868,,RB,LV,,,,,"{""adp_dd_ppr"": 1000.0}"
5323,,WR,,,,,,"{""adp_dd_ppr"": 1000.0}"
13151,,TE,SEA,,,,,"{""adp_dd_ppr"": 1000.0}"
5166,,WR,,,,,,"{""adp_dd_ppr"": 1000.0}"
13946,,RB,,,,,,"{""adp_dd_ppr"": 1000.0}"
6982,,TE,,,,,,"{""adp_dd_ppr"": 1000.0}"
533,,QB,,,,,,"{""adp_dd_ppr"": 1000.0}"
13212,,WR,,,,,,"{""adp_dd_ppr"": 1000.0}"
4641,,WR,,,,,,"{""adp_dd_ppr"": 1000.0}"
1388,,TE,,,,,,"{""adp_dd_ppr"": 1000.0}"
344,,WR,,,,,,"{""adp_dd_ppr"": 1000.0}"
13427,,QB,,,,,,"{""adp_dd_ppr"": 1000.0}"
11654,,RB,,,,,,"{""adp_dd_ppr"": 1000.0}"
4175,,WR,,,,,,"{""adp_dd_ppr"": 1000.0}"
6108,,RB,,,,,,"{""adp_dd_ppr"": 1000.0}"
13017,,QB,,,,,,"{""adp_dd_ppr"": 1000.0}"
13256,,WR,,,,,,"{""adp_dd_ppr"": 1000.0}"
13830,,WR,NE,,,,,"{""adp_dd_ppr"": 1000.0}"
4480,,WR,,,,,,"{""adp_dd_ppr"": 1000.0}"
13923,,RB,,,,,,"{""adp_dd_ppr"": 1000.0}"
6115,,RB,,,,,,"{""adp_dd_ppr"": 1000.0}"
6234,,WR,,,,,,"{""adp_dd_ppr"": 1000.0}"
2918,,WR,,,,,,"{""adp_dd_ppr"": 1000.0}"
2573,,WR,,,,,,"{""adp_dd_ppr"": 1000.0}"
11292,,QB,NE,,,,,"{""adp_dd_ppr"": 1000.0}"
8433,,TE,,,,,,"{""adp_dd_ppr"": 1000.0}"
12476,,RB,MIN,,,,,"{""adp_dd_ppr"": 1000.0}"
8595,,WR,,,,,,"{""adp_dd_ppr"": 1000.0}"
3894,,TE,,,,,,"{""adp_dd_ppr"": 1000.0}"
12511,,QB,PIT,,,,,"{""adp_dd_ppr"": 1000.0}"
8002,,QB,BUF,,,,,"{""adp_dd_ppr"": 1000.0}"
11554,,WR,,,,,,"{""adp_dd_ppr"": 1000.0}"
7540,,WR,,,,,,"{""adp_dd_ppr"": 1000.0}"
13937,,FB,,,,,,"{""adp_dd_ppr"": 1000.0}"
8118,,WR,,,,,,"{""adp_dd_ppr"": 1000.0}"
13355,,TE,DAL,,,,,"{""adp_dd_ppr"": 1000.0}"
4864,,TE,,,,,,"{""adp_dd_ppr"": 1000.0}"
2632,,RB,,,,,,"{""adp_dd_ppr"": 1000.0}"
3343,,QB,,,,,,"{""adp_dd_ppr"": 1000.0}"
6165,,WR,,,,,,"{""adp_dd_ppr"": 1000.0}"
8769,,TE,,,,,,"{""adp_dd_ppr"": 1000.0}"
11123,,RB,,,,,,"{""adp_dd_ppr"": 1000.0}"
13211,,K,,,,,,"{""adp_dd_ppr"": 1000.0}"
12478,,WR,,,,,,"{""adp_dd_ppr"": 1000.0}"
12457,,RB,PHI,,,,,"{""adp_dd_ppr"": 1000.0}"
7578,,WR,,,,,,"{""adp_dd_ppr"": 1000.0}"
7548,,WR,,,,,,"{""adp_dd_ppr"": 1000.0}"
13859,,WR,,,,,,"{""adp_dd_ppr"": 1000.0}"
12548,,K,GB,,,,,"{""adp_dd_ppr"": 1000.0}"
4373,,RB,,,,,,"{""adp_dd_ppr"": 1000.0}"
3475,,WR,,,,,,"{""adp_dd_ppr"": 1000.0}"
6049,,WR,,,,,,"{""adp_dd_ppr"": 1000.0}"
8212,,QB,,,,,,"{""adp_dd_ppr"": 1000.0}"
4699,,WR,,,,,,"{""adp_dd_ppr"": 1000.0}"
12966,,WR,,,,,,"{""adp_dd_ppr"": 1000.0}"
2238,,WR,,,,,,"{""adp_dd_ppr"": 1000.0}"
6954,,QB,,,,,,"{""adp_dd_ppr"": 1000.0}"
1992,,WR,,,,,,"{""adp_dd_ppr"": 1000.0}"
2028,,QB,,,,,,"{""adp_dd_ppr"": 1000.0}"
12168,,WR,,,,,,"{""adp_dd_ppr"": 1000.0}"
13113,,WR,,,,,,"{""adp_dd_ppr"": 1000.0}"
8438,,WR,,,,,,"{""adp_dd_ppr"": 1000.0}"
13001,,WR,,,,,,"{""adp_dd_ppr"": 1000.0}"
6021,,RB,,,,,,"{""adp_dd_ppr"": 1000.0}"
9512,,RB,,,,,,"{""adp_dd_ppr"": 1000.0}"
2749,,RB,,,,,,"{""adp_dd_ppr"": 1000.0}"
8435,,WR,,,,,,"{""adp_dd_ppr"": 1000.0}"
4358,,WR,,,,,,"{""adp_dd_ppr"": 1000.0}"
12757,,WR,,,,,,"{""adp_dd_ppr"": 1000.0}"
13850,,WR,,,,,,"{""adp_dd_ppr"": 1000.0}"
6723,,QB,,,,,,"{""adp_dd_ppr"": 1000.0}"
12983,,FB,BUF,,,,,"{""adp_dd_ppr"": 1000.0}"
1854,,WR,,,,,,"{""adp_dd_ppr"": 1000.0}"
7980,,FB,,,,,,"{""adp_dd_ppr"": 1000.0}"
3832,,FB,,,,,,"{""adp_dd_ppr"": 1000.0}"
11169,,QB,,,,,,"{""adp_dd_ppr"": 1000.0}"
8246,,RB,,,,,,"{""adp_dd_ppr"": 1000.0}"
12824,,K,,,,,,"{""adp_dd_ppr"": 1000.0}"
11371,,TE,NE,,,,,"{""adp_dd_ppr"": 1000.0}"
6598,,WR,,,,,,"{""adp_dd_ppr"": 1000.0}"
12090,,WR,,,,,,"{""adp_dd_ppr"": 1000.0}"
13662,,WR,SF,,,,,"{""adp_dd_ppr"": 1000.0}"
7101,,RB,,,,,,"{""adp_dd_ppr"": 1000.0}"
12715,,TE,NYG,,,,,"{""adp_dd_ppr"": 1000.0}"
4650,,TE,,,,,,"{""adp_dd_ppr"": 1000.0}"
13328,,RB,,,,,,"{""adp_dd_ppr"": 1000.0}"
10857,,QB,LAR,,,,,"{""adp_dd_ppr"": 1000.0}"
2733,,WR,,,,,,"{""adp_dd_ppr"": 1000.0}"
12312,,K,,,,,,"{""adp_dd_ppr"": 1000.0}"
9229,,QB,IND,,,,,"{""adp_dd_ppr"": 1000.0}"
8624,,WR,,,,,,"{""adp_dd_ppr"": 1000.0}"
7915,,WR,,,,,,"{""adp_dd_ppr"": 1000.0}"
11543,,TE,,,,,,"{""adp_dd_ppr"": 1000.0}"
13139,,WR,,,,,,"{""adp_dd_ppr"": 1000.0}"
8153,,RB,,,,,,"{""adp_dd_ppr"": 1000.0}"
7308,,TE,,,,,,"{""adp_dd_ppr"": 1000.0}"
5107,,RB,,,,,,"{""adp_dd_ppr"": 1000.0}"
4179,,QB,DET,,,,,"{""adp_dd_ppr"": 1000.0}"
13888,,TE,,,,,,"{""adp_dd_ppr"": 1000.0}"
11216,,QB,,,,,,"{""adp_dd_ppr"": 1000.0}"
10866,,QB,LV,,,,,"{""adp_dd_ppr"": 1000.0}"
4301,,WR,,,,,,"{""adp_dd_ppr"": 1000.0}"
6037,,QB,TB,,,,,"{""adp_dd_ppr"": 1000.0}"
3859,,RB,,,,,,"{""adp_dd_ppr"": 1000.0}"
9503,,WR,,,,,,"{""adp_dd_ppr"": 1000.0}"
4775,,QB,,,,,,"{""adp_dd_ppr"": 1000.0}"
4055,,TE,,,,,,"{""adp_dd_ppr"": 1000.0}"
6142,,TE,,,,,,"{""adp_dd_ppr"": 1000.0}"
13013,,TE,GB,,,,,"{""adp_dd_ppr"": 1000.0}"
13967,,WR,,,,,,"{""adp_dd_ppr"": 1000.0}"
982,,FB,,,,,,"{""adp_dd_ppr"": 1000.0}"
12528,,WR,,,,,,"{""adp_dd_ppr"": 1000.0}"
12222,,WR,,,,,,"{""adp_dd_ppr"": 1000.0}"
606,,QB,,,,,,"{""adp_dd_ppr"": 1000.0}"
13595,,RB,ATL,,,,,"{""adp_dd_ppr"": 1000.0}"
11299,,RB,CHI,,,,,"{""adp_dd_ppr"": 1000.0}"
11901,,WR,,,,,,"{""adp_dd_ppr"": 1000.0}"
14068,,TE,,,,,,"{""adp_dd_ppr"": 1000.0}"
3486,,WR,,,,,,"{""adp_dd_ppr"": 1000.0}"
964,,TE,,,,,,"{""adp_dd_ppr"": 1000.0}"
8747,,TE,,,,,,"{""adp_dd_ppr"": 1000.0}"
13779,,RB,NYJ,,,,,"{""adp_dd_ppr"": 1000.0}"
7983,,QB,,,,,,"{""adp_dd_ppr"": 1000.0}"
455,,WR,,,,,,"{""adp_dd_ppr"": 1000.0}"
8690,,WR,,,,,,"{""adp_dd_ppr"": 1000.0}"
6895,,WR,,,,,,"{""adp_dd_ppr"": 1000.0}"
11380,,TE,,,,,,"{""adp_dd_ppr"": 1000.0}"
12891,,WR,,,,,,"{""adp_dd_ppr"": 1000.0}"
8858,,WR,,,,,,"{""adp_dd_ppr"": 1000.0}"
7951,,RB,,,,,,"{""adp_dd_ppr"": 1000.0}"
12151,,WR,SEA,,,,,"{""adp_dd_ppr"": 1000.0}"
4832,,TE,,,,,,"{""adp_dd_ppr"": 1000.0}"
13240,,RB,,,,,,"{""adp_dd_ppr"": 1000.0}"
3770,,WR,,,,,,"{""adp_dd_ppr"": 1000.0}"
3688,,RB,,,,,,"{""adp_dd_ppr"": 1000.0}"
7462,,WR,,,,,,"{""adp_dd_ppr"": 1000.0}"
11410,,WR,,,,,,"{""adp_dd_ppr"": 1000.0}"
7610,,QB,LAC,,,,,"{""adp_dd_ppr"": 1000.0}"
4777,,RB,,,,,,"{""adp_dd_ppr"": 1000.0}"
6846,,TE,,,,,,"{""adp_dd_ppr"": 1000.0}"
12483,,WR,LV,,,,,"{""adp_dd_ppr"": 1000.0}"
6223,,WR,,,,,,"{""adp_dd_ppr"": 1000.0}"
13849,,WR,,,,,,"{""adp_dd_ppr"": 1000.0}"
12800,,TE,,,,,,"{""adp_dd_ppr"": 1000.0}"
12013,,RB,,,,,,"{""adp_dd_ppr"": 1000.0}"
5885,,QB,,,,,,"{""adp_dd_ppr"": 1000.0}"
13313,,WR,SEA,,,,,"{""adp_dd_ppr"": 1000.0}"
7568,,TE,HOU,,,,,"{""adp_dd_ppr"": 1000.0}"
13776,,WR,,,,,,"{""adp_dd_ppr"": 1000.0}"
14041,,RB,,,,,,"{""adp_dd_ppr"": 1000.0}"
1303,,FB,,,,,,"{""adp_dd_ppr"": 1000.0}"
2578,,WR,,,,,,"{""adp_dd_ppr"": 1000.0}"
11158,,WR,,,,,,"{""adp_dd_ppr"": 1000.0}"
3340,,TE,,,,,,"{""adp_dd_ppr"": 1000.0}"
2819,,K,,,,,,"{""adp_dd_ppr"": 1000.0}"
5425,,WR,,,,,,"{""adp_dd_ppr"": 1000.0}"
13410,,WR,,,,,,"{""adp_dd_ppr"": 1000.0}"
4463,,RB,,,,,,"{""adp_dd_ppr"": 1000.0}"
11601,,TE,,,,,,"{""adp_dd_ppr"": 1000.0}"
14040,,WR,,,,,,"{""adp_dd_ppr"": 1000.0}"
12953,,RB,,,,,,"{""adp_dd_ppr"": 1000.0}"
7563,,RB,,,,,,"{""adp_dd_ppr"": 1000.0}"
7503,,TE,,,,,,"{""adp_dd_ppr"": 1000.0}"
8190,,RB,,,,,,"{""adp_dd_ppr"": 1000.0}"
13904,,WR,,,,,,"{""adp_dd_ppr"": 1000.0}"
5162,,RB,,,,,,"{""adp_dd_ppr"": 1000.0}"
536,,WR,,,,,,"{""adp_dd_ppr"": 1000.0}"
7989,,WR,,,,,,"{""adp_dd_ppr"": 1000.0}"
23,,TE,,,,,,"{""adp_dd_ppr"": 1000.0}"
4622,,WR,,,,,,"{""adp_dd_ppr"": 1000.0}"
3041,,TE,,,,,,"{""adp_dd_ppr"": 1000.0}"
818,,RB,,,,,,"{""adp_dd_ppr"": 1000.0}"
7414,,WR,,,,,,"{""adp_dd_ppr"": 1000.0}"
11204,,WR,,,,,,"{""adp_dd_ppr"": 1000.0}"
13426,,QB,,,,,,"{""adp_dd_ppr"": 1000.0}"
11975,,RB,,,,,,"{""adp_dd_ppr"": 1000.0}"
147,,WR,,,,,,"{""adp_dd_ppr"": 1000.0}"
7237,,WR,,,,,,"{""adp_dd_ppr"": 1000.0}"
7949,,WR,,,,,,"{""adp_dd_ppr"": 1000.0}"
7978,,WR,,,,,,"{""adp_dd_ppr"": 1000.0}"
4605,,TE,,,,,,"{""adp_dd_ppr"": 1000.0}"
7370,,WR,,,,,,"{""adp_dd_ppr"": 1000.0}"
574,,WR,,,,,,"{""adp_dd_ppr"": 1000.0}"
8247,,TE,,,,,,"{""adp_dd_ppr"": 1000.0}"
7541,,WR,,,,,,"{""adp_dd_ppr"": 1000.0}"
4408,,RB,,,,,,"{""adp_dd_ppr"": 1000.0}"
5233,,TE,,,,,,"{""adp_dd_ppr"": 1000.0}"
10444,,WR,NO,,,,,"{""adp_dd_ppr"": 1000.0}"
2200,,RB,,,,,,"{""adp_dd_ppr"": 1000.0}"
1144,,WR,,,,,,"{""adp_dd_ppr"": 1000.0}"
13085,,TE,,,,,,"{""adp_dd_ppr"": 1000.0}"
6539,,RB,,,,,,"{""adp_dd_ppr"": 1000.0}"
1825,,WR,,,,,,"{""adp_dd_ppr"": 1000.0}"
6203,,RB,,,,,,"{""adp_dd_ppr"": 1000.0}"
6238,,TE,,,,,,"{""adp_dd_ppr"": 1000.0}"
7315,,FB,,,,,,"{""adp_dd_ppr"": 1000.0}"
7612,,WR,,,,,,"{""adp_dd_ppr"": 1000.0}"
8040,,K,,,,,,"{""adp_dd_ppr"": 1000.0}"
12100,,WR,,,,,,"{""adp_dd_ppr"": 1000.0}"
3319,,WR,,,,,,"{""adp_dd_ppr"": 1000.0}"
12480,,TE,NO,,,,,"{""adp_dd_ppr"": 1000.0}"
4283,,RB,,,,,,"{""adp_dd_ppr"": 1000.0}"
8215,,TE,,,,,,"{""adp_dd_ppr"": 1000.0}"
4955,,RB,,,,,,"{""adp_dd_ppr"": 1000.0}"
7529,,RB,,,,,,"{""adp_dd_ppr"": 1000.0}"
8061,,TE,,,,,,"{""adp_dd_ppr"": 1000.0}"
4924,,QB,BAL,,,,,"{""adp_dd_ppr"": 1000.0}"
13032,,TE,MIN,,,,,"{""adp_dd_ppr"": 1000.0}"
11088,,FB,,,,,,"{""adp_dd_ppr"": 1000.0}"
5699,,WR,,,,,,"{""adp_dd_ppr"": 1000.0}"
3258,,TE,BAL,,,,,"{""adp_dd_ppr"": 1000.0}"
6164,,TE,,,,,,"{""adp_dd_ppr"": 1000.0}"
184,,RB,,,,,,"{""adp_dd_ppr"": 1000.0}"
2587,,WR,,,,,,"{""adp_dd_ppr"": 1000.0}"
5547,,TE,,,,,,"{""adp_dd_ppr"": 1000.0}"
5549,,RB,,,,,,"{""adp_dd_ppr"": 1000.0}"
7211,,WR,,,,,,"{""adp_dd_ppr"": 1000.0}"
3410,,QB,,,,,,"{""adp_dd_ppr"": 1000.0}"
1264,,K,,,,,,"{""adp_dd_ppr"": 1000.0}"
11556,,QB,,,,,,"{""adp_dd_ppr"": 1000.0}"
12188,,RB,,,,,,"{""adp_dd_ppr"": 1000.0}"
973,,RB,,,,,,"{""adp_dd_ppr"": 1000.0}"
4381,,TE,,,,,,"{""adp_dd_ppr"": 1000.0}"
12477,,QB,SF,,,,,"{""adp_dd_ppr"": 1000.0}"
4169,,WR,,,,,,"{""adp_dd_ppr"": 1000.0}"
7899,,WR,,,,,,"{""adp_dd_ppr"": 1000.0}"
5117,,TE,,,,,,"{""adp_dd_ppr"": 1000.0}"
7454,,WR,,,,,,"{""adp_dd_ppr"": 1000.0}"
1793,,TE,,,,,,"{""adp_dd_ppr"": 1000.0}"
8741,,TE,,,,,,"{""adp_dd_ppr"": 1000.0}"
4962,,RB,,,,,,"{""adp_dd_ppr"": 1000.0}"
6167,,RB,MIA,,,,,"{""adp_dd_ppr"": 1000.0}"
11595,,TE,KC,,,,,"{""adp_dd_ppr"": 1000.0}"
12531,,RB,CAR,,,,,"{""adp_dd_ppr"": 1000.0}"
4790,,WR,,,,,,"{""adp_dd_ppr"": 1000.0}"
5123,,RB,,,,,,"{""adp_dd_ppr"": 1000.0}"
4183,,QB,,,,,,"{""adp_dd_ppr"": 1000.0}"
5264,,TE,,,,,,"{""adp_dd_ppr"": 1000.0}"
7320,,WR,,,,,,"{""adp_dd_ppr"": 1000.0}"
8238,,WR,,,,,,"{""adp_dd_ppr"": 1000.0}"
7335,,QB,,,,,,"{""adp_dd_ppr"": 1000.0}"
8420,,WR,,,,,,"{""adp_dd_ppr"": 1000.0}"
4221,,TE,,,,,,"{""adp_dd_ppr"": 1000.0}"
6554,,WR,,,,,,"{""adp_dd_ppr"": 1000.0}"
4531,,TE,,,,,,"{""adp_dd_ppr"": 1000.0}"
6963,,RB,,,,,,"{""adp_dd_ppr"": 1000.0}"
4676,,WR,,,,,,"{""adp_dd_ppr"": 1000.0}"
8057,,QB,,,,,,"{""adp_dd_ppr"": 1000.0}"
5101,,WR,,,,,,"{""adp_dd_ppr"": 1000.0}"
12431,,WR,,,,,,"{""adp_dd_ppr"": 1000.0}"
13705,,TE,BAL,,,,,"{""adp_dd_ppr"": 1000.0}"
12973,,TE,,,,,,"{""adp_dd_ppr"": 1000.0}"
1619,,TE,,,,,,"{""adp_dd_ppr"": 1000.0}"
13117,,RB,,,,,,"{""adp_dd_ppr"": 1000.0}"
4839,,QB,,,,,,"{""adp_dd_ppr"": 1000.0}"
11808,,WR,,,,,,"{""adp_dd_ppr"": 1000.0}"
4831,,WR,,,,,,"{""adp_dd_ppr"": 1000.0}"
12539,,WR,NYJ,,,,,"{""adp_dd_ppr"": 1000.0}"
7357,,WR,,,,,,"{""adp_dd_ppr"": 1000.0}"
8568,,RB,,,,,,"{""adp_dd_ppr"": 1000.0}"
12281,,WR,,,,,,"{""adp_dd_ppr"": 1000.0}"
6843,,TE,,,,,,"{""adp_dd_ppr"": 1000.0}"
11136,,WR,,,,,,"{""adp_dd_ppr"": 1000.0}"
6898,,QB,,,,,,"{""adp_dd_ppr"": 1000.0}"
12777,,WR,,,,,,"{""adp_dd_ppr"": 1000.0}"
8864,,TE,,,,,,"{""adp_dd_ppr"": 1000.0}"
14039,,WR,,,,,,"{""adp_dd_ppr"": 1000.0}"
3660,,WR,,,,,,"{""adp_dd_ppr"": 1000.0}"
5009,,TE,,,,,,"{""adp_dd_ppr"": 1000.0}"
3606,,WR,,,,,,"{""adp_dd_ppr"": 1000.0}"
6147,,QB,NYG,,,,,"{""adp_dd_ppr"": 1000.0}"
7789,,WR,,,,,,"{""adp_dd_ppr"": 1000.0}"
8749,,RB,,,,,,"{""adp_dd_ppr"": 1000.0}"
14008,,RB,,,,,,"{""adp_dd_ppr"": 1000.0}"
13275,,QB,LAR,,,,,"{""adp_dd_ppr"": 1000.0}"
7087,,RB,BAL,,,,,"{""adp_dd_ppr"": 1000.0}"
12969,,RB,NE,,,,,"{""adp_dd_ppr"": 1000.0}"
8423,,RB,CHI,,,,,"{""adp_dd_ppr"": 1000.0}"
10865,,RB,,,,,,"{""adp_dd_ppr"": 1000.0}"
12815,,TE,,,,,,"{""adp_dd_ppr"": 1000.0}"
4309,,TE,,,,,,"{""adp_dd_ppr"": 1000.0}"
11653,,K,NO,,,,,"{""adp_dd_ppr"": 1000.0}"
13920,,WR,,,,,,"{""adp_dd_ppr"": 1000.0}"
12080,,RB,,,,,,"{""adp_dd_ppr"": 1000.0}"
14067,,WR,,,,,,"{""adp_dd_ppr"": 1000.0}"
14037,,WR,,,,,,"{""adp_dd_ppr"": 1000.0}"
12007,,RB,,,,,,"{""adp_dd_ppr"": 1000.0}"
7084,,QB,,,,,,"{""adp_dd_ppr"": 1000.0}"
11133,,WR,,,,,,"{""adp_dd_ppr"": 1000.0}"
7201,,K,,,,,,"{""adp_dd_ppr"": 1000.0}"
8055,,K,,,,,,"{""adp_dd_ppr"": 1000.0}"
1234,,QB,,,,,,"{""adp_dd_ppr"": 1000.0}"
2900,,RB,,,,,,"{""adp_dd_ppr"": 1000.0}"
12541,,WR,LV,,,,,"{""adp_dd_ppr"": 1000.0}"
2913,,WR,,,,,,"{""adp_dd_ppr"": 1000.0}"
12306,,RB,,,,,,"{""adp_dd_ppr"": 1000.0}"
11491,,QB,,,,,,"{""adp_dd_ppr"": 1000.0}"
12732,,WR,DET,,,,,"{""adp_dd_ppr"": 1000.0}"
12296,,WR,,,,,,"{""adp_dd_ppr"": 1000.0}"
13781,,QB,,,,,,"{""adp_dd_ppr"": 1000.0}"
7996,,WR,,,,,,"{""adp_dd_ppr"": 1000.0}"
13269,,QB,LV,,,,,"{""adp_dd_ppr"": 1000.0}"
1338,,QB,,,,,,"{""adp_dd_ppr"": 1000.0}"
8634,,TE,,,,,,"{""adp_dd_ppr"": 1000.0}"
4187,,RB,,,,,,"{""adp_dd_ppr"": 1000.0}"
2279,,WR,,,,,,"{""adp_dd_ppr"": 1000.0}"
1476,,RB,,,,,,"{""adp_dd_ppr"": 1000.0}"
5080,,WR,,,,,,"{""adp_dd_ppr"": 1000.0}"
6625,,K,,,,,,"{""adp_dd_ppr"": 1000.0}"
8884,,TE,,,,,,"{""adp_dd_ppr"": 1000.0}"
12107,,TE,,,,,,"{""adp_dd_ppr"": 1000.0}"
4151,,TE,,,,,,"{""adp_dd_ppr"": 1000.0}"
13124,,WR,NE,,,,,"{""adp_dd_ppr"": 1000.0}"
5195,,RB,,,,,,"{""adp_dd_ppr"": 1000.0}"
1110,,WR,,,,,,"{""adp_dd_ppr"": 1000.0}"
5710,,WR,,,,,,"{""adp_dd_ppr"": 1000.0}"
7565,,WR,,,,,,"{""adp_dd_ppr"": 1000.0}"
11374,,QB,,,,,,"{""adp_dd_ppr"": 1000.0}"
11257,,WR,BAL,,,,,"{""adp_dd_ppr"": 1000.0}"
7103,,RB,ARI,,,,,"{""adp_dd_ppr"": 1000.0}"
8589,,TE,,,,,,"{""adp_dd_ppr"": 1000.0}"
1352,,WR,,,,,,"{""adp_dd_ppr"": 1000.0}"
4930,,TE,CHI,,,,,"{""adp_dd_ppr"": 1000.0}"
8419,,WR,,,,,,"{""adp_dd_ppr"": 1000.0}"
7005,,RB,,,,,,"{""adp_dd_ppr"": 1000.0}"
6144,,RB,,,,,,"{""adp_dd_ppr"": 1000.0}"
3542,,WR,,,,,,"{""adp_dd_ppr"": 1000.0}"
3495,,QB,,,,,,"{""adp_dd_ppr"": 1000.0}"
11385,,TE,,,,,,"{""adp_dd_ppr"": 1000.0}"
6334,,RB,,,,,,"{""adp_dd_ppr"": 1000.0}"
13166,,WR,,,,,,"{""adp_dd_ppr"": 1000.0}"
10230,,WR,,,,,,"{""adp_dd_ppr"": 1000.0}"
6951,,RB,,,,,,"{""adp_dd_ppr"": 1000.0}"
13810,,TE,,,,,,"{""adp_dd_ppr"": 1000.0}"
4335,,QB,,,,,,"{""adp_dd_ppr"": 1000.0}"
4392,,WR,,,,,,"{""adp_dd_ppr"": 1000.0}"
11472,,RB,,,,,,"{""adp_dd_ppr"": 1000.0}"
6919,,TE,,,,,,"{""adp_dd_ppr"": 1000.0}"
13773,,RB,,,,,,"{""adp_dd_ppr"": 1000.0}"
6188,,FB,,,,,,"{""adp_dd_ppr"": 1000.0}"
2078,,WR,NYG,,,,,"{""adp_dd_ppr"": 1000.0}"
12003,,QB,,,,,,"{""adp_dd_ppr"": 1000.0}"
12383,,WR,,,,,,"{""adp_dd_ppr"": 1000.0}"
12352,,QB,,,,,,"{""adp_dd_ppr"": 1000.0}"
4752,,WR,,,,,,"{""adp_dd_ppr"": 1000.0}"
12062,,TE,MIN,,,,,"{""adp_dd_ppr"": 1000.0}"
11247,,WR,,,,,,"{""adp_dd_ppr"": 1000.0}"
4338,,WR,,,,,,"{""adp_dd_ppr"": 1000.0}"
12462,,RB,,,,,,"{""adp_dd_ppr"": 1000.0}"
6487,,TE,,,,,,"{""adp_dd_ppr"": 1000.0}"
12893,,WR,,,,,,"{""adp_dd_ppr"": 1000.0}"
5295,,WR,,,,,,"{""adp_dd_ppr"": 1000.0}"
4485,,RB,,,,,,"{""adp_dd_ppr"": 1000.0}"
3732,,WR,,,,,,"{""adp_dd_ppr"": 1000.0}"
8026,,TE,,,,,,"{""adp_dd_ppr"": 1000.0}"
6089,,TE,,,,,,"{""adp_dd_ppr"": 1000.0}"
11900,,RB,,,,,,"{""adp_dd_ppr"": 1000.0}"
8413,,QB,,,,,,"{""adp_dd_ppr"": 1000.0}"
11474,,WR,ATL,,,,,"{""adp_dd_ppr"": 1000.0}"
13063,,WR,,,,,,"{""adp_dd_ppr"": 1000.0}"
3504,,TE,,,,,,"{""adp_dd_ppr"": 1000.0}"
8928,,WR,,,,,,"{""adp_dd_ppr"": 1000.0}"
12834,,TE,,,,,,"{""adp_dd_ppr"": 1000.0}"
8105,,TE,,,,,,"{""adp_dd_ppr"": 1000.0}"
5751,,TE,,,,,,"{""adp_dd_ppr"": 1000.0}"
7009,,WR,,,,,,"{""adp_dd_ppr"": 1000.0}"
4409,,TE,,,,,,"{""adp_dd_ppr"": 1000.0}"
6364,,WR,,,,,,"{""adp_dd_ppr"": 1000.0}"
6059,,WR,,,,,,"{""adp_dd_ppr"": 1000.0}"
12829,,WR,,,,,,"{""adp_dd_ppr"": 1000.0}"
13677,,WR,,,,,,"{""adp_dd_ppr"": 1000.0}"
8828,,WR,,,,,,"{""adp_dd_ppr"": 1000.0}"
12773,,QB,LAC,,,,,"{""adp_dd_ppr"": 1000.0}"
7176,,TE,,,,,,"{""adp_dd_ppr"": 1000.0}"
2206,,QB,,,,,,"{""adp_dd_ppr"": 1000.0}"
9481,,TE,GB,,,,,"{""adp_dd_ppr"": 1000.0}"
11213,,TE,,,,,,"{""adp_dd_ppr"": 1000.0}"
13419,,RB,KC,,,,,"{""adp_dd_ppr"": 1000.0}"
5224,,WR,,,,,,"{""adp_dd_ppr"": 1000.0}"
4600,,WR,,,,,,"{""adp_dd_ppr"": 1000.0}"
5131,,RB,,,,,,"{""adp_dd_ppr"": 1000.0}"
12939,,RB,CAR,,,,,"{""adp_dd_ppr"": 1000.0}"
11548,,RB,,,,,,"{""adp_dd_ppr"": 1000.0}"
4326,,TE,,,,,,"{""adp_dd_ppr"": 1000.0}"
7109,,WR,,,,,,"{""adp_dd_ppr"": 1000.0}"
12226,,RB,,,,,,"{""adp_dd_ppr"": 1000.0}"
8129,,RB,PHI,,,,,"{""adp_dd_ppr"": 1000.0}"
3467,,K,,,,,,"{""adp_dd_ppr"": 1000.0}"
5272,,K,,,,,,"{""adp_dd_ppr"": 1000.0}"
8685,,TE,,,,,,"{""adp_dd_ppr"": 1000.0}"
13281,,WR,NO,,,,,"{""adp_dd_ppr"": 1000.0}"
8437,,WR,,,,,,"{""adp_dd_ppr"": 1000.0}"
6595,,QB,,,,,,"{""adp_dd_ppr"": 1000.0}"
8173,,RB,,,,,,"{""adp_dd_ppr"": 1000.0}"
8243,,RB,,,,,,"{""adp_dd_ppr"": 1000.0}"
13303,,QB,NYJ,,,,,"{""adp_dd_ppr"": 1000.0}"
559,,TE,,,,,,"{""adp_dd_ppr"": 1000.0}"
5754,,TE,,,,,,"{""adp_dd_ppr"": 1000.0}"
8201,,QB,,,,,,"{""adp_dd_ppr"": 1000.0}"
13962,,WR,NE,,,,,"{""adp_dd_ppr"": 1000.0}"
5032,,TE,,,,,,"{""adp_dd_ppr"": 1000.0}"
4080,,WR,,,,,,"{""adp_dd_ppr"": 1000.0}"
5837,,K,,,,,,"{""adp_dd_ppr"": 1000.0}"
14058,,WR,SEA,,,,,"{""adp_dd_ppr"": 1000.0}"
4997,,RB,,,,,,"{""adp_dd_ppr"": 1000.0}"
3418,,WR,,,,,,"{""adp_dd_ppr"": 1000.0}"
4728,,QB,,,,,,"{""adp_dd_ppr"": 1000.0}"
11312,,WR,,,,,,"{""adp_dd_ppr"": 1000.0}"
12538,,QB,MIA,,,,,"{""adp_dd_ppr"": 1000.0}"
4050,,WR,,,,,,"{""adp_dd_ppr"": 1000.0}"
13010,,RB,LAR,,,,,"{""adp_dd_ppr"": 1000.0}"
11209,,FB,,,,,,"{""adp_dd_ppr"": 1000.0}"
11867,,WR,,,,,,"{""adp_dd_ppr"": 1000.0}"
8416,,WR,,,,,,"{""adp_dd_ppr"": 1000.0}"
8621,,TE,,,,,,"{""adp_dd_ppr"": 1000.0}"
5126,,WR,,,,,,"{""adp_dd_ppr"": 1000.0}"
13193,,WR,,,,,,"{""adp_dd_ppr"": 1000.0}"
2073,,FB,,,,,,"{""adp_dd_ppr"": 1000.0}"
13726,,WR,DAL,,,,,"{""adp_dd_ppr"": 1000.0}"
5566,,FB,,,,,,"{""adp_dd_ppr"": 1000.0}"
6973,,RB,,,,,,"{""adp_dd_ppr"": 1000.0}"
5548,,WR,,,,,,"{""adp_dd_ppr"": 1000.0}"
6585,,RB,,,,,,"{""adp_dd_ppr"": 1000.0}"
12314,,WR,,,,,,"{""adp_dd_ppr"": 1000.0}"
10223,,RB,CLE,,,,,"{""adp_dd_ppr"": 1000.0}"
7597,,TE,,,,,,"{""adp_dd_ppr"": 1000.0}"
7287,,WR,,,,,,"{""adp_dd_ppr"": 1000.0}"
6161,,RB,,,,,,"{""adp_dd_ppr"": 1000.0}"
12134,,WR,,,,,,"{""adp_dd_ppr"": 1000.0}"
5250,,WR,,,,,,"{""adp_dd_ppr"": 1000.0}"
2528,,TE,,,,,,"{""adp_dd_ppr"": 1000.0}"
13225,,WR,,,,,,"{""adp_dd_ppr"": 1000.0}"
5199,,WR,,,,,,"{""adp_dd_ppr"": 1000.0}"
8224,,QB,,,,,,"{""adp_dd_ppr"": 1000.0}"
7622,,TE,,,,,,"{""adp_dd_ppr"": 1000.0}"
7236,,RB,,,,,,"{""adp_dd_ppr"": 1000.0}"
6401,,WR,,,,,,"{""adp_dd_ppr"": 1000.0}"
11058,,K,NYJ,,,,,"{""adp_dd_ppr"": 1000.0}"
2394,,QB,,,,,,"{""adp_dd_ppr"": 1000.0}"
8209,,WR,,,,,,"{""adp_dd_ppr"": 1000.0}"
5156,,TE,,,,,,"{""adp_dd_ppr"": 1000.0}"
13276,,WR,NYJ,,,,,"{""adp_dd_ppr"": 1000.0}"
12818,,RB,,,,,,"{""adp_dd_ppr"": 1000.0}"
8051,,RB,,,,,,"{""adp_dd_ppr"": 1000.0}"
7245,,TE,,,,,,"{""adp_dd_ppr"": 1000.0}"
11210,,WR,ATL,,,,,"{""adp_dd_ppr"": 1000.0}"
4636,,RB,,,,,,"{""adp_dd_ppr"": 1000.0}"
13963,,WR,,,,,,"{""adp_dd_ppr"": 1000.0}"
8089,,TE,,,,,,"{""adp_dd_ppr"": 1000.0}"
3594,,RB,,,,,,"{""adp_dd_ppr"": 1000.0}"
7859,,TE,,,,,,"{""adp_dd_ppr"": 1000.0}"
3652,,WR,,,,,,"{""adp_dd_ppr"": 1000.0}"
8890,,TE,,,,,,"{""adp_dd_ppr"": 1000.0}"
111,,TE,,,,,,"{""adp_dd_ppr"": 1000.0}"
7550,,WR,,,,,,"{""adp_dd_ppr"": 1000.0}"
13152,,WR,,,,,,"{""adp_dd_ppr"": 1000.0}"
13003,,WR,,,,,,"{""adp_dd_ppr"": 1000.0}"
13121,,TE,MIN,,,,,"{""adp_dd_ppr"": 1000.0}"
6943,,WR,,,,,,"{""adp_dd_ppr"": 1000.0}"
1984,,WR,MIA,,,,,"{""adp_dd_ppr"": 1000.0}"
13760,,WR,WAS,,,,,"{""adp_dd_ppr"": 1000.0}"
12170,,WR,,,,,,"{""adp_dd_ppr"": 1000.0}"
8539,,TE,,,,,,"{""adp_dd_ppr"": 1000.0}"
6605,,WR,,,,,,"{""adp_dd_ppr"": 1000.0}"
7551,,RB,,,,,,"{""adp_dd_ppr"": 1000.0}"
4350,,FB,,,,,,"{""adp_dd_ppr"": 1000.0}"
2880,,RB,,,,,,"{""adp_dd_ppr"": 1000.0}"
7299,,WR,,,,,,"{""adp_dd_ppr"": 1000.0}"
7954,,WR,,,,,,"{""adp_dd_ppr"": 1000.0}"
7032,,WR,,,,,,"{""adp_dd_ppr"": 1000.0}"
11802,,WR,,,,,,"{""adp_dd_ppr"": 1000.0}"
7522,,TE,,,,,,"{""adp_dd_ppr"": 1000.0}"
6540,,WR,GB,,,,,"{""adp_dd_ppr"": 1000.0}"
7543,,RB,NO,,,,,"{""adp_dd_ppr"": 1000.0}"
12217,,TE,ARI,,,,,"{""adp_dd_ppr"": 1000.0}"
13804,,K,LV,,,,,"{""adp_dd_ppr"": 1000.0}"
7793,,WR,,,,,,"{""adp_dd_ppr"": 1000.0}"
8192,,TE,,,,,,"{""adp_dd_ppr"": 1000.0}"
11502,,WR,,,,,,"{""adp_dd_ppr"": 1000.0}"
5139,,WR,,,,,,"{""adp_dd_ppr"": 1000.0}"
1841,,RB,,,,,,"{""adp_dd_ppr"": 1000.0}"
5590,,WR,,,,,,"{""adp_dd_ppr"": 1000.0}"
7572,,RB,,,,,,"{""adp_dd_ppr"": 1000.0}"
5745,,QB,,,,,,"{""adp_dd_ppr"": 1000.0}"
1817,,WR,,,,,,"{""adp_dd_ppr"": 1000.0}"
5801,,RB,,,,,,"{""adp_dd_ppr"": 1000.0}"
3824,,TE,,,,,,"{""adp_dd_ppr"": 1000.0}"
7904,,RB,,,,,,"{""adp_dd_ppr"": 1000.0}"
12404,,K,,,,,,"{""adp_dd_ppr"": 1000.0}"
8583,,TE,NO,,,,,"{""adp_dd_ppr"": 1000.0}"
14062,,TE,,,,,,"{""adp_dd_ppr"": 1000.0}"
4323,,TE,,,,,,"{""adp_dd_ppr"": 1000.0}"
13343,,WR,ATL,,,,,"{""adp_dd_ppr"": 1000.0}"
1386,,RB,,,,,,"{""adp_dd_ppr"": 1000.0}"
6824,,WR,,,,,,"{""adp_dd_ppr"": 1000.0}"
2817,,WR,,,,,,"{""adp_dd_ppr"": 1000.0}"
2532,,WR,,,,,,"{""adp_dd_ppr"": 1000.0}"
268,,QB,,,,,,"{""adp_dd_ppr"": 1000.0}"
6192,,K,,,,,,"{""adp_dd_ppr"": 1000.0}"
7076,,WR,,,,,,"{""adp_dd_ppr"": 1000.0}"
11159,,WR,,,,,,"{""adp_dd_ppr"": 1000.0}"
4803,,TE,,,,,,"{""adp_dd_ppr"": 1000.0}"
5863,,WR,,,,,,"{""adp_dd_ppr"": 1000.0}"
11260,,FB,CHI,,,,,"{""adp_dd_ppr"": 1000.0}"
13844,,RB,,,,,,"{""adp_dd_ppr"": 1000.0}"
6873,,WR,,,,,,"{""adp_dd_ppr"": 1000.0}"
208,,QB,,,,,,"{""adp_dd_ppr"": 1000.0}"
8560,,QB,,,,,,"{""adp_dd_ppr"": 1000.0}"
12984,,TE,TB,,,,,"{""adp_dd_ppr"": 1000.0}"
7296,,P,,,,,,"{""adp_dd_ppr"": 1000.0}"
1029,,QB,,,,,,"{""adp_dd_ppr"": 1000.0}"
11874,,WR,,,,,,"{""adp_dd_ppr"": 1000.0}"
4344,,WR,,,,,,"{""adp_dd_ppr"": 1000.0}"
12150,,RB,,,,,,"{""adp_dd_ppr"": 1000.0}"
8195,,RB,LAR,,,,,"{""adp_dd_ppr"": 1000.0}"
6892,,QB,,,,,,"{""adp_dd_ppr"": 1000.0}"
13890,,WR,MIN,,,,,"{""adp_dd_ppr"": 1000.0}"
4218,,WR,,,,,,"{""adp_dd_ppr"": 1000.0}"
6178,,RB,,,,,,"{""adp_dd_ppr"": 1000.0}"
12154,,TE,CLE,,,,,"{""adp_dd_ppr"": 1000.0}"
1642,,TE,NYG,,,,,"{""adp_dd_ppr"": 1000.0}"
13597,,QB,LAR,,,,,"{""adp_dd_ppr"": 1000.0}"
8849,,TE,NE,,,,,"{""adp_dd_ppr"": 1000.0}"
8159,,QB,,,,,,"{""adp_dd_ppr"": 1000.0}"
2751,,TE,,,,,,"{""adp_dd_ppr"": 1000.0}"
2938,,WR,,,,,,"{""adp_dd_ppr"": 1000.0}"
4895,,WR,,,,,,"{""adp_dd_ppr"": 1000.0}"
3554,,TE,,,,,,"{""adp_dd_ppr"": 1000.0}"
2152,,QB,,,,,,"{""adp_dd_ppr"": 1000.0}"
8018,,TE,,,,,,"{""adp_dd_ppr"": 1000.0}"
13931,,WR,,,,,,"{""adp_dd_ppr"": 1000.0}"
5392,,QB,,,,,,"{""adp_dd_ppr"": 1000.0}"
868,,TE,,,,,,"{""adp_dd_ppr"": 1000.0}"
11486,,FB,,,,,,"{""adp_dd_ppr"": 1000.0}"
2600,,RB,,,,,,"{""adp_dd_ppr"": 1000.0}"
7190,,RB,,,,,,"{""adp_dd_ppr"": 1000.0}"
13101,,WR,BAL,,,,,"{""adp_dd_ppr"": 1000.0}"
12061,,RB,,,,,,"{""adp_dd_ppr"": 1000.0}"
3582,,WR,,,,,,"{""adp_dd_ppr"": 1000.0}"
5358,,TE,,,,,,"{""adp_dd_ppr"": 1000.0}"
11523,,WR,,,,,,"{""adp_dd_ppr"": 1000.0}"
12212,,TE,,,,,,"{""adp_dd_ppr"": 1000.0}"
8572,,WR,,,,,,"{""adp_dd_ppr"": 1000.0}"
13681,,QB,,,,,,"{""adp_dd_ppr"": 1000.0}"
13941,,WR,,,,,,"{""adp_dd_ppr"": 1000.0}"
6007,,RB,,,,,,"{""adp_dd_ppr"": 1000.0}"
4327,,TE,,,,,,"{""adp_dd_ppr"": 1000.0}"
1287,,K,,,,,,"{""adp_dd_ppr"": 1000.0}"
5210,,WR,,,,,,"{""adp_dd_ppr"": 1000.0}"
3355,,WR,,,,,,"{""adp_dd_ppr"": 1000.0}"
13162,,TE,,,,,,"{""adp_dd_ppr"": 1000.0}"
4365,,FB,,,,,,"{""adp_dd_ppr"": 1000.0}"
2118,,TE,PIT,,,,,"{""adp_dd_ppr"": 1000.0}"
7095,,K,,,,,,"{""adp_dd_ppr"": 1000.0}"
7081,,QB,,,,,,"{""adp_dd_ppr"": 1000.0}"
6755,,WR,,,,,,"{""adp_dd_ppr"": 1000.0}"
6290,,WR,,,,,,"{""adp_dd_ppr"": 1000.0}"
5692,,K,,,,,,"{""adp_dd_ppr"": 1000.0}"
11186,,RB,MIA,,,,,"{""adp_dd_ppr"": 1000.0}"
11583,,RB,CAR,,,,,"{""adp_dd_ppr"": 1000.0}"
13710,,K,,,,,,"{""adp_dd_ppr"": 1000.0}"
7396,,WR,,,,,,"{""adp_dd_ppr"": 1000.0}"
5127,,QB,BUF,,,,,"{""adp_dd_ppr"": 1000.0}"
11447,,TE,,,,,,"{""adp_dd_ppr"": 1000.0}"
5408,,WR,,,,,,"{""adp_dd_ppr"": 1000.0}"
12469,,RB,CLE,,,,,"{""adp_dd_ppr"": 1000.0}"
3020,,TE,,,,,,"{""adp_dd_ppr"": 1000.0}"
2879,,WR,,,,,,"{""adp_dd_ppr"": 1000.0}"
5285,,TE,,,,,,"{""adp_dd_ppr"": 1000.0}"
1603,,TE,,,,,,"{""adp_dd_ppr"": 1000.0}"
2930,,TE,,,,,,"{""adp_dd_ppr"": 1000.0}"
4931,,QB,,,,,,"{""adp_dd_ppr"": 1000.0}"
8697,,WR,,,,,,"{""adp_dd_ppr"": 1000.0}"
13291,,RB,,,,,,"{""adp_dd_ppr"": 1000.0}"
13336,,WR,DEN,,,,,"{""adp_dd_ppr"": 1000.0}"
12933,,TE,,,,,,"{""adp_dd_ppr"": 1000.0}"
4274,,WR,CAR,,,,,"{""adp_dd_ppr"": 1000.0}"
13179,,WR,CAR,,,,,"{""adp_dd_ppr"": 1000.0}"
8217,,RB,,,,,,"{""adp_dd_ppr"": 1000.0}"
6845,,RB,,,,,,"{""adp_dd_ppr"": 1000.0}"
11366,,WR,,,,,,"{""adp_dd_ppr"": 1000.0}"
13834,,TE,NYJ,,,,,"{""adp_dd_ppr"": 1000.0}"
6535,,TE,,,,,,"{""adp_dd_ppr"": 1000.0}"
4305,,RB,,,,,,"{""adp_dd_ppr"": 1000.0}"
246,,RB,,,,,,"{""adp_dd_ppr"": 1000.0}"
178,,QB,,,,,,"{""adp_dd_ppr"": 1000.0}"
8187,,RB,,,,,,"{""adp_dd_ppr"": 1000.0}"
4489,,WR,,,,,,"{""adp_dd_ppr"": 1000.0}"
7603,,WR,,,,,,"{""adp_dd_ppr"": 1000.0}"
7751,,WR,,,,,,"{""adp_dd_ppr"": 1000.0}"
8052,,WR,,,,,,"{""adp_dd_ppr"": 1000.0}"
8731,,WR,,,,,,"{""adp_dd_ppr"": 1000.0}"
5463,,RB,,,,,,"{""adp_dd_ppr"": 1000.0}"
7935,,WR,,,,,,"{""adp_dd_ppr"": 1000.0}"
13297,,WR,ARI,,,,,"{""adp_dd_ppr"": 1000.0}"
6618,,TE,,,,,,"{""adp_dd_ppr"": 1000.0}"
5046,,RB,,,,,,"{""adp_dd_ppr"": 1000.0}"
4621,,TE,,,,,,"{""adp_dd_ppr"": 1000.0}"
1329,,WR,,,,,,"{""adp_dd_ppr"": 1000.0}"
8783,,WR,,,,,,"{""adp_dd_ppr"": 1000.0}"
6728,,TE,,,,,,"{""adp_dd_ppr"": 1000.0}"
5465,,TE,,,,,,"{""adp_dd_ppr"": 1000.0}"
4854,,WR,,,,,,"{""adp_dd_ppr"": 1000.0}"
1601,,RB,,,,,,"{""adp_dd_ppr"": 1000.0}"
2783,,WR,,,,,,"{""adp_dd_ppr"": 1000.0}"
5197,,WR,,,,,,"{""adp_dd_ppr"": 1000.0}"
13120,,WR,,,,,,"{""adp_dd_ppr"": 1000.0}"
11590,,RB,,,,,,"{""adp_dd_ppr"": 1000.0}"
12210,,WR,,,,,,"{""adp_dd_ppr"": 1000.0}"
13577,,TE,DEN,,,,,"{""adp_dd_ppr"": 1000.0}"
13357,,TE,,,,,,"{""adp_dd_ppr"": 1000.0}"
4878,,WR,,,,,,"{""adp_dd_ppr"": 1000.0}"
2040,,TE,,,,,,"{""adp_dd_ppr"": 1000.0}"
5975,,TE,,,,,,"{""adp_dd_ppr"": 1000.0}"
8924,,TE,KC,,,,,"{""adp_dd_ppr"": 1000.0}"
627,,WR,,,,,,"{""adp_dd_ppr"": 1000.0}"
11615,,WR,,,,,,"{""adp_dd_ppr"": 1000.0}"
6705,,RB,,,,,,"{""adp_dd_ppr"": 1000.0}"
11418,,WR,,,,,,"{""adp_dd_ppr"": 1000.0}"
11306,,WR,PHI,,,,,"{""adp_dd_ppr"": 1000.0}"
7554,,TE,,,,,,"{""adp_dd_ppr"": 1000.0}"
12308,,RB,,,,,,"{""adp_dd_ppr"": 1000.0}"
6209,,WR,,,,,,"{""adp_dd_ppr"": 1000.0}"
5974,,QB,,,,,,"{""adp_dd_ppr"": 1000.0}"
14029,,TE,,,,,,"{""adp_dd_ppr"": 1000.0}"
5618,,RB,,,,,,"{""adp_dd_ppr"": 1000.0}"
4515,,WR,,,,,,"{""adp_dd_ppr"": 1000.0}"
2595,,TE,,,,,,"{""adp_dd_ppr"": 1000.0}"
6449,,WR,,,,,,"{""adp_dd_ppr"": 1000.0}"
6156,,RB,,,,,,"{""adp_dd_ppr"": 1000.0}"
4950,,WR,SF,,,,,"{""adp_dd_ppr"": 1000.0}"
3150,,WR,,,,,,"{""adp_dd_ppr"": 1000.0}"
6399,,TE,,,,,,"{""adp_dd_ppr"": 1000.0}"
1777,,TE,,,,,,"{""adp_dd_ppr"": 1000.0}"
7420,,FB,,,,,,"{""adp_dd_ppr"": 1000.0}"
12865,,WR,MIA,,,,,"{""adp_dd_ppr"": 1000.0}"
13316,,WR,TB,,,,,"{""adp_dd_ppr"": 1000.0}"
4004,,TE,,,,,,"{""adp_dd_ppr"": 1000.0}"
284,,TE,,,,,,"{""adp_dd_ppr"": 1000.0}"
13242,,RB,,,,,,"{""adp_dd_ppr"": 1000.0}"
4085,,TE,,,,,,"{""adp_dd_ppr"": 1000.0}"
3621,,WR,,,,,,"{""adp_dd_ppr"": 1000.0}"
3880,,TE,,,,,,"{""adp_dd_ppr"": 1000.0}"
8019,,WR,,,,,,"{""adp_dd_ppr"": 1000.0}"
12169,,WR,,,,,,"{""adp_dd_ppr"": 1000.0}"
12850,,TE,,,,,,"{""adp_dd_ppr"": 1000.0}"
6154,,WR,TB,,,,,"{""adp_dd_ppr"": 1000.0}"
2597,,RB,,,,,,"{""adp_dd_ppr"": 1000.0}"
5886,,TE,,,,,,"{""adp_dd_ppr"": 1000.0}"
5915,,WR,,,,,,"{""adp_dd_ppr"": 1000.0}"
6097,,WR,,,,,,"{""adp_dd_ppr"": 1000.0}"
7158,,QB,,,,,,"{""adp_dd_ppr"": 1000.0}"
6450,,QB,,,,,,"{""adp_dd_ppr"": 1000.0}"
7055,,FB,,,,,,"{""adp_dd_ppr"": 1000.0}"
2004,,WR,,,,,,"{""adp_dd_ppr"": 1000.0}"
2549,,QB,,,,,,"{""adp_dd_ppr"": 1000.0}"
8863,,WR,,,,,,"{""adp_dd_ppr"": 1000.0}"
6365,,TE,,,,,,"{""adp_dd_ppr"": 1000.0}"
2082,,TE,,,,,,"{""adp_dd_ppr"": 1000.0}"
7218,,TE,,,,,,"{""adp_dd_ppr"": 1000.0}"
7589,,QB,,,,,,"{""adp_dd_ppr"": 1000.0}"
6063,,WR,,,,,,"{""adp_dd_ppr"": 1000.0}"
4018,,RB,,,,,,"{""adp_dd_ppr"": 1000.0}"
13227,,WR,,,,,,"{""adp_dd_ppr"": 1000.0}"
2319,,WR,,,,,,"{""adp_dd_ppr"": 1000.0}"
13407,,TE,IND,,,,,"{""adp_dd_ppr"": 1000.0}"
4533,,RB,,,,,,"{""adp_dd_ppr"": 1000.0}"
4721,,WR,,,,,,"{""adp_dd_ppr"": 1000.0}"
8094,,TE,,,,,,"{""adp_dd_ppr"": 1000.0}"
13348,,RB,JAX,,,,,"{""adp_dd_ppr"": 1000.0}"
4229,,TE,,,,,,"{""adp_dd_ppr"": 1000.0}"
11863,,WR,,,,,,"{""adp_dd_ppr"": 1000.0}"
12190,,QB,,,,,,"{""adp_dd_ppr"": 1000.0}"
6438,,WR,,,,,,"{""adp_dd_ppr"": 1000.0}"
7071,,K,,,,,,"{""adp_dd_ppr"": 1000.0}"
2039,,WR,,,,,,"{""adp_dd_ppr"": 1000.0}"
5249,,WR,,,,,,"{""adp_dd_ppr"": 1000.0}"
3008,,P,,,,,,"{""adp_dd_ppr"": 1000.0}"
3548,,WR,,,,,,"{""adp_dd_ppr"": 1000.0}"
7035,,WR,,,,,,"{""adp_dd_ppr"": 1000.0}"
5565,,FB,,,,,,"{""adp_dd_ppr"": 1000.0}"
13205,,TE,,,,,,"{""adp_dd_ppr"": 1000.0}"
2229,,QB,,,,,,"{""adp_dd_ppr"": 1000.0}"
4626,,WR,,,,,,"{""adp_dd_ppr"": 1000.0}"
5796,,WR,,,,,,"{""adp_dd_ppr"": 1000.0}"
5275,,WR,,,,,,"{""adp_dd_ppr"": 1000.0}"
5125,,WR,,,,,,"{""adp_dd_ppr"": 1000.0}"
8101,,TE,,,,,,"{""adp_dd_ppr"": 1000.0}"
3333,,TE,WAS,,,,,"{""adp_dd_ppr"": 1000.0}"
4747,,TE,,,,,,"{""adp_dd_ppr"": 1000.0}"
3297,,WR,,,,,,"{""adp_dd_ppr"": 1000.0}"
5276,,TE,,,,,,"{""adp_dd_ppr"": 1000.0}"
11857,,RB,,,,,,"{""adp_dd_ppr"": 1000.0}"
538,,WR,,,,,,"{""adp_dd_ppr"": 1000.0}"
4197,,WR,,,,,,"{""adp_dd_ppr"": 1000.0}"
5890,,RB,,,,,,"{""adp_dd_ppr"": 1000.0}"
8005,,WR,,,,,,"{""adp_dd_ppr"": 1000.0}"
12187,,TE,,,,,,"{""adp_dd_ppr"": 1000.0}"
8123,,RB,,,,,,"{""adp_dd_ppr"": 1000.0}"
8033,,TE,,,,,,"{""adp_dd_ppr"": 1000.0}"
7961,,K,,,,,,"{""adp_dd_ppr"": 1000.0}"
3161,,QB,MIN,,,,,"{""adp_dd_ppr"": 1000.0}"
5111,,WR,,,,,,"{""adp_dd_ppr"": 1000.0}"
5791,,RB,,,,,,"{""adp_dd_ppr"": 1000.0}"
12705,,QB,HOU,,,,,"{""adp_dd_ppr"": 1000.0}"
13026,,WR,,,,,,"{""adp_dd_ppr"": 1000.0}"
6002,,RB,,,,,,"{""adp_dd_ppr"": 1000.0}"
8602,,WR,,,,,,"{""adp_dd_ppr"": 1000.0}"
11645,,WR,,,,,,"{""adp_dd_ppr"": 1000.0}"
2672,,WR,,,,,,"{""adp_dd_ppr"": 1000.0}"
12860,,WR,LAC,,,,,"{""adp_dd_ppr"": 1000.0}"
223,,WR,,,,,,"{""adp_dd_ppr"": 1000.0}"
331,,QB,,,,,,"{""adp_dd_ppr"": 1000.0}"
11104,,RB,,,,,,"{""adp_dd_ppr"": 1000.0}"
5168,,RB,,,,,,"{""adp_dd_ppr"": 1000.0}"
12688,,QB,,,,,,"{""adp_dd_ppr"": 1000.0}"
4922,,WR,ATL,,,,,"{""adp_dd_ppr"": 1000.0}"
12486,,QB,CLE,,,,,"{""adp_dd_ppr"": 1000.0}"
5831,,WR,,,,,,"{""adp_dd_ppr"": 1000.0}"
11381,,TE,ARI,,,,,"{""adp_dd_ppr"": 1000.0}"
8937,,K,,,,,,"{""adp_dd_ppr"": 1000.0}"
5201,,RB,,,,,,"{""adp_dd_ppr"": 1000.0}"
1559,,QB,,,,,,"{""adp_dd_ppr"": 1000.0}"
7558,,WR,,,,,,"{""adp_dd_ppr"": 1000.0}"
4951,,WR,,,,,,"{""adp_dd_ppr"": 1000.0}"
11483,,RB,,,,,,"{""adp_dd_ppr"": 1000.0}"
120,,K,,,,,,"{""adp_dd_ppr"": 1000.0}"
4786,,WR,,,,,,"{""adp_dd_ppr"": 1000.0}"
5774,,TE,,,,,,"{""adp_dd_ppr"": 1000.0}"
8229,,WR,,,,,,"{""adp_dd_ppr"": 1000.0}"
11562,,QB,NO,,,,,"{""adp_dd_ppr"": 1000.0}"
8230,,RB,NO,,,,,"{""adp_dd_ppr"": 1000.0}"
6011,,QB,ARI,,,,,"{""adp_dd_ppr"": 1000.0}"
5089,,QB,,,,,,"{""adp_dd_ppr"": 1000.0}"
3296,,TE,,,,,,"{""adp_dd_ppr"": 1000.0}"
4453,,WR,,,,,,"{""adp_dd_ppr"": 1000.0}"
12268,,QB,,,,,,"{""adp_dd_ppr"": 1000.0}"
4680,,WR,,,,,,"{""adp_dd_ppr"": 1000.0}"
8732,,WR,,,,,,"{""adp_dd_ppr"": 1000.0}"
3921,,TE,,,,,,"{""adp_dd_ppr"": 1000.0}"
7581,,QB,,,,,,"{""adp_dd_ppr"": 1000.0}"
6136,,QB,DEN,,,,,"{""adp_dd_ppr"": 1000.0}"
13644,,K,,,,,,"{""adp_dd_ppr"": 1000.0}"
4749,,WR,,,,,,"{""adp_dd_ppr"": 1000.0}"
6590,,TE,,,,,,"{""adp_dd_ppr"": 1000.0}"
7173,,WR,,,,,,"{""adp_dd_ppr"": 1000.0}"
13280,,TE,,,,,,"{""adp_dd_ppr"": 1000.0}"
5171,,TE,,,,,,"{""adp_dd_ppr"": 1000.0}"
12494,,QB,MIA,,,,,"{""adp_dd_ppr"": 1000.0}"
8042,,K,,,,,,"{""adp_dd_ppr"": 1000.0}"
13929,,WR,,,,,,"{""adp_dd_ppr"": 1000.0}"
4942,,WR,,,,,,"{""adp_dd_ppr"": 1000.0}"
4146,,WR,,,,,,"{""adp_dd_ppr"": 1000.0}"
11582,,RB,PHI,,,,,"{""adp_dd_ppr"": 1000.0}"
7744,,WR,,,,,,"{""adp_dd_ppr"": 1000.0}"
9489,,WR,LV,,,,,"{""adp_dd_ppr"": 1000.0}"
8559,,TE,,,,,,"{""adp_dd_ppr"": 1000.0}"
5116,,FB,,,,,,"{""adp_dd_ppr"": 1000.0}"
11864,,TE,,,,,,"{""adp_dd_ppr"": 1000.0}"
11573,,RB,BUF,,,,,"{""adp_dd_ppr"": 1000.0}"
5700,,RB,,,,,,"{""adp_dd_ppr"": 1000.0}"
7288,,TE,,,,,,"{""adp_dd_ppr"": 1000.0}"
13066,,K,,,,,,"{""adp_dd_ppr"": 1000.0}"
12725,,TE,,,,,,"{""adp_dd_ppr"": 1000.0}"
12500,,QB,JAX,,,,,"{""adp_dd_ppr"": 1000.0}"
6730,,QB,,,,,,"{""adp_dd_ppr"": 1000.0}"
7395,,WR,,,,,,"{""adp_dd_ppr"": 1000.0}"
8103,,QB,,,,,,"{""adp_dd_ppr"": 1000.0}"
13065,,QB,,,,,,"{""adp_dd_ppr"": 1000.0}"
491,,WR,,,,,,"{""adp_dd_ppr"": 1000.0}"
5154,,WR,BUF,,,,,"{""adp_dd_ppr"": 1000.0}"
3347,,QB,,,,,,"{""adp_dd_ppr"": 1000.0}"
13889,,WR,,,,,,"{""adp_dd_ppr"": 1000.0}"
12520,,WR,TEN,,,,,"{""adp_dd_ppr"": 1000.0}"
13624,,WR,,,,,,"{""adp_dd_ppr"": 1000.0}"
11073,,WR,,,,,,"{""adp_dd_ppr"": 1000.0}"
13477,,WR,CIN,,,,,"{""adp_dd_ppr"": 1000.0}"
6357,,WR,,,,,,"{""adp_dd_ppr"": 1000.0}"
5094,,TE,,,,,,"{""adp_dd_ppr"": 1000.0}"
12479,,RB,,,,,,"{""adp_dd_ppr"": 1000.0}"
5265,,QB,,,,,,"{""adp_dd_ppr"": 1000.0}"
8027,,RB,,,,,,"{""adp_dd_ppr"": 1000.0}"
12484,,WR,HOU,,,,,"{""adp_dd_ppr"": 1000.0}"
8234,,WR,,,,,,"{""adp_dd_ppr"": 1000.0}"
13645,,WR,JAX,,,,,"{""adp_dd_ppr"": 1000.0}"
6074,,TE,,,,,,"{""adp_dd_ppr"": 1000.0}"
13404,,QB,KC,,,,,"{""adp_dd_ppr"": 1000.0}"
2593,,WR,,,,,,"{""adp_dd_ppr"": 1000.0}"
6308,,TE,,,,,,"{""adp_dd_ppr"": 1000.0}"
11815,,WR,,,,,,"{""adp_dd_ppr"": 1000.0}"
4934,,WR,,,,,,"{""adp_dd_ppr"": 1000.0}"
12077,,WR,,,,,,"{""adp_dd_ppr"": 1000.0}"
2093,,WR,,,,,,"{""adp_dd_ppr"": 1000.0}"
7518,,K,,,,,,"{""adp_dd_ppr"": 1000.0}"
11942,,TE,WAS,,,,,"{""adp_dd_ppr"": 1000.0}"
13436,,RB,CIN,,,,,"{""adp_dd_ppr"": 1000.0}"
3336,,TE,,,,,,"{""adp_dd_ppr"": 1000.0}"
391,,K,,,,,,"{""adp_dd_ppr"": 1000.0}"
12750,,K,,,,,,"{""adp_dd_ppr"": 1000.0}"
11347,,WR,,,,,,"{""adp_dd_ppr"": 1000.0}"
11089,,WR,,,,,,"{""adp_dd_ppr"": 1000.0}"
11377,,WR,BUF,,,,,"{""adp_dd_ppr"": 1000.0}"
11184,,WR,,,,,,"{""adp_dd_ppr"": 1000.0}"
7400,,WR,,,,,,"{""adp_dd_ppr"": 1000.0}"
7988,,WR,,,,,,"{""adp_dd_ppr"": 1000.0}"
6322,,WR,,,,,,"{""adp_dd_ppr"": 1000.0}"
8411,,WR,,,,,,"{""adp_dd_ppr"": 1000.0}"
2943,,RB,,,,,,"{""adp_dd_ppr"": 1000.0}"
7992,,TE,,,,,,"{""adp_dd_ppr"": 1000.0}"
8202,,WR,,,,,,"{""adp_dd_ppr"": 1000.0}"
1067,,WR,,,,,,"{""adp_dd_ppr"": 1000.0}"
2381,,WR,,,,,,"{""adp_dd_ppr"": 1000.0}"
4557,,FB,,,,,,"{""adp_dd_ppr"": 1000.0}"
11600,,TE,CAR,,,,,"{""adp_dd_ppr"": 1000.0}"
4475,,QB,,,,,,"{""adp_dd_ppr"": 1000.0}"
2917,,TE,,,,,,"{""adp_dd_ppr"": 1000.0}"
676,,RB,,,,,,"{""adp_dd_ppr"": 1000.0}"
12126,,TE,,,,,,"{""adp_dd_ppr"": 1000.0}"
6553,,RB,,,,,,"{""adp_dd_ppr"": 1000.0}"
5980,,RB,,,,,,"{""adp_dd_ppr"": 1000.0}"
1903,,WR,,,,,,"{""adp_dd_ppr"": 1000.0}"
9230,,QB,PHI,,,,,"{""adp_dd_ppr"": 1000.0}"
5785,,RB,,,,,,"{""adp_dd_ppr"": 1000.0}"
6628,,WR,,,,,,"{""adp_dd_ppr"": 1000.0}"
8665,,TE,,,,,,"{""adp_dd_ppr"": 1000.0}"
10651,,RB,,,,,,"{""adp_dd_ppr"": 1000.0}"
4160,,WR,,,,,,"{""adp_dd_ppr"": 1000.0}"
6269,,QB,,,,,,"{""adp_dd_ppr"": 1000.0}"
2939,,WR,,,,,,"{""adp_dd_ppr"": 1000.0}"
7314,,K,,,,,,"{""adp_dd_ppr"": 1000.0}"
5760,,WR,,,,,,"{""adp_dd_ppr"": 1000.0}"
14018,,RB,,,,,,"{""adp_dd_ppr"": 1000.0}"
5112,,RB,,,,,,"{""adp_dd_ppr"": 1000.0}"
2431,,RB,,,,,,"{""adp_dd_ppr"": 1000.0}"
2752,,WR,,,,,,"{""adp_dd_ppr"": 1000.0}"
5800,,RB,,,,,,"{""adp_dd_ppr"": 1000.0}"
4607,,QB,,,,,,"{""adp_dd_ppr"": 1000.0}"
12363,,WR,,,,,,"{""adp_dd_ppr"": 1000.0}"
13867,,WR,,,,,,"{""adp_dd_ppr"": 1000.0}"
11126,,TE,,,,,,"{""adp_dd_ppr"": 1000.0}"
6453,,WR,IND,,,,,"{""adp_dd_ppr"": 1000.0}"
5587,,RB,,,,,,"{""adp_dd_ppr"": 1000.0}"
5235,,TE,,,,,,"{""adp_dd_ppr"": 1000.0}"
5705,,WR,,,,,,"{""adp_dd_ppr"": 1000.0}"
11607,,WR,,,,,,"{""adp_dd_ppr"": 1000.0}"
11580,,RB,,,,,,"{""adp_dd_ppr"": 1000.0}"
3177,,WR,,,,,,"{""adp_dd_ppr"": 1000.0}"
4537,,RB,,,,,,"{""adp_dd_ppr"": 1000.0}"
5570,,WR,,,,,,"{""adp_dd_ppr"": 1000.0}"
13238,,WR,,,,,,"{""adp_dd_ppr"": 1000.0}"
13731,,K,,,,,,"{""adp_dd_ppr"": 1000.0}"
13210,,TE,GB,,,,,"{""adp_dd_ppr"": 1000.0}"
233,,QB,,,,,,"{""adp_dd_ppr"": 1000.0}"
6446,,RB,,,,,,"{""adp_dd_ppr"": 1000.0}"
6894,,TE,,,,,,"{""adp_dd_ppr"": 1000.0}"
12786,,TE,,,,,,"{""adp_dd_ppr"": 1000.0}"
3440,,QB,,,,,,"{""adp_dd_ppr"": 1000.0}"
4806,,RB,,,,,,"{""adp_dd_ppr"": 1000.0}"
7618,,WR,CAR,,,,,"{""adp_dd_ppr"": 1000.0}"
4610,,WR,,,,,,"{""adp_dd_ppr"": 1000.0}"
5747,,WR,,,,,,"{""adp_dd_ppr"": 1000.0}"
11540,,TE,,,,,,"{""adp_dd_ppr"": 1000.0}"
2922,,TE,,,,,,"{""adp_dd_ppr"": 1000.0}"
6938,,RB,,,,,,"{""adp_dd_ppr"": 1000.0}"
7367,,WR,,,,,,"{""adp_dd_ppr"": 1000.0}"
11080,,WR,,,,,,"{""adp_dd_ppr"": 1000.0}"
7972,,TE,,,,,,"{""adp_dd_ppr"": 1000.0}"
4198,,WR,,,,,,"{""adp_dd_ppr"": 1000.0}"
4938,,WR,,,,,,"{""adp_dd_ppr"": 1000.0}"
6552,,WR,,,,,,"{""adp_dd_ppr"": 1000.0}"
8934,,FB,,,,,,"{""adp_dd_ppr"": 1000.0}"
11821,,WR,,,,,,"{""adp_dd_ppr"": 1000.0}"
3655,,WR,,,,,,"{""adp_dd_ppr"": 1000.0}"
8407,,RB,,,,,,"{""adp_dd_ppr"": 1000.0}"
2800,,WR,,,,,,"{""adp_dd_ppr"": 1000.0}"
7537,,RB,MIN,,,,,"{""adp_dd_ppr"": 1000.0}"
12471,,RB,IND,,,,,"{""adp_dd_ppr"": 1000.0}"
2909,,TE,,,,,,"{""adp_dd_ppr"": 1000.0}"
5889,,RB,,,,,,"{""adp_dd_ppr"": 1000.0}"
2577,,WR,,,,,,"{""adp_dd_ppr"": 1000.0}"
5661,,WR,,,,,,"{""adp_dd_ppr"": 1000.0}"
6439,,TE,,,,,,"{""adp_dd_ppr"": 1000.0}"
8114,,WR,,,,,,"{""adp_dd_ppr"": 1000.0}"
3503,,WR,,,,,,"{""adp_dd_ppr"": 1000.0}"
11621,,WR,,,,,,"{""adp_dd_ppr"": 1000.0}"
6529,,TE,LV,,,,,"{""adp_dd_ppr"": 1000.0}"
11053,,WR,,,,,,"{""adp_dd_ppr"": 1000.0}"
7234,,WR,,,,,,"{""adp_dd_ppr"": 1000.0}"
1848,,RB,,,,,,"{""adp_dd_ppr"": 1000.0}"
12938,,TE,DET,,,,,"{""adp_dd_ppr"": 1000.0}"
7579,,WR,,,,,,"{""adp_dd_ppr"": 1000.0}"
14005,,WR,,,,,,"{""adp_dd_ppr"": 1000.0}"
12029,,WR,,,,,,"{""adp_dd_ppr"": 1000.0}"
7580,,WR,,,,,,"{""adp_dd_ppr"": 1000.0}"
4937,,WR,IND,,,,,"{""adp_dd_ppr"": 1000.0}"
12907,,WR,,,,,,"{""adp_dd_ppr"": 1000.0}"
4328,,WR,,,,,,"{""adp_dd_ppr"": 1000.0}"
947,,WR,,,,,,"{""adp_dd_ppr"": 1000.0}"
6261,,WR,,,,,,"{""adp_dd_ppr"": 1000.0}"
7582,,WR,,,,,,"{""adp_dd_ppr"": 1000.0}"
11762,,WR,IND,,,,,"{""adp_dd_ppr"": 1000.0}"
7602,,TE,TEN,,,,,"{""adp_dd_ppr"": 1000.0}"
12516,,RB,TEN,,,,,"{""adp_dd_ppr"": 1000.0}"
12357,,TE,TEN,,,,,"{""adp_dd_ppr"": 1000.0}"
3668,,TE,NYJ,,,,,"{""adp_dd_ppr"": 1000.0}"
11231,,TE,,,,,,"{""adp_dd_ppr"": 1000.0}"
11130,,WR,,,,,,"{""adp_dd_ppr"": 1000.0}"
3805,,K,,,,,,"{""adp_dd_ppr"": 1000.0}"
6318,,RB,,,,,,"{""adp_dd_ppr"": 1000.0}"
1048,,RB,,,,,,"{""adp_dd_ppr"": 1000.0}"
5010,,TE,,,,,,"{""adp_dd_ppr"": 1000.0}"
6803,,WR,SF,,,,,"{""adp_dd_ppr"": 1000.0}"
14069,,TE,,,,,,"{""adp_dd_ppr"": 1000.0}"
11249,,RB,,,,,,"{""adp_dd_ppr"": 1000.0}"
5407,,RB,,,,,,"{""adp_dd_ppr"": 1000.0}"
6032,,WR,,,,,,"{""adp_dd_ppr"": 1000.0}"
13943,,WR,,,,,,"{""adp_dd_ppr"": 1000.0}"
4730,,TE,,,,,,"{""adp_dd_ppr"": 1000.0}"
11359,,WR,,,,,,"{""adp_dd_ppr"": 1000.0}"
7092,,WR,,,,,,"{""adp_dd_ppr"": 1000.0}"
2916,,WR,,,,,,"{""adp_dd_ppr"": 1000.0}"
12398,,WR,,,,,,"{""adp_dd_ppr"": 1000.0}"
9222,,RB,,,,,,"{""adp_dd_ppr"": 1000.0}"
7576,,TE,,,,,,"{""adp_dd_ppr"": 1000.0}"
14034,,WR,,,,,,"{""adp_dd_ppr"": 1000.0}"
7613,,WR,,,,,,"{""adp_dd_ppr"": 1000.0}"
8222,,WR,,,,,,"{""adp_dd_ppr"": 1000.0}"
13990,,K,,,,,,"{""adp_dd_ppr"": 1000.0}"
2331,,WR,,,,,,"{""adp_dd_ppr"": 1000.0}"
12093,,WR,,,,,,"{""adp_dd_ppr"": 1000.0}"
8193,,QB,,,,,,"{""adp_dd_ppr"": 1000.0}"
13870,,TE,,,,,,"{""adp_dd_ppr"": 1000.0}"
11421,,WR,MIA,,,,,"{""adp_dd_ppr"": 1000.0}"
6778,,QB,,,,,,"{""adp_dd_ppr"": 1000.0}"
7050,,TE,PHI,,,,,"{""adp_dd_ppr"": 1000.0}"
7903,,TE,,,,,,"{""adp_dd_ppr"": 1000.0}"
5395,,RB,,,,,,"{""adp_dd_ppr"": 1000.0}"
8706,,TE,,,,,,"{""adp_dd_ppr"": 1000.0}"
5464,,RB,,,,,,"{""adp_dd_ppr"": 1000.0}"
12009,,QB,,,,,,"{""adp_dd_ppr"": 1000.0}"
11773,,RB,,,,,,"{""adp_dd_ppr"": 1000.0}"
3551,,QB,,,,,,"{""adp_dd_ppr"": 1000.0}"
8249,,TE,DEN,,,,,"{""adp_dd_ppr"": 1000.0}"
13712,,TE,CHI,,,,,"{""adp_dd_ppr"": 1000.0}"
2914,,RB,,,,,,"{""adp_dd_ppr"": 1000.0}"
13345,,RB,DEN,,,,,"{""adp_dd_ppr"": 1000.0}"
6853,,WR,WAS,,,,,"{""adp_dd_ppr"": 1000.0}"
8775,,K,,,,,,"{""adp_dd_ppr"": 1000.0}"
6557,,WR,,,,,,"{""adp_dd_ppr"": 1000.0}"
13293,,WR,BAL,,,,,"{""adp_dd_ppr"": 1000.0}"
11537,,RB,,,,,,"{""adp_dd_ppr"": 1000.0}"
2771,,WR,,,,,,"{""adp_dd_ppr"": 1000.0}"
5239,,QB,,,,,,"{""adp_dd_ppr"": 1000.0}"
3891,,FB,,,,,,"{""adp_dd_ppr"": 1000.0}"
8801,,WR,,,,,,"{""adp_dd_ppr"": 1000.0}"
12954,,RB,,,,,,"{""adp_dd_ppr"": 1000.0}"
8571,,WR,,,,,,"{""adp_dd_ppr"": 1000.0}"
2430,,RB,,,,,,"{""adp_dd_ppr"": 1000.0}"
11943,,RB,,,,,,"{""adp_dd_ppr"": 1000.0}"
6239,,WR,,,,,,"{""adp_dd_ppr"": 1000.0}"
11438,,WR,,,,,,"{""adp_dd_ppr"": 1000.0}"
1308,,FB,,,,,,"{""adp_dd_ppr"": 1000.0}"
5286,,QB,,,,,,"{""adp_dd_ppr"": 1000.0}"
8120,,RB,,,,,,"{""adp_dd_ppr"": 1000.0}"
5752,,RB,,,,,,"{""adp_dd_ppr"": 1000.0}"
6789,,WR,,,,,,"{""adp_dd_ppr"": 1000.0}"
11851,,QB,,,,,,"{""adp_dd_ppr"": 1000.0}"
8670,,K,,,,,,"{""adp_dd_ppr"": 1000.0}"
8235,,WR,,,,,,"{""adp_dd_ppr"": 1000.0}"
13122,,TE,LV,,,,,"{""adp_dd_ppr"": 1000.0}"
2446,,TE,,,,,,"{""adp_dd_ppr"": 1000.0}"
2567,,QB,,,,,,"{""adp_dd_ppr"": 1000.0}"
11528,,WR,,,,,,"{""adp_dd_ppr"": 1000.0}"
11946,,WR,,,,,,"{""adp_dd_ppr"": 1000.0}"
4823,,WR,,,,,,"{""adp_dd_ppr"": 1000.0}"
11388,,QB,,,,,,"{""adp_dd_ppr"": 1000.0}"
9497,,WR,NYG,,,,,"{""adp_dd_ppr"": 1000.0}"
6591,,TE,,,,,,"{""adp_dd_ppr"": 1000.0}"
7175,,WR,,,,,,"{""adp_dd_ppr"": 1000.0}"
9492,,WR,NO,,,,,"{""adp_dd_ppr"": 1000.0}"
4774,,RB,,,,,,"{""adp_dd_ppr"": 1000.0}"
3934,,RB,,,,,,"{""adp_dd_ppr"": 1000.0}"
6665,,TE,,,,,,"{""adp_dd_ppr"": 1000.0}"
12772,,WR,,,,,,"{""adp_dd_ppr"": 1000.0}"
8570,,WR,,,,,,"{""adp_dd_ppr"": 1000.0}"
8122,,RB,ARI,,,,,"{""adp_dd_ppr"": 1000.0}"
5120,,QB,,,,,,"{""adp_dd_ppr"": 1000.0}"
4853,,QB,,,,,,"{""adp_dd_ppr"": 1000.0}"
4536,,TE,,,,,,"{""adp_dd_ppr"": 1000.0}"
4940,,TE,,,,,,"{""adp_dd_ppr"": 1000.0}"
6879,,WR,,,,,,"{""adp_dd_ppr"": 1000.0}"
11508,,TE,DAL,,,,,"{""adp_dd_ppr"": 1000.0}"
5427,,WR,,,,,,"{""adp_dd_ppr"": 1000.0}"
3852,,WR,,,,,,"{""adp_dd_ppr"": 1000.0}"
5240,,FB,,,,,,"{""adp_dd_ppr"": 1000.0}"
2981,,RB,,,,,,"{""adp_dd_ppr"": 1000.0}"
11789,,K,,,,,,"{""adp_dd_ppr"": 1000.0}"
13208,,WR,NO,,,,,"{""adp_dd_ppr"": 1000.0}"
7452,,WR,,,,,,"{""adp_dd_ppr"": 1000.0}"
5252,,RB,,,,,,"{""adp_dd_ppr"": 1000.0}"
11493,,TE,,,,,,"{""adp_dd_ppr"": 1000.0}"
12341,,RB,,,,,,"{""adp_dd_ppr"": 1000.0}"
5246,,TE,,,,,,"{""adp_dd_ppr"": 1000.0}"
13326,,WR,,,,,,"{""adp_dd_ppr"": 1000.0}"
5254,,WR,,,,,,"{""adp_dd_ppr"": 1000.0}"
3348,,WR,,,,,,"{""adp_dd_ppr"": 1000.0}"
6850,,TE,,,,,,"{""adp_dd_ppr"": 1000.0}"
5096,,WR,,,,,,"{""adp_dd_ppr"": 1000.0}"
5823,,K,,,,,,"{""adp_dd_ppr"": 1000.0}"
3811,,RB,,,,,,"{""adp_dd_ppr"": 1000.0}"
7100,,WR,,,,,,"{""adp_dd_ppr"": 1000.0}"
4098,,RB,,,,,,"{""adp_dd_ppr"": 1000.0}"
13402,,WR,BUF,,,,,"{""adp_dd_ppr"": 1000.0}"
8127,,TE,LAC,,,,,"{""adp_dd_ppr"": 1000.0}"
12001,,WR,,,,,,"{""adp_dd_ppr"": 1000.0}"
12883,,TE,,,,,,"{""adp_dd_ppr"": 1000.0}"
12156,,K,,,,,,"{""adp_dd_ppr"": 1000.0}"
3574,,K,,,,,,"{""adp_dd_ppr"": 1000.0}"
5103,,TE,,,,,,"{""adp_dd_ppr"": 1000.0}"
4089,,TE,,,,,,"{""adp_dd_ppr"": 1000.0}"
8760,,TE,,,,,,"{""adp_dd_ppr"": 1000.0}"
2671,,K,,,,,,"{""adp_dd_ppr"": 1000.0}"
8418,,WR,,,,,,"{""adp_dd_ppr"": 1000.0}"
6175,,RB,GB,,,,,"{""adp_dd_ppr"": 1000.0}"
13989,,QB,,,,,,"{""adp_dd_ppr"": 1000.0}"
2390,,TE,,,,,,"{""adp_dd_ppr"": 1000.0}"
2341,,RB,,,,,,"{""adp_dd_ppr"": 1000.0}"
3393,,WR,,,,,,"{""adp_dd_ppr"": 1000.0}"
8888,,WR,,,,,,"{""adp_dd_ppr"": 1000.0}"
4718,,RB,HOU,,,,,"{""adp_dd_ppr"": 1000.0}"
7855,,K,,,,,,"{""adp_dd_ppr"": 1000.0}"
8431,,QB,,,,,,"{""adp_dd_ppr"": 1000.0}"
7559,,WR,CAR,,,,,"{""adp_dd_ppr"": 1000.0}"
11536,,WR,,,,,,"{""adp_dd_ppr"": 1000.0}"
3520,,WR,,,,,,"{""adp_dd_ppr"": 1000.0}"
2588,,RB,,,,,,"{""adp_dd_ppr"": 1000.0}"
6435,,FB,,,,,,"{""adp_dd_ppr"": 1000.0}"
11748,,WR,CLE,,,,,"{""adp_dd_ppr"": 1000.0}"
5744,,WR,NO,,,,,"{""adp_dd_ppr"": 1000.0}"
12412,,RB,,,,,,"{""adp_dd_ppr"": 1000.0}"
8200,,WR,NO,,,,,"{""adp_dd_ppr"": 1000.0}"
886,,RB,,,,,,"{""adp_dd_ppr"": 1000.0}"
13725,,RB,,,,,,"{""adp_dd_ppr"": 1000.0}"
8745,,WR,,,,,,"{""adp_dd_ppr"": 1000.0}"
7319,,WR,,,,,,"{""adp_dd_ppr"": 1000.0}"
8255,,RB,,,,,,"{""adp_dd_ppr"": 1000.0}"
8915,,QB,,,,,,"{""adp_dd_ppr"": 1000.0}"
2639,,WR,,,,,,"{""adp_dd_ppr"": 1000.0}"
8191,,WR,,,,,,"{""adp_dd_ppr"": 1000.0}"
138,,QB,PIT,,,,,"{""adp_dd_ppr"": 1000.0}"
4526,,WR,,,,,,"{""adp_dd_ppr"": 1000.0}"
11924,,QB,,,,,,"{""adp_dd_ppr"": 1000.0}"
3412,,RB,,,,,,"{""adp_dd_ppr"": 1000.0}"
11862,,TE,,,,,,"{""adp_dd_ppr"": 1000.0}"
6617,,WR,,,,,,"{""adp_dd_ppr"": 1000.0}"
6727,,WR,,,,,,"{""adp_dd_ppr"": 1000.0}"
1842,,WR,,,,,,"{""adp_dd_ppr"": 1000.0}"
3204,,RB,,,,,,"{""adp_dd_ppr"": 1000.0}"
8800,,RB,DAL,,,,,"{""adp_dd_ppr"": 1000.0}"
7941,,RB,,,,,,"{""adp_dd_ppr"": 1000.0}"
7337,,WR,,,,,,"{""adp_dd_ppr"": 1000.0}"
14038,,WR,,,,,,"{""adp_dd_ppr"": 1000.0}"
4435,,TE,,,,,,"{""adp_dd_ppr"": 1000.0}"
3332,,FB,,,,,,"{""adp_dd_ppr"": 1000.0}"
12803,,WR,,,,,,"{""adp_dd_ppr"": 1000.0}"
7532,,RB,,,,,,"{""adp_dd_ppr"": 1000.0}"
11558,,QB,WAS,,,,,"{""adp_dd_ppr"": 1000.0}"
8573,,WR,,,,,,"{""adp_dd_ppr"": 1000.0}"
8239,,RB,,,,,,"{""adp_dd_ppr"": 1000.0}"
10863,,WR,,,,,,"{""adp_dd_ppr"": 1000.0}"
11969,,WR,,,,,,"{""adp_dd_ppr"": 1000.0}"
1290,,WR,,,,,,"{""adp_dd_ppr"": 1000.0}"
12743,,WR,,,,,,"{""adp_dd_ppr"": 1000.0}"
12278,,QB,,,,,,"{""adp_dd_ppr"": 1000.0}"
8162,,QB,DAL,,,,,"{""adp_dd_ppr"": 1000.0}"
11560,,QB,CHI,,,,,"{""adp_dd_ppr"": 1000.0}"
8196,,WR,,,,,,"{""adp_dd_ppr"": 1000.0}"
2927,,RB,,,,,,"{""adp_dd_ppr"": 1000.0}"
9490,,WR,LV,,,,,"{""adp_dd_ppr"": 1000.0}"
8149,,RB,,,,,,"{""adp_dd_ppr"": 1000.0}"
2476,,TE,,,,,,"{""adp_dd_ppr"": 1000.0}"
5130,,WR,,,,,,"{""adp_dd_ppr"": 1000.0}"
181,,QB,,,,,,"{""adp_dd_ppr"": 1000.0}"
4349,,RB,NYG,,,,,"{""adp_dd_ppr"": 1000.0}"
3353,,FB,,,,,,"{""adp_dd_ppr"": 1000.0}"
2821,,WR,,,,,,"{""adp_dd_ppr"": 1000.0}"
6798,,WR,MIA,,,,,"{""adp_dd_ppr"": 1000.0}"
4861,,TE,,,,,,"{""adp_dd_ppr"": 1000.0}"
8441,,WR,,,,,,"{""adp_dd_ppr"": 1000.0}"
6593,,WR,,,,,,"{""adp_dd_ppr"": 1000.0}"
6359,,WR,,,,,,"{""adp_dd_ppr"": 1000.0}"
7351,,WR,,,,,,"{""adp_dd_ppr"": 1000.0}"
13698,,WR,,,,,,"{""adp_dd_ppr"": 1000.0}"
2905,,WR,,,,,,"{""adp_dd_ppr"": 1000.0}"
12402,,RB,,,,,,"{""adp_dd_ppr"": 1000.0}"
7455,,WR,,,,,,"{""adp_dd_ppr"": 1000.0}"
8041,,TE,,,,,,"{""adp_dd_ppr"": 1000.0}"
7318,,FB,,,,,,"{""adp_dd_ppr"": 1000.0}"
11989,,RB,,,,,,"{""adp_dd_ppr"": 1000.0}"
2557,,QB,,,,,,"{""adp_dd_ppr"": 1000.0}"
8756,,WR,PIT,,,,,"{""adp_dd_ppr"": 1000.0}"
6036,,WR,,,,,,"{""adp_dd_ppr"": 1000.0}"
6596,,QB,,,,,,"{""adp_dd_ppr"": 1000.0}"
3464,,WR,,,,,,"{""adp_dd_ppr"": 1000.0}"
7546,,WR,,,,,,"{""adp_dd_ppr"": 1000.0}"
2836,,WR,,,,,,"{""adp_dd_ppr"": 1000.0}"
11569,,RB,MIA,,,,,"{""adp_dd_ppr"": 1000.0}"
5401,,WR,,,,,,"{""adp_dd_ppr"": 1000.0}"
12114,,WR,,,,,,"{""adp_dd_ppr"": 1000.0}"
5586,,FB,,,,,,"{""adp_dd_ppr"": 1000.0}"
4805,,WR,,,,,,"{""adp_dd_ppr"": 1000.0}"
11538,,RB,,,,,,"{""adp_dd_ppr"": 1000.0}"
3803,,RB,,,,,,"{""adp_dd_ppr"": 1000.0}"
7079,,RB,,,,,,"{""adp_dd_ppr"": 1000.0}"
5709,,QB,,,,,,"{""adp_dd_ppr"": 1000.0}"
7015,,TE,,,,,,"{""adp_dd_ppr"": 1000.0}"
12097,,WR,,,,,,"{""adp_dd_ppr"": 1000.0}"
11716,,TE,ARI,,,,,"{""adp_dd_ppr"": 1000.0}"
6753,,RB,,,,,,"{""adp_dd_ppr"": 1000.0}"
6763,,WR,,,,,,"{""adp_dd_ppr"": 1000.0}"
12166,,RB,,,,,,"{""adp_dd_ppr"": 1000.0}"
6443,,QB,,,,,,"{""adp_dd_ppr"": 1000.0}"
503,,K,,,,,,"{""adp_dd_ppr"": 1000.0}"
8102,,TE,,,,,,"{""adp_dd_ppr"": 1000.0}"
5113,,WR,,,,,,"{""adp_dd_ppr"": 1000.0}"
13862,,WR,HOU,,,,,"{""adp_dd_ppr"": 1000.0}"
11197,,TE,,,,,,"{""adp_dd_ppr"": 1000.0}"
8813,,WR,,,,,,"{""adp_dd_ppr"": 1000.0}"
8421,,WR,,,,,,"{""adp_dd_ppr"": 1000.0}"
2570,,WR,,,,,,"{""adp_dd_ppr"": 1000.0}"
3570,,RB,,,,,,"{""adp_dd_ppr"": 1000.0}"
3827,,K,,,,,,"{""adp_dd_ppr"": 1000.0}"
12551,,TE,,,,,,"{""adp_dd_ppr"": 1000.0}"
11850,,WR,,,,,,"{""adp_dd_ppr"": 1000.0}"
6822,,QB,,,,,,"{""adp_dd_ppr"": 1000.0}"
11419,,WR,,,,,,"{""adp_dd_ppr"": 1000.0}"
8892,,WR,,,,,,"{""adp_dd_ppr"": 1000.0}"
8140,,WR,,,,,,"{""adp_dd_ppr"": 1000.0}"
11024,,WR,,,,,,"{""adp_dd_ppr"": 1000.0}"
3362,,QB,,,,,,"{""adp_dd_ppr"": 1000.0}"
13022,,RB,,,,,,"{""adp_dd_ppr"": 1000.0}"
4588,,QB,,,,,,"{""adp_dd_ppr"": 1000.0}"
4683,,QB,BAL,,,,,"{""adp_dd_ppr"": 1000.0}"
13842,,K,,,,,,"{""adp_dd_ppr"": 1000.0}"
7309,,WR,,,,,,"{""adp_dd_ppr"": 1000.0}"
6155,,WR,,,,,,"{""adp_dd_ppr"": 1000.0}"
13222,,WR,,,,,,"{""adp_dd_ppr"": 1000.0}"
1223,,TE,,,,,,"{""adp_dd_ppr"": 1000.0}"
3460,,K,,,,,,"{""adp_dd_ppr"": 1000.0}"
333,,QB,,,,,,"{""adp_dd_ppr"": 1000.0}"
12746,,WR,CHI,,,,,"{""adp_dd_ppr"": 1000.0}"
12443,,TE,,,,,,"{""adp_dd_ppr"": 1000.0}"
11413,,RB,,,,,,"{""adp_dd_ppr"": 1000.0}"
5230,,K,,,,,,"{""adp_dd_ppr"": 1000.0}"
1425,,TE,,,,,,"{""adp_dd_ppr"": 1000.0}"
5918,,RB,,,,,,"{""adp_dd_ppr"": 1000.0}"
8242,,RB,,,,,,"{""adp_dd_ppr"": 1000.0}"
1232,,RB,,,,,,"{""adp_dd_ppr"": 1000.0}"
5145,,FB,,,,,,"{""adp_dd_ppr"": 1000.0}"
3199,,WR,,,,,,"{""adp_dd_ppr"": 1000.0}"
2818,,P,,,,,,"{""adp_dd_ppr"": 1000.0}"
13351,,WR,,,,,,"{""adp_dd_ppr"": 1000.0}"
7085,,WR,,,,,,"{""adp_dd_ppr"": 1000.0}"
8707,,RB,,,,,,"{""adp_dd_ppr"": 1000.0}"
4186,,RB,,,,,,"{""adp_dd_ppr"": 1000.0}"
14021,,RB,,,,,,"{""adp_dd_ppr"": 1000.0}"
4972,,QB,PIT,,,,,"{""adp_dd_ppr"": 1000.0}"
12026,,RB,,,,,,"{""adp_dd_ppr"": 1000.0}"
13153,,WR,,,,,,"{""adp_dd_ppr"": 1000.0}"
11105,,WR,,,,,,"{""adp_dd_ppr"": 1000.0}"
8021,,WR,,,,,,"{""adp_dd_ppr"": 1000.0}"
3078,,WR,,,,,,"{""adp_dd_ppr"": 1000.0}"
312,,WR,,,,,,"{""adp_dd_ppr"": 1000.0}"
7227,,RB,,,,,,"{""adp_dd_ppr"": 1000.0}"
9227,,RB,DAL,,,,,"{""adp_dd_ppr"": 1000.0}"
11222,,RB,,,,,,"{""adp_dd_ppr"": 1000.0}"
13831,,RB,,,,,,"{""adp_dd_ppr"": 1000.0}"
6592,,RB,,,,,,"{""adp_dd_ppr"": 1000.0}"
12237,,TE,,,,,,"{""adp_dd_ppr"": 1000.0}"
6834,,TE,,,,,,"{""adp_dd_ppr"": 1000.0}"
3380,,WR,,,,,,"{""adp_dd_ppr"": 1000.0}"
8577,,K,,,,,,"{""adp_dd_ppr"": 1000.0}"
8185,,WR,,,,,,"{""adp_dd_ppr"": 1000.0}"
6384,,WR,,,,,,"{""adp_dd_ppr"": 1000.0}"
11113,,TE,TEN,,,,,"{""adp_dd_ppr"": 1000.0}"
12133,,WR,,,,,,"{""adp_dd_ppr"": 1000.0}"
1652,,WR,,,,,,"{""adp_dd_ppr"": 1000.0}"
5924,,WR,,,,,,"{""adp_dd_ppr"": 1000.0}"
2931,,WR,,,,,,"{""adp_dd_ppr"": 1000.0}"
5273,,RB,,,,,,"{""adp_dd_ppr"": 1000.0}"
7481,,TE,,,,,,"{""adp_dd_ppr"": 1000.0}"
5228,,QB,,,,,,"{""adp_dd_ppr"": 1000.0}"
3465,,TE,,,,,,"{""adp_dd_ppr"": 1000.0}"
12892,,WR,,,,,,"{""adp_dd_ppr"": 1000.0}"
2753,,WR,,,,,,"{""adp_dd_ppr"": 1000.0}"
13996,,RB,,,,,,"{""adp_dd_ppr"": 1000.0}"
6202,,FB,,,,,,"{""adp_dd_ppr"": 1000.0}"
2412,,WR,,,,,,"{""adp_dd_ppr"": 1000.0}"
2932,,TE,,,,,,"{""adp_dd_ppr"": 1000.0}"
2312,,WR,,,,,,"{""adp_dd_ppr"": 1000.0}"
6805,,WR,,,,,,"{""adp_dd_ppr"": 1000.0}"
7733,,TE,,,,,,"{""adp_dd_ppr"": 1000.0}"
13930,,RB,,,,,,"{""adp_dd_ppr"": 1000.0}"
9502,,WR,HOU,,,,,"{""adp_dd_ppr"": 1000.0}"
110,,K,,,,,,"{""adp_dd_ppr"": 1000.0}"
11456,,WR,,,,,,"{""adp_dd_ppr"": 1000.0}"
5397,,K,,,,,,"{""adp_dd_ppr"": 1000.0}"
8199,,QB,,,,,,"{""adp_dd_ppr"": 1000.0}"
13014,,TE,,,,,,"{""adp_dd_ppr"": 1000.0}"
11886,,WR,,,,,,"{""adp_dd_ppr"": 1000.0}"
8178,,WR,,,,,,"{""adp_dd_ppr"": 1000.0}"
3969,,RB,,,,,,"{""adp_dd_ppr"": 1000.0}"
11932,,QB,,,,,,"{""adp_dd_ppr"": 1000.0}"
12975,,TE,,,,,,"{""adp_dd_ppr"": 1000.0}"
5612,,WR,,,,,,"{""adp_dd_ppr"": 1000.0}"
12340,,TE,,,,,,"{""adp_dd_ppr"": 1000.0}"
11378,,RB,,,,,,"{""adp_dd_ppr"": 1000.0}"
6047,,WR,,,,,,"{""adp_dd_ppr"": 1000.0}"
3515,,WR,,,,,,"{""adp_dd_ppr"": 1000.0}"
8214,,TE,MIA,,,,,"{""adp_dd_ppr"": 1000.0}"
13145,,RB,,,,,,"{""adp_dd_ppr"": 1000.0}"
8039,,TE,,,,,,"{""adp_dd_ppr"": 1000.0}"
4815,,WR,,,,,,"{""adp_dd_ppr"": 1000.0}"
4149,,RB,,,,,,"{""adp_dd_ppr"": 1000.0}"
2214,,TE,,,,,,"{""adp_dd_ppr"": 1000.0}"
4464,,QB,JAX,,,,,"{""adp_dd_ppr"": 1000.0}"
13011,,WR,LAR,,,,,"{""adp_dd_ppr"": 1000.0}"
5310,,WR,,,,,,"{""adp_dd_ppr"": 1000.0}"
2044,,WR,,,,,,"{""adp_dd_ppr"": 1000.0}"
4768,,TE,,,,,,"{""adp_dd_ppr"": 1000.0}"
8139,,RB,NO,,,,,"{""adp_dd_ppr"": 1000.0}"
11588,,RB,HOU,,,,,"{""adp_dd_ppr"": 1000.0}"
902,,WR,,,,,,"{""adp_dd_ppr"": 1000.0}"
7098,,RB,,,,,,"{""adp_dd_ppr"": 1000.0}"
8632,,WR,,,,,,"{""adp_dd_ppr"": 1000.0}"
7809,,RB,,,,,,"{""adp_dd_ppr"": 1000.0}"
3890,,K,,,,,,"{""adp_dd_ppr"": 1000.0}"
13630,,TE,LAC,,,,,"{""adp_dd_ppr"": 1000.0}"
13778,,RB,,,,,,"{""adp_dd_ppr"": 1000.0}"
12510,,QB,SEA,,,,,"{""adp_dd_ppr"": 1000.0}"
13772,,TE,,,,,,"{""adp_dd_ppr"": 1000.0}"
14085,,WR,,,,,,"{""adp_dd_ppr"": 1000.0}"
8579,,QB,,,,,,"{""adp_dd_ppr"": 1000.0}"
2422,,TE,,,,,,"{""adp_dd_ppr"": 1000.0}"
11963,,RB,LV,,,,,"{""adp_dd_ppr"": 1000.0}"
13327,,RB,,,,,,"{""adp_dd_ppr"": 1000.0}"
1426,,WR,,,,,,"{""adp_dd_ppr"": 1000.0}"
3614,,WR,,,,,,"{""adp_dd_ppr"": 1000.0}"
12218,,RB,,,,,,"{""adp_dd_ppr"": 1000.0}"
11114,,RB,,,,,,"{""adp_dd_ppr"": 1000.0}"
5220,,RB,,,,,,"{""adp_dd_ppr"": 1000.0}"
4651,,RB,,,,,,"{""adp_dd_ppr"": 1000.0}"
12045,,TE,WAS,,,,,"{""adp_dd_ppr"": 1000.0}"
13191,,WR,,,,,,"{""adp_dd_ppr"": 1000.0}"
4807,,TE,,,,,,"{""adp_dd_ppr"": 1000.0}"
6451,,TE,CHI,,,,,"{""adp_dd_ppr"": 1000.0}"
6151,,RB,,,,,,"{""adp_dd_ppr"": 1000.0}"
12670,,WR,LAC,,,,,"{""adp_dd_ppr"": 1000.0}"
4750,,WR,,,,,,"{""adp_dd_ppr"": 1000.0}"
11431,,RB,,,,,,"{""adp_dd_ppr"": 1000.0}"
5236,,WR,,,,,,"{""adp_dd_ppr"": 1000.0}"
7943,,TE,,,,,,"{""adp_dd_ppr"": 1000.0}"
13306,,QB,CLE,,,,,"{""adp_dd_ppr"": 1000.0}"
13034,,WR,,,,,,"{""adp_dd_ppr"": 1000.0}"
4996,,QB,,,,,,"{""adp_dd_ppr"": 1000.0}"
11256,,QB,CHI,,,,,"{""adp_dd_ppr"": 1000.0}"
4958,,K,,,,,,"{""adp_dd_ppr"": 1000.0}"
13770,,WR,GB,,,,,"{""adp_dd_ppr"": 1000.0}"
6148,,WR,,,,,,"{""adp_dd_ppr"": 1000.0}"
5961,,RB,,,,,,"{""adp_dd_ppr"": 1000.0}"
3584,,WR,,,,,,"{""adp_dd_ppr"": 1000.0}"
11568,,RB,,,,,,"{""adp_dd_ppr"": 1000.0}"
13702,,WR,,,,,,"{""adp_dd_ppr"": 1000.0}"
12851,,TE,,,,,,"{""adp_dd_ppr"": 1000.0}"
11911,,WR,MIN,,,,,"{""adp_dd_ppr"": 1000.0}"
1433,,K,,,,,,"{""adp_dd_ppr"": 1000.0}"
4490,,TE,CAR,,,,,"{""adp_dd_ppr"": 1000.0}"
13161,,WR,,,,,,"{""adp_dd_ppr"": 1000.0}"
2937,,WR,,,,,,"{""adp_dd_ppr"": 1000.0}"
2802,,K,,,,,,"{""adp_dd_ppr"": 1000.0}"
289,,QB,,,,,,"{""adp_dd_ppr"": 1000.0}"
9499,,WR,,,,,,"{""adp_dd_ppr"": 1000.0}"
6311,,RB,,,,,,"{""adp_dd_ppr"": 1000.0}"
2947,,TE,,,,,,"{""adp_dd_ppr"": 1000.0}"
3391,,RB,,,,,,"{""adp_dd_ppr"": 1000.0}"
1262,,QB,,,,,,"{""adp_dd_ppr"": 1000.0}"
8891,,WR,,,,,,"{""adp_dd_ppr"": 1000.0}"
7404,,TE,,,,,,"{""adp_dd_ppr"": 1000.0}"
12135,,TE,,,,,,"{""adp_dd_ppr"": 1000.0}"
13435,,TE,CLE,,,,,"{""adp_dd_ppr"": 1000.0}"
4150,,RB,,,,,,"{""adp_dd_ppr"": 1000.0}"
8085,,RB,,,,,,"{""adp_dd_ppr"": 1000.0}"
2996,,TE,,,,,,"{""adp_dd_ppr"": 1000.0}"
13158,,TE,,,,,,"{""adp_dd_ppr"": 1000.0}"
7865,,WR,PIT,,,,,"{""adp_dd_ppr"": 1000.0}"
11092,,K,,,,,,"{""adp_dd_ppr"": 1000.0}"
3780,,RB,,,,,,"{""adp_dd_ppr"": 1000.0}"
4384,,TE,,,,,,"{""adp_dd_ppr"": 1000.0}"
3280,,RB,,,,,,"{""adp_dd_ppr"": 1000.0}"
6989,,WR,,,,,,"{""adp_dd_ppr"": 1000.0}"
9498,,WR,,,,,,"{""adp_dd_ppr"": 1000.0}"
13661,,TE,,,,,,"{""adp_dd_ppr"": 1000.0}"
8436,,WR,,,,,,"{""adp_dd_ppr"": 1000.0}"
5850,,RB,GB,,,,,"{""adp_dd_ppr"": 1000.0}"
5804,,WR,,,,,,"{""adp_dd_ppr"": 1000.0}"
9753,,RB,SEA,,,,,"{""adp_dd_ppr"": 1000.0}"
2838,,WR,,,,,,"{""adp_dd_ppr"": 1000.0}"
12267,,WR,CHI,,,,,"{""adp_dd_ppr"": 1000.0}"
899,,K,,,,,,"{""adp_dd_ppr"": 1000.0}"
2502,,WR,,,,,,"{""adp_dd_ppr"": 1000.0}"
7864,,TE,,,,,,"{""adp_dd_ppr"": 1000.0}"
11065,,QB,,,,,,"{""adp_dd_ppr"": 1000.0}"
5880,,WR,,,,,,"{""adp_dd_ppr"": 1000.0}"
2933,,RB,,,,,,"{""adp_dd_ppr"": 1000.0}"
13685,,QB,,,,,,"{""adp_dd_ppr"": 1000.0}"
7527,,QB,SF,,,,,"{""adp_dd_ppr"": 1000.0}"
6293,,RB,,,,,,"{""adp_dd_ppr"": 1000.0}"
5560,,FB,,,,,,"{""adp_dd_ppr"": 1000.0}"
2768,,RB,,,,,,"{""adp_dd_ppr"": 1000.0}"
13806,,TE,,,,,,"{""adp_dd_ppr"": 1000.0}"
12421,,WR,,,,,,"{""adp_dd_ppr"": 1000.0}"
11452,,WR,,,,,,"{""adp_dd_ppr"": 1000.0}"
13350,,QB,BAL,,,,,"{""adp_dd_ppr"": 1000.0}"
9505,,RB,,,,,,"{""adp_dd_ppr"": 1000.0}"
862,,QB,,,,,,"{""adp_dd_ppr"": 1000.0}"
13818,,WR,,,,,,"{""adp_dd_ppr"": 1000.0}"
2892,,RB,,,,,,"{""adp_dd_ppr"": 1000.0}"
6208,,K,,,,,,"{""adp_dd_ppr"": 1000.0}"
2168,,RB,,,,,,"{""adp_dd_ppr"": 1000.0}"
2545,,TE,,,,,,"{""adp_dd_ppr"": 1000.0}"
4623,,RB,,,,,,"{""adp_dd_ppr"": 1000.0}"
7157,,QB,,,,,,"{""adp_dd_ppr"": 1000.0}"
13289,,QB,PIT,,,,,"{""adp_dd_ppr"": 1000.0}"
6126,,TE,,,,,,"{""adp_dd_ppr"": 1000.0}"
7082,,TE,,,,,,"{""adp_dd_ppr"": 1000.0}"
12826,,RB,,,,,,"{""adp_dd_ppr"": 1000.0}"
11566,,QB,WAS,,,,,"{""adp_dd_ppr"": 1000.0}"
4319,,WR,,,,,,"{""adp_dd_ppr"": 1000.0}"
7617,,K,,,,,,"{""adp_dd_ppr"": 1000.0}"
6298,,FB,,,,,,"{""adp_dd_ppr"": 1000.0}"
13251,,TE,,,,,,"{""adp_dd_ppr"": 1000.0}"
2569,,QB,,,,,,"{""adp_dd_ppr"": 1000.0}"
2920,,WR,,,,,,"{""adp_dd_ppr"": 1000.0}"
1916,,WR,,,,,,"{""adp_dd_ppr"": 1000.0}"
5984,,WR,,,,,,"{""adp_dd_ppr"": 1000.0}"
7394,,WR,,,,,,"{""adp_dd_ppr"": 1000.0}"
5468,,TE,,,,,,"{""adp_dd_ppr"": 1000.0}"
9495,,WR,,,,,,"{""adp_dd_ppr"": 1000.0}"
13314,,QB,DET,,,,,"{""adp_dd_ppr"": 1000.0}"
10860,,WR,,,,,,"{""adp_dd_ppr"": 1000.0}"
1312,,WR,,,,,,"{""adp_dd_ppr"": 1000.0}"
2460,,TE,,,,,,"{""adp_dd_ppr"": 1000.0}"
8429,,QB,,,,,,"{""adp_dd_ppr"": 1000.0}"
7368,,WR,,,,,,"{""adp_dd_ppr"": 1000.0}"
2560,,RB,,,,,,"{""adp_dd_ppr"": 1000.0}"
8176,,WR,,,,,,"{""adp_dd_ppr"": 1000.0}"
4520,,WR,,,,,,"{""adp_dd_ppr"": 1000.0}"
1971,,WR,,,,,,"{""adp_dd_ppr"": 1000.0}"
6088,,WR,,,,,,"{""adp_dd_ppr"": 1000.0}"
5255,,WR,,,,,,"{""adp_dd_ppr"": 1000.0}"
12395,,WR,,,,,,"{""adp_dd_ppr"": 1000.0}"
6181,,TE,,,,,,"{""adp_dd_ppr"": 1000.0}"
4036,,WR,,,,,,"{""adp_dd_ppr"": 1000.0}"
13827,,TE,NE,,,,,"{""adp_dd_ppr"": 1000.0}"
5806,,QB,,,,,,"{""adp_dd_ppr"": 1000.0}"
8439,,WR,,,,,,"{""adp_dd_ppr"": 1000.0}"
11467,,TE,,,,,,"{""adp_dd_ppr"": 1000.0}"
7131,,TE,,,,,,"{""adp_dd_ppr"": 1000.0}"
13602,,QB,ATL,,,,,"{""adp_dd_ppr"": 1000.0}"
12324,,QB,,,,,,"{""adp_dd_ppr"": 1000.0}"
12788,,WR,MIA,,,,,"{""adp_dd_ppr"": 1000.0}"
13708,,WR,,,,,,"{""adp_dd_ppr"": 1000.0}"
13768,,RB,,,,,,"{""adp_dd_ppr"": 1000.0}"
5245,,TE,,,,,,"{""adp_dd_ppr"": 1000.0}"
7340,,WR,,,,,,"{""adp_dd_ppr"": 1000.0}"
13617,,WR,,,,,,"{""adp_dd_ppr"": 1000.0}"
11506,,WR,NO,,,,,"{""adp_dd_ppr"": 1000.0}"
4029,,RB,,,,,,"{""adp_dd_ppr"": 1000.0}"
12797,,RB,CAR,,,,,"{""adp_dd_ppr"": 1000.0}"
13813,,K,,,,,,"{""adp_dd_ppr"": 1000.0}"
7890,,WR,,,,,,"{""adp_dd_ppr"": 1000.0}"
13750,,RB,,,,,,"{""adp_dd_ppr"": 1000.0}"
5374,,WR,,,,,,"{""adp_dd_ppr"": 1000.0}"
11619,,WR,,,,,,"{""adp_dd_ppr"": 1000.0}"
11982,,WR,,,,,,"{""adp_dd_ppr"": 1000.0}"
7574,,RB,,,,,,"{""adp_dd_ppr"": 1000.0}"
4033,,TE,LAC,,,,,"{""adp_dd_ppr"": 1000.0}"
13621,,WR,MIN,,,,,"{""adp_dd_ppr"": 1000.0}"
4152,,RB,,,,,,"{""adp_dd_ppr"": 1000.0}"
12799,,WR,,,,,,"{""adp_dd_ppr"": 1000.0}"
3497,,TE,,,,,,"{""adp_dd_ppr"": 1000.0}"
4595,,WR,,,,,,"{""adp_dd_ppr"": 1000.0}"
4360,,WR,,,,,,"{""adp_dd_ppr"": 1000.0}"
4670,,WR,,,,,,"{""adp_dd_ppr"": 1000.0}"
13873,,RB,,,,,,"{""adp_dd_ppr"": 1000.0}"
13861,,WR,HOU,,,,,"{""adp_dd_ppr"": 1000.0}"
13777,,TE,,,,,,"{""adp_dd_ppr"": 1000.0}"
9491,,WR,,,,,,"{""adp_dd_ppr"": 1000.0}"
14082,,RB,,,,,,"{""adp_dd_ppr"": 1000.0}"
7502,,TE,,,,,,"{""adp_dd_ppr"": 1000.0}"
7464,,RB,,,,,,"{""adp_dd_ppr"": 1000.0}"
2582,,QB,,,,,,"{""adp_dd_ppr"": 1000.0}"
7549,,RB,,,,,,"{""adp_dd_ppr"": 1000.0}"
13783,,WR,,,,,,"{""adp_dd_ppr"": 1000.0}"
13663,,WR,SF,,,,,"{""adp_dd_ppr"": 1000.0}"
12361,,QB,,,,,,"{""adp_dd_ppr"": 1000.0}"
12889,,WR,ATL,,,,,"{""adp_dd_ppr"": 1000.0}"
12256,,TE,,,,,,"{""adp_dd_ppr"": 1000.0}"
7233,,WR,,,,,,"{""adp_dd_ppr"": 1000.0}"
587,,TE,,,,,,"{""adp_dd_ppr"": 1000.0}"
7985,,TE,,,,,,"{""adp_dd_ppr"": 1000.0}"
6960,,WR,NYJ,,,,,"{""adp_dd_ppr"": 1000.0}"
1215,,WR,,,,,,"{""adp_dd_ppr"": 1000.0}"
4252,,WR,,,,,,"{""adp_dd_ppr"": 1000.0}"
3300,,RB,,,,,,"{""adp_dd_ppr"": 1000.0}"
7334,,WR,,,,,,"{""adp_dd_ppr"": 1000.0}"
3917,,WR,,,,,,"{""adp_dd_ppr"": 1000.0}"
11245,,TE,,,,,,"{""adp_dd_ppr"": 1000.0}"
8885,,TE,,,,,,"{""adp_dd_ppr"": 1000.0}"
13981,,WR,DEN,,,,,"{""adp_dd_ppr"": 1000.0}"
6549,,WR,,,,,,"{""adp_dd_ppr"": 1000.0}"
3895,,WR,,,,,,"{""adp_dd_ppr"": 1000.0}"
3354,,FB,,,,,,"{""adp_dd_ppr"": 1000.0}"
11640,,WR,,,,,,"{""adp_dd_ppr"": 1000.0}"
13541,,WR,HOU,,,,,"{""adp_dd_ppr"": 1000.0}"
11284,,WR,,,,,,"{""adp_dd_ppr"": 1000.0}"
13913,,TE,LV,,,,,"{""adp_dd_ppr"": 1000.0}"
12738,,RB,NYG,,,,,"{""adp_dd_ppr"": 1000.0}"
6387,,WR,,,,,,"{""adp_dd_ppr"": 1000.0}"
3402,,RB,,,,,,"{""adp_dd_ppr"": 1000.0}"
9496,,WR,,,,,,"{""adp_dd_ppr"": 1000.0}"
4139,,WR,,,,,,"{""adp_dd_ppr"": 1000.0}"
7217,,WR,,,,,,"{""adp_dd_ppr"": 1000.0}"
7475,,RB,,,,,,"{""adp_dd_ppr"": 1000.0}"
3596,,TE,,,,,,"{""adp_dd_ppr"": 1000.0}"
11070,,WR,,,,,,"{""adp_dd_ppr"": 1000.0}"
6468,,WR,,,,,,"{""adp_dd_ppr"": 1000.0}"
8155,,RB,NYJ,,,,,"{""adp_dd_ppr"": 1000.0}"
8175,,WR,,,,,,"{""adp_dd_ppr"": 1000.0}"
2934,,WR,,,,,,"{""adp_dd_ppr"": 1000.0}"
6814,,WR,,,,,,"{""adp_dd_ppr"": 1000.0}"
6939,,WR,,,,,,"{""adp_dd_ppr"": 1000.0}"
7172,,RB,,,,,,"{""adp_dd_ppr"": 1000.0}"
13879,,TE,ARI,,,,,"{""adp_dd_ppr"": 1000.0}"
12760,,WR,,,,,,"{""adp_dd_ppr"": 1000.0}"
4320,,WR,,,,,,"{""adp_dd_ppr"": 1000.0}"
13437,,RB,HOU,,,,,"{""adp_dd_ppr"": 1000.0}"
2576,,QB,,,,,,"{""adp_dd_ppr"": 1000.0}"
2870,,TE,,,,,,"{""adp_dd_ppr"": 1000.0}"
3893,,WR,,,,,,"{""adp_dd_ppr"": 1000.0}"
4411,,WR,,,,,,"{""adp_dd_ppr"": 1000.0}"
12935,,WR,,,,,,"{""adp_dd_ppr"": 1000.0}"
11913,,WR,,,,,,"{""adp_dd_ppr"": 1000.0}"
6992,,RB,DET,,,,,"{""adp_dd_ppr"": 1000.0}"
12972,,WR,,,,,,"{""adp_dd_ppr"": 1000.0}"
2325,,WR,,,,,,"{""adp_dd_ppr"": 1000.0}"
1567,,WR,,,,,,"{""adp_dd_ppr"": 1000.0}"
5597,,QB,,,,,,"{""adp_dd_ppr"": 1000.0}"
7135,,WR,,,,,,"{""adp_dd_ppr"": 1000.0}"
4731,,FB,,,,,,"{""adp_dd_ppr"": 1000.0}"
6139,,TE,,,,,,"{""adp_dd_ppr"": 1000.0}"
7401,,WR,,,,,,"{""adp_dd_ppr"": 1000.0}"
3630,,WR,,,,,,"{""adp_dd_ppr"": 1000.0}"
12762,,QB,,,,,,"{""adp_dd_ppr"": 1000.0}"
13949,,RB,GB,,,,,"{""adp_dd_ppr"": 1000.0}"
14064,,RB,,,,,,"{""adp_dd_ppr"": 1000.0}"
2730,,RB,,,,,,"{""adp_dd_ppr"": 1000.0}"
7868,,FB,CAR,,,,,"{""adp_dd_ppr"": 1000.0}"
11174,,FB,,,,,,"{""adp_dd_ppr"": 1000.0}"
2962,,WR,,,,,,"{""adp_dd_ppr"": 1000.0}"
5638,,WR,CHI,,,,,"{""adp_dd_ppr"": 1000.0}"
8038,,TE,,,,,,"{""adp_dd_ppr"": 1000.0}"
12433,,QB,,,,,,"{""adp_dd_ppr"": 1000.0}"
13125,,RB,,,,,,"{""adp_dd_ppr"": 1000.0}"
4647,,TE,,,,,,"{""adp_dd_ppr"": 1000.0}"
8166,,WR,,,,,,"{""adp_dd_ppr"": 1000.0}"
13005,,TE,,,,,,"{""adp_dd_ppr"": 1000.0}"
5278,,RB,,,,,,"{""adp_dd_ppr"": 1000.0}"
11962,,WR,,,,,,"{""adp_dd_ppr"": 1000.0}"
7560,,RB,,,,,,"{""adp_dd_ppr"": 1000.0}"
13194,,WR,,,,,,"{""adp_dd_ppr"": 1000.0}"
3306,,RB,,,,,,"{""adp_dd_ppr"": 1000.0}"
13312,,TE,,,,,,"{""adp_dd_ppr"": 1000.0}"
8581,,WR,,,,,,"{""adp_dd_ppr"": 1000.0}"
4779,,WR,,,,,,"{""adp_dd_ppr"": 1000.0}"
8840,,TE,,,,,,"{""adp_dd_ppr"": 1000.0}"
7545,,WR,,,,,,"{""adp_dd_ppr"": 1000.0}"
5873,,WR,,,,,,"{""adp_dd_ppr"": 1000.0}"
4494,,WR,,,,,,"{""adp_dd_ppr"": 1000.0}"
7424,,RB,,,,,,"{""adp_dd_ppr"": 1000.0}"
5124,,QB,,,,,,"{""adp_dd_ppr"": 1000.0}"
4741,,TE,,,,,,"{""adp_dd_ppr"": 1000.0}"
7080,,WR,,,,,,"{""adp_dd_ppr"": 1000.0}"
6713,,WR,,,,,,"{""adp_dd_ppr"": 1000.0}"
11415,,TE,,,,,,"{""adp_dd_ppr"": 1000.0}"
12074,,WR,,,,,,"{""adp_dd_ppr"": 1000.0}"
13143,,WR,,,,,,"{""adp_dd_ppr"": 1000.0}"
6913,,WR,,,,,,"{""adp_dd_ppr"": 1000.0}"
12129,,WR,,,,,,"{""adp_dd_ppr"": 1000.0}"
11820,,TE,TB,,,,,"{""adp_dd_ppr"": 1000.0}"
3443,,FB,,,,,,"{""adp_dd_ppr"": 1000.0}"
13743,,WR,,,,,,"{""adp_dd_ppr"": 1000.0}"
5000,,RB,,,,,,"{""adp_dd_ppr"": 1000.0}"
4727,,WR,,,,,,"{""adp_dd_ppr"": 1000.0}"
8757,,TE,,,,,,"{""adp_dd_ppr"": 1000.0}"
7741,,RB,,,,,,"{""adp_dd_ppr"": 1000.0}"
11115,,WR,,,,,,"{""adp_dd_ppr"": 1000.0}"
4998,,WR,,,,,,"{""adp_dd_ppr"": 1000.0}"
7808,,FB,,,,,,"{""adp_dd_ppr"": 1000.0}"
5241,,WR,,,,,,"{""adp_dd_ppr"": 1000.0}"
5460,,K,,,,,,"{""adp_dd_ppr"": 1000.0}"
2602,,WR,,,,,,"{""adp_dd_ppr"": 1000.0}"
4936,,QB,SEA,,,,,"{""adp_dd_ppr"": 1000.0}"
7091,,WR,,,,,,"{""adp_dd_ppr"": 1000.0}"
9759,,WR,,,,,,"{""adp_dd_ppr"": 1000.0}"
2334,,WR,LV,,,,,"{""adp_dd_ppr"": 1000.0}"
1987,,WR,,,,,,"{""adp_dd_ppr"": 1000.0}"
12189,,WR,,,,,,"{""adp_dd_ppr"": 1000.0}"
11192,,WR,,,,,,"{""adp_dd_ppr"": 1000.0}"
3957,,QB,,,,,,"{""adp_dd_ppr"": 1000.0}"
8876,,WR,,,,,,"{""adp_dd_ppr"": 1000.0}"
12515,,RB,,,,,,"{""adp_dd_ppr"": 1000.0}"
6233,,TE,,,,,,"{""adp_dd_ppr"": 1000.0}"
11530,,WR,,,,,,"{""adp_dd_ppr"": 1000.0}"
10216,,RB,,,,,,"{""adp_dd_ppr"": 1000.0}"
7062,,K,,,,,,"{""adp_dd_ppr"": 1000.0}"
12859,,RB,,,,,,"{""adp_dd_ppr"": 1000.0}"
2910,,WR,,,,,,"{""adp_dd_ppr"": 1000.0}"
6231,,QB,,,,,,"{""adp_dd_ppr"": 1000.0}"
4917,,RB,,,,,,"{""adp_dd_ppr"": 1000.0}"
3309,,RB,WAS,,,,,"{""adp_dd_ppr"": 1000.0}"
3242,,RB,,,,,,"{""adp_dd_ppr"": 1000.0}"
8721,,RB,,,,,,"{""adp_dd_ppr"": 1000.0}"
5697,,RB,,,,,,"{""adp_dd_ppr"": 1000.0}"
13412,,WR,DET,,,,,"{""adp_dd_ppr"": 1000.0}"
4787,,WR,,,,,,"{""adp_dd_ppr"": 1000.0}"
6700,,RB,,,,,,"{""adp_dd_ppr"": 1000.0}"
7152,,K,,,,,,"{""adp_dd_ppr"": 1000.0}"
6832,,WR,,,,,,"{""adp_dd_ppr"": 1000.0}"
7038,,RB,,,,,,"{""adp_dd_ppr"": 1000.0}"
4401,,WR,,,,,,"{""adp_dd_ppr"": 1000.0}"
11283,,RB,,,,,,"{""adp_dd_ppr"": 1000.0}"
6372,,RB,,,,,,"{""adp_dd_ppr"": 1000.0}"
8058,,RB,,,,,,"{""adp_dd_ppr"": 1000.0}"
1077,,WR,,,,,,"{""adp_dd_ppr"": 1000.0}"
3371,,RB,,,,,,"{""adp_dd_ppr"": 1000.0}"
2251,,TE,,,,,,"{""adp_dd_ppr"": 1000.0}"
4234,,WR,,,,,,"{""adp_dd_ppr"": 1000.0}"
11223,,WR,,,,,,"{""adp_dd_ppr"": 1000.0}"
4504,,RB,,,,,,"{""adp_dd_ppr"": 1000.0}"
5385,,TE,,,,,,"{""adp_dd_ppr"": 1000.0}"
663,,TE,,,,,,"{""adp_dd_ppr"": 1000.0}"
4910,,WR,,,,,,"{""adp_dd_ppr"": 1000.0}"
6744,,WR,,,,,,"{""adp_dd_ppr"": 1000.0}"
